id,SMILES,canon_SMILES,specific_rotation,specific_rotation_computed,weights,weights_signed
15406,COC(=O)[C@@H]1OC(C)(C)O[C@H]1C(=O)OC,COC(=O)[C@@H]1OC(C)(C)O[C@H]1C(=O)OC,-36.0,-195.98,218.205,-218.205
79778,C[C@@H]1CCCN1,C[C@@H]1CCCN1,-32.1,-82.08,85.15,-85.15
81750,[H][C@](C)(O)[C@@]1([H])O[C@]2([H])OC(C)(C)O[C@]2([H])[C@H]1O,C[C@@H](O)[C@H]1O[C@@H]2OC(C)(C)O[C@@H]2[C@H]1O,-10.43,-4.54,204.222,-204.222
83472,[H][C@]12O[C@]3([H])[C@@H](C)OC(C)(C)O[C@]3([H])[C@@]1([H])OC(C)(C)O2,C[C@H]1OC(C)(C)O[C@@H]2[C@H]3OC(C)(C)O[C@H]3O[C@@H]21,34.43,106.66,244.28699999999995,244.28699999999995
83899,COC1=C(OC)C=C2[C@H](C)NCCC2=C1,COc1cc2c(cc1OC)[C@H](C)NCC2,-45.4,-212.51,207.273,-207.273
84221,COC1=C(OC)C=C2[C@H](C)N(C)CCC2=C1,COc1cc2c(cc1OC)[C@H](C)N(C)CC2,-27.5,13.37,221.29999999999995,221.29999999999995
84655,COC(=O)[C@@H]1C[C@@H](O)CN1C(C)=O,COC(=O)[C@@H]1C[C@@H](O)CN1C(C)=O,-89.9,-56.18,187.195,-187.195
84954,C[C@@H]1OC=C[C@H](OC(C)=O)[C@H]1OC(C)=O,CC(=O)O[C@H]1[C@H](C)OC=C[C@@H]1OC(C)=O,65.0,-33.28,214.217,-214.217
85031,CC(=O)O[C@@H]1COC=C[C@@H]1OC(C)=O,CC(=O)O[C@H]1C=COC[C@H]1OC(C)=O,200.0,-146.21,200.19,-200.19
85171,[H][C@]1(COC(C)(C)O1)[C@]1([H])OC(C)(C)O[C@H]1C=O,CC1(C)O[C@@H]([C@@H]2COC(C)(C)O2)[C@H](C=O)O1,10.0,93.72,230.26,230.26
88579,OC(=O)[C@@H]1CCCN1C(=O)OCC1=CC=CC=C1,O=C(O)[C@@H]1CCCN1C(=O)OCc1ccccc1,-105.3,-38.28,249.266,-249.266
1237942,C[C@H]1OC(=O)CCC1=O,C[C@H]1OC(=O)CCC1=O,277.0,254.69,128.12699999999998,128.12699999999998
1280129,[H][C@]1(C)CCCO1,C[C@H]1CCCO1,19.5,143.21,86.134,86.134
1280146,C[C@@H]1CC[C@@H](C)O1,C[C@@H]1CC[C@@H](C)O1,-30.3,-121.24,100.161,-100.161
1306064,CO[C@@H]1O[C@H](CO)[C@@H](O)[C@H]1OC,CO[C@@H]1O[C@H](CO)[C@@H](O)[C@H]1OC,-39.9,39.83,178.184,178.184
1310260,[H][C@@](O)(C(=O)CO)[C@@]1([H])COC(C)(C)O1,CC1(C)OC[C@H]([C@H](O)C(=O)CO)O1,-30.1,209.96,190.195,190.195
1344287,C[C@@H]1[C@H](OC1=O)C1=CC=C(Cl)C=C1,C[C@H]1C(=O)O[C@@H]1c1ccc(Cl)cc1,25.5,-15.31,196.633,-196.633
1345025,[H][C@]12CCCC[C@@]1([H])NC1=C(C2)C=CC=C1,c1ccc2c(c1)C[C@H]1CCCC[C@H]1N2,26.6,-10.1,187.286,-187.286
1345099,[H][C@]1(O[C@@]1([H])C1=CC=CC=C1)C(=O)C1=CC=CC=C1,O=C(c1ccccc1)[C@@H]1O[C@H]1c1ccccc1,-204.0,-101.51,224.259,-224.259
1361916,CCCC[C@H]1O[C@@H]1CCCC,CCCC[C@H]1O[C@@H]1CCCC,26.7,130.4,156.26899999999998,156.26899999999998
1423051,CC(C)=CCC[C@]1(C)O[C@H]1CO,CC(C)=CCC[C@]1(C)O[C@H]1CO,-2.1,-107.16,170.252,-170.252
1428230,CO[C@H]1O[C@H](C)C(=O)[C@H]2OC(C)(C)O[C@@H]12,CO[C@H]1O[C@H](C)C(=O)[C@H]2OC(C)(C)O[C@@H]12,65.4,254.56,216.233,216.233
1464743,[H][C@@]1(CO)CCCN1C(=O)OCC1=CC=CC=C1,O=C(OCc1ccccc1)N1CCC[C@H]1CO,-40.1,78.35,235.28299999999996,235.28299999999996
1621057,O=C1C[C@@H](C2=CC=CC=C2)C2=CC=CC=C2O1,O=C1C[C@@H](c2ccccc2)c2ccccc2O1,55.7,295.4,224.259,224.259
1624200,[H][C@@]12[C@H]3OC(=O)[C@@H](C)[C@@H]3CCC(C)=C1C(=O)C=C2C,CC1=CC(=O)C2=C(C)CC[C@@H]3[C@H](OC(=O)[C@H]3C)[C@@H]12,61.7,-71.6,246.306,-246.306
1652900,CC(=O)O[C@@H]1C=CO[C@H](CN=N#N)[C@H]1OC(C)=O,CC(=O)O[C@H]1[C@H](OC(C)=O)C=CO[C@@H]1CN=[N+]=[N-],-46.0,337.74,255.23,255.23
1680160,[H][C@@]12CC[C@H](CCCC)N1[C@H](C)CCC2,CCCC[C@H]1CC[C@H]2CCC[C@@H](C)N21,-35.5,1.32,195.35,195.35
1718809,[H][C@](C)(CC)CO,CC[C@H](C)CO,-1.7,-23.68,88.14999999999999,-88.14999999999999
1718955,[H][C@@](C)(CO)C(C)C,CC(C)[C@H](C)CO,4.35,83.35,102.177,102.177
1719281,[H][C@@](CC)(CO)CCCC,CCCC[C@H](CC)CO,1.75,44.85,130.231,130.231
1719324,[H][C@](C)(O)CCCCCC,CCCCCC[C@@H](C)O,-9.4,-53.55,130.231,-130.231
1719329,[H][C@@](C)(Cl)CCCCCC,CCCCCC[C@H](C)Cl,34.6,-70.25,148.677,-148.677
1720889,[H][C@](C)(CC)C(=O)OCC,CCOC(=O)[C@@H](C)CC,24.5,42.98,130.18699999999998,130.18699999999998
1720989,[H][C@](C)(CC=C)C(O)=O,C=CC[C@H](C)C(=O)O,9.6,63.52,114.14399999999998,114.14399999999998
1723417,[H][C@@](O)(CCCCCCC)CC(O)=O,CCCCCCC[C@@H](O)CC(=O)O,-16.4,-51.15,188.267,-188.267
1723731,[H][C@@](O)(CCCCCCC)CC(=O)OC,CCCCCCC[C@@H](O)CC(=O)OC,-17.35,24.41,202.294,202.294
1934136,[H][C@](C)(C(O)=O)[C@]([H])(O)CCCCCC,CCCCCC[C@@H](O)[C@@H](C)C(=O)O,5.0,-40.48,188.267,-188.267
1962763,[H][C@@](NC(=O)OC(C)(C)C)(C(O)=O)C(C)(C)C,CC(C)(C)OC(=O)N[C@H](C(=O)O)C(C)(C)C,-2.8,1.4,231.292,231.292
1967907,[H][C@@]12C[C@H](O)C(=C)[C@]1(O)[C@@]1([H])C(C)(C)CC[C@@]1(C)C2,C=C1[C@@H](O)C[C@H]2C[C@]3(C)CCC(C)(C)[C@@H]3[C@@]12O,40.8,-61.75,236.355,-236.355
2038251,C[C@H]1CCC(=O)C1,C[C@H]1CCC(=O)C1,-10.8,-218.82,98.145,-98.145
2038599,O[C@@H]1CCCC=C1,O[C@H]1C=CCCC1,11.55,-108.58,98.145,-98.145
2039797,[H][C@@](C)(O)C1=CC=CC=C1,C[C@H](O)c1ccccc1,-23.6,-72.49,122.16699999999996,-122.16699999999996
2040677,CC1=CC=C(C=C1)[S@@](C)=O,Cc1ccc([S@@](C)=O)cc1,127.0,360.05,154.234,154.234
2042028,[H][C@@](C)(O)C1=CC=C(Cl)C=C1,C[C@H](O)c1ccc(Cl)cc1,-33.3,-70.24,156.612,-156.612
2042396,[H][C@@](C)(O)C1=CC2=C(C=CC=C2)C=C1,C[C@H](O)c1ccc2ccccc2c1,-21.9,-15.62,172.22699999999998,-172.22699999999998
2042986,[H][C@](O)(C(C)C)C1=CC=CC=C1,CC(C)[C@H](O)c1ccccc1,-26.07,-46.63,150.22099999999998,-150.22099999999998
2047702,C[C@@H]1CCC2=C(C=CC=C2)[C@@H]1O,C[C@@H]1CCc2ccccc2[C@@H]1O,65.83,105.11,162.23199999999997,162.23199999999997
2047993,C[C@H]1CCC2=C1C[C@@H](CC[C@@H]2C)C(C)(C)O,C[C@H]1CC[C@@H](C(C)(C)O)CC2=C1CC[C@@H]2C,-22.0,-46.21,222.37199999999996,-222.37199999999996
2048296,[H][C@](O)(C1CCCCC1)C1=CC=CC=C1,O[C@H](c1ccccc1)C1CCCCC1,-20.92,-43.15,190.28599999999992,-190.28599999999992
2049261,[H][C@]1(CC(=O)C2=CC=CC=C12)C1=CC=CC=C1,O=C1C[C@@H](c2ccccc2)c2ccccc21,64.9,194.57,208.26,208.26
2050108,[H][C@]1(O)C2=CC=CC=C2C[C@@]1([H])C1=CC=CC=C1,O[C@H]1c2ccccc2C[C@H]1c1ccccc1,105.71,243.89,210.276,210.276
2050827,CC(=O)\C=C\[C@@]1(O)C(C)=CC(=O)CC1(C)C,CC(=O)/C=C/[C@@]1(O)C(C)=CC(=O)CC1(C)C,221.6,140.09,222.284,222.284
2208227,OC[C@H]1C[C@@H]1C1=CC=CC=C1,OC[C@H]1C[C@@H]1c1ccccc1,73.75,178.92,148.20499999999998,148.20499999999998
2251978,CC(C)[C@@](O)(CO)C1=CC=CC=C1,CC(C)[C@@](O)(CO)c1ccccc1,-19.0,68.32,180.247,180.247
2323323,C[C@H]1CCCC(=O)C1,C[C@H]1CCCC(=O)C1,-9.7,-16.01,112.172,-112.172
2323817,O=C1CC[C@@H]2CC[C@H]12,O=C1CC[C@@H]2CC[C@H]12,329.0,398.11,110.156,110.156
2324133,O[C@@H]1CCCCCC=C1,O[C@H]1C=CCCCCC1,6.4,317.84,126.199,126.199
2326819,CC[C@@](O)(CO)C1=CC=CC=C1,CC[C@@](O)(CO)c1ccccc1,-2.0,49.86,166.22,166.22
2329658,[H][C@@](O)(C1=CC=CC=C1)C1=CC=C(C)C=C1,Cc1ccc([C@H](O)c2ccccc2)cc1,16.35,338.47,198.265,198.265
2330153,[H][C@@](O)(C1CCCCC1)C1=CC=C(C)C=C1,Cc1ccc([C@H](O)C2CCCCC2)cc1,28.0,45.99,204.313,204.313
2331265,O[C@@H]1[C@@H](CCC2=C1C=CC=C2)C1=CC=CC=C1,O[C@H]1c2ccccc2CC[C@H]1c1ccccc1,162.0,53.58,224.303,224.303
2365204,[H][C@@]12C[C@@H](CCC(C)=C1CC[C@@H]2C)C(C)(C)O,CC1=C2CC[C@H](C)[C@@H]2C[C@H](C(C)(C)O)CC1,2.0,0.76,222.372,222.372
2408992,[H][C@@](N)(C#N)C(C)C,CC(C)[C@H](N)C#N,-8.3,-38.78,98.149,-98.149
2413051,CC[S@@](=O)C1=CC=C(C)C=C1,CC[S@@](=O)c1ccc(C)cc1,145.0,467.11,168.261,168.261
2416152,C[C@H]([C@@H](O)C1=CC=CC=C1)N(=O)=O,C[C@H]([C@@H](O)c1ccccc1)[N+](=O)[O-],1.1,-32.81,181.191,-181.191
2416728,[H][C@](O)(C1=CC=C(Cl)C=C1)[C@@]([H])(C)N(=O)=O,C[C@H]([C@@H](O)c1ccc(Cl)cc1)[N+](=O)[O-],3.7,-18.0,215.636,-215.636
2418567,[H][C@](O)(C1=C(OC)C=CC=C1)[C@@]([H])(C)N(=O)=O,COc1ccccc1[C@H](O)[C@@H](C)[N+](=O)[O-],0.9,129.14,211.217,211.217
2444570,CC(C)[C@H]1CC[C@H](C)C[C@@H]1OC(N)=S,CC(C)[C@H]1CC[C@H](C)C[C@@H]1OC(N)=S,98.2,165.37,215.362,215.362
2500176,[H][C@@](C)(CO)C1=CC=CC=C1,C[C@H](CO)c1ccccc1,-10.2,-47.81,136.194,-136.194
2523675,CC1(C)CCC[C@@]1(C)C1=CC=C(CO)C=C1,CC1(C)CCC[C@@]1(C)c1ccc(CO)cc1,-89.0,122.0,218.34,218.34
2554147,[H][C@@](CC)(CO)C1=CC=CC=C1,CC[C@H](CO)c1ccccc1,-6.5,58.51,150.22099999999998,150.22099999999998
2554409,C[C@@](O)(CO)C1=CC=CC=C1,C[C@@](O)(CO)c1ccccc1,6.0,22.34,152.19299999999998,152.19299999999998
2554415,[H][C@@](C)(O)C1=CC=C(OC)C=C1,COc1ccc([C@H](C)O)cc1,-8.15,20.38,152.19299999999998,152.19299999999998
2555977,O[C@H]1CCCC[C@@H]1SC1=CC=CC=C1,O[C@H]1CCCC[C@@H]1Sc1ccccc1,61.0,316.84,208.326,208.326
2562645,O[C@@H]1[C@H](CC2=CC=CC=C2)CCC2=CC=CC=C12,O[C@H]1c2ccccc2CC[C@H]1Cc1ccccc1,83.73,49.82,238.33,238.33
2612996,C[C@]1(C[C@H]1C=O)C1=CC=CC=C1,C[C@@]1(c2ccccc2)C[C@H]1C=O,-114.3,72.52,160.21599999999998,160.21599999999998
2615578,[H][C@](C)(CC(=O)CC(C)C)C1=CC=C(C)C=C1,Cc1ccc([C@@H](C)CC(=O)CC(C)C)cc1,30.3,68.74,218.34,218.34
2616742,COC(=O)[C@@]1(Br)C[C@H]1C1=CC=CC=C1,COC(=O)[C@@]1(Br)C[C@H]1c1ccccc1,-115.9,-107.88,255.111,-255.111
2690704,CC(C)[C@@H]1CC[C@@H](C)C[C@H]1C(O)=O,CC(C)[C@@H]1CC[C@@H](C)C[C@H]1C(=O)O,-1.35,-55.45,184.279,-184.279
2693607,[H][C@@](C)(CCCCCC)OC(=O)C1=CC=CC=C1,CCCCCC[C@@H](C)OC(=O)c1ccccc1,-33.0,-57.08,234.339,-234.339
2802804,[H][C@@](CO)(CC1=CC=CC=C1)N(C)C,CN(C)[C@H](CO)Cc1ccccc1,-17.0,36.19,179.263,179.263
2937193,[H][C@]1(CC(C)=O)[C@@]([H])(CC(=O)OC)C1(C)C,COC(=O)C[C@@H]1[C@H](CC(C)=O)C1(C)C,-21.7,110.44,198.262,198.262
2976336,COC(=O)[C@](C)(N)CC1=CC=C2C=CC=CC2=C1,COC(=O)[C@](C)(N)Cc1ccc2ccccc2c1,-30.3,-317.83,243.30600000000004,-243.30600000000004
3118129,O[C@@H]1CCCC[C@H]1NC1=CC=CC=C1,O[C@@H]1CCCC[C@H]1Nc1ccccc1,-72.7,-260.18,191.27400000000003,-191.27400000000003
3126377,CC1(C)[C@@H](CC(O)=O)CCC1=C,C=C1CC[C@H](CC(=O)O)C1(C)C,1.69,64.99,168.23599999999996,168.23599999999996
3126390,[H][C@](C)(CCCC(C)C)C1=CC=C(C)C=C1,Cc1ccc([C@@H](C)CCCC(C)C)cc1,25.2,26.75,204.357,204.357
3126437,CC1(C)[C@@H]2CC[C@@]1(C)[C@@](O)(CC#C)C2,C#CC[C@@]1(O)C[C@H]2CC[C@]1(C)C2(C)C,-3.6,7.98,192.302,192.302
3138117,[H][C@@](CO)(CC1=CC=CC=C1)NCC1=CC=CC=C1,OC[C@H](Cc1ccccc1)NCc1ccccc1,-23.8,-233.86,241.334,-241.334
3193875,[H][C@](C)(O)C1CCCCC1,C[C@@H](O)C1CCCCC1,-2.7,-54.69,128.215,-128.215
3195575,[H][C@](O)(CC=C)C1=CC=CC=C1,C=CC[C@H](O)c1ccccc1,-17.1,-118.31,148.20499999999998,-148.20499999999998
3195628,[H][C@@](C)(Br)CC1=CC=CC=C1,C[C@H](Br)Cc1ccccc1,16.3,6.73,199.09100000000004,199.09100000000004
3196267,CC1(C)[C@@H]2CC[C@@]1(C)[C@@](O)(CC=C)C2,C=CC[C@@]1(O)C[C@H]2CC[C@]1(C)C2(C)C,9.6,85.53,194.318,194.318
3196449,OC(=O)[C@@H]1C[C@H]2C[C@@H]1C=C2,O=C(O)[C@@H]1C[C@@H]2C=C[C@H]1C2,134.0,123.84,138.16599999999997,138.16599999999997
3196464,[H][C@@](C)(O)C1=C(OC)C=CC=C1,COc1ccccc1[C@H](C)O,-14.1,-139.43,152.19299999999998,-152.19299999999998
3196954,[H][C@@](O)(CC)CCC1=CC=CC=C1,CC[C@@H](O)CCc1ccccc1,-23.45,-133.65,164.24800000000002,-164.24800000000002
3198944,[H][C@@](C)(N(C)C)[C@@]([H])(O)C1=CC=CC=C1,C[C@@H]([C@@H](O)c1ccccc1)N(C)C,45.3,37.88,179.26299999999998,179.26299999999998
3202124,[H][C@@](O)(C1=CC=CC=C1)C1=CC=CC2=C1C=CC=C2,O[C@H](c1ccccc1)c1cccc2ccccc12,40.32,184.58,234.298,234.298
3202444,[H][C@](O)(C1=CC=CC=C1)C1=CC=C(OC)C=C1,COc1ccc([C@@H](O)c2ccccc2)cc1,-6.43,443.46,214.264,214.264
3204824,[H][C@](C)(OC1=CC=C(Cl)C=C1)C(=O)OCC,CCOC(=O)[C@@H](C)Oc1ccc(Cl)cc1,32.6,156.52,228.675,228.675
3537186,C[C@@H](O)C1=NC=CC=C1,C[C@@H](O)c1ccccn1,19.5,38.26,123.15499999999996,123.15499999999996
3538362,C[C@@H](CCO)CC\C=C(/C)CCC=C(C)C,CC(C)=CCC/C(C)=C/CC[C@@H](C)CCO,-26.4,-418.81,224.38799999999995,-224.38799999999995
3542667,CC(C)(C)OC(=O)N1CCC[C@H]1CO,CC(C)(C)OC(=O)N1CCC[C@H]1CO,-36.8,-10.9,201.266,-201.266
3545149,CC1(C)OC[C@H](O1)[C@@H](CO)N=N#N,CC1(C)OC[C@@H]([C@@H](CO)N=[N+]=[N-])O1,10.2,74.37,187.199,187.199
3549668,COC(=O)[C@@H]1CCCN1C(=O)OC(C)(C)C,COC(=O)[C@@H]1CCCN1C(=O)OC(C)(C)C,-54.3,-58.95,229.276,-229.276
3552683,O=C1C[C@@H](CC2=CC=C3OCOC3=C2)CO1,O=C1C[C@@H](Cc2ccc3c(c2)OCO3)CO1,46.8,-125.08,220.224,-220.224
3587898,C[C@H](O)C1=CC=CO1,C[C@H](O)c1ccco1,-7.69,56.4,112.12799999999996,112.12799999999996
3588145,CC1(C)OC[C@@H](O1)[C@@H]1O[C@H]1CO,CC1(C)OC[C@H]([C@@H]2O[C@H]2CO)O1,-19.5,-57.44,174.19599999999997,-174.19599999999997
3588203,C[C@H](CO[Si](C)(C)C(C)(C)C)C=O,C[C@@H](C=O)CO[Si](C)(C)C(C)(C)C,-33.5,-197.01,202.37,-202.37
3588594,C1CN[C@H](C1)C1=CC=CC=C1,c1ccc([C@H]2CCCN2)cc1,64.30000000000001,89.23,147.221,147.221
3588749,CCCCC[C@H](O)C1=CC=CO1,CCCCC[C@H](O)c1ccco1,-10.7,115.91,168.236,168.236
3588754,CC[C@H](O)C1=CC=CC=C1OC,CC[C@H](O)c1ccccc1OC,-14.4,-58.31,166.21999999999997,-166.21999999999997
3589112,CCC(=O)C[C@@H](C)C1=CC=CC=C1,CCC(=O)C[C@@H](C)c1ccccc1,-40.0,-173.53,176.259,-176.259
3589405,O[C@H](C1CCCCC1)C1=CC=CO1,O[C@@H](c1ccco1)C1CCCCC1,15.5,166.12,180.24699999999996,180.24699999999996
3591067,COC1=CC2=C(C=C1)C=C(C=C2)[C@H](C)C(O)=O,COc1ccc2cc([C@H](C)C(=O)O)ccc2c1,61.1,-16.69,230.263,-230.263
3591296,CC(C)(C)OC(=O)N[C@@H](CC1=CC=CC=C1)C=O,CC(C)(C)OC(=O)N[C@H](C=O)Cc1ccccc1,41.6,52.53,249.31,249.31
3591420,CC(C)(C)OC(=O)N1CCC[C@H]1\C=C/CO,CC(C)(C)OC(=O)N1CCC[C@H]1/C=C\CO,43.7,69.01,227.304,227.304
3592912,CC(=O)OC[C@H]1O[C@H](CC=C)C=C[C@@H]1OC(C)=O,C=CC[C@@H]1C=C[C@H](OC(C)=O)[C@@H](COC(C)=O)O1,78.9,184.88,254.28199999999995,254.28199999999995
3601189,OC[C@@H]1O[C@H]1C1CCCCC1,OC[C@@H]1O[C@H]1C1CCCCC1,-25.6,-105.29,156.22499999999997,-156.22499999999997
3601898,CO[C@@H](CC=C)C[C@H](O)CO,C=CC[C@@H](C[C@H](O)CO)OC,65.0,195.06,160.213,160.213
3603779,[H][C@@](Cl)(CO)CC1=CC=CC=C1,OC[C@@H](Cl)Cc1ccccc1,-18.2,-44.18,170.639,-170.639
3606512,C[C@@H](CC(=O)C=C(C)C)C1=CC=C(C)C=C1,CC(C)=CC(=O)C[C@H](C)c1ccc(C)cc1,60.3,325.41,216.324,216.324
3614875,O=C[C@@H]1CCCN1C(=O)OCC1=CC=CC=C1,O=C[C@@H]1CCCN1C(=O)OCc1ccccc1,-24.0,-219.3,233.267,-233.267
3647990,BrC[C@@H]1CCCO1,BrC[C@@H]1CCCO1,-9.4,-169.37,165.02999999999997,-165.02999999999997
3647994,C[C@@H]1CNCCN1,C[C@@H]1CNCCN1,-17.0,-11.1,100.165,-100.165
3648625,O[C@H](CC=C)C1CCCCC1,C=CC[C@@H](O)C1CCCCC1,2.9,-94.54,154.25299999999996,-154.25299999999996
3648741,CC[S@@](=O)C1=CC=CC=C1,CC[S@@](=O)c1ccccc1,262.0,491.51,154.23399999999998,154.23399999999998
3648959,O[C@@H]1CC=CC2=CC=CC=C12,O[C@@H]1CC=Cc2ccccc21,30.96,-58.06,146.18899999999996,-146.18899999999996
3648988,[H][C@@](O)(CCl)C1=CC=CC=C1,O[C@H](CCl)c1ccccc1,36.0,56.7,156.612,156.612
3649064,COC1=CC(=CC=C1)[C@@H](C)O,COc1cccc([C@@H](C)O)c1,18.8,73.14,152.19299999999998,152.19299999999998
3649226,CC(C)CC1=CC=C(C=C1)[C@H](C)O,CC(C)Cc1ccc([C@H](C)O)cc1,-27.6,-35.25,178.27499999999998,-178.27499999999998
3649445,O=C1CC[C@@H](O1)C1=CC=CC=C1,O=C1CC[C@H](c2ccccc2)O1,24.1,79.01,162.188,162.188
3649607,OC[C@@H]1O[C@H]1C1=CC=CC=C1,OC[C@@H]1O[C@H]1c1ccccc1,-54.0,16.81,150.177,150.177
3650249,BrC1=CC=C(C=C1)[C@H]1CCC(=O)O1,O=C1CC[C@H](c2ccc(Br)cc2)O1,16.5,43.63,241.084,241.084
3650269,O[C@H](CCCOCC1=CC=CC=C1)CC=C,C=CC[C@H](O)CCCOCc1ccccc1,7.7,235.63,220.312,220.312
3650700,COC1=CC=C(C=C1)[C@H]1CCC(=O)O1,COc1ccc([C@H]2CCC(=O)O2)cc1,3.1,-28.5,192.214,-192.214
3651197,COC(=O)C[C@H](C)SC1=CC=C(C)C=C1,COC(=O)C[C@H](C)Sc1ccc(C)cc1,26.9,-243.97,224.325,-224.325
3652004,[H][C@@](CO)(CC1=CC=CC=C1)NC(=O)OC(C)(C)C,CC(C)(C)OC(=O)N[C@H](CO)Cc1ccccc1,-22.6,-51.32,251.326,-251.326
4177659,[H][C@@]12C=CC(=O)[C@]1([H])[C@H]1C[C@@H]2C=C1,O=C1C=C[C@@H]2[C@H]1[C@@H]1C=C[C@H]2C1,-124.6,-26.12,146.18899999999996,-146.18899999999996
4188366,COC(=O)[C@](C)(N)CC1=CNC2=C1C=CC=C2,COC(=O)[C@](C)(N)Cc1c[nH]c2ccccc12,9.65,159.12,232.28300000000004,232.28300000000004
4190216,[H][C@@](C)(N=C=N[C@@]([H])(C)C1=CC=CC=C1)C1=CC=CC=C1,C[C@H](N=C=N[C@@H](C)c1ccccc1)c1ccccc1,11.1,-419.56,250.34500000000003,-250.34500000000003
4229674,[H][C@](C)(CO)CCO,C[C@@H](CO)CCO,24.0,-111.83,104.149,-104.149
4229757,CCC[C@H]1O[C@@H]1CO,CCC[C@H]1O[C@@H]1CO,31.7,6.36,116.15999999999998,116.15999999999998
4229970,[H][C@@]12CCCN1[C@H](CCC)CCC2,CCC[C@@H]1CCC[C@@H]2CCCN21,-104.4,-104.17,167.296,-167.296
4230303,[H][C@@]12CCCN1[C@H](CCCCCC)CCC2,CCCCCC[C@@H]1CCC[C@@H]2CCCN12,-77.44999999999999,-105.62,209.37699999999995,-209.37699999999995
4230722,O=C1N[C@H]2C[C@@H]1C=C2,O=C1N[C@@H]2C=C[C@H]1C2,562.0,540.73,109.128,109.128
4232146,[H][C@](C)(O)C1=CC=CC(=C1)C(F)(F)F,C[C@@H](O)c1cccc(C(F)(F)F)c1,22.7,34.14,190.164,190.164
4232765,CC[C@@H](CC(=O)C1=CC=CC=C1)C1=CC=CC=C1,CC[C@@H](CC(=O)c1ccccc1)c1ccccc1,5.3,28.18,238.33,238.33
4232913,[H][C@@]1(CC2=CC=CC=C2)NC(=O)N(C)C1=O,CN1C(=O)N[C@@H](Cc2ccccc2)C1=O,-191.23,-197.93,204.229,-204.229
4235094,COC(=O)[C@H](O)CC1=CC=C(OC)C(OC)=C1,COC(=O)[C@H](O)Cc1ccc(OC)c(OC)c1,10.1,96.25,240.255,240.255
4241981,[H][C@@](O)(CO)C=C,C=C[C@H](O)CO,-123.9,93.96,88.106,88.106
4246216,CCOC(=O)C[C@@H](C)O[Si](C)(C)C(C)(C)C,CCOC(=O)C[C@@H](C)O[Si](C)(C)C(C)(C)C,-26.0,21.76,246.42299999999997,246.42299999999997
4250168,COC1=CC=C(COC[C@H](C)C=O)C=C1,COc1ccc(COC[C@H](C)C=O)cc1,30.7,153.61,208.257,208.257
4250381,C[Si](C)(C)C#C[C@H](O)COCC1=CC=CC=C1,C[Si](C)(C)C#C[C@H](O)COCc1ccccc1,3.9,323.28,248.398,248.398
4251271,CC(C)(C)OC(=O)N[C@@H](CC1=CC=CC=C1)C=C,C=C[C@H](Cc1ccccc1)NC(=O)OC(C)(C)C,30.0,369.95,247.338,247.338
4254653,COC(=O)[C@@H](C)COCC1=CC=C(OC)C=C1,COC(=O)[C@@H](C)COCc1ccc(OC)cc1,-12.0,-180.22,238.283,-238.283
4291281,C[C@H](CC=O)O[Si](C)(C)C(C)(C)C,C[C@H](CC=O)O[Si](C)(C)C(C)(C)C,-13.6,172.62,202.37,202.37
4291465,C=CC[S@@](=O)C1=CC=CC=C1,C=CC[S@@](=O)c1ccccc1,136.5,688.31,166.24499999999998,166.24499999999998
4291770,O[C@H](CBr)C1=CC=CC=C1,O[C@H](CBr)c1ccccc1,55.3,28.56,201.063,201.063
4291936,C[C@@H](O)C#CC1=CC=CC=C1,C[C@@H](O)C#Cc1ccccc1,35.0,104.85,146.189,146.189
4293587,COC(=O)[C@]1(O)CC(OC)=CC1=O,COC(=O)[C@]1(O)CC(OC)=CC1=O,80.1,248.41,186.163,186.163
4294180,CC1(C)OC[C@H](O1)[C@H](O)[C@H]1CCCC(=O)O1,CC1(C)OC[C@@H]([C@H](O)[C@H]2CCCC(=O)O2)O1,-23.1,-63.89,230.25999999999996,-230.25999999999996
4306272,CO[C@@H]1OC(=O)C=C1,CO[C@H]1C=CC(=O)O1,-124.0,-151.75,114.1,-114.1
4312818,COC1=C(C=CC=C1)[C@@H](O)C1=CC=CC=C1,COc1ccccc1[C@@H](O)c1ccccc1,-43.010000000000005,123.48,214.264,214.264
4316347,CC1=CC[C@H](CC1)C(=O)N1CCOC1=O,CC1=CC[C@@H](C(=O)N2CCOC2=O)CC1,-24.2,-197.54,209.24499999999995,-209.24499999999995
4349351,CCCC[C@@H](C)CO,CCCC[C@@H](C)CO,10.3,-8.37,116.20399999999998,-116.20399999999998
4349389,[H][C@]1(CO1)[C@]1([H])CO1,C1O[C@@H]1[C@@H]1CO1,27.5,-196.71,86.09,-86.09
4349780,OC[C@@H]1O[C@H]1C=C,C=C[C@@H]1O[C@H]1CO,-19.8,83.03,100.117,100.117
4350013,C[C@@H](CCCC#C)O[Si](C)(C)C(C)(C)C,C#CCCC[C@H](C)O[Si](C)(C)C(C)(C)C,13.8,7.87,226.436,226.436
4350247,C[C@@H](O)C1=CC=C(F)C=C1,C[C@@H](O)c1ccc(F)cc1,24.1,71.53,140.15699999999998,140.15699999999998
4350901,OCC[C@@H](CO)C1=CC=CC=C1,OCC[C@@H](CO)c1ccccc1,-6.85,-45.23,166.22,-166.22
4351371,O[C@@H](C1=CC=CO1)C1=CC=CC=C1,O[C@H](c1ccccc1)c1ccco1,6.23,10.55,174.19899999999998,174.19899999999998
4352082,COC(=O)[C@@H](O)CC1=CC=CC=C1,COC(=O)[C@@H](O)Cc1ccccc1,-11.9,-31.11,180.203,-180.203
4352236,C[C@H](C(O)=O)C1=CNC2=C1C=CC=C2,C[C@H](C(=O)O)c1c[nH]c2ccccc12,42.6,200.14,189.214,189.214
4352318,O[C@H](C1=CC=CC2=CC=CC=C12)C(F)(F)F,O[C@H](c1cccc2ccccc12)C(F)(F)F,-14.6,-93.49,226.19699999999995,-226.19699999999995
4354925,O=C1CCCC[C@H]1[C@@H](CN(=O)=O)C1=CC=CC=C1,O=C1CCCC[C@H]1[C@@H](C[N+](=O)[O-])c1ccccc1,-19.75,-28.23,247.294,-247.294
4369137,C[C@H](CCC=C(C)C)C(=C)C=O,C=C(C=O)[C@H](C)CCC=C(C)C,5.3,-40.84,166.26399999999998,-166.26399999999998
4375419,[H][C@](C)(CC)C(=O)C1=CC=CS1,CC[C@H](C)C(=O)c1cccs1,12.3,129.13,168.261,168.261
4377004,CN1CCC[C@H]1CC(O)=O,CN1CCC[C@H]1CC(=O)O,-45.0,-148.76,143.186,-143.186
4386953,C[C@@H](CO)CSC1=CC=CC=C1,C[C@@H](CO)CSc1ccccc1,8.25,113.62,182.28800000000004,182.28800000000004
4430609,COC(=O)[C@@H]1CCCN1CC1=CC=CC=C1,COC(=O)[C@@H]1CCCN1Cc1ccccc1,-65.0,-71.0,219.284,-219.284
4447541,CC(C)[C@H](N)C(O)(C1=CC=CC=C1)C1=CC=CC=C1,CC(C)[C@H](N)C(O)(c1ccccc1)c1ccccc1,-119.8,-278.34,255.361,-255.361
4652344,C[C@H](CO)C(C)(C)C,C[C@H](CO)C(C)(C)C,35.4,96.9,116.204,116.204
4652503,CCCCCC[C@@H](C)CO,CCCCCC[C@@H](C)CO,7.1,-152.63,144.258,-144.258
4652613,OCC[C@@H]1CO1,OCC[C@@H]1CO1,33.2,16.42,88.10600000000001,88.10600000000001
4652825,CC#C[C@H](C)O,CC#C[C@H](C)O,-29.1,95.65,84.118,84.118
4652882,[H][C@]1(CC)O[C@@]1([H])CO,CC[C@H]1O[C@H]1CO,13.0,-111.68,102.13299999999998,-102.13299999999998
4655366,CC[C@H]1CCC(=O)C1,CC[C@H]1CCC(=O)C1,-71.4,-258.47,112.172,-112.172
4658178,CCCCCCCC[C@H](O)CC(C)=C,C=C(C)C[C@@H](O)CCCCCCCC,-8.0,-25.04,198.34999999999997,-198.34999999999997
4659557,O[C@@H](CC=C)C1=CC=CO1,C=CC[C@H](O)c1ccco1,23.11,55.0,138.16599999999997,138.16599999999997
4660477,COC(=O)CC[C@H]1CO1,COC(=O)CC[C@H]1CO1,-17.1,-171.21,130.143,-130.143
4660551,CC(=C)C[C@@H](O)C1CCCCC1,C=C(C)C[C@@H](O)C1CCCCC1,-5.0,100.71,168.27999999999994,168.27999999999994
4661357,[H][C@@]12CCCN1C(=O)CCC2,O=C1CCC[C@@H]2CCCN12,-6.5,-17.32,139.198,-139.198
4661507,CC(C)[S@@](=O)C1=CC=CC=C1,CC(C)[S@@](=O)c1ccccc1,139.0,332.58,168.26100000000002,168.26100000000002
4663826,O=C1CC[C@@H](C1)C1=CC=CC=C1,O=C1CC[C@H](c2ccccc2)C1,-90.3,363.05,160.21599999999998,160.21599999999998
4665714,C[C@@H](O)C1=CC=C(C=C1)N(=O)=O,C[C@@H](O)c1ccc([N+](=O)[O-])cc1,26.7,95.75,167.164,167.164
4666413,CCCC[S@@](=O)C1=CC=C(C)C=C1,CCCC[S@@](=O)c1ccc(C)cc1,94.0,473.28,196.315,196.315
4667573,COC(=O)[C@@H](O)CC1CCCCC1,COC(=O)[C@@H](O)CC1CCCCC1,0.3,45.93,186.25099999999992,186.25099999999992
4667824,C[C@@H](OC(C)=O)\C=C\C1=CC=CC=C1,CC(=O)O[C@H](C)/C=C/c1ccccc1,123.84,164.56,190.242,190.242
4668498,O=[S@](CC1=CC=CC=C1)C1=CC=CC=C1,O=[S@](Cc1ccccc1)c1ccccc1,98.0,527.03,216.305,216.305
4669499,C[C@H]([C@@H](O)C1=CC=CC=C1)C(C)=O,CC(=O)[C@H](C)[C@@H](O)c1ccccc1,17.0,41.97,178.231,178.231
4669646,C\C=C/[C@H](C)OC(=O)N(C(C)C)C(C)C,C/C=C\[C@H](C)OC(=O)N(C(C)C)C(C)C,73.3,61.21,213.321,213.321
4675518,C[Si](C)(C)C#C[C@H](O)C1=CC=CO1,C[Si](C)(C)C#C[C@H](O)c1ccco1,13.8,115.43,194.306,194.306
4676393,CS(=O)(=O)OC[C@@H]1CCC(=O)O1,CS(=O)(=O)OC[C@@H]1CCC(=O)O1,33.3,-141.24,194.208,-194.208
4677104,CCOC(=O)[C@@H](C)OC1=CC=CC=C1,CCOC(=O)[C@@H](C)Oc1ccccc1,35.3,151.08,194.23,194.23
4677304,C[C@@H]1O[C@H](C[C@@H](O)[C@H]1O)OCC1=CC=CC=C1,C[C@@H]1O[C@@H](OCc2ccccc2)C[C@@H](O)[C@H]1O,-112.0,3.45,238.283,238.283
4681027,OC[C@@]1(O[C@H]1C1=CC=CC=C1)C1=CC=CC=C1,OC[C@]1(c2ccccc2)O[C@H]1c1ccccc1,-65.2,16.93,226.275,226.275
4752666,[H][C@@]12CCC(C)=C3C(=O)C=C(C)[C@]3([H])[C@@]1([H])OC(=O)C2=C,C=C1C(=O)O[C@@H]2[C@H]3C(C)=CC(=O)C3=C(C)CC[C@@H]12,48.98,-94.77,244.28999999999996,-244.28999999999996
4781304,C[C@H]1CCCCC(=O)C1,C[C@H]1CCCCC(=O)C1,-4.0,-206.34,126.199,-126.199
4781977,CCCC[S@@](=O)C1=CC=CC=C1,CCCC[S@@](=O)c1ccccc1,150.0,494.25,182.288,182.288
4782740,O[C@@H](\C=C\C1=CC=CC=C1)C1=CC=CC=C1,O[C@@H](/C=C/c1ccccc1)c1ccccc1,-9.91,-310.24,210.276,-210.276
4783524,O[C@H](C1=CC=CC=C1)C1=CC2=CC=CC=C2C=C1,O[C@H](c1ccccc1)c1ccc2ccccc2c1,-9.9,-42.08,234.298,-234.298
4798442,C[C@@H](O)C1=CC=C(Br)C=C1,C[C@@H](O)c1ccc(Br)cc1,18.0,57.52,201.063,201.063
4799288,CC(C)C[C@@H](O)C1=CC=CC=C1,CC(C)C[C@@H](O)c1ccccc1,45.0,67.24,164.248,164.248
4800112,C[C@H](N(C)C)C1=CC(O)=CC=C1,C[C@@H](c1cccc(O)c1)N(C)C,-52.4,-161.23,165.23599999999996,-165.23599999999996
4800623,NC[C@@H]1CCCN1CC1=CC=CC=C1,NC[C@@H]1CCCN1Cc1ccccc1,-54.0,-231.4,190.29000000000005,-190.29000000000005
4839766,CCCCCCCC[C@@H](O)CO,CCCCCCCC[C@@H](O)CO,-0.31,-63.35,174.284,-174.284
4840961,CC1(C)OC2=CC=CC=C2[C@H]2O[C@@H]12,CC1(C)Oc2ccccc2[C@H]2O[C@H]21,20.0,86.69,176.21499999999995,176.21499999999995
4841730,CC1(C)OC2=CC=C(C=C2[C@H]2O[C@@H]12)C#N,CC1(C)Oc2ccc(C#N)cc2[C@H]2O[C@H]21,85.0,114.55,201.225,201.225
4857766,OCC[C@H](CO)C1CCCCC1,OCC[C@H](CO)C1CCCCC1,-3.0,-66.52,172.26799999999994,-172.26799999999994
4858162,CC(C)[C@H]1C[C@H](O)[C@H](C[C@@H]1O)C(C)C,CC(C)[C@H]1C[C@H](O)[C@@H](C(C)C)C[C@@H]1O,36.1,82.17,200.322,200.322
4860800,CCCC[C@@](C)(O)C1=CC=CC=C1,CCCC[C@@](C)(O)c1ccccc1,11.33,23.74,178.275,178.275
4864279,C[C@@]1(N)CC[C@H](NC(=O)C2=CC=CC=C2)C1(C)C,CC1(C)[C@@H](NC(=O)c2ccccc2)CC[C@@]1(C)N,80.0,279.46,246.354,246.354
4904332,COC1=CC=C(C=C1)[S@@](C)=O,COc1ccc([S@@](C)=O)cc1,66.0,218.05,170.233,170.233
4905166,COC(=O)\C=C/[C@@H]1COC(C)(C)O1,COC(=O)/C=C\[C@@H]1COC(C)(C)O1,-46.4,-273.68,186.207,-186.207
5004664,CC(=C)C[C@@H](O)CCOCC1=CC=CC=C1,C=C(C)C[C@@H](O)CCOCc1ccccc1,-2.0,-131.59,220.312,-220.312
5008943,COC(=O)[C@@H](C)NC1=C(C)C=CC=C1C,COC(=O)[C@@H](C)Nc1c(C)cccc1C,18.8,-64.65,207.273,-207.273
5030593,CO[C@H]1O[C@H](CO)[C@H](O)[C@@H]1OCC1=CC=CC=C1,CO[C@H]1O[C@H](CO)[C@H](O)[C@@H]1OCc1ccccc1,33.3,-215.62,254.282,-254.282
5054827,[H][C@]1(C)CN(CCO1)S(=O)(=O)C1=CC=C(C)C=C1,Cc1ccc(S(=O)(=O)N2CCO[C@@H](C)C2)cc1,29.8,49.35,255.339,255.339
5239672,CCCCC[C@H](O)CC=C,C=CC[C@@H](O)CCCCC,8.0,198.0,142.242,142.242
5241406,O[C@@H]1CCCC[C@@]11CCCNC1,O[C@@H]1CCCC[C@@]12CCCNC2,21.4,-2.71,169.268,-169.268
5248382,C[C@@H](O)CCC1=CC=CC=C1,C[C@@H](O)CCc1ccccc1,-33.3,-104.04,150.221,-150.221
5250853,CCOC(=O)\C=C\[C@H](C)[C@@H](O)CC,CCOC(=O)/C=C/[C@H](C)[C@@H](O)CC,-45.4,-198.97,186.251,-186.251
5251125,O[C@@H](C1=CC=CC=C1)C(F)(F)F,O[C@@H](c1ccccc1)C(F)(F)F,14.4,12.11,176.13699999999994,176.13699999999994
5251348,[H][C@@]1(COC(C)=O)CCC(=O)N1,CC(=O)OC[C@@H]1CCC(=O)N1,21.4,162.91,157.169,157.169
5252232,OC[C@@]1(COCC2=CC=CC=C2)CO1,OC[C@@]1(COCc2ccccc2)CO1,-13.1,-108.67,194.23,-194.23
5252266,COC1=CC2=C(C=C1)C=C(C=C2)[C@@H](C)O,COc1ccc2cc([C@@H](C)O)ccc2c1,26.7,17.79,202.253,202.253
5253010,CC[C@H](C)C(=O)C1=CC=C(OC)C=C1,CC[C@H](C)C(=O)c1ccc(OC)cc1,27.3,125.47,192.258,192.258
5253149,CC1=CC=C(C=C1)[C@H]1CCC(=O)C1,Cc1ccc([C@H]2CCC(=O)C2)cc1,-80.2,347.07,174.243,174.243
5253376,O[C@@H](CCC1=CC=CC=C1)CC=C,C=CC[C@@H](O)CCc1ccccc1,-15.6,-370.1,176.259,-176.259
5263175,C[C@H](N)C(O)(C1=CC=CC=C1)C1=CC=CC=C1,C[C@H](N)C(O)(c1ccccc1)c1ccccc1,-55.0,-271.56,227.307,-227.307
5266605,[H][C@@](N)(CC1=CC=C2C=CC=CC2=C1)C(=O)OC,COC(=O)[C@H](N)Cc1ccc2ccccc2c1,53.0,22.96,229.279,229.279
5269036,CCOC(=O)[C@@H](O)[C@@H](O)C1=CC=CC=C1,CCOC(=O)[C@@H](O)[C@@H](O)c1ccccc1,-31.32,-152.17,210.229,-210.229
5270768,COC(=O)C[C@H](C)C1=CNC2=C1C=CC=C2,COC(=O)C[C@H](C)c1c[nH]c2ccccc12,3.5,-52.22,217.268,-217.268
5271646,C[C@H](C(O)=O)C1=CC=CC(=C1)C(=O)C1=CC=CC=C1,C[C@H](C(=O)O)c1cccc(C(=O)c2ccccc2)c1,18.9,562.31,254.285,254.285
5330533,[H][C@]12OC(C)(C)O[C@@]1([H])[C@H](O)CC=C2,CC1(C)O[C@H]2[C@H](O)CC=C[C@H]2O1,-158.0,-145.85,170.208,-170.208
5336691,C[C@@H]1O[C@@H](OCC2=CC=CC=C2)C=C[C@H]1O,C[C@@H]1O[C@@H](OCc2ccccc2)C=C[C@H]1O,-32.0,104.21,220.26800000000003,220.26800000000003
5339107,CC(=O)N[C@@]1(C)CC[C@H]2C[C@@H]1C(C)=NC2(C)C,CC(=O)N[C@@]1(C)CC[C@H]2C[C@@H]1C(C)=NC2(C)C,108.0,203.55,236.359,236.359
5376273,CCCCCC[C@@H]1O[C@H]1CO,CCCCCC[C@@H]1O[C@H]1CO,-30.55,-0.85,158.241,-158.241
5376816,CC(C)(C)[C@H](O)C1=CC=CN=C1,CC(C)(C)[C@H](O)c1cccnc1,-21.84,-33.57,165.236,-165.236
5377724,CC[C@@H](NC(C)=O)C1=CC=CC=C1,CC[C@@H](NC(C)=O)c1ccccc1,120.4,173.11,177.247,177.247
5377855,C[C@@H](CO)COC(=O)C1=CC=CC=C1,C[C@@H](CO)COC(=O)c1ccccc1,1.08,-55.23,194.23,-194.23
5378025,O=C1CC[C@@H](O1)C#CC1=CC=CC=C1,O=C1CC[C@H](C#Cc2ccccc2)O1,-17.5,-109.38,186.21,-186.21
5426888,[H][C@]12O[C@@]1([H])[C@@H]1OC(C)(C)O[C@@H]1C=C2,CC1(C)O[C@H]2[C@@H]3O[C@@H]3C=C[C@H]2O1,-22.3,-17.98,168.19199999999998,-168.19199999999998
5427610,[H][C@@](O)(C1=CC=CC=C1)C1=CC=CC=C1C,Cc1ccccc1[C@H](O)c1ccccc1,-2.7,447.74,198.265,198.265
5428528,CCCCC(=O)O[C@H](C)C1=CC=CC=C1,CCCCC(=O)O[C@H](C)c1ccccc1,69.1,99.75,206.285,206.285
5434174,OC[C@@H]1O[C@H]1C1=CC=C(C=C1)N(=O)=O,O=[N+]([O-])c1ccc([C@@H]2O[C@H]2CO)cc1,-28.2,-333.79,195.174,-195.174
5435928,O=CC[C@@H]1CCCN1C(=O)OCC1=CC=CC=C1,O=CC[C@@H]1CCCN1C(=O)OCc1ccccc1,-16.45,73.19,247.294,247.294
5476433,CCOC(=O)C[C@H](C)N,CCOC(=O)C[C@H](C)N,10.2,-36.81,131.17499999999998,-131.17499999999998
5477445,C[C@H](C#N)C1=CC2=C(C=CC=C2)C=C1,C[C@H](C#N)c1ccc2ccccc2c1,-26.0,-103.87,181.238,-181.238
5478400,O[C@H](C1=CC=CC=C1)C1=CC=CC=C1F,O[C@H](c1ccccc1)c1ccccc1F,-9.82,-229.22,202.228,-202.228
5491717,COC[C@@H]1C[C@H](CN1)OC,COC[C@@H]1C[C@@H](OC)CN1,17.2,201.52,145.202,145.202
5514418,C[C@H](NC(C)=O)C1=CC2=CC=CC=C2C=C1,CC(=O)N[C@@H](C)c1ccc2ccccc2c1,-132.95,-376.52,213.28,-213.28
5727720,CC[C@H]1CCCC(=O)C1,CC[C@H]1CCCC(=O)C1,-11.2,-40.92,126.199,-126.199
5728796,[H][C@]12CC[C@@]1(C)CC=CC2=O,C[C@]12CC=CC(=O)[C@H]1CC2,25.9,55.5,136.194,136.194
5728802,C[C@@]12CC[C@@H]1C(=O)CCC2,C[C@]12CCCC(=O)[C@H]1CC2,139.0,133.35,138.20999999999998,138.20999999999998
5731766,O[C@H](CC=C)C1=CC=C(Cl)C=C1,C=CC[C@@H](O)c1ccc(Cl)cc1,36.8,61.48,182.65,182.65
5733451,CO[C@H]1O[C@@H](C)[C@@H](O)[C@H]2OC(C)(C)O[C@@H]12,CO[C@H]1O[C@@H](C)[C@@H](O)[C@H]2OC(C)(C)O[C@@H]12,136.4,100.28,218.249,218.249
5733597,[H][C@]12C[C@@H](CC[C@]1(C)CCC[C@]2(C)O)C(C)=C,C=C(C)[C@@H]1CC[C@]2(C)CCC[C@](C)(O)[C@H]2C1,11.9,-8.77,222.372,-222.372
5734179,COC1=C(C=CC=C1)[C@H](O)CC=C,C=CC[C@@H](O)c1ccccc1OC,42.0,188.51,178.23099999999997,178.23099999999997
5735455,[H][C@@](O)(C1=CC=C(C)C=C1)C(F)(F)F,Cc1ccc([C@@H](O)C(F)(F)F)cc1,-12.7,-11.78,190.164,-190.164
5737256,O[C@H](C1=CC=C(Cl)C=C1)C(F)(F)F,O[C@H](c1ccc(Cl)cc1)C(F)(F)F,-8.3,-57.68,210.582,-210.582
5737258,O[C@H](C1=CC=C(Br)C=C1)C(F)(F)F,O[C@H](c1ccc(Br)cc1)C(F)(F)F,-11.5,-6.88,255.033,-255.033
5738147,COC1=CC=C(C=C1)[C@@H](O)C(F)(F)F,COc1ccc([C@@H](O)C(F)(F)F)cc1,-13.6,15.53,206.16299999999995,206.16299999999995
5738219,CC1(C)OC[C@@H](O1)[C@H](O)C(=C)[Si](C)(C)C,C=C([C@@H](O)[C@H]1COC(C)(C)O1)[Si](C)(C)C,-10.4,-60.15,230.38,-230.38
5738326,C[C@@H](Cl)C1=NN=C([C@@H](C)Cl)N1N,C[C@@H](Cl)c1nnc([C@@H](C)Cl)n1N,-216.5,-659.39,209.08,-209.08
5738462,O[C@@H](CC=C)C1=CC=C(C=C1)N(=O)=O,C=CC[C@H](O)c1ccc([N+](=O)[O-])cc1,-30.9,-5.86,193.202,-193.202
5742085,CO[C@H]1O[C@@H](C)C(=O)[C@H]2OC(C)(C)O[C@@H]12,CO[C@H]1O[C@@H](C)C(=O)[C@H]2OC(C)(C)O[C@@H]12,-16.9,102.91,216.233,216.233
5742273,COC1=CC2=C(C=C1OC)[C@H](CO)NCC2,COc1cc2c(cc1OC)[C@H](CO)NCC2,-31.4,66.4,223.272,223.272
5749188,COC(=O)C[C@H](O)CCOCC1=CC=CC=C1,COC(=O)C[C@H](O)CCOCc1ccccc1,-5.9,124.65,238.283,238.283
5789456,[H][C@@](CC)(CO)CC(C)C,CC[C@H](CO)CC(C)C,2.7,30.43,130.23099999999997,130.23099999999997
5802689,[H][C@@](C)(CC\C=C(/C)CCC=C(C)C)CC(=O)OC,COC(=O)C[C@H](C)CC/C=C(\C)CCC=C(C)C,4.1,-108.3,252.398,-252.398
5849031,CC(C)[C@H](O)CN(=O)=O,CC(C)[C@H](O)C[N+](=O)[O-],30.5,5.0,133.147,133.147
5849623,CCCC[C@@H](O)\C=C\C1=CC=CC=C1,CCCC[C@@H](O)/C=C/c1ccccc1,-9.5,-75.98,190.286,-190.286
5849930,CC1=C(C=CC=C1)[C@@H](O)C#N,Cc1ccccc1[C@@H](O)C#N,26.6,-161.24,147.177,-147.177
5849961,O[C@H](CN(=O)=O)C1CCCCC1,O=[N+]([O-])C[C@@H](O)C1CCCCC1,17.5,29.19,173.21199999999993,173.21199999999993
5850049,C1CC[C@@H](NC1)C1=CC=CC=C1,c1ccc([C@H]2CCCCN2)cc1,27.2,-57.25,161.24800000000002,-161.24800000000002
5850060,CO[C@H]1O[C@H](C)[C@@H](O)[C@@H]2OC(C)(C)O[C@@H]12,CO[C@H]1O[C@H](C)[C@@H](O)[C@@H]2OC(C)(C)O[C@@H]12,137.8,141.36,218.249,218.249
5850405,C[C@@H](O)C1=CC=C(C=C1)C(F)(F)F,C[C@@H](O)c1ccc(C(F)(F)F)cc1,38.6,51.04,190.164,190.164
5851236,[H][C@](O)(CC(C)C)C(=O)OCC1=CC=CC=C1,CC(C)C[C@H](O)C(=O)OCc1ccccc1,-18.4,-51.94,222.284,-222.284
5851445,O[C@@H](CCC1=CC=CC=C1)CN(=O)=O,O=[N+]([O-])C[C@@H](O)CCc1ccccc1,-14.3,135.3,195.218,195.218
5861041,CC[C@@H](O)[C@H](C)C(=O)N(C)OC,CC[C@@H](O)[C@H](C)C(=O)N(C)OC,7.3,-21.73,175.22799999999998,-175.22799999999998
5861487,O[C@@H](CC=C)C1=NC=CC=C1,C=CC[C@H](O)c1ccccn1,-42.9,-67.2,149.19299999999998,-149.19299999999998
5862068,C[C@@]1(CO)O[C@H]1C1=CC=CC=C1,C[C@@]1(CO)O[C@H]1c1ccccc1,9.4,2.38,164.204,164.204
5863172,O=C1CCC[C@@H](C1)C1=CC=CC=C1,O=C1CCC[C@H](c2ccccc2)C1,-12.1,-111.08,174.243,-174.243
5907057,CCOC(=O)[C@@]1(CC=C)CCCCC1=O,C=CC[C@]1(C(=O)OCC)CCCCC1=O,111.2,212.16,210.2729999999999,210.2729999999999
5908336,O[C@H](COC1=CC=CC2=C1C=CC=C2)CN(=O)=O,O=[N+]([O-])C[C@H](O)COc1cccc2ccccc12,-17.59,120.98,247.25000000000003,247.25000000000003
5908424,O=C(CC1=CC=CC=C1)O[C@@H](C#N)C1=CC=CC=C1,N#C[C@H](OC(=O)Cc1ccccc1)c1ccccc1,-0.37,-112.21,251.28500000000005,-251.28500000000005
6056823,FC1=CC=C(C=C1)[C@H]1CCC(=O)O1,O=C1CC[C@H](c2ccc(F)cc2)O1,13.8,71.63,180.178,180.178
6058211,CC(C)(C)OC(=O)C(=C)[C@@H](O)C1=CC=CC=C1,C=C(C(=O)OC(C)(C)C)[C@@H](O)c1ccccc1,38.6,189.88,234.295,234.295
6059286,C[C@H](NC(=O)[C@@H]1CCCN1)C1=CC=CC=C1,C[C@H](NC(=O)[C@@H]1CCCN1)c1ccccc1,-91.8,-394.64,218.3,-218.3
6140992,OC[C@@H]1CC1(C1=CC=CC=C1)C1=CC=CC=C1,OC[C@@H]1CC1(c1ccccc1)c1ccccc1,21.1,-191.37,224.30300000000005,-224.30300000000005
6174521,CCCCCCC[C@H](O)CC=C,C=CC[C@@H](O)CCCCCCC,-7.1,-149.84,170.29599999999996,-170.29599999999996
6175631,O[C@H](CN(=O)=O)C1=CC=CC=C1,O=[N+]([O-])C[C@@H](O)c1ccccc1,37.2,-75.54,167.164,-167.164
6176366,O[C@H](C1=CC2=CC=CC=C2C=C1)C(F)(F)F,O[C@H](c1ccc2ccccc2c1)C(F)(F)F,-24.7,-78.49,226.19699999999995,-226.19699999999995
6270648,CC(C)[C@H](O)CC(=O)C1=CC=CC=C1,CC(C)[C@H](O)CC(=O)c1ccccc1,6.3,113.94,192.258,192.258
6271537,C[C@H]1C[C@@H](OC1=O)C1=CC=CC=C1,C[C@H]1C[C@H](c2ccccc2)OC1=O,-1.0,6.26,176.21499999999995,176.21499999999995
6271538,C[C@@H]1C[C@@H](OC1=O)C1=CC=CC=C1,C[C@@H]1C[C@H](c2ccccc2)OC1=O,-24.0,120.44,176.21499999999995,176.21499999999995
6271739,COC1=CC2=C(C=C1)C=C(C=C2)[C@H](C)C=O,COc1ccc2cc([C@H](C)C=O)ccc2c1,62.2,385.49,214.264,214.264
6274499,O[C@H](C1=CC=CC=C1)C1=CC=C(C=C1)N(=O)=O,O=[N+]([O-])c1ccc([C@H](O)c2ccccc2)cc1,-57.02,-332.63,229.235,-229.235
6367777,CCC[C@H](O)[C@@H](C)C(O)=O,CCC[C@H](O)[C@@H](C)C(=O)O,-12.5,25.28,146.18599999999998,146.18599999999998
6368251,C[C@@H]1CCC[C@H](CC(C)=O)N1,CC(=O)C[C@H]1CCC[C@@H](C)N1,-25.0,56.27,155.241,155.241
6368598,[H][C@@]12C=CC(=O)[C@]1([H])[C@@H]1C[C@H]2C=C1,O=C1C=C[C@@H]2[C@H]1[C@H]1C=C[C@@H]2C1,-77.6,-138.53,146.18899999999996,-146.18899999999996
6368908,O[C@@H](C1=CC=CC=C1)C1=CC=NC=C1,O[C@@H](c1ccccc1)c1ccncc1,36.25,320.4,185.226,185.226
6482011,O=C1O[C@@H]2CO[C@H](O[C@H]2C=C1)C1=CC=CC=C1,O=C1C=C[C@@H]2O[C@H](c3ccccc3)OC[C@H]2O1,17.6,20.83,232.235,232.235
6483042,CC(C)(C)OC(=O)[C@H]1N=CO[C@@H]1C1=CC=CC=C1,CC(C)(C)OC(=O)[C@H]1N=CO[C@@H]1c1ccccc1,73.05,160.21,247.294,247.294
6505482,CC(C)(C)[C@H]1COC(=N1)C1=NC=CC=C1,CC(C)(C)[C@H]1COC(c2ccccn2)=N1,-72.7,-61.41,204.273,-204.273
6582523,[H][C@@](O)(C1=CC(Br)=CC=C1)C(F)(F)F,O[C@H](c1cccc(Br)c1)C(F)(F)F,-7.3,33.41,255.033,255.033
6593207,CC(=C)C[C@@H](O)\C=C\C1=CC=CC=C1,C=C(C)C[C@@H](O)/C=C/c1ccccc1,24.0,-184.11,188.27,-188.27
6633685,CCOC(=O)[C@@H](C)OC1=CC=CC=C1Cl,CCOC(=O)[C@@H](C)Oc1ccccc1Cl,32.1,182.48,228.675,228.675
6635021,CCOC(=O)[C@@H](C)OC1=CC=C(C=C1)N(=O)=O,CCOC(=O)[C@@H](C)Oc1ccc([N+](=O)[O-])cc1,38.9,112.87,239.227,239.227
6635492,CCOC(=O)[C@@H](C)OC1=CC=CC(=C1)N(=O)=O,CCOC(=O)[C@@H](C)Oc1cccc([N+](=O)[O-])c1,36.3,148.82,239.227,239.227
6644812,CC[C@@](O)(CO)COCC1=CC=CC=C1,CC[C@@](O)(CO)COCc1ccccc1,-8.5,124.4,210.273,210.273
6649029,C[C@H](NC(=O)C1=NC=CC=C1)C1=CC=CC=C1,C[C@H](NC(=O)c1ccccn1)c1ccccc1,7.715,-216.68,226.279,-226.279
6683156,C[C@@H](O)CCCCCCCC#C,C#CCCCCCCC[C@@H](C)O,-4.0,54.04,168.28000000000003,168.28000000000003
6683556,CC(C)[C@@H]1CCC(C=O)=C[C@H]1O,CC(C)[C@@H]1CCC(C=O)=C[C@H]1O,-17.0,-0.74,168.23600000000002,-168.23600000000002
6768831,CN1[C@@H](CC2=CC=CC=C2)C(=O)N(C)C1=O,CN1C(=O)[C@H](Cc2ccccc2)N(C)C1=O,-45.93,0.6,218.256,218.256
6792160,CCC[C@H](C)NC(=O)C1=CC=CC=C1,CCC[C@H](C)NC(=O)c1ccccc1,20.0,273.64,191.27400000000003,191.27400000000003
6792347,CC(C)C[C@H](C)NC(=O)C1=CC=CC=C1,CC(C)C[C@H](C)NC(=O)c1ccccc1,20.0,169.8,205.301,205.301
6792468,CCCCC[C@H](C)NC(=O)C1=CC=CC=C1,CCCCC[C@H](C)NC(=O)c1ccccc1,3.0,-181.02,219.328,-219.328
6798149,C[C@@H](O)C1=C(O)C=CC=C1,C[C@@H](O)c1ccccc1O,22.2,-16.01,138.16599999999997,-138.16599999999997
6799031,COC1=C(C=C(C)C=C1)[C@H](C)O,COc1ccc(C)cc1[C@H](C)O,-25.0,-61.52,166.22,-166.22
6799727,C[C@@H](CO)CCCC1=CC=CC=C1,C[C@@H](CO)CCCc1ccccc1,10.2,17.43,178.27500000000003,178.27500000000003
6801353,COC(=O)C[C@@H](N)C1=CC=CC=C1,COC(=O)C[C@@H](N)c1ccccc1,10.5,-9.05,179.21900000000002,-179.21900000000002
6802229,O[C@@H](C#CC1=CC=CC=C1)C1=CC=CC=C1,O[C@@H](C#Cc1ccccc1)c1ccccc1,3.65,7.38,208.26,208.26
6803701,C[C@@H](O)[C@@H]1O[C@H]1\C=C\[C@@H]1O[C@H]1[C@H](O)C=C,C=C[C@@H](O)[C@@H]1O[C@H]1/C=C/[C@@H]1O[C@H]1[C@@H](C)O,-31.1,432.29,212.245,212.245
6811135,O[C@@H](C#CC1=CC=CC=C1)C1=CC=C(C=C1)N(=O)=O,O=[N+]([O-])c1ccc([C@@H](O)C#Cc2ccccc2)cc1,10.9,11.38,253.257,253.257
6845112,COC1=CC=C(C=C1)[C@H]1CCC(=O)C1,COc1ccc([C@H]2CCC(=O)C2)cc1,-14.0,253.92,190.242,190.242
6845934,C1CCC2(CC1)OC1=C(C=CC=C1)[C@H]1O[C@@H]21,c1ccc2c(c1)OC1(CCCCC1)[C@@H]1O[C@H]21,12.0,-22.89,216.27999999999997,-216.27999999999997
6890340,CCCCC[C@H](OC(C)=O)C=C,C=C[C@H](CCCCC)OC(C)=O,-15.1,-17.96,170.25199999999998,-170.25199999999998
6897822,[H][C@@](CC)(CO)C1CCCCC1,CC[C@H](CO)C1CCCCC1,4.5,102.59,156.26899999999995,156.26899999999995
6955514,C[C@@]1(O)[C@@H](O)COC1=O,C[C@]1(O)C(=O)OC[C@@H]1O,-69.0,-43.4,132.115,-132.115
6956059,CC(C)[C@@H](O)[C@@H](N=N#N)C(O)=O,CC(C)[C@@H](O)[C@@H](N=[N+]=[N-])C(=O)O,42.0,28.83,173.172,173.172
6965128,CC(C)(C)[Si](C)(C)OC[C@H]1CO1,CC(C)(C)[Si](C)(C)OC[C@H]1CO1,-3.44,30.1,188.343,188.343
6970493,COC1=CC=C2C[C@H]3C[C@](C)(CN3C)C2=C1,COc1ccc2c(c1)[C@]1(C)C[C@H](C2)N(C)C1,-7.8,-55.33,217.31199999999995,-217.31199999999995
6998355,CC1=CC=C(C=C1)[C@H](O)CC=C,C=CC[C@@H](O)c1ccc(C)cc1,45.7,83.67,162.23199999999997,162.23199999999997
6998692,O[C@@H](C#N)C1=C(Cl)C=CC=C1,N#C[C@H](O)c1ccccc1Cl,3.42,-113.6,167.59499999999997,-167.59499999999997
7013539,[H][C@]12CC[C@@]1(C)CCC2=O,C[C@]12CCC(=O)[C@H]1CC2,284.0,294.63,124.183,124.183
7014534,[H][C@@](O)(C1=CC=CC=C1)C1=CC=CC=C1Cl,O[C@H](c1ccccc1)c1ccccc1Cl,15.26,-285.23,218.683,-218.683
7022720,CC(C)[C@H]1COC(=N1)C1=CC=CC=C1,CC(C)[C@H]1COC(c2ccccc2)=N1,-61.1,-98.56,189.258,-189.258
7023076,C[C@H](CC1=CC=CC=C1)C(=O)C1=CC=CC=C1,C[C@H](Cc1ccccc1)C(=O)c1ccccc1,-89.5,-176.85,224.303,-224.303
7024072,CC(C)(C)OC(=O)N1CCC[C@H]1CC#N,CC(C)(C)OC(=O)N1CCC[C@H]1CC#N,-46.45,-84.15,210.277,-210.277
7036041,COC(=O)[C@]12CO[C@@H](N1C(=O)CC2=O)C(C)(C)C,COC(=O)[C@]12CO[C@H](C(C)(C)C)N1C(=O)CC2=O,111.3,25.16,255.26999999999995,255.26999999999995
7073421,CC1=CC=CC=C1[C@H](O)CC=C,C=CC[C@@H](O)c1ccccc1C,61.7,303.39,162.23199999999997,162.23199999999997
7074110,C[C@@H](N)[C@H](O)CC1=CC=CC=C1,C[C@@H](N)[C@H](O)Cc1ccccc1,18.9,53.92,165.236,165.236
7074356,CC1=CC=CC=C1[S@@](=O)C1=CC=CC=C1,Cc1ccccc1[S@@](=O)c1ccccc1,-58.3,-421.94,216.305,-216.305
7075283,O[C@H](C1=CC=CC=C1)C1=C(O)C=CC=C1,Oc1ccccc1[C@H](O)c1ccccc1,-35.1,-508.63,200.237,-200.237
7091422,CC1=CC=CC=C1[C@H](O)CN(=O)=O,Cc1ccccc1[C@H](O)C[N+](=O)[O-],48.4,-87.62,181.191,-181.191
7112042,C[C@@H]([C@@H](O)C1=CC=CC=C1C)N(=O)=O,Cc1ccccc1[C@H](O)[C@H](C)[N+](=O)[O-],22.7,3.86,195.218,195.218
7112043,C[C@H]([C@@H](O)C1=CC=CC=C1C)N(=O)=O,Cc1ccccc1[C@H](O)[C@@H](C)[N+](=O)[O-],-9.7,25.58,195.218,195.218
7112264,COC(=O)[C@@]1(CC=C)CC2=C(C=CC=C2)C1=O,C=CC[C@]1(C(=O)OC)Cc2ccccc2C1=O,-138.9,-123.01,230.263,-230.263
7132404,CC1(C)O[C@H]2[C@@H](O1)[C@@H](C=C[C@@H]2O)N=N#N,CC1(C)O[C@@H]2[C@H](O1)[C@@H](O)C=C[C@H]2N=[N+]=[N-],-36.7,38.9,211.22100000000003,211.22100000000003
7165585,C=C[C@@H](CC=O)C1=CC=CC=C1,C=C[C@@H](CC=O)c1ccccc1,-3.01,412.63,160.21599999999998,160.21599999999998
7166174,C[C@H](C#N)C1=CC=CC2=C1C=CC=C2,C[C@H](C#N)c1cccc2ccccc12,-44.0,-191.48,181.238,-181.238
7168383,[H][C@@](N)(CC1=CC=CC=C1)C(=O)NCC1=CC=CC=C1,N[C@H](Cc1ccccc1)C(=O)NCc1ccccc1,63.3,70.17,254.333,254.333
7168553,COC1=CC=C2NC(=O)[C@]3(CCN(C)C3)C2=C1,COc1ccc2c(c1)[C@@]1(CCN(C)C1)C(=O)N2,58.0,-29.98,232.283,-232.283
7183806,[H][C@@](O)(C1CCCCC1)C1=C(C)C=CC=C1,Cc1ccccc1[C@H](O)C1CCCCC1,29.6,120.96,204.31299999999996,204.31299999999996
7202137,COC(=O)[C@H]1N=C1C1=CC=CC=C1,COC(=O)[C@H]1N=C1c1ccccc1,26.8,730.38,175.187,175.187
7208064,O=C(NC1=C2C=CC=CC2=CC=C1)[C@@H]1CCCN1,O=C(Nc1cccc2ccccc12)[C@@H]1CCCN1,-14.6,66.53,240.30599999999995,240.30599999999995
7209353,O[C@H](C1=CC=CC=C1)C1=CC=C(C=C1)C(F)(F)F,O[C@H](c1ccccc1)c1ccc(C(F)(F)F)cc1,-26.3,-275.35,252.235,-252.235
7250729,CCCC[C@@H](CN(=O)=O)C1=CC=CC=C1,CCCC[C@@H](C[N+](=O)[O-])c1ccccc1,9.33,54.93,207.273,207.273
7253027,[H][C@](C)(OC1=C(OC)C=CC=C1OC)C(=O)OCC,CCOC(=O)[C@@H](C)Oc1c(OC)cccc1OC,29.3,268.85,254.282,254.282
7266152,COC(=O)C[C@H](C)CCC1=CC=CC=C1,COC(=O)C[C@H](C)CCc1ccccc1,18.5,-214.41,206.28500000000005,-206.28500000000005
7281558,COC1=CC(=CC=C1)[C@H]1CCC(=O)O1,COc1cccc([C@H]2CCC(=O)O2)c1,12.0,133.93,192.214,192.214
7288163,C[C@](CCC1=CC=CC=C1)(C=C)C=O,C=C[C@@](C)(C=O)CCc1ccccc1,26.7,383.53,188.27,188.27
7334307,ClC[C@@H]1CNC(=O)O1,O=C1NC[C@@H](CCl)O1,12.5,-49.15,135.55,-135.55
7367370,CCC[C@H]1CCCC(C)=N1,CCC[C@H]1CCCC(C)=N1,4.0,-3.21,139.242,-139.242
7369668,[H][C@@]12CC[C@H](CCCC)N1C(=O)CCC2,CCCC[C@H]1CC[C@H]2CCCC(=O)N21,45.48,69.54,195.30599999999995,195.30599999999995
7371685,CC(C)(C)OC(=O)N[C@H](CC=C)C(O)=O,C=CC[C@@H](NC(=O)OC(C)(C)C)C(=O)O,3.3,135.9,215.249,215.249
7412313,CCC[C@@H]1[C@H]2CC[C@@H](C[C@@H]1C1=CC=CC=C1)N2C,CCC[C@H]1[C@@H](c2ccccc2)C[C@@H]2CC[C@H]1N2C,-96.0,-108.65,243.39399999999995,-243.39399999999995
7424944,[H][C@@]12CCCN1[C@H](CC(=O)OCC)CCC2,CCOC(=O)C[C@@H]1CCC[C@@H]2CCCN21,-52.2,-108.42,211.30499999999995,-211.30499999999995
7425989,CC(C)(C)OC(=O)N[C@@H](CCC=C)C(O)=O,C=CCC[C@H](NC(=O)OC(C)(C)C)C(=O)O,-1.18,48.65,229.27599999999995,229.27599999999995
7427636,OC[C@H](C=C)N1C(=O)C2=C(C=CC=C2)C1=O,C=C[C@@H](CO)N1C(=O)c2ccccc2C1=O,-72.2,-213.58,217.224,-217.224
7462028,C[C@@H](O)C1=CC=CC(F)=C1,C[C@@H](O)c1cccc(F)c1,17.8,59.25,140.15699999999998,140.15699999999998
7462244,CC[C@H](CO)CC1=CC=CC=C1,CC[C@H](CO)Cc1ccccc1,1.1,40.97,164.248,164.248
7464339,C[C@@H]([C@@H](O)CCC1=CC=CC=C1)N(=O)=O,C[C@@H]([C@@H](O)CCc1ccccc1)[N+](=O)[O-],-19.5,201.61,209.245,209.245
7464340,C[C@H]([C@@H](O)CCC1=CC=CC=C1)N(=O)=O,C[C@H]([C@@H](O)CCc1ccccc1)[N+](=O)[O-],-16.1,155.74,209.245,209.245
7464725,CC[C@@H]([C@@H](O)CCC1=CC=CC=C1)N(=O)=O,CC[C@@H]([C@@H](O)CCc1ccccc1)[N+](=O)[O-],-22.8,-23.46,223.272,-223.272
7513708,CCCCCCCC[C@H](CC)CO,CCCCCCCC[C@H](CC)CO,-1.3,55.11,186.339,186.339
7516898,[H][C@](COC)(NC(C)=O)C(=O)NCC1=CC=CC=C1,COC[C@@H](NC(C)=O)C(=O)NCc1ccccc1,16.1,86.14,250.298,250.298
7525835,C[C@@]1(CO)C[C@H]1C1=CC=CC=C1,C[C@@]1(CO)C[C@H]1c1ccccc1,-23.7,24.29,162.232,162.232
7530224,CON(C)C(=O)[C@@H](O)CC1=CC=CC=C1,CON(C)C(=O)[C@@H](O)Cc1ccccc1,-52.9,-99.06,209.245,-209.245
7533045,COC(=O)[C@@H](NC1=CC=CC=C1)C1=CC=CC=C1,COC(=O)[C@@H](Nc1ccccc1)c1ccccc1,93.7,128.57,241.29,241.29
7568437,CC1=CC=C(C=C1)[C@H]1O[C@@H]1C1=CC=C(C)C=C1,Cc1ccc([C@H]2O[C@@H]2c2ccc(C)cc2)cc1,182.0,126.37,224.30300000000005,224.30300000000005
7578901,CC(C)(C)[Si](C)(C)OC[C@H](N)C=C,C=C[C@@H](N)CO[Si](C)(C)C(C)(C)C,22.8,147.67,201.386,201.386
7579093,CCCCC[C@H](O)CCCCCCCCCC#C,C#CCCCCCCCCC[C@@H](O)CCCCC,1.1,74.74,252.44199999999995,252.44199999999995
7579787,CCCCCCCCCC#C[C@@H](O)CCCCC,CCCCCCCCCC#C[C@@H](O)CCCCC,-0.11,9.04,252.44199999999995,252.44199999999995
7582319,COC1=CC=C(CO[C@H](C)CC=O)C=C1,COc1ccc(CO[C@H](C)CC=O)cc1,-29.5,-140.96,208.257,-208.257
7587045,COC(=O)C[C@@H](C)OCC1=CC=C(OC)C=C1,COC(=O)C[C@@H](C)OCc1ccc(OC)cc1,-23.6,-285.22,238.283,-238.283
7620731,CC[C@@H]1CC(=O)CCC1(C)C,CC[C@@H]1CC(=O)CCC1(C)C,-16.6,3.94,154.253,154.253
7621502,C[Si](C)(C)O[C@@H](CCC1=CC=CC=C1)CC=C,C=CC[C@H](CCc1ccccc1)O[Si](C)(C)C,-8.9,-181.72,248.442,-248.442
7623988,ClCC(=O)N1[C@H](CC2=CC=CC=C2)COC1=O,O=C(CCl)N1C(=O)OC[C@H]1Cc1ccccc1,-86.3,23.19,253.685,253.685
7624070,COC(=O)C[C@@H]1COC2=CC=CC=C2C1=O,COC(=O)C[C@@H]1COc2ccccc2C1=O,-13.0,140.19,220.224,220.224
7633648,CC(=O)NC[C@@H](CCl)OC(C)=O,CC(=O)NC[C@@H](CCl)OC(C)=O,-9.8,-79.75,193.63,-193.63
7640246,[H][C@@]12CCCN1C(=O)C[C@@H]2NCC1=CC=CC=C1,O=C1C[C@H](NCc2ccccc2)[C@@H]2CCCN12,-36.0,-44.95,230.311,-230.311
7640345,O[C@H](COCC1=CC=CC=C1)[C@@H]1CCOC1=O,O=C1OCC[C@H]1[C@H](O)COCc1ccccc1,-7.9,-16.8,236.267,-236.267
7687124,CC(=C)C[C@@H](O)C1=CC=C(Br)C=C1,C=C(C)C[C@@H](O)c1ccc(Br)cc1,45.0,88.98,241.128,241.128
7687379,C[C@@H](O)[C@H](C)[C@@H](O)C1=CC=CC=C1,C[C@@H]([C@@H](C)O)[C@@H](O)c1ccccc1,22.9,59.26,180.247,180.247
7687630,CCCC[C@@H](O)C1=C2C=CC=CC2=CC=C1,CCCC[C@@H](O)c1cccc2ccccc12,48.0,291.96,214.308,214.308
7687840,CC(=O)O[C@H](CC=C)C1=CC=C(C)C=C1,C=CC[C@@H](OC(C)=O)c1ccc(C)cc1,-14.5,-84.78,204.269,-204.269
7688068,CC(=O)O[C@H](CC=C)C1=CC=C(Cl)C=C1,C=CC[C@@H](OC(C)=O)c1ccc(Cl)cc1,-25.0,-90.18,224.687,-224.687
7688219,CC(=O)O[C@H](CC=C)C1=C(Cl)C=CC=C1,C=CC[C@@H](OC(C)=O)c1ccccc1Cl,-68.8,107.17,224.687,224.687
7702800,O[C@@H](C=C)C#CC#CC\C=C/CCCCCC=C,C=CCCCCC/C=C\CC#CC#C[C@@H](O)C=C,11.0,256.59,242.362,242.362
7712239,COC1=C(O[C@@H](CC#N)C2=CC=CC=C2)C=CC=C1,COc1ccccc1O[C@@H](CC#N)c1ccccc1,-49.4,-454.6,253.301,-253.301
7745428,CCN(CC)[C@@H](C)[C@@H](O)C1=CC=CC=C1,CCN(CC)[C@@H](C)[C@@H](O)c1ccccc1,77.4,117.67,207.317,207.317
7756358,C[C@H]1C[C@H](O)[C@@H](C)C[C@@H]1O,C[C@H]1C[C@H](O)[C@@H](C)C[C@@H]1O,32.9,-8.63,144.214,-144.214
7757558,C[S@](=O)CC(=O)C1=CC=CC=C1,C[S@](=O)CC(=O)c1ccccc1,5.1,-331.59,182.24400000000003,-182.24400000000003
7758450,CC1=CC=C(C=C1)[S@](=O)C(F)F,Cc1ccc([S@](=O)C(F)F)cc1,224.0,275.24,190.214,190.214
7764405,[H][C@]12O[C@@]1([H])C1(CCCCC1)OC1=C2C=C(C=C1)C#N,N#Cc1ccc2c(c1)[C@H]1O[C@H]1C1(CCCCC1)O2,35.0,-53.96,241.2899999999999,-241.2899999999999
7802858,CC[C@H](CO)O[Si](C)(C)C(C)(C)C,CC[C@H](CO)O[Si](C)(C)C(C)(C)C,-4.8,32.3,204.386,204.386
7854167,C1COC2(CCC[C@H]3O[C@@H]23)O1,C1C[C@H]2O[C@H]2C2(C1)OCCO2,3.6,33.19,156.18099999999998,156.18099999999998
7856185,O=C1[C@@H](CCC2=CC=CC=C12)C1=CC=CC=C1,O=C1c2ccccc2CC[C@H]1c1ccccc1,28.0,-138.42,222.287,-222.287
7856802,CCC[C@@H]1[C@H]2CC[C@@H](C[C@H]1C1=CC=CC=C1)N2C,CCC[C@@H]1[C@H]2CC[C@@H](C[C@H]1c1ccccc1)N2C,-50.0,26.49,243.39400000000003,243.39400000000003
7875788,CCN(C)C(=O)OC1=CC=CC(=C1)[C@H](C)N(C)C,CCN(C)C(=O)Oc1cccc([C@H](C)N(C)C)c1,-33.0,-59.12,250.342,-250.342
7905435,[H][C@]12C[C@@]1(C(=O)OCC)C(=O)OC2,CCOC(=O)[C@@]12C[C@@H]1COC2=O,134.81,69.62,170.164,170.164
7905649,COC(=O)[C@H]1CCN1CC1=CC=CC=C1,COC(=O)[C@H]1CCN1Cc1ccccc1,118.0,-60.27,205.25700000000003,-205.25700000000003
7905910,C[C@@](O)(C1=CC=CC=C1)C1=CC2=CC=CC=C2C=C1,C[C@@](O)(c1ccccc1)c1ccc2ccccc2c1,13.815,-21.78,248.325,-248.325
7920255,CC(C)(C)OC(=O)N1CCC[C@H]1CC=O,CC(C)(C)OC(=O)N1CCC[C@H]1CC=O,-13.0,-147.88,213.277,-213.277
7975127,[H][C@]12OC(C)(C)O[C@@]1([H])C(=O)O[C@H]2CN=N#N,CC1(C)O[C@@H]2[C@H](CN=[N+]=[N-])OC(=O)[C@@H]2O1,-74.0,-219.98,213.193,-213.193
7986896,C=CC[C@@H]1COC(=O)N1,C=CC[C@@H]1COC(=O)N1,8.4,27.3,127.143,127.143
7991354,C([C@@H]1CO1)C1=CC=C2OCOC2=C1,c1cc2c(cc1C[C@@H]1CO1)OCO2,11.7,-47.88,178.18699999999995,-178.18699999999995
8037970,OC[C@H](O)CC1=CC=C2OCOC2=C1,OC[C@H](O)Cc1ccc2c(c1)OCO2,21.7,-67.28,196.202,-196.202
8050350,CC1=CC[C@@H](CC1)C(O)=O,CC1=CC[C@H](C(=O)O)CC1,101.0,8.9,140.182,140.182
8060557,[H][C@]12CN([C@H](C(O)=O)[C@@]1([H])C2(C)C)C(=O)OC(C)(C)C,CC(C)(C)OC(=O)N1C[C@H]2[C@@H]([C@H]1C(=O)O)C2(C)C,23.77,-67.12,255.314,-255.314
8110342,C[C@H](O[Si](C)(C)C(C)(C)C)[C@H](O)C=C,C=C[C@@H](O)[C@H](C)O[Si](C)(C)C(C)(C)C,19.6,14.31,216.397,216.397
8114413,[H][C@]12CC[C@](C)(C3=C1N=C(C#N)C(=N3)C#N)C2(C)C,CC1(C)[C@H]2CC[C@]1(C)c1nc(C#N)c(C#N)nc12,-22.4,-23.66,238.294,-238.294
8137861,[H][C@@]12CN(=O)=C[C@]1([H])OC(C)(C)O2,CC1(C)O[C@H]2C=[N+]([O-])C[C@H]2O1,-25.9,-18.46,157.16899999999998,-157.16899999999998
8138635,CC1(C)O[C@@H]2C[C@@H](O)C=C[C@@H]2O1,CC1(C)O[C@H]2C=C[C@H](O)C[C@H]2O1,7.5,104.79,170.20799999999997,170.20799999999997
8140225,C[C@H](NC1CCCC1)C1=CC=CC=C1,C[C@H](NC1CCCC1)c1ccccc1,-52.0,-183.41,189.30200000000005,-189.30200000000005
8143172,[H][C@@]12CCC(=O)N1[C@H](CCC)CCC2,CCC[C@@H]1CCC[C@@H]2CCC(=O)N12,-97.3,-16.11,181.279,-181.279
8198303,CC(=O)O[C@H]1CCCC=C1,CC(=O)O[C@@H]1C=CCCC1,-20.3,24.95,140.182,140.182
8201355,ClC1=CC=C(C=C1)[C@H]1CCC(=O)C1,O=C1CC[C@H](c2ccc(Cl)cc2)C1,-79.0,309.49,194.661,194.661
8209950,COC1=CC=C(COCC[C@H](O)[C@H](C)C=C)C=C1,C=C[C@@H](C)[C@@H](O)CCOCc1ccc(OC)cc1,-22.5,-158.6,250.338,-250.338
8253533,C[C@@H]1O[C@@H](O)C=CC1=O,C[C@@H]1O[C@@H](O)C=CC1=O,44.0,110.18,128.12699999999998,128.12699999999998
8255688,O[C@H](C1=CC=CC=C1)C1=CC=C(Cl)C=C1,O[C@H](c1ccccc1)c1ccc(Cl)cc1,-12.5,-323.64,218.683,-218.683
8256986,COC1=C(OC)C=C(C=C1)[C@H](C)C(O)=O,COc1ccc([C@H](C)C(=O)O)cc1OC,70.0,110.88,210.229,210.229
8261740,CCCCCC[C@@H]1O[C@H]1C(=O)C1=CC=CC=C1,CCCCCC[C@@H]1O[C@H]1C(=O)c1ccccc1,-12.0,50.64,232.323,232.323
8263385,CCOC(=O)[C@@H]1CS[C@@]2(C)CCCC(=O)N12,CCOC(=O)[C@@H]1CS[C@@]2(C)CCCC(=O)N12,-123.3,-117.31,243.32799999999995,-243.32799999999995
8263412,[H][C@@]12C=C(CCCC)C(=O)[C@]1([H])[C@@H]1C[C@H]2C=C1,CCCCC1=C[C@@H]2[C@H](C1=O)[C@H]1C=C[C@@H]2C1,-137.3,16.17,202.297,202.297
8263712,[H][C@]1(CCCCC1=O)[C@@H](CN(=O)=O)C1=CC=CS1,O=C1CCCC[C@H]1[C@@H](C[N+](=O)[O-])c1cccs1,-15.1,-115.13,253.323,-253.323
8312953,O[C@H](COC1=CC=CC=C1)C1=CC=CC=C1,O[C@H](COc1ccccc1)c1ccccc1,35.4,1.97,214.264,214.264
8314965,C[C@H](CC=O)N1C(=O)C2=CC=CC=C2C1=O,C[C@H](CC=O)N1C(=O)c2ccccc2C1=O,3.4,-101.86,217.224,-217.224
8315514,CC(C)[C@H](NC(=O)OC(C)(C)C)C(=O)C#C,C#CC(=O)[C@@H](NC(=O)OC(C)(C)C)C(C)C,55.3,184.2,225.288,225.288
8318351,C[C@]1(CC=C)CCC2=CC=CC=C2C1=O,C=CC[C@@]1(C)CCc2ccccc2C1=O,26.6,43.79,200.281,200.281
8318841,C\C=C\C[C@@]1(C)CCC2=CC=CC=C2C1=O,C/C=C/C[C@@]1(C)CCc2ccccc2C1=O,17.4,26.77,214.308,214.308
8404950,CC[C@H]1CCCCC(=O)C1,CC[C@H]1CCCCC(=O)C1,-35.8,-157.4,140.226,-140.226
8406546,O[C@@H](CCl)C1=CC=C(Cl)C(Cl)=C1,O[C@@H](CCl)c1ccc(Cl)c(Cl)c1,-32.7,2.03,225.502,225.502
8408359,O[C@@H](CC=C)C1=CC2=CC=CC=C2C=C1,C=CC[C@H](O)c1ccc2ccccc2c1,-23.6,-188.56,198.265,-198.265
8410230,C[C@@H]([C@@H](O)C1=CC=CC=C1)N1CCCC1,C[C@@H]([C@@H](O)c1ccccc1)N1CCCC1,22.8,103.4,205.30099999999996,205.30099999999996
8411496,COC(=O)CCCC[C@H](O)CC(=O)OC,COC(=O)CCCC[C@H](O)CC(=O)OC,14.3,134.3,218.249,218.249
8416387,[H][C@]1(CCCCC1=O)[C@@H](CN(=O)=O)C1=CC=CO1,O=C1CCCC[C@H]1[C@@H](C[N+](=O)[O-])c1ccco1,-8.35,-46.8,237.255,-237.255
8485892,[H][C@@]12C=C(C(=O)[C@]1([H])[C@@H]1C[C@H]2C=C1)C(C)(C)O,CC(C)(O)C1=C[C@@H]2[C@H](C1=O)[C@H]1C=C[C@@H]2C1,-51.5,22.14,204.269,204.269
8543928,C[C@H](O)[C@H](C)[C@@H](O)C1=CC=CC=C1,C[C@@H]([C@H](C)O)[C@@H](O)c1ccccc1,25.5,0.25,180.247,180.247
8547762,C[C@@H](CO)N1C=NC2=C1N=CN=C2N,C[C@@H](CO)n1cnc2c(N)ncnc21,8.2,-64.97,193.21,-193.21
8548156,[H][C@@]12NC3=CC=CC=C3[C@]1(O)CCO2,O[C@@]12CCO[C@@H]1Nc1ccccc12,-111.0,-147.39,177.203,-177.203
8555907,CC[C@@H](CC(O)=O)NC(=O)OCC1=CC=CC=C1,CC[C@@H](CC(=O)O)NC(=O)OCc1ccccc1,-21.8,-19.77,251.282,-251.282
8615243,C\C=C\[C@@H](O)C#C[Si](C)(C)C,C/C=C/[C@@H](O)C#C[Si](C)(C)C,-21.2,100.58,168.31199999999998,168.31199999999998
8615422,O=C1CCC[C@H](CN(=O)=O)C1,O=C1CCC[C@H](C[N+](=O)[O-])C1,-7.4,-34.75,157.16899999999998,-157.16899999999998
8616327,CCCCCC[C@H](CC)CO,CCCCCC[C@H](CC)CO,1.2,-79.46,158.285,-158.285
8619969,CC(C)(C)[Si](C)(C)OC[C@H](O)C1=CC=CO1,CC(C)(C)[Si](C)(C)OC[C@H](O)c1ccco1,-15.4,-58.21,242.391,-242.391
8621136,COC(=O)C[C@@H](CCO)C1=CC=C(F)C=C1,COC(=O)C[C@@H](CCO)c1ccc(F)cc1,-16.0,-111.58,226.247,-226.247
8622160,COC(=O)C(=C)[C@@H](O)C1CCCCC1,C=C(C(=O)OC)[C@@H](O)C1CCCCC1,-4.36,-31.75,198.26199999999992,-198.26199999999992
8680533,CC(C)[C@H](O)C1=C(C)COC1=O,CC1=C([C@@H](O)C(C)C)C(=O)OC1,-34.3,-22.95,170.20799999999997,-170.20799999999997
8681935,OC(=O)C[C@H](CC=C)C1=CC=CC=C1,C=CC[C@@H](CC(=O)O)c1ccccc1,-20.0,238.17,190.242,190.242
8682333,COC1=CC(=CC=C1)[C@H](O)C1=CC=CC=C1,COc1cccc([C@H](O)c2ccccc2)c1,-15.23,432.25,214.264,214.264
8684015,O=C1CCCC[C@@H](C1)C1=CC=CC=C1,O=C1CCCC[C@H](c2ccccc2)C1,-10.0,40.94,188.27,188.27
8684336,CC(C)(C)[C@H](N)C1=CC=CC2=CC=CC=C12,CC(C)(C)[C@H](N)c1cccc2ccccc12,-59.1,-106.67,213.324,-213.324
8685033,C[C@H]1OC(C)(C)O[C@@H]1C[C@@H](O)CC#C,C#CC[C@H](O)C[C@H]1OC(C)(C)O[C@@H]1C,44.0,95.04,198.262,198.262
8688978,C[C@H](NCC1=CC=CC=N1)[C@@H](O)C1=CC=CC=C1,C[C@H](NCc1ccccn1)[C@@H](O)c1ccccc1,92.1,-224.49,242.322,-242.322
8689360,CSC1=NC[C@]2(S1)C(=O)NC1=C2C=CC=C1,CSC1=NC[C@]2(S1)C(=O)Nc1ccccc12,-135.5,-547.21,250.348,-250.348
8690614,C[Si](C)(C)O[C@@]1(CCC2=C1C=CC=C2)C#N,C[Si](C)(C)O[C@]1(C#N)CCc2ccccc21,10.4,-10.36,231.371,-231.371
8695282,[H][C@@]12CCCN1[C@H](CCC)CC[C@H]2CCC,CCC[C@@H]1CC[C@@H](CCC)N2CCC[C@@H]12,-89.0,-116.54,209.377,-209.377
8760827,C[C@@H](O)CCCCC=C,C=CCCCC[C@@H](C)O,7.1,-170.82,128.21499999999995,-128.21499999999995
8760997,C[C@H](O)C1=CC=CC(=C1)N(=O)=O,C[C@H](O)c1cccc([N+](=O)[O-])c1,-34.9,-88.2,167.164,-167.164
8761870,CC[C@@H]1CC(=O)C2=C1C=CC=C2,CC[C@@H]1CC(=O)c2ccccc21,-8.3,-56.4,160.21599999999998,-160.21599999999998
8761920,O[C@@H](CC=C)C1=CC=CC(Br)=C1,C=CC[C@H](O)c1cccc(Br)c1,-41.6,-10.68,227.101,-227.101
8762774,C[C@@H](O)C1=CC=C(C=C1)C1=CC=CC=C1,C[C@@H](O)c1ccc(-c2ccccc2)cc1,46.2,245.86,198.265,198.265
8763867,CC(C)[C@H]1CC(=O)C2=C(S1)C=CC=C2,CC(C)[C@H]1CC(=O)c2ccccc2S1,-74.26249999999999,-198.68,206.31,-206.31
8764438,[H][C@@]12C=C(F)C(=O)[C@]1([H])[C@H]2C(=O)OCC,CCOC(=O)[C@H]1[C@@H]2C=C(F)C(=O)[C@@H]21,-96.75,-219.16,184.166,-184.166
8764495,CC[C@@H]1CNCC[C@@H]1C1=CC=CC=C1,CC[C@@H]1CNCC[C@@H]1c1ccccc1,-96.1,-99.67,189.302,-189.302
8765995,[H][C@@]12[C@H]3O[C@H]3C(=O)[C@]1([H])[C@H]2C(=O)OCC,CCOC(=O)[C@@H]1[C@H]2C(=O)[C@@H]3O[C@@H]3[C@@H]12,12.23,7.36,182.175,182.175
8766377,C[C@@](O)(CC=C)C1=CC2=C(C=CC=C2)C=C1,C=CC[C@@](C)(O)c1ccc2ccccc2c1,43.1,349.28,212.292,212.292
8767731,[H][C@@]12C=C(CO)C(=O)[C@]1([H])[C@@H]1C[C@H]2C=C1,O=C1C(CO)=C[C@@H]2[C@H]1[C@H]1C=C[C@@H]2C1,-84.6,-26.43,176.21499999999995,-176.21499999999995
8767738,[H][C@@]12CCC(=O)N1[C@@H](CCC)CCC2,CCC[C@H]1CCC[C@@H]2CCC(=O)N21,48.2,-12.97,181.279,-181.279
8769783,[H][C@@]12C=C(F)C(=O)[C@]1([H])[C@H]2C(=O)OCCO,O=C(OCCO)[C@H]1[C@@H]2C=C(F)C(=O)[C@@H]21,-181.3,-247.18,200.165,-200.165
8830208,O[C@@H](C#N)C1=CC=CC=C1F,N#C[C@H](O)c1ccccc1F,26.6,-39.14,151.13999999999996,-151.13999999999996
8830415,O[C@@H]1C=CCN2[C@H]1COC2=O,O=C1OC[C@H]2[C@H](O)C=CCN12,18.2,142.74,155.15299999999996,155.15299999999996
8836223,CCOC(=O)[C@@H](C)OC1=C(C)C=C(Cl)C=C1,CCOC(=O)[C@@H](C)Oc1ccc(Cl)cc1C,28.2,216.01,242.702,242.702
8837618,CC(C)([C@@H]1CCC(=C1)C(O)=O)C(O)=O,CC(C)(C(=O)O)[C@H]1C=C(C(=O)O)CC1,19.1,74.41,198.21799999999996,198.21799999999996
8839010,CCCCS[C@H](C)CC(=O)N1CCOC1=O,CCCCS[C@H](C)CC(=O)N1CCOC1=O,7.0,65.62,245.34399999999997,245.34399999999997
8899571,C1CO[C@H](C1)C1=CC=CC=C1,c1ccc([C@H]2CCCO2)cc1,27.1,148.24,148.205,148.205
8899905,CC[S@@](=O)C1=CC=C(Br)C=C1,CC[S@@](=O)c1ccc(Br)cc1,69.0,348.42,233.13,233.13
8903294,CC(C)(C)[Si](C)(C)OC[C@@H]1O[C@H]1C=C,C=C[C@@H]1O[C@H]1CO[Si](C)(C)C(C)(C)C,-29.2,74.09,214.381,214.381
8907714,CCC(=O)C(C)(C)[C@@H](O)CC(=O)OC(C)(C)C,CCC(=O)C(C)(C)[C@@H](O)CC(=O)OC(C)(C)C,-33.3,-50.34,244.331,-244.331
8918062,COC1=CC=C(C)C=C1[C@@]1(C)CCC[C@@]1(C)CO,COc1ccc(C)cc1[C@@]1(C)CCC[C@@]1(C)CO,-12.0,-5.9,248.36599999999996,-248.36599999999996
8974024,CC(C)[C@H](O)C1=CC=CN=C1,CC(C)[C@H](O)c1cccnc1,-2.1,-49.03,151.20899999999995,-151.20899999999995
8975262,C[C@H](OC(C)=O)\C=C/C(O)=O,CC(=O)O[C@@H](C)/C=C\C(=O)O,18.85,-1.31,158.153,-158.153
8975683,C[C@H](O)C1=CC(F)=CC(F)=C1,C[C@H](O)c1cc(F)cc(F)c1,-34.8,-39.83,158.147,-158.147
8975966,C[C@@H](O)C1=CC=C(C=C1)S(C)(=O)=O,C[C@@H](O)c1ccc(S(C)(=O)=O)cc1,17.6,66.92,200.259,200.259
8976760,C[C@@](O)(CC=C)C1=CC(Br)=CC=C1,C=CC[C@@](C)(O)c1cccc(Br)c1,36.1,94.46,241.128,241.128
9042806,CC(C)(C)[C@H](O)CN(=O)=O,CC(C)(C)[C@H](O)C[N+](=O)[O-],27.15,58.98,147.17399999999998,147.17399999999998
9042822,CC(C)C[C@@H](O)CN(=O)=O,CC(C)C[C@@H](O)C[N+](=O)[O-],2.18,43.24,147.17399999999998,147.17399999999998
9043093,CCC(CC)[C@@H](O)CN(=O)=O,CCC(CC)[C@@H](O)C[N+](=O)[O-],-18.4,-47.77,161.20099999999996,-161.20099999999996
9043992,C[C@@H](OC(C)=O)C#CC(O)=O,CC(=O)O[C@H](C)C#CC(=O)O,139.1,18.83,156.137,156.137
9044757,CC1=CC=C(C=C1)[C@H](O)CN(=O)=O,Cc1ccc([C@H](O)C[N+](=O)[O-])cc1,26.950000000000003,-61.92,181.191,-181.191
9049997,O[C@H](CN(=O)=O)C1=CC=CC2=CC=CC=C12,O=[N+]([O-])C[C@@H](O)c1cccc2ccccc12,26.0,87.43,217.224,217.224
9050080,COC1=CC=C(C=C1OC)[C@H](O)CN(=O)=O,COc1ccc([C@H](O)C[N+](=O)[O-])cc1OC,25.85,-182.38,227.21599999999995,-227.21599999999995
9050971,O[C@@H](C#CC1=CC=CC=C1)C1=CC=C(F)C=C1,O[C@@H](C#Cc1ccccc1)c1ccc(F)cc1,5.2,19.55,226.25,226.25
9051880,COC1=CC=CC=C1[C@@H](O)C#CC1=CC=CC=C1,COc1ccccc1[C@@H](O)C#Cc1ccccc1,-4.7,-197.64,238.286,-238.286
9052382,COC1=CC(=CC=C1)[C@@H](O)C#CC1=CC=CC=C1,COc1cccc([C@@H](O)C#Cc2ccccc2)c1,1.4,523.3,238.286,238.286
9052671,C[C@H](CC1=CC=CC=C1)C(=O)NCC1=CC=CC=C1,C[C@H](Cc1ccccc1)C(=O)NCc1ccccc1,6.3,-104.25,253.345,-253.345
9058728,[H][C@@]12CCCN1[C@H](CCC)[C@H](CC)C[C@H]2CC,CCC[C@@H]1[C@H](CC)C[C@@H](CC)[C@@H]2CCCN12,-27.3,-66.06,223.40399999999997,-223.40399999999997
9125300,O=C([C@H]1N[C@H]1C1=CC=CC=C1)C1=CC=CC=C1,O=C(c1ccccc1)[C@H]1N[C@H]1c1ccccc1,-111.0,-423.5,223.275,-223.275
9189702,C[C@H](OCC=C)[C@@H](O)C=C,C=CCO[C@@H](C)[C@@H](O)C=C,41.8,242.92,142.19799999999995,142.19799999999995
9200146,CC1(C)[C@@H]2CC[C@@]1(C)[C@](O)(C2)C(=O)C=C,C=CC(=O)[C@@]1(O)C[C@H]2CC[C@]1(C)C2(C)C,-34.5,91.76,208.301,208.301
9204932,COC(=C=C)[C@@]1(O)C[C@H]2CC[C@]1(C)C2(C)C,C=C=C(OC)[C@@]1(O)C[C@H]2CC[C@]1(C)C2(C)C,38.0,86.54,222.32799999999995,222.32799999999995
9257466,COC1=CC=C(C=C1)[C@@H](O)CC#C,C#CC[C@H](O)c1ccc(OC)cc1,-27.1,-10.35,176.21499999999995,-176.21499999999995
9257879,O[C@H](C1=CC=CC=C1)C1=CC=CC(Cl)=C1,O[C@H](c1ccccc1)c1cccc(Cl)c1,-29.36,-146.43,218.683,-218.683
9260114,CC1=CC=C(C=C1)[C@H](O)C#CC1=CC=CC=C1,Cc1ccc([C@H](O)C#Cc2ccccc2)cc1,-1.7,38.09,222.28700000000003,222.28700000000003
9262885,COC1=CC=C(C=C1)[C@H](O)C#CC1=CC=CC=C1,COc1ccc([C@H](O)C#Cc2ccccc2)cc1,-5.35,-221.03,238.286,-238.286
9263527,CCOC(=O)C[C@@H]1COC2=CC=CC=C2C1=O,CCOC(=O)C[C@@H]1COc2ccccc2C1=O,-11.55,196.15,234.251,234.251
9264936,O[C@@H](C#CC1=CC=CC=C1)C1=CC=CC=C1N(=O)=O,O=[N+]([O-])c1ccccc1[C@@H](O)C#Cc1ccccc1,-12.8,-531.44,253.257,-253.257
9266158,CCOC(=O)C[C@@H]1COC2=C(C)C=CC=C2C1=O,CCOC(=O)C[C@@H]1COc2c(C)cccc2C1=O,-13.325,244.93,248.278,248.278
9268649,CCOC(=O)C[C@@H]1COC2=CC=C(C)C=C2C1=O,CCOC(=O)C[C@@H]1COc2ccc(C)cc2C1=O,-13.5,153.73,248.278,248.278
9322007,CC[C@@H](CC1=CC=CC=C1)C=C,C=C[C@@H](CC)Cc1ccccc1,1.2,45.57,160.26,160.26
9322337,CCCCC[C@H](CC)CO,CCCCC[C@H](CC)CO,1.7,13.19,144.258,144.258
9322824,CC1=CC=C(C=C1)[C@](C)(O)CO,Cc1ccc([C@](C)(O)CO)cc1,11.0,15.37,166.22000000000003,166.22000000000003
9323102,CC[C@H]([C@@H](O)C1=CC=CC=C1)N(=O)=O,CC[C@H]([C@@H](O)c1ccccc1)[N+](=O)[O-],-9.7,-8.33,195.218,-195.218
9323303,CC1=CC=CC(=C1)[C@](C)(O)CC=C,C=CC[C@@](C)(O)c1cccc(C)c1,56.9,267.83,176.25899999999996,176.25899999999996
9323720,C[C@H]([C@@H](O)C1=CC=C(F)C=C1)N(=O)=O,C[C@H]([C@@H](O)c1ccc(F)cc1)[N+](=O)[O-],-22.47,-26.45,199.181,-199.181
9324676,O[C@H](C#CC1=CC=CC=C1)C1=CC=CO1,O[C@H](C#Cc1ccccc1)c1ccco1,-19.2,-83.92,198.221,-198.221
9326889,C[C@@H]1CNCCN1C1=C(Cl)N=CC=N1,C[C@@H]1CNCCN1c1nccnc1Cl,-43.0,-419.64,212.68400000000003,-212.68400000000003
9327428,O=C1CC[C@@H](O1)C1=CC=C2C=CC=CC2=C1,O=C1CC[C@H](c2ccc3ccccc3c2)O1,14.9,223.8,212.248,212.248
9329990,C[C@@](O)(CC=C)C1=CC(=CC=C1)C(F)(F)F,C=CC[C@@](C)(O)c1cccc(C(F)(F)F)c1,31.0,64.65,230.22899999999996,230.22899999999996
9387688,O[C@H](CC=C)C1=CC=CC=C1Cl,C=CC[C@@H](O)c1ccccc1Cl,65.6,178.34,182.65,182.65
9390217,C[C@@H]1O[C@@H](OCC2=CC=CC=C2)C=CC1=O,C[C@@H]1O[C@@H](OCc2ccccc2)C=CC1=O,46.0,-264.7,218.252,-218.252
9391387,CCOC(=O)C(=[N]#N)[C@@H](O)C1=CC=CC=C1,CCOC(=O)C(=[N+]=[N-])[C@@H](O)c1ccccc1,29.51,630.47,220.22800000000004,220.22800000000004
9394056,CC(=O)[C@]1(CC(C)(C)OC1=O)C1=CC=CC=C1,CC(=O)[C@@]1(c2ccccc2)CC(C)(C)OC1=O,138.0,-394.04,232.27899999999997,-232.27899999999997
9399211,O[C@H]1CCN(C(=O)OCC2=CC=CC=C2)C1=O,O=C(OCc1ccccc1)N1CC[C@H](O)C1=O,-63.9,85.08,235.23899999999995,235.23899999999995
9401443,C[Si](C)(C)O[C@@]1(CCCC2=C1C=CC=C2)C#N,C[Si](C)(C)O[C@]1(C#N)CCCc2ccccc21,11.5,-107.15,245.398,-245.398
9477270,CCCC[C@@H](O)CN(=O)=O,CCCC[C@@H](O)C[N+](=O)[O-],-8.4,12.96,147.17399999999998,147.17399999999998
9478362,COC1=C(C=CC=C1)[C@H](O)CN(=O)=O,COc1ccccc1[C@H](O)C[N+](=O)[O-],43.4,0.91,197.19,197.19
9478644,O[C@H](CN(=O)=O)C1=CC=C(Cl)C=C1,O=[N+]([O-])C[C@@H](O)c1ccc(Cl)cc1,28.0,-60.3,201.609,-201.609
9478648,O[C@H](CN(=O)=O)C1=CC=C(F)C=C1,O=[N+]([O-])C[C@@H](O)c1ccc(F)cc1,37.05,-64.54,185.154,-185.154
9478663,O[C@H](CN(=O)=O)C1=C(Cl)C=CC=C1,O=[N+]([O-])C[C@@H](O)c1ccccc1Cl,45.5,305.62,201.609,201.609
9479264,CC[C@@H]1CCC2=CC=CC=C2N1,CC[C@@H]1CCc2ccccc2N1,48.9,107.83,161.248,161.248
9479677,O[C@@H]([C@H](O)C1=CC=CO1)C1=CC=CO1,O[C@H](c1ccco1)[C@H](O)c1ccco1,32.5,-17.15,194.186,-194.186
9480657,CCCCCC[C@@H](O)[C@@H](C)CO,CCCCCC[C@@H](O)[C@@H](C)CO,16.1,77.13,174.28399999999996,174.28399999999996
9480946,OC[C@@H](NC1=CC=CC=C1)C1=CC=CC=C1,OC[C@@H](Nc1ccccc1)c1ccccc1,-26.2,313.54,213.28,213.28
9481029,O[C@H](CN(=O)=O)C1=C(C=CC=C1)N(=O)=O,O=[N+]([O-])C[C@@H](O)c1ccccc1[N+](=O)[O-],-141.45,-159.42,212.161,-212.161
9481069,O[C@H](CN(=O)=O)C1=CC=C(C=C1)N(=O)=O,O=[N+]([O-])C[C@@H](O)c1ccc([N+](=O)[O-])cc1,28.255000000000003,-4.42,212.161,-212.161
9482856,C1CC2=CC=CC=C2N[C@@H]1C1=CC=CC=C1,c1ccc([C@@H]2CCc3ccccc3N2)cc1,-44.3,-155.43,209.29200000000003,-209.29200000000003
9484729,C[C@@]1(CC=C)C(=O)CCC2=CC=CC=C12,C=CC[C@]1(C)C(=O)CCc2ccccc21,-38.0,101.81,200.281,200.281
9485289,COC(=O)C[C@H](C)C1=CC=C(C=C1OC)N(C)C,COC(=O)C[C@H](C)c1ccc(N(C)C)cc1OC,20.1,13.25,251.326,251.326
9485495,O[C@@H](CN(=O)=O)C1=CC=C(C=C1)C1=CC=CC=C1,O=[N+]([O-])C[C@H](O)c1ccc(-c2ccccc2)cc1,-39.7,266.87,243.262,243.262
9486217,C=CC[C@@]1(CCCCC1=O)C1=CC=CC=C1,C=CC[C@]1(c2ccccc2)CCCCC1=O,232.8,328.67,214.3079999999999,214.3079999999999
9488382,CCCCCCCC[C@@H](O)[C@@H](C)C(O)=O,CCCCCCCC[C@@H](O)[C@@H](C)C(=O)O,1.9,-2.4,216.321,-216.321
9550304,CC(C)[C@@](C)(O)C1=CC=CC=C1,CC(C)[C@@](C)(O)c1ccccc1,8.11,54.98,164.248,164.248
9554949,C[C@@](O)(C1=CCCCC1)C1=CC=CC=C1,C[C@@](O)(C1=CCCCC1)c1ccccc1,-7.18,187.24,202.29700000000005,202.29700000000005
9559059,C[C@@H](O)CCCCCO[Si](C)(C)C(C)(C)C,C[C@@H](O)CCCCCO[Si](C)(C)C(C)(C)C,8.0,43.4,246.467,246.467
9619440,CC(C)(C)[Si](C)(C)OC[C@@H](O)C=C,C=C[C@H](O)CO[Si](C)(C)C(C)(C)C,-332.4,-104.75,202.37,-202.37
9622755,CC(C)(C)C(=O)OCC[C@H](O)CC#C,C#CC[C@@H](O)CCOC(=O)C(C)(C)C,-10.7,76.75,198.262,198.262
9623846,CC1=NC(=CC=C1)N1O[C@@H]2CCC[C@H]1C=C2,Cc1cccc(N2O[C@H]3C=C[C@@H]2CCC3)n1,-167.0,-144.37,216.284,-216.284
9695956,O[C@@H](C1=CC=CC=C1)C1=CC=CN=C1,O[C@@H](c1ccccc1)c1cccnc1,-3.64,394.82,185.226,185.226
9696054,COC1=CC=C(C=C1)[C@@H](O)CN(=O)=O,COc1ccc([C@@H](O)C[N+](=O)[O-])cc1,-33.55,16.05,197.19,197.19
9709273,[H][C@@]12CCC(C)=C1[C@H](O)[C@@]1(CC[C@@]2(C)O1)C(C)C,CC1=C2[C@@H](CC1)[C@@]1(C)CC[C@](C(C)C)(O1)[C@H]2O,11.6,9.81,236.355,236.355
9757124,CC[C@H](O)CN(=O)=O,CC[C@H](O)C[N+](=O)[O-],16.1,32.27,119.12,119.12
9757343,CCC[C@@H](O)CN(=O)=O,CCC[C@@H](O)C[N+](=O)[O-],-9.04,48.12,133.147,133.147
9757744,CCOC(=O)C[C@@H](O)C=C,C=C[C@H](O)CC(=O)OCC,6.7,58.32,144.17,144.17
9758654,O[C@H](CC1=CC=CC=C1)CN(=O)=O,O=[N+]([O-])C[C@H](O)Cc1ccccc1,15.7,-23.29,181.19100000000003,-181.19100000000003
9759885,CC(C)(C=O)[C@@H](CN(=O)=O)C1=CC=CC=C1,CC(C)(C=O)[C@@H](C[N+](=O)[O-])c1ccccc1,-1.5,-1.27,221.25600000000003,-221.25600000000003
9765416,C[C@@H]1OC(C)(C)O[C@H]1\C=C\C(=O)C1=CC=CO1,C[C@@H]1OC(C)(C)O[C@H]1/C=C/C(=O)c1ccco1,-17.0,-106.97,236.267,-236.267
9768910,COC1=C(N[C@@H]2CCCC[C@H]2O)C=CC=C1,COc1ccccc1N[C@@H]1CCCC[C@H]1O,-62.1,-34.99,221.29999999999995,-221.29999999999995
9770393,C[C@@H]1OC(C)(C)O[C@H]1CC[C@@H]1OC(=O)C=CC1=O,C[C@@H]1OC(C)(C)O[C@H]1CC[C@@H]1OC(=O)C=CC1=O,-54.0,-247.83,254.28199999999995,-254.28199999999995
9777830,CCOC(=O)C1=C(C)OC(=C1)[C@H](O)[C@H](O)CO,CCOC(=O)c1cc([C@H](O)[C@H](O)CO)oc1C,13.0,56.31,244.243,244.243
9846157,C[C@@]1(CC=C)CCCCC1=O,C=CC[C@]1(C)CCCCC1=O,-9.2,194.09,152.237,152.237
9846405,O[C@H](CN(=O)=O)C1=C(Br)C=CC=C1,O=[N+]([O-])C[C@@H](O)c1ccccc1Br,38.1,281.26,246.06,246.06
9846413,O[C@H](CN(=O)=O)C1=C(F)C=CC=C1,O=[N+]([O-])C[C@@H](O)c1ccccc1F,36.400000000000006,230.93,185.154,185.154
9846497,COC1=C(OC)C=C(C[C@H](C)O)C=C1,COc1ccc(C[C@H](C)O)cc1OC,26.4,-39.29,196.246,-196.246
9848229,CCCCCC[C@H](CO)CCO,CCCCCC[C@H](CO)CCO,2.5,-85.08,174.284,-174.284
9848430,O[C@H](CN(=O)=O)C1=CC=C(Cl)C=C1Cl,O=[N+]([O-])C[C@@H](O)c1ccc(Cl)cc1Cl,45.5,255.08,236.054,236.054
9849718,CCCCC\C=N\N1[C@H](C)CC[C@H]1C,CCCCC/C=N/N1[C@H](C)CC[C@H]1C,-16.3,-89.04,196.338,-196.338
9849734,CCOC(=O)[C@@H](O)[C@@H](C)C(=O)C1=CC=CC=C1,CCOC(=O)[C@@H](O)[C@@H](C)C(=O)c1ccccc1,20.6,-42.6,236.267,-236.267
9849735,CCOC(=O)[C@@H](O)[C@H](C)C(=O)C1=CC=CC=C1,CCOC(=O)[C@@H](O)[C@H](C)C(=O)c1ccccc1,7.6,5.21,236.267,236.267
9851673,CCOC(=O)[C@@H](O)[C@@H](CC)C(=O)C1=CC=CC=C1,CCOC(=O)[C@@H](O)[C@@H](CC)C(=O)c1ccccc1,53.8,76.88,250.294,250.294
9851674,CCOC(=O)[C@@H](O)[C@H](CC)C(=O)C1=CC=CC=C1,CCOC(=O)[C@@H](O)[C@H](CC)C(=O)c1ccccc1,-16.8,-133.47,250.294,-250.294
9854919,CC(=O)[C@H]1O[C@@H]2OC(=O)C[C@@H]2[C@@H]1C(=C)C(C)(C)C,C=C([C@H]1[C@H]2CC(=O)O[C@H]2O[C@@H]1C(C)=O)C(C)(C)C,9.18,-60.42,252.31,-252.31
9899792,O=C([C@H]1CO1)C1=CC=CC=C1,O=C(c1ccccc1)[C@H]1CO1,53.7,-46.65,148.16099999999994,-148.16099999999994
9900844,CC1=CC=CC(=C1)[C@H](O)CC=C,C=CC[C@@H](O)c1cccc(C)c1,43.9,38.75,162.23199999999997,162.23199999999997
9901371,O[C@@H](CC=C)C1=CC(Cl)=CC=C1,C=CC[C@H](O)c1cccc(Cl)c1,46.2,-132.0,182.65,-182.65
9902158,O[C@H](CN(=O)=O)\C=C\C1=CC=CC=C1,O=[N+]([O-])C[C@@H](O)/C=C/c1ccccc1,12.7,-438.17,193.202,-193.202
9903047,O[C@H](CC=C)C1=CC=C(C=C1)C#N,C=CC[C@@H](O)c1ccc(C#N)cc1,17.7,148.03,173.21499999999995,173.21499999999995
9904445,CCCCCC[C@H]1O[C@]1(C)CO,CCCCCC[C@H]1O[C@]1(C)CO,16.2,-48.55,172.26799999999997,-172.26799999999997
9906627,O[C@H]1CCC(=O)N[C@H]1C1=CC=CC=C1,O=C1CC[C@H](O)[C@H](c2ccccc2)N1,42.7,146.01,191.23,191.23
9906940,CCCCCC[C@@H](C)C[C@H](C)CO,CCCCCC[C@@H](C)C[C@H](C)CO,-17.3,12.31,186.339,186.339
9908298,O[C@H](CN(=O)=O)C1=CC2=C(C=CC=C2)C=C1,O=[N+]([O-])C[C@@H](O)c1ccc2ccccc2c1,28.3,-212.24,217.224,-217.224
9910492,O[C@@H](\C=C\C1=CC=CC=C1)C#CC1=CC=CC=C1,O[C@H](C#Cc1ccccc1)/C=C/c1ccccc1,-2.1,452.1,234.298,234.298
9911024,O[C@@H](\C=C\C1=CC=CC=C1)C1CCCCC1,O[C@@H](/C=C/c1ccccc1)C1CCCCC1,-22.8,-485.56,216.32399999999996,-216.32399999999996
9918473,[H][C@]12C[C@]1([C@@H](O)[C@@]1([H])OC(C)(C)O[C@@]21[H])C(=O)OCC,CCOC(=O)[C@@]12C[C@@H]1[C@@H]1OC(C)(C)O[C@@H]1[C@@H]2O,72.0,81.09,242.271,242.271
9918900,[H][C@]12C[C@@]1(C(=O)OCC)[C@@]1([H])OC(C)(C)O[C@@]1([H])[C@H]2O,CCOC(=O)[C@@]12C[C@@H]1[C@H](O)[C@@H]1OC(C)(C)O[C@@H]12,124.0,143.96,242.271,242.271
9994985,CCC[C@H](OC(C)=O)C=C,C=C[C@H](CCC)OC(C)=O,-4.4,-3.53,142.19799999999998,-142.19799999999998
9995387,C[C@@H]1[C@H](OC1=O)C1=CC=CC=C1,C[C@H]1C(=O)O[C@@H]1c1ccccc1,46.6,-38.27,162.188,-162.188
9996183,O[C@@H](C#N)C1=CC=CC=C1N(=O)=O,N#C[C@H](O)c1ccccc1[N+](=O)[O-],26.6,273.25,178.14699999999996,178.14699999999996
9997713,CC1=CC(=CC=C1)[C@H]1CCC(=O)C1,Cc1cccc([C@H]2CCC(=O)C2)c1,-89.0,307.2,174.243,174.243
9999889,CC(C)(C)[Si](C)(C)OC[C@H]1OC(=O)CC=C1,CC(C)(C)[Si](C)(C)OC[C@@H]1C=CCC(=O)O1,-71.0,-120.83,242.391,-242.391
10000027,CCOC(=O)[C@H](CC)[C@@H](O)C1=CC=CC=C1,CCOC(=O)[C@H](CC)[C@@H](O)c1ccccc1,-3.56,48.77,222.284,222.284
10000290,C[C@H]1CC(=O)OC2=C1C(=O)OC(C)=C2,Cc1cc2c(c(=O)o1)[C@@H](C)CC(=O)O2,8.1,84.19,194.18599999999995,194.18599999999995
10002805,CC1=CC=C2C(=O)C[C@H](C2=C1)C1=CC=CC=C1,Cc1ccc2c(c1)[C@H](c1ccccc1)CC2=O,20.3,87.39,222.287,222.287
10003794,C[C@H]1CC(=O)OC2=C1C(=O)CC(C)(C)C2,C[C@H]1CC(=O)OC2=C1C(=O)CC(C)(C)C2,-5.0,-80.31,208.25699999999995,-208.25699999999995
10004360,[H][C@@]12C[C@@]([H])(C=C1)[C@]1([H])C(=O)C(=C[C@]21[H])[Si](C)(C)C,C[Si](C)(C)C1=C[C@H]2[C@@H](C1=O)[C@@H]1C=C[C@H]2C1,47.35,-41.9,218.372,-218.372
10005271,CC[C@H]1CC(=O)OC2=C1C(=O)CC(C)(C)C2,CC[C@H]1CC(=O)OC2=C1C(=O)CC(C)(C)C2,4.6,-114.13,222.28399999999996,-222.28399999999996
10006686,C[C@H]1CC(=O)OC2=C1C(=O)OC1=C2C=CC=C1,C[C@H]1CC(=O)Oc2c1c(=O)oc1ccccc21,-19.2,16.16,230.219,230.219
10007813,CCC[C@H]1CC(=O)OC2=C1C(=O)CC(C)(C)C2,CCC[C@H]1CC(=O)OC2=C1C(=O)CC(C)(C)C2,1.7,-26.85,236.31099999999995,-236.31099999999995
10063941,O=C[C@@H](COCC1=CC=CC=C1)N=N#N,[N-]=[N+]=N[C@@H](C=O)COCc1ccccc1,-10.0,-192.91,205.217,-205.217
10064352,O[C@@H](CC=C)C1=CC=CC(=C1)N(=O)=O,C=CC[C@H](O)c1cccc([N+](=O)[O-])c1,-19.8,-215.04,193.202,-193.202
10065683,C[C@@H]1O[C@@H](OC(=O)OC(C)(C)C)C=CC1=O,C[C@@H]1O[C@@H](OC(=O)OC(C)(C)C)C=CC1=O,98.0,373.93,228.244,228.244
10069787,C[C@@H](CC(=O)C1=NC=CN1C)C1=CC=CN1,C[C@@H](CC(=O)c1nccn1C)c1ccc[nH]1,77.5,-27.71,217.272,-217.272
10075119,C[C@@H](O)C#CCCCO[Si](C)(C)C(C)(C)C,C[C@@H](O)C#CCCCO[Si](C)(C)C(C)(C)C,16.0,187.07,242.435,242.435
10075749,[H][C@@]12C[C@@]([H])(C(C=NC3=CC=C(OC)C=C3)=CC1)C2(C)C,COc1ccc(N=CC2=CC[C@H]3C[C@@H]2C3(C)C)cc1,33.2,2575.24,255.361,255.361
10076575,[H][C@@]12CCCN1[C@H](CCCCC)CCC2,CCCCC[C@@H]1CCC[C@@H]2CCCN12,-95.6,-159.95,195.35,-195.35
10152432,O[C@H](CN(=O)=O)C1=CC=CO1,O=[N+]([O-])C[C@@H](O)c1ccco1,34.9,-178.94,157.12499999999997,-157.12499999999997
10153645,O[C@@H](CN(=O)=O)C1CCCC1,O=[N+]([O-])C[C@H](O)C1CCCC1,-3.18,-24.18,159.18499999999997,-159.18499999999997
10153651,CCCCC[C@@H](O)CN(=O)=O,CCCCC[C@@H](O)C[N+](=O)[O-],-10.2,12.08,161.20099999999996,161.20099999999996
10155092,CC(C)[C@@H](CO)NCC1=NC=CN1C,CC(C)[C@@H](CO)NCc1nccn1C,19.0,339.56,197.282,197.282
10156205,CN1C=CN=C1CN[C@H](CO)C(C)(C)C,Cn1ccnc1CN[C@H](CO)C(C)(C)C,5.0,-14.23,211.309,-211.309
10163381,CN1CCC[C@H]1C1=CN=CC=C1[Si](C)(C)C,CN1CCC[C@H]1c1cnccc1[Si](C)(C)C,-124.1,-120.61,234.419,-234.419
10167382,C[C@H](CCCCCOCC1=CC=CC=C1)C(O)=O,C[C@H](CCCCCOCc1ccccc1)C(=O)O,-6.0,-38.74,250.338,-250.338
10167547,CN1CCC[C@H]1C1=CN=CC(CC2=CC=CC=C2)=C1,CN1CCC[C@H]1c1cncc(Cc2ccccc2)c1,-26.0,545.27,252.361,252.361
10170049,[H][C@]12CCCN1CCC1=CC(OC)=C(OC)C=C21,COc1cc2c(cc1OC)[C@H]1CCCN1CC2,90.4,231.39,233.31099999999992,233.31099999999992
10245116,O=C[C@H]1C[C@@H]1C1=CC=CO1,O=C[C@H]1C[C@@H]1c1ccco1,320.0,347.86,136.14999999999998,136.14999999999998
10246461,COC1=CC=C(C=C1)[C@H]1C[C@@H]1C=O,COc1ccc([C@H]2C[C@@H]2C=O)cc1,228.0,415.21,176.215,176.215
10247079,O=C[C@H]1C[C@@H]1C1=C(C=CC=C1)N(=O)=O,O=C[C@H]1C[C@@H]1c1ccccc1[N+](=O)[O-],109.0,-717.1,191.186,-191.186
10247936,CC[C@](C)(CC1=CC=CC=C1)C(O)=O,CC[C@](C)(Cc1ccccc1)C(=O)O,-37.5,50.67,192.258,192.258
10248024,CN1CCC[C@H]1C1=CN=C(Br)C=C1,CN1CCC[C@H]1c1ccc(Br)nc1,-135.0,-162.51,241.132,-241.132
10248854,CC(C)(C)OC(=O)NC[C@H](O)CCl,CC(C)(C)OC(=O)NC[C@H](O)CCl,-22.0,87.7,209.673,209.673
10249932,O[C@H](CN(=O)=O)C1=CC=C(C=C1)C#N,N#Cc1ccc([C@H](O)C[N+](=O)[O-])cc1,42.4,-84.1,192.174,-192.174
10250340,C[C@H]1COC(=N1)C(C)(C)C1=N[C@@H](C)CO1,C[C@H]1COC(C(C)(C)C2=N[C@@H](C)CO2)=N1,-119.0,-41.88,210.277,-210.277
10250973,O[C@H](C1=CC=CC=C1)C1=C(C=CC=C1)N(=O)=O,O=[N+]([O-])c1ccccc1[C@H](O)c1ccccc1,79.63499999999999,397.43,229.235,229.235
10253051,CN1C2=C(C=CC=C2)[C@@](C)(C1=O)C1=CC=CC=C1,CN1C(=O)[C@@](C)(c2ccccc2)c2ccccc21,-81.55,213.44,237.302,237.302
10260093,COC(=O)N1C=C(CC(=C1)[C@@H]1CCCN1C)C=O,COC(=O)N1C=C(C=O)CC([C@@H]2CCCN2C)=C1,-51.7,42.59,250.29799999999997,250.29799999999997
10335655,C[C@H](CC=C)C(=O)C1=CC=CC=C1,C=CC[C@@H](C)C(=O)c1ccccc1,-36.3,-148.56,174.243,-174.243
10336449,CC(C)[C@H](OCC1=CC=CC=C1F)C=O,CC(C)[C@@H](C=O)OCc1ccccc1F,-77.0,-313.14,210.248,-210.248
10336598,CC[C@H](CC=C)C(=O)C1=CC=CC=C1,C=CC[C@@H](CC)C(=O)c1ccccc1,-26.0,101.47,188.27,188.27
10337065,CC[C@H]1CC(=O)C2=CC=CC=C2O1,CC[C@H]1CC(=O)c2ccccc2O1,-75.5,-105.89,176.21499999999995,-176.21499999999995
10337141,CCCCCC[C@H]1O[C@H]1CO,CCCCCC[C@H]1O[C@H]1CO,-2.9,36.84,158.241,158.241
10337340,CCCCCC[C@@H](O)CN(=O)=O,CCCCCC[C@@H](O)C[N+](=O)[O-],-10.97,-35.88,175.22799999999998,-175.22799999999998
10338317,CC(C)[C@H](OCC1=CC=CC=C1)\C=C\N(=O)=O,CC(C)[C@@H](/C=C/[N+](=O)[O-])OCc1ccccc1,-33.7,-55.1,235.283,-235.283
10338982,COC(=O)[C@@H](OCC1=C(F)C=CC=C1)C(C)C,COC(=O)[C@@H](OCc1ccccc1F)C(C)C,-64.9,-50.02,240.274,-240.274
10339744,CC(C)[C@@H](CN(=O)=O)NC(=O)OC(C)(C)C,CC(C)[C@@H](C[N+](=O)[O-])NC(=O)OC(C)(C)C,-21.5,-51.36,232.28,-232.28
10339875,CC[C@H](C)[C@H](OCC1=CC=CC=C1)C(=O)OC,CC[C@H](C)[C@H](OCc1ccccc1)C(=O)OC,-66.7,-281.25,236.311,-236.311
10340371,CC(C)[C@H](OCC1=C(F)C=CC=C1F)C=O,CC(C)[C@@H](C=O)OCc1c(F)cccc1F,-73.1,-145.4,228.238,-228.238
10343305,CC(C)(C)OC(=O)C[C@@H](CO)CC1=CC=CO1,CC(C)(C)OC(=O)C[C@@H](CO)Cc1ccco1,1.32,57.9,240.299,240.299
10343566,CC(C)[C@@H](CN(=O)=O)C1=CNC2=C1C=CC=C2,CC(C)[C@@H](C[N+](=O)[O-])c1c[nH]c2ccccc12,11.5,-52.17,232.28300000000004,-232.28300000000004
10343968,CC[C@H](C)[C@H](OCC1=CC=CC=C1)\C=C\N(=O)=O,CC[C@H](C)[C@@H](/C=C/[N+](=O)[O-])OCc1ccccc1,-20.1,198.54,249.31,249.31
10344048,CC(C)[C@H](OCC1=CC=CC=C1F)\C=C\N(=O)=O,CC(C)[C@@H](/C=C/[N+](=O)[O-])OCc1ccccc1F,-27.2,-40.6,253.273,-253.273
10345752,CC[C@H](C)[C@H](OCC1=CC(F)=CC(F)=C1)C=O,CC[C@H](C)[C@@H](C=O)OCc1cc(F)cc(F)c1,-65.9,-118.28,242.265,-242.265
10345944,CC[C@H](C)[C@H](OCC1=CC=CC(F)=C1F)C=O,CC[C@H](C)[C@@H](C=O)OCc1cccc(F)c1F,-64.7,72.4,242.265,242.265
10346901,CC(=C)C[C@@]1(C)CCC2=CC=CC=C2C1=O,C=C(C)C[C@@]1(C)CCc2ccccc2C1=O,45.3,84.27,214.308,214.308
10423922,O[C@@H](CCl)C1=NC=CC=C1,O[C@@H](CCl)c1ccccn1,-39.0,-5.07,157.6,-157.6
10424106,CNC[C@@H](O)C1=CC=CN=C1,CNC[C@@H](O)c1cccnc1,70.0,91.19,152.19699999999995,152.19699999999995
10424260,CNC[C@@H](O)C1=NC=CC=C1,CNC[C@@H](O)c1ccccn1,47.5,157.17,152.19699999999995,152.19699999999995
10424553,CN1C[C@H](OC1=O)C1=CC=CO1,CN1C[C@@H](c2ccco2)OC1=O,107.5,-26.95,167.16399999999996,-167.16399999999996
10426303,CNC(=O)O[C@@H](CCl)C1=CC=CO1,CNC(=O)O[C@@H](CCl)c1ccco1,-96.5,-9.35,203.625,-203.625
10426626,CC(=O)C[C@H](C#C)C1=CC=CC=C1,C#C[C@@H](CC(C)=O)c1ccccc1,7.81,142.37,172.227,172.227
10427453,CCCC[C@@H](O)C1=CC=CC(Cl)=C1,CCCC[C@@H](O)c1cccc(Cl)c1,20.0,122.86,198.693,198.693
10427947,CCCC[C@@H](O)C#CC(=O)OC,CCCC[C@@H](O)C#CC(=O)OC,2.3,-209.05,170.20799999999997,-170.20799999999997
10428264,C[C@H]([C@@H](CN(=O)=O)C1=CC=CC=C1)N(=O)=O,C[C@H]([C@@H](C[N+](=O)[O-])c1ccccc1)[N+](=O)[O-],8.6,30.57,224.216,224.216
10428509,CC1=CC=C(C=C1)[C@@](C)(O)C1=CC=CC=C1,Cc1ccc([C@@](C)(O)c2ccccc2)cc1,-7.5,-228.62,212.29200000000003,-212.29200000000003
10428716,CC1=CC[C@@H](CC1=O)C(=C)CO,C=C(CO)[C@H]1CC=C(C)C(=O)C1,108.9,372.72,166.21999999999997,166.21999999999997
10428768,CC[C@@H](CN(=O)=O)NC(=O)OC(C)(C)C,CC[C@@H](C[N+](=O)[O-])NC(=O)OC(C)(C)C,-38.0,9.59,218.253,218.253
10430328,CC[C@H]([C@@H](CN(=O)=O)C1=CC=CC=C1)N(=O)=O,CC[C@H]([C@@H](C[N+](=O)[O-])c1ccccc1)[N+](=O)[O-],10.6,37.11,238.243,238.243
10430856,COC1=CC=C(C=C1)[C@@H](O)C1=CC=CC=C1F,COc1ccc([C@@H](O)c2ccccc2F)cc1,-15.41,105.52,232.254,232.254
10433136,O[C@H]1C[C@H](C2=CC=CC=C12)C1=CC=CC=C1,O[C@H]1C[C@@H](c2ccccc2)c2ccccc21,16.1,-38.97,210.276,-210.276
10436616,CCCCCCC[C@@H](O)C#CC(=O)OC,CCCCCCC[C@@H](O)C#CC(=O)OC,6.95,-218.16,212.289,-212.289
10439796,CO[C@@]1(C[C@H]2CC[C@]1(C)C2(C)C)C(=O)C=C,C=CC(=O)[C@@]1(OC)C[C@H]2CC[C@]1(C)C2(C)C,27.0,114.06,222.32799999999995,222.32799999999995
10460119,Cl[H].COC1=CC=C(C=C1)[C@@H](C)N,COc1ccc([C@@H](C)N)cc1.Cl,22.8,-1068.18,187.67,-187.67
10529888,O[C@H](CN(=O)=O)C1=CC=CN=C1,O=[N+]([O-])C[C@@H](O)c1cccnc1,31.0,-13.46,168.152,-168.152
10530893,C[C@@H]([C@@H](O)C1=CC=CC=C1)N(=O)=O,C[C@@H]([C@@H](O)c1ccccc1)[N+](=O)[O-],47.2,-54.01,181.191,-181.191
10531445,CCCCCC[C@@H]1C[C@H]1C=O,CCCCCC[C@@H]1C[C@H]1C=O,-26.0,-194.69,154.253,-154.253
10532705,[H][C@@]12CCCN1C(=O)CN=C2OC,COC1=NCC(=O)N2CCC[C@@H]12,102.0,-137.75,168.196,-168.196
10536196,O[C@@H]1CCCC[C@@H]1SC1=CC=CC=C1,O[C@@H]1CCCC[C@@H]1Sc1ccccc1,19.7,-96.5,208.326,-208.326
10539332,COC(=O)[C@]1(Cl)CC2=C(C=CC=C2)C1=O,COC(=O)[C@]1(Cl)Cc2ccccc2C1=O,33.5,43.81,224.64300000000003,224.64300000000003
10654831,CC(=C)C[C@@H](O)CO,C=C(C)C[C@@H](O)CO,-2.7,-96.9,116.15999999999995,-116.15999999999995
10654928,COC1=CC(=O)N[C@H]1C(C)C,COC1=CC(=O)N[C@H]1C(C)C,9.0,46.48,155.19699999999995,155.19699999999995
10655167,O[C@H](CN(=O)=O)C1=CC=CS1,O=[N+]([O-])C[C@@H](O)c1cccs1,17.6,-19.34,173.19299999999998,-173.19299999999998
10655480,C[C@@H]1C[C@@H](O)[C@H](O)CO1,C[C@@H]1C[C@@H](O)[C@H](O)CO1,-34.0,-62.22,132.159,-132.159
10655481,C[C@@H]1C[C@@H](O)[C@@H](O)CO1,C[C@@H]1C[C@@H](O)[C@@H](O)CO1,-24.55,33.31,132.159,132.159
10655482,C[C@@H]1C[C@H](O)[C@@H](O)CO1,C[C@@H]1C[C@H](O)[C@@H](O)CO1,43.2,56.73,132.159,132.159
10656183,O[C@@H](CN(=O)=O)C=CC1=CC=CC=C1,O=[N+]([O-])C[C@H](O)C=Cc1ccccc1,-9.5,-68.36,193.202,-193.202
10657043,COC1=CC=C(C=C1)[C@@H]1O[C@H]1CO,COc1ccc([C@@H]2O[C@H]2CO)cc1,-12.7,-59.23,180.203,-180.203
10657104,O[C@H](CN(=O)=O)C1=CC=CC(Cl)=C1,O=[N+]([O-])C[C@@H](O)c1cccc(Cl)c1,37.1,7.16,201.609,201.609
10658406,O[C@H](CN(=O)=O)C1=CC=CC(O)=C1,O=[N+]([O-])C[C@@H](O)c1cccc(O)c1,27.5,-128.31,183.163,-183.163
10658644,C=CC[C@H](OCC#C)C1=CC=CO1,C#CCO[C@@H](CC=C)c1ccco1,-78.5,-260.85,176.215,-176.215
10659253,CC(C)([C@@H](CN(=O)=O)C1=CC=CC=C1)N(=O)=O,CC(C)([C@@H](C[N+](=O)[O-])c1ccccc1)[N+](=O)[O-],14.5,-14.06,238.243,-238.243
10660562,[H][C@@]12CN3C(=O)OC[C@]3([H])[C@]1([H])OC(C)(C)O2,CC1(C)O[C@H]2[C@H]3COC(=O)N3C[C@H]2O1,-19.8,-31.35,199.206,-199.206
10660724,O[C@H](CN(=O)=O)C1=CC=CC(=C1)N(=O)=O,O=[N+]([O-])C[C@@H](O)c1cccc([N+](=O)[O-])c1,30.8,-38.61,212.161,-212.161
10661880,COC1=CC=C(C=C1)[C@@H](O)C1=CC=CC=C1C,COc1ccc([C@@H](O)c2ccccc2C)cc1,-12.03,658.57,228.291,228.291
10663452,CCCCC(=O)O[C@H](C)C1=CC=C(C)C=C1,CCCCC(=O)O[C@H](C)c1ccc(C)cc1,71.3,135.83,220.312,220.312
10664286,CCCCC(=O)O[C@H](C)C1=CC=C(OC)C=C1,CCCCC(=O)O[C@H](C)c1ccc(OC)cc1,95.7,185.68,236.311,236.311
10664546,COC1=CC=C(C=C1)[C@H](O)C1CCCCC1,COc1ccc([C@H](O)C2CCCCC2)cc1,24.1,88.51,220.31199999999995,220.31199999999995
10675912,C=C1CCC[C@@]11CCC2=CC=CC=C2C1=O,C=C1CCC[C@@]12CCc1ccccc1C2=O,4.0,-81.19,212.292,-212.292
10677419,O[C@H](C1CCCCC1)C1=CC=C2C=CC=CC2=C1,O[C@@H](c1ccc2ccccc2c1)C1CCCCC1,29.0,164.72,240.34599999999992,240.34599999999992
11006775,C[C@H](CCC1=CC=CC=C1)CC=O,C[C@@H](CC=O)CCc1ccccc1,22.8,-114.39,176.259,-176.259
11007916,[H][C@]12CC(C)(C)[C@@]1([H])CCCC2=O,CC1(C)C[C@@H]2C(=O)CCC[C@@H]21,163.0,202.38,152.237,152.237
11025267,O[C@@H](CC=C)[C@H]1CO1,C=CC[C@H](O)[C@H]1CO1,26.5,219.9,114.14399999999998,114.14399999999998
11044228,CCCCCCC[C@@H](O)CN(=O)=O,CCCCCCC[C@@H](O)C[N+](=O)[O-],-5.3,116.47,189.255,189.255
11044588,COC(=O)[C@@H]1CC(=C)C(=O)N1C(=O)OC(C)(C)C,C=C1C[C@@H](C(=O)OC)N(C(=O)OC(C)(C)C)C1=O,-17.5,-37.2,255.26999999999995,-255.26999999999995
11064638,COC(CN[C@@H](CO)C(=O)OC)OC,COC(=O)[C@H](CO)NCC(OC)OC,-5.8,-52.2,207.226,-207.226
11080510,CC(=O)N[C@H](CN(=O)=O)C1=CC=CC=C1,CC(=O)N[C@H](C[N+](=O)[O-])c1ccccc1,73.0,-17.63,208.217,-208.217
11081893,C[C@H]1CC2=C(O1)C=CC=C2,C[C@H]1Cc2ccccc2O1,-11.8,-44.62,134.17799999999997,-134.17799999999997
11083822,COC1=C(C=CC=C1)[C@@H](O)C1=CC=C(C)C=C1,COc1ccccc1[C@@H](O)c1ccc(C)cc1,40.56,70.9,228.291,228.291
11083825,COC1=CC=C(C=C1)[C@@H](O)C1=CC=C(C)C=C1,COc1ccc([C@@H](O)c2ccc(C)cc2)cc1,-8.15,431.73,228.291,228.291
11088542,[H][C@@]12CS[C@@H](OC(C)=O)[C@]1([H])OC(C)(C)O2,CC(=O)O[C@@H]1SC[C@H]2OC(C)(C)O[C@@H]12,-258.15,-181.5,218.274,-218.274
11088556,[H][C@@]12CS[C@@]([H])([C@@H](O)CO)[C@]1([H])OC(C)(C)O2,CC1(C)O[C@H]2[C@H]([C@@H](O)CO)SC[C@H]2O1,-96.04,-42.21,220.29,-220.29
11100875,O[C@H](CN(=O)=O)C1=CC=C(C=C1)C(F)(F)F,O=[N+]([O-])C[C@@H](O)c1ccc(C(F)(F)F)cc1,31.8,-43.09,235.16099999999997,-235.16099999999997
11101893,C[C@H](CC(=O)N1CCOC1=O)SCCO,C[C@H](CC(=O)N1CCOC1=O)SCCO,7.8,-48.16,233.289,-233.289
11134524,COC1=CC(=CC=C1)[C@H](O)CN(=O)=O,COc1cccc([C@H](O)C[N+](=O)[O-])c1,35.7,66.69,197.19,197.19
11134526,CC1=CC(=CC=C1)[C@H](O)CN(=O)=O,Cc1cccc([C@H](O)C[N+](=O)[O-])c1,35.2,-0.06,181.191,-181.191
11140695,CCO[C@@H]1OC(C(=O)OCC)=C(C)C[C@@H]1C,CCOC(=O)C1=C(C)C[C@H](C)[C@H](OCC)O1,-117.0,-199.58,228.288,-228.288
11140751,[H][C@@](CC)(O[C@]([H])(CC=C)C(=O)N(C)C)[C@@H](O)CC=C,C=CC[C@@H](O[C@@H](CC)[C@@H](O)CC=C)C(=O)N(C)C,69.9,-182.91,255.35799999999995,-255.35799999999995
11140752,[H][C@@](CC)(O[C@@]([H])(CC=C)C(=O)N(C)C)[C@@H](O)CC=C,C=CC[C@H](O[C@@H](CC)[C@@H](O)CC=C)C(=O)N(C)C,-13.9,78.61,255.35799999999995,255.35799999999995
11140783,CC[C@H](OCC(=O)N(C)C)[C@@H](O)CC=C,C=CC[C@H](O)[C@H](CC)OCC(=O)N(C)C,72.4,25.02,215.29299999999995,215.29299999999995
11150316,CC[Si](CC)(CC)O[C@@H]1C[C@H](O)C=C1,CC[Si](CC)(CC)O[C@H]1C=C[C@@H](O)C1,17.2,-50.13,214.381,-214.381
11150317,CC[Si](CC)(CC)O[C@@H]1CC(=O)C=C1,CC[Si](CC)(CC)O[C@H]1C=CC(=O)C1,41.3,45.96,212.365,212.365
11159928,COC1=CC=C2[C@@H](CC(=O)C2=C1)C1=CC=CC=C1,COc1ccc2c(c1)C(=O)C[C@H]2c1ccccc1,43.4,264.35,238.286,238.286
11167172,CCCCCCCC[C@@H](O)CN(=O)=O,CCCCCCCC[C@@H](O)C[N+](=O)[O-],-5.5,-82.04,203.282,-203.282
11170259,CO[C@@H](C=C)[C@@H](C)C(\OC)=C/C(=O)OC,C=C[C@H](OC)[C@@H](C)/C(=C\C(=O)OC)OC,147.33,329.32,214.261,214.261
11206645,[H][C@@]12CC(=O)O[C@@]([H])(C1)[C@@H](O)[C@H](O2)C1=CC=CC=C1,O=C1C[C@@H]2C[C@H](O1)[C@@H](O)[C@@H](c1ccccc1)O2,-41.0,78.93,234.251,234.251
11222204,CC(=O)OC[C@H]1O[C@H](C[C@@H]1OC(C)=O)C#C,C#C[C@H]1C[C@H](OC(C)=O)[C@@H](COC(C)=O)O1,58.3,100.33,226.22799999999995,226.22799999999995
11222207,CC(=O)OC[C@H]1O[C@@H](C[C@@H]1OC(C)=O)C#C,C#C[C@@H]1C[C@H](OC(C)=O)[C@@H](COC(C)=O)O1,35.69,-9.18,226.22799999999995,-226.22799999999995
11224141,[H][C@]12CCC(=O)N1CCC1=CC(OC)=C(OC)C=C21,COc1cc2c(cc1OC)[C@H]1CCC(=O)N1CC2,171.9,358.29,247.29399999999995,247.29399999999995
11227656,COC1=CC=C(C=C1)[C@@H]1CC(=O)C2=C1C=CC=C2,COc1ccc([C@@H]2CC(=O)c3ccccc32)cc1,59.1,146.15,238.286,238.286
11227657,ClC1=CC=C(C=C1)[C@@H]1CC(=O)C2=C1C=CC=C2,O=C1C[C@@H](c2ccc(Cl)cc2)c2ccccc21,48.5,193.95,242.705,242.705
11252472,COC1=CC=C(CO[C@H]2O[C@H](C)C(=O)C=C2)C=C1,COc1ccc(CO[C@@H]2C=CC(=O)[C@@H](C)O2)cc1,-53.0,326.99,248.278,248.278
11252473,COC1=CC=C(CO[C@H]2O[C@H](C)[C@@H](O)C=C2)C=C1,COc1ccc(CO[C@@H]2C=C[C@H](O)[C@@H](C)O2)cc1,21.4,268.13,250.294,250.294
11276464,[H][C@]12CCC(C)=C(C1)CCCC2=O,CC1=C2CCCC(=O)[C@@H](CC1)C2,24.1,12.76,164.24799999999996,164.24799999999996
11287951,CC[C@@H]([C@@H](O)C1=CC=CC=C1)N(=O)=O,CC[C@@H]([C@@H](O)c1ccccc1)[N+](=O)[O-],36.8,-27.08,195.218,-195.218
11287958,C[C@@H]([C@@H](O)C1=CC=C(Cl)C=C1)N(=O)=O,C[C@@H]([C@@H](O)c1ccc(Cl)cc1)[N+](=O)[O-],33.1,-51.18,215.636,-215.636
11298638,CCOC(=O)\C=C\[C@H](C)[C@H](CC)OC,CCOC(=O)/C=C/[C@H](C)[C@H](CC)OC,-30.75,-48.42,200.278,-200.278
11591710,CCOC(=O)[C@@H](C)OC1=CC=C(Cl)C(C)=C1,CCOC(=O)[C@@H](C)Oc1ccc(Cl)c(C)c1,27.65,135.71,242.702,242.702
11757382,OCCOC(=O)[C@H]1[C@@H]2C[C@H](F)C(=O)[C@H]12,O=C(OCCO)[C@H]1[C@@H]2C[C@H](F)C(=O)[C@@H]21,-9.98,-31.96,202.18099999999995,-202.18099999999995
11885307,OC[C@@H]1CSC2=CC=CC=C2O1,OC[C@@H]1CSc2ccccc2O1,38.1,-18.2,182.244,-182.244
12372530,[H][C@@]12CCCC[C@@]([H])(C=C1)N(O2)C1=CC=CC(C)=N1,Cc1cccc(N2O[C@H]3C=C[C@@H]2CCCC3)n1,-77.0,38.19,230.311,230.311
13167772,O[C@@H]1COC[C@H]1Br,O[C@@H]1COC[C@H]1Br,-27.6,-98.91,167.002,-167.002
13435889,O=C1NN[C@H]([C@@H]1C1=CC=CC=C1)C1=CC=CC=C1,O=C1NN[C@@H](c2ccccc2)[C@@H]1c1ccccc1,106.7,173.12,238.29,238.29
13501777,C[C@@H](O)C1=CC(F)=C(F)C=C1,C[C@@H](O)c1ccc(F)c(F)c1,27.4,56.32,158.147,158.147
13768931,COC1=CC=C(C=C1)N1C[C@@](C)(CO)OC1=O,COc1ccc(N2C[C@@](C)(CO)OC2=O)cc1,11.3,8.51,237.255,237.255
14318500,CC(C)[C@@H](N)C(=O)NCCC1=CC=CC=C1,CC(C)[C@@H](N)C(=O)NCCc1ccccc1,32.9,81.9,220.316,220.316
14318522,CC(C)[C@@H](N)C(=O)NC1=CC=CC=C1,CC(C)[C@@H](N)C(=O)Nc1ccccc1,82.5,21.74,192.26200000000003,192.26200000000003
14613045,ClC1=CC2=C(C=C1)[C@@H](CC2=O)C1=CC=CC=C1,O=C1C[C@@H](c2ccccc2)c2ccc(Cl)cc21,55.6,225.63,242.705,242.705
15036307,OCCC[C@@H](O)C1=CC=C(F)C=C1,OCCC[C@@H](O)c1ccc(F)cc1,44.1,111.94,184.21,184.21
15561734,CN1CCC[C@H]1C1=CN=C2OC3=C(C=CC=C3)C2=C1,CN1CCC[C@H]1c1cnc2oc3ccccc3c2c1,-131.0,-171.65,252.317,-252.317
15630896,C[C@@H](N)C1=CC=C(Br)C=N1,C[C@@H](N)c1ccc(Br)cn1,13.7,8.87,201.067,201.067
15744384,O[C@@H](CN(=O)=O)C1=COC=C1,O=[N+]([O-])C[C@H](O)c1ccoc1,-18.2,63.96,157.12499999999997,157.12499999999997
15744901,[H][C@]12COC(=O)N1[C@H](CO)C=C2,O=C1OC[C@@H]2C=C[C@@H](CO)N12,-169.0,-94.88,155.153,-155.153
15746539,C[C@]12CCCC(=O)N1CCC1=C2NC2=CC=CC=C12,C[C@]12CCCC(=O)N1CCc1c2[nH]c2ccccc12,157.7,260.93,254.33300000000003,254.33300000000003
15753297,CC[C@H](CC=O)N1C(=O)CCC1=O,CC[C@H](CC=O)N1C(=O)CCC1=O,17.5,-48.95,183.207,-183.207
15753301,CCC[C@H](CC=O)N1C(=O)CCC1=O,CCC[C@H](CC=O)N1C(=O)CCC1=O,17.5,153.3,197.23399999999995,197.23399999999995
15753309,CC\C=C/CC[C@H](CC=O)N1C(=O)CCC1=O,CC/C=C\CC[C@H](CC=O)N1C(=O)CCC1=O,27.3,-26.77,237.29899999999995,-237.29899999999995
15759719,C=CCCCC#CN1[C@@H](COC1=O)C1=CC=CC=C1,C=CCCCC#CN1C(=O)OC[C@H]1c1ccccc1,-123.0,71.69,255.317,255.317
15765539,COC1=CC=C(C=C1)[C@@H](O)C1=CC=C(Cl)C=C1,COc1ccc([C@@H](O)c2ccc(Cl)cc2)cc1,-34.09,-359.03,248.709,-248.709
15802390,O[C@@H](C#N)C1=C(Br)C=CC=C1,N#C[C@H](O)c1ccccc1Br,-4.6,-109.35,212.046,-212.046
15806196,CC(C)C[C@@H](CN(=O)=O)NC(=O)OC(C)(C)C,CC(C)C[C@@H](C[N+](=O)[O-])NC(=O)OC(C)(C)C,-40.0,-29.72,246.307,-246.307
15807826,CCOC(=O)[C@](O)(CN(=O)=O)C(C)C,CCOC(=O)[C@](O)(C[N+](=O)[O-])C(C)C,17.9,-146.95,205.21,-205.21
15807838,CCOC(=O)[C@](O)(CN(=O)=O)C1CCCCC1,CCOC(=O)[C@](O)(C[N+](=O)[O-])C1CCCCC1,17.3,-62.57,245.27499999999992,-245.27499999999992
15820000,[2H]C1=C([2H])C([2H])=C(C([2H])=C1[2H])[S@](=O)C1=CC=CC=C1,[2H]c1c([2H])c([2H])c([S@](=O)c2ccccc2)c([2H])c1[2H],3.5,0.1,207.30850889,207.30850889
15820192,[H][C@]1(CCCCC1=O)[C@@H](CN(=O)=O)C1=COC=C1,O=C1CCCC[C@H]1[C@@H](C[N+](=O)[O-])c1ccoc1,-15.2,87.65,237.255,237.255
15821103,OCC[C@H](CN(=O)=O)C1=CC=CC=C1,O=[N+]([O-])C[C@@H](CCO)c1ccccc1,-13.8,-42.72,195.218,-195.218
15822294,CC(C)[C@@H](CN(=O)=O)C1=CC=CN1,CC(C)[C@@H](C[N+](=O)[O-])c1ccc[nH]1,10.6,19.31,182.22300000000004,182.22300000000004
15822306,COC1=CC=C(C=C1)[C@@H](CN(=O)=O)C1=CC=CN1,COc1ccc([C@@H](C[N+](=O)[O-])c2ccc[nH]2)cc1,-54.0,-306.17,246.266,-246.266
15876462,CCCCC1=N[C@H](CO1)C(C)C,CCCCC1=N[C@@H](C(C)C)CO1,-64.9,-52.48,169.26799999999997,-169.26799999999997
15876463,CC(C)[C@H]1COC(CCCO)=N1,CC(C)[C@H]1COC(CCCO)=N1,-49.5,-144.06,171.24,-171.24
15876466,CC(C)[C@H]1COC(CCCCO)=N1,CC(C)[C@H]1COC(CCCCO)=N1,-43.3,44.55,185.267,185.267
15876467,CC(C)[C@H]1COC(CCCCCO)=N1,CC(C)[C@H]1COC(CCCCCO)=N1,-46.0,-199.48,199.294,-199.294
15876471,CC(C)(C)[C@H]1COC(=N1)C1=CC(=CC=C1)C#N,CC(C)(C)[C@H]1COC(c2cccc(C#N)c2)=N1,-59.5,10.83,228.295,228.295
18173347,[H][C@@](C)(N1CCOCC1)[C@@]([H])(O)C1=CC=CC=C1,C[C@@H]([C@@H](O)c1ccccc1)N1CCOCC1,55.1,79.73,221.29999999999995,221.29999999999995
18394954,[H][C@@]1(COC(C)(C)O1)[C@@H](O)[C@](C)(F)C(=O)OCC,CCOC(=O)[C@@](C)(F)[C@H](O)[C@H]1COC(C)(C)O1,11.0,44.69,250.266,250.266
18394956,[H][C@@]1(COC(C)(C)O1)[C@@H](O)[C@@](C)(F)C(=O)OCC,CCOC(=O)[C@](C)(F)[C@H](O)[C@H]1COC(C)(C)O1,16.7,-36.85,250.266,-250.266
18481284,[H][C@@]12CS[C@H](OC(C)=O)[C@]1([H])OC(C)(C)O2,CC(=O)O[C@H]1SC[C@H]2OC(C)(C)O[C@H]21,-258.15,-151.88,218.274,-218.274
18552076,CON(C)C(=O)[C@@H](C)CC=C,C=CC[C@H](C)C(=O)N(C)OC,27.3,210.74,157.213,157.213
18565400,C[C@@H]1CC2=C(N[C@@H]1C1=CC=CC=C1)C=CC=C2,C[C@@H]1Cc2ccccc2N[C@@H]1c1ccccc1,17.8,-253.03,223.319,-223.319
18578153,CC1=CC=CC=C1[C@H](O)C1=CN=CC=C1,Cc1ccccc1[C@H](O)c1cccnc1,24.46,419.69,199.253,199.253
18578155,CC1=CC=C(C=C1)[C@H](O)C1=CN=CC=C1,Cc1ccc([C@H](O)c2cccnc2)cc1,13.33,389.98,199.253,199.253
18610055,Cl.CC(C)C[C@H](N)B1OC(C)(C)C(C)(C)O1,CC(C)C[C@H](N)B1OC(C)(C)C(C)(C)O1.Cl,-7.4,60.99,249.591,249.591
18628308,COC1=CC=C(C=C1)[C@H](O)[C@@H](C)N(=O)=O,COc1ccc([C@H](O)[C@@H](C)[N+](=O)[O-])cc1,-3.6,23.61,211.217,211.217
18822222,CC(C)(C)[S@](=O)N=CC1=CC=CC=C1,CC(C)(C)[S@](=O)N=Cc1ccccc1,92.53,-263.53,209.314,-209.314
18824767,CCOC(=O)[C@](O)(CN(=O)=O)C1=CC=CS1,CCOC(=O)[C@](O)(C[N+](=O)[O-])c1cccs1,-17.0,-184.47,245.256,-245.256
18824769,CCOC(=O)[C@](O)(CN(=O)=O)C1=CC=C(C)C=C1,CCOC(=O)[C@](O)(C[N+](=O)[O-])c1ccc(C)cc1,-16.6,23.55,253.254,253.254
18828264,C[C@H](O)CCCC1(CCCC=C)OCCO1,C=CCCCC1(CCC[C@H](C)O)OCCO1,6.7,110.27,228.332,228.332
18839510,[H][C@@]12C[C@H](CC[C@]1(C=O)C=CC(=O)C2)C(C)=C,C=C(C)[C@H]1CC[C@]2(C=O)C=CC(=O)C[C@@H]2C1,147.1,403.34,218.296,218.296
18839511,[H][C@@]12C[C@H](CC[C@]1(C=C)C=CC(=O)C2)C(C)=C,C=C[C@@]12C=CC(=O)C[C@@H]1C[C@@H](C(=C)C)CC2,91.2,107.48,216.32399999999996,216.32399999999996
18843636,COC(=O)[C@H](CCSC)N=CC(F)(F)F,COC(=O)[C@H](CCSC)N=CC(F)(F)F,-73.3,-34.67,243.25,-243.25
18843703,COC(=O)[C@H]1NC(=O)C[C@@H]1C1=CC=C(Cl)C=C1,COC(=O)[C@H]1NC(=O)C[C@@H]1c1ccc(Cl)cc1,61.8,-107.13,253.685,-253.685
18843765,C[C@@H]1CCCCC[C@@H](O)C(=O)\C=C\C(=O)O1,C[C@@H]1CCCCC[C@@H](O)C(=O)/C=C/C(=O)O1,-23.0,-48.17,226.272,-226.272
18844935,[H][C@]12CC[C@@]3(C=CC(=O)C[C@]3([H])C1)[C@@H](O)[C@@]2(C)O,C[C@]1(O)[C@H]2CC[C@@]3(C=CC(=O)C[C@@H]3C2)[C@H]1O,40.4,94.41,222.284,222.284
18844936,[H][C@]12CC[C@@]3(C=CC(=O)C[C@]3([H])C1)[C@@H](OC(C)=O)C2=C,C=C1[C@H]2CC[C@@]3(C=CC(=O)C[C@@H]3C2)[C@H]1OC(C)=O,96.2,79.43,246.30599999999995,246.30599999999995
18848468,CC[C@H]([C@@H](CN(=O)=O)C1=CC=C(C)C=C1)N(=O)=O,CC[C@H]([C@@H](C[N+](=O)[O-])c1ccc(C)cc1)[N+](=O)[O-],14.35,-9.94,252.27,-252.27
18853525,[H][C@]12CC[C@](C)(C1(C)C)[C@@](CC=C)(C2)OCC#C,C#CCO[C@]1(CC=C)C[C@H]2CC[C@]1(C)C2(C)C,3.6,-71.0,232.367,-232.367
18884863,COC(=O)[C@]1(C)C[C@H]1C=O,COC(=O)[C@]1(C)C[C@H]1C=O,-109.7,-487.04,142.154,-142.154
18884872,C[C@]1(C[C@H]1C=O)C1=CC=C(Cl)C=C1,C[C@@]1(c2ccc(Cl)cc2)C[C@H]1C=O,-137.8,36.71,194.661,194.661
18884876,C[C@]1(C[C@H]1C=O)C1=CC=C(F)C=C1,C[C@@]1(c2ccc(F)cc2)C[C@H]1C=O,-138.7,62.34,178.206,178.206
18884880,CC1=CC=C(C=C1)[C@]1(C)C[C@H]1C=O,Cc1ccc([C@]2(C)C[C@H]2C=O)cc1,-137.8,55.96,174.24300000000002,174.24300000000002
18884886,CC(C)(OCC1=CC=CC=C1)[C@]1(C)C[C@H]1C=O,CC(C)(OCc1ccccc1)[C@]1(C)C[C@H]1C=O,-24.6,-107.25,232.323,-232.323
18884889,CC(C)(OCC1=CC=CC=C1)[C@]1(C)C[C@H]1CO,CC(C)(OCc1ccccc1)[C@]1(C)C[C@H]1CO,-9.2,-59.9,234.339,-234.339
18888189,CCC[C@H]1CC(C)=CC(=O)C1,CCC[C@@H]1CC(=O)C=C(C)C1,24.6,76.77,152.23699999999997,152.23699999999997
18907139,CCC[C@H](CN(=O)=O)C1=CNC2=CC=CC=C12,CCC[C@H](C[N+](=O)[O-])c1c[nH]c2ccccc12,-36.7,-127.22,232.28300000000004,-232.28300000000004
18911902,COC1=CC=C(C=N[S@@](=O)C(C)(C)C)C=C1,COc1ccc(C=N[S@@](=O)C(C)(C)C)cc1,45.4,-537.03,239.34,-239.34
18995442,C[C@H](OC(C)=O)C=CC(O)=O,CC(=O)O[C@@H](C)C=CC(=O)O,18.1,55.06,158.153,158.153
19002024,O[C@@H](CN(=O)=O)C1=CC=C(Br)C=C1,O=[N+]([O-])C[C@H](O)c1ccc(Br)cc1,-34.95,47.02,246.06,246.06
19005659,C[C@@H](CO)CC1=CC=CN1C,C[C@@H](CO)Cc1cccn1C,38.7,-195.82,153.22499999999997,-153.22499999999997
19005664,C[C@H](CC1=CC=CN1)C(=O)N1OCCC1=O,C[C@H](Cc1ccc[nH]1)C(=O)N1OCCC1=O,-6.8,-160.09,222.24399999999997,-222.24399999999997
19005667,C[C@H](CC1=CC=CN1C)C(=O)N1OCCC1=O,C[C@H](Cc1cccn1C)C(=O)N1OCCC1=O,-5.8,83.21,236.27099999999996,236.27099999999996
19005668,C[C@H](CC1=CC=CN1C)C(=O)N1CCOC1=O,C[C@H](Cc1cccn1C)C(=O)N1CCOC1=O,-21.1,-25.85,236.27099999999996,-236.27099999999996
19005671,C[C@H](CC1=CC=CN1C)C(=O)NC(=O)C(C)(C)C,C[C@H](Cc1cccn1C)C(=O)NC(=O)C(C)(C)C,-4.9,-91.58,250.342,-250.342
19005672,CCN1C=CC=C1C[C@@H](C)C(=O)N1OCCC1=O,CCn1cccc1C[C@@H](C)C(=O)N1OCCC1=O,-92.5,-126.4,250.29799999999997,-250.29799999999997
19005673,CC[C@H](CC1=CC=CN1C)C(=O)N1OCCC1=O,CC[C@H](Cc1cccn1C)C(=O)N1OCCC1=O,-23.2,86.49,250.29799999999997,250.29799999999997
19005677,CCC1=CC=C(C[C@@H](C)C(=O)N2OCCC2=O)N1,CCc1ccc(C[C@@H](C)C(=O)N2OCCC2=O)[nH]1,-346.3,177.08,250.29799999999997,250.29799999999997
19008871,O[C@H](CN(=O)=O)C1=CSC=C1,O=[N+]([O-])C[C@@H](O)c1ccsc1,50.0,-75.57,173.19299999999998,-173.19299999999998
19008872,COC1=CC=C(C=C1)[C@H](O)[C@H](C)N(=O)=O,COc1ccc([C@H](O)[C@H](C)[N+](=O)[O-])cc1,38.2,-32.82,211.217,-211.217
19008874,COC1=C(C=CC=C1)[C@H](O)[C@H](C)N(=O)=O,COc1ccccc1[C@H](O)[C@H](C)[N+](=O)[O-],37.8,-13.4,211.217,-211.217
19008875,CC[C@@H]([C@@H](O)C1=C(C)C=CC=C1)N(=O)=O,CC[C@@H]([C@@H](O)c1ccccc1C)[N+](=O)[O-],34.1,37.89,209.245,209.245
19008876,CC[C@H]([C@@H](O)C1=C(C)C=CC=C1)N(=O)=O,CC[C@H]([C@@H](O)c1ccccc1C)[N+](=O)[O-],0.2,71.9,209.245,209.245
19008879,CC[C@@H]([C@@H](O)C1=CC=C(Cl)C=C1)N(=O)=O,CC[C@@H]([C@@H](O)c1ccc(Cl)cc1)[N+](=O)[O-],66.5,-20.98,229.663,-229.663
19008880,CC[C@H]([C@@H](O)C1=CC=C(Cl)C=C1)N(=O)=O,CC[C@H]([C@@H](O)c1ccc(Cl)cc1)[N+](=O)[O-],-9.2,3.77,229.663,229.663
19008883,C[C@@H]([C@@H](O)C1=CC=C(C=C1)N(=O)=O)N(=O)=O,C[C@@H]([C@@H](O)c1ccc([N+](=O)[O-])cc1)[N+](=O)[O-],19.6,47.17,226.188,226.188
19008884,C[C@H]([C@@H](O)C1=CC=C(C=C1)N(=O)=O)N(=O)=O,C[C@H]([C@@H](O)c1ccc([N+](=O)[O-])cc1)[N+](=O)[O-],-0.37,14.76,226.188,226.188
19008886,CC[C@H]([C@@H](O)CCC1=CC=CC=C1)N(=O)=O,CC[C@H]([C@@H](O)CCc1ccccc1)[N+](=O)[O-],-17.4,27.76,223.272,223.272
19008887,CC[C@@H]([C@@H](O)C1=CC=C(OC)C=C1)N(=O)=O,CC[C@@H]([C@@H](O)c1ccc(OC)cc1)[N+](=O)[O-],45.8,17.49,225.244,225.244
19008888,CC[C@H]([C@@H](O)C1=CC=C(OC)C=C1)N(=O)=O,CC[C@H]([C@@H](O)c1ccc(OC)cc1)[N+](=O)[O-],-10.5,45.91,225.244,225.244
19008890,CC[C@@H]([C@@H](O)C1=C(OC)C=CC=C1)N(=O)=O,CC[C@@H]([C@@H](O)c1ccccc1OC)[N+](=O)[O-],24.0,43.69,225.244,225.244
19008891,CC[C@H]([C@@H](O)C1=C(OC)C=CC=C1)N(=O)=O,CC[C@H]([C@@H](O)c1ccccc1OC)[N+](=O)[O-],-17.6,130.05,225.244,225.244
19008892,CC[C@@H]([C@@H](O)C1=CC=C(C=C1)N(=O)=O)N(=O)=O,CC[C@@H]([C@@H](O)c1ccc([N+](=O)[O-])cc1)[N+](=O)[O-],40.9,112.19,240.215,240.215
19008893,CC[C@H]([C@@H](O)C1=CC=C(C=C1)N(=O)=O)N(=O)=O,CC[C@H]([C@@H](O)c1ccc([N+](=O)[O-])cc1)[N+](=O)[O-],-19.9,70.92,240.215,240.215
19008899,CCCCCCCCC[C@H](O)CN(=O)=O,CCCCCCCCC[C@H](O)C[N+](=O)[O-],4.9,-64.05,217.309,-217.309
19028546,[H][C@]12CC(C[C@]([H])(C=C1)C(=O)C=C2)=CC#N,N#CC=C1C[C@@H]2C=CC(=O)[C@@H](C=C2)C1,-100.1,57.37,185.226,185.226
19029946,CC1=CC(=CC=C1)[C@]1(C)CCCC(=O)C1,Cc1cccc([C@]2(C)CCCC(=O)C2)c1,-59.8,79.72,202.297,202.297
19029947,CC1=CC=C(C=C1)[C@]1(C)CCCC(=O)C1,Cc1ccc([C@]2(C)CCCC(=O)C2)cc1,-60.9,62.96,202.297,202.297
19033525,[H][C@]12C[C@@H](C)OC(=O)[C@@]1([H])[C@@H](O)[C@H](O)[C@H](O2)\C=C\C,C/C=C/[C@H]1O[C@H]2C[C@@H](C)OC(=O)[C@H]2[C@@H](O)[C@@H]1O,-27.6,-65.97,242.271,-242.271
19036585,[H][C@]12[C@H](O)[C@@H](O)CN1[C@@H](CO)CC[C@H]2O,OC[C@H]1CC[C@@H](O)[C@H]2[C@H](O)[C@@H](O)CN12,0.82,13.47,203.238,203.238
19038222,[H][C@]1(COC(C)(C)O1)[C@@H](O)\C=C/C=C,C=C/C=C\[C@H](O)[C@@H]1COC(C)(C)O1,-17.0,18.79,184.235,184.235
19091405,CC[C@]1(CCOC1=O)C1=CC=CC=C1,CC[C@@]1(c2ccccc2)CCOC1=O,-51.6,-72.13,190.2419999999999,-190.2419999999999
19092100,O[C@H](C1=CC=CN=C1)C1=C(Cl)C=CC=C1,O[C@H](c1cccnc1)c1ccccc1Cl,3.84,-162.08,219.671,-219.671
19099727,C[C@H](OCC=C)[C@@H](O)CC=C,C=CCO[C@@H](C)[C@@H](O)CC=C,35.8,-165.15,156.22499999999997,-156.22499999999997
19099735,C[C@@H]1OC=CCC[C@@H]1O[Si](C)(C)C(C)(C)C,C[C@@H]1OC=CCC[C@@H]1O[Si](C)(C)C(C)(C)C,-53.9,-38.68,242.43499999999997,-242.43499999999997
19107469,CC[C@H]1OC(=O)[C@@H](N)[C@H]1OC,CC[C@H]1OC(=O)[C@@H](N)[C@H]1OC,4.0,-170.54,159.18499999999997,-159.18499999999997
19149500,CC[C@@H](C)OSSO[C@H](C)CC,CC[C@@H](C)OSSO[C@H](C)CC,9.65,-766.05,210.364,-210.364
19158175,CCCCCC[C@H](C)C[C@H](C)CO,CCCCCC[C@H](C)C[C@H](C)CO,-1.9,-3.84,186.339,-186.339
19158176,CCCCCC[C@H](C)[C@@H](O)[C@@H](C)C=C,C=C[C@H](C)[C@H](O)[C@@H](C)CCCCCC,1.1,-112.36,198.3499999999999,-198.3499999999999
19158180,CCCCCC[C@H](C)C[C@H](C)[C@@H](O)[C@@H](C)C=C,C=C[C@H](C)[C@H](O)[C@@H](C)C[C@@H](C)CCCCCC,2.0,21.06,240.4309999999999,240.4309999999999
19173510,C[C@H](NC=O)C12OCC(C)(CO1)CO2,C[C@H](NC=O)C12OCC(C)(CO1)CO2,-54.3,-122.37,201.22199999999995,-201.22199999999995
19176171,C[C@](O)(C[C@@H]1OC(=O)C=C1)C#C,C#C[C@@](C)(O)C[C@H]1C=CC(=O)O1,9.6,116.36,166.17599999999996,166.17599999999996
19176173,[H][C@@]12C(=C)[C@@]3([H])[C@]1([H])[C@]([H])(C[C@]3(C)O)OC2=O,C=C1[C@H]2C(=O)O[C@H]3C[C@](C)(O)[C@@H]1[C@@H]23,-34.4,-50.39,180.203,-180.203
19176174,C[C@@](C[C@@H]1OC(=O)C=C1)(O[Si](C)(C)C)C#C,C#C[C@](C)(C[C@H]1C=CC(=O)O1)O[Si](C)(C)C,11.9,-6.16,238.35899999999995,-238.35899999999995
19176175,C[C@@](C[C@@H]1OC(=O)C=C1)(O[Si](C)(C)C)C=C=C,C=C=C[C@](C)(C[C@H]1C=CC(=O)O1)O[Si](C)(C)C,46.2,75.52,252.38599999999997,252.38599999999997
19176176,C[C@]1(C[C@@H](CO)O[C@H](O1)C1=CC=CC=C1)C#C,C#C[C@]1(C)C[C@@H](CO)O[C@@H](c2ccccc2)O1,22.2,-28.94,232.279,-232.279
19176177,[H][C@@]12C(=C)[C@@]3([H])[C@]1([H])[C@]([H])(C[C@]3(C)O[Si](C)(C)C)OC2=O,C=C1[C@H]2C(=O)O[C@H]3C[C@](C)(O[Si](C)(C)C)[C@@H]1[C@@H]23,-23.4,-22.32,252.386,-252.386
19187883,CCCCC(O)(CCCC)[C@@H]1CCCN1,CCCCC(O)(CCCC)[C@@H]1CCCN1,-31.4,-6.31,213.36499999999995,-213.36499999999995
19192403,CCCCO[C@H]1CO[C@H](CO)[C@@H]1O,CCCCO[C@H]1CO[C@H](CO)[C@@H]1O,-8.74,163.76,190.239,190.239
19205227,C[C@H]1[C@H](C2=CC=CC=C2)[C@](CC=C)(C#C)N1C,C#C[C@@]1(CC=C)[C@@H](c2ccccc2)[C@H](C)N1C,-64.0,219.46,225.335,225.335
19220812,CCCC[C@@H](O)CC[C@H]1CCCC(=O)N1,CCCC[C@@H](O)CC[C@H]1CCCC(=O)N1,2.55,-108.14,213.32099999999997,-213.32099999999997
19220813,CCCC[C@@H]1CC[C@H](NO1)\C=C\CC(=O)OC,CCCC[C@@H]1CC[C@@H](/C=C/CC(=O)OC)NO1,-16.6,153.45,241.331,241.331
19225132,C\C=C(/C)[C@H](O)[C@H](C)[C@H](O)C(C)C,C/C=C(\C)[C@H](O)[C@H](C)[C@H](O)C(C)C,7.7,-3.03,186.295,-186.295
19225774,C[C@@H]1CCCCC[C@@H](O)C(=O)\C=C/C(=O)O1,C[C@@H]1CCCCC[C@@H](O)C(=O)/C=C\C(=O)O1,4.0,-103.48,226.272,-226.272
19225775,C[C@@H]1CCCCC[C@H](O)C(=O)\C=C/C(=O)O1,C[C@@H]1CCCCC[C@H](O)C(=O)/C=C\C(=O)O1,-57.0,-243.42,226.272,-226.272
19225776,C[C@@H]1CCCCC[C@H](O)C(=O)\C=C\C(=O)O1,C[C@@H]1CCCCC[C@H](O)C(=O)/C=C/C(=O)O1,-10.0,62.25,226.272,226.272
19301665,CC(C)[C@H](CCC(O)=O)C1=C(O)C=CC(C)=C1,Cc1ccc(O)c([C@@H](CCC(=O)O)C(C)C)c1,19.7,-25.19,236.311,-236.311
19301900,COC(=O)C#C[C@H](O)C(C)C,COC(=O)C#C[C@H](O)C(C)C,7.2,-45.22,156.18099999999998,-156.18099999999998
19303326,CCOC(=O)C(=[N]#N)[C@@H](O)C1=CC=CO1,CCOC(=O)C(=[N+]=[N-])[C@@H](O)c1ccco1,-25.98,183.31,210.189,210.189
19303328,CCOC(=O)C(=[N]#N)[C@@H](O)C1=CC(Cl)=CC=C1,CCOC(=O)C(=[N+]=[N-])[C@@H](O)c1cccc(Cl)c1,30.06,-276.61,254.67300000000003,-254.67300000000003
19303329,CCOC(=O)C(=[N]#N)[C@@H](O)C1=C(Cl)C=CC=C1,CCOC(=O)C(=[N+]=[N-])[C@@H](O)c1ccccc1Cl,92.94,-196.67,254.67300000000003,-254.67300000000003
19303333,CCOC(=O)C(=[N]#N)[C@@H](O)C1=CC=C(Cl)C=C1,CCOC(=O)C(=[N+]=[N-])[C@@H](O)c1ccc(Cl)cc1,18.04,-108.27,254.67300000000003,-254.67300000000003
19303336,CCOC(=O)C(=[N]#N)[C@@H](O)\C=C\C1=CC=CC=C1,CCOC(=O)C(=[N+]=[N-])[C@@H](O)/C=C/c1ccccc1,-4.1,350.03,246.26600000000005,246.26600000000005
19303337,CCOC(=O)C(=[N]#N)[C@@H](O)CCC1=CC=CC=C1,CCOC(=O)C(=[N+]=[N-])[C@@H](O)CCc1ccccc1,-4.1,-29.73,248.282,-248.282
19303793,CC(C)(C)C1=CC=C(C=C1)[C@H]1O[C@@H]1C1=CC=CC=C1,CC(C)(C)c1ccc([C@H]2O[C@@H]2c2ccccc2)cc1,134.0,118.57,252.357,252.357
19303808,CC1=CC(=CC=C1)[C@H]1O[C@@H]1C1=CC(C)=CC=C1,Cc1cccc([C@H]2O[C@@H]2c2cccc(C)c2)c1,71.0,128.76,224.303,224.303
19304514,CC#CCO[C@@H](C=C)C1=CC=CC=C1,C=C[C@H](OCC#CC)c1ccccc1,-31.6,-724.69,186.254,-186.254
19304518,C=CCC#CCO[C@@H](C=C)C1=CC=CC=C1,C=CCC#CCO[C@@H](C=C)c1ccccc1,-23.4,-297.86,212.292,-212.292
19304523,[H][C@@]12CC(=O)C(C)=C1CO[C@H]2C1=CC=CC=C1,CC1=C2CO[C@@H](c3ccccc3)[C@@H]2CC1=O,29.2,172.06,214.264,214.264
19304547,[H][C@@]12CC(=O)C(CC=C)=C1CO[C@H]2C1=CC=CC=C1,C=CCC1=C2CO[C@@H](c3ccccc3)[C@@H]2CC1=O,63.95,334.35,240.302,240.302
19339449,[H][C@@]1(COC(C)(C)O1)C(=O)[C@@](C)(F)C(=O)OCC,CCOC(=O)[C@](C)(F)C(=O)[C@H]1COC(C)(C)O1,13.3,-24.01,248.25,-248.25
19339450,[H][C@@]1(COC(C)(C)O1)[C@H](O)[C@@](C)(F)C(=O)OCC,CCOC(=O)[C@](C)(F)[C@@H](O)[C@H]1COC(C)(C)O1,-5.7,12.57,250.266,250.266
19350348,C[C@H]1CC[C@H](C)N1S(=O)(=O)C1=CC=C(C)C=C1,Cc1ccc(S(=O)(=O)N2[C@@H](C)CC[C@@H]2C)cc1,39.3,9.22,253.367,253.367
19356884,C[C@H](COC(=O)C1=CC=CC=C1)CC#N,C[C@@H](CC#N)COC(=O)c1ccccc1,-14.65,-113.88,203.241,-203.241
19356885,C[C@H](COC(=O)C1=CC=CC=C1)CN=N#N,C[C@@H](CN=[N+]=[N-])COC(=O)c1ccccc1,-19.85,-109.19,219.24400000000003,-219.24400000000003
19356887,CC[C@@H](CO)COC(=O)C1=CC=CC=C1,CC[C@@H](CO)COC(=O)c1ccccc1,-1.89,42.8,208.257,208.257
19356889,O=C(OC[C@@H]1COC=CC1)C1=CC=CC=C1,O=C(OC[C@H]1CC=COC1)c1ccccc1,-4.5,-178.13,218.252,-218.252
19356890,OC[C@@H](COC(=O)C1=CC=CC=C1)CC=C,C=CC[C@@H](CO)COC(=O)c1ccccc1,-5.17,-109.36,220.268,-220.268
19356895,O=C(OC[C@H]1CCC(=O)OC1)C1=CC=CC=C1,O=C1CC[C@H](COC(=O)c2ccccc2)CO1,-2.88,-51.34,234.251,-234.251
19356897,OC[C@@H](COC(=O)C1=CC=CC=C1)CC#C,C#CC[C@@H](CO)COC(=O)c1ccccc1,-2.81,-163.12,218.252,-218.252
19356902,CC[C@@H](CO)COC(=O)C1=C(OC)C=CC=C1,CC[C@@H](CO)COC(=O)c1ccccc1OC,-4.57,-224.26,238.283,-238.283
19356904,CC[C@@H](CO)COC(=O)C1=CC=C(OC)C=C1,CC[C@@H](CO)COC(=O)c1ccc(OC)cc1,-5.63,-91.4,238.283,-238.283
19385731,C[C@@]1(O[C@@H]1CCC1=CC=CC=C1)C=C,C=C[C@@]1(C)O[C@@H]1CCc1ccccc1,16.15,32.1,188.27,188.27
19386876,C[C@H]1N[C@H](C)C2=C(C=CC=C2)C2=C1C=CC=C2,C[C@H]1N[C@H](C)c2ccccc2-c2ccccc21,-81.0,49.29,223.319,223.319
19412505,NCC[C@@H](C1=CNC2=CC=CC=C12)C1=CC=CC=C1,NCC[C@H](c1ccccc1)c1c[nH]c2ccccc12,-20.63,599.74,250.345,250.345
19416685,CC1=CC=C(C=C1)[C@H](O)COC1=CC=CC=C1,Cc1ccc([C@H](O)COc2ccccc2)cc1,38.6,88.91,228.29100000000005,228.29100000000005
19418773,C[C@@H]1CCC[C@]1(O)C#C[Si](C)(C)C,C[C@@H]1CCC[C@]1(O)C#C[Si](C)(C)C,12.4,33.0,196.366,196.366
19418776,C[C@@H]1CCC[C@]1(O)C#CC1=CC=CC=C1,C[C@@H]1CCC[C@]1(O)C#Cc1ccccc1,8.4,47.99,200.281,200.281
19418778,CCCCCCC#C[C@@]1(O)CCC[C@H]1C,CCCCCCC#C[C@@]1(O)CCC[C@H]1C,4.2,-127.03,208.345,-208.345
19434244,CC1=NOC(=C1)C(=O)N1CCN2[C@@H](CCC2=O)C1,Cc1cc(C(=O)N2CCN3C(=O)CC[C@H]3C2)on1,-26.7,275.77,249.26999999999995,249.26999999999995
19436703,C[C@@]1(CO)O[C@H]1C1=CC=C(Br)C=C1,C[C@@]1(CO)O[C@H]1c1ccc(Br)cc1,10.6,4.61,243.1,243.1
19436705,C[C@@]1(CO)O[C@H]1C1=CC=C(F)C=C1,C[C@@]1(CO)O[C@H]1c1ccc(F)cc1,8.4,-0.52,182.194,-182.194
19436708,C[C@@]1(CO)O[C@H]1C1=CC=C2C=CC=CC2=C1,C[C@@]1(CO)O[C@H]1c1ccc2ccccc2c1,14.5,161.45,214.264,214.264
19436711,C[C@@]1(CO)O[C@H]1C1=CC=CC2=C1C=CC=C2,C[C@@]1(CO)O[C@H]1c1cccc2ccccc12,-73.4,309.65,214.264,214.264
19436712,C[C@@]1(CO)O[C@H]1C1=CC=C(C=C1)C(F)(F)F,C[C@@]1(CO)O[C@H]1c1ccc(C(F)(F)F)cc1,7.8,-84.14,232.201,-232.201
19457404,O=C1CC[C@@H](C1)C=CC1=CC=CC=C1,O=C1CC[C@H](C=Cc2ccccc2)C1,-69.8,-153.51,186.254,-186.254
19457405,CC1=CC=CC=C1[C@H]1CCC(=O)C1,Cc1ccccc1[C@H]1CCC(=O)C1,-72.0,451.13,174.24299999999997,174.24299999999997
19459503,OC[C@@H]1C[C@H]1C1=CC=CC=C1N(=O)=O,O=[N+]([O-])c1ccccc1[C@@H]1C[C@H]1CO,25.1,-312.13,193.202,-193.202
19459504,CCCCCCC[C@@H]1C[C@H]1CO,CCCCCCC[C@@H]1C[C@H]1CO,-17.200000000000003,-103.1,170.296,-170.296
19459506,[H][C@@]12CO[C@@H](O[C@]1([H])[C@@]1([H])OC(C)(C)O[C@@]1([H])O2)\C=C\C,C/C=C/[C@H]1OC[C@H]2O[C@@H]3OC(C)(C)O[C@@H]3[C@H]2O1,-6.2,20.81,242.271,242.271
19462659,C[C@@H](O)[C@H](C)NC1=CC=CC=C1,C[C@H](Nc1ccccc1)[C@@H](C)O,-50.1,-90.33,165.23599999999996,-165.23599999999996
19474582,C[C@H](CCC=C(C)C)[C@]12C[C@H]1C(C)=CC2,CC(C)=CCC[C@@H](C)[C@@]12CC=C(C)[C@@H]1C2,29.4,-104.03,204.357,-204.357
19474918,C[C@H]1COC(=O)C[C@@H]1C1=CC=CC=C1,C[C@H]1COC(=O)C[C@@H]1c1ccccc1,-2.5,90.46,190.242,190.242
19474921,CCCC[C@@H](CO)[C@H](C)C1=CC=CC=C1,CCCC[C@@H](CO)[C@H](C)c1ccccc1,-7.8,31.11,206.329,206.329
19474928,C[C@H]1COC(=O)C[C@@H]1C1=CC=C(C)C=C1,Cc1ccc([C@H]2CC(=O)OC[C@@H]2C)cc1,16.9,81.52,204.269,204.269
19474929,C[C@H]1COC(=O)C[C@@H]1C1=CC=C(Cl)C=C1,C[C@H]1COC(=O)C[C@@H]1c1ccc(Cl)cc1,19.41,-165.88,224.687,-224.687
19474934,CCCC[C@H]1COC(=O)C[C@@H]1C1=CC=CC=C1,CCCC[C@H]1COC(=O)C[C@@H]1c1ccccc1,-3.9,-131.78,232.323,-232.323
19476548,CC[C@H](O)[C@@H](C)[C@@H](OC(=O)C(C)C)C(C)C,CC[C@H](O)[C@@H](C)[C@@H](OC(=O)C(C)C)C(C)C,1.55,14.12,230.348,230.348
19476549,CC[C@H](O)[C@H](C)[C@@H](OC(=O)C(C)C)C(C)C,CC[C@H](O)[C@H](C)[C@@H](OC(=O)C(C)C)C(C)C,-10.9,-20.9,230.348,-230.348
19476562,CCC(=O)[C@@H](C)[C@H](O)[C@H]1COC(C)(C)O1,CCC(=O)[C@@H](C)[C@H](O)[C@H]1COC(C)(C)O1,-5.3,-14.71,216.27699999999996,-216.27699999999996
19491985,BrC1=CC=C(C=C1)[C@H]1CCCN1,Brc1ccc([C@H]2CCCN2)cc1,52.0,65.41,226.117,226.117
19505095,CC1=C(C=O)[C@H](CO)CC1=O,CC1=C(C=O)[C@H](CO)CC1=O,58.5,193.96,154.165,154.165
19505107,OC[C@@H]1CC(=O)C(CC=C)=C1C=O,C=CCC1=C(C=O)[C@H](CO)CC1=O,55.55,286.24,180.20299999999995,180.20299999999995
19505109,OC[C@@H]1CC(=O)C(=C1C=O)C1=CC=CC=C1,O=CC1=C(c2ccccc2)C(=O)C[C@H]1CO,65.4,1020.65,216.23599999999996,216.23599999999996
19505114,OC[C@@H]1CC(=O)C(=C1C=O)C1=CC=C(Cl)C=C1,O=CC1=C(c2ccc(Cl)cc2)C(=O)C[C@H]1CO,64.4,-989.01,250.68099999999995,-250.68099999999995
19505116,CC1=CC=C(C=C1)C1=C(C=O)[C@H](CO)CC1=O,Cc1ccc(C2=C(C=O)[C@H](CO)CC2=O)cc1,70.9,1104.17,230.263,230.263
19532615,CC1=CC(=CC(C)=C1)[C@@H](O)C1=CC=CC=C1,Cc1cc(C)cc([C@@H](O)c2ccccc2)c1,-1.67,313.88,212.292,212.292
19532618,O[C@H](C1=CC=CC=C1)C1=CC(=CC=C1)N(=O)=O,O=[N+]([O-])c1cccc([C@H](O)c2ccccc2)c1,-42.31,-176.92,229.235,-229.235
19579450,C[C@]12C[C@H]1OC[C@H](NC2=O)C1=CC=CC=C1,C[C@]12C[C@H]1OC[C@@H](c1ccccc1)NC2=O,43.2,-13.89,217.26800000000003,-217.26800000000003
19580232,C[C@@H]1OC1(C1=CC=C(F)C=C1)C1=CC=C(F)C=C1,C[C@@H]1OC1(c1ccc(F)cc1)c1ccc(F)cc1,-19.1,-121.45,246.256,-246.256
19601598,CCCCN([C@@H](C)C1=CC=CC=C1)C(C)=O,CCCCN(C(C)=O)[C@@H](C)c1ccccc1,-66.3,-120.12,219.328,-219.328
19606330,C[C@H](O)CC1=CC=CS1,C[C@H](O)Cc1cccs1,20.0,163.21,142.22299999999998,142.22299999999998
19627574,O=C1C[C@@H](N(CC2=CC=CC=C2)N1)C1=CC=CC=C1,O=C1C[C@H](c2ccccc2)N(Cc2ccccc2)N1,71.2,246.2,252.317,252.317
19634730,C[C@H](O)C(=O)CC=C,C=CCC(=O)[C@H](C)O,60.0,-283.05,114.14399999999996,-114.14399999999996
19655741,CCCCCC[C@H](Cl)CO,CCCCCC[C@H](Cl)CO,-36.7,-101.35,164.676,-164.676
19669725,FC1=CC=C(C=C1)[C@@H]1CCCCN1,Fc1ccc([C@@H]2CCCCN2)cc1,-45.1,-106.17,179.23800000000003,-179.23800000000003
19697424,CC[C@@H](O)C1=C(O)C=CC=C1,CC[C@@H](O)c1ccccc1O,23.75,-35.54,152.19299999999998,-152.19299999999998
19712177,C[C@H](CCO)C#CC1=CC=CC=C1,C[C@@H](C#Cc1ccccc1)CCO,-13.2,-179.72,174.24299999999994,-174.24299999999994
19727612,[H][C@]1(CC11CC1)N1[C@H](COC1=O)C(C)C,CC(C)[C@H]1COC(=O)N1[C@@H]1CC12CC2,-47.6,-71.68,195.26199999999997,-195.26199999999997
19727613,CC(C)[C@H]1COC(=O)N1[C@H]1CC11CC1,CC(C)[C@H]1COC(=O)N1[C@H]1CC12CC2,-8.8,36.72,195.26199999999997,195.26199999999997
19727619,[H][C@]1(CC11CC1)N1[C@H](COC1=O)C1=CC=CC=C1,O=C1OC[C@H](c2ccccc2)N1[C@@H]1CC12CC2,26.8,40.75,229.27899999999997,229.27899999999997
19727621,O=C1OC[C@@H](N1[C@H]1CC11CC1)C1=CC=CC=C1,O=C1OC[C@H](c2ccccc2)N1[C@H]1CC12CC2,20.6,13.71,229.27899999999997,229.27899999999997
19727626,[H][C@]1(CC11CC1)N1[C@H](C)[C@@H](OC1=O)C1=CC=CC=C1,C[C@@H]1[C@H](c2ccccc2)OC(=O)N1[C@@H]1CC12CC2,54.6,96.89,243.30599999999995,243.30599999999995
19727627,C[C@@H]1[C@@H](OC(=O)N1[C@H]1CC11CC1)C1=CC=CC=C1,C[C@@H]1[C@H](c2ccccc2)OC(=O)N1[C@H]1CC12CC2,60.4,94.1,243.30599999999995,243.30599999999995
19743561,CC(C)(C)OC[C@H]1C[C@H](O)C=C1,CC(C)(C)OC[C@@H]1C=C[C@@H](O)C1,-219.25,-234.89,170.25199999999998,-170.25199999999998
19751044,CC[C@H](O)[C@H](CC=C)OCC1=CC=CC=C1,C=CC[C@H](OCc1ccccc1)[C@@H](O)CC,36.8,243.31,220.312,220.312
19769153,O[C@@H](CC1=CC=CO1)CN(=O)=O,O=[N+]([O-])C[C@@H](O)Cc1ccco1,33.5,-114.03,171.15200000000002,-171.15200000000002
19769156,O[C@@H](CN(=O)=O)C1=CC=CC(Br)=C1,O=[N+]([O-])C[C@H](O)c1cccc(Br)c1,-33.6,-18.38,246.06,-246.06
19783557,CCC[C@H](O)[C@@H](C=C=C)C1=CC=CC=C1,C=C=C[C@@H](c1ccccc1)[C@@H](O)CCC,-15.1,396.73,202.297,202.297
19788905,[H][C@@]12OC(C)(C)O[C@@]1([H])C(=O)C=C[C@@H]2N=N#N,CC1(C)O[C@H]2[C@@H](N=[N+]=[N-])C=CC(=O)[C@@H]2O1,232.0,-42.3,209.205,-209.205
19788906,[H][C@@]12OC(C)(C)O[C@@]1([H])[C@H](C=C[C@@H]2O)N=N#N,CC1(C)O[C@@H]2[C@@H](O1)[C@@H](O)C=C[C@@H]2N=[N+]=[N-],188.6,1.55,211.22100000000003,211.22100000000003
19788907,[H][C@@]12OC(C)(C)O[C@@]1([H])[C@@H](O)[C@@H](C=C2)N=N#N,CC1(C)O[C@H]2[C@@H](O)[C@H](N=[N+]=[N-])C=C[C@@H]2O1,-174.3,104.49,211.221,211.221
19788908,[H][C@@]12OC(C)(C)O[C@@]1([H])C(=O)C(CO)=C[C@@H]2N=N#N,CC1(C)O[C@H]2[C@@H](N=[N+]=[N-])C=C(CO)C(=O)[C@@H]2O1,205.0,-9.43,239.231,-239.231
19788981,CCOC(=O)CC[C@@H]1OC(C)(C)O[C@@H]1\C=C/C,C/C=C\[C@H]1OC(C)(C)O[C@H]1CCC(=O)OCC,-55.8,-78.04,242.31499999999997,-242.31499999999997
19879363,C[C@]1(O[C@@H]1CCC1=CC=CC=C1)C=C,C=C[C@]1(C)O[C@@H]1CCc1ccccc1,41.5,-367.56,188.27,-188.27
19879365,C[C@@]1(CO)O[C@@H]1CCC1=CC=CC=C1,C[C@@]1(CO)O[C@@H]1CCc1ccccc1,-10.2,-217.55,192.25800000000004,-192.25800000000004
19879366,C[C@H](COCC1=CC=CC=C1)\C=C(\C)CO,C/C(=C/[C@H](C)COCc1ccccc1)CO,-21.6,-105.48,220.31200000000004,-220.31200000000004
19879368,[H][C@@]1(O[C@@]1(C)C=C)[C@H](C)COCC1=CC=CC=C1,C=C[C@]1(C)O[C@@H]1[C@H](C)COCc1ccccc1,68.1,256.44,232.323,232.323
19879370,[H][C@@]1(O[C@@]1(C)CO)[C@H](C)COCC1=CC=CC=C1,C[C@H](COCc1ccccc1)[C@H]1O[C@@]1(C)CO,20.0,29.35,236.311,236.311
19885489,C(NC1CC1)[C@]1(COCC2=CC=CC=C2)CO1,c1ccc(COC[C@@]2(CNC3CC3)CO2)cc1,9.9,-222.79,233.311,-233.311
19885677,CC(C)(C)OC(=O)C[C@H]1CCCCN1,CC(C)(C)OC(=O)C[C@H]1CCCCN1,-6.8,42.85,199.29399999999995,199.29399999999995
19897940,O[C@H](C=C)[C@H](OCC#C)C=C,C#CCO[C@H](C=C)[C@H](O)C=C,-106.8,-233.74,152.19299999999996,-152.19299999999996
19897942,CC(=C)C1=C[C@@H](O)[C@H](OC1)C=C,C=C[C@H]1OCC(C(=C)C)=C[C@H]1O,-246.4,96.89,166.22000000000003,166.22000000000003
19897947,COC(=O)C#CCO[C@H](C=C)[C@H](O)C=C,C=C[C@@H](O)[C@@H](C=C)OCC#CC(=O)OC,-82.3,79.89,210.229,210.229
19925357,CC(C)(C)[Si](C)(C)OCC[C@@H](O)CCC=C,C=CCC[C@H](O)CCO[Si](C)(C)C(C)(C)C,-12.6,-52.22,244.451,-244.451
19931850,C[C@](O)(C1=CC=CO1)C1=COC=C1,C[C@@](O)(c1ccoc1)c1ccco1,4.7,49.19,178.18699999999998,178.18699999999998
19931851,C[C@@](O)(C=CC1=CC=CC=C1)C1=COC=C1,C[C@@](O)(C=Cc1ccccc1)c1ccoc1,2.7,-80.92,214.264,-214.264
19931853,C[C@@](O)(C1=COC=C1)C1=CC=CC=C1,C[C@](O)(c1ccccc1)c1ccoc1,-16.0,-278.02,188.226,-188.226
19931854,CC1=CC=CC=C1[C@](C)(O)C1=COC=C1,Cc1ccccc1[C@](C)(O)c1ccoc1,2.3,51.17,202.253,202.253
19931858,COC1=CC=CC=C1[C@](C)(O)C1=COC=C1,COc1ccccc1[C@](C)(O)c1ccoc1,1.6,43.45,218.252,218.252
19931859,C[C@@](O)(C1=COC=C1)C1=CC=C(Cl)C=C1,C[C@](O)(c1ccc(Cl)cc1)c1ccoc1,-18.7,-245.81,222.671,-222.671
19931860,COC1=CC=C(C=C1)[C@](C)(O)C1=COC=C1,COc1ccc([C@](C)(O)c2ccoc2)cc1,-6.2,-347.56,218.252,-218.252
19931861,C[C@@](O)(C1=COC=C1)C1=CC=CC=C1Cl,C[C@@](O)(c1ccoc1)c1ccccc1Cl,-15.7,-175.9,222.671,-222.671
19931862,C[C@@](O)(C1=COC=C1)C1=CC=CC(Cl)=C1,C[C@@](O)(c1ccoc1)c1cccc(Cl)c1,-24.3,-140.22,222.671,-222.671
19931863,CC1=CC(=CC=C1)[C@](C)(O)C1=COC=C1,Cc1cccc([C@](C)(O)c2ccoc2)c1,-10.5,-200.11,202.253,-202.253
19931864,CC1=CC=C(C=C1)[C@](C)(O)C1=COC=C1,Cc1ccc([C@](C)(O)c2ccoc2)cc1,-9.3,-251.39,202.253,-202.253
19931865,O[C@@](CCl)(C1=COC=C1)C1=CC=CC=C1,O[C@](CCl)(c1ccccc1)c1ccoc1,-3.6,226.34,222.671,222.671
19931866,COC1=CC(=CC=C1)[C@](C)(O)C1=COC=C1,COc1cccc([C@](C)(O)c2ccoc2)c1,-14.2,-436.42,218.252,-218.252
19931873,C[C@@](O)(C1=COC=C1)C1=CC=C(C=C1)N(=O)=O,C[C@](O)(c1ccc([N+](=O)[O-])cc1)c1ccoc1,-25.3,-219.23,233.223,-233.223
19931874,C[C@@](O)(C1=COC=C1)C1=C2C=CC=CC2=CC=C1,C[C@@](O)(c1ccoc1)c1cccc2ccccc12,-3.3,37.04,238.286,238.286
19931875,C[C@@](O)(C1=COC=C1)C1=CC=C2C=CC=CC2=C1,C[C@@](O)(c1ccoc1)c1ccc2ccccc2c1,-27.3,-97.75,238.286,-238.286
19961714,O=C1C[C@H](C2=CC=CC=C2)C2=C(CCCC2=O)O1,O=C1C[C@H](c2ccccc2)C2=C(CCCC2=O)O1,80.8,-390.73,242.27399999999992,-242.27399999999992
19962072,C[C@@H](Cl)[C@H](Cl)[C@@H](O)[C@H](Cl)CO,C[C@@H](Cl)[C@H](Cl)[C@@H](O)[C@H](Cl)CO,7.3,-11.98,221.511,-221.511
19962297,C[C@@H]1C[C@H](CCO)OC(=O)C1,C[C@H]1CC(=O)O[C@@H](CCO)C1,-38.2,-43.08,158.19699999999995,-158.19699999999995
19962304,CC1=CC(=O)O[C@@H](CCOCC2=CC=CC=C2)C1,CC1=CC(=O)O[C@@H](CCOCc2ccccc2)C1,77.43,218.3,246.306,246.306
19971273,CC1(C)C=CCO[C@H]1C1=CC=C(C=C1)N(=O)=O,CC1(C)C=CCO[C@H]1c1ccc([N+](=O)[O-])cc1,143.1,174.76,233.267,233.267
19971279,[H][C@@]12CO[C@@H](C3=CC=C(C=C3)C#N)C(C)(C)[C@]1([H])O2,CC1(C)[C@@H]2O[C@@H]2CO[C@H]1c1ccc(C#N)cc1,61.0,88.3,229.279,229.279
19972538,OC[C@H](C=C)N1C=CC=CC1=O,C=C[C@@H](CO)n1ccccc1=O,-23.8,-59.52,165.19199999999998,-165.19199999999998
19979510,C[C@@H](O)C[C@@H](O)C1=CC=C(C)C=C1,Cc1ccc([C@H](O)C[C@@H](C)O)cc1,48.0,35.39,180.247,180.247
19979511,C[C@@H](O)C[C@H](O)C1=CC=C(C)C=C1,Cc1ccc([C@@H](O)C[C@@H](C)O)cc1,-80.0,-33.06,180.247,-180.247
19979512,C[C@H](O)C[C@@H](O)C1=CC=C(Cl)C=C1,C[C@H](O)C[C@@H](O)c1ccc(Cl)cc1,54.0,18.24,200.665,200.665
19979513,C[C@@H](O)C[C@@H](O)C1=CC=C(Cl)C=C1,C[C@@H](O)C[C@@H](O)c1ccc(Cl)cc1,40.0,20.44,200.665,200.665
19979787,C[C@@H]1CCCCCC(=O)C(=O)\C=C/C(=O)O1,C[C@@H]1CCCCCC(=O)C(=O)/C=C\C(=O)O1,2.0,-124.33,224.256,-224.256
19983247,CC1=C(CC=C)[C@@H](OC1=O)C1=CC=CC=C1,C=CCC1=C(C)C(=O)O[C@H]1c1ccccc1,4.6,516.97,214.264,214.264
20019239,[H][C@]1(O[C@@H](CC=C1)OCC)[C@@H](C)O,CCO[C@@H]1CC=C[C@H]([C@@H](C)O)O1,72.0,73.15,172.224,172.224
20055547,CC[C@@H](NNC(=O)C1=CC=C(C=C1)N(=O)=O)C#N,CC[C@H](C#N)NNC(=O)c1ccc([N+](=O)[O-])cc1,80.0,-191.0,248.242,-248.242
20090727,C[C@@H](Cl)C1=NC(=NN1)[C@@H](C)Cl,C[C@@H](Cl)c1n[nH]c([C@@H](C)Cl)n1,52.0,173.56,194.06500000000003,194.06500000000003
20090729,C[C@H](OC(C)=O)C1=NC(=NN1)[C@H](C)OC(C)=O,CC(=O)O[C@@H](C)c1n[nH]c([C@H](C)OC(C)=O)n1,-156.0,-134.68,241.247,-241.247
20114105,[H][C@@]1(CO1)[C@@H](NCC1=CC=CC=C1)C1=CC=CC=C1,c1ccc(CN[C@@H](c2ccccc2)[C@H]2CO2)cc1,57.8,-65.92,239.318,-239.318
20124545,CC1=CC=CC=C1[C@@H]1O[C@H]1CO,Cc1ccccc1[C@@H]1O[C@H]1CO,0.63,64.41,164.20399999999998,164.20399999999998
20124548,CC1=CC=C(C=C1)[C@H]1O[C@@H]1CO,Cc1ccc([C@H]2O[C@@H]2CO)cc1,40.2,-6.79,164.204,-164.204
20124767,[H][C@]12CCCC(=O)N1[C@@H](CO)[C@H](O)[C@H](O)C2,O=C1CCC[C@@H]2C[C@@H](O)[C@@H](O)[C@H](CO)N12,12.0,12.34,215.249,215.249
20124768,[H][C@]12CCCC(=O)N1[C@@H](CO)[C@@H](O)[C@H](O)C2,O=C1CCC[C@@H]2C[C@@H](O)[C@H](O)[C@H](CO)N12,-6.0,149.51,215.249,215.249
20124769,[H][C@@]12CCCC(=O)N1[C@@H](CO)[C@H](O)[C@H](O)C2,O=C1CCC[C@H]2C[C@@H](O)[C@@H](O)[C@H](CO)N12,11.0,65.4,215.249,215.249
20124770,[H][C@@]12CCCC(=O)N1[C@@H](CO)[C@@H](O)[C@H](O)C2,O=C1CCC[C@H]2C[C@@H](O)[C@H](O)[C@H](CO)N12,12.0,-31.41,215.249,-215.249
20124771,[H][C@@]12C[C@@H](O)[C@@H](O)[C@H](CO)N1C(=O)[C@H](O)[C@H](O)C2,O=C1[C@H](O)[C@H](O)C[C@@H]2C[C@@H](O)[C@@H](O)[C@H](CO)N12,13.0,-93.24,247.247,-247.247
20124772,[H][C@@]12C[C@@H](O)[C@H](O)[C@H](CO)N1C(=O)[C@H](O)[C@H](O)C2,O=C1[C@H](O)[C@H](O)C[C@@H]2C[C@@H](O)[C@H](O)[C@H](CO)N12,12.0,-27.09,247.247,-247.247
20124774,[H][C@]12C[C@@H](O)[C@H](O)[C@H](CO)N1C(=O)[C@H](O)[C@H](O)C2,O=C1[C@H](O)[C@H](O)C[C@H]2C[C@@H](O)[C@H](O)[C@H](CO)N12,-16.0,17.49,247.247,247.247
20126125,CCCC[C@@](C)(O)CC=C,C=CC[C@](C)(O)CCCC,1.0,-112.0,142.242,-142.242
20126251,[H][C@]12COC(=O)C[C@@]1([H])C2(C)C,CC1(C)[C@@H]2CC(=O)OC[C@@H]21,-89.07,-140.29,140.18200000000002,-140.18200000000002
20129489,C[C@]1(CC=C)CC2=C(C=CC=C2)C1=O,C=CC[C@@]1(C)Cc2ccccc2C1=O,49.6,-145.9,186.254,-186.254
20146278,[H][C@@]12CC3=C(C)C(=O)NC3=C[C@@]1(C)CCCC2=C,C=C1CCC[C@]2(C)C=C3NC(=O)C(C)=C3C[C@@H]12,104.3,289.23,229.32299999999995,229.32299999999995
20146279,[H][C@]12C[C@@]3(C)CCCC(=C)[C@]3([H])CC1=C(C)C(=O)N2,C=C1CCC[C@]2(C)C[C@@H]3NC(=O)C(C)=C3C[C@@H]12,205.9,339.94,231.339,231.339
20146280,[H][C@]12CC3=C(C)C(=O)N[C@]3(O)C[C@]1(C)CCCC2=C,C=C1CCC[C@@]2(C)C[C@@]3(O)NC(=O)C(C)=C3C[C@H]12,101.2,-286.41,247.338,-247.338
20158562,COC(=O)C[C@H]1[C@H](CO)[C@H](C)C2=C1C=CC=C2,COC(=O)C[C@@H]1c2ccccc2[C@@H](C)[C@H]1CO,-9.0,42.89,234.295,234.295
20197552,COC1=CC(Cl)=NC=C1[C@@H]1CCCN1C,COc1cc(Cl)ncc1[C@@H]1CCCN1C,-189.0,-250.4,226.707,-226.707
20197553,COC1=NC=C([C@@H]2CCCN2C)C(OC)=C1,COc1cc(OC)c([C@@H]2CCCN2C)cn1,-165.0,-230.23,222.28799999999995,-222.28799999999995
20197566,CN1CCC[C@H]1C1=CN=C(Cl)C(CCO)=C1,CN1CCC[C@H]1c1cnc(Cl)c(CCO)c1,-126.0,-122.93,240.734,-240.734
20197569,CN1CCC[C@H]1C1=CN=C(Cl)C(CCCO)=C1,CN1CCC[C@H]1c1cnc(Cl)c(CCCO)c1,-100.0,-148.75,254.761,-254.761
20197572,CN1CCC[C@H]1C1=CN=CC2=C1OC1=CC=CC=C21,CN1CCC[C@H]1c1cncc2c1oc1ccccc12,-138.0,-177.86,252.317,-252.317
20202250,CC1=CC=C(C=C1)[S@@](=O)CC1=CC=C(C=C1)C#N,Cc1ccc([S@@](=O)Cc2ccc(C#N)cc2)cc1,-129.0,1044.94,255.34200000000004,255.34200000000004
20203046,CC[C@](C)(CO)CCC1=CC=CC=C1,CC[C@](C)(CO)CCc1ccccc1,-12.205,56.91,192.302,192.302
20211217,O[C@H](C1CCCCC1)C1=CC=CC=C1F,O[C@@H](c1ccccc1F)C1CCCCC1,16.0,55.93,208.27599999999995,208.27599999999995
20213034,FC1=CC([C@H]2CCCN2)=C(F)C=C1,Fc1ccc(F)c([C@H]2CCCN2)c1,58.22,104.48,183.201,183.201
20223594,O=C[C@H]1[C@@H]2CC[C@@H](C=C2)[C@@H]1C1=CC=CC=C1,O=C[C@@H]1[C@@H](c2ccccc2)[C@@H]2C=C[C@H]1CC2,82.0,66.89,212.292,212.292
20223596,CC=CC(=O)[C@@]1(O)C[C@H]2CC[C@]1(C)C2(C)C,CC=CC(=O)[C@@]1(O)C[C@H]2CC[C@]1(C)C2(C)C,-54.0,72.02,222.32799999999995,222.32799999999995
20236175,CC\C=C/C[C@@H](O)CO,CC/C=C\C[C@@H](O)CO,-9.0,33.29,130.187,130.187
20236176,CCCCC\C=C\C[C@@H](O)CO,CCCCC/C=C/C[C@@H](O)CO,-1.2,-164.9,172.26799999999997,-172.26799999999997
20236177,CC\C=C/C[C@@H](O)COC(=O)C(C)(C)C,CC/C=C\C[C@@H](O)COC(=O)C(C)(C)C,-5.2,366.94,214.305,214.305
20236181,CC\C=C/C[C@H](CO)O[Si](C)(C)C(C)(C)C,CC/C=C\C[C@H](CO)O[Si](C)(C)C(C)(C)C,-18.5,162.01,244.451,244.451
20236493,C[C@@](O)(CC=C)C=CC1=CC=CC=C1,C=CC[C@@](C)(O)C=Cc1ccccc1,34.8,681.35,188.27,188.27
20260788,CCCC[C@H](CO)CCO,CCCC[C@H](CO)CCO,1.3,-7.29,146.23,-146.23
20264535,C\C=C/[C@@H](C)[C@@H](O)C1CCCCC1,C/C=C\[C@@H](C)[C@@H](O)C1CCCCC1,14.4,62.44,182.30699999999996,182.30699999999996
20264540,CCCC[C@H](\C=C/C)[C@@H](O)C1=CC=CC=C1,C/C=C\[C@@H](CCCC)[C@@H](O)c1ccccc1,-19.2,108.04,218.34000000000003,218.34000000000003
20264554,CCCC[C@H](O)[C@H](C)\C=C/CCC1=CC=CC=C1,CCCC[C@H](O)[C@H](C)/C=C\CCc1ccccc1,19.5,-382.41,246.394,-246.394
20265313,ClC1=CC=C(C=C1)[C@@H]1CCCN1,Clc1ccc([C@@H]2CCCN2)cc1,-41.0,-74.18,181.666,-181.666
20285994,[H][C@]1(COC(CC)(CC)O1)[C@@H](O)CO,CCC1(CC)OC[C@@H]([C@@H](O)CO)O1,-2.0,0.94,190.239,190.239
20310590,CC[C@](C)(CC=O)\C=C\C1=CC=CC=C1,CC[C@@](C)(/C=C/c1ccccc1)CC=O,-13.64,291.16,202.297,202.297
20319855,[H][C@]12CC[C@]11OC3=C(C=CC(Cl)=N3)[C@]1([H])CN2,Clc1ccc2c(n1)O[C@@]13CC[C@@H]1NC[C@@H]23,-73.5,-153.07,222.675,-222.675
20353053,CCOC(=O)[C@@H]1OC(C)(C)O[C@H]1CCC#C,C#CCC[C@@H]1OC(C)(C)O[C@H]1C(=O)OCC,-23.5,-121.09,226.272,-226.272
20360546,[H][C@]12CC[C@@]3(CS(=O)(=O)NN=C3C1)C2(C)C,CC1(C)[C@H]2CC[C@@]13CS(=O)(=O)NN=C3C2,12.5,-194.8,228.317,-228.317
20373194,O[C@H](CC(=O)C1=CC=CC=C1)C(=O)C1=CC=CO1,O=C(C[C@@H](O)C(=O)c1ccco1)c1ccccc1,5.0,-119.26,244.246,-244.246
20373196,O[C@H](CC(=O)C1=CC=CC=C1)C(=O)C1=CC=CC=C1,O=C(C[C@@H](O)C(=O)c1ccccc1)c1ccccc1,12.2,-33.38,254.28500000000005,-254.28500000000005
20406196,CC[C@]1(C(=O)N(C)C2=CC=CC=C12)C1=CC=CC=C1,CC[C@@]1(c2ccccc2)C(=O)N(C)c2ccccc21,-110.3,211.97,251.32899999999995,251.32899999999995
20406207,CN1C2=CC(F)=CC=C2[C@@](C)(C1=O)C1=CC=CC=C1,CN1C(=O)[C@@](C)(c2ccccc2)c2ccc(F)cc21,-67.82,229.38,255.292,255.292
20409727,CCCCCCC[C@@H](O)C#CC#CCOC(C)=O,CCCCCCC[C@@H](O)C#CC#CCOC(C)=O,-5.8,231.75,250.338,250.338
20431951,COC1=CC=C(C=C1)[C@@H](O)C1=CC(=CC=C1)C#N,COc1ccc([C@@H](O)c2cccc(C#N)c2)cc1,-61.84,-514.29,239.274,-239.274
20452101,CC(C)(C)C(=O)OCC[C@H]1CC(=C)C[C@H](O1)C=C,C=C[C@@H]1CC(=C)C[C@H](CCOC(=O)C(C)(C)C)O1,-19.8,-14.39,252.354,-252.354
20452116,CCCC[C@H](O)\C=C\[C@@H](C)O,CCCC[C@H](O)/C=C/[C@@H](C)O,60.0,-15.81,158.24099999999996,-158.24099999999996
20452126,C[C@@H](O)\C=C\[C@@H](O)C1CCCCC1,C[C@@H](O)/C=C/[C@@H](O)C1CCCCC1,8.0,50.42,184.2789999999999,184.2789999999999
20504370,CC[C@H](N)[C@@H](O)CC1=CC=CC=C1,CC[C@H](N)[C@@H](O)Cc1ccccc1,-20.6,5.63,179.263,179.263
20504379,CCCCC[C@H](NC1=CC=C(OC)C=C1)[C@H](C)O,CCCCC[C@H](Nc1ccc(OC)cc1)[C@H](C)O,6.8,-98.16,251.37,-251.37
20532624,CC[C@@H]([C@@H](O)C1CCCCC1)N(=O)=O,CC[C@@H]([C@@H](O)C1CCCCC1)[N+](=O)[O-],-4.0,-110.71,201.266,-201.266
20542849,C[C@@H](CC=C)C(=O)C1=NC=CN1C,C=CC[C@H](C)C(=O)c1nccn1C,20.8,108.19,178.235,178.235
20548391,[H][C@@]12CC[C@](C)(O)[C@@]1([H])C=C(C)[C@@H](C)CCC2=C,C=C1CC[C@H](C)C(C)=C[C@H]2[C@H]1CC[C@]2(C)O,110.0,27.74,220.356,220.356
20549199,CC(C)[C@H](O)C(C)(C)CO,CC(C)[C@H](O)C(C)(C)CO,-9.5,-3.44,146.23,-146.23
20549200,COCC(C)(C)[C@H](O)C(C)C,COCC(C)(C)[C@H](O)C(C)C,16.950000000000003,58.84,160.25699999999998,160.25699999999998
20549203,COCC(C)(C)[C@@H](O)CC(C)C,COCC(C)(C)[C@@H](O)CC(C)C,-9.0,-80.44,174.28399999999996,-174.28399999999996
20549204,CC[C@H](C)[C@@H](O)C(C)(C)COC,CC[C@H](C)[C@@H](O)C(C)(C)COC,1.2,24.38,174.2839999999999,174.2839999999999
20549207,COC[C@@H](C(C)C)[C@@H](O)CC(C)C,COC[C@@H](C(C)C)[C@@H](O)CC(C)C,-13.2,-66.51,188.311,-188.311
20549210,CC[C@H](C)OCC(C)(C)[C@@H](O)C(C)C,CC[C@H](C)OCC(C)(C)[C@@H](O)C(C)C,-4.5,8.24,202.338,202.338
20549211,CC[C@](C)(COC)[C@@H](O)CC(C)C,CC[C@](C)(COC)[C@@H](O)CC(C)C,-16.5,-38.97,188.311,-188.311
20549214,CC(C)C[C@H](O)[C@@H](CO)C(C)C,CC(C)C[C@H](O)[C@@H](CO)C(C)C,-5.7,7.86,174.284,174.284
20549217,CC[C@@H](C)[C@H](O)[C@](C)(CC)CO,CC[C@@H](C)[C@H](O)[C@](C)(CC)CO,-12.3,-2.42,174.28399999999996,-174.28399999999996
20549224,COCC(C)(C)[C@H](O)C1CCCCC1,COCC(C)(C)[C@H](O)C1CCCCC1,3.6,51.82,200.32199999999992,200.32199999999992
20549236,COCC1(CCCCC1)[C@H](O)C1CCCCC1,COCC1([C@H](O)C2CCCCC2)CCCCC1,10.1,44.64,240.38699999999983,240.38699999999983
20549239,OCC1(CCCCC1)[C@@H](O)C1CCCCC1,OCC1([C@@H](O)C2CCCCC2)CCCCC1,-13.2,-28.69,226.3599999999999,-226.3599999999999
20595674,CC1=C2C=CC=CC2=C(C=C1)[C@H]1CC=CC(=O)O1,Cc1ccc([C@H]2CC=CC(=O)O2)c2ccccc12,485.0,584.57,238.286,238.286
20598716,C[C@@H]1[C@H](OC1=O)C1=CC=C(Br)C=C1,C[C@H]1C(=O)O[C@@H]1c1ccc(Br)cc1,28.3,-8.57,241.084,-241.084
20598717,C[C@@H]1[C@H](OC1=O)C1=CC=C(C=C1)C#N,C[C@H]1C(=O)O[C@@H]1c1ccc(C#N)cc1,25.6,-17.89,187.198,-187.198
20598720,CCC[C@@H]1[C@H](OC1=O)C1=CC=CC=C1,CCC[C@H]1C(=O)O[C@@H]1c1ccccc1,23.2,-8.57,190.242,-190.242
20598721,C[C@@H]1[C@H](OC1=O)C1=CC=C(C=C1)N(=O)=O,C[C@H]1C(=O)O[C@@H]1c1ccc([N+](=O)[O-])cc1,14.2,-26.59,207.185,-207.185
20598722,CCC[C@@H]1[C@H](OC1=O)C1=CC=C(Cl)C=C1,CCC[C@H]1C(=O)O[C@@H]1c1ccc(Cl)cc1,13.5,10.06,224.687,224.687
20598728,CCC[C@@H]1[C@H](OC1=O)C1=CC=C(C=C1)N(=O)=O,CCC[C@H]1C(=O)O[C@@H]1c1ccc([N+](=O)[O-])cc1,9.0,76.69,235.239,235.239
20598730,CCC[C@@H]1[C@H](OC1=O)C1=CC=C(C=C1)C#N,CCC[C@H]1C(=O)O[C@@H]1c1ccc(C#N)cc1,16.7,19.67,215.252,215.252
20598733,C[C@@H]1[C@H](OC1=O)C1=CC=C(C=C1)C(F)(F)F,C[C@H]1C(=O)O[C@@H]1c1ccc(C(F)(F)F)cc1,12.1,-20.59,230.18499999999997,-230.18499999999997
20600866,CC1=CC=C(N[C@H](C#N)C2=CC=CC=C2)C=C1,Cc1ccc(N[C@H](C#N)c2ccccc2)cc1,8.6,-49.51,222.29100000000005,-222.29100000000005
20600884,CC1(C)O[C@H](CC=O)[C@](C)(O1)C=C,C=C[C@@]1(C)OC(C)(C)O[C@@H]1CC=O,-22.6,254.98,184.235,184.235
20600885,CC(=O)C[C@H]1OC(C)(C)O[C@]1(C)C=C,C=C[C@@]1(C)OC(C)(C)O[C@@H]1CC(C)=O,-22.6,119.23,198.262,198.262
20600887,CC1(C)O[C@H](CCO)[C@](C)(O1)C=C,C=C[C@@]1(C)OC(C)(C)O[C@@H]1CCO,-3.1,-0.59,186.251,-186.251
20612022,[H][C@@]1(CC2=C(N1)C=CC=C2)[C@@]1([H])CC2=C(N1)C=CC=C2,c1ccc2c(c1)C[C@H]([C@H]1Cc3ccccc3N1)N2,-14.0,67.95,236.318,236.318
20641646,CCCC[C@H](CC(C)=O)C1=CC=CC=C1,CCCC[C@H](CC(C)=O)c1ccccc1,-6.9,0.97,204.313,204.313
20645165,CC(C)CC(=O)[C@@H](O)CC1=CC=C(O)C=C1,CC(C)CC(=O)[C@@H](O)Cc1ccc(O)cc1,16.6,342.08,222.284,222.284
20653215,CC(C)(O[Si](C)(C)C)[C@@H]1C[C@@H](O)CN1,CC(C)(O[Si](C)(C)C)[C@@H]1C[C@@H](O)CN1,-10.2,117.49,217.385,217.385
20669473,C[Si](C)(C)[C@H](C=C)[C@@H](O)CCC1=CC=CC=C1,C=C[C@H]([C@@H](O)CCc1ccccc1)[Si](C)(C)C,13.3,-68.72,248.442,-248.442
20669474,C[Si](C)(C)[C@H](C=C)[C@@H](O)\C=C\C1=CC=CC=C1,C=C[C@H]([C@@H](O)/C=C/c1ccccc1)[Si](C)(C)C,38.8,-395.49,246.426,-246.426
20687792,CC(=O)C[C@@H]1CCCN1C(=O)OC(C)(C)C,CC(=O)C[C@@H]1CCCN1C(=O)OC(C)(C)C,-36.5,-146.64,227.304,-227.304
20696239,CC(C)[C@@H](O)C1=CC=CC=C1O,CC(C)[C@@H](O)c1ccccc1O,24.1,-89.91,166.21999999999997,-166.21999999999997
20696241,CC(C)(C)[C@@H](O)C1=CC=CC=C1O,CC(C)(C)[C@@H](O)c1ccccc1O,10.25,-86.5,180.247,-180.247
20696244,C[C@@H](O)C1=CC=CC=C1O[C@@H](C)C1=CC=CC=C1,C[C@H](Oc1ccccc1[C@@H](C)O)c1ccccc1,75.3,-202.12,242.318,-242.318
20700586,C\C(=C/C1=CC=CC=C1)[C@@H](O)CN(=O)=O,C/C(=C\c1ccccc1)[C@@H](O)C[N+](=O)[O-],-9.6,-388.75,207.229,-207.229
20701999,CC(C)[C@@](C)(O)C1=CC=C(Cl)C=C1,CC(C)[C@@](C)(O)c1ccc(Cl)cc1,28.5,48.21,198.693,198.693
20702003,CC(C)[C@@](C)(O)C1=CC=CC=C1F,CC(C)[C@@](C)(O)c1ccccc1F,15.9,52.17,182.238,182.238
20702018,C[C@@](O)(C1CCCCC1)C1=CC=C(F)C=C1,C[C@](O)(c1ccc(F)cc1)C1CCCCC1,16.2,-38.04,222.30299999999997,-222.30299999999997
20706175,CCC[C@@H](NC(=O)C1=CC=CC=C1)C1=CC=CC=C1,CCC[C@@H](NC(=O)c1ccccc1)c1ccccc1,-9.2,-89.91,253.34500000000003,-253.34500000000003
20706749,[H][C@@]12CS[C@@]([H])([C@H](O)CO)[C@]1([H])OC(C)(C)O2,CC1(C)O[C@H]2[C@H]([C@H](O)CO)SC[C@H]2O1,-52.38,-127.77,220.29,-220.29
20709809,CC1=CC=C(C=C1)[C@H](CN(=O)=O)C1=CC=CC=C1,Cc1ccc([C@H](C[N+](=O)[O-])c2ccccc2)cc1,1.29,340.63,241.29000000000005,241.29000000000005
20709812,FC1=CC=C(C=C1)[C@@H](CN(=O)=O)C1=CC=CC=C1,O=[N+]([O-])C[C@@H](c1ccccc1)c1ccc(F)cc1,-7.31,329.12,245.253,245.253
20749408,[H][C@]12CCC(=O)C1=C(C)CC2(C#N)C#N,CC1=C2C(=O)CC[C@@H]2C(C#N)(C#N)C1,-11.3,-210.22,186.214,-186.214
20749409,[H][C@@]12CCCC(=O)C1=C(C)CC2(C#N)C#N,CC1=C2C(=O)CCC[C@H]2C(C#N)(C#N)C1,7.4,103.5,200.241,200.241
20749412,O=C1CCC[C@@H](C1)C(CC#C)(C#N)C#N,C#CCC(C#N)(C#N)[C@H]1CCCC(=O)C1,-17.1,-73.11,200.24099999999996,-200.24099999999996
20749415,[H][C@]12CC(C)(C)CC(=O)C1=C(C)CC2(C#N)C#N,CC1=C2C(=O)CC(C)(C)C[C@@H]2C(C#N)(C#N)C1,-11.0,-125.87,228.295,-228.295
20749416,[H][C@]12CCC[C@@H](O)C1=C(C)CC2(C#N)C#N,CC1=C2[C@H](O)CCC[C@@H]2C(C#N)(C#N)C1,9.1,-27.18,202.257,-202.257
20749421,[H][C@]12CCCC(=O)C1=C(C)CCC2(C#N)C#N,CC1=C2C(=O)CCC[C@@H]2C(C#N)(C#N)CC1,-29.0,-94.55,214.268,-214.268
20753129,CCCCCCC[C@H](CO)CCO,CCCCCCC[C@H](CO)CCO,1.1,46.27,188.311,188.311
20754302,O[C@H](CN(=O)=O)C1=C(O)C=CC=C1,O=[N+]([O-])C[C@@H](O)c1ccccc1O,4.9,47.68,183.163,183.163
20782291,COC(=O)\C=C\C[C@H]1CCC=N1=O,COC(=O)/C=C/C[C@H]1CCC=[N+]1[O-],5.75,47.12,183.207,183.207
20803061,CC(C)COC(=O)C[C@H](O)CC=C,C=CC[C@@H](O)CC(=O)OCC(C)C,-17.6,98.29,186.251,186.251
20803062,CC(C)COC(=O)[C@H](C)[C@H](O)CC=C,C=CC[C@@H](O)[C@@H](C)C(=O)OCC(C)C,-11.2,-63.4,200.278,-200.278
20803066,CC[Si](CC)(CC)O[C@H](CC=C)[C@@H](C)C=O,C=CC[C@@H](O[Si](CC)(CC)CC)[C@@H](C)C=O,-37.5,-13.26,242.435,-242.435
20807158,CC(C)N1C(=O)C[C@H](CC(C)=O)C1=O,CC(=O)C[C@H]1CC(=O)N(C(C)C)C1=O,6.4,-109.15,197.234,-197.234
20807159,CCCN1C(=O)C[C@H](CC(C)=O)C1=O,CCCN1C(=O)C[C@H](CC(C)=O)C1=O,-2.8,-117.7,197.23399999999995,-197.23399999999995
20807163,CC(=O)C[C@H]1CC(=O)N(C1=O)C1=CC=C(C)C=C1,CC(=O)C[C@H]1CC(=O)N(c2ccc(C)cc2)C1=O,11.7,-18.45,245.278,-245.278
20816290,CC(C)(C=O)[C@H]1CC(=O)N(C1=O)C1=CC=CC=C1,CC(C)(C=O)[C@H]1CC(=O)N(c2ccccc2)C1=O,6.2,52.21,245.278,245.278
20862987,CCOC(=O)[C@@H](C)OC1=C(C)C(C)=CC(C)=C1,CCOC(=O)[C@@H](C)Oc1cc(C)cc(C)c1C,24.1,177.0,236.311,236.311
20870375,C[C@H](CC=C)C(=O)NCC1=CC=CC=C1,C=CC[C@@H](C)C(=O)NCc1ccccc1,8.5,-153.75,203.28500000000005,-203.28500000000005
20914749,CCCC[C@H]([C@H](C)C(C)=O)C1=CC=CC=C1,CCCC[C@@H](c1ccccc1)[C@H](C)C(C)=O,20.3,71.43,218.34,218.34
20914757,CCCC[C@H](CC(C)=O)C1=CC=C(Cl)C=C1,CCCC[C@H](CC(C)=O)c1ccc(Cl)cc1,-1.7,-7.02,238.758,-238.758
20914758,CCCC[C@H]([C@H](C)C(=O)C(C)C)C1=CC=CC=C1,CCCC[C@@H](c1ccccc1)[C@H](C)C(=O)C(C)C,75.9,21.54,246.394,246.394
20914762,CCCC[C@H]([C@H](C)C(=O)CC)C1=CC=CC=C1,CCCC[C@@H](c1ccccc1)[C@H](C)C(=O)CC,45.1,54.61,232.367,232.367
20914768,COC[C@@H]1CCCN1\N=C1/CCCCC=C1,COC[C@@H]1CCCN1/N=C1/C=CCCCC1,863.8,145.42,222.332,222.332
20928593,CC(C)CC(=O)[C@@H](O)CC1=CC=CC=C1,CC(C)CC(=O)[C@@H](O)Cc1ccccc1,41.5,-62.26,206.285,-206.285
20928594,CCCCC(=O)[C@@H](O)CC1=CC=CC=C1,CCCCC(=O)[C@@H](O)Cc1ccccc1,35.5,361.09,206.285,206.285
21018578,C[C@@H](C=C)[C@@H](CO)C1=CC=CC=C1,C=C[C@H](C)[C@@H](CO)c1ccccc1,0.01,188.81,176.259,176.259
21018580,CC[C@H](CO)[C@H](C=C)C1=CC=CC=C1,C=C[C@H](c1ccccc1)[C@H](CC)CO,-87.1,-193.17,190.28599999999997,-190.28599999999997
21018586,CC[C@@H]([C@H](C=C)C1=CC=CC=C1)C(=O)OC,C=C[C@H](c1ccccc1)[C@H](CC)C(=O)OC,-65.3,308.2,218.29599999999996,218.29599999999996
21018588,C[C@@H]([C@H](C=C)C1=CC=CO1)C(=O)[Si](C)(C)C,C=C[C@H](c1ccco1)[C@H](C)C(=O)[Si](C)(C)C,-15.5,-62.6,236.38699999999992,-236.38699999999992
21018590,CCC[C@H](CO)[C@H](C=C)C1=CC=CC=C1,C=C[C@H](c1ccccc1)[C@@H](CO)CCC,-81.0,-168.62,204.31299999999996,-204.31299999999996
21018592,CC[C@@H]([C@H](C=C)C1=CC=CC=C1)C(=O)CC,C=C[C@H](c1ccccc1)[C@H](CC)C(=O)CC,-52.1,-14.46,216.32399999999996,-216.32399999999996
21018595,C[C@@H]([C@H](C=C)C1=CC=CC=C1)C(=O)[Si](C)(C)C,C=C[C@H](c1ccccc1)[C@H](C)C(=O)[Si](C)(C)C,-9.6,-30.94,246.426,-246.426
21018597,C[C@@H](C=C)[C@@H](C(=O)[Si](C)(C)C)C1=CC=CC=C1,C=C[C@H](C)[C@@H](C(=O)[Si](C)(C)C)c1ccccc1,-309.3,-400.14,246.426,-246.426
21025691,COC(=O)[C@](O)(CN(=O)=O)C1=CC=CC=C1,COC(=O)[C@](O)(C[N+](=O)[O-])c1ccccc1,-4.8,64.09,225.2,225.2
21034118,CC(C)=CCC\C(C)=C\[C@H](O)CC(C)=C,C=C(C)C[C@@H](O)/C=C(\C)CCC=C(C)C,13.0,14.2,208.34499999999997,208.34499999999997
21034285,[H][C@@]1(CC=C(C=C1)C(O)=O)[C@H](C)CCC=C(C)C,CC(C)=CCC[C@@H](C)[C@@H]1C=CC(C(=O)O)=CC1,-87.0,-676.1,234.339,-234.339
21034286,[H][C@@]1(CC=C(C=C1)C(O)=O)[C@@H](C)CCC=C(C)C,CC(C)=CCC[C@H](C)[C@@H]1C=CC(C(=O)O)=CC1,-51.0,-578.87,234.339,-234.339
21037121,C[C@@H]1CC2=C(C(C)=N1)C(O)=CC=C2C1=CC=CC=C1,CC1=N[C@H](C)Cc2c(-c3ccccc3)ccc(O)c21,99.8,-429.14,251.32900000000004,-251.32900000000004
21076512,C[C@H]1CC[C@@H]2O[C@@]22CCC(=O)[C@@H](C(C)=O)[C@]12C,CC(=O)[C@@H]1C(=O)CC[C@]23O[C@H]2CC[C@H](C)[C@@]13C,-33.0,-38.33,236.311,-236.311
21087342,C=CC[C@@H](OC(=O)C=C)C1=CC=C2C=CC=CC2=C1,C=CC[C@@H](OC(=O)C=C)c1ccc2ccccc2c1,67.46,251.09,252.313,252.313
21096896,CCO[C@@H]1CC[C@@H](O1)C1=CC=CC=C1,CCO[C@@H]1CC[C@H](c2ccccc2)O1,148.7,176.57,192.258,192.258
21096902,FC1=CC=C(C=C1)[C@H]1CCCO1,Fc1ccc([C@H]2CCCO2)cc1,37.9,134.77,166.19500000000002,166.19500000000002
21096917,CCO[C@@H]1CC[C@H](O1)C1=CC=C(F)C=C1,CCO[C@@H]1CC[C@@H](c2ccc(F)cc2)O1,59.1,28.99,210.248,210.248
21096918,CCO[C@@H]1CC[C@@H](O1)C1=CC=C(F)C=C1,CCO[C@@H]1CC[C@H](c2ccc(F)cc2)O1,137.1,149.84,210.248,210.248
21096930,CCO[C@@H]1CC[C@@](C)(O1)C1=CC=C(C)C=C1,CCO[C@@H]1CC[C@](C)(c2ccc(C)cc2)O1,102.8,58.71,220.312,220.312
21096938,CCOC(CC[C@H](O)C1=CC=CC=C1)OCC,CCOC(CC[C@H](O)c1ccccc1)OCC,-31.2,-91.5,238.327,-238.327
21141874,[H][C@]12OC(C)(C)O[C@@]1([H])C(CO)=CC=C2,CC1(C)O[C@@H]2C=CC=C(CO)[C@@H]2O1,-75.0,50.54,182.219,182.219
21141875,[H][C@]12OC(C)(C)O[C@@]1([H])C(=CC=C2)C(=O)OC,COC(=O)C1=CC=C[C@H]2OC(C)(C)O[C@@H]12,-108.0,-318.63,210.229,-210.229
21149135,C[C@@H](OC(C)=O)C#CCO,CC(=O)O[C@H](C)C#CCO,162.4,52.51,142.154,142.154
21149145,CC1(C)C[C@](C)(O)[C@H](O)[C@H](O1)C=C,C=C[C@H]1OC(C)(C)C[C@](C)(O)[C@@H]1O,52.8,11.17,186.251,186.251
21154449,C[C@H](CCCO)COCC1=CC=CC=C1,C[C@H](CCCO)COCc1ccccc1,4.0,-97.11,208.301,-208.301
21156616,O[C@H](CN(=O)=O)C1=CC=C(O)C=C1,O=[N+]([O-])C[C@@H](O)c1ccc(O)cc1,5.5,-44.54,183.163,-183.163
21163294,O[C@H](CC=C)C1=CC=CC=C1C#N,C=CC[C@@H](O)c1ccccc1C#N,9.2,222.36,173.21499999999995,173.21499999999995
21163924,COC1=C(O)C=CC=C1[C@H](O)[C@H](C)CC=C,C=CC[C@@H](C)[C@@H](O)c1cccc(O)c1OC,4.1,167.6,222.284,222.284
21163930,[H][C@]12CC(C)=C[C@@]11CC[C@@]([H])(C2)C(=O)C1(OC)OC,COC1(OC)C(=O)[C@H]2CC[C@@]13C=C(C)C[C@@H]3C2,-15.0,63.15,236.31099999999995,236.31099999999995
21163940,[H][C@@]12C[C@@H](C)[C@@H](O)[C@]11C=C[C@]([H])(C2)C(=O)C1(OC)OC,COC1(OC)C(=O)[C@@H]2C=C[C@@]13[C@H](C2)C[C@@H](C)[C@H]3O,-138.0,-253.37,252.31,-252.31
21163941,[H][C@]12C[C@@H](C)[C@@H](O)[C@@]11C=C[C@@]([H])(C2)C(=O)C1(OC)OC,COC1(OC)C(=O)[C@H]2C=C[C@]13[C@H](C[C@@H](C)[C@H]3O)C2,2.0,208.72,252.31,252.31
21163951,[H][C@@]12C[C@@H](C)[C@@H](O)[C@]11CC[C@]([H])(C2)C(=O)C1(OC)OC,COC1(OC)C(=O)[C@@H]2CC[C@@]13[C@H](C2)C[C@@H](C)[C@H]3O,9.2,43.47,254.326,254.326
21163952,[H][C@]12C[C@@H](C)[C@@H](O)[C@@]11CC[C@@]([H])(C2)C(=O)C1(OC)OC,COC1(OC)C(=O)[C@H]2CC[C@]13[C@@H](C2)C[C@@H](C)[C@H]3O,-33.5,-92.13,254.326,-254.326
21169291,CCC[C@@H](NCCC1=CC=CC=C1)\C=C\C,C/C=C/[C@@H](CCC)NCCc1ccccc1,-1.3,178.42,217.356,217.356
21170754,[H][C@@]1(COC(C)(C)O1)[C@@H](O)CC(=O)C1=CC=CC=C1,CC1(C)OC[C@H]([C@@H](O)CC(=O)c2ccccc2)O1,-45.9,109.91,250.294,250.294
21205028,CC(C)[C@@H]1OC=N[C@H]1C(=O)OC(C)(C)C,CC(C)[C@@H]1OC=N[C@H]1C(=O)OC(C)(C)C,-28.2,-146.74,213.277,-213.277
21207859,BrCC#C[C@H](OCC#C)C1=COC=C1,C#CCO[C@@H](C#CCBr)c1ccoc1,73.5,297.94,253.095,253.095
21207860,OCC#C[C@H](OCC#C)C1=COC=C1,C#CCO[C@@H](C#CCO)c1ccoc1,78.3,-107.8,190.198,-190.198
21218731,C[C@@H](O)CN1CSCSC1,C[C@@H](O)CN1CSCSC1,-46.49,-26.08,179.30999999999997,-179.30999999999997
21261918,O=S1(=O)N[C@@H](C2=CC=CC=C12)C1=CC=CC=C1,O=S1(=O)N[C@H](c2ccccc2)c2ccccc21,-27.4,15.05,245.30300000000005,245.30300000000005
21263986,COC(=O)C[C@@H](N[C@H](C)C1=CC=CC=C1)C(C)C,COC(=O)C[C@@H](N[C@H](C)c1ccccc1)C(C)C,26.1,-121.69,249.354,-249.354
21263990,FC(F)(F)C1=CC=C(C=C1)[C@H]1CC(=O)N1,O=C1C[C@H](c2ccc(C(F)(F)F)cc2)N1,61.0,90.44,215.174,215.174
21294299,CCC[C@@H](C=C)B1OC(C)(C)C(C)(C)O1,C=C[C@H](CCC)B1OC(C)(C)C(C)(C)O1,11.1,72.93,210.126,210.126
21311289,CC[C@H](CC(OC)OC)\C=C\C(=O)OC,CC[C@@H](/C=C/C(=O)OC)CC(OC)OC,-19.7,167.08,216.277,216.277
21311294,CC[C@H](CC(OC)OC)\C=C\C(=O)N(C)OC,CC[C@@H](/C=C/C(=O)N(C)OC)CC(OC)OC,-17.2,269.1,245.319,245.319
21311299,CCCC[C@H](CC(OC)OC)\C=C\C(=O)OC,CCCC[C@@H](/C=C/C(=O)OC)CC(OC)OC,-7.5,-124.29,244.33099999999996,-244.33099999999996
21311305,CCCC[C@H](CC(O)=O)\C=C\C(=O)OC,CCCC[C@@H](/C=C/C(=O)OC)CC(=O)O,-5.4,109.89,214.26099999999997,214.26099999999997
21314065,COC1=CC(C)=CC2=C1CC[C@@](C)(CC=C)C2=O,C=CC[C@]1(C)CCc2c(OC)cc(C)cc2C1=O,-8.9,23.32,244.334,244.334
21325994,O[C@@](CN(=O)=O)(C=O)C1=CC=CS1,O=C[C@@](O)(C[N+](=O)[O-])c1cccs1,-29.6,-290.31,201.20300000000003,-201.20300000000003
21326003,O[C@@](CN(=O)=O)(C=O)C1=CC=CC=C1,O=C[C@@](O)(C[N+](=O)[O-])c1ccccc1,-72.7,-350.16,195.17400000000004,-195.17400000000004
21326009,OC[C@@](O)(CN(=O)=O)C1=CC=CC=C1,O=[N+]([O-])C[C@](O)(CO)c1ccccc1,-7.0,-67.08,197.19000000000003,-197.19000000000003
21326018,CC1=CC=C(C=C1)[C@](O)(CN(=O)=O)C=O,Cc1ccc([C@@](O)(C=O)C[N+](=O)[O-])cc1,-96.6,-354.35,209.201,-209.201
21326022,O[C@@](CN(=O)=O)(C=O)C1=CC=C(Cl)C=C1,O=C[C@@](O)(C[N+](=O)[O-])c1ccc(Cl)cc1,-75.6,-326.61,229.61900000000003,-229.61900000000003
21326028,O[C@@](CN(=O)=O)(C=O)C1=CC=C(F)C=C1,O=C[C@@](O)(C[N+](=O)[O-])c1ccc(F)cc1,-79.5,-292.51,213.164,-213.164
21326034,COC(OC)[C@@](O)(CN(=O)=O)C1=CC=CC=C1,COC(OC)[C@@](O)(C[N+](=O)[O-])c1ccccc1,17.3,74.96,241.243,241.243
21326037,O[C@@](CN(=O)=O)(C=O)C1=CC=C(C=C1)N(=O)=O,O=C[C@@](O)(C[N+](=O)[O-])c1ccc([N+](=O)[O-])cc1,-14.2,-237.8,240.171,-240.171
21326041,O[C@@](CN(=O)=O)(C=O)C1=CC=C2C=CC=CC2=C1,O=C[C@@](O)(C[N+](=O)[O-])c1ccc2ccccc2c1,-42.0,384.88,245.23400000000004,245.23400000000004
21327393,C=C[C@H]1OC(O[C@@H]1C=C)C1=CC=CC=C1,C=C[C@H]1OC(c2ccccc2)O[C@@H]1C=C,-0.1,-3.57,202.253,-202.253
21327929,CC(C)C[C@@]1(CCCC(=O)C1)C#CC(C)(C)C,CC(C)C[C@]1(C#CC(C)(C)C)CCCC(=O)C1,39.4,-2.88,234.38299999999992,-234.38299999999992
21342464,CC1(C)OC[C@@H](O1)[C@@H](O)C(=O)CO,CC1(C)OC[C@H]([C@@H](O)C(=O)CO)O1,-27.3,-226.62,190.195,-190.195
21353137,[H][C@]1(CCC(=O)O1)[C@H](N)C1=CC=C(Cl)C=C1,N[C@H](c1ccc(Cl)cc1)[C@@H]1CCC(=O)O1,-92.9,-52.58,225.67499999999995,-225.67499999999995
21367363,O=C[C@@H]1CCC[C@H]1CN(=O)=O,O=C[C@@H]1CCC[C@H]1C[N+](=O)[O-],3.0,42.01,157.169,157.169
21374834,CCCCCCCC[C@@H](O)[C@@H](C)CO,CCCCCCCC[C@@H](O)[C@@H](C)CO,22.7,35.74,202.338,202.338
21379219,CC1=CC=CC=C1[C@@H](O)CC#C,C#CC[C@H](O)c1ccccc1C,-63.2,-183.04,160.21599999999998,-160.21599999999998
21379220,CC1=CC=C(C=C1)[C@H](O)CC#C,C#CC[C@@H](O)c1ccc(C)cc1,32.900000000000006,50.97,160.21599999999998,160.21599999999998
21379222,O[C@@H](CC#C)C1=CC=C(Br)C=C1,C#CC[C@H](O)c1ccc(Br)cc1,-28.4,-35.19,225.085,-225.085
21379226,O[C@@H](CC#C)C1=CC=C(F)C=C1,C#CC[C@H](O)c1ccc(F)cc1,-26.3,-61.84,164.17899999999997,-164.17899999999997
21379278,COC1=C(C=CC=C1)[C@@H](C)C1=CC=CC=C1,COc1ccccc1[C@@H](C)c1ccccc1,-40.5,-378.7,212.292,-212.292
21395139,CCOC(=O)\C=C\C[C@@H](O)C(C)(C)C,CCOC(=O)/C=C/C[C@@H](O)C(C)(C)C,37.0,112.56,200.278,200.278
21395141,CCOC(=O)\C=C\C[C@@H](O)C1(C)COC1,CCOC(=O)/C=C/C[C@@H](O)C1(C)COC1,6.0,21.69,214.26099999999997,214.26099999999997
21395142,CCOC(=O)\C=C\C[C@@H](O)C1CCCC1,CCOC(=O)/C=C/C[C@@H](O)C1CCCC1,-41.0,213.42,212.28899999999996,212.28899999999996
21395144,CCOC(=O)\C=C\C[C@@H](O)C1=C(OC)C=CC=C1,CCOC(=O)/C=C/C[C@@H](O)c1ccccc1OC,25.0,3.81,250.294,250.294
21395146,CCOC(=O)\C=C\C[C@@H](O)C1CCCCC1,CCOC(=O)/C=C/C[C@@H](O)C1CCCCC1,-11.0,-88.07,226.31599999999992,-226.31599999999992
21412785,[H][C@@]12C[C@@]([H])(C(C=NC(C)C)=CC1)C2(C)C,CC(C)N=CC1=CC[C@H]2C[C@@H]1C2(C)C,21.4,41.47,191.318,191.318
21412790,[H][C@@]12C[C@@]([H])(C(C=NC3=CC=C(C)C=C3)=CC1)C2(C)C,Cc1ccc(N=CC2=CC[C@H]3C[C@@H]2C3(C)C)cc1,25.3,-111.11,239.362,-239.362
21419709,CO[C@H]1C[C@@H](OCC2=CC=CC=C2)C=CO1,CO[C@H]1C[C@@H](OCc2ccccc2)C=CO1,-10.0,-417.56,220.26800000000003,-220.26800000000003
21419711,CO[C@H]1OC=CC[C@H]1OCC1=CC=CC=C1,CO[C@H]1OC=CC[C@H]1OCc1ccccc1,96.6,-20.9,220.268,-220.268
21419722,[2H][C@@H]1O[C@H](OC)[C@@H](C[C@H]1O)OCC1=CC=CC=C1,[2H][C@@H]1O[C@H](OC)[C@H](OCc2ccccc2)C[C@H]1O,197.0,74.43,239.289101778,239.289101778
21419723,[2H][C@H]1O[C@H](C[C@@H](OCC2=CC=CC=C2)[C@@H]1O)OC,[2H][C@H]1O[C@@H](OC)C[C@@H](OCc2ccccc2)[C@@H]1O,3.5,-332.3,239.289101778,-239.289101778
21431527,O[C@H](COC1=CC=CC=C1)C1=CC=C(Cl)C=C1,O[C@H](COc1ccccc1)c1ccc(Cl)cc1,35.8,78.18,248.709,248.709
21431958,CCC[C@@H](O)CCCC=C,C=CCCC[C@H](O)CCC,-1.97,-120.25,142.242,-142.242
21431960,O[C@@H](CCCC=C)CC=C,C=CCCC[C@H](O)CC=C,-8.72,-213.86,140.22599999999997,-140.22599999999997
21431962,CCC[C@@H](CCCC=C)N=N#N,C=CCCC[C@H](CCC)N=[N+]=[N-],1.37,278.56,167.256,167.256
21431963,CCC[C@@H](CCCC(C)=O)N=N#N,CCC[C@@H](CCCC(C)=O)N=[N+]=[N-],3.19,3.61,183.255,183.255
21431964,CC(=O)CCC[C@H](CC(C)=O)N=N#N,CC(=O)CCC[C@H](CC(C)=O)N=[N+]=[N-],-10.02,102.83,197.238,197.238
21431965,CS(=O)(=O)O[C@@H](CCCC=C)CC=C,C=CCCC[C@@H](CC=C)OS(C)(=O)=O,-18.5,67.57,218.318,218.318
21431966,CCC[C@H](CCCC=C)OS(C)(=O)=O,C=CCCC[C@@H](CCC)OS(C)(=O)=O,3.82,-209.04,220.334,-220.334
21433934,O[C@H]([C@@H](C=C)C(F)(F)F)C1=CC=CO1,C=C[C@H]([C@@H](O)c1ccco1)C(F)(F)F,15.0,42.56,206.16299999999995,206.16299999999995
21433937,C[C@H](C=C)[C@@H](O)CCNC(=O)OC(C)(C)C,C=C[C@@H](C)[C@@H](O)CCNC(=O)OC(C)(C)C,-7.14,71.17,229.32,229.32
21433938,O[C@@H](CCC1=CC=CC=C1)[C@@H](C=C)C(F)(F)F,C=C[C@H]([C@@H](O)CCc1ccccc1)C(F)(F)F,-15.01,-261.25,244.256,-244.256
21433939,O[C@@H](\C=C\C1=CC=CC=C1)[C@@H](C=C)C(F)(F)F,C=C[C@H]([C@@H](O)/C=C/c1ccccc1)C(F)(F)F,-23.64,-264.19,242.23999999999995,-242.23999999999995
21433943,O[C@H]([C@@H](C=C)C(F)(F)F)C1CCCCC1,C=C[C@H]([C@@H](O)C1CCCCC1)C(F)(F)F,-27.35,-38.69,222.24999999999997,-222.24999999999997
21433949,CCCCCCCC[C@H](O)[C@@H](C=C)C(F)(F)F,C=C[C@H]([C@@H](O)CCCCCCCC)C(F)(F)F,-29.29,89.98,252.31999999999996,252.31999999999996
21434871,[H][C@]1(OC(C)(C)O[C@H]1C)[C@H](O)C(=O)CO,C[C@@H]1OC(C)(C)O[C@H]1[C@H](O)C(=O)CO,-22.2,160.48,204.22199999999995,204.22199999999995
21434872,[H][C@]1(OC(C)(C)O[C@H]1C)[C@@H](O)C(=O)CO,C[C@@H]1OC(C)(C)O[C@H]1[C@@H](O)C(=O)CO,-48.7,-198.97,204.22199999999995,-204.22199999999995
21434875,C[C@@H](OCC1=CC=CC=C1)[C@@H](O)CC(C)=O,CC(=O)C[C@H](O)[C@@H](C)OCc1ccccc1,-36.0,-133.22,222.284,-222.284
21434876,C[C@@H](OCC1=CC=CC=C1)[C@H](O)C(=O)CO,C[C@@H](OCc1ccccc1)[C@H](O)C(=O)CO,-9.0,144.81,224.256,224.256
21434877,C[C@@H](OCC1=CC=CC=C1)[C@@H](O)C(=O)CO,C[C@@H](OCc1ccccc1)[C@@H](O)C(=O)CO,-34.5,-254.56,224.256,-224.256
21434879,CC(C)C(=O)C[C@H](O)[C@@H](C)OCC1=CC=CC=C1,CC(C)C(=O)C[C@H](O)[C@@H](C)OCc1ccccc1,-39.3,-171.16,250.338,-250.338
21446838,COC(=O)[C@]1(O)C=CC=C(Br)[C@H]1O,COC(=O)[C@]1(O)C=CC=C(Br)[C@H]1O,-40.0,-483.88,249.06,-249.06
21446842,[H][C@]12OC(C)(C)O[C@]1(C=CC=C2C#C)C(=O)OC,C#CC1=CC=C[C@]2(C(=O)OC)OC(C)(C)O[C@H]12,-184.0,137.22,234.251,234.251
21447844,CC1=CC=CC(=C1)[C@@H](O)CC#C,C#CC[C@H](O)c1cccc(C)c1,-30.3,-13.6,160.21599999999998,-160.21599999999998
21476407,CC(=C)[C@@H]1CC=C(C)C(=O)C1=C,C=C(C)[C@@H]1CC=C(C)C(=O)C1=C,-31.2,-57.74,162.23199999999997,-162.23199999999997
21481266,[H][C@]12CC[C@]([H])(C[C@H]1N)[C@H](N)C2,N[C@@H]1C[C@H]2CC[C@@H]1C[C@H]2N,-70.2,64.4,140.23,140.23
21511461,CCC[C@H](O)C1=C(C)C(=O)C[C@H]1C,CCC[C@H](O)C1=C(C)C(=O)C[C@H]1C,-32.2,85.98,182.263,182.263
21511462,C[C@@H]1CC(=O)C2=CC(C)=C(O)C(C)=C2O1,Cc1cc2c(c(C)c1O)O[C@H](C)CC2=O,42.1,64.96,206.241,206.241
21511463,C[C@@H]1OC2=C(C)C(O)=C(C)C=C2C(=O)[C@@H]1O,Cc1cc2c(c(C)c1O)O[C@@H](C)[C@@H](O)C2=O,-62.2,-110.99,222.24,-222.24
21525093,[H][C@@]1(CC2=CC=C(C)C(O)=C2C(=O)O1)[C@@H](C)C=C,C=C[C@H](C)[C@H]1Cc2ccc(C)c(O)c2C(=O)O1,56.2,99.02,232.27899999999997,232.27899999999997
21535312,CC(C)N1[C@@H](C)C(=O)NCC1=O,CC(C)N1C(=O)CNC(=O)[C@@H]1C,169.8,110.88,170.212,170.212
21535313,CC(C)[C@@H]1N(C(C)C)C(=O)CNC1=O,CC(C)[C@H]1C(=O)NCC(=O)N1C(C)C,113.6,127.81,198.266,198.266
21535320,CCCN1[C@@H](CC(C)C)C(=O)N[C@@H](C)C1=O,CCCN1C(=O)[C@H](C)NC(=O)[C@@H]1CC(C)C,80.1,89.73,226.32,226.32
21536973,COC(=O)C[C@H](C)C#CC1=CC=CC=C1,COC(=O)C[C@H](C)C#Cc1ccccc1,34.56,-33.85,202.253,-202.253
21536974,O=C1C[C@H](CO1)C#CCCC1=CC=CC=C1,O=C1C[C@@H](C#CCCc2ccccc2)CO1,26.56,164.32,214.264,214.264
21536976,COC(=O)C[C@H](CO)C#CCCC1=CC=CC=C1,COC(=O)C[C@@H](C#CCCc1ccccc1)CO,21.54,345.29,246.306,246.306
21544825,CC(C)[C@@H]1N[C@@](C)(NC1=O)C1=NC=CC=C1,CC(C)[C@@H]1N[C@](C)(c2ccccn2)NC1=O,-21.6,64.38,219.288,219.288
21544826,CC(C)[C@@H]1N[C@](C)(NC1=O)C1=NC=CC=C1,CC(C)[C@@H]1N[C@@](C)(c2ccccn2)NC1=O,-3.4,72.12,219.288,219.288
21544827,CC(C)[C@]1(C)N[C@@H](NC1=O)C1=NC=CC=C1,CC(C)[C@]1(C)N[C@H](c2ccccn2)NC1=O,-54.35,-275.2,219.288,-219.288
21544828,CC(C)[C@]1(C)N[C@H](NC1=O)C1=NC=CC=C1,CC(C)[C@]1(C)N[C@@H](c2ccccn2)NC1=O,36.85,221.61,219.288,219.288
21544831,CC(C)[C@]1(C)N(C)[C@@H](NC1=O)C1=NC=CC=C1,CC(C)[C@@]1(C)C(=O)N[C@@H](c2ccccn2)N1C,-54.3,-127.58,233.315,-233.315
21544832,CC(C)[C@]1(C)N(C)[C@H](NC1=O)C1=NC=CC=C1,CC(C)[C@@]1(C)C(=O)N[C@H](c2ccccn2)N1C,29.4,230.77,233.315,233.315
21544833,CC(C)[C@]1(C)N[C@](C)(NC1=O)C1=NC=CC=C1,CC(C)[C@]1(C)N[C@@](C)(c2ccccn2)NC1=O,-36.0,55.13,233.31500000000003,233.31500000000003
21544834,CC(C)[C@]1(C)N[C@@](C)(NC1=O)C1=NC=CC=C1,CC(C)[C@]1(C)N[C@](C)(c2ccccn2)NC1=O,-14.8,-61.14,233.31500000000003,-233.31500000000003
21559251,CC[C@@H]1CCC(=N1)C1=CC=CC=C1,CC[C@@H]1CCC(c2ccccc2)=N1,7.73,154.99,173.259,173.259
21559254,C[C@@H]1CCC(=N1)C1=CC=C(C)C=C1,Cc1ccc(C2=N[C@H](C)CC2)cc1,12.2,-48.08,173.259,-173.259
21559268,CC(C)C[C@@H]1CCC(=N1)C1=CC=CC=C1,CC(C)C[C@@H]1CCC(c2ccccc2)=N1,25.0,109.02,201.313,201.313
21564717,C[C@@H]([C@@H](O)C1=CC=CC=C1)N1CCCCC1,C[C@@H]([C@@H](O)c1ccccc1)N1CCCCC1,71.2,75.2,219.32799999999992,219.32799999999992
21613362,N[C@@H](C(C1CCCCC1)C1CCCCC1)C(N)=O,NC(=O)[C@@H](N)C(C1CCCCC1)C1CCCCC1,-0.272,52.44,252.4019999999999,252.4019999999999
21635491,[H][C@@]12C[C@@]1(CC=C2C)[C@@H](C)CCC=C(C)C,CC(C)=CCC[C@H](C)[C@@]12CC=C(C)[C@@H]1C2,8.5,-153.85,204.357,-204.357
21635493,[H][C@@]12C[C@@]1(CCC2=O)[C@@H](C)CCC=C(C)C,CC(C)=CCC[C@H](C)[C@@]12CCC(=O)[C@@H]1C2,28.0,5.07,206.32899999999995,206.32899999999995
21635494,[H][C@]12C[C@]1(CCC2=O)[C@@H](C)CCC=C(C)C,CC(C)=CCC[C@H](C)[C@]12CCC(=O)[C@H]1C2,-20.8,176.7,206.32899999999995,206.32899999999995
21635495,[H][C@@]12C[C@@]1(CC[C@H]2O)[C@@H](C)CCC=C(C)C,CC(C)=CCC[C@H](C)[C@@]12CC[C@@H](O)[C@@H]1C2,0.3,-82.65,208.345,-208.345
21635498,[H][C@]12C[C@]1(CC[C@@H]2O)[C@@H](C)CCC=C(C)C,CC(C)=CCC[C@H](C)[C@]12CC[C@H](O)[C@H]1C2,-9.53,121.81,208.345,208.345
21635619,C=CCCC#CN1[C@@H](COC1=O)C1=CC=CC=C1,C=CCCC#CN1C(=O)OC[C@H]1c1ccccc1,-136.0,93.83,241.29,241.29
21642904,[H][C@]12[C@H](O)[C@H](CC[C@]1(C)[C@H](O)CCC2=C)C(C)C,C=C1CC[C@@H](O)[C@@]2(C)CC[C@H](C(C)C)[C@@H](O)[C@H]12,-49.5,-73.9,238.371,-238.371
21675953,CCO[C@H]1C[C@H](C=C(CO)O1)C1=CC=CC=C1,CCO[C@H]1C[C@@H](c2ccccc2)C=C(CO)O1,8.65,87.26,234.295,234.295
21682832,C[C@H](OCC#C)C1=CC=NC=C1,C#CCO[C@@H](C)c1ccncc1,18.65,-494.35,161.20399999999998,-161.20399999999998
21690113,CCC[C@H]1NC2=CC=CC=C2OC2=CC=CC=C12,CCC[C@H]1Nc2ccccc2Oc2ccccc21,22.2,217.98,239.318,239.318
21699413,CC(=O)C1=C(C)OC(=O)C[C@@H]1C1=CC=CC=C1,CC(=O)C1=C(C)OC(=O)C[C@@H]1c1ccccc1,-89.1,-263.89,230.263,-230.263
21715104,CC[C@@](N)(C(=O)OC)C1=CC=CC=C1,CC[C@@](N)(C(=O)OC)c1ccccc1,13.0,45.15,193.246,193.246
21726158,C\C(CC[C@@H]1C[C@H](O)CC(=O)O1)=C/C=C,C=C/C=C(\C)CC[C@@H]1C[C@H](O)CC(=O)O1,22.6,38.46,210.273,210.273
21734895,N[C@H](CCO)C(=O)NCC1=CC=CC=C1,N[C@H](CCO)C(=O)NCc1ccccc1,4.8,169.4,208.261,208.261
21735620,CO[C@@H](C(=O)OC)C1=C(O)C(C)=C2OCOC2=C1,COC(=O)[C@H](OC)c1cc2c(c(C)c1O)OCO2,-51.8,-173.76,254.23799999999997,-254.23799999999997
21761251,O[C@H](CN(=O)=O)C1=CC=CC(F)=C1,O=[N+]([O-])C[C@@H](O)c1cccc(F)c1,35.55,-86.97,185.154,-185.154
21769612,CC1(C)COC2(CCCC2)O[C@H]1CC(=O)C=C,C=CC(=O)C[C@@H]1OC2(CCCC2)OCC1(C)C,-12.3,-273.08,238.3269999999999,-238.3269999999999
21769615,CC(C)(CO)[C@@H]1C[C@H](OC2(CCCC2)O1)C=C,C=C[C@@H]1C[C@@H](C(C)(C)CO)OC2(CCCC2)O1,-10.9,59.62,240.34299999999996,240.34299999999996
21777590,[H][C@@]12CO[C@@H](N1C(=O)CN=C2OC)C(C)(C)C,COC1=NCC(=O)N2[C@H]1CO[C@@H]2C(C)(C)C,12.8,-9.62,226.276,-226.276
21783154,[H][C@]1(COCC2=CC=C(OC)C=C2)C[C@@]1([H])C=C,C=C[C@@H]1C[C@@H]1COCc1ccc(OC)cc1,12.9,252.23,218.296,218.296
21783345,CCC[C@@H]1CCC[C@H](CC(C)C)N1,CCC[C@@H]1CCC[C@H](CC(C)C)N1,-0.1,44.63,183.33900000000003,183.33900000000003
21783347,CCCC1=CC(=O)C[C@H](C)N1C(=O)OC(C)(C)C,CCCC1=CC(=O)C[C@H](C)N1C(=O)OC(C)(C)C,271.0,294.33,253.342,253.342
21783348,CCC[C@@H]1CC(=O)C[C@H](C)N1C(=O)OC(C)(C)C,CCC[C@@H]1CC(=O)C[C@H](C)N1C(=O)OC(C)(C)C,30.4,29.75,255.358,255.358
21783350,CCCC1=C[C@@H](O)C[C@H](C)N1C(=O)OC(C)(C)C,CCCC1=C[C@@H](O)C[C@H](C)N1C(=O)OC(C)(C)C,105.0,25.25,255.35799999999995,255.35799999999995
21783353,CCCC#CC(=O)C[C@H](C)NC(=O)OC(C)(C)C,CCCC#CC(=O)C[C@H](C)NC(=O)OC(C)(C)C,7.2,597.97,253.342,253.342
21815228,CC(=C)C[C@@H](O)C1=CC2=CC=CC=C2S1,C=C(C)C[C@@H](O)c1cc2ccccc2s1,36.1,53.87,218.321,218.321
21815229,CC(=O)C[C@@H]1C[C@@H](CC(C)=O)OC(C)(C)O1,CC(=O)C[C@@H]1C[C@@H](CC(C)=O)OC(C)(C)O1,-37.0,8.33,228.28799999999995,228.28799999999995
21815230,CC(=C)C[C@@H](O)C[C@H](O)CC(C)=C,C=C(C)C[C@@H](O)C[C@H](O)CC(=C)C,-24.0,-100.27,184.27899999999997,-184.27899999999997
21815231,CC(=C)C[C@@H]1C[C@@H](CC(C)=C)OC(C)(C)O1,C=C(C)C[C@@H]1C[C@@H](CC(=C)C)OC(C)(C)O1,-28.0,11.9,224.34399999999997,224.34399999999997
21815232,CC(=C)C[C@@H](O)C1=CC2=C(OCO2)C=C1,C=C(C)C[C@@H](O)c1ccc2c(c1)OCO2,50.0,56.35,206.24099999999996,206.24099999999996
21824087,C1O[C@@H](CC=C1)C1=CC=CO1,C1=CC[C@@H](c2ccco2)OC1,-77.2,-368.72,150.17699999999996,-150.17699999999996
21824092,C=CC1=CCO[C@@H](C1)C1=CC=CS1,C=CC1=CCO[C@H](c2cccs2)C1,-5.8,-437.95,192.283,-192.283
21824097,C=CC1=CC[C@H](OC1)C1=CC=CS1,C=CC1=CC[C@@H](c2cccs2)OC1,-107.1,-441.61,192.283,-192.283
21825161,CCC[C@H](O)C1=CC(OC)=CC=C1,CCC[C@H](O)c1cccc(OC)c1,24.2,23.5,180.247,180.247
21825163,O[C@@H](CC=C)C1=CC(=CC=C1)C#N,C=CC[C@H](O)c1cccc(C#N)c1,33.9,-28.51,173.21499999999995,-173.21499999999995
21826120,COC(=O)C1(CC(C)=C(C=O)[C@H]1C)C(=O)OC,COC(=O)C1(C(=O)OC)CC(C)=C(C=O)[C@H]1C,-108.9,-310.33,240.255,-240.255
21826591,C[C@@]1(CC=C)CC(=O)[C@](C)(CC=C)CC1=O,C=CC[C@]1(C)CC(=O)[C@](C)(CC=C)CC1=O,-163.1,3.84,220.31199999999995,220.31199999999995
21826592,CC(=O)C1=C[C@@](C)(CC=C)C(=O)C[C@@]1(C)CC=C,C=CC[C@]1(C)CC(=O)[C@](C)(CC=C)C=C1C(C)=O,-60.4,-302.69,246.34999999999997,-246.34999999999997
21826594,C[C@]12CC(=C)C(=O)C1=C[C@@](C)(CC=C)C(=O)C2,C=CC[C@]1(C)C=C2C(=O)C(=C)C[C@]2(C)CC1=O,-130.8,110.64,230.3069999999999,230.3069999999999
21826595,CC1=CC[C@]2(C)CC(=O)[C@](C)(CC=C)C=C2CC1,C=CC[C@]1(C)C=C2CCC(C)=CC[C@]2(C)CC1=O,-96.7,-250.28,244.37799999999996,-244.37799999999996
21841311,CC(C)[C@@H](CO)N[C@H](C(C)C)C1=NC=CN1C,CC(C)[C@@H](CO)N[C@@H](c1nccn1C)C(C)C,40.0,-62.72,239.363,-239.363
21842553,CCC(=O)[C@]1(CCOC1=O)C(F)(F)F,CCC(=O)[C@@]1(C(F)(F)F)CCOC1=O,186.0,-35.28,210.15099999999995,-210.15099999999995
21842555,CCC(=O)[C@]1(CC(C)(C)OC1=O)C1=CC=CS1,CCC(=O)[C@@]1(c2cccs2)CC(C)(C)OC1=O,70.0,-251.91,252.33499999999992,-252.33499999999992
21842558,CCC(=O)[C@]1(CC(C)(C)OC1=O)C1=CC=CC=C1,CCC(=O)[C@@]1(c2ccccc2)CC(C)(C)OC1=O,146.0,-360.44,246.30599999999995,-246.30599999999995
21842564,CCC(=O)[C@@]1(CC2=CC=CC=C2)CCOC1=O,CCC(=O)[C@@]1(Cc2ccccc2)CCOC1=O,-4.0,-53.99,232.279,-232.279
21843056,C[C@@H]1O[C@@H](OCC2=CC=CC=C2)[C@H](O)C=C1,C[C@H]1C=C[C@@H](O)[C@H](OCc2ccccc2)O1,-179.5,-390.39,220.268,-220.268
21856243,COCC(=O)O[C@]1(CCC2=CC=CC=C12)C#N,COCC(=O)O[C@@]1(C#N)CCc2ccccc21,-17.5,-96.0,231.251,-231.251
21856248,COCC(=O)O[C@]1(CCCC2=CC=CC=C12)C#N,COCC(=O)O[C@@]1(C#N)CCCc2ccccc21,22.0,-18.14,245.278,-245.278
21862621,[H][C@]1(C)OC(C)(C)O[C@]1([H])CC#N,C[C@H]1OC(C)(C)O[C@@H]1CC#N,29.0,-31.11,155.19699999999995,-155.19699999999995
21892232,CC1(C)OCC2=CC(=CC=C2O1)[C@@H](O)CN(=O)=O,CC1(C)OCc2cc([C@@H](O)C[N+](=O)[O-])ccc2O1,-33.1,166.24,253.254,253.254
21893727,CCC[C@H](CN1C=NC=N1)C1=CC=C(Cl)C=C1,CCC[C@H](Cn1cncn1)c1ccc(Cl)cc1,-83.25,-136.02,249.745,-249.745
21893736,CCC[C@H](CN1C=NC=N1)C1=CC=C(F)C=C1,CCC[C@H](Cn1cncn1)c1ccc(F)cc1,-70.45,-11.09,233.29,-233.29
21893751,CCCC[C@H](CN1C=NC=N1)C1=CC=C(F)C=C1,CCCC[C@H](Cn1cncn1)c1ccc(F)cc1,-64.35,16.02,247.317,247.317
21894461,CCCCC(=O)O[C@H](C)C1=CC=CC(Cl)=C1,CCCCC(=O)O[C@H](C)c1cccc(Cl)c1,63.3,37.98,240.73,240.73
21894462,CCCCC(=O)O[C@H](C)C1=CC=C(Cl)C=C1,CCCCC(=O)O[C@H](C)c1ccc(Cl)cc1,69.1,106.15,240.73,240.73
21894464,CCCCC(=O)O[C@H](C)C1=CC=CC=C1Cl,CCCCC(=O)O[C@H](C)c1ccccc1Cl,41.3,18.1,240.73,240.73
21894465,CCCCC(=O)O[C@H](C)C1=CC=CC=C1C,CCCCC(=O)O[C@H](C)c1ccccc1C,62.4,13.69,220.312,220.312
21894467,CCCCC(=O)O[C@H](C)C1=CC=CC(C)=C1C,CCCCC(=O)O[C@H](C)c1cccc(C)c1C,44.3,-36.9,234.339,-234.339
21894468,CCCCC(=O)O[C@H](C)C1=CC=C(C)C(C)=C1,CCCCC(=O)O[C@H](C)c1ccc(C)c(C)c1,50.2,45.53,234.339,234.339
21894469,CCCCC(=O)O[C@H](C)C1=CC(C)=CC(C)=C1,CCCCC(=O)O[C@H](C)c1cc(C)cc(C)c1,47.8,102.06,234.339,234.339
21894470,CCCCC(=O)O[C@H](C)C1=CC=C(C)C=C1C,CCCCC(=O)O[C@H](C)c1ccc(C)cc1C,43.2,37.23,234.339,234.339
21894472,CCCCC(=O)O[C@H](C)C1=CC=C2OCOC2=C1,CCCCC(=O)O[C@H](C)c1ccc2c(c1)OCO2,64.6,209.15,250.29399999999995,250.29399999999995
21938805,NC1=C(C#N)[C@@H](CN(=O)=O)C2=C(O1)C=CC=C2,N#CC1=C(N)Oc2ccccc2[C@@H]1C[N+](=O)[O-],9.7,6.29,231.211,231.211
21950013,[H][C@@]12C[C@@]([H])(C(CCCC(O)=O)=CC1)C2(C)C,CC1(C)[C@H]2CC=C(CCCC(=O)O)[C@@H]1C2,-25.2,-147.15,208.301,-208.301
21950014,[H][C@@]12CC[C@@](C)(C(=O)N3C4=C(C=CC=C4)N=C13)C2(C)C,CC1(C)[C@@H]2CC[C@@]1(C)C(=O)n1c2nc2ccccc21,55.0,46.09,254.33300000000003,254.33300000000003
21961126,C[C@@H]1O[C@H](CC=C1C(C)=O)OCC1=CC=CC=C1,CC(=O)C1=CC[C@H](OCc2ccccc2)O[C@H]1C,-89.9,-253.59,246.306,-246.306
21964413,CC(C)(C)[C@@H]1NCCC2=C1C1=C(N2)C=CC=C1,CC(C)(C)[C@@H]1NCCc2[nH]c3ccccc3c21,-14.8,-32.6,228.339,-228.339
21964423,CCC(CC)[C@@H]1NCCC2=C1C1=C(N2)C=CC=C1,CCC(CC)[C@@H]1NCCc2[nH]c3ccccc3c21,-61.1,-18.04,242.366,-242.366
21969444,COCO[C@@H](C[C@@H](C)O)C=C,C=C[C@H](C[C@@H](C)O)OCOC,-108.6,-236.74,160.21299999999997,-160.21299999999997
21972933,C[C@H]1CC[C@@H](O)C2=CC(C)=CC=C12,Cc1ccc2c(c1)[C@H](O)CC[C@@H]2C,-20.1,78.2,176.25899999999996,176.25899999999996
21972935,C[C@H](CCC=C(C)C)B1OC(C)(C)C(C)(C)O1,CC(C)=CCC[C@@H](C)B1OC(C)(C)C(C)(C)O1,-10.8,228.05,238.18,238.18
22010715,CC(C)(C)[C@@H](N)C(=O)NCC1=CC=C(Cl)C=C1,CC(C)(C)[C@@H](N)C(=O)NCc1ccc(Cl)cc1,14.2,145.89,254.761,254.761
22027832,O=C(O[C@@H]1CCOC1)C1=CC=C(C=C1)N(=O)=O,O=C(O[C@@H]1CCOC1)c1ccc([N+](=O)[O-])cc1,31.26,28.88,237.211,237.211
22052927,[H][C@]12COC(=O)N1C[C@@]1([H])C(C)=NO[C@@]21[H],CC1=NO[C@H]2[C@H]3COC(=O)N3C[C@@H]12,-1.7,-355.05,182.179,-182.179
22075944,O=N(=O)C[C@H](C(C#N)C#N)C1=CC=CC=C1,N#CC(C#N)[C@@H](C[N+](=O)[O-])c1ccccc1,2.78,96.69,215.212,215.212
22075948,ClC1=CC=C(C=C1)[C@H](CN(=O)=O)C(C#N)C#N,N#CC(C#N)[C@@H](C[N+](=O)[O-])c1ccc(Cl)cc1,3.16,100.3,249.657,249.657
22077620,CC(C)C[C@@H](CC=C)NC(=O)OC(C)(C)C,C=CC[C@H](CC(C)C)NC(=O)OC(C)(C)C,-31.8,-279.78,227.348,-227.348
22084251,C1CO[C@H](C1)C#CC1=CC=CC=C1,C(#C[C@H]1CCCO1)c1ccccc1,9.0,-181.38,172.22700000000003,-172.22700000000003
22084263,OCCC[C@@H](O)C#CC1=CC=CC=C1,OCCC[C@@H](O)C#Cc1ccccc1,11.0,-44.94,190.242,-190.242
22084273,O=C1OCCC[C@@H](O1)C#CC1=CC=CC=C1,O=C1OCCC[C@H](C#Cc2ccccc2)O1,72.6,104.26,216.236,216.236
22103760,CC(C)N=C1O[C@@H](C)C(=O)N1C(C)C,CC(C)N=C1O[C@@H](C)C(=O)N1C(C)C,10.1,58.68,198.266,198.266
22124372,CCC1=CC=C(C=C1)[C@H](O)CN(=O)=O,CCc1ccc([C@H](O)C[N+](=O)[O-])cc1,29.1,-50.02,195.218,-195.218
22145375,CC(C)(C)[C@@H](CC(=O)C1=CC=CC=C1)C(C#N)C#N,CC(C)(C)[C@@H](CC(=O)c1ccccc1)C(C#N)C#N,25.6,160.57,254.33300000000003,254.33300000000003
22167584,CC(C)[C@H]1CCC(=C)[C@@]11CCC(=CC1)C(O)=O,C=C1CC[C@H](C(C)C)[C@@]12CC=C(C(=O)O)CC2,48.0,46.01,234.33899999999997,234.33899999999997
22167585,CC1(C)CCCC(=C)[C@@]11CCC(CO)=CC1,C=C1CCCC(C)(C)[C@@]12CC=C(CO)CC2,-21.3,-46.17,220.35599999999997,-220.35599999999997
22206483,CC[C@](C)(N=N#N)C(O)=O,CC[C@](C)(N=[N+]=[N-])C(=O)O,-38.1,-23.03,143.14600000000002,-143.14600000000002
22233380,C[C@H](CC(O)=O)O[C@@H]1O[C@@H](C)[C@H](O)C[C@H]1O,C[C@H](CC(=O)O)O[C@@H]1O[C@@H](C)[C@H](O)C[C@H]1O,-98.8,-4.63,234.248,-234.248
22249762,CO[C@H]1CN[C@H](COC(C)(C)C)C1,CO[C@H]1CN[C@H](COC(C)(C)C)C1,6.9,87.01,187.283,187.283
22268698,CC(=O)[C@H](Cl)[C@@H](O)C1=CC=CC=C1,CC(=O)[C@H](Cl)[C@@H](O)c1ccccc1,36.0,29.04,198.649,198.649
22292954,C[C@H](CCC1=CC=CC=C1)NC(=O)C1=CC=CC=C1,C[C@H](CCc1ccccc1)NC(=O)c1ccccc1,-6.15,-62.25,253.345,-253.345
22304239,CCOC(=O)C(=[N]#N)[C@H](O)CC,CCOC(=O)C(=[N+]=[N-])[C@H](O)CC,29.7,141.36,172.184,172.184
22304246,CCOC(=O)C(=[N]#N)[C@H](O)C1CC1,CCOC(=O)C(=[N+]=[N-])[C@H](O)C1CC1,19.2,-250.21,184.195,-184.195
22304254,CCOC(=O)[C@](C)(O)[C@@H](CC)OC(=O)CC,CCOC(=O)[C@](C)(O)[C@@H](CC)OC(=O)CC,-1.0,-21.24,232.27599999999995,-232.27599999999995
22304266,CCOC(=O)C(=[N]#N)[C@@H](O)C1=CC=CC(F)=C1,CCOC(=O)C(=[N+]=[N-])[C@@H](O)c1cccc(F)c1,-20.89,-105.0,238.218,-238.218
22304268,CCOC(=O)C(=[N]#N)[C@@H](O)C1=CC=C(F)C=C1,CCOC(=O)C(=[N+]=[N-])[C@@H](O)c1ccc(F)cc1,-30.35,-103.41,238.218,-238.218
22304271,CCOC(=O)C(=[N]#N)[C@@H](O)C1CCCCC1,CCOC(=O)C(=[N+]=[N-])[C@@H](O)C1CCCCC1,-1.96,127.01,226.27599999999995,226.27599999999995
22343708,CC[C@@H](O)C#CC(=O)OC,CC[C@@H](O)C#CC(=O)OC,7.0,-138.7,142.154,-142.154
22343968,CC1=CCC[C@@H]1C(=O)C1=CC=CC=C1,CC1=CCC[C@@H]1C(=O)c1ccccc1,-36.7,201.18,186.254,186.254
22375044,CN1C2=CC=CC=C2[C@](F)(C1=O)C1=CC=CC=C1,CN1C(=O)[C@](F)(c2ccccc2)c2ccccc21,110.7,-120.47,241.265,-241.265
22379280,COC(=O)[C@@]1(C(C)=C=C)C(=O)NC2=CC=CC=C12,C=C=C(C)[C@]1(C(=O)OC)C(=O)Nc2ccccc21,-206.9,-693.76,243.262,-243.262
22397907,CC1=NN([C@@H]2CCCC[C@H]2O)C(C)=C1N(=O)=O,Cc1nn([C@@H]2CCCC[C@H]2O)c(C)c1[N+](=O)[O-],19.3,95.49,239.275,239.275
22435381,[2H]\C=C\[C@@H]1OC2=CC=CC=C2C=C1,[2H]/C=C/[C@H]1C=Cc2ccccc2O1,2.5,261.97,159.20610177799998,159.20610177799998
22435397,[2H][C@H](OC(C)=O)\C=C\CCC1=C(O)C=CC=C1,[2H][C@@H](/C=C/CCc1ccccc1O)OC(C)=O,-16.8,253.71,221.274101778,221.274101778
22463378,CCC1=CC(=O)C[C@H](O1)C(C)(C)C,CCC1=CC(=O)C[C@@H](C(C)(C)C)O1,155.4,97.82,182.263,182.263
22463383,CCC1=CC(=O)C[C@H](O1)C1=CC=CC=C1,CCC1=CC(=O)C[C@@H](c2ccccc2)O1,84.4,-284.66,202.253,-202.253
22463408,CCC1=CC(=O)C[C@@H](CCC2=CC=CC=C2)O1,CCC1=CC(=O)C[C@@H](CCc2ccccc2)O1,103.2,-37.34,230.307,-230.307
22463411,CCC1=CC(=O)C[C@H](O1)\C=C\C1=CC=CC=C1,CCC1=CC(=O)C[C@@H](/C=C/c2ccccc2)O1,118.1,53.17,228.291,228.291
22463418,CCC1=CC(=O)C[C@H](O1)C1=CC=CC(=C1)C(C)=O,CCC1=CC(=O)C[C@@H](c2cccc(C(C)=O)c2)O1,34.9,-214.01,244.29,-244.29
22472545,COC1=CC=C(COC\C=C/C[C@@H](C)C=O)C=C1,COc1ccc(COC/C=C\C[C@@H](C)C=O)cc1,-4.6,333.51,248.322,248.322
22497382,[H][C@]12C[C@@H](O)[C@]([H])(CCC1)N2,O[C@@H]1C[C@H]2CCC[C@@H]1N2,16.1,-27.14,127.187,-127.187
22498710,C[C@H](O)C1=C(C=CC=C1)C#N,C[C@H](O)c1ccccc1C#N,-47.6,-127.84,147.17699999999996,-147.17699999999996
22498949,COC1=CC=C(C=C1)[C@H](O)COC1=CC=CC=C1,COc1ccc([C@H](O)COc2ccccc2)cc1,36.1,-181.65,244.29,-244.29
22498951,OCC1=CC=C(OC[C@@H](O)C2=CC=CC=C2)C=C1,OCc1ccc(OC[C@@H](O)c2ccccc2)cc1,17.6,-16.75,244.29,-244.29
22503810,C[C@@H](N1N=C2C=CC=CC2=N1)C1=CC=CC=C1,C[C@H](c1ccccc1)n1nc2ccccc2n1,-55.4,-303.69,223.279,-223.279
22510991,N[C@@H](C=C)C1=CC2=C(C=CC=C2)C=C1,C=C[C@H](N)c1ccc2ccccc2c1,5.5,-163.23,183.254,-183.254
22540469,COC(C[C@H](C=C)C1=CC=CC=C1)OC,C=C[C@@H](CC(OC)OC)c1ccccc1,-10.91,388.25,206.285,206.285
22540470,CCCC[C@H](CC(OC)OC)C=C,C=C[C@H](CCCC)CC(OC)OC,4.06,-66.73,186.295,-186.295
22540474,COC(C[C@H](C=C)C1=CC=C(Cl)C=C1)OC,C=C[C@@H](CC(OC)OC)c1ccc(Cl)cc1,-11.6,-90.73,240.73,-240.73
22540475,COC(C[C@H](C=C)C1=CC=C(OC)C=C1)OC,C=C[C@@H](CC(OC)OC)c1ccc(OC)cc1,-5.19,430.38,236.311,236.311
22540476,COC(C[C@@H](CCCCC=C)C=C)OC,C=CCCCC[C@@H](C=C)CC(OC)OC,6.2,177.54,212.333,212.333
22540477,CCCCCCCC[C@H](CC=O)C=C,C=C[C@@H](CC=O)CCCCCCCC,0.85,226.26,196.33399999999995,196.33399999999995
22540479,CCCCCCCC[C@H](CC(OC)OC)C=C,C=C[C@H](CCCCCCCC)CC(OC)OC,5.5,217.29,242.403,242.403
22560145,COC(=O)[C@H]1CC[C@H](N1CC=C)C(N)=O,C=CCN1[C@@H](C(=O)OC)CC[C@H]1C(N)=O,6.0,-39.04,212.24899999999997,-212.24899999999997
22564922,CN1C(=O)[C@@](O)(CC=C)C2=CC=CC=C12,C=CC[C@]1(O)C(=O)N(C)c2ccccc21,31.2,-23.38,203.241,-203.241
22574906,CC(C)C[C@@H](O)C1=CC=C(C)C=C1,Cc1ccc([C@H](O)CC(C)C)cc1,44.1,-0.94,178.275,-178.275
22574907,CC(C)C[C@@H](O)C1=CC(Cl)=CC=C1,CC(C)C[C@@H](O)c1cccc(Cl)c1,31.5,75.14,198.693,198.693
22574908,CC(C)C[C@@H](O)\C=C\C1=CC=CC=C1,CC(C)C[C@@H](O)/C=C/c1ccccc1,-8.7,-51.2,190.286,-190.286
22574909,CC(C)C[C@@H](O)C1=CC=CC2=CC=CC=C12,CC(C)C[C@@H](O)c1cccc2ccccc12,71.6,131.51,214.308,214.308
22574910,O[C@H](C1CCCCC1)C1=CC(Cl)=CC=C1,O[C@@H](c1cccc(Cl)c1)C1CCCCC1,18.0,134.0,224.73099999999997,224.73099999999997
22574911,CC1=CC=CC(=C1)[C@H](O)C1CCCCC1,Cc1cccc([C@H](O)C2CCCCC2)c1,22.0,-27.57,204.31299999999996,-204.31299999999996
22574916,O[C@H](C1CCCCC1)C1=CC=CC2=CC=CC=C12,O[C@@H](c1cccc2ccccc12)C1CCCCC1,24.1,105.38,240.34599999999992,240.34599999999992
22591458,C[C@H](C#C)C(CO)CO,C#C[C@@H](C)C(CO)CO,141.0,-156.01,128.171,-128.171
22591459,CCOC(=O)C([C@H](C)C#C)C(=O)OCC,C#C[C@@H](C)C(C(=O)OCC)C(=O)OCC,10.0,-182.96,212.24499999999995,-212.24499999999995
22620090,CC[C@H]1CC2=C(CO1)C(OC)=CC(=O)O2,CC[C@H]1Cc2oc(=O)cc(OC)c2CO1,41.3,90.21,210.229,210.229
22620091,COC1=CC(=O)OC2=C1CO[C@@H](CC(C)=O)C2,COc1cc(=O)oc2c1CO[C@@H](CC(C)=O)C2,50.7,60.91,238.23899999999995,238.23899999999995
22653276,CC[S@@](=O)C1=CC=C2C=CC=CC2=C1,CC[S@@](=O)c1ccc2ccccc2c1,138.0,752.61,204.294,204.294
22653277,CCCC[S@@](=O)C1=CC=C2C=CC=CC2=C1,CCCC[S@@](=O)c1ccc2ccccc2c1,188.0,798.94,232.348,232.348
22662497,[H][C@@]12CO[C@@H](N1C(=O)CN=C2OC)C1=CC=CC=C1,COC1=NCC(=O)N2[C@@H](c3ccccc3)OC[C@@H]12,-63.2,-261.57,246.266,-246.266
22662498,[H][C@@]12CO[C@H](N1C(=O)CN=C2OC)C1=CC=CC=C1,COC1=NCC(=O)N2[C@H]1CO[C@H]2c1ccccc1,-107.0,52.14,246.266,246.266
22679120,COC1=CC=C(C=C1)[C@H](O)C1=CC=CN=C1,COc1ccc([C@H](O)c2cccnc2)cc1,10.25,228.58,215.252,215.252
22679526,C[C@@H](CO)CC(C)=CCC1=CC=CC=C1,CC(=CCc1ccccc1)C[C@@H](C)CO,-28.6,387.16,204.313,204.313
22679527,C[C@H](CC(C)=CCO)[C@H](O)CC#C,C#CC[C@@H](O)[C@H](C)CC(C)=CCO,13.2,125.63,182.263,182.263
22685809,C[C@]1(SC2=CC=CC=C2)C(=O)NC2=C1C=CC=C2,C[C@]1(Sc2ccccc2)C(=O)Nc2ccccc21,-7.7,38.98,255.342,255.342
22693291,[H][C@]12O[C@@]1(CCC1=CC=CC=C1)CCC2=O,O=C1CC[C@]2(CCc3ccccc3)O[C@H]12,-57.6,3.1,202.253,202.253
22727013,CC[Si](CC)(CC)O[C@H](CC=C)[C@H](C)C=O,C=CC[C@@H](O[Si](CC)(CC)CC)[C@H](C)C=O,37.69,-265.49,242.435,-242.435
22727017,CC[C@H]1O[C@]2(CC[C@@H]1C)C[C@@H](O)C[C@@H](CC=C)O2,C=CC[C@@H]1C[C@H](O)C[C@]2(CC[C@H](C)[C@@H](CC)O2)O1,88.86,18.03,254.36999999999995,254.36999999999995
22727117,COC(=O)[C@@](C)(O)[C@@H](C)C1=C(C)C=NC=C1,COC(=O)[C@@](C)(O)[C@@H](C)c1ccncc1C,11.2,80.8,223.272,223.272
22727119,COC(=O)[C@](C)(O)[C@@H](C)C1=C(C)C=NC=C1,COC(=O)[C@](C)(O)[C@@H](C)c1ccncc1C,-8.4,-45.29,223.272,-223.272
22730732,C[C@H](OO)C1=CC=C(C)C=C1,Cc1ccc([C@H](C)OO)cc1,-68.6,15.17,152.193,152.193
22730734,C[C@H](OO)C1=CC=C(Br)C=C1,C[C@H](OO)c1ccc(Br)cc1,-65.8,-71.91,217.062,-217.062
22730735,C[C@H](OO)C1=CC=C(F)C=C1,C[C@H](OO)c1ccc(F)cc1,-68.6,31.8,156.15599999999998,156.15599999999998
22730736,C[C@H](OO)C1=CC=C(C=C1)C1=CC=CC=C1,C[C@H](OO)c1ccc(-c2ccccc2)cc1,-79.2,-245.95,214.264,-214.264
22752967,C1CC(=N[C@@H]1C1=CC=CC=C1)C1=CC=CC=C1,c1ccc(C2=N[C@H](c3ccccc3)CC2)cc1,-12.0,-571.83,221.303,-221.303
22753303,COC(=O)C[C@@H](O)C(=O)C1=CC=CC=C1,COC(=O)C[C@@H](O)C(=O)c1ccccc1,-10.6,-108.33,208.213,-208.213
22753308,COC(=O)C[C@@H](O)C(=O)C1=CC=C(OC)C=C1,COC(=O)C[C@@H](O)C(=O)c1ccc(OC)cc1,42.5,-172.73,238.239,-238.239
22753321,CN1C(=O)C[C@@](O)(C#CC2=CC=CC=C2)C1=O,CN1C(=O)C[C@@](O)(C#Cc2ccccc2)C1=O,20.0,-45.48,229.235,-229.235
22775481,COC(=O)[C@H](C)NC(=O)\C=C\C(F)(F)F,COC(=O)[C@H](C)NC(=O)/C=C/C(F)(F)F,35.0,79.49,225.166,225.166
22775482,COC(=O)[C@@H](NC(=O)\C=C\C(F)(F)F)C(C)C,COC(=O)[C@@H](NC(=O)/C=C/C(F)(F)F)C(C)C,78.0,10.62,253.22,253.22
22792188,C\C=C(/C)[C@@H](C)O,C/C=C(\C)[C@@H](C)O,47.5,6.64,100.16099999999996,100.16099999999996
22798566,CC(C)(CO)[C@H](C=C)C1=CC=CC=C1,C=C[C@H](c1ccccc1)C(C)(C)CO,-63.6,-84.52,190.28599999999997,-190.28599999999997
22798571,COC(=O)C(C)(C)[C@H](C=C)C1=CC=CC=C1,C=C[C@H](c1ccccc1)C(C)(C)C(=O)OC,-46.5,-90.35,218.29599999999996,-218.29599999999996
22800270,C[C@H](CCO)C#C,C#C[C@H](C)CCO,-10.0,-97.16,98.145,-98.145
22800273,C[C@H](CCBr)C#CC1=CC=CC=C1,C[C@@H](C#Cc1ccccc1)CCBr,-146.0,-24.78,237.13999999999996,-237.13999999999996
22800276,OCC[C@@H](OCC1=CC=CC=C1)C#C,C#C[C@@H](CCO)OCc1ccccc1,97.0,520.89,190.242,190.242
22801691,[H][C@@]12CCCN1C(=O)C[C@@H]2C=C,C=C[C@H]1CC(=O)N2CCC[C@@H]12,83.7,-171.22,151.209,-151.209
22801695,[H][C@@]12CCCN1C(=O)C[C@H]2NCC1=CC=CC=C1,O=C1C[C@@H](NCc2ccccc2)[C@@H]2CCCN12,-60.6,-170.86,230.311,-230.311
22818215,CC[C@H](OCC(=O)N(C)C)C=C,C=C[C@H](CC)OCC(=O)N(C)C,-23.5,-1.29,171.23999999999998,-171.23999999999998
22818230,[H][C@@]1(C[C@@H](O)[C@@H](CC)O1)[C@]1([H])C[C@H](O)[C@H](CC=C)O1,C=CC[C@@H]1O[C@H]([C@H]2C[C@@H](O)[C@@H](CC)O2)C[C@@H]1O,-5.9,-233.35,242.315,-242.315
22833633,[H][C@]12CO[C@@H](O[C@]1([H])CCCC(=O)O2)C1=CC=CC=C1,O=C1CCC[C@H]2O[C@@H](c3ccccc3)OC[C@@H]2O1,-51.5,-88.01,248.278,-248.278
22833761,C[C@@H]1CC=C(C(=O)CCC=C)C(=O)C1,C=CCCC(=O)C1=CC[C@@H](C)CC1=O,-49.3,62.13,192.25799999999995,192.25799999999995
22837685,CCC[C@@H]1N(O[C@H](C)C=C1C=O)C1=CC=CC=C1,CCC[C@H]1C(C=O)=C[C@@H](C)ON1c1ccccc1,233.1,346.68,245.322,245.322
22848174,COC(=O)C#C[C@@H](C)O,COC(=O)C#C[C@@H](C)O,3.4,26.44,128.12699999999998,128.12699999999998
22868771,O[C@H]1CC=C(COCC2=CC=CC=C2)C1,O[C@H]1CC=C(COCc2ccccc2)C1,20.0,165.99,204.269,204.269
22878198,CCCCCC[C@@H](C)C(=O)NC1=CC=CC=C1,CCCCCC[C@@H](C)C(=O)Nc1ccccc1,10.4,-52.68,233.355,-233.355
22893316,CON(C)C(=O)[C@H]1[C@@H](F)[C@@H]1C1=CC=CC=C1,CON(C)C(=O)[C@H]1[C@@H](F)[C@@H]1c1ccccc1,134.3,34.77,223.247,223.247
22926601,CC1=C[C@H](CC=CC2=CC=CC=C2)OC1=O,CC1=C[C@H](CC=Cc2ccccc2)OC1=O,63.7,-254.21,214.264,-214.264
22926603,C[C@H]1OC(=O)C(=C1)[C@@H](C=C)C1=CC=CC=C1,C=C[C@H](C1=C[C@@H](C)OC1=O)c1ccccc1,13.8,379.75,214.264,214.264
22926606,[H][C@]1([C@@H](C=C)C2=CC=CC=C2)[C@H](C)[C@@H](C)OC1=O,C=C[C@@H](c1ccccc1)[C@@H]1C(=O)O[C@H](C)[C@H]1C,41.6,41.15,230.307,230.307
22926608,C=C[C@@H](C1=CCOC1=O)C1=CC=CC=C1,C=C[C@@H](C1=CCOC1=O)c1ccccc1,-35.7,-437.64,200.237,-200.237
22926612,COC1=CC=C(C=C1)[C@H](C=C)C1=CCOC1=O,C=C[C@H](C1=CCOC1=O)c1ccc(OC)cc1,49.6,497.75,230.263,230.263
22926617,FC1=CC=C(C=C1)[C@H](C=C)C1=CCOC1=O,C=C[C@H](C1=CCOC1=O)c1ccc(F)cc1,40.0,427.6,218.227,218.227
22926622,ClC1=CC=C(C=C1)[C@H](C=C)C1=CCOC1=O,C=C[C@H](C1=CCOC1=O)c1ccc(Cl)cc1,53.0,458.89,234.682,234.682
22926625,FC1=CC=CC(=C1)[C@H](C=C)C1=CCOC1=O,C=C[C@H](C1=CCOC1=O)c1cccc(F)c1,51.8,404.07,218.227,218.227
22926628,CCC[C@@H](C=C)C1=CCOC1=O,C=C[C@H](CCC)C1=CCOC1=O,40.8,-35.01,166.21999999999997,-166.21999999999997
22926629,C[C@@H](C=C)C1=CCOC1=O,C=C[C@H](C)C1=CCOC1=O,28.8,39.19,138.16599999999997,138.16599999999997
22936786,[H][C@@]12C[C@@]([H])(C(=CC1)C(N)=O)C2(C)C,CC1(C)[C@H]2CC=C(C(N)=O)[C@@H]1C2,-17.0,-185.04,165.236,-165.236
22956409,CCN(CC)C(=O)C[C@@H](O)CC(=O)C1=CC=CO1,CCN(CC)C(=O)C[C@@H](O)CC(=O)c1ccco1,18.3,151.33,253.298,253.298
22972990,CC(C)[C@H]1CC(=O)O[C@@H]1C1=C(C)C=CC(O)=C1C,Cc1ccc(O)c(C)c1[C@H]1OC(=O)C[C@@H]1C(C)C,-2.0,-73.67,248.322,-248.322
22996871,CC(C)(C)[Si](C)(C)O[C@H](CC(O)=O)C=C,C=C[C@@H](CC(=O)O)O[Si](C)(C)C(C)(C)C,-7.1,-38.94,230.37999999999997,-230.37999999999997
23013399,CC(C)OC(=O)C[C@@H]1COC2=C(C=CC=C2)C1=O,CC(C)OC(=O)C[C@@H]1COc2ccccc2C1=O,-11.9,165.55,248.278,248.278
23013401,CCOC(=O)C[C@@H]1COC2=C(C=CC(C)=C2)C1=O,CCOC(=O)C[C@@H]1COc2cc(C)ccc2C1=O,-10.9,105.61,248.278,248.278
23013402,CCOC(=O)C[C@@H]1COC2=C(C(C)=CC=C2)C1=O,CCOC(=O)C[C@@H]1COc2cccc(C)c2C1=O,-14.4,11.11,248.278,248.278
23015814,F[C@@]1(CC2=CC=CS2)C(=O)NC2=CC=CC=C12,O=C1Nc2ccccc2[C@]1(F)Cc1cccs1,0.9,-63.52,247.29399999999995,-247.29399999999995
23015815,F[C@@]1(CC2=NC=CC=C2)C(=O)NC2=CC=CC=C12,O=C1Nc2ccccc2[C@]1(F)Cc1ccccn1,-2.2,-203.17,242.253,-242.253
23015818,C[C@@]1(F)C(=O)NC2=CC=CC=C12,C[C@@]1(F)C(=O)Nc2ccccc21,-14.3,16.63,165.16699999999997,165.16699999999997
23015820,CC[C@]1(F)C(=O)NC2=CC=CC=C12,CC[C@]1(F)C(=O)Nc2ccccc21,13.5,-35.79,179.194,-179.194
23015821,CCC[C@]1(F)C(=O)NC2=CC=CC=C12,CCC[C@]1(F)C(=O)Nc2ccccc21,25.8,-19.82,193.221,-193.221
23015822,CCCC[C@]1(F)C(=O)NC2=CC=CC=C12,CCCC[C@]1(F)C(=O)Nc2ccccc21,16.2,-50.99,207.248,-207.248
23015823,CC(C)C[C@]1(F)C(=O)NC2=CC=CC=C12,CC(C)C[C@]1(F)C(=O)Nc2ccccc21,31.2,-84.35,207.248,-207.248
23015824,CCC(CC)C[C@]1(F)C(=O)NC2=CC=CC=C12,CCC(CC)C[C@]1(F)C(=O)Nc2ccccc21,23.0,-87.61,235.302,-235.302
23015825,F[C@@]1(CC=C)C(=O)NC2=CC=CC=C12,C=CC[C@]1(F)C(=O)Nc2ccccc21,-22.9,-169.88,191.205,-191.205
23015830,F[C@@]1(CC2=CC=CC=C2)C(=O)NC2=CC=CC=C12,O=C1Nc2ccccc2[C@]1(F)Cc1ccccc1,-52.3,25.8,241.265,241.265
23015832,CC1=C(C[C@]2(F)C(=O)NC3=CC=CC=C23)C=CC=C1,Cc1ccccc1C[C@]1(F)C(=O)Nc2ccccc21,-25.3,-62.14,255.292,-255.292
23015833,CC1=CC=CC(C[C@]2(F)C(=O)NC3=CC=CC=C23)=C1,Cc1cccc(C[C@]2(F)C(=O)Nc3ccccc32)c1,-38.8,160.69,255.29200000000003,255.29200000000003
23015834,CC1=CC=C(C[C@]2(F)C(=O)NC3=CC=CC=C23)C=C1,Cc1ccc(C[C@]2(F)C(=O)Nc3ccccc32)cc1,-32.9,89.0,255.2920000000001,255.2920000000001
23016373,CC1=CC[C@@H](OC1=O)C1=CC=CS1,CC1=CC[C@H](c2cccs2)OC1=O,36.6,442.7,194.255,194.255
23042468,C[C@H](COCC1=CC=CC=C1)\C=C\C(C)(C)C,C[C@@H](/C=C/C(C)(C)C)COCc1ccccc1,-1.6,1.85,232.367,232.367
23042469,C[C@H](CBr)\C=C\C(C)(C)C,C[C@@H](/C=C/C(C)(C)C)CBr,-19.7,-58.14,205.139,-205.139
23044534,COC(=O)C1=CC=CC[C@H]1OC(C)=O,COC(=O)C1=CC=CC[C@H]1OC(C)=O,20.0,228.55,196.202,196.202
23044535,COC(=O)C1=CC=C[C@H](N=N#N)[C@H]1OC(C)=O,COC(=O)C1=CC=C[C@H](N=[N+]=[N-])[C@H]1OC(C)=O,840.0,700.09,237.215,237.215
23044536,COC(=O)[C@]1(OC(C)=O)C=CC=C[C@@H]1N=N#N,COC(=O)[C@]1(OC(C)=O)C=CC=C[C@@H]1N=[N+]=[N-],20.0,-767.33,237.21500000000003,-237.21500000000003
23044537,COC(=O)C1=CC=C[C@H](O)[C@H]1OC(C)=O,COC(=O)C1=CC=C[C@H](O)[C@H]1OC(C)=O,400.0,1009.81,212.201,212.201
23044539,COC(=O)C1=CC=C[C@@H](OC(C)=O)[C@@H]1OC(C)=O,COC(=O)C1=CC=C[C@@H](OC(C)=O)[C@@H]1OC(C)=O,440.0,-123.8,254.23799999999997,-254.23799999999997
23044540,CCOC(=O)[C@]1(O)C=CC=C[C@H]1O,CCOC(=O)[C@]1(O)C=CC=C[C@H]1O,-140.0,-362.9,184.191,-184.191
23098827,COC1=CC=CC(=C1)[C@@H](O)C(F)(F)F,COc1cccc([C@@H](O)C(F)(F)F)c1,-13.6,-24.66,206.16299999999995,-206.16299999999995
23098828,COC1=C(C=CC=C1)[C@@H](O)C(F)(F)F,COc1ccccc1[C@@H](O)C(F)(F)F,-11.7,-40.1,206.16299999999995,-206.16299999999995
23098829,O[C@H](C1=CC2=C(OCO2)C=C1)C(F)(F)F,O[C@H](c1ccc2c(c1)OCO2)C(F)(F)F,-16.7,-41.81,220.14599999999996,-220.14599999999996
23098830,O[C@H](C1=CC2=C(OCCO2)C=C1)C(F)(F)F,O[C@H](c1ccc2c(c1)OCCO2)C(F)(F)F,-16.3,-3.35,234.17299999999992,-234.17299999999992
23098831,O[C@H](C1=CC=C(OCC=C)C=C1)C(F)(F)F,C=CCOc1ccc([C@@H](O)C(F)(F)F)cc1,-19.3,-2.17,232.201,-232.201
23098832,CCSC1=CC=C(C=C1)[C@@H](O)C(F)(F)F,CCSc1ccc([C@@H](O)C(F)(F)F)cc1,-16.7,-131.32,236.25799999999995,-236.25799999999995
23110278,[H][C@@]1(O[C@]1([H])[C@H](O)[C@H](C)C#C)[C@H](C)[C@H](CC)OC,C#C[C@@H](C)[C@@H](O)[C@H]1O[C@@H]1[C@H](C)[C@H](CC)OC,10.2,44.82,226.31599999999997,226.31599999999997
23113667,CC[C@H](C)OCC1=CC=C(OC)C=C1,CC[C@H](C)OCc1ccc(OC)cc1,19.05,53.47,194.274,194.274
23116425,O=C1CO[C@H](N1)C1=CC=CC=C1,O=C1CO[C@@H](c2ccccc2)N1,7.3,155.97,163.176,163.176
23116427,O=C1CS[C@H](N1)C1=CC=CC=C1,O=C1CS[C@@H](c2ccccc2)N1,-77.0,-268.59,179.244,-179.244
23116432,S=C1CC[C@H](N1)C1=CC=CC=C1,S=C1CC[C@@H](c2ccccc2)N1,-25.2,-142.91,177.27200000000002,-177.27200000000002
23125887,CCCCC[C@H](CO)CCO,CCCCC[C@H](CO)CCO,1.5,35.93,160.25699999999998,160.25699999999998
23125901,CCCCCCCC[C@H](CO)CCO,CCCCCCCC[C@H](CO)CCO,1.3,-63.1,202.338,-202.338
23125905,CC(C)C[C@H](CO)CCO,CC(C)C[C@H](CO)CCO,1.2,-132.14,146.23,-146.23
23134902,CC(C)[C@H]1COC(=S)N1C(=O)C=[N]#N,CC(C)[C@H]1COC(=S)N1C(=O)C=[N+]=[N-],132.5,450.7,213.262,213.262
23134913,CC(C)(C)[C@H]1COC(=S)N1C(=O)C=[N]#N,CC(C)(C)[C@H]1COC(=S)N1C(=O)C=[N+]=[N-],194.0,624.4,227.289,227.289
23134924,O=C(C=[N]#N)N1[C@H](COC1=S)C1=CC=CC=C1,[N-]=[N+]=CC(=O)N1C(=S)OC[C@@H]1c1ccccc1,211.6,308.44,247.279,247.279
23147756,C[C@@H](CC=C)NS(=O)(=O)C1=CC=C(C)C=C1,C=CC[C@H](C)NS(=O)(=O)c1ccc(C)cc1,-21.8,267.08,239.34,239.34
23158101,COCC#C[C@H](O)C1=CC=CC=C1OC,COCC#C[C@H](O)c1ccccc1OC,11.5,-152.49,206.241,-206.241
23158108,CCCCCC\C=C\[C@@H](O)C#C[Si](C)(C)C,CCCCCC/C=C/[C@@H](O)C#C[Si](C)(C)C,-15.9,184.03,238.447,238.447
23158114,CC\C=C(/C)[C@@H](O)C#C[Si](C)(C)C,CC/C=C(\C)[C@@H](O)C#C[Si](C)(C)C,-52.5,-9.95,196.366,-196.366
23158118,CCOC(=O)\C=C(/C)[C@@H](O)C#C[Si](C)(C)C,CCOC(=O)/C=C(\C)[C@@H](O)C#C[Si](C)(C)C,16.8,-156.51,240.375,-240.375
23158137,COC1=CC=C(C=C1)[C@@H](O)C#C[Si](C)(C)C,COc1ccc([C@@H](O)C#C[Si](C)(C)C)cc1,2.5,148.38,234.37099999999995,234.37099999999995
23159343,CC1=CC=CC(OC[C@@H](O)CN(=O)=O)=C1,Cc1cccc(OC[C@@H](O)C[N+](=O)[O-])c1,-22.58,176.97,211.217,211.217
23159344,COC1=C(OC[C@@H](O)CN(=O)=O)C=CC=C1,COc1ccccc1OC[C@@H](O)C[N+](=O)[O-],-7.39,-82.34,227.21599999999995,-227.21599999999995
23161316,C[Si](C)(C)\C=C\[C@H]1O[C@@H]1CO,C[Si](C)(C)/C=C/[C@H]1O[C@@H]1CO,9.9,49.53,172.29999999999995,172.29999999999995
23161338,[H][C@]1(O[C@H]1CO)[C@H](C)CCC,CCC[C@@H](C)[C@@H]1O[C@H]1CO,-21.0,-8.15,144.214,-144.214
23161340,[H][C@]1(OC(C)(C)O[C@@H]1C=C)[C@@H]1O[C@H]1CO,C=C[C@H]1OC(C)(C)O[C@H]1[C@@H]1O[C@H]1CO,-8.6,-10.72,200.234,-200.234
23161360,CC[C@H]1O[C@@H]1COC(=O)[C@H](C)C1=CC=CC=C1,CC[C@H]1O[C@@H]1COC(=O)[C@H](C)c1ccccc1,-78.4,-319.81,234.295,-234.295
23161362,CC[C@@H]1O[C@H]1COC(=O)[C@H](C)C1=CC=CC=C1,CC[C@@H]1O[C@H]1COC(=O)[C@H](C)c1ccccc1,21.7,113.55,234.295,234.295
23168639,O[C@H]1[C@H](F)C=CC2=C1C=CC=C2,O[C@@H]1c2ccccc2C=C[C@H]1F,-90.0,117.03,164.17899999999997,164.17899999999997
23168641,O[C@H]1[C@H](F)C=CC2=C1C=C(F)C(F)=C2,O[C@@H]1c2cc(F)c(F)cc2C=C[C@H]1F,-56.6,79.67,200.159,200.159
23168647,CCOC1=NC=CC2=C1C=C[C@@H](F)[C@@H]2O,CCOc1nccc2c1C=C[C@@H](F)[C@@H]2O,-159.2,-258.76,209.22,-209.22
23271958,FC(F)(F)[C@@H](CN(=O)=O)C1=CC=CC=C1,O=[N+]([O-])C[C@@H](c1ccccc1)C(F)(F)F,47.0,76.48,219.16199999999995,219.16199999999995
23273303,CNC(=O)CN1C[C@@](C)(NC(C)=O)C1=O,CNC(=O)CN1C[C@@](C)(NC(C)=O)C1=O,94.8,126.31,213.237,213.237
23273304,CNC(=O)[C@@H](C)N1C[C@@](C)(NC(C)=O)C1=O,CNC(=O)[C@@H](C)N1C[C@@](C)(NC(C)=O)C1=O,58.2,-256.45,227.264,-227.264
23273305,CNC(=O)[C@H](C)N1C[C@@](C)(NC(C)=O)C1=O,CNC(=O)[C@H](C)N1C[C@@](C)(NC(C)=O)C1=O,58.6,-116.96,227.264,-227.264
23273308,CNC(=O)C(C)(C)N1C[C@@](C)(NC(C)=O)C1=O,CNC(=O)C(C)(C)N1C[C@@](C)(NC(C)=O)C1=O,57.7,-227.98,241.291,-241.291
23299489,C[C@H]1CCCC(C)(C)[C@@H]1C(=O)C1=CC=CO1,C[C@H]1CCCC(C)(C)[C@@H]1C(=O)c1ccco1,-25.7,-22.85,220.312,-220.312
23299490,C[C@H]1CCCC(C)(C)[C@@H]1C(=O)C1=COC=C1,C[C@H]1CCCC(C)(C)[C@@H]1C(=O)c1ccoc1,-24.0,-31.38,220.312,-220.312
23299492,[H][C@@]1([C@H](O)C2=CC=CO2)[C@@H](C)CCCC1(C)C,C[C@H]1CCCC(C)(C)[C@@H]1[C@H](O)c1ccco1,0.87,196.07,222.328,222.328
23299494,[H][C@@]1([C@@H](O)C2=CC=CO2)[C@@H](C)CCCC1(C)C,C[C@H]1CCCC(C)(C)[C@@H]1[C@@H](O)c1ccco1,37.3,-53.33,222.328,-222.328
23299497,[H][C@@]1([C@H](O)C2=COC=C2)[C@@H](C)CCCC1(C)C,C[C@H]1CCCC(C)(C)[C@@H]1[C@H](O)c1ccoc1,1.33,108.42,222.328,222.328
23299498,[H][C@@]1([C@@H](O)C2=COC=C2)[C@@H](C)CCCC1(C)C,C[C@H]1CCCC(C)(C)[C@@H]1[C@@H](O)c1ccoc1,8.31,137.05,222.328,222.328
23299500,[H][C@@]1([C@H](O)C2=CSC=C2)[C@@H](C)CCCC1(C)C,C[C@H]1CCCC(C)(C)[C@@H]1[C@H](O)c1ccsc1,15.8,62.2,238.396,238.396
23299502,[H][C@@]1([C@@H](O)C2=CSC=C2)[C@@H](C)CCCC1(C)C,C[C@H]1CCCC(C)(C)[C@@H]1[C@@H](O)c1ccsc1,46.4,83.16,238.396,238.396
23299504,C[C@H]1CCCC(C)(C)[C@@H]1C(=O)C1=CSC=C1,C[C@H]1CCCC(C)(C)[C@@H]1C(=O)c1ccsc1,-14.0,-74.08,236.38,-236.38
23299508,C[C@H]1CCCC(C)(C)[C@@H]1CC1=CC=C(F)C=C1,C[C@H]1CCCC(C)(C)[C@@H]1Cc1ccc(F)cc1,4.21,19.01,234.358,234.358
23299512,[H][C@@]1([C@H](O)C2=CC=CC=C2)[C@@H](C)CCCC1(C)C,C[C@H]1CCCC(C)(C)[C@@H]1[C@H](O)c1ccccc1,320.0,31.12,232.367,232.367
23299520,[H][C@@]1([C@H](O)C2=CC=C(C)C=C2)[C@@H](C)CCCC1(C)C,Cc1ccc([C@@H](O)[C@@H]2[C@@H](C)CCCC2(C)C)cc1,6.67,-62.48,246.39399999999995,-246.39399999999995
23299522,C[C@H]1CCCC(C)(C)[C@@H]1C(=O)C1=CC=C(C)C=C1,Cc1ccc(C(=O)[C@@H]2[C@@H](C)CCCC2(C)C)cc1,-4.62,-130.6,244.378,-244.378
23299523,C[C@H]1CCCC(C)(C)[C@@H]1C(=O)C1=CC=C(F)C=C1,C[C@H]1CCCC(C)(C)[C@@H]1C(=O)c1ccc(F)cc1,-4.8,-105.0,248.341,-248.341
23299528,C[C@H]1CCCC(C)(C)[C@@H]1C(=O)C1=CC=C(C=C1)C#N,C[C@H]1CCCC(C)(C)[C@@H]1C(=O)c1ccc(C#N)cc1,12.5,-62.21,255.361,-255.361
23299530,C[C@H]1CCCC(C)(C)[C@@H]1C(=O)C1CCCCC1,C[C@H]1CCCC(C)(C)[C@@H]1C(=O)C1CCCCC1,-90.0,76.9,236.39899999999992,236.39899999999992
23299533,[H][C@@]1([C@H](O)C2=CC=C(F)C=C2)[C@@H](C)CCCC1(C)C,C[C@H]1CCCC(C)(C)[C@@H]1[C@H](O)c1ccc(F)cc1,7.37,-44.16,250.357,-250.357
23299536,[H][C@@]1([C@@H](O)C2=CC=C(F)C=C2)[C@@H](C)CCCC1(C)C,C[C@H]1CCCC(C)(C)[C@@H]1[C@@H](O)c1ccc(F)cc1,26.0,129.61,250.357,250.357
23299554,[H][C@@]1([C@H](O)C2CCCCC2)[C@@H](C)CCCC1(C)C,C[C@H]1CCCC(C)(C)[C@@H]1[C@H](O)C1CCCCC1,4.07,-25.21,238.41499999999996,-238.41499999999996
23358709,CCOC(=O)C1=CC(=CC=C1)[C@H](C)C#N,CCOC(=O)c1cccc([C@H](C)C#N)c1,-18.0,15.95,203.241,203.241
23358712,C[C@H](C#N)C1=C(C)C=C(C)C=C1C,Cc1cc(C)c([C@H](C)C#N)c(C)c1,-48.0,-47.07,173.259,-173.259
23358713,C[C@H](C#N)C1=CC(=CC(=C1)C(C)(C)C)C(C)(C)C,C[C@H](C#N)c1cc(C(C)(C)C)cc(C(C)(C)C)c1,-17.0,-17.74,243.394,-243.394
23358714,C[C@H](C#N)C1=CC=CS1,C[C@H](C#N)c1cccs1,-6.0,-56.78,137.20699999999997,-137.20699999999997
23358715,C[C@H](C#N)C1=CSC=C1,C[C@H](C#N)c1ccsc1,-8.0,7.08,137.207,137.207
23358717,CC[C@H](C#N)C1=C(C)C=C(C)C=C1C,CC[C@H](C#N)c1c(C)cc(C)cc1C,-41.0,-35.52,187.286,-187.286
23358718,CC[C@H](C#N)C1=CC=CS1,CC[C@H](C#N)c1cccs1,-21.0,13.08,151.23399999999998,151.23399999999998
23358719,CCC[C@H](C#N)C1=C(C)C=C(C)C=C1C,CCC[C@H](C#N)c1c(C)cc(C)cc1C,-46.0,-37.38,201.313,-201.313
23358721,CC1=CC(C)=C([C@@H](C#N)C2CCCC2)C(C)=C1,Cc1cc(C)c([C@@H](C#N)C2CCCC2)c(C)c1,-56.0,-46.91,227.35099999999997,-227.35099999999997
23358722,C[C@H](C#N)C12CC3CC(CC(C3)C1)C2,C[C@H](C#N)C12CC3CC(CC(C3)C1)C2,8.0,7.43,189.30199999999996,189.30199999999996
23358769,COC1=C(C=CC=C1)[C@H](C)C#N,COc1ccccc1[C@H](C)C#N,-26.0,-71.09,161.20399999999998,-161.20399999999998
23358771,C[C@H](C#N)C1=C(Cl)C=CC=C1Cl,C[C@H](C#N)c1c(Cl)cccc1Cl,-35.0,-43.59,200.068,-200.068
23358772,C[C@H](C#N)C1=CC(Cl)=CC=C1,C[C@H](C#N)c1cccc(Cl)c1,-23.0,14.12,165.623,165.623
23358773,C[C@H](C#N)C1=CC(Br)=CC=C1,C[C@H](C#N)c1cccc(Br)c1,-17.0,20.34,210.074,210.074
23367408,CC[Si](CC)(CC)O[C@H](C)CCC=O,CC[Si](CC)(CC)O[C@H](C)CCC=O,-13.2,-59.82,216.397,-216.397
23400715,COC1=CC=C(O[C@@H](C=C)C2CCCC2)C=C1,C=C[C@H](Oc1ccc(OC)cc1)C1CCCC1,10.5,158.63,232.32299999999995,232.32299999999995
23400718,COC1=CC=C(O[C@H](CCCC=C)C=C)C=C1,C=CCCC[C@H](C=C)Oc1ccc(OC)cc1,-3.4,59.62,232.323,232.323
23400721,COC1=CC=C(O[C@@H](C=C)\C=C\C)C=C1,C=C[C@@H](/C=C/C)Oc1ccc(OC)cc1,-10.8,114.23,204.269,204.269
23400727,CCC(CC)[C@@H](OC1=CC=C(OC)C=C1)C=C,C=C[C@H](Oc1ccc(OC)cc1)C(CC)CC,-10.0,126.92,234.339,234.339
23400728,COC1=CC=C(O[C@@H](C=C)C(C)(C)C)C=C1,C=C[C@H](Oc1ccc(OC)cc1)C(C)(C)C,-76.0,90.45,220.312,220.312
23411225,CCC[C@@H](N[C@H](CO)C1=CC=CC=C1)C#N,CCC[C@H](C#N)N[C@H](CO)c1ccccc1,157.37,-9.94,218.30000000000004,-218.30000000000004
23414488,CCOC(=O)[C@H](O)[C@@H](O)CCC=C,C=CCC[C@H](O)[C@@H](O)C(=O)OCC,-14.3,-247.38,188.22299999999996,-188.22299999999996
23422201,C[C@H](O)CCCC(=O)SCCNC(C)=O,CC(=O)NCCSC(=O)CCC[C@H](C)O,10.0,277.13,233.333,233.333
23425396,[H][C@]12NC(=O)O[C@]1([H])C1=C(C=C2)C=C2OCOC2=C1,O=C1N[C@@H]2C=Cc3cc4c(cc3[C@H]2O1)OCO4,-314.9,-364.36,231.207,-231.207
23428882,CCOC(=O)OC\C=C\C[C@@H](O)CC(C)C,CCOC(=O)OC/C=C/C[C@@H](O)CC(C)C,-54.2,-26.09,230.304,-230.304
23428883,CCOC(=O)OC\C=C\C[C@@H](O)C(C)C,CCOC(=O)OC/C=C/C[C@@H](O)C(C)C,-16.8,-31.81,216.277,-216.277
23428884,CCOC(=O)OC\C=C\C[C@@H](O)C(CC)CC,CCOC(=O)OC/C=C/C[C@@H](O)C(CC)CC,-31.4,-67.37,244.331,-244.331
23428886,CCOC(=O)OC\C=C\C[C@@H](O)C(C)(C)C,CCOC(=O)OC/C=C/C[C@@H](O)C(C)(C)C,26.7,14.9,230.304,230.304
23428906,CCOC(=O)OC[C@H](C=C)C(C)(C)O,C=C[C@@H](COC(=O)OCC)C(C)(C)O,-18.0,-131.85,202.25,-202.25
23431036,CCOC(=O)C(=[N]#N)[C@@H](O)CC\C=C/CC,CC/C=C\CC[C@H](O)C(=[N+]=[N-])C(=O)OCC,-8.53,31.71,226.27599999999995,226.27599999999995
23439748,COC1=CC=C(O[C@H](C[C@@H](O)C(C)C)C=C)C=C1,C=C[C@@H](C[C@@H](O)C(C)C)Oc1ccc(OC)cc1,-21.6,-108.14,250.338,-250.338
23439750,COC1=CC=C(O[C@H](C[C@H](O)C(C)C)C=C)C=C1,C=C[C@@H](C[C@H](O)C(C)C)Oc1ccc(OC)cc1,23.5,-164.65,250.338,-250.338
23473065,CCOC(=O)C[C@H]1CCC[C@H](O)[C@@H]1N(=O)=O,CCOC(=O)C[C@H]1CCC[C@H](O)[C@@H]1[N+](=O)[O-],42.0,50.25,231.248,231.248
23473066,CCOC(=O)C[C@H]1CCC[C@@H](O)[C@@H]1N(=O)=O,CCOC(=O)C[C@H]1CCC[C@@H](O)[C@@H]1[N+](=O)[O-],11.0,85.17,231.248,231.248
23473069,COC(=O)C[C@H]1CCC[C@@H](O)[C@@H]1N(=O)=O,COC(=O)C[C@H]1CCC[C@@H](O)[C@@H]1[N+](=O)[O-],0.4,51.79,217.221,217.221
23473075,CCOC(=O)C[C@H]1COC[C@@H](O)[C@@H]1N(=O)=O,CCOC(=O)C[C@H]1COC[C@@H](O)[C@@H]1[N+](=O)[O-],9.0,25.38,233.22,233.22
23473095,[H][C@@]12NC(=O)[C@H](C)[C@@]1(C)CCC[C@H]2O,C[C@H]1C(=O)N[C@H]2[C@H](O)CCC[C@]12C,-93.0,67.92,183.25099999999992,183.25099999999992
23485690,[H][C@]1(CO1)[C@@H](Cl)CCCCCCCCC,CCCCCCCCC[C@H](Cl)[C@@H]1CO1,-2.4,-189.36,218.768,-218.768
23490557,CC(C)(C)O[C@H](CCCO)C1=CC=CC=C1,CC(C)(C)O[C@H](CCCO)c1ccccc1,58.4,32.13,222.328,222.328
23490715,COC1=CC=C(O[C@@H](C=C)C2CCCCC2)C=C1,C=C[C@H](Oc1ccc(OC)cc1)C1CCCCC1,-74.4,170.65,246.34999999999997,246.34999999999997
23503490,CC(C)C[C@H]1OCC(C)(C)O1,CC(C)C[C@H]1OCC(C)(C)O1,-13.4,57.63,158.241,158.241
23503492,CC1(C)CO[C@H](CCC2=CC=CC=C2)O1,CC1(C)CO[C@H](CCc2ccccc2)O1,11.2,-215.35,206.28500000000005,-206.28500000000005
23503493,CCC(CC)[C@H]1OCC(C)(C)O1,CCC(CC)[C@H]1OCC(C)(C)O1,-11.4,-7.1,172.26799999999997,-172.26799999999997
23503494,CC1(C)CO[C@@H](O1)C1=CC=CC=C1,CC1(C)CO[C@H](c2ccccc2)O1,3.4,-21.97,178.231,-178.231
23503495,CC1(C)CO[C@@H](O1)C1=CC=C(Cl)C=C1,CC1(C)CO[C@H](c2ccc(Cl)cc2)O1,9.0,-10.84,212.676,-212.676
23503496,CC1(C)CO[C@@H](O1)C1=CC=C(F)C=C1,CC1(C)CO[C@H](c2ccc(F)cc2)O1,3.3,-17.53,196.221,-196.221
23503497,CC1(C)CO[C@@H](O1)C1=CC(Cl)=CC=C1,CC1(C)CO[C@H](c2cccc(Cl)c2)O1,6.3,-141.3,212.676,-212.676
23503501,CC(C)C[C@H]1OCC2=C(O1)C=CC=C2,CC(C)C[C@H]1OCc2ccccc2O1,-112.8,-57.28,192.258,-192.258
23503510,CC(C)C[C@H]1OCC2=C(O1)C=CC(Cl)=C2,CC(C)C[C@H]1OCc2cc(Cl)ccc2O1,-142.8,-142.61,226.703,-226.703
23503521,CC(C)C[C@H]1OCC2=C(O1)C=CC(=C2)N(=O)=O,CC(C)C[C@H]1OCc2cc([N+](=O)[O-])ccc2O1,-142.0,-112.08,237.255,-237.255
23503527,C[C@H]1OCC2=C(O1)C=CC=C2,C[C@H]1OCc2ccccc2O1,-103.6,-112.15,150.17699999999996,-150.17699999999996
23503531,C(CC1=CC=CC=C1)[C@H]1OCC2=C(O1)C=CC=C2,c1ccc(CC[C@H]2OCc3ccccc3O2)cc1,-94.7,-564.8,240.302,-240.302
23503537,CCCC[C@H]1OCC2=C(O1)C=CC=C2,CCCC[C@H]1OCc2ccccc2O1,-132.8,-162.72,192.258,-192.258
23503544,CC(C)C[C@H]1OCCC(C)(C)O1,CC(C)C[C@H]1OCCC(C)(C)O1,-36.6,0.94,172.26799999999997,172.26799999999997
23503553,CC1(C)CCO[C@H](CCC2=CC=CC=C2)O1,CC1(C)CCO[C@H](CCc2ccccc2)O1,-39.9,-32.28,220.312,-220.312
23503557,CCCC[C@H]1OCCC(C)(C)O1,CCCC[C@H]1OCCC(C)(C)O1,-36.6,30.35,172.26799999999997,172.26799999999997
23509410,FC1=CC=C(C=C1)[C@@H]1CC(=O)C2=C1C=CC=C2,O=C1C[C@@H](c2ccc(F)cc2)c2ccccc21,37.9,202.13,226.25000000000003,226.25000000000003
23509415,CC1=CC=C(C=C1)[C@@H]1CC(=O)C2=C1C=CC=C2,Cc1ccc([C@@H]2CC(=O)c3ccccc32)cc1,109.0,148.9,222.28700000000003,222.28700000000003
23509428,COC1=CC(=CC=C1)[C@@H]1CC(=O)C2=CC=CC=C12,COc1cccc([C@@H]2CC(=O)c3ccccc32)c1,51.6,335.33,238.286,238.286
23528765,ClC1=CC=CC(=C1)[C@H]1CCC(=O)O1,O=C1CC[C@H](c2cccc(Cl)c2)O1,14.3,179.34,196.633,196.633
23528766,O=C1CC[C@@H](O1)C1=CC=CO1,O=C1CC[C@H](c2ccco2)O1,49.4,27.32,152.14899999999997,152.14899999999997
23528768,CCCCC#C[C@H]1CCC(=O)O1,CCCCC#C[C@H]1CCC(=O)O1,-10.7,107.61,166.21999999999997,166.21999999999997
23528769,ClC1=CC=C(C=C1)[C@H]1CCCC(=O)O1,O=C1CCC[C@H](c2ccc(Cl)cc2)O1,28.0,65.14,210.66,210.66
23528770,COC1=CC=CC(=C1)[C@H]1CCCC(=O)O1,COc1cccc([C@H]2CCCC(=O)O2)c1,26.2,37.42,206.241,206.241
23528772,O=C1CCC[C@@H](O1)C1=CC2=CC=CC=C2O1,O=C1CCC[C@H](c2cc3ccccc3o2)O1,13.3,5.08,216.236,216.236
23579250,CO[C@@H]1CC(C=O)=C[C@@H](OC)[C@H]1OC,CO[C@@H]1[C@H](OC)C=C(C=O)C[C@H]1OC,-364.0,-189.97,200.234,-200.234
23579251,CO[C@@H]1CC(CO)=C[C@@H](OC)[C@H]1OC,CO[C@@H]1[C@H](OC)C=C(CO)C[C@H]1OC,-141.2,53.68,202.25,202.25
23579387,C1CC2=CC=CC=C2C[C@@H]1C1=CC=CC=C1,c1ccc([C@@H]2CCc3ccccc3C2)cc1,44.11,97.19,208.304,208.304
23586628,F[C@@]1(C(=O)OC2=C1C=CC=C2)C1=CC=CC=C1,O=C1Oc2ccccc2[C@@]1(F)c1ccccc1,-21.1,-44.3,228.222,-228.222
23586630,CC1=CC2=C(OC(=O)[C@]2(F)C2=CC=CC=C2)C=C1,Cc1ccc2c(c1)[C@@](F)(c1ccccc1)C(=O)O2,-40.3,106.95,242.249,242.249
23586633,FC1=CC=C(C=C1)[C@@]1(F)C(=O)OC2=C1C=CC=C2,O=C1Oc2ccccc2[C@@]1(F)c1ccc(F)cc1,-16.1,-32.04,246.212,-246.212
23586670,F[C@@]1(CC2=CC=CC=C2)C(=O)OC2=C1C=CC=C2,O=C1Oc2ccccc2[C@]1(F)Cc1ccccc1,-5.8,22.6,242.249,242.249
23594995,C[C@@H]1[C@@H](C)C(=O)ON1C(=O)OCC1=CC=CC=C1,C[C@@H]1[C@@H](C)C(=O)ON1C(=O)OCc1ccccc1,-9.1,6.75,249.266,249.266
23595971,CO[C@@H]1CC[C@@H](COCC2=CC=CC=C2)O1,CO[C@@H]1CC[C@@H](COCc2ccccc2)O1,81.4,179.55,222.284,222.284
23595972,CO[C@H]1CC[C@@H](COCC2=CC=CC=C2)O1,CO[C@H]1CC[C@@H](COCc2ccccc2)O1,82.8,-153.61,222.284,-222.284
23607777,[H][C@]12O[C@@]1([H])[C@@H](O)[C@H](OCC1=CC=CC=C1)O[C@H]2CO,OC[C@@H]1O[C@@H](OCc2ccccc2)[C@H](O)[C@@H]2O[C@@H]21,-70.0,-72.01,252.266,-252.266
23607779,[2H][C@H]1[C@H](O)[C@H](C)O[C@@H](OCC2=CC=CC=C2)[C@@H]1O,[2H][C@@H]1[C@@H](O)[C@H](OCc2ccccc2)O[C@@H](C)[C@H]1O,-85.2,-276.5,239.289101778,-239.289101778
23641793,[H][C@]12C=C[C@@]3(C=C1)N(C)C(=O)C=C3[C@@H]2C,C[C@H]1C2=CC(=O)N(C)[C@]23C=C[C@H]1C=C3,-49.5,29.51,187.242,187.242
23645292,CC(=O)C[C@@H]1CC(=O)N(C1=O)C1=CC=CC=C1,CC(=O)C[C@@H]1CC(=O)N(c2ccccc2)C1=O,-9.7,-27.81,231.251,-231.251
23652176,OCC[C@@](O)(\C=C\C1=CC=CC=C1)C(F)(F)F,OCC[C@@](O)(/C=C/c1ccccc1)C(F)(F)F,132.5,177.81,246.22799999999995,246.22799999999995
23684277,O=C(CC1=CC=CC=C1)O[C@H]1COC[C@H]1N=N#N,[N-]=[N+]=N[C@@H]1COC[C@@H]1OC(=O)Cc1ccccc1,1.4,-92.29,247.254,-247.254
23717129,CCC[C@H]1[C@@H]([C@@H]1C(=O)C1=CC=C(F)C=C1)C(C)=O,CCC[C@@H]1[C@@H](C(=O)c2ccc(F)cc2)[C@H]1C(C)=O,12.74,240.03,248.297,248.297
23717130,CC(C)[C@H]1[C@@H]([C@@H]1C(=O)C1=CC=C(F)C=C1)C(C)=O,CC(=O)[C@@H]1[C@H](C(=O)c2ccc(F)cc2)[C@H]1C(C)C,8.65,205.77,248.297,248.297
23726117,C[C@@H](CC(=O)C1=NC=CN1C)C(C#N)C#N,C[C@@H](CC(=O)c1nccn1C)C(C#N)C#N,30.0,-13.6,216.244,-216.244
23740473,CC(=O)OCC[C@](C)(C=C)C(C)(C)CC=C,C=CCC(C)(C)[C@@](C)(C=C)CCOC(C)=O,3.3,-19.22,224.3439999999999,-224.3439999999999
23740474,CC(=O)OCC[C@@]1(C)C=CCC1(C)C,CC(=O)OCC[C@@]1(C)C=CCC1(C)C,25.9,-2.16,196.29,-196.29
23740480,CC(C)(CC=C)[C@](C)(CCO)C=C,C=CCC(C)(C)[C@@](C)(C=C)CCO,-2.0,-23.72,182.30699999999996,-182.30699999999996
23743950,COC(=O)C1=C[C@@H]([C@@H](C)C(=O)O1)C1=CC=CC=C1,COC(=O)C1=C[C@H](c2ccccc2)[C@@H](C)C(=O)O1,80.4,26.64,246.262,246.262
23747920,[H][C@]12C[C@@H](CO)[C@H](C3=CC=CC=C3)[C@@]1([H])NC(=O)C2,O=C1C[C@H]2C[C@@H](CO)[C@H](c3ccccc3)[C@H]2N1,58.3,70.15,231.29500000000004,231.29500000000004
23747938,COC1=CC=C(C=C1)C(=O)C[C@H]1CCCCO1,COc1ccc(C(=O)C[C@H]2CCCCO2)cc1,20.8,-69.24,234.295,-234.295
23747942,O=C(C[C@H]1CCCCO1)C1=CC=C2C=CC=CC2=C1,O=C(C[C@H]1CCCCO1)c1ccc2ccccc2c1,26.7,323.86,254.32900000000004,254.32900000000004
23747943,CC1=CC=C(C=C1)C(=O)C[C@H]1CCCCO1,Cc1ccc(C(=O)C[C@H]2CCCCO2)cc1,14.9,74.35,218.296,218.296
23747945,O=C(CCC1=CC=CC=C1)C[C@H]1CCCCO1,O=C(CCc1ccccc1)C[C@H]1CCCCO1,3.5,212.67,232.32299999999992,232.32299999999992
23748122,[H][C@@]12CCCN1\C(CC2)=C\C(=O)OCC,CCOC(=O)/C=C1\CC[C@@H]2CCCN12,-100.8,23.13,195.262,195.262
23777914,CC(C)(O)[C@H]1CC[C@]2(C)CC=C(CO)CC=C12,CC(C)(O)[C@H]1CC[C@]2(C)CC=C(CO)CC=C12,-109.99,-133.17,236.355,-236.355
23777921,[H][C@@]12CC=C(CO)CC[C@@]1(C)CC[C@@H]2C(C)(C)O,CC(C)(O)[C@H]1CC[C@]2(C)CCC(CO)=CC[C@@H]12,14.9,57.05,238.37099999999995,238.37099999999995
23777922,CC1=C([C@@H]2CC2(CO)CO)[C@H](CC1)C(C)(C)O,CC1=C([C@@H]2CC2(CO)CO)[C@@H](C(C)(C)O)CC1,14.9,28.71,240.343,240.343
23789917,[H][C@@]1(O[C@@H]1CO)[C@@]1([H])O[C@@H]1\C=C\[Si](C)(C)C,C[Si](C)(C)/C=C/[C@H]1O[C@@H]1[C@H]1O[C@@H]1CO,16.4,193.05,214.337,214.337
23789939,[H][C@]1(O[C@H]1CO)[C@@]1([H])OC(C)(C)O[C@@H]1\C=C\C(C)C,CC(C)/C=C/[C@H]1OC(C)(C)O[C@@H]1[C@@H]1O[C@H]1CO,-18.4,63.75,242.315,242.315
23789950,CC(C)\C=C\[C@H]1OC(C)(C)O[C@@H]1C=CCO,CC(C)/C=C/[C@H]1OC(C)(C)O[C@@H]1C=CCO,-32.9,216.66,226.316,226.316
23789962,[H][C@]1(O[C@H]1CO)[C@@]1([H])OC(C)(C)O[C@@H]1C=C,C=C[C@H]1OC(C)(C)O[C@@H]1[C@@H]1O[C@H]1CO,-8.5,32.4,200.234,200.234
23789968,[H][C@@]1(OC(C)(C)O[C@@H]1C=C)[C@H](O)[C@@H](CO)OC,C=C[C@H]1OC(C)(C)O[C@@H]1[C@H](O)[C@@H](CO)OC,-2.1,57.94,232.276,232.276
23817487,CC[C@@]1(O[C@@H]1C(=O)C1=CC=CC=C1)C(F)(F)F,CC[C@]1(C(F)(F)F)O[C@@H]1C(=O)c1ccccc1,-38.6,171.93,244.212,244.212
23845786,CON(C)C(=O)[C@@H](O)C1=CC=CC=C1C,CON(C)C(=O)[C@@H](O)c1ccccc1C,123.3,268.79,209.245,209.245
23845788,CON(C)C(=O)[C@@H](O)C1=CC=CC=C1OC,COc1ccccc1[C@H](O)C(=O)N(C)OC,114.4,74.42,225.244,225.244
23845791,CON(C)C(=O)[C@@H](O)C1=CC=C(C)C=C1,CON(C)C(=O)[C@@H](O)c1ccc(C)cc1,76.4,125.95,209.245,209.245
23845793,CON(C)C(=O)[C@@H](O)C1=CC=C(OC)C=C1,COc1ccc([C@H](O)C(=O)N(C)OC)cc1,77.0,-192.89,225.244,-225.244
23845797,CON(C)C(=O)[C@@H](O)C1=CC=C2C=CC=CC2=C1,CON(C)C(=O)[C@@H](O)c1ccc2ccccc2c1,99.7,142.78,245.278,245.278
23845800,CON(C)C(=O)[C@@H](O)C1=CC=CS1,CON(C)C(=O)[C@@H](O)c1cccs1,25.2,41.53,201.247,201.247
23845802,CON(C)C(=O)[C@H](C)O,CON(C)C(=O)[C@H](C)O,-21.7,-131.81,133.147,-133.147
23845804,CON(C)C(=O)[C@H](O)CCC1=CC=CC=C1,CON(C)C(=O)[C@H](O)CCc1ccccc1,7.99,236.79,223.272,223.272
23856665,C[C@H](C=C)[C@H](N)C1=CC=C(C)C=C1,C=C[C@@H](C)[C@H](N)c1ccc(C)cc1,-31.0,-21.81,175.27499999999998,-175.27499999999998
23916424,C=NC[C@@H]1CCCN1CC1=CC=CC=C1,C=NC[C@@H]1CCCN1Cc1ccccc1,-14.0,-171.16,202.30100000000004,-202.30100000000004
23939396,O[C@@H](CCC1=C(Br)C=CC=C1)CC=C,C=CC[C@@H](O)CCc1ccccc1Br,-9.7,-56.16,255.155,-255.155
23939398,[H][C@@]1(CCC)CCC2=C(O1)C=CC=C2,CCC[C@@H]1CCc2ccccc2O1,99.1,187.57,176.259,176.259
23939400,[H][C@]1(CC(C)=C)OC2=C(C=CC=C2)C=C1,C=C(C)C[C@@H]1C=Cc2ccccc2O1,55.7,-747.62,186.254,-186.254
23939402,[H][C@]1(CC=C)OC2=C(C=C1)C=C(OC)C=C2,C=CC[C@@H]1C=Cc2cc(OC)ccc2O1,-8.7,-917.46,202.253,-202.253
23944467,FC1=CC=C(C=C1)[C@H]1CCC(=O)C1,O=C1CC[C@H](c2ccc(F)cc2)C1,-80.8,328.31,178.20599999999996,178.20599999999996
23962320,CN1C(=O)[C@@]2(CC3=C2C=CC=C3)C2=C1C=CC=C2,CN1C(=O)[C@@]2(Cc3ccccc32)c2ccccc21,-16.6,-41.38,235.286,-235.286
23962323,CN1C(=O)[C@@]2(CCC3=CC=CC=C23)C2=CC=CC=C12,CN1C(=O)[C@@]2(CCc3ccccc32)c2ccccc21,-36.2,249.38,249.313,249.313
23962355,CN1C(=O)[C@@]2(CCC3=CC=CC=C23)C2=C1C=CC=N2,CN1C(=O)[C@@]2(CCc3ccccc32)c2ncccc21,-29.75,180.23,250.301,250.301
23962364,CC(C)(C)[C@@H](N)C1=CC2=CC=CC=C2C=C1,CC(C)(C)[C@@H](N)c1ccc2ccccc2c1,-4.4,-80.67,213.324,-213.324
23963880,[H][C@@]1(COC(C)(C)O1)[C@@H](O)[C@]1([H])CCCC1=O,CC1(C)OC[C@H]([C@@H](O)[C@@H]2CCCC2=O)O1,-32.45,-35.14,214.26099999999997,-214.26099999999997
23963886,[H][C@@]12CCC[C@]1(OC)O[C@H](CO)[C@H]2O,CO[C@]12CCC[C@H]1[C@H](O)[C@@H](CO)O2,5.0,55.81,188.223,188.223
23968491,C[C@H](CN(=O)=O)\C=C\C1=CC=CC=C1,C[C@@H](/C=C/c1ccccc1)C[N+](=O)[O-],-64.3,-299.63,191.23,-191.23
23970613,[H][C@]12CCC[C@](O)(C1)N(C)N=C2C1=CC=CC=C1F,CN1N=C(c2ccccc2F)[C@H]2CCC[C@]1(O)C2,189.4,29.15,248.3009999999999,248.3009999999999
23988515,N[C@@H](CC(=O)OCC1=CC=CC=C1)C(F)(F)F,N[C@@H](CC(=O)OCc1ccccc1)C(F)(F)F,-1.43,134.05,247.216,247.216
24020791,CC[C@H]1SC2=C(C=C1C=O)C=C1C=CC=CC1=N2,CC[C@H]1Sc2nc3ccccc3cc2C=C1C=O,176.4,95.1,255.342,255.342
24075079,FC1=CC=C(C=C1)[C@H]1CCC(=O)NN1,O=C1CC[C@H](c2ccc(F)cc2)NN1,-2.3,189.97,194.209,194.209
24075080,CC1=C(C=CC=C1)[C@H]1CCC(=O)NN1,Cc1ccccc1[C@H]1CCC(=O)NN1,-24.2,363.56,190.246,190.246
24075081,COC(=O)CC[C@@H](N)C1=CC=C(C)C=C1,COC(=O)CC[C@@H](N)c1ccc(C)cc1,-10.1,-233.78,207.273,-207.273
24075082,COC(=O)CC[C@@H](N)C1=CC=C(F)C=C1,COC(=O)CC[C@@H](N)c1ccc(F)cc1,-8.1,-13.82,211.236,-211.236
24575077,COC1=CC=C(C=C1)[S@@](=O)C1=CC=CC=C1,COc1ccc([S@@](=O)c2ccccc2)cc1,-21.0,225.44,232.30400000000003,232.30400000000003
24617376,COC1=CC=C(C=C1)[C@@H](CN(=O)=O)NC(C)=O,COc1ccc([C@@H](C[N+](=O)[O-])NC(C)=O)cc1,80.0,11.11,238.243,238.243
24618750,[H][C@@]12OC[C@@H](N1C(=O)CN=C2OC)C1=CC=CC=C1,COC1=NCC(=O)N2[C@@H](c3ccccc3)CO[C@@H]12,-63.2,-363.98,246.266,-246.266
24618751,[H][C@@]12OC[C@H](N1C(=O)CN=C2OC)C1=CC=CC=C1,COC1=NCC(=O)N2[C@H]1OC[C@H]2c1ccccc1,-107.0,90.17,246.266,246.266
24623113,[H][C@@]12CNC[C@H](CCC)[C@@]1([H])OC(C)(C)O2,CCC[C@H]1CNC[C@H]2OC(C)(C)O[C@H]12,6.7,-26.19,199.294,-199.294
24623122,[H][C@@]12CN(CCCC)C[C@H](CCC)[C@@]1([H])OC(C)(C)O2,CCCCN1C[C@H](CCC)[C@H]2OC(C)(C)O[C@@H]2C1,2.7,144.63,255.402,255.402
24650757,C[C@@](S)([C@H](CN(=O)=O)C1=CC=CC=C1)C(N)=O,C[C@](S)(C(N)=O)[C@H](C[N+](=O)[O-])c1ccccc1,2.9,-264.18,254.311,-254.311
24650764,CS[C@]1(C)[C@H](CNC1=O)C1=CC=CC=C1,CS[C@@]1(C)C(=O)NC[C@@H]1c1ccccc1,0.82,162.21,221.325,221.325
24652341,CC(C)[C@@H]1C[C@@H](SC(=O)N1)C1=CC=CC=C1,CC(C)[C@@H]1C[C@H](c2ccccc2)SC(=O)N1,-8.0,-23.89,235.352,-235.352
24652342,CC(C)(C)[C@@H]1C[C@@H](SC(=O)N1)C1=CC=CC=C1,CC(C)(C)[C@@H]1C[C@H](c2ccccc2)SC(=O)N1,1.6,-26.37,249.379,-249.379
24652347,C[C@H](OC(N)=S)C1=CC=CC=C1,C[C@H](OC(N)=S)c1ccccc1,-12.0,-134.26,181.26,-181.26
24672571,CC(C)(C)OC(=O)N1CC=C[C@@H](CCO)O1,CC(C)(C)OC(=O)N1CC=C[C@@H](CCO)O1,-4.3,68.25,229.276,229.276
24684113,C[C@@H]1OC(=CC2=CC=CC=C12)C1=CC=CC=C1,C[C@@H]1OC(c2ccccc2)=Cc2ccccc21,36.1,277.06,222.287,222.287
24684431,CO[C@@H]1C[C@](CO)(CC2=CC=CC=C2)CO1,CO[C@@H]1C[C@](CO)(Cc2ccccc2)CO1,109.1,107.9,222.284,222.284
24684433,CO[C@@H]1C[C@](CO)(CC2=CC(C)=CC=C2)CO1,CO[C@@H]1C[C@](CO)(Cc2cccc(C)c2)CO1,23.8,183.57,236.311,236.311
24684434,CO[C@@H]1C[C@](CO)(CC2=CC(OC)=CC=C2)CO1,COc1cccc(C[C@]2(CO)CO[C@H](OC)C2)c1,80.5,95.13,252.30999999999997,252.30999999999997
24684443,CO[C@@H]1C[C@](CO)(COCC2=CC=CC=C2)CO1,CO[C@@H]1C[C@](CO)(COCc2ccccc2)CO1,69.7,281.22,252.31,252.31
24684446,CO[C@@H]1C[C@](CO)(CC2CCCCC2)CO1,CO[C@@H]1C[C@](CO)(CC2CCCCC2)CO1,76.0,120.04,228.3319999999999,228.3319999999999
26482798,CCCCC1=CC2=CC=CC=C2[C@H](C)O1,CCCCC1=Cc2ccccc2[C@H](C)O1,-3.6,325.75,202.297,202.297
26482823,[2H][C@@]1(C)OC(=CC2=C1C=CC=C2)C1=CC=CC=C1,[2H][C@@]1(C)OC(c2ccccc2)=Cc2ccccc21,33.0,277.13,223.293101778,223.293101778
26493677,CC1=CC=C2C(=O)C3=C(C=CC=C3)C(=O)[C@@]2(C)C1,CC1=CC=C2C(=O)c3ccccc3C(=O)[C@@]2(C)C1,37.1,17.82,238.286,238.286
26493691,CC1=CC(=O)C2=CC=C(C[C@]2(C)C1=O)C1=CC=CO1,CC1=CC(=O)C2=CC=C(c3ccco3)C[C@]2(C)C1=O,-206.5,-329.38,254.285,-254.285
26493694,CCCC1=CC=C2C(=O)C=C(C)C(=O)[C@@]2(C)C1,CCCC1=CC=C2C(=O)C=C(C)C(=O)[C@@]2(C)C1,-25.9,498.21,230.30699999999996,230.30699999999996
26493695,CC1=CC(=O)C2=CC=C(C[C@]2(C)C1=O)C(C)(C)C,CC1=CC(=O)C2=CC=C(C(C)(C)C)C[C@]2(C)C1=O,-94.1,-274.34,244.33399999999995,-244.33399999999995
26623868,O=C(C[C@H](C#C)C1=CC=CC=C1)C1=CC=CC=C1,C#C[C@@H](CC(=O)c1ccccc1)c1ccccc1,-4.98,45.3,234.29800000000003,234.29800000000003
26623874,FC1=CC=C(C=C1)C(=O)C[C@H](C#C)C1=CC=CC=C1,C#C[C@@H](CC(=O)c1ccc(F)cc1)c1ccccc1,-4.7,55.06,252.288,252.288
26623878,CC1=CC=C(C=C1)C(=O)C[C@H](C#C)C1=CC=CC=C1,C#C[C@@H](CC(=O)c1ccc(C)cc1)c1ccccc1,-3.81,44.52,248.325,248.325
26623887,O=C(C[C@H](C#C)C1=CC=CC=C1)C1=CC=CS1,C#C[C@@H](CC(=O)c1cccs1)c1ccccc1,-12.2,20.34,240.32700000000003,240.32700000000003
26623891,CCCC(=O)C[C@H](C#C)C1=CC=CC=C1,C#C[C@@H](CC(=O)CCC)c1ccccc1,3.34,178.81,200.28100000000003,200.28100000000003
26623893,O=C(C[C@H](C#C)C1=CC=CC=C1)CC1=CC=CC=C1,C#C[C@@H](CC(=O)Cc1ccccc1)c1ccccc1,-1.23,50.37,248.32500000000005,248.32500000000005
26623898,[H][C@@](C#C)(C1=CC=CC=C1)[C@@]1([H])CCCCC1=O,C#C[C@H](c1ccccc1)[C@H]1CCCCC1=O,39.4,24.68,212.29199999999992,212.29199999999992
26623907,FC1=CC=C(C=C1)[C@H](CC(=O)C1=CC=CC=C1)C#C,C#C[C@@H](CC(=O)c1ccccc1)c1ccc(F)cc1,2.31,25.81,252.288,252.288
26623909,CC1=CC=C(C=C1)[C@H](CC(=O)C1=CC=CC=C1)C#C,C#C[C@@H](CC(=O)c1ccccc1)c1ccc(C)cc1,-7.29,28.87,248.325,248.325
26623913,O=C(C[C@H](C#C)C1=CC=CS1)C1=CC=CC=C1,C#C[C@@H](CC(=O)c1ccccc1)c1cccs1,8.43,31.57,240.32700000000003,240.32700000000003
26669546,C#C[C@@H](N1CCOCC1)C1=CC=CC=C1,C#C[C@H](c1ccccc1)N1CCOCC1,-7.96,32.06,201.26899999999992,201.26899999999992
26669547,ClC1=C(C=CC=C1)[C@H](C#C)N1CCOCC1,C#C[C@@H](c1ccccc1Cl)N1CCOCC1,-75.8,-53.61,235.7139999999999,-235.7139999999999
26669549,ClC1=CC=CC(=C1)[C@H](C#C)N1CCOCC1,C#C[C@@H](c1cccc(Cl)c1)N1CCOCC1,-42.1,-59.39,235.71399999999997,-235.71399999999997
26669550,ClC1=CC=C(C=C1)[C@H](C#C)N1CCOCC1,C#C[C@@H](c1ccc(Cl)cc1)N1CCOCC1,-37.3,-44.83,235.714,-235.714
26669551,FC1=CC=C(C=C1)[C@H](C#C)N1CCOCC1,C#C[C@@H](c1ccc(F)cc1)N1CCOCC1,-44.4,-37.13,219.259,-219.259
26669554,CC1=CC=C(C=C1)[C@H](C#C)N1CCOCC1,C#C[C@@H](c1ccc(C)cc1)N1CCOCC1,-36.4,-65.84,215.29599999999996,-215.29599999999996
26669555,COC1=CC=C(C=C1)[C@H](C#C)N1CCOCC1,C#C[C@@H](c1ccc(OC)cc1)N1CCOCC1,-32.2,-77.38,231.295,-231.295
26669556,C#C[C@H](N1CCOCC1)C1=CC2=CC=CC=C2C=C1,C#C[C@@H](c1ccc2ccccc2c1)N1CCOCC1,-14.5,-107.18,251.32899999999992,-251.32899999999992
26669557,C#C[C@H](N1CCOCC1)C1=CC=CS1,C#C[C@@H](c1cccs1)N1CCOCC1,-59.3,98.52,207.29799999999997,207.29799999999997
26669558,C#C[C@@H](N1CCCCC1)C1=CC=CC=C1,C#C[C@H](c1ccccc1)N1CCCCC1,-42.5,30.75,199.2969999999999,199.2969999999999
26669560,C#C[C@@H](N1CCCC1)C1=CC=CC=C1,C#C[C@H](c1ccccc1)N1CCCC1,-43.4,70.47,185.26999999999992,185.26999999999992
26669561,C#C[C@@H](N1CCCC2=C1C=CC=C2)C1=CC=CC=C1,C#C[C@H](c1ccccc1)N1CCCc2ccccc21,-29.2,-190.49,247.34099999999995,-247.34099999999995
26669562,C#C[C@@H](N1CCC2=CC=CC=C12)C1=CC=CC=C1,C#C[C@H](c1ccccc1)N1CCc2ccccc21,-54.1,23.39,233.314,233.314
26669563,CN([C@H](C#C)C1=CC=CC=C1)C1=CC=CC=C1,C#C[C@H](c1ccccc1)N(C)c1ccccc1,-6.8,484.99,221.303,221.303
26669564,C#C[C@H](NC1=CC=CC=C1)C1=CC=CC=C1,C#C[C@H](Nc1ccccc1)c1ccccc1,-50.1,141.91,207.276,207.276
26684344,[H][C@]1(CC=C(C)[C@H](O)C1)[C@@H](C)CN(Cl)CC#C,C#CCN(Cl)C[C@H](C)[C@@H]1CC=C(C)[C@H](O)C1,23.8,-137.04,241.762,-241.762
26717994,COC(OC)[C@@H]1CCC[C@H]1CN(=O)=O,COC(OC)[C@@H]1CCC[C@H]1C[N+](=O)[O-],-15.0,18.26,203.238,203.238
26719250,C[C@H]1CC(=O)OC2=C1C(=O)CCC2,C[C@H]1CC(=O)OC2=C1C(=O)CCC2,-7.0,45.09,180.20299999999995,180.20299999999995
26757901,CC(C)[C@H](N(CC=C)C(=O)OC(C)(C)C)C(C)=O,C=CCN(C(=O)OC(C)(C)C)[C@H](C(C)=O)C(C)C,161.91,-211.65,255.358,-255.358
26763671,C[C@H]1CC2=C(O1)C=CC(C)=C2,Cc1ccc2c(c1)C[C@H](C)O2,-14.8,-31.92,148.20499999999998,-148.20499999999998
26768651,[H][C@]1(NCCC2=CC=CC=C12)[C@H](CC)CO,CC[C@H](CO)[C@@H]1NCCc2ccccc21,2.3,-139.87,205.301,-205.301
26769833,COCO[C@H](C=C)C(C)(C)OC(=O)C=C,C=CC(=O)OC(C)(C)[C@@H](C=C)OCOC,-64.0,24.55,214.26099999999997,214.26099999999997
26773585,CCOC(=O)[C@@]1(N)CC2=C(C1)C=C(C=C2)C#N,CCOC(=O)[C@@]1(N)Cc2ccc(C#N)cc2C1,8.0,11.14,230.267,230.267
26784872,OC1=C(SC[C@H]2CO2)C=CC=C1,Oc1ccccc1SC[C@H]1CO1,-43.5,-9.8,182.244,-182.244
26784873,O[C@@H]1COC2=CC=CC=C2SC1,O[C@@H]1COc2ccccc2SC1,36.7,-82.9,182.244,-182.244
26787087,CC(C)OC(=O)[C@@H](O)C1=CC=CC2=CC=CC=C12,CC(C)OC(=O)[C@@H](O)c1cccc2ccccc12,93.18,-174.74,244.29,-244.29
26787088,CC(C)OC(=O)[C@@H](O)C1=CC2=CC=CC=C2C=C1,CC(C)OC(=O)[C@@H](O)c1ccc2ccccc2c1,85.71,-200.58,244.29,-244.29
26787705,C[C@@H]1CCC\C=C\C=C/C(=O)O1,C[C@@H]1CCC/C=C/C=C\C(=O)O1,-112.3,-257.23,166.21999999999997,-166.21999999999997
26825528,C[C@H]1COC2=CC(C)=C3C(C=O)=CC(C)=C3C=C12,Cc1cc(C=O)c2c(C)cc3c(cc1-2)[C@@H](C)CO3,30.7,-441.31,240.302,-240.302
26847660,COC(=O)C1(C[C@@H]1N1C(=O)CCC1=O)C(=O)OC,COC(=O)C1(C(=O)OC)C[C@@H]1N1C(=O)CCC1=O,38.475,75.67,255.22599999999997,255.22599999999997
26889133,C[C@H](O[Si](C)(C)C(C)(C)C)C1=CC=CO1,C[C@H](O[Si](C)(C)C(C)(C)C)c1ccco1,-23.6,-57.1,226.392,-226.392
26941311,COC(=O)[C@]1(C\C=C/CCCN1)C1=CC=CC=C1,COC(=O)[C@@]1(c2ccccc2)C/C=C\CCCN1,-4.8,-300.52,245.322,-245.322
26973561,[H][C@]12OC(C)(C)O[C@]1([H])[C@@H](O)[C@@H](OC)O[C@@H]2C,CO[C@H]1O[C@H](C)[C@H]2OC(C)(C)O[C@@H]2[C@H]1O,134.3,227.18,218.249,218.249
26973569,[H][C@]12OC(C)(C)O[C@@]1([H])[C@@H](OC)O[C@H](C)[C@H]2O,CO[C@H]1O[C@H](C)[C@@H](O)[C@H]2OC(C)(C)O[C@@H]12,148.0,85.36,218.249,218.249
26973579,[H][C@]12C[C@](O)(C[C@@]3([H])OC(C)(C)O[C@@]13[H])C(=O)O2,CC1(C)O[C@H]2[C@@H]3C[C@](O)(C[C@H]2O1)C(=O)O3,9.4,45.69,214.217,214.217
26973580,[H][C@@]12C[C@@](O)(C[C@H](O)[C@]1([H])OC(C)(C)O2)C(=O)OC,COC(=O)[C@]1(O)C[C@H](O)[C@@H]2OC(C)(C)O[C@@H]2C1,6.0,27.32,246.259,246.259
26986110,[H][C@]12CC=C(C)[C@]([H])(C1)C(=NC2(C)C)C1=CC=CC=C1,CC1=CC[C@H]2C[C@@H]1C(c1ccccc1)=NC2(C)C,33.4,-302.88,239.362,-239.362
27024961,CC(=C)C[C@@](C)(F)C(=O)C1=CC=CC=C1,C=C(C)C[C@@](C)(F)C(=O)c1ccccc1,-42.8,-36.29,206.26,-206.26
27049028,CC[C@@H]1C[C@@H](OC(=O)C1)SC1=CC=CC=C1,CC[C@H]1CC(=O)O[C@@H](Sc2ccccc2)C1,-11.9,-119.76,236.336,-236.336
27058956,O[C@@H](CN1C(=O)C2=C(C=CC=C2)C1=O)C=C,C=C[C@@H](O)CN1C(=O)c2ccccc2C1=O,-2.0,25.03,217.224,217.224
27076348,CC(=O)C[C@@H](O)COCC1=CC=CC=C1,CC(=O)C[C@@H](O)COCc1ccccc1,16.4,-153.69,208.257,-208.257
27099824,CC=C[C@@H](O)CC(=O)SCCNC(C)=O,CC=C[C@@H](O)CC(=O)SCCNC(C)=O,-17.65,297.89,231.317,231.317
27156648,CC1=CC=C(C=C1)[C@@]1(CC=C)CCCCC1=O,C=CC[C@]1(c2ccc(C)cc2)CCCCC1=O,225.0,350.87,228.33499999999992,228.33499999999992
27197781,COC(=O)[C@@H](C)[C@@H](C1CC1)C1=CC=C(O)C=C1,COC(=O)[C@@H](C)[C@H](c1ccc(O)cc1)C1CC1,75.65,81.18,234.295,234.295
27415591,C[C@H](NCC#C)C(=O)OCC1=CC=CC=C1,C#CCN[C@@H](C)C(=O)OCc1ccccc1,-17.3,-252.81,217.268,-217.268
27416627,C[C@H](O)[C@@H](O)\C=C\C=C1/OC(=O)C=C1,C[C@H](O)[C@@H](O)/C=C/C=C1/C=CC(=O)O1,12.5,213.56,196.202,196.202
27416629,C[C@H](O)[C@@H](O)\C=C\C=C1\OC(=O)C=C1,C[C@H](O)[C@@H](O)/C=C/C=C1\C=CC(=O)O1,43.5,-139.5,196.202,-196.202
27531630,[H][C@@]1(CN[C@@H](C)C2=CC=CC=C2)CC2=CC=CC=C2N1,C[C@H](NC[C@@H]1Cc2ccccc2N1)c1ccccc1,-35.0,-225.68,252.361,-252.361
27603028,CC[C@@]1(C)N=C(C)C(=O)N1CCC1=CC=CC=C1,CC[C@@]1(C)N=C(C)C(=O)N1CCc1ccccc1,6.05,160.84,244.338,244.338
27638461,FC(F)(F)[C@@H](CN(=O)=O)C1=CSC=C1,O=[N+]([O-])C[C@@H](c1ccsc1)C(F)(F)F,48.2,82.56,225.19099999999997,225.19099999999997
27638463,FC(F)(F)[C@H](CC1=CC=CC=C1)CN(=O)=O,O=[N+]([O-])C[C@@H](Cc1ccccc1)C(F)(F)F,-12.2,-29.65,233.189,-233.189
27638464,CCCCCCC[C@H](CN(=O)=O)C(F)(F)F,CCCCCCC[C@H](C[N+](=O)[O-])C(F)(F)F,1.8,-78.44,241.253,-241.253
27638471,CC1=CC=C(C=C1)[C@H](CN(=O)=O)C(F)(F)F,Cc1ccc([C@H](C[N+](=O)[O-])C(F)(F)F)cc1,17.8,79.13,233.189,233.189
27638475,CC1=CC(=CC=C1)[C@H](CN(=O)=O)C(F)(F)F,Cc1cccc([C@H](C[N+](=O)[O-])C(F)(F)F)c1,49.4,103.9,233.189,233.189
27638478,CC1=CC=CC=C1[C@H](CN(=O)=O)C(F)(F)F,Cc1ccccc1[C@H](C[N+](=O)[O-])C(F)(F)F,19.0,92.61,233.18899999999996,233.18899999999996
27638479,FC1=CC=C(C=C1)[C@H](CN(=O)=O)C(F)(F)F,O=[N+]([O-])C[C@@H](c1ccc(F)cc1)C(F)(F)F,42.8,65.71,237.152,237.152
27638484,COC1=CC=C(C=C1)[C@H](CN(=O)=O)C(F)(F)F,COc1ccc([C@H](C[N+](=O)[O-])C(F)(F)F)cc1,45.0,68.77,249.188,249.188
27643874,[H][C@]12COC(=O)C1=CC[C@]1(C)C3=CC=CC=C3CC[C@@]21[H],C[C@]12CC=C3C(=O)OC[C@@H]3[C@@H]1CCc1ccccc12,-29.4,386.33,254.329,254.329
27643875,[H][C@@]12CCC3=CC=CC=C3[C@@]1(C)CCC1=C2COC1=O,C[C@]12CCC3=C(COC3=O)[C@@H]1CCc1ccccc12,-25.1,80.33,254.329,254.329
27699965,C[C@@]1(C[C@@]1(Br)C(O)=O)C1=CC=CC=C1,C[C@]1(c2ccccc2)C[C@@]1(Br)C(=O)O,52.95,14.03,255.111,255.111
27699982,OC(=O)[C@]1(Br)C[C@@H]1C1=CC=CC=C1,O=C(O)[C@]1(Br)C[C@@H]1c1ccccc1,148.6,104.58,241.08400000000003,241.08400000000003
27705936,C[C@@]12C[C@]1(CC1(C)OCCO1)CNC2,CC1(C[C@@]23CNC[C@]2(C)C3)OCCO1,-17.78,19.74,197.278,197.278
27708136,[H][C@]12C[C@]([H])(C=C1)C(=C)[C@@H]2C(=O)N1CCOC1=O,C=C1[C@H](C(=O)N2CCOC2=O)[C@@H]2C=C[C@H]1C2,92.0,-61.78,219.24,-219.24
27712813,C=C1CCC[C@@]1(C(=O)C1=CC=CS1)N(=O)=O,C=C1CCC[C@@]1(C(=O)c1cccs1)[N+](=O)[O-],93.8,626.91,237.28,237.28
27712820,CC(C)OC(=O)[C@@]1(CCCCC1=C)C(C)=O,C=C1CCCC[C@@]1(C(C)=O)C(=O)OC(C)C,69.7,239.81,224.3,224.3
27712822,CCC(=O)[C@]1(CCC1=C)C(=O)OC(C)(C)C,C=C1CC[C@@]1(C(=O)CC)C(=O)OC(C)(C)C,69.7,158.56,224.29999999999995,224.29999999999995
27712823,CCOC(=O)[C@]12CCCC1=CCCC2=O,CCOC(=O)[C@]12CCCC1=CCCC2=O,-123.4,-165.84,208.257,-208.257
27712825,[H][C@]12CCC=C3CCC[C@]13C(=O)C(=C2)C(=O)OC,COC(=O)C1=C[C@H]2CCC=C3CCC[C@@]32C1=O,-59.4,6.46,232.27899999999997,232.27899999999997
27712826,[H][C@]12CCC=C3CCC[C@]13C(=O)C=C2,O=C1C=C[C@H]2CCC=C3CCC[C@@]132,-83.3,-8.2,174.24299999999997,-174.24299999999997
27712827,[H][C@@]12CCC(=O)[C@@]11CCCC1=CCC2,O=C1CC[C@H]2CCC=C3CCC[C@@]132,-29.6,-218.31,176.25899999999996,-176.25899999999996
27712828,COC(=O)[C@@]1([C@H](C)CCC1=C)C(C)=O,C=C1CC[C@@H](C)[C@@]1(C(C)=O)C(=O)OC,77.4,285.74,196.24599999999995,196.24599999999995
27712834,C[C@@H]1CCC(=C)[C@@]11C(C)=NN(C1=O)C1=CC=CC=C1,C=C1CC[C@@H](C)[C@@]12C(=O)N(c1ccccc1)N=C2C,-79.6,47.44,254.333,254.333
27713403,C[Si](C)(C)C#C[C@@H](CCC1=CC=CC=C1)C=C,C=C[C@@H](C#C[Si](C)(C)C)CCc1ccccc1,10.0,-611.71,242.438,-242.438
27713415,C=C[C@H](CCC1=CC=CC=C1)C#CC1=CCCCC1,C=C[C@@H](C#CC1=CCCCC1)CCc1ccccc1,20.0,582.41,250.385,250.385
27738891,[H][C@]1(CC=CC(=O)O1)[C@H](O)[C@H](Cl)C1=CC=CC=C1,O=C1C=CC[C@@H]([C@H](O)[C@H](Cl)c2ccccc2)O1,-114.0,313.73,252.697,252.697
27764932,C[C@H](O)\C=C\[C@@H](C)CO[Si](C)(C)C(C)(C)C,C[C@H](O)/C=C/[C@@H](C)CO[Si](C)(C)C(C)(C)C,4.5,128.94,244.451,244.451
27767622,COC(=O)[C@@]1(CCCC1=O)C1=CC=CC=C1,COC(=O)[C@]1(c2ccccc2)CCCC1=O,8.0,-308.63,218.25199999999995,-218.25199999999995
27767639,CCCC[C@]1(CCCC1=O)C(=O)OC,CCCC[C@@]1(C(=O)OC)CCCC1=O,23.3,-40.6,198.26199999999992,-198.26199999999992
27767640,CCCCCC[C@]1(CCCC1=O)C(=O)OC,CCCCCC[C@@]1(C(=O)OC)CCCC1=O,21.1,-50.54,226.31599999999997,-226.31599999999997
27767641,COC(=O)[C@@]1(CCCC1=O)C1CC1,COC(=O)[C@]1(C2CC2)CCCC1=O,26.0,55.81,182.219,182.219
27767863,[H][C@@]12OC(C)(C)O[C@]1([H])C(CO)=CC2=O,CC1(C)O[C@@H]2C(CO)=CC(=O)[C@@H]2O1,-22.9,-85.28,184.191,-184.191
27774579,COC1=C(C=CC=C1)[C@@H](O)C1=CC=C(Cl)C=C1,COc1ccccc1[C@@H](O)c1ccc(Cl)cc1,44.34,-528.7,248.709,-248.709
27794213,COC[C@@H]1[C@@H](C)C2=CC=CC=C2N1C(=O)OC,COC[C@@H]1[C@@H](C)c2ccccc2N1C(=O)OC,-9.53,-2.97,235.283,-235.283
27794216,CC[C@H]1[C@H](OC)C2=CC=CC=C2N1C(=O)OC,CC[C@H]1[C@H](OC)c2ccccc2N1C(=O)OC,-27.6,-157.02,235.283,-235.283
27794942,C[C@@H](CO)C1=C(F)C=CC=C1,C[C@@H](CO)c1ccccc1F,13.5,36.77,154.18399999999997,154.18399999999997
27827321,CC1=CC=C2NC(=O)[C@@]3(CC=CC(=O)O3)C2=C1,Cc1ccc2c(c1)[C@]1(CC=CC(=O)O1)C(=O)N2,-41.0,145.19,229.235,229.235
27827325,FC1=CC=C2NC(=O)[C@@]3(CC=CC(=O)O3)C2=C1,O=C1C=CC[C@]2(O1)C(=O)Nc1ccc(F)cc12,-25.0,151.32,233.198,233.198
27827326,CC1=CC=C2C(NC(=O)[C@@]22CC=CC(=O)O2)=C1,Cc1ccc2c(c1)NC(=O)[C@@]21CC=CC(=O)O1,-25.0,156.15,229.235,229.235
27827327,CC1=CC(C)=C2NC(=O)[C@@]3(CC=CC(=O)O3)C2=C1,Cc1cc(C)c2c(c1)[C@]1(CC=CC(=O)O1)C(=O)N2,-21.8,113.72,243.262,243.262
27827360,O=C1NC2=CC=CC=C2[C@]11CC=CC(=O)O1,O=C1C=CC[C@]2(O1)C(=O)Nc1ccccc12,-26.5,173.41,215.20800000000003,215.20800000000003
27867482,[H][C@@]12C[C@@](O)(CC[C@@]1(C)[C@H](O)CCC2=O)C(C)C,CC(C)[C@]1(O)CC[C@@]2(C)[C@H](O)CCC(=O)[C@@H]2C1,-12.7,-8.69,240.343,-240.343
27870036,O[C@@H]1CCC(=O)C=C1Br,O=C1C=C(Br)[C@H](O)CC1,-26.9,131.44,191.024,191.024
27873541,CON(C)C(=O)[C@@H]1COC2=CC=CC=C2N1,CON(C)C(=O)[C@@H]1COc2ccccc2N1,-33.45,-298.72,222.244,-222.244
27921406,CCC[C@@H](OC(C)=O)C1=C(C)C=CC=C1,CCC[C@@H](OC(C)=O)c1ccccc1C,-48.1,140.87,206.285,206.285
27921408,CC(=O)O[C@H](CC=C)C1=CC=C(C=C1)C#N,C=CC[C@@H](OC(C)=O)c1ccc(C#N)cc1,-11.6,327.33,215.252,215.252
27921421,COC1=CC=CC(=C1)[C@](C)(O)CC=C,C=CC[C@@](C)(O)c1cccc(OC)c1,38.5,268.62,192.25799999999995,192.25799999999995
27921427,C[C@@](O)(CC=C)C1=CC(=CC=C1)C#N,C=CC[C@@](C)(O)c1cccc(C#N)c1,31.0,8.4,187.242,187.242
27930529,O[C@H]1CCN([C@H]1C=C)C(=O)OCC1=CC=CC=C1,C=C[C@H]1[C@@H](O)CCN1C(=O)OCc1ccccc1,-1.09,136.96,247.294,247.294
27930717,COC1=CC=C(COC[C@H](O)[C@H](C)C=C)C=C1,C=C[C@@H](C)[C@@H](O)COCc1ccc(OC)cc1,6.0,158.0,236.311,236.311
27939202,N#C[C@@H](NC1=NC2=CC=CC=C2S1)C1=CC=CO1,N#C[C@@H](Nc1nc2ccccc2s1)c1ccco1,95.9,-107.28,255.302,-255.302
27943293,[H][C@@]1(C[C@@H](C(C)=O)C1(C)C)[C@@]1([H])CN(C(C)C)C(=O)C1,CC(=O)[C@@H]1C[C@H]([C@@H]2CC(=O)N(C(C)C)C2)C1(C)C,-29.0,13.24,251.37,251.37
27968629,[H][C@@]1(CCCCC1=O)[C@]1(C)C=CC2=C(C=CC=C2)C1=O,C[C@@]1([C@H]2CCCCC2=O)C=Cc2ccccc2C1=O,39.1,47.73,254.32900000000004,254.32900000000004
27968631,C[C@H]1OCC[C@](C)(O1)C1=C2C=CC=CC2=CC=C1,C[C@H]1OCC[C@@](C)(c2cccc3ccccc23)O1,-13.0,-61.15,242.318,-242.318
27968662,CC(C)C[C@H]1OC[C@](C)(O1)C1=CC=C(Cl)C=C1,CC(C)C[C@H]1OC[C@@](C)(c2ccc(Cl)cc2)O1,47.0,0.19,254.757,254.757
27968671,CC(C)C[C@H]1OC[C@](C)(O1)C1=CC=CC=C1,CC(C)C[C@H]1OC[C@@](C)(c2ccccc2)O1,-47.0,0.54,220.312,220.312
27968672,C[C@H]1OC[C@](C)(O1)C1=CC=CC=C1,C[C@H]1OC[C@@](C)(c2ccccc2)O1,-41.0,38.23,178.231,178.231
27968673,COC1=CC=C(C=C1)[C@]1(C)CO[C@H](CC(C)C)O1,COc1ccc([C@]2(C)CO[C@H](CC(C)C)O2)cc1,-42.0,22.9,250.338,250.338
27968674,CCCC[C@H]1OC[C@](C)(O1)C1=CC=CC=C1,CCCC[C@H]1OC[C@@](C)(c2ccccc2)O1,-45.0,-91.3,220.312,-220.312
27968675,CC(C)[C@H]1OC[C@](C)(O1)C1=CC=CC=C1,CC(C)[C@H]1OC[C@@](C)(c2ccccc2)O1,38.0,4.83,206.28500000000005,206.28500000000005
27968677,CC(C)(C)C[C@H]1OC[C@](C)(O1)C1=CC=CC=C1,CC(C)(C)C[C@H]1OC[C@@](C)(c2ccccc2)O1,-47.0,24.99,234.339,234.339
27968681,CC(C)C[C@H]1OC[C@](C)(O1)C1=CC=C(C)C=C1,Cc1ccc([C@]2(C)CO[C@H](CC(C)C)O2)cc1,-42.0,7.96,234.339,234.339
27968694,CC(C)C[C@H]1OC[C@](C)(O1)C1=CC(C)=CC=C1,Cc1cccc([C@]2(C)CO[C@H](CC(C)C)O2)c1,-38.0,50.52,234.339,234.339
27968708,CC(C)C[C@H]1OC[C@](C)(O1)C1=C(C)C=CC=C1,Cc1ccccc1[C@]1(C)CO[C@H](CC(C)C)O1,-45.0,32.82,234.339,234.339
27968717,CC[C@]1(CO[C@H](CC(C)C)O1)C1=CC=CC=C1,CC[C@@]1(c2ccccc2)CO[C@H](CC(C)C)O1,-51.0,43.47,234.3389999999999,234.3389999999999
27968725,CCC[C@]1(CO[C@H](CC(C)C)O1)C1=CC=CC=C1,CCC[C@@]1(c2ccccc2)CO[C@H](CC(C)C)O1,-31.0,17.64,248.36599999999996,248.36599999999996
28023245,CC#CC(=O)N[C@H]1CCCC[C@@H]1N(C)C,CC#CC(=O)N[C@H]1CCCC[C@@H]1N(C)C,70.0,140.25,208.305,208.305
28095691,CC(C)(C)C(=O)CC[C@]1(C)CCCCC1=O,CC(C)(C)C(=O)CC[C@]1(C)CCCCC1=O,-54.8,35.79,224.34399999999997,224.34399999999997
28095694,CC[C@@]1(CCC(=O)C(C)(C)C)CCCCC1=O,CC[C@@]1(CCC(=O)C(C)(C)C)CCCCC1=O,-8.8,-99.02,238.37099999999992,-238.37099999999992
28095696,CCC[C@@]1(CCC(=O)C(C)(C)C)CCCCC1=O,CCC[C@@]1(CCC(=O)C(C)(C)C)CCCCC1=O,-4.8,197.12,252.3979999999999,252.3979999999999
28095702,CC(C)(C)C(=O)CC[C@]1(C)CCCC1=O,CC(C)(C)C(=O)CC[C@]1(C)CCCC1=O,-26.0,158.03,210.31699999999995,210.31699999999995
28095712,CC(C)C(=O)CC[C@]1(C)CCCCC1=O,CC(C)C(=O)CC[C@]1(C)CCCCC1=O,-31.2,135.0,210.31699999999992,210.31699999999992
28138011,O=C(NC1=CC=CC2=CC=CN=C12)[C@H]1CCCO1,O=C(Nc1cccc2cccnc12)[C@H]1CCCO1,-106.1,-343.22,242.27799999999996,-242.27799999999996
28146626,C[C@H]1CC2=CC(Cl)=CC=C2O1,C[C@H]1Cc2cc(Cl)ccc2O1,-20.6,-18.57,168.623,-168.623
28146628,C[C@H]1CC2=CC(Br)=CC=C2O1,C[C@H]1Cc2cc(Br)ccc2O1,-19.6,-53.32,213.074,-213.074
28146636,C[C@H]1CC2=C(C)C=C(C)C=C2O1,Cc1cc(C)c2c(c1)O[C@@H](C)C2,-15.9,-35.57,162.23199999999997,-162.23199999999997
28146639,CC(C)C1=CC=C2O[C@@H](C)CC2=C1,CC(C)c1ccc2c(c1)C[C@H](C)O2,-13.7,-80.21,176.25899999999996,-176.25899999999996
28186719,[H][C@@]12CCC(=O)N1[C@](CCC)(CCC2)C=O,CCC[C@]1(C=O)CCC[C@@H]2CCC(=O)N21,100.6,63.56,209.289,209.289
28186720,[H][C@@]12CCC(=O)N1[C@](CCC)(CCC2)C(O)=O,CCC[C@]1(C(=O)O)CCC[C@@H]2CCC(=O)N21,110.3,40.96,225.28799999999995,225.28799999999995
28186721,[H][C@@]12CCC(=O)N1[C@@](CCC)(CCC2)C(O)=O,CCC[C@@]1(C(=O)O)CCC[C@@H]2CCC(=O)N21,48.2,21.59,225.28799999999995,225.28799999999995
28186729,[H][C@@]12CCC(=O)N1[C@](CCC)(CC[C@H]2CCC)C=O,CCC[C@@H]1CC[C@@](C=O)(CCC)N2C(=O)CC[C@@H]12,58.1,30.27,251.36999999999995,251.36999999999995
28192351,CC(C)(C)OC(=O)N[C@H]1COC11CC1,CC(C)(C)OC(=O)N[C@H]1COC12CC2,22.3,180.77,199.24999999999997,199.24999999999997
28234170,C[C@@H](C1=CC=CC=C1)C1=CC=C(C=C1)C#N,C[C@@H](c1ccccc1)c1ccc(C#N)cc1,3.0,-344.08,207.276,-207.276
28249936,COC(=O)C1=C(C)OC(=C)[C@@H]1C1=CC=CC=C1,C=C1OC(C)=C(C(=O)OC)[C@H]1c1ccccc1,-135.8,-367.65,230.263,-230.263
28249949,COC(=O)C1=C(OC(=C)[C@@H]1C)C1=CC=CC=C1,C=C1OC(c2ccccc2)=C(C(=O)OC)[C@H]1C,-73.4,194.8,230.26299999999995,230.26299999999995
28250479,CN[C@](C)([C@@H](CN(=O)=O)C1=CC=CC=C1)C(N)=O,CN[C@@](C)(C(N)=O)[C@@H](C[N+](=O)[O-])c1ccccc1,14.0,75.66,251.286,251.286
28250491,CN1C(=O)NC(=O)[C@]1(C)CCC=O,CN1C(=O)NC(=O)[C@]1(C)CCC=O,-1.83,-37.11,184.195,-184.195
28271211,CC[C@@H]1NC(=O)N([C@H]1CC)C(=O)OC(C)(C)C,CC[C@@H]1NC(=O)N(C(=O)OC(C)(C)C)[C@H]1CC,-2.0,28.2,242.319,242.319
28299794,C=C[C@@H](C1CCCC1)N1N=NC(=N1)C1=CC=CC=C1,C=C[C@@H](C1CCCC1)n1nnc(-c2ccccc2)n1,78.5,-88.8,254.33700000000005,-254.33700000000005
28402002,C[C@H]1CC2=C(O1)C=CC=C2C(O)=O,C[C@H]1Cc2c(cccc2C(=O)O)O1,-8.0,-16.7,178.18699999999995,-178.18699999999995
28402003,C[C@H]1CC2=C(O1)C=C(O)C=C2C(O)=O,C[C@H]1Cc2c(cc(O)cc2C(=O)O)O1,-7.0,1.64,194.18599999999995,194.18599999999995
28404378,[H][C@]12C[C@]([H])(C=C1)C(=C2)C(=O)C1=CC(F)=CC=C1,O=C(C1=C[C@@H]2C=C[C@H]1C2)c1cccc(F)c1,-162.8,62.79,214.239,214.239
28404388,[H][C@]12C[C@]([H])(C=C1)C(=C2)C(=O)C1=CC(OC)=CC=C1,COc1cccc(C(=O)C2=C[C@@H]3C=C[C@H]2C3)c1,-123.5,-45.12,226.275,-226.275
28404394,[H][C@]12C[C@]([H])(C=C1)C(=C2)C(=O)C1=COC=C1,O=C(C1=C[C@@H]2C=C[C@H]1C2)c1ccoc1,-105.7,-141.06,186.21,-186.21
28426780,CC1=CC([C@H]2CC(=C)CCO2)=C(O)C=C1,C=C1CCO[C@@H](c2cc(C)ccc2O)C1,-24.3,-7.78,204.269,-204.269
28426781,CC(C)(C)C1=CC([C@H]2CC(=C)CCO2)=C(O)C=C1,C=C1CCO[C@@H](c2cc(C(C)(C)C)ccc2O)C1,-9.5,4.88,246.35,246.35
28426782,OC1=C(C=C(Cl)C=C1)[C@H]1CC(=C)CCO1,C=C1CCO[C@@H](c2cc(Cl)ccc2O)C1,-18.3,-14.5,224.687,-224.687
28426784,OC1=C(C=C(F)C=C1)[C@H]1CC(=C)CCO1,C=C1CCO[C@@H](c2cc(F)ccc2O)C1,-44.7,-88.65,208.232,-208.232
28426787,CC1=CC(O)=C(C=C1)[C@H]1CC(=C)CCO1,C=C1CCO[C@@H](c2ccc(C)cc2O)C1,-48.6,-107.33,204.26899999999995,-204.26899999999995
28426788,CC1=C(O)C(=CC=C1)[C@H]1CC(=C)CCO1,C=C1CCO[C@@H](c2cccc(C)c2O)C1,-55.5,110.33,204.26899999999995,204.26899999999995
28426790,COC1=C(O)C(=CC=C1)[C@H]1CC(=C)CCO1,C=C1CCO[C@@H](c2cccc(OC)c2O)C1,-15.0,36.85,220.26799999999997,220.26799999999997
28426835,C=C1CCO[C@H](C1)C1=CC=CC=C1,C=C1CCO[C@@H](c2ccccc2)C1,-23.8,5.05,174.24299999999997,174.24299999999997
28426836,OC1=CC=CC=C1[C@H]1CC(=C)CCO1,C=C1CCO[C@@H](c2ccccc2O)C1,-37.6,-95.51,190.242,-190.242
28426837,COC1=CC([C@H]2CC(=C)CCO2)=C(O)C=C1,C=C1CCO[C@@H](c2cc(OC)ccc2O)C1,-20.3,-82.34,220.268,-220.268
28437025,COC(=O)C[C@@H](C)OC1=CC=C(OC)C=C1,COC(=O)C[C@@H](C)Oc1ccc(OC)cc1,-23.6,26.72,224.256,224.256
28437026,COC1=CC=C(O[C@H](C)CC=O)C=C1,COc1ccc(O[C@H](C)CC=O)cc1,-29.5,-452.57,194.23,-194.23
28450771,COC[C@H](C=C)N1C(=O)C2=CC=CC=C2C1=O,C=C[C@@H](COC)N1C(=O)c2ccccc2C1=O,-75.1,-120.59,231.251,-231.251
28501302,COC1=CC=C(O1)[C@@H](C)CC(=O)C1=NC=CN1C,COc1ccc([C@@H](C)CC(=O)c2nccn2C)o1,-3.3,-182.3,248.282,-248.282
28501309,[H][C@]12OCC[C@@]1([H])[C@@H](C)C=C(O2)C1=NC=CN1C,C[C@H]1C=C(c2nccn2C)O[C@H]2OCC[C@H]21,-15.5,-59.91,220.272,-220.272
28587708,CC(C)(C)C1=CC=C(C=C1)[C@H](O)C1=CC=CN=C1,CC(C)(C)c1ccc([C@H](O)c2cccnc2)cc1,-22.35,250.88,241.334,241.334
28587712,O[C@@H](C1=CC=C(Cl)C=C1)C1=CC=CN=C1,O[C@@H](c1ccc(Cl)cc1)c1cccnc1,-25.49,209.52,219.671,219.671
28587713,O[C@H](C1=CC=CN=C1)C1=CC=CC(Cl)=C1,O[C@H](c1cccnc1)c1cccc(Cl)c1,-25.43,519.29,219.671,219.671
28587718,O[C@@H](C1=CC=C(C=C1)N(=O)=O)C1=CC=CN=C1,O=[N+]([O-])c1ccc([C@H](O)c2cccnc2)cc1,-24.09,415.04,230.223,230.223
28587719,O[C@H](C1=CC=CN=C1)C1=CC=CC=C1N(=O)=O,O=[N+]([O-])c1ccccc1[C@H](O)c1cccnc1,9.84,370.29,230.223,230.223
28587721,O[C@@H](C1=CC=C(C=C1)C(F)(F)F)C1=CC=CN=C1,O[C@@H](c1ccc(C(F)(F)F)cc1)c1cccnc1,-7.14,321.49,253.223,253.223
28587723,O[C@@H](C1=CC=C(F)C=C1)C1=CC=CN=C1,O[C@@H](c1ccc(F)cc1)c1cccnc1,-21.38,235.84,203.216,203.216
28587725,O[C@@H](C1=CC=CS1)C1=CC=CN=C1,O[C@H](c1cccnc1)c1cccs1,-58.62,411.05,191.255,191.255
28587727,O[C@@H](C1=CC=CO1)C1=CC=CN=C1,O[C@H](c1cccnc1)c1ccco1,47.56,53.47,175.187,175.187
28587729,O[C@@H](\C=C\C1=CC=CC=C1)C1=CC=CN=C1,O[C@@H](/C=C/c1ccccc1)c1cccnc1,1.86,-231.89,211.264,-211.264
28587731,COC1=C(\C=C\[C@H](O)C2=CC=CN=C2)C=CC=C1,COc1ccccc1/C=C/[C@H](O)c1cccnc1,7.89,515.81,241.29,241.29
28587733,CC(C)=C[C@H](O)C1=CC=CN=C1,CC(C)=C[C@H](O)c1cccnc1,5.16,371.07,163.22,163.22
28587735,CCC[C@H](O)C1=CC=CN=C1,CCC[C@H](O)c1cccnc1,-4.6,-2.75,151.20899999999995,-151.20899999999995
28587736,O[C@@H](C1CCCCC1)C1=CC=CN=C1,O[C@H](c1cccnc1)C1CCCCC1,-9.72,-27.51,191.27399999999992,-191.27399999999992
28587739,CC1=NC=CC=C1[C@@H](O)C1=CC=CC=C1,Cc1ncccc1[C@@H](O)c1ccccc1,3.81,247.65,199.253,199.253
28587742,CC1=CC=C(C=N1)[C@@H](O)C1=CC=CC=C1,Cc1ccc([C@@H](O)c2ccccc2)cn1,6.26,371.69,199.253,199.253
28587745,COC1=CN=CC(=C1)[C@@H](O)C1=CC=CC=C1,COc1cncc([C@@H](O)c2ccccc2)c1,5.63,626.15,215.252,215.252
28587748,COC1=CC=C(C=N1)[C@@H](O)C1=CC=CC=C1,COc1ccc([C@@H](O)c2ccccc2)cn1,0.86,128.67,215.252,215.252
28587751,O[C@@H](C1=CC=CC=C1)C1=CC=CN=C1Cl,O[C@@H](c1ccccc1)c1cccnc1Cl,-1.53,291.63,219.671,219.671
28587754,O[C@@H](C1=CC=CC=C1)C1=CC=C(Cl)N=C1,O[C@@H](c1ccccc1)c1ccc(Cl)nc1,2.2,321.63,219.671,219.671
28587757,CC1=NC=CC(=C1)[C@@H](O)C1=CC=CC=C1,Cc1cc([C@@H](O)c2ccccc2)ccn1,10.19,130.8,199.253,199.253
28690654,COC(=O)[C@H](O)[C@@H](O)C(=O)OC1=CC=CC=C1,COC(=O)[C@H](O)[C@@H](O)C(=O)Oc1ccccc1,73.51,-267.75,240.211,-240.211
28690655,COC(=O)[C@H](O)[C@@H](O)C(=O)OC1=CC=C(C)C=C1,COC(=O)[C@H](O)[C@@H](O)C(=O)Oc1ccc(C)cc1,70.41,-108.5,254.238,-254.238
28690659,COC(=O)[C@H](O)[C@@H](O)C(=O)OC1=CC(C)=CC=C1,COC(=O)[C@H](O)[C@@H](O)C(=O)Oc1cccc(C)c1,74.51,-67.53,254.238,-254.238
28711722,[H][C@@]12CC[C@@]([H])(C1)C1=C2C2=CC=CC=C2C(=O)[C@@]1(C)OC,CO[C@]1(C)C(=O)c2ccccc2C2=C1[C@H]1CC[C@@H]2C1,2.4,-446.86,254.32899999999995,-254.32899999999995
28752038,CC(=C)[C@@H]1COC(C)(C)[C@H]1O,C=C(C)[C@@H]1COC(C)(C)[C@H]1O,-30.5,-182.47,156.225,-156.225
28752081,CC(=C)[C@@H]1COC[C@H]1O,C=C(C)[C@@H]1COC[C@H]1O,-20.0,48.95,128.171,128.171
28757871,[H][C@]12CC(=O)[C@]([H])(C1)[C@@H]([C@H]2N(=O)=O)C1=CC=C(C)C=C1,Cc1ccc([C@@H]2[C@@H]([N+](=O)[O-])[C@H]3CC(=O)[C@@H]2C3)cc1,65.4,-53.53,245.278,-245.278
28757872,[H][C@]12CC(=O)[C@]([H])(C1)[C@@H]([C@H]2N(=O)=O)C1=CC=C(F)C=C1,O=C1C[C@H]2C[C@@H]1[C@H](c1ccc(F)cc1)[C@H]2[N+](=O)[O-],70.0,-36.62,249.241,-249.241
28757881,[H][C@]12CC(=O)[C@]([H])(C1)[C@@H]([C@H]2N(=O)=O)C1=CC=CO1,O=C1C[C@H]2C[C@@H]1[C@H](c1ccco1)[C@H]2[N+](=O)[O-],81.2,112.58,221.212,221.212
28757886,[H][C@]12CC(=O)[C@]([H])(C1)[C@@H]([C@H]2N(=O)=O)C1=CC=CC=C1,O=C1C[C@H]2C[C@@H]1[C@H](c1ccccc1)[C@H]2[N+](=O)[O-],72.3,-52.51,231.251,-231.251
28757899,[H][C@]12CC(=O)[C@]([H])(C1)[C@H](C)[C@H]2C(=O)C1=CC=CC=C1,C[C@@H]1[C@@H](C(=O)c2ccccc2)[C@H]2CC(=O)[C@@H]1C2,83.6,105.41,228.291,228.291
28757901,[H][C@]12CC(=O)[C@]([H])(C1)[C@@H]([C@H]2C(C)=O)C1=CC=CC=C1,CC(=O)[C@H]1[C@H]2CC(=O)[C@H](C2)[C@@H]1c1ccccc1,42.2,-33.45,228.291,-228.291
28757902,[H][C@]12C[C@]([H])(CC1=O)C(C#N)(C#N)[C@H]2C1=CC=CC=C1,N#CC1(C#N)[C@H]2CC(=O)[C@H](C2)[C@@H]1c1ccccc1,25.0,57.23,236.274,236.274
28757905,[H][C@]12CC(=O)[C@]([H])(C1)[C@@H]([C@H]2C(=O)OC)C(=O)OC,COC(=O)[C@@H]1[C@@H](C(=O)OC)[C@H]2CC(=O)[C@@H]1C2,19.2,32.04,226.22799999999995,226.22799999999995
28791968,[H][C@@]1([C@@H](C)CC)N(CC2=CC=CC=C2)CCOC1=O,CC[C@H](C)[C@H]1C(=O)OCCN1Cc1ccccc1,72.0,113.12,247.338,247.338
28796981,[H][C@@]12CCCN[C@]1([H])C1=C(NC2)C=CC=C1,c1ccc2c(c1)NC[C@@H]1CCCN[C@H]21,-13.8,-3.15,188.274,-188.274
28796984,OCC1=CCCN[C@@H]1C1=CC=C(C=C1)N(=O)=O,O=[N+]([O-])c1ccc([C@H]2NCCC=C2CO)cc1,-186.0,-216.72,234.255,-234.255
28838435,COCC1=CSC(=N1)[C@@H](N)CC(C)C,COCc1csc([C@@H](N)CC(C)C)n1,-5.7,17.69,214.33399999999995,214.33399999999995
28838437,CC(C)C[C@H](N)C1=NC(COC(C)C)=CS1,CC(C)C[C@H](N)c1nc(COC(C)C)cs1,14.8,95.08,242.388,242.388
28897105,CC(C)[C@@H]1NC2(COC2)CNC1=O,CC(C)[C@@H]1NC2(CNC1=O)COC2,-112.8,-47.81,184.23899999999995,-184.23899999999995
28901684,CC(=O)OC[C@@H]1CCCO1,CC(=O)OC[C@@H]1CCCO1,24.0,-147.16,144.17,-144.17
28940188,[H][C@]1(O[C@@H]1\C=C\[C@@H]1O[C@]1([H])[C@H](O)C=C)[C@@H](C)O,C=C[C@@H](O)[C@H]1O[C@H]1/C=C/[C@H]1O[C@H]1[C@@H](C)O,-29.6,156.77,212.245,212.245
28961517,CCCCO[C@H](CCCC)C1=CC=CC=C1O,CCCCO[C@H](CCCC)c1ccccc1O,3.2,47.41,236.355,236.355
28961529,CO[C@H](C1=CC=CC=C1)C1=CC=CC=C1O,CO[C@H](c1ccccc1)c1ccccc1O,-56.7,482.78,214.264,214.264
28961531,CCO[C@H](C1=CC=CC=C1)C1=CC=CC=C1O,CCO[C@H](c1ccccc1)c1ccccc1O,-80.3,-569.28,228.291,-228.291
28961536,OC1=CC=CC=C1[C@H](OCC=C)C1=CC=CC=C1,C=CCO[C@H](c1ccccc1)c1ccccc1O,-67.4,325.96,240.302,240.302
28961537,CC(=C)CO[C@H](C1=CC=CC=C1)C1=CC=CC=C1O,C=C(C)CO[C@H](c1ccccc1)c1ccccc1O,-64.4,-605.94,254.329,-254.329
28961538,OC1=CC=CC=C1[C@H](OCCC#C)C1=CC=CC=C1,C#CCCO[C@H](c1ccccc1)c1ccccc1O,-72.7,-255.17,252.313,-252.313
28961539,CC(C)O[C@H](C1=CC=CC=C1)C1=CC=CC=C1O,CC(C)O[C@H](c1ccccc1)c1ccccc1O,-78.4,-592.64,242.318,-242.318
28961540,OC1=CC=CC=C1[C@H](OC1CCC1)C1=CC=CC=C1,Oc1ccccc1[C@H](OC1CCC1)c1ccccc1,-82.1,-383.68,254.329,-254.329
28967138,C[C@H](CCC1=CC=NC=C1)C(C)=O,CC(=O)[C@H](C)CCc1ccncc1,-0.8,126.47,177.247,177.247
28967273,CC[C@@](C)(O)CCC1=CC=NC=C1,CC[C@@](C)(O)CCc1ccncc1,4.3,-1.26,179.263,-179.263
28983811,C[C@@H]1CC2=CC=CC=C2N[C@@H]1C1=CC=C(C)C=C1,Cc1ccc([C@H]2Nc3ccccc3C[C@H]2C)cc1,21.8,-242.04,237.346,-237.346
28983812,COC1=CC=C(C=C1)[C@H]1NC2=CC=CC=C2C[C@H]1C,COc1ccc([C@H]2Nc3ccccc3C[C@H]2C)cc1,18.3,-214.35,253.345,-253.345
28983813,C[C@@H]1CC2=CC=CC=C2N[C@@H]1C1=CC=CO1,C[C@@H]1Cc2ccccc2N[C@@H]1c1ccco1,95.1,-231.65,213.28,-213.28
28983814,C[C@@H]1CC2=CC=CC=C2N[C@@H]1C1=CC=CS1,C[C@@H]1Cc2ccccc2N[C@@H]1c1cccs1,105.7,-303.66,229.348,-229.348
28983815,CC[C@@H]1CC2=CC=CC=C2N[C@@H]1C1=CC=CC=C1,CC[C@@H]1Cc2ccccc2N[C@@H]1c1ccccc1,59.2,-248.68,237.346,-237.346
28983816,CCC[C@@H]1CC2=CC=CC=C2N[C@@H]1C1=CC=CC=C1,CCC[C@@H]1Cc2ccccc2N[C@@H]1c1ccccc1,66.9,-254.62,251.373,-251.373
29051272,COC(=O)[C@@]1(F)CC\C(=C/C2=CC=CC=C2)C1=O,COC(=O)[C@@]1(F)CC/C(=C\c2ccccc2)C1=O,-457.3,-432.22,248.25300000000004,-248.25300000000004
29054624,O=S1(=O)CC[C@H](COCC2=CC=CC=C2)O1,O=S1(=O)CC[C@H](COCc2ccccc2)O1,-16.4,-91.88,242.296,-242.296
29054686,C[C@@H]1CCS(=O)(=O)O1,C[C@@H]1CCS(=O)(=O)O1,1.42,-50.02,136.172,-136.172
29054689,CC[C@@H]1CCS(=O)(=O)O1,CC[C@@H]1CCS(=O)(=O)O1,16.5,8.13,150.19899999999998,150.19899999999998
29142334,CCCCCC#C[C@@H](O)[C@@H](CC=C)C(OC)OC,C=CC[C@@H](C(OC)OC)[C@H](O)C#CCCCCC,11.42,-263.93,254.36999999999992,-254.36999999999992
29142336,COC(OC)[C@H](CC=C)[C@H](O)C#CCC(C)C,C=CC[C@@H](C(OC)OC)[C@H](O)C#CCC(C)C,14.3,22.12,240.343,240.343
29142348,OC[C@H](CC=C)[C@H](O)C#CC1=CC=CC=C1,C=CC[C@@H](CO)[C@H](O)C#Cc1ccccc1,-6.88,327.92,216.28,216.28
29142350,CCCCCC#C[C@@H](O)[C@H](CO)CC=C,C=CC[C@@H](CO)[C@H](O)C#CCCCCC,-11.57,204.2,210.31699999999992,210.31699999999992
29158818,C[C@H](CC1=CC=CS1)OC(C)=O,CC(=O)O[C@H](C)Cc1cccs1,7.0,-180.88,184.26,-184.26
29164113,CC1=C([C@H](CN(=O)=O)C2=CC=CC=C2)C(O)=NN1,Cc1[nH]nc(O)c1[C@H](C[N+](=O)[O-])c1ccccc1,-105.2,-346.51,247.254,-247.254
29189013,[H][C@]12CCC[C@@]1([H])[C@H](N=C2)C(=O)OC(C)C,CC(C)OC(=O)[C@H]1N=C[C@H]2CCC[C@@H]12,160.0,-32.53,195.262,-195.262
29242043,CON(C)C(=O)CCC[C@@H](O)C1=CC=C(C)C=C1,CON(C)C(=O)CCC[C@@H](O)c1ccc(C)cc1,28.2,0.49,251.326,251.326
29242047,CON(C)C(=O)CCC[C@@H](O)C1=CC=C(F)C=C1,CON(C)C(=O)CCC[C@@H](O)c1ccc(F)cc1,29.2,-79.97,255.289,-255.289
29242049,CON(C)C(=O)CCC[C@@H](O)C1=CC(C)=CC=C1,CON(C)C(=O)CCC[C@@H](O)c1cccc(C)c1,25.9,55.31,251.326,251.326
29242050,CON(C)C(=O)CCC[C@@H](O)C1=CC=CC=C1C,CON(C)C(=O)CCC[C@@H](O)c1ccccc1C,44.5,122.29,251.326,251.326
29242053,CON(C)C(=O)CCC[C@@H](O)C1=CC=CS1,CON(C)C(=O)CCC[C@@H](O)c1cccs1,11.8,480.45,243.328,243.328
29242054,CC[C@@H](O)CCCC(=O)N(C)OC,CC[C@@H](O)CCCC(=O)N(C)OC,-0.8,222.11,189.255,189.255
29242056,CON(C)C(=O)CCC[C@@H](O)CC1=CC=CC=C1,CON(C)C(=O)CCC[C@@H](O)Cc1ccccc1,0.6,85.59,251.326,251.326
29242060,CON(C)C(=O)CCC[C@@H](O)C1=CC=CC=C1,CON(C)C(=O)CCC[C@@H](O)c1ccccc1,26.8,219.78,237.299,237.299
29298889,C[C@@]1(C[C@@H](O)C=C1)OCC#C,C#CCO[C@]1(C)C=C[C@H](O)C1,23.1,19.66,152.19299999999996,152.19299999999996
29298890,[H][C@@]12C[C@]3(C)OCC(=O)[C@]3([H])[C@]1([H])C[C@H](OCC)O2,CCO[C@H]1C[C@H]2[C@H]3C(=O)CO[C@@]3(C)C[C@H]2O1,-159.1,-237.22,226.272,-226.272
29298891,[H][C@@]12C[C@]3(C)OCC(=O)[C@]3([H])[C@]1([H])C[C@@H](OCC)O2,CCO[C@@H]1C[C@H]2[C@H]3C(=O)CO[C@@]3(C)C[C@H]2O1,23.4,183.64,226.272,226.272
29338903,[H][C@@]12C[C@@]([H])(C=C1)[C@@]1([H])[C@H](CC=C)O[C@H](CO)[C@@]21[H],C=CC[C@@H]1O[C@H](CO)[C@@H]2[C@H]1[C@@H]1C=C[C@H]2C1,-5.7,-200.66,206.285,-206.285
29412942,FC1=CC(=CC=C1)[C@@]1(CC=C)CCCCC1=O,C=CC[C@]1(c2cccc(F)c2)CCCCC1=O,297.5,2.87,232.2979999999999,232.2979999999999
29437021,C\C=C(/C)C[C@H](C)\C=C\C[C@H](C)C[C@H](C)CO,C/C=C(\C)C[C@H](C)/C=C/C[C@H](C)C[C@H](C)CO,-4.9,-56.04,238.41499999999996,-238.41499999999996
29451596,CCC[C@H](O)C#CC(=O)OC,CCC[C@H](O)C#CC(=O)OC,-5.75,-58.73,156.18099999999998,-156.18099999999998
29472291,C[C@@H](OCCCCN=N#N)C1=CC=NC=C1,C[C@@H](OCCCCN=[N+]=[N-])c1ccncc1,63.0,-57.62,220.27600000000004,-220.27600000000004
29472293,C[C@@H](OCCCCCCN=N#N)C1=CC=NC=C1,C[C@@H](OCCCCCCN=[N+]=[N-])c1ccncc1,58.0,363.59,248.33000000000004,248.33000000000004
29490077,CCCCCCCCCC[C@H](CC=C)OC(C)=O,C=CC[C@@H](CCCCCCCCCC)OC(C)=O,14.5,-2.31,254.41399999999996,-254.41399999999996
29500326,CC(C)(C)C1=CC=C(C=C1)[C@@H]1CS1,CC(C)(C)c1ccc([C@@H]2CS2)cc1,-3.9,235.98,192.327,192.327
29500328,FC1=CC=C(C=C1)[C@@H]1CS1,Fc1ccc([C@@H]2CS2)cc1,-23.8,317.21,154.209,154.209
29500329,BrC1=CC=C(C=C1)[C@@H]1CS1,Brc1ccc([C@@H]2CS2)cc1,18.0,229.05,215.115,215.115
29500332,N#CC1=CC=C(C=C1)[C@@H]1CS1,N#Cc1ccc([C@@H]2CS2)cc1,38.6,288.49,161.22899999999998,161.22899999999998
29500333,COC1=CC=CC(=C1)[C@@H]1CS1,COc1cccc([C@@H]2CS2)c1,-36.0,217.56,166.24499999999998,166.24499999999998
29500334,FC1=CC=CC(=C1)[C@@H]1CS1,Fc1cccc([C@@H]2CS2)c1,-25.8,273.71,154.209,154.209
29500338,CC1=CC(=CC(F)=C1)[C@@H]1CS1,Cc1cc(F)cc([C@@H]2CS2)c1,35.6,365.79,168.236,168.236
29500339,ClC1=C(C=CC=C1)[C@@H]1CS1,Clc1ccccc1[C@@H]1CS1,150.0,-3.33,170.66399999999996,-170.66399999999996
29500341,CC1=CC(C)=C([C@@H]2CS2)C(C)=C1,Cc1cc(C)c([C@@H]2CS2)c(C)c1,168.0,216.39,178.29999999999998,178.29999999999998
29500342,[H][C@]12CCC3=CC=CC=C3[C@@]1([H])S2,c1ccc2c(c1)CC[C@@H]1S[C@H]21,38.0,145.84,162.25699999999998,162.25699999999998
29554997,C[C@@H]1ON(C)[C@@H]([C@H]1\C=C\C=O)C1=C(C)C=CC=C1,Cc1ccccc1[C@@H]1[C@@H](/C=C/C=O)[C@H](C)ON1C,-72.0,-137.11,245.322,-245.322
29588342,C[C@H]1CC(=O)C=C2C[C@@H](O)[C@@H](C[C@]12C)C(=C)CO,C=C(CO)[C@@H]1C[C@@]2(C)C(=CC(=O)C[C@@H]2C)C[C@H]1O,-140.0,22.62,250.338,250.338
29588343,C[C@H]1C[C@@H](O)C=C2C[C@@H](O)[C@@H](C[C@]12C)C(=C)CO,C=C(CO)[C@@H]1C[C@@]2(C)C(=C[C@H](O)C[C@@H]2C)C[C@H]1O,-52.5,69.03,252.354,252.354
29588376,C[C@H]1C[C@@H](O)CC2=CC(=O)[C@@H](C[C@]12C)C(C)=C,C=C(C)[C@@H]1C[C@@]2(C)C(=CC1=O)C[C@H](O)C[C@@H]2C,120.0,37.93,234.339,234.339
29598487,CC(C)[C@H](N)C1=NC(=CO1)C(N)=O,CC(C)[C@H](N)c1nc(C(N)=O)co1,-18.0,76.12,183.211,183.211
29609101,COC1=CC=C(C=C1)[C@@H](O)C1=C(OC)C=CC=C1,COc1ccc([C@@H](O)c2ccccc2OC)cc1,25.37,32.04,244.29,244.29
29695994,C[C@H](CO)[C@@H](O)C=C,C=C[C@H](O)[C@H](C)CO,-19.77,-95.72,116.15999999999998,-116.15999999999998
29695998,C[C@@H]([C@@H](O[Si](C)(C)C(C)(C)C)C=C)C(O)=O,C=C[C@H](O[Si](C)(C)C(C)(C)C)[C@H](C)C(=O)O,-3.59,27.09,244.407,244.407
29696002,C[C@@H]([C@@H](O)CC=C)C(O)=O,C=CC[C@H](O)[C@H](C)C(=O)O,-3.12,-102.8,144.17,-144.17
29701336,[H][C@]1(O[C@H]1\C=C\COC(C)=O)[C@]1([H])O[C@H]1C#C,C#C[C@@H]1O[C@H]1[C@@H]1O[C@H]1/C=C/COC(C)=O,-45.3,-397.19,208.21299999999997,-208.21299999999997
29722245,C[C@H](OC(C)=O)C#CC(=O)OC(C)(C)C,CC(=O)O[C@@H](C)C#CC(=O)OC(C)(C)C,-117.0,27.72,212.245,212.245
29722247,C[C@H](O)C#CC(=O)OC(C)(C)C,C[C@H](O)C#CC(=O)OC(C)(C)C,-31.8,-24.12,170.20799999999997,-170.20799999999997
29734710,[H][C@@]12CCCN[C@]1([H])C1=C(OC2)C=CC=C1,c1ccc2c(c1)OC[C@@H]1CCCN[C@H]21,-29.2,-98.88,189.25799999999995,-189.25799999999995
29753390,C[C@@](F)(C=O)[C@H](CN(=O)=O)C1=CC=CC=C1,C[C@@](F)(C=O)[C@H](C[N+](=O)[O-])c1ccccc1,-16.0,4.95,225.219,225.219
29753397,C[C@H]([C@H](C1=CC=CC=C1)[C@](C)(F)C=O)N(=O)=O,C[C@H]([C@H](c1ccccc1)[C@](C)(F)C=O)[N+](=O)[O-],5.0,-23.29,239.24599999999995,-239.24599999999995
29753410,C[C@@](F)(CO)[C@H](CN(=O)=O)C1=CC=CC=C1,C[C@@](F)(CO)[C@H](C[N+](=O)[O-])c1ccccc1,-9.6,-15.49,227.235,-227.235
29753435,C[C@@]1(F)CNC[C@@H]1C1=CC=CC=C1,C[C@@]1(F)CNC[C@@H]1c1ccccc1,-55.0,-150.52,179.238,-179.238
29753436,C[C@]1(F)CNC[C@@H]1C1=CC=CC=C1,C[C@]1(F)CNC[C@@H]1c1ccccc1,21.0,-58.83,179.238,-179.238
29767464,CC1=CC=C(O[C@H](CCO)C2=CC=CC=C2)C=C1,Cc1ccc(O[C@H](CCO)c2ccccc2)cc1,27.0,5.81,242.31800000000004,242.31800000000004
29767465,CC1=CC=CC(O[C@H](CCO)C2=CC=CC=C2)=C1,Cc1cccc(O[C@H](CCO)c2ccccc2)c1,14.0,-23.87,242.318,-242.318
29767472,OCC[C@@H](OC1=CC=C(F)C=C1)C1=CC=CC=C1,OCC[C@@H](Oc1ccc(F)cc1)c1ccccc1,23.0,121.7,246.281,246.281
29767476,OCC[C@@H](OC1=CC=CC=C1)C1=CC(F)=CC=C1,OCC[C@@H](Oc1ccccc1)c1cccc(F)c1,13.0,148.74,246.281,246.281
29803723,CC[C@H](CO)[C@@H](O)C1=CC=CC(OC)=C1,CC[C@H](CO)[C@@H](O)c1cccc(OC)c1,22.6,64.47,210.273,210.273
29809351,N[C@H](C(F)(F)F)[C@]1(F)C(=O)NC2=CC=CC=C12,N[C@H](C(F)(F)F)[C@]1(F)C(=O)Nc2ccccc21,8.6,50.8,248.17900000000003,248.17900000000003
29881180,C[C@H](O)CN1C=C(C)C2=CC=CC=C12,Cc1cn(C[C@H](C)O)c2ccccc12,14.5,160.25,189.258,189.258
29886885,CC(C)(C)OC(=O)[C@@H]1N=CO[C@H]1C1=CC=CO1,CC(C)(C)OC(=O)[C@@H]1N=CO[C@H]1c1ccco1,-136.3,-238.92,237.255,-237.255
29886887,CC(C)(C)OC(=O)[C@@H]1N=CO[C@H]1C1=CC=CS1,CC(C)(C)OC(=O)[C@@H]1N=CO[C@H]1c1cccs1,-110.1,-145.24,253.323,-253.323
29886893,CC(C)(C)OC(=O)[C@@H]1N=CO[C@H]1C1CCCCC1,CC(C)(C)OC(=O)[C@@H]1N=CO[C@H]1C1CCCCC1,-18.2,-272.26,253.34199999999996,-253.34199999999996
29910155,CCCCC[C@@H](O)C#CC(=O)OC,CCCCC[C@@H](O)C#CC(=O)OC,5.6,5.27,184.235,184.235
29962243,C[C@@H]1CCN(CC2=CC=CC=C2)CC(=O)N1,C[C@@H]1CCN(Cc2ccccc2)CC(=O)N1,-4.7,66.8,218.3,218.3
29962254,C[C@@H]1CCN(CC2=CC=CC=C2)C(=O)CN1,C[C@@H]1CCN(Cc2ccccc2)C(=O)CN1,-4.62,-78.86,218.3,-218.3
30022066,CC(C)[C@H]1CC[C@](C)([C@@H]1O)C1OCCO1,CC(C)[C@H]1CC[C@@](C)(C2OCCO2)[C@@H]1O,25.2,101.62,214.305,214.305
30024094,COC[C@@H]1OC(C)(C)O[C@H]1C(=O)OC,COC[C@@H]1OC(C)(C)O[C@H]1C(=O)OC,-15.5,22.57,204.222,204.222
30024098,COC(=O)[C@]1(CO)OC(C)(C)O[C@H]1CO,COC(=O)[C@]1(CO)OC(C)(C)O[C@H]1CO,6.1,1.97,220.221,220.221
30024136,COC[C@@H]1OC(C)(C)O[C@H]1C(O)=O,COC[C@@H]1OC(C)(C)O[C@H]1C(=O)O,-1.2,28.98,190.195,190.195
30032136,COC1=CC=C(C=C1)[C@]1(O)COC2=CC=CC=C12,COc1ccc([C@]2(O)COc3ccccc32)cc1,-41.5,-21.42,242.274,-242.274
30054933,C[C@@H]1CC(CO1)(C1=CC=CC=C1)C1=CC=CC=C1,C[C@@H]1CC(c2ccccc2)(c2ccccc2)CO1,-45.9,-350.05,238.33,-238.33
30069024,C[C@]12N=C3CCCCC3=C1C=CC1=CC=CC=C21,C[C@]12N=C3CCCCC3=C1C=Cc1ccccc12,621.0,1188.42,235.33,235.33
30069028,C[C@@]12N=C3CCCCCC3=C1C=CC1=CC=CC=C21,C[C@@]12N=C3CCCCCC3=C1C=Cc1ccccc12,-435.0,-1678.23,249.35700000000003,-249.35700000000003
30069031,C[C@@]12N=C3CCSCC3=C1C=CC1=CC=CC=C21,C[C@@]12N=C3CCSCC3=C1C=Cc1ccccc12,-662.0,-1647.47,253.37000000000003,-253.37000000000003
30069092,C[C@@]12C=CC3=C(C=CC=C3)C1=NC1=C2CCCC1,C[C@@]12C=Cc3ccccc3C1=NC1=C2CCCC1,-40.0,191.39,235.32999999999996,235.32999999999996
30071478,C=CCN1C[C@@H](C=C)N2C(=CC3=CC=CC=C23)C1=O,C=CCN1C[C@@H](C=C)n2c(cc3ccccc32)C1=O,29.7,476.78,252.317,252.317
30096418,CC(=O)[C@]1(C)C(=O)OC2=CC=CC=C12,CC(=O)[C@]1(C)C(=O)Oc2ccccc21,-37.9,423.89,190.198,190.198
30104443,C[C@H](O)C1(CC1)C1=CC=CC=C1,C[C@H](O)C1(c2ccccc2)CC1,-22.6,-11.72,162.23199999999994,-162.23199999999994
30131014,COC(=O)C#C[C@@H](O)C=C,C=C[C@H](O)C#CC(=O)OC,33.7,-234.17,140.13799999999998,-140.13799999999998
30132521,CC1=C(O[C@@H](CC#N)C2=CC=CC=C2)C=CC=C1,Cc1ccccc1O[C@@H](CC#N)c1ccccc1,64.6,151.65,237.302,237.302
30132543,CO[C@H](CC#N)C1=CC=CC=C1,CO[C@H](CC#N)c1ccccc1,-88.4,160.8,161.204,161.204
30132545,CC(C)O[C@@H](CC#N)C1=CC=CC=C1,CC(C)O[C@@H](CC#N)c1ccccc1,-72.0,-175.18,189.25800000000004,-189.25800000000004
30132547,FC(F)(F)CO[C@@H](CC#N)C1=CC=CC=C1,N#CC[C@H](OCC(F)(F)F)c1ccccc1,-83.6,-85.93,229.201,-229.201
30132551,N#CC[C@H](N1C=CC=C1)C1=CC=CC=C1,N#CC[C@@H](c1ccccc1)n1cccc1,32.6,-203.19,196.253,-196.253
30132556,CCOC(=O)C[C@@H](C)OC1=CC=CC=C1,CCOC(=O)C[C@@H](C)Oc1ccccc1,10.8,77.15,208.257,208.257
30134578,CC(=O)N[C@H](CN(=O)=O)C1=CC=C(Cl)C=C1,CC(=O)N[C@H](C[N+](=O)[O-])c1ccc(Cl)cc1,70.0,31.05,242.662,242.662
30134579,CC(=O)N[C@H](CN(=O)=O)C1=CC=C(F)C=C1,CC(=O)N[C@H](C[N+](=O)[O-])c1ccc(F)cc1,54.5,-12.78,226.207,-226.207
30151652,CCCCCCC[C@H](CC)CO,CCCCCCC[C@H](CC)CO,-1.5,44.37,172.31199999999998,172.31199999999998
30151654,CC[C@H](CO)C1CCCCCCC1,CC[C@H](CO)C1CCCCCCC1,2.5,123.74,184.32299999999992,184.32299999999992
30151656,OCC[C@H](CO)C1CCCCCCC1,OCC[C@H](CO)C1CCCCCCC1,-7.5,58.82,200.32199999999992,200.32199999999992
30210439,C[C@@H](COCCO)CC(=O)N1N=C(C)C=C1C,Cc1cc(C)n(C(=O)C[C@@H](C)COCCO)n1,14.5,15.25,240.303,240.303
30210440,CC[C@@H](COCCO)CC(=O)N1N=C(C)C=C1C,CC[C@@H](COCCO)CC(=O)n1nc(C)cc1C,14.0,29.88,254.33,254.33
30228450,CC(C)[C@H](N)C1=NC(=CO1)C1=NC(C)(C)CO1,CC(C)[C@H](N)c1nc(C2=NC(C)(C)CO2)co1,5.0,-1.11,237.303,-237.303
30228451,CN[C@@H](C(C)C)C1=NC(=CO1)C1=NC(C)(C)CO1,CN[C@H](c1nc(C2=NC(C)(C)CO2)co1)C(C)C,-38.0,4.38,251.33,251.33
30267319,CC[C@@H]1CCC2=C1C=C(OC)C=C2,CC[C@@H]1CCc2ccc(OC)cc21,-10.04,-56.0,176.259,-176.259
30286778,CN1C=CN=C1[C@](O)(C#CC1CC1)C(F)(F)F,Cn1ccnc1[C@](O)(C#CC1CC1)C(F)(F)F,48.7,-148.96,244.21599999999992,-244.21599999999992
30332170,CC[C@@H]1CCC2=C(OC)C=CC=C12,CC[C@@H]1CCc2c(OC)cccc21,-9.6,-35.17,176.259,-176.259
30339548,CCCC[C@@H]1[C@@H](O)CCC[C@@]11CCCC(=O)N1,CCCC[C@@H]1[C@@H](O)CCC[C@@]12CCCC(=O)N2,71.03,118.65,239.35899999999992,239.35899999999992
30349885,OCC[C@H]1O[C@H]1C\C=C/CC=C,C=CC/C=C\C[C@@H]1O[C@@H]1CCO,12.7,305.8,168.23599999999996,168.23599999999996
30352769,C[C@H](F)CNS(=O)(=O)C1=CC=C(C)C=C1,Cc1ccc(S(=O)(=O)NC[C@H](C)F)cc1,77.7,172.94,231.292,231.292
30382638,C\C(C=C)=C/[C@H]1CCCO[C@@H]1C1=CC=C(C)C=C1,C=C/C(C)=C/[C@H]1CCCO[C@@H]1c1ccc(C)cc1,3.74,37.56,242.362,242.362
30382711,C\C(C=C)=C/[C@H]1CCO[C@@H]1C1=CC=CC=C1,C=C/C(C)=C/[C@H]1CCO[C@@H]1c1ccccc1,89.4,69.19,214.308,214.308
30382712,C\C(C=C)=C/[C@H]1CCO[C@@H]1C1=CC=C(F)C=C1,C=C/C(C)=C/[C@H]1CCO[C@@H]1c1ccc(F)cc1,74.8,61.44,232.298,232.298
30382713,C\C(C=C)=C/[C@H]1CCO[C@@H]1C1=CC=C(C=C1)C#C,C#Cc1ccc([C@H]2OCC[C@@H]2/C=C(\C)C=C)cc1,138.2,130.52,238.33,238.33
30382714,C\C(C=C)=C/[C@H]1CCO[C@@H]1C1=CC=CC(C=C)=C1,C=C/C(C)=C/[C@H]1CCO[C@@H]1c1cccc(C=C)c1,65.6,262.87,240.346,240.346
30382715,C\C(C=C)=C/[C@H]1CCO[C@@H]1C1=CC=CC(C)=C1,C=C/C(C)=C/[C@H]1CCO[C@@H]1c1cccc(C)c1,85.0,-89.12,228.335,-228.335
30382716,C\C(C=C)=C/[C@H]1CCO[C@@H]1C1=CC=C(C)C(C)=C1,C=C/C(C)=C/[C@H]1CCO[C@@H]1c1ccc(C)c(C)c1,82.6,-24.96,242.362,-242.362
30382717,C\C(C=C)=C/[C@H]1CCO[C@@H]1C1=COC=C1,C=C/C(C)=C/[C@H]1CCO[C@@H]1c1ccoc1,55.8,-69.07,204.269,-204.269
30382719,C\C(C=C)=C/[C@H]1CCO[C@@H]1C1=CC=CS1,C=C/C(C)=C/[C@H]1CCO[C@@H]1c1cccs1,97.5,56.25,220.337,220.337
30382723,C\C(C=C)=C/[C@H]1CCO[C@@H]1\C=C\C1=CC=CC=C1,C=C/C(C)=C/[C@H]1CCO[C@@H]1/C=C/c1ccccc1,93.2,102.11,240.34600000000003,240.34600000000003
30382725,CC1=CC=C(C=C1)[C@H]1OCC[C@@H]1\C=C\C=C,C=C/C=C/[C@H]1CCO[C@@H]1c1ccc(C)cc1,89.6,-4.61,214.308,-214.308
30382727,CC(=C)\C=C\[C@H]1CCO[C@@H]1C1=CC=C(C)C=C1,C=C(C)/C=C/[C@H]1CCO[C@@H]1c1ccc(C)cc1,90.8,60.64,228.335,228.335
30382729,CC\C(C=C)=C/[C@H]1CCO[C@@H]1C1=CC=C(C)C=C1,C=C/C(=C/[C@H]1CCO[C@@H]1c1ccc(C)cc1)CC,88.4,-76.54,242.362,-242.362
30382731,C\C=C\C(\C)=C\[C@H]1CCO[C@@H]1C1=CC=C(C)C=C1,C/C=C/C(C)=C/[C@H]1CCO[C@@H]1c1ccc(C)cc1,138.7,187.14,242.362,242.362
30382733,CC(=C)\C=C\[C@@]1(C)CCO[C@@H]1C1=CC=C(C)C=C1,C=C(C)/C=C/[C@@]1(C)CCO[C@@H]1c1ccc(C)cc1,69.7,138.74,242.362,242.362
30382736,CC1=CC=C(C=C1)[C@H]1OCC[C@@H]1\C=C1/CCCC=C1,Cc1ccc([C@H]2OCC[C@@H]2/C=C2/C=CCCC2)cc1,13.1,-280.71,254.373,-254.373
30382737,C[C@@H]1CO[C@@H]([C@H]1\C=C(/C)C=C)C1=CC=C(C)C=C1,C=C/C(C)=C/[C@H]1[C@H](C)CO[C@@H]1c1ccc(C)cc1,41.4,42.88,242.362,242.362
30382738,C[C@H]1C[C@H](\C=C(/C)C=C)[C@H](O1)C1=CC=C(C)C=C1,C=C/C(C)=C/[C@H]1C[C@H](C)O[C@@H]1c1ccc(C)cc1,96.8,169.67,242.362,242.362
30382739,C\C(C=C)=C/[C@H]1CCO[C@H]1CCC1=CC=CC=C1,C=C/C(C)=C/[C@H]1CCO[C@H]1CCc1ccccc1,-62.3,-389.12,242.362,-242.362
30382742,CCCC[C@@H]1OCC[C@@H]1\C=C(/C)C=C,C=C/C(C)=C/[C@H]1CCO[C@H]1CCCC,-20.9,242.06,194.318,194.318
30382744,CC(C)C[C@@H]1OCC[C@@H]1\C=C(/C)C=C,C=C/C(C)=C/[C@H]1CCO[C@H]1CC(C)C,-31.2,90.79,194.318,194.318
30382747,C\C(C=C)=C/[C@H]1CCO[C@H]1C1CCCCC1,C=C/C(C)=C/[C@H]1CCO[C@H]1C1CCCCC1,23.66,59.14,220.35599999999997,220.35599999999997
30382749,C\C(C=C)=C/[C@H]1CCO[C@H]1C(C)(C)C,C=C/C(C)=C/[C@H]1CCO[C@H]1C(C)(C)C,57.5,79.51,194.318,194.318
30382752,C\C(C=C)=C/[C@H]1CCO[C@@H]1C1=CC=C(C)C=C1,C=C/C(C)=C/[C@H]1CCO[C@@H]1c1ccc(C)cc1,87.4,1.52,228.335,228.335
30382754,C\C(C=C)=C/[C@H]1CCO[C@@H]1C1=CC=C(Cl)C=C1,C=C/C(C)=C/[C@H]1CCO[C@@H]1c1ccc(Cl)cc1,99.0,100.21,248.753,248.753
30382757,C\C(C=C)=C/[C@H]1CCO[C@@H]1C1=CC(C)=CC(C)=C1,C=C/C(C)=C/[C@H]1CCO[C@@H]1c1cc(C)cc(C)c1,71.1,-37.05,242.362,-242.362
30382759,C\C(C=C)=C/[C@H]1CCO[C@@H]1C1=CC=CO1,C=C/C(C)=C/[C@H]1CCO[C@@H]1c1ccco1,108.7,191.67,204.269,204.269
30382762,C\C(C=C)=C/[C@H]1CCO[C@@H]1C1=CSC=C1,C=C/C(C)=C/[C@H]1CCO[C@@H]1c1ccsc1,74.8,-35.98,220.337,-220.337
30382764,C\C(C=C)=C/[C@H]1CCO[C@@H]1C1=CC=C(C)O1,C=C/C(C)=C/[C@H]1CCO[C@@H]1c1ccc(C)o1,124.5,-129.74,218.296,-218.296
30391808,[H][C@]12C[C@@]3(C)O[C@]1(CC(=O)O2)CC1=C(C)C(=O)C[C@@]31[H],CC1=C2C[C@]34CC(=O)O[C@H]3C[C@@](C)(O4)[C@@H]2CC1=O,99.0,199.53,248.278,248.278
30450452,CC1=CC=C(C=C1)[C@@H](CN(=O)=O)C1=C(C)C=CC=C1,Cc1ccc([C@@H](C[N+](=O)[O-])c2ccccc2C)cc1,-57.2,369.01,255.31700000000004,255.31700000000004
30470892,COC1=CC2=C(C=C1)C=C(C=C2)[C@@H](O)CC=C,C=CC[C@H](O)c1ccc2cc(OC)ccc2c1,-57.2,108.01,228.291,228.291
30472358,C[C@H](F)C(=O)C1=NC=CN1C1=CC=CC=C1,C[C@H](F)C(=O)c1nccn1-c1ccccc1,21.649,869.51,218.231,218.231
30472359,CN1C=CN=C1C(=O)[C@@H](F)C1=CC=CC=C1,Cn1ccnc1C(=O)[C@@H](F)c1ccccc1,203.15,-67.22,218.231,-218.231
30472361,C[C@H](F)C(=O)C1=NC2=CC=CC=C2C=C1,C[C@H](F)C(=O)c1ccc2ccccc2n1,-63.0,-225.7,203.216,-203.216
30472364,CC[C@H](F)C(=O)C1=NC=CN1C1=CC=CC=C1,CC[C@H](F)C(=O)c1nccn1-c1ccccc1,39.0,859.52,232.258,232.258
30472367,CC(C)N1C=CN=C1C(=O)[C@@H](F)C1=CC=CC=C1,CC(C)n1ccnc1C(=O)[C@@H](F)c1ccccc1,150.0,151.94,246.285,246.285
30498022,[H][C@@]1(CC(=O)C=C1C)[C@]1(C)CC(=O)NC1=O,CC1=CC(=O)C[C@@H]1[C@]1(C)CC(=O)NC1=O,-112.0,-42.02,207.229,-207.229
30498023,[H][C@@]1(CC(=O)C=C1C)[C@]1(C)CC(=O)N(C)C1=O,CC1=CC(=O)C[C@@H]1[C@]1(C)CC(=O)N(C)C1=O,-265.0,-225.69,221.256,-221.256
30498034,CN1C(=O)C[C@@](C)(C2=CC(=O)CC2)C1=O,CN1C(=O)C[C@@](C)(C2=CC(=O)CC2)C1=O,-10.0,-10.75,207.229,-207.229
30528391,CC(C)(C)OC(=O)N[C@@H]1CC=CC2=CC=CC=C12,CC(C)(C)OC(=O)N[C@@H]1CC=Cc2ccccc21,52.02,-65.48,245.322,-245.322
30544531,C[C@]1(CC=C)[C@H](O)COC1=O,C=CC[C@]1(C)C(=O)OC[C@H]1O,-12.0,-13.18,156.18099999999998,-156.18099999999998
30623065,[H][C@]12COC(=O)C(C)=C1CC[C@@]2(C)O,CC1=C2CC[C@@](C)(O)[C@H]2COC1=O,100.62,95.19,182.219,182.219
30623066,[H][C@]12CC[C@@](C)(O)[C@@]1([H])COC(=O)[C@H]2C,C[C@@H]1C(=O)OC[C@H]2[C@@H]1CC[C@@]2(C)O,166.8,136.99,184.235,184.235
30753744,CON(C)C(=O)C[C@H](O)CC\C(C)=C\C=C,C=C/C=C(\C)CC[C@@H](O)CC(=O)N(C)OC,42.4,-366.14,227.30399999999997,-227.30399999999997
30768396,C[C@H](NC(=O)N(C)C1=CC=CC=C1)C1=CC=CN=C1,C[C@H](NC(=O)N(C)c1ccccc1)c1cccnc1,90.0,-208.68,255.32100000000003,-255.32100000000003
30792852,FC(F)(F)[S@@](=O)C1=CC=CC=C1,O=[S@@](c1ccccc1)C(F)(F)F,197.0,316.09,194.17699999999996,194.17699999999996
30796979,C[C@]1(C(=O)OCC=C)C(=O)OC2=C1C=CC=C2,C=CCOC(=O)[C@@]1(C)C(=O)Oc2ccccc21,-46.3,-375.3,232.235,-232.235
30796980,CC[C@]1(C(=O)OCC=C)C(=O)OC2=C1C=CC=C2,C=CCOC(=O)[C@@]1(CC)C(=O)Oc2ccccc21,-3.9,-190.38,246.262,-246.262
30796984,CC1=CC2=C(OC(=O)[C@]2(C)C(=O)OCC=C)C=C1,C=CCOC(=O)[C@@]1(C)C(=O)Oc2ccc(C)cc21,-5.0,-316.25,246.262,-246.262
30796985,CC1=CC2=C(C=C1)[C@@](C)(C(=O)OCC=C)C(=O)O2,C=CCOC(=O)[C@@]1(C)C(=O)Oc2cc(C)ccc21,-25.9,-209.17,246.262,-246.262
30796986,CC1=CC=CC2=C1OC(=O)[C@]2(C)C(=O)OCC=C,C=CCOC(=O)[C@@]1(C)C(=O)Oc2c(C)cccc21,-104.1,-396.47,246.262,-246.262
30802721,CC(C)C[C@@H](CCC=C)NS(C)(=O)=O,C=CCC[C@H](CC(C)C)NS(C)(=O)=O,40.5,-175.56,219.35,-219.35
30802723,CC[C@H](C)[C@@H](CCC=C)NS(C)(=O)=O,C=CCC[C@@H](NS(C)(=O)=O)[C@@H](C)CC,8.97,136.82,219.35,219.35
30802727,CC(C)C[C@H]1CC[C@H](C)N1S(C)(=O)=O,CC(C)C[C@H]1CC[C@H](C)N1S(C)(=O)=O,62.3,131.9,219.35,219.35
30802728,[H][C@@]1(CC[C@H](C)N1S(C)(=O)=O)[C@@H](C)CC,CC[C@H](C)[C@H]1CC[C@H](C)N1S(C)(=O)=O,75.3,117.87,219.35,219.35
30862770,C[C@@H](N\C(C)=C(\C)C(C)=O)C1=CC=CC=C1,CC(=O)/C(C)=C(/C)N[C@H](C)c1ccccc1,-629.0,245.59,217.312,217.312
30862772,CC[C@@H](N\C(C)=C(\C)C(C)=O)C1=CC=CC=C1,CC[C@@H](N/C(C)=C(/C)C(C)=O)c1ccccc1,-486.0,-691.36,231.339,-231.339
30862774,C[C@@H](N\C(C)=C(\C)C(C)=O)C1=CC=CC=C1F,CC(=O)/C(C)=C(/C)N[C@H](C)c1ccccc1F,-557.0,103.99,235.302,235.302
30862776,C[C@@H](N\C(C)=C(\C)C(C)=O)C1=CC=CC(C)=C1,CC(=O)/C(C)=C(/C)N[C@H](C)c1cccc(C)c1,-567.0,-852.46,231.339,-231.339
30862778,C[C@@H](N\C(C)=C(\C)C(C)=O)C1=CC=CC(F)=C1,CC(=O)/C(C)=C(/C)N[C@H](C)c1cccc(F)c1,-548.0,173.07,235.302,235.302
30862780,C[C@@H](N\C(C)=C(\C)C(C)=O)C1=CC=C(C)C=C1,CC(=O)/C(C)=C(/C)N[C@H](C)c1ccc(C)cc1,-623.0,187.52,231.339,231.339
30862782,CC(C)CC[C@@H](C)N\C(C)=C(\C)C(C)=O,CC(=O)/C(C)=C(/C)N[C@H](C)CCC(C)C,-94.0,146.88,211.349,211.349
30862783,C[C@H](CCC1=CC=CC=C1)N\C(C)=C(\C)C(C)=O,CC(=O)/C(C)=C(/C)N[C@H](C)CCc1ccccc1,-190.0,-68.28,245.366,-245.366
30862785,CCCCC[C@@H](C)N\C(C)=C(\C)C(C)=O,CCCCC[C@@H](C)N/C(C)=C(/C)C(C)=O,-90.0,109.73,211.349,211.349
30862787,CCC[C@@H](C)N\C(C)=C(\C)C(C)=O,CCC[C@@H](C)N/C(C)=C(/C)C(C)=O,-67.0,-318.4,183.295,-183.295
30862789,CC(C)C[C@@H](C)N\C(C)=C(\C)C(C)=O,CC(=O)/C(C)=C(/C)N[C@H](C)CC(C)C,-60.0,23.77,197.322,197.322
30862791,CC(C)CCC[C@@H](C)N\C(C)=C(\C)C(C)=O,CC(=O)/C(C)=C(/C)N[C@H](C)CCCC(C)C,-99.0,144.01,225.37599999999995,225.37599999999995
30862795,CC(C)CC[C@H](C)NC(=O)C1=CC=CC=C1,CC(C)CC[C@H](C)NC(=O)c1ccccc1,6.0,23.3,219.328,219.328
30862796,CC(C)CCC[C@H](C)NC(=O)C1=CC=CC=C1,CC(C)CCC[C@H](C)NC(=O)c1ccccc1,13.0,-50.37,233.355,-233.355
30887909,C[C@@]1(OC(=S)NC2=C1C=CC=C2)C1=CC=CC=C1,C[C@]1(c2ccccc2)OC(=S)Nc2ccccc21,23.0,-375.24,255.342,-255.342
30899827,[H][C@@]12C[C@@]3([H])CC[C@](C)(OC3(C)C)[C@]1(O)CC[C@@H]2C,C[C@H]1CC[C@]2(O)[C@H]1C[C@H]1CC[C@]2(C)OC1(C)C,-17.0,-13.76,238.37099999999992,-238.37099999999992
30976969,O=C1C[C@H](C2=CC=CS2)C2=C(O1)C(=O)CCC2,O=C1C[C@H](c2cccs2)C2=C(O1)C(=O)CCC2,-168.1,-544.29,248.3029999999999,-248.3029999999999
30976971,CCCCCC[C@H]1CC(=O)OC2=C1CCCC2=O,CCCCCC[C@H]1CC(=O)OC2=C1CCCC2=O,-37.8,5.49,250.33799999999997,250.33799999999997
30976972,O=C1C[C@H](C2CCCC2)C2=C(O1)C(=O)CCC2,O=C1C[C@H](C2CCCC2)C2=C(O1)C(=O)CCC2,-56.3,-24.42,234.295,-234.295
30976973,O=C1C[C@H](C2CC2)C2=C(O1)C(=O)CCC2,O=C1C[C@H](C2CC2)C2=C(O1)C(=O)CCC2,-115.7,-116.79,206.241,-206.241
30976975,O=C1C[C@@H](C2=C(O1)C(=O)CCC2)C1=CC=CC=C1,O=C1C[C@H](c2ccccc2)C2=C(O1)C(=O)CCC2,-157.3,-422.22,242.27399999999992,-242.27399999999992
30999632,CCCCCC[C@@H](O)C#CC(=O)OC,CCCCCC[C@@H](O)C#CC(=O)OC,5.8,88.71,198.262,198.262
30999650,COC(=O)C#C[C@H](O)CCC=C,C=CCC[C@@H](O)C#CC(=O)OC,-10.1,-144.09,168.19199999999995,-168.19199999999995
31001668,[H][C@]12N[C@H](CC1=CC=C[C@@H]2O)C(=O)OCC,CCOC(=O)[C@H]1CC2=CC=C[C@H](O)[C@H]2N1,190.0,404.31,209.24500000000003,209.24500000000003
31024760,COC(OC)[C@@H](CC1=CC=CC=C1)\C=C\N(=O)=O,COC(OC)[C@H](/C=C/[N+](=O)[O-])Cc1ccccc1,60.7,117.54,251.282,251.282
31024761,C=C1[C@H](CC2=CC=CC=C2)COC1=O,C=C1C(=O)OC[C@H]1Cc1ccccc1,-58.7,19.49,188.22600000000003,188.22600000000003
31030262,CCC[C@](C)(C=C)[C@@]1(N)C(=O)NC2=CC=CC=C12,C=C[C@@](C)(CCC)[C@@]1(N)C(=O)Nc2ccccc21,-133.7,-170.96,244.338,-244.338
31030265,CCC[C@]1(C)C(=O)N[C@@]11C(=O)NC2=CC=CC=C12,CCC[C@]1(C)C(=O)N[C@@]12C(=O)Nc1ccccc12,-158.0,-152.16,244.294,-244.294
31030266,CCC[C@](C)(CC)[C@@]1(N)C(=O)NC2=CC=CC=C12,CCC[C@](C)(CC)[C@@]1(N)C(=O)Nc2ccccc21,-134.7,-79.43,246.354,-246.354
31104346,CCOC(=O)CC1=C[C@H](C)C2=C(CCCC2=O)O1,CCOC(=O)CC1=C[C@H](C)C2=C(CCCC2=O)O1,167.0,296.56,250.29399999999995,250.29399999999995
31139958,CC(C)C[C@H](CC=C)N[S@](=O)C(C)(C)C,C=CC[C@@H](CC(C)C)N[S@](=O)C(C)(C)C,-49.9,55.81,231.405,231.405
31150177,CCOC(=O)[C@H]([C@H](C)C=C)C(=O)C1=CC=CC=C1,C=C[C@@H](C)[C@@H](C(=O)OCC)C(=O)c1ccccc1,-30.2,135.77,246.306,246.306
31173890,C[C@@H]([C@@H](O)C1=CC=C(Cl)C=C1)N1CCOCC1,C[C@@H]([C@@H](O)c1ccc(Cl)cc1)N1CCOCC1,52.7,47.53,255.74499999999995,255.74499999999995
31173892,C[C@@H]([C@@H](O)C1=CC=CS1)N1CCOCC1,C[C@@H]([C@@H](O)c1cccs1)N1CCOCC1,19.0,-96.97,227.32899999999992,-227.32899999999992
31173893,C[C@@H]([C@@H](O)C1=CC=CC=N1)N1CCOCC1,C[C@@H]([C@@H](O)c1ccccn1)N1CCOCC1,65.8,-109.45,222.28799999999995,-222.28799999999995
31173894,C[C@@H]([C@@H](O)C1=CC=CC=C1)N1CCN(C)CC1,C[C@@H]([C@@H](O)c1ccccc1)N1CCN(C)CC1,72.8,33.37,234.34299999999996,234.34299999999996
31173895,C[C@@H]([C@@H](O)C1=CC=CC=C1)N(C)C1=CC=CC=C1,C[C@@H]([C@@H](O)c1ccccc1)N(C)c1ccccc1,39.6,138.8,241.334,241.334
31173899,C[C@@H]([C@@H](O)C1=CC=CC=C1C)N1CCOCC1,Cc1ccccc1[C@H](O)[C@H](C)N1CCOCC1,69.8,119.7,235.32699999999997,235.32699999999997
31173902,C[C@@H]([C@@H](O)C1=CC=C(C)C=C1)N1CCOCC1,Cc1ccc([C@H](O)[C@H](C)N2CCOCC2)cc1,48.3,80.91,235.32699999999997,235.32699999999997
31173903,COC1=CC(=CC=C1)[C@H](O)[C@H](C)N1CCOCC1,COc1cccc([C@H](O)[C@H](C)N2CCOCC2)c1,47.6,82.65,251.32599999999996,251.32599999999996
31173904,COC1=CC=C(C=C1)[C@H](O)[C@H](C)N1CCOCC1,COc1ccc([C@H](O)[C@H](C)N2CCOCC2)cc1,51.5,154.56,251.32599999999996,251.32599999999996
31173907,C[C@@H]([C@@H](O)C1=CC=CC=C1F)N1CCOCC1,C[C@@H]([C@@H](O)c1ccccc1F)N1CCOCC1,48.9,79.95,239.2899999999999,239.2899999999999
31173908,C[C@@H]([C@@H](O)C1=CC=C(NC(C)=O)C=C1)N(C)C,CC(=O)Nc1ccc([C@H](O)[C@H](C)N(C)C)cc1,27.2,-134.83,236.315,-236.315
31173910,C[C@@H]([C@@H](O)C1=CC=C(F)C=C1)N1CCOCC1,C[C@@H]([C@@H](O)c1ccc(F)cc1)N1CCOCC1,57.9,79.3,239.29,239.29
31173911,C[C@@H]([C@@H](O)C1=CC=CC(Cl)=C1)N1CCOCC1,C[C@@H]([C@@H](O)c1cccc(Cl)c1)N1CCOCC1,42.4,48.42,255.74499999999992,255.74499999999992
31185505,[H][C@@]12C=C[C@@](C)(O)[C@H](C=O)[C@@]1(C)CCCC2(C)C,CC1(C)CCC[C@]2(C)[C@@H](C=O)[C@](C)(O)C=C[C@@H]12,-158.0,-22.47,236.355,-236.355
31185515,CC1=C(C=O)[C@@]2(C)CCCC(C)(C)C2=CC1=O,CC1=C(C=O)[C@@]2(C)CCCC(C)(C)C2=CC1=O,-90.9,-246.01,232.323,-232.323
31185537,CC1=CC[C@@H](C=C1)C(=C)CO,C=C(CO)[C@@H]1C=CC(C)=CC1,-104.4,-971.73,150.22099999999998,-150.22099999999998
31185538,CC1=CC[C@@H](C=C1)C(=C)CCl,C=C(CCl)[C@@H]1C=CC(C)=CC1,-109.7,-892.15,168.66699999999997,-168.66699999999997
31197642,[H][C@]12CCO[C@]1([H])C1=C(O[C@@H]2\C(C)=C\C)C=CC=C1,C/C=C(\C)[C@H]1Oc2ccccc2[C@H]2OCC[C@H]12,23.9,-9.1,230.307,-230.307
31197649,[H][C@]12CCO[C@]1([H])C1=C(O[C@@H]2\C=C\C)C=CC=C1,C/C=C/[C@H]1Oc2ccccc2[C@H]2OCC[C@@H]21,51.3,59.18,216.28,216.28
31197650,[H][C@]12CCO[C@]1([H])C1=C(O[C@@H]2\C(C)=C\CC)C=CC=C1,CC/C=C(\C)[C@H]1Oc2ccccc2[C@H]2OCC[C@H]12,28.1,-52.37,244.334,-244.334
31197652,[H][C@]12CCO[C@]1([H])C1=C(O[C@@H]2\C(CC)=C\C)C=CC=C1,C/C=C(\CC)[C@H]1Oc2ccccc2[C@H]2OCC[C@H]12,26.2,-41.1,244.334,-244.334
31197655,[H][C@]12CCO[C@]1([H])C1=C(O[C@@H]2C2=CC=CC=C2)C=CC=C1,c1ccc([C@H]2Oc3ccccc3[C@H]3OCC[C@H]23)cc1,-30.3,-186.81,252.313,-252.313
31197656,[H][C@]12CCCO[C@]1([H])C1=C(O[C@@H]2\C(C)=C\C)C=CC=C1,C/C=C(\C)[C@H]1Oc2ccccc2[C@H]2OCCC[C@H]12,80.3,74.3,244.33399999999995,244.33399999999995
31197657,[H][C@]12OC[C@@H](C)[C@]1([H])[C@H](OC1=C2C=CC=C1)C(\C)=C\C,C/C=C(\C)[C@H]1Oc2ccccc2[C@H]2OC[C@@H](C)[C@H]12,-19.0,-98.6,244.334,-244.334
31197658,[H][C@]12C[C@H](C)O[C@]1([H])C1=C(O[C@@H]2\C(C)=C\C)C=CC=C1,C/C=C(\C)[C@H]1Oc2ccccc2[C@H]2O[C@@H](C)C[C@H]12,32.7,-49.48,244.334,-244.334
31197662,[H][C@]12CCO[C@]1([H])C1=C(O[C@@H]2\C(C)=C\C)C=CC(C)=C1,C/C=C(\C)[C@H]1Oc2ccc(C)cc2[C@H]2OCC[C@H]12,36.7,-17.36,244.33399999999995,-244.33399999999995
31197673,[H][C@]12CCO[C@]1([H])C1=C(O[C@@H]2\C(C)=C\C)C=C(C)C=C1,C/C=C(\C)[C@H]1Oc2cc(C)ccc2[C@H]2OCC[C@H]12,30.3,-17.65,244.33399999999995,-244.33399999999995
31197684,[H][C@]12CCO[C@]1([H])C1=C(O[C@@H]2\C(C)=C\C)C(C)=CC=C1,C/C=C(\C)[C@H]1Oc2c(C)cccc2[C@H]2OCC[C@H]12,-13.5,-60.15,244.334,-244.334
31197697,[H][C@]12CCO[C@]1([H])C1=C(O[C@@H]2\C(C)=C\C)C=CC(F)=C1,C/C=C(\C)[C@H]1Oc2ccc(F)cc2[C@H]2OCC[C@H]12,28.8,-10.45,248.29699999999997,-248.29699999999997
31197700,[H][C@]12C[C@@H](C)O[C@]1([H])C1=C(O[C@@H]2\C(C)=C\C)C=CC=C1,C/C=C(\C)[C@H]1Oc2ccccc2[C@H]2O[C@H](C)C[C@H]12,12.9,-17.32,244.334,-244.334
31213109,CC[C@H](C)[C@H](O)[C@H](C)C(=O)OC,CC[C@H](C)[C@H](O)[C@H](C)C(=O)OC,4.8,32.14,174.23999999999995,174.23999999999995
31221973,[H][C@]1(O[C@H]1CO)[C@]1([H])O[C@H]1C=C,C=C[C@@H]1O[C@H]1[C@@H]1O[C@H]1CO,-19.55,42.28,142.154,142.154
31221980,[H][C@]1(O[C@H]1C=C)[C@H](O)C=C,C=C[C@@H](O)[C@@H]1O[C@H]1C=C,-12.35,-161.66,126.15499999999996,-126.15499999999996
31221981,[H][C@]1(O[C@H]1C=C)[C@@H](C)O[Si](C)(C)C(C)(C)C,C=C[C@@H]1O[C@H]1[C@@H](C)O[Si](C)(C)C(C)(C)C,35.2,95.5,228.408,228.408
31221983,[H][C@]1(O[C@H]1CO[Si](C)(C)C(C)(C)C)[C@H](O)C=C,C=C[C@@H](O)[C@@H]1O[C@H]1CO[Si](C)(C)C(C)(C)C,-33.1,-9.45,244.407,-244.407
31221994,[H][C@]1(O[C@@]1([H])[C@H](C)O)C=C[C@@H]1O[C@@]1([H])[C@H](O)C=C,C=C[C@@H](O)[C@@H]1O[C@H]1C=C[C@@H]1O[C@H]1[C@H](C)O,33.3,109.24,212.245,212.245
31222004,[H][C@@]1(O[C@]1([H])[C@H](C)O)C=C[C@H]1O[C@]1([H])[C@@H](O)C=C,C=C[C@H](O)[C@H]1O[C@@H]1C=C[C@H]1O[C@@H]1[C@H](C)O,35.6,62.45,212.245,212.245
31222006,CC(C)(C)[Si](C)(C)OC[C@@H]1O[C@H]1C=CC=O,CC(C)(C)[Si](C)(C)OC[C@@H]1O[C@H]1C=CC=O,-24.8,12.06,242.391,242.391
31222007,CC(C)(C)[Si](C)(C)OC[C@@H]1O[C@H]1C=CCO,CC(C)(C)[Si](C)(C)OC[C@@H]1O[C@H]1C=CCO,-31.8,-66.22,244.407,-244.407
31303784,[H][C@@]12[C@H](C)[C@H](O)N(C(C)=O)[C@]1([H])C(=O)C1=CC=CC=C21,CC(=O)N1[C@@H]2C(=O)c3ccccc3[C@@H]2[C@H](C)[C@@H]1O,-240.6,-495.77,245.278,-245.278
31303785,[H][C@@]12[C@H](C)C(=O)N(C(C)=O)[C@]1([H])C(=O)C1=CC=CC=C21,CC(=O)N1C(=O)[C@@H](C)[C@H]2c3ccccc3C(=O)[C@H]21,-116.5,-375.31,243.262,-243.262
31303811,[H][C@@]12CC3=CC=CC=C3[C@]1([H])[C@H](C)CN2C(C)=O,CC(=O)N1C[C@@H](C)[C@H]2c3ccccc3C[C@H]21,-312.7,-317.89,215.296,-215.296
31303812,[H][C@@]12CC3=CC=CC=C3[C@]1([H])[C@H](C)C(=O)N2C(C)=O,CC(=O)N1C(=O)[C@@H](C)[C@H]2c3ccccc3C[C@H]21,-162.1,-346.86,229.279,-229.279
31303813,[H][C@@]12CC3=CC=CC=C3[C@]1([H])[C@H](C)C(=O)N2,C[C@@H]1C(=O)N[C@@H]2Cc3ccccc3[C@H]12,-104.8,-264.67,187.242,-187.242
31303815,[H][C@]12NC(=O)[C@@H](C)[C@@]1([H])C1=CC=CC=C1[C@H]2O,C[C@@H]1C(=O)N[C@H]2[C@@H]1c1ccccc1[C@H]2O,-61.4,-196.04,203.241,-203.241
31303816,[H][C@]12NC(=O)[C@@H](C)[C@@]1([H])C1=CC=CC=C1[C@@H]2O,C[C@@H]1C(=O)N[C@H]2[C@@H]1c1ccccc1[C@@H]2O,-274.6,-271.45,203.241,-203.241
31324203,CC(C)N1C[C@@](C)(CCC(C)=O)C(=O)C1=O,CC(=O)CC[C@]1(C)CN(C(C)C)C(=O)C1=O,18.7,50.18,225.288,225.288
31361618,O=[S@](C1=CC=CC=C1)C1=CC=C2C=CC=CC2=C1,O=[S@](c1ccccc1)c1ccc2ccccc2c1,20.3,-565.84,252.338,-252.338
31361619,CSC1=CC=C(C=C1)[S@](=O)C1=CC=CC=C1,CSc1ccc([S@](=O)c2ccccc2)cc1,59.1,-418.66,248.372,-248.372
31361621,FC1=CC=C(C=C1)[S@](=O)C1=CC=CC=C1,O=[S@](c1ccccc1)c1ccc(F)cc1,10.55,-9.35,220.268,-220.268
31361622,ClC1=CC=C(C=C1)[S@](=O)C1=CC=CC=C1,O=[S@](c1ccccc1)c1ccc(Cl)cc1,10.25,0.93,236.723,236.723
31361624,COC1=CC=CC(=C1)[S@](=O)C1=CC=CC=C1,COc1cccc([S@](=O)c2ccccc2)c1,27.1,279.36,232.304,232.304
31361625,O=[S@](C1=CC=CC=C1)C1=CN=C2C=CC=CC2=C1,O=[S@](c1ccccc1)c1cnc2ccccc2c1,115.7,-639.97,253.326,-253.326
31361626,O=[S@](C1=CC=CC=C1)C1=CC=C2N=CC=CC2=C1,O=[S@](c1ccccc1)c1ccc2ncccc2c1,34.7,-593.39,253.326,-253.326
31361627,O=[S@](C1=CC=CC=C1)C1=CC=CN=C1,O=[S@](c1ccccc1)c1cccnc1,33.849999999999994,-191.34,203.266,-203.266
31361641,CN1C=CC2=CC=C(C=C12)[S@@](=O)C1=CC=CC=C1,Cn1ccc2ccc([S@@](=O)c3ccccc3)cc21,-35.6,695.31,255.342,255.342
31380601,CC(C)C[C@@]1(C)COCC(=C1)C1=CC=CC=C1,CC(C)C[C@]1(C)C=C(c2ccccc2)COC1,6.2,202.52,230.351,230.351
31380602,CCCC[C@@]1(C)COCC(=C1)C1=CC=CC=C1,CCCC[C@]1(C)C=C(c2ccccc2)COC1,5.2,21.29,230.351,230.351
31386235,CC(C)(C)OC(=O)C[C@@H](CO)CC=C,C=CC[C@H](CO)CC(=O)OC(C)(C)C,-6.05,-202.03,200.278,-200.278
31415130,O=C([C@H]1CO1)C1CCOCC1,O=C(C1CCOCC1)[C@H]1CO1,62.8,-64.25,156.18099999999998,-156.18099999999998
31415131,CC(C)(C)OC(=O)N1CCC(CC1)C(=O)[C@H]1CO1,CC(C)(C)OC(=O)N1CCC(C(=O)[C@H]2CO2)CC1,39.0,66.43,255.31399999999996,255.31399999999996
31427834,CC(C)C[C@H](CC=O)N1C(=O)CCC1=O,CC(C)C[C@H](CC=O)N1C(=O)CCC1=O,30.0,191.92,211.26099999999997,211.26099999999997
31427835,CCCCC[C@H](CC=O)N1C(=O)CCC1=O,CCCCC[C@H](CC=O)N1C(=O)CCC1=O,26.3,283.44,225.28799999999995,225.28799999999995
31427836,C[C@H](CC=O)N1C(=O)C=CC1=O,C[C@H](CC=O)N1C(=O)C=CC1=O,12.6,-100.52,167.164,-167.164
31427837,CC(C)[C@H](CC=O)N1C(=O)CCC1=O,CC(C)[C@H](CC=O)N1C(=O)CCC1=O,15.5,136.13,197.23399999999995,197.23399999999995
31433392,COC(=O)C(C)(C)[C@H](C=C)C1=CN=CS1,C=C[C@H](c1cncs1)C(C)(C)C(=O)OC,-30.8,-48.52,225.313,-225.313
31433395,COC(=O)C1(CCOCC1)[C@H](C=C)\C=C\C,C=C[C@H](/C=C/C)C1(C(=O)OC)CCOCC1,-8.2,-120.04,224.29999999999995,-224.29999999999995
31433397,CCOC(=O)C(C)(C)[C@H](C=C)C1=CC=CC=C1,C=C[C@H](c1ccccc1)C(C)(C)C(=O)OCC,-44.6,-20.91,232.32299999999992,-232.32299999999992
31433448,COC(=O)C(C)(C)[C@H](C=C)C1=CC=C(C)C=C1,C=C[C@H](c1ccc(C)cc1)C(C)(C)C(=O)OC,-59.6,4.13,232.32299999999995,232.32299999999995
31433449,COC(=O)C(C)(C)[C@H](C=C)C1=CC=C(OC)C=C1,C=C[C@H](c1ccc(OC)cc1)C(C)(C)C(=O)OC,-50.7,-43.95,248.32199999999995,-248.32199999999995
31433451,COC(=O)C(C)(C)[C@H](C=C)C1=CC(F)=CC=C1,C=C[C@H](c1cccc(F)c1)C(C)(C)C(=O)OC,-37.8,37.54,236.28599999999997,236.28599999999997
31433452,COC(=O)C(C)(C)[C@H](C=C)C1=CC=C(Cl)C=C1,C=C[C@H](c1ccc(Cl)cc1)C(C)(C)C(=O)OC,-52.7,-10.11,252.741,-252.741
31433457,COC(=O)C(C)(C)[C@H](C=C)C1=CC=CN=C1,C=C[C@H](c1cccnc1)C(C)(C)C(=O)OC,-65.5,50.99,219.28399999999996,219.28399999999996
31433458,COC(=O)C(C)(C)[C@H](C=C)C1=COC=C1,C=C[C@H](c1ccoc1)C(C)(C)C(=O)OC,-40.4,8.79,208.25699999999995,208.25699999999995
31433459,CC(C)(CO)[C@H](C=C)C1=COC=C1,C=C[C@H](c1ccoc1)C(C)(C)CO,-46.0,-29.03,180.247,-180.247
31433460,COC(=O)C(C)(C)[C@H](C=C)C1=CC=CS1,C=C[C@H](c1cccs1)C(C)(C)C(=O)OC,-48.9,-57.88,224.32499999999996,-224.32499999999996
31448269,CCOC(=O)[C@H]1CC(=O)C2=CC(F)=CC=C2O1,CCOC(=O)[C@H]1CC(=O)c2cc(F)ccc2O1,-29.7,-21.0,238.214,-238.214
31448282,CC(C)(C)[C@H]1CC(=O)C2=CC=CC=C2O1,CC(C)(C)[C@H]1CC(=O)c2ccccc2O1,-63.5,-81.53,204.269,-204.269
31530077,C\C=C\C=C\CCC[C@@H](C)C=O,C/C=C/C=C/CCC[C@@H](C)C=O,-15.0,31.87,166.264,166.264
31554654,CC[C@H](CCC1=CC=CC=C1)NC(C)=O,CC[C@H](CCc1ccccc1)NC(C)=O,21.19,-198.15,205.301,-205.301
31559245,CC[C@@H]1NC(=O)S[C@H]1C(=O)C1=CC=CC=C1,CC[C@@H]1NC(=O)S[C@H]1C(=O)c1ccccc1,-282.3,-534.79,235.308,-235.308
31560938,COC(=O)[C@@H]1CC(C)=CC[C@H]1C(C)=O,COC(=O)[C@@H]1CC(C)=CC[C@H]1C(C)=O,-124.9,-145.54,196.246,-196.246
31560942,COC(=O)[C@@H]1CC(C)=C(C)C[C@H]1C(C)=O,COC(=O)[C@@H]1CC(C)=C(C)C[C@H]1C(C)=O,-135.6,-142.96,210.273,-210.273
31560947,[H][C@@]12CC[C@@]([H])(C=C1)[C@H]([C@@H]2C(C)=O)C(=O)OC,COC(=O)[C@H]1[C@H](C(C)=O)[C@H]2C=C[C@@H]1CC2,-3.9,-19.52,208.257,-208.257
31662170,[H][C@]12C(=O)[C@](C)(CC)C(=O)[C@@]1([H])[C@]1(O)C=C[C@@]2([H])OC1=O,CC[C@@]1(C)C(=O)[C@H]2[C@@H](C1=O)[C@]1(O)C=C[C@H]2OC1=O,-3.5,-45.94,250.25,-250.25
31690127,CN1C[Si](C)(C)N2CCC[C@H]2C1=O,CN1C[Si](C)(C)N2CCC[C@H]2C1=O,-50.6,25.63,198.342,198.342
31724176,CCSC(=O)C[C@H](C)CCC1=CC=CC=C1,CCSC(=O)C[C@H](C)CCc1ccccc1,6.5,-241.1,236.38,-236.38
31749607,C[C@]12CC(=O)O[C@@]1(CCl)C(C)(C)CC[C@@H]2O,CC1(C)CC[C@H](O)[C@@]2(C)CC(=O)O[C@@]12CCl,4.33,46.1,246.73399999999995,246.73399999999995
31751914,C[C@@H]1OC2=C(C=CC=C2)[C@H]1NC(=O)OC(C)(C)C,C[C@@H]1Oc2ccccc2[C@H]1NC(=O)OC(C)(C)C,-19.1,52.75,249.30999999999997,249.30999999999997
31770882,O=C1CCC[C@]1(CC1=CC=CC=C1)C1=CC=CC=C1,O=C1CCC[C@]1(Cc1ccccc1)c1ccccc1,-26.7,137.11,250.34100000000004,250.34100000000004
31775855,CCOC(=O)[C@H](OC)[C@H](N=N#N)C(=O)OCC,CCOC(=O)[C@@H](N=[N+]=[N-])[C@@H](OC)C(=O)OCC,58.5,37.54,245.235,245.235
31775856,CCOC(=O)[C@@H](N)[C@@H](OC)C(=O)OCC,CCOC(=O)[C@@H](N)[C@@H](OC)C(=O)OCC,59.0,161.26,219.237,219.237
31793644,CC(C)C(=O)N[C@H]1CCCC[C@@H]1N(C)C,CC(C)C(=O)N[C@H]1CCCC[C@@H]1N(C)C,43.4,99.58,212.337,212.337
31793842,O[C@H](CN(=O)=O)C1=CC(OC(F)(F)F)=CC=C1,O=[N+]([O-])C[C@@H](O)c1cccc(OC(F)(F)F)c1,22.0,-4.29,251.15999999999997,-251.15999999999997
31899278,CCOC(=O)C1=CC=C(C)[C@]2(C)C(=O)CC[C@]12O,CCOC(=O)C1=CC=C(C)[C@]2(C)C(=O)CC[C@]12O,13.6,353.52,250.29399999999995,250.29399999999995
31931005,CC(C)[C@H]1CC(C)=C(C)CO1,CC1=C(C)C[C@H](C(C)C)OC1,163.2,93.62,154.25299999999996,154.25299999999996
31931006,CC(C)C[C@H]1CC(C)=C(C)CO1,CC1=C(C)C[C@H](CC(C)C)OC1,64.4,-13.52,168.27999999999997,-168.27999999999997
31931007,CCCC[C@H]1CC(C)=C(C)CO1,CCCC[C@H]1CC(C)=C(C)CO1,66.1,51.31,168.27999999999997,168.27999999999997
31931008,CC1=C(C)C[C@H](CCC2=CC=CC=C2)OC1,CC1=C(C)C[C@H](CCc2ccccc2)OC1,80.2,-235.03,216.324,-216.324
31931009,C[C@@H]([C@H]1CC(C)=C(C)CO1)C1=CC=CC=C1,CC1=C(C)C[C@H]([C@H](C)c2ccccc2)OC1,46.6,-36.46,216.324,-216.324
31931010,C[C@H]([C@H]1CC(C)=C(C)CO1)C1=CC=CC=C1,CC1=C(C)C[C@H]([C@@H](C)c2ccccc2)OC1,67.2,176.94,216.324,216.324
31931011,CCCCCCCCC[C@H]1CC(C)=C(C)CO1,CCCCCCCCC[C@H]1CC(C)=C(C)CO1,118.0,19.43,238.415,238.415
31931014,CC1=C(C)C[C@H](CCCCCCCCC=C)OC1,C=CCCCCCCCC[C@H]1CC(C)=C(C)CO1,59.5,9.04,250.426,250.426
31931017,CC(C)C[C@H]1CC(C)=CCO1,CC1=CCO[C@@H](CC(C)C)C1,31.3,181.57,154.253,154.253
31931022,CCCCCC[C@@H]1O[C@H](CC=C1)C1=CC=CC=C1,CCCCCC[C@H]1C=CC[C@H](c2ccccc2)O1,142.0,213.49,244.378,244.378
31931023,C1CCC(CC1)[C@@H]1O[C@H](CC=C1)C1=CC=CC=C1,C1=C[C@H](C2CCCCC2)O[C@@H](c2ccccc2)C1,161.0,41.59,242.362,242.362
31931024,C1CCC(CC1)[C@H]1O[C@H](CC=C1)C1=CC=CC=C1,C1=C[C@@H](C2CCCCC2)O[C@@H](c2ccccc2)C1,39.0,126.63,242.362,242.362
32001260,C[C@H](O)CN1C(C)=C(C)C2=C1C=CC=C2,Cc1c(C)n(C[C@H](C)O)c2ccccc12,10.3,-71.09,203.285,-203.285
32068649,C[C@@H](O)CN1C=CC2=C1C=CC(=C2)N(=O)=O,C[C@@H](O)Cn1ccc2cc([N+](=O)[O-])ccc21,-16.5,-227.68,220.228,-220.228
32068654,C[C@H](CN1C=C(C)C2=C1C=CC=C2)OC(C)=O,CC(=O)O[C@H](C)Cn1cc(C)c2ccccc21,-10.0,-88.13,231.295,-231.295
32068658,C[C@H](CN1C(C)=C(C)C2=C1C=CC=C2)OC(C)=O,CC(=O)O[C@H](C)Cn1c(C)c(C)c2ccccc21,-6.8,-37.87,245.322,-245.322
32104925,O[C@H](CC1=CC=CC=C1)[C@H](O)CN(=O)=O,O=[N+]([O-])C[C@@H](O)[C@H](O)Cc1ccccc1,-25.4,-30.46,211.217,-211.217
32104941,O[C@H](CC1=CC=CC=C1)[C@@H](O)CN(=O)=O,O=[N+]([O-])C[C@H](O)[C@H](O)Cc1ccccc1,-8.2,-61.34,211.217,-211.217
32126268,C[C@@H](N)C(\C)=C\C1=CN=CC=C1,C/C(=C\c1cccnc1)[C@@H](C)N,-5.2,-294.49,162.236,-162.236
32209491,OC[C@@H]1C[C@]1(CO)N1C=NC2=C1N=CN=C2Cl,OC[C@@H]1C[C@]1(CO)n1cnc2c(Cl)ncnc21,-60.6,38.97,254.677,254.677
32236917,COC1=CC=C(C=C2CCC[C@H]2O)C=C1,COc1ccc(C=C2CCC[C@H]2O)cc1,6.85,183.69,204.269,204.269
32236927,O[C@@H]1CCC\C1=C/C1=CC=C(Cl)C=C1,O[C@@H]1CCC/C1=C\c1ccc(Cl)cc1,41.3,308.41,208.688,208.688
32236928,O[C@H]1CCCC1=CC1=CC=C(Cl)C=C1,O[C@H]1CCCC1=Cc1ccc(Cl)cc1,-31.9,-312.79,208.688,-208.688
32247853,[H][C@]12C[C@H](C[C@@H](CO)[C@@]1([H])N2)OC(=O)C1=CC=CC=C1,O=C(O[C@H]1C[C@@H](CO)[C@H]2N[C@H]2C1)c1ccccc1,21.6,-138.77,247.294,-247.294
32266023,C([C@@H]1CNC2=CC=CC=C2N1)C1=CC=CC=C1,c1ccc(C[C@@H]2CNc3ccccc3N2)cc1,33.4,412.64,224.30700000000004,224.30700000000004
32305336,[H][C@@]1(CCC(C)=CC1)[C@](O)(CO)CCC=C(C)C,CC(C)=CCC[C@@](O)(CO)[C@@H]1CC=C(C)CC1,-21.7,-53.18,238.371,-238.371
32305337,[H][C@@]12CC[C@](O)(CO)[C@@]3([H])CC[C@@H](C)[C@@]3([H])[C@]1([H])C2(C)C,C[C@@H]1CC[C@H]2[C@@H]1[C@H]1[C@@H](CC[C@]2(O)CO)C1(C)C,-11.5,-17.49,238.37099999999995,-238.37099999999995
32305338,[H][C@@]12CC[C@@H](C)[C@]11C[C@]([H])(C2(C)C)[C@@](O)(CO)CC1,C[C@@H]1CC[C@H]2C(C)(C)[C@H]3C[C@@]12CC[C@]3(O)CO,15.5,-23.38,238.37099999999992,-238.37099999999992
32375081,C[C@H]1CC(=O)C2=C(O1)C=C(Cl)C(Cl)=C2,C[C@H]1CC(=O)c2cc(Cl)c(Cl)cc2O1,-70.6,-86.84,231.078,-231.078
32388278,CCC1=CN([C@@H]2CC=CO2)C(=O)NC1=O,CCc1cn([C@@H]2CC=CO2)c(=O)[nH]c1=O,-188.46,-13.88,208.217,-208.217
32388298,CCC\C=C\CO[C@@H](C=C)N1C=CC(N)=NC1=O,C=C[C@H](OC/C=C/CCC)n1ccc(N)nc1=O,-32.44,-198.39,249.314,-249.314
32388313,C1C=CO[C@H]1OC1CCCCC1,C1=CO[C@@H](OC2CCCCC2)C1,-212.39,-400.27,168.23599999999996,-168.23599999999996
32399780,FC1=C2C=CN([C@H]3OCCC=C3)C2=CC=C1,Fc1cccc2c1ccn2[C@@H]1C=CCCO1,84.2,-325.69,217.243,-217.243
32399787,C1CC2=C(C1)C1=CC=CC=C1N2[C@H]1OCCC=C1,C1=C[C@@H](n2c3c(c4ccccc42)CCC3)OCC1,-21.8,-253.71,239.3179999999999,-239.3179999999999
32404169,CCC(=O)O[C@@H](C)N1C=NC2=C(Cl)N=CN=C12,CCC(=O)O[C@@H](C)n1cnc2c(Cl)ncnc21,-14.5,-81.9,254.677,-254.677
32450514,[H][C@]12CC[C@@H](C)[C@@]3([H])CC=C(CO)[C@@]([H])([C@@H](O)[C@H]1C)[C@@]23[H],C[C@@H]1[C@H](O)[C@@H]2C(CO)=CC[C@H]3[C@@H]2[C@H]1CC[C@H]3C,-49.0,-27.22,236.355,-236.355
32450515,[H][C@]12CC[C@@H](C)[C@@]3([H])CC=C(C)[C@@]([H])([C@@H](O)[C@H]1C)[C@@]23[H],CC1=CC[C@H]2[C@@H]3[C@@H](CC[C@H]2C)[C@H](C)[C@H](O)[C@H]13,-44.0,12.93,220.356,220.356
32455574,COC(=O)CC[C@H]1C[C@@H]1CC[C@H](O)CCO,COC(=O)CC[C@H]1C[C@@H]1CC[C@H](O)CCO,7.65,113.69,230.304,230.304
32462073,CC1=CC=C(C=C1)[C@H]1CCC(=O)N1,Cc1ccc([C@H]2CCC(=O)N2)cc1,47.87,20.2,175.23100000000002,175.23100000000002
32463835,N[C@@H](C\C=C\C1=CC=CC=C1)C(F)(F)F,N[C@@H](C/C=C/c1ccccc1)C(F)(F)F,-101.4,-265.17,215.218,-215.218
32466436,[H][C@]12CC(CC)(CC)[C@@]1([H])CCCC2=O,CCC1(CC)C[C@@H]2C(=O)CCC[C@@H]21,77.5,130.65,180.29099999999997,180.29099999999997
32466438,[H][C@]12CC3(CCCCC3)[C@@]1([H])CCCC2=O,O=C1CCC[C@H]2[C@@H]1CC21CCCCC1,91.7,185.61,192.30199999999996,192.30199999999996
32466441,[H][C@]12CC3(CCCCCC3)[C@@]1([H])CCCC2=O,O=C1CCC[C@H]2[C@@H]1CC21CCCCCC1,105.0,152.1,206.32899999999992,206.32899999999992
32466447,[H][C@]12CC3(CCOCC3)[C@@]1([H])CCCC2=O,O=C1CCC[C@H]2[C@@H]1CC21CCOCC1,136.0,168.15,194.27399999999997,194.27399999999997
32466450,[H][C@]12CC(Cl)(Cl)[C@@]1([H])CCCC2=O,O=C1CCC[C@H]2[C@@H]1CC2(Cl)Cl,112.0,157.94,193.073,193.073
32466454,[H][C@]12CC(CCl)(CCl)[C@@]1([H])CCCC2=O,O=C1CCC[C@H]2[C@@H]1CC2(CCl)CCl,142.0,278.52,221.127,221.127
32466468,[H][C@@]12CC[C@]1([H])C(=O)CC(C)(C)C2,CC1(C)CC(=O)[C@H]2CC[C@H]2C1,187.0,138.49,152.237,152.237
32466471,[H][C@]12CC(C)(C)[C@@]1([H])CC(C)(C)CC2=O,CC1(C)CC(=O)[C@H]2CC(C)(C)[C@H]2C1,228.0,167.98,180.291,180.291
32466475,[H][C@]12CC(CC)(CC)[C@@]1([H])CC(C)(C)CC2=O,CCC1(CC)C[C@@H]2C(=O)CC(C)(C)C[C@@H]21,202.0,113.02,208.34499999999997,208.34499999999997
32466477,[H][C@]12CC[C@@]1(C)CC(C)(C)CC2=O,CC1(C)CC(=O)[C@H]2CC[C@@]2(C)C1,169.0,118.52,166.26399999999998,166.26399999999998
32466479,[H][C@]12CC(Cl)(Cl)[C@@]1(C)CC(C)(C)CC2=O,CC1(C)CC(=O)[C@H]2CC(Cl)(Cl)[C@@]2(C)C1,135.0,102.85,235.154,235.154
32466486,[H][C@]12CC[C@@]1(CC)CCCC2=O,CC[C@]12CCCC(=O)[C@H]1CC2,110.0,158.36,152.23699999999997,152.23699999999997
32466488,[H][C@]12CC[C@@]1(C)CC=C[C@@]2(C)O,C[C@]12CC=C[C@@](C)(O)[C@H]1CC2,109.0,141.09,152.23699999999997,152.23699999999997
32843128,C[C@@H](NC(=O)CNC(=O)CCC=C)C(O)=O,C=CCCC(=O)NCC(=O)N[C@H](C)C(=O)O,5.21,72.05,228.248,228.248
32861501,C[C@@H]1CC\C=C(C)\CC\C=C(C)\COC(=O)C1,C/C1=C\CC[C@@H](C)CC(=O)OC/C(C)=C/CC1,36.1,-261.3,236.355,-236.355
32861726,CCCN1[C@@H](C=O)[C@@H](OC2=CC=CC=C2)C1=O,CCCN1C(=O)[C@H](Oc2ccccc2)[C@@H]1C=O,72.4,247.03,233.267,233.267
32932191,CO[C@@H]1CC(\C=N\N(C)C)=C[C@@H](OC)[C@H]1OC,CO[C@@H]1[C@H](OC)C=C(/C=N/N(C)C)C[C@H]1OC,-272.3,-363.84,242.319,-242.319
32947430,OC(=O)CC[C@@]1(NC(=O)NC1=O)C1=CC=CC=C1,O=C(O)CC[C@]1(c2ccccc2)NC(=O)NC1=O,-22.94,-95.05,248.23800000000003,-248.23800000000003
32981147,ClC[C@@H]1CCCO1,ClC[C@@H]1CCCO1,-5.2,-165.63,120.579,-120.579
33001339,[H][C@]12CO[C@]([H])(O1)[C@@H](OC(=O)C=C)C=C2,C=CC(=O)O[C@H]1C=C[C@H]2CO[C@@H]1O2,-143.0,-300.14,182.17499999999995,-182.17499999999995
33001351,[H][C@]12CO[C@]([H])(O1)[C@@H](O)\C(C2)=C\C1=CC=CC=C1,O[C@H]1/C(=C/c2ccccc2)C[C@H]2CO[C@@H]1O2,-190.0,-222.62,218.25199999999995,-218.25199999999995
33001354,[H][C@]12CO[C@]([H])(O1)[C@@H](O)[C@@H](CC1=CC=CC=C1)C2,O[C@H]1[C@@H](Cc2ccccc2)C[C@H]2CO[C@@H]1O2,62.0,-5.31,220.26799999999997,-220.26799999999997
33001355,[H][C@]12CO[C@]([H])(O1)[C@@H](O)[C@H](CC1=CC=CC=C1)C2,O[C@H]1[C@H](Cc2ccccc2)C[C@H]2CO[C@@H]1O2,-50.0,-135.8,220.26799999999997,-220.26799999999997
33001369,[H][C@]12CO[C@]([H])(O1)[C@H](O)[C@H](CC1=CC=CC=C1)C2,O[C@@H]1[C@H](Cc2ccccc2)C[C@H]2CO[C@@H]1O2,-72.0,-38.77,220.26799999999997,-220.26799999999997
33112331,CC1=C(C=CC=C1)[C@@H]1CCC2=C(C=CC=C2)[C@@H]1O,Cc1ccccc1[C@@H]1CCc2ccccc2[C@@H]1O,171.33,271.06,238.33,238.33
33230443,N[C@@H](C=C)C1=CC2=CC=CC=C2C2=CC=CC=C12,C=C[C@H](N)c1cc2ccccc2c2ccccc12,-19.2,-39.16,233.314,-233.314
33254146,CC(C)(C)[Si](C)(C)OC[C@@H]1NC(=O)OC1=O,CC(C)(C)[Si](C)(C)OC[C@@H]1NC(=O)OC1=O,-42.5,-117.3,245.351,-245.351
33356756,CC1=C(O)C2=C(C=C1)C(C)(C)C[C@]2(C)CO,Cc1ccc2c(c1O)[C@@](C)(CO)CC2(C)C,-42.3,-85.29,220.31199999999995,-220.31199999999995
33370376,C[C@@H]1CC(=O)C2=C(S1)C=CC=C2,C[C@@H]1CC(=O)c2ccccc2S1,-61.485,135.26,178.25599999999997,178.25599999999997
33370378,COC1=CC=C2S[C@H](C)CC(=O)C2=C1,COc1ccc2c(c1)C(=O)C[C@@H](C)S2,-59.32,163.61,208.282,208.282
33370379,C[C@@H]1CC(=O)C2=C(C)C=CC=C2S1,Cc1cccc2c1C(=O)C[C@@H](C)S2,-188.18,183.27,192.283,192.283
33370380,C[C@@H]1CC(=O)C2=CC(C)=CC=C2S1,Cc1ccc2c(c1)C(=O)C[C@@H](C)S2,-46.635,116.26,192.283,192.283
33370381,C[C@@H]1CC(=O)C2=CC=C(C)C=C2S1,Cc1ccc2c(c1)S[C@H](C)CC2=O,-93.56,135.5,192.283,192.283
33370382,C[C@@H]1CC(=O)C2=CC=CC(C)=C2S1,Cc1cccc2c1S[C@H](C)CC2=O,-129.415,158.11,192.283,192.283
33370385,C[C@@H]1CC(=O)C2=CC(C)=C(C)C=C2S1,Cc1cc2c(cc1C)C(=O)C[C@@H](C)S2,-6.89,153.49,206.31,206.31
33370387,C[C@@H]1CC(=O)C2=CC(F)=CC=C2S1,C[C@@H]1CC(=O)c2cc(F)ccc2S1,-85.05,168.29,196.246,196.246
33370388,C[C@@H]1CC(=O)C2=CC=C(F)C=C2S1,C[C@@H]1CC(=O)c2ccc(F)cc2S1,-117.1,120.84,196.246,196.246
33370389,C[C@@H]1CC(=O)C2=CC(Cl)=CC=C2S1,C[C@@H]1CC(=O)c2cc(Cl)ccc2S1,-106.13,168.49,212.701,212.701
33370396,CC(C)(C)[C@H]1CC(=O)C2=CC=CC=C2S1,CC(C)(C)[C@H]1CC(=O)c2ccccc2S1,-0.87,-106.33,220.337,-220.337
33377213,CN1C(=O)[C@@]2(NCCN3C=CC=C23)C2=CC=CC=C12,CN1C(=O)[C@@]2(NCCn3cccc32)c2ccccc21,-89.52,136.03,253.30500000000004,253.30500000000004
33433642,O=[S@@](CCCN=N#N)C1=CC=CC=C1,[N-]=[N+]=NCCC[S@](=O)c1ccccc1,-0.92,-80.87,209.27400000000003,-209.27400000000003
33582630,CC(C)(C)OC(=O)NC[C@@H]1OC(=O)C=CC1=O,CC(C)(C)OC(=O)NC[C@@H]1OC(=O)C=CC1=O,-51.0,-365.62,241.243,-241.243
33601102,CC(C)OC(=O)[C@](O)(CN(=O)=O)C1=CC=CC=C1,CC(C)OC(=O)[C@](O)(C[N+](=O)[O-])c1ccccc1,-4.2,84.57,253.254,253.254
33611126,[H][C@]12CC(=O)C(C[C@]1(C)[C@@H](C)CCC2=O)=C(C)C,CC(C)=C1C[C@@]2(C)[C@H](CC1=O)C(=O)CC[C@@H]2C,-8.0,-103.48,234.33899999999997,-234.33899999999997
33611129,[H][C@@]12CC(=O)C(C[C@]1(C)[C@@H](C)CCC2=O)=C(C)C,CC(C)=C1C[C@]2(C)[C@@H](C)CCC(=O)[C@@H]2CC1=O,-24.0,189.04,234.33899999999997,234.33899999999997
33611130,C[C@H]1CCC(=O)[C@]2(O)CC(=O)C(C[C@]12C)=C(C)C,CC(C)=C1C[C@]2(C)[C@@H](C)CCC(=O)[C@]2(O)CC1=O,9.0,-62.42,250.33799999999997,-250.33799999999997
33611133,[H][C@@]12CC(=O)C(C[C@]1(C)[C@@H](C)CC[C@@H]2O)=C(C)C,CC(C)=C1C[C@]2(C)[C@@H](C)CC[C@H](O)[C@@H]2CC1=O,42.0,-71.41,236.355,-236.355
33611134,[H][C@]12C[C@@H](O)[C@@H](C[C@]1(C)[C@@H](C)CCC2=O)C(C)C,CC(C)[C@@H]1C[C@@]2(C)[C@H](C[C@H]1O)C(=O)CC[C@@H]2C,-64.0,-107.62,238.371,-238.371
33611136,[H][C@]12CC(=O)[C@@H](C[C@]1(C)[C@@H](C)CC[C@H]2O)C(C)C,CC(C)[C@@H]1C[C@@]2(C)[C@H](CC1=O)[C@H](O)CC[C@@H]2C,-452.0,-63.7,238.371,-238.371
33611140,C[C@H]1CC[C@@H](O)[C@@]2(O)C[C@@H](O)[C@@H](C[C@]12C)C(C)=C,C=C(C)[C@@H]1C[C@]2(C)[C@@H](C)CC[C@@H](O)[C@@]2(O)C[C@H]1O,-46.0,4.55,254.37,254.37
33611141,[H][C@@]12CC(=O)[C@H](C[C@]1(C)[C@@H](C)CCC2=O)C(C)C,CC(C)[C@H]1C[C@]2(C)[C@@H](C)CCC(=O)[C@@H]2CC1=O,-134.0,-207.65,236.35499999999996,-236.35499999999996
33611144,[H][C@]12CC(=O)[C@@H](C[C@]1(C)[C@@H](C)CCC2=O)C(C)C,CC(C)[C@@H]1C[C@@]2(C)[C@H](CC1=O)C(=O)CC[C@@H]2C,-41.0,-54.51,236.355,-236.355
33611145,[H][C@]12CC(=O)[C@@H](C[C@]1(C)[C@@H](C)CCC2=O)C(C)(C)O,C[C@H]1CCC(=O)[C@H]2CC(=O)[C@H](C(C)(C)O)C[C@@]21C,-28.0,-99.38,252.354,-252.354
33611146,[H][C@]12CC(=O)[C@@H](C[C@]1(C)[C@@H](C)[C@H](O)CC2=O)C(C)C,CC(C)[C@@H]1C[C@@]2(C)[C@H](CC1=O)C(=O)C[C@@H](O)[C@@H]2C,-47.0,-108.8,252.354,-252.354
33611148,[H][C@]12CC(=O)[C@](O)(C[C@]1(C)[C@@H](C)CCC2=O)C(C)C,CC(C)[C@@]1(O)C[C@@]2(C)[C@H](CC1=O)C(=O)CC[C@@H]2C,54.0,124.5,252.35399999999996,252.35399999999996
33611149,[H][C@]12CC(=O)[C@@](O)(C[C@]1(C)[C@@H](C)CCC2=O)C(C)C,CC(C)[C@]1(O)C[C@@]2(C)[C@H](CC1=O)C(=O)CC[C@@H]2C,8.0,27.73,252.35399999999996,252.35399999999996
33832771,FC[C@H](F)C1=CC=C(C=C1)N(=O)=O,O=[N+]([O-])c1ccc([C@@H](F)CF)cc1,-18.4,32.89,187.14499999999995,187.14499999999995
33832825,FC[C@@H](F)C1=CC(=CC=C1)N(=O)=O,O=[N+]([O-])c1cccc([C@H](F)CF)c1,21.7,-7.56,187.14499999999995,-187.14499999999995
33832826,FC[C@@H](F)C1=C(C=CC=C1)N(=O)=O,O=[N+]([O-])c1ccccc1[C@H](F)CF,-115.0,-397.91,187.14499999999995,-187.14499999999995
33832827,FC[C@@H](F)C1=CC=C(C=C1)C#N,N#Cc1ccc([C@H](F)CF)cc1,28.4,-53.37,167.158,-167.158
33832828,FC[C@@H](F)C1=CC=CC(=C1)C#N,N#Cc1cccc([C@H](F)CF)c1,25.2,-111.61,167.15799999999996,-167.15799999999996
33832829,FC[C@@H](F)C1=CC=C(C=C1)C(F)(F)F,FC[C@@H](F)c1ccc(C(F)(F)F)cc1,13.1,-34.0,210.14499999999995,-210.14499999999995
33832833,COC(=O)[C@@H](O)CC1=C(C)C=C(C)C=C1C,COC(=O)[C@@H](O)Cc1c(C)cc(C)cc1C,2.8,122.82,222.284,222.284
33832837,FC[C@@H](F)C1=C(Cl)C=CC(=C1)N(=O)=O,O=[N+]([O-])c1ccc(Cl)c([C@H](F)CF)c1,15.2,-20.0,221.58999999999995,-221.58999999999995
33832838,FC[C@@H](F)C1=C(F)C=CC(=C1)N(=O)=O,O=[N+]([O-])c1ccc(F)c([C@H](F)CF)c1,6.1,-46.91,205.135,-205.135
33832840,FC[C@@H](F)C1=CC(F)=C(C=C1)C#N,N#Cc1ccc([C@H](F)CF)cc1F,20.1,-59.73,185.148,-185.148
33832845,FC[C@@H](F)C1=CC=C(C=C1)C(=O)C(F)(F)F,O=C(c1ccc([C@H](F)CF)cc1)C(F)(F)F,16.7,-21.8,238.155,-238.155
33862798,[H][C@@]12CC3=CNC4=C3C(=CC=C4)[C@]11C[C@]1(C)C(=O)N2C,CN1C(=O)[C@@]2(C)C[C@]23c2cccc4[nH]cc(c24)C[C@@H]13,-81.0,-127.73,252.317,-252.317
33886031,[H][C@]12OCO[C@@H](C(=O)OC)[C@@]1([H])OCO[C@@H]2CCl,COC(=O)[C@@H]1OCO[C@H]2[C@@H]1OCO[C@@H]2CCl,37.9,-48.69,252.65,-252.65
33934539,CCN(CC)C1=C2N=CN([C@@H](C)CO)C2=NC=N1,CCN(CC)c1ncnc2c1ncn2[C@@H](C)CO,-22.0,195.58,249.318,249.318
33994262,CC[C@H](CN(=O)=O)\C=C\C1=CC=C(Cl)C=C1,CC[C@@H](/C=C/c1ccc(Cl)cc1)C[N+](=O)[O-],-48.7,-171.51,239.702,-239.702
33994263,CC[C@H](CN(=O)=O)\C=C\C1=CC=CC(Cl)=C1,CC[C@@H](/C=C/c1cccc(Cl)c1)C[N+](=O)[O-],-39.0,-82.09,239.702,-239.702
33994264,CC[C@H](CN(=O)=O)\C=C\C1=C(Cl)C=CC=C1,CC[C@@H](/C=C/c1ccccc1Cl)C[N+](=O)[O-],-38.8,-288.99,239.702,-239.702
33994265,CC[C@H](CN(=O)=O)\C=C\C1=CC=C(F)C=C1,CC[C@@H](/C=C/c1ccc(F)cc1)C[N+](=O)[O-],-36.6,-224.96,223.247,-223.247
33994266,CC[C@H](CN(=O)=O)\C=C\C1=CC=C(C)C=C1,CC[C@@H](/C=C/c1ccc(C)cc1)C[N+](=O)[O-],-56.1,-0.25,219.284,-219.284
33994267,CC[C@H](CN(=O)=O)\C=C\C1=CC=C(OC)C=C1,CC[C@@H](/C=C/c1ccc(OC)cc1)C[N+](=O)[O-],-51.3,-117.74,235.283,-235.283
33994268,CC[C@H](CN(=O)=O)\C=C\C1=CC=CC(OC)=C1,CC[C@@H](/C=C/c1cccc(OC)c1)C[N+](=O)[O-],-39.6,-163.26,235.283,-235.283
33994269,CC[C@H](CN(=O)=O)\C=C\C1=C(OC)C=CC=C1,CC[C@@H](/C=C/c1ccccc1OC)C[N+](=O)[O-],-35.7,65.55,235.283,235.283
33994270,CC[C@H](CN(=O)=O)\C=C\C1=CC=CO1,CC[C@@H](/C=C/c1ccco1)C[N+](=O)[O-],-47.9,-102.95,195.218,-195.218
33994272,CC[C@H](CN(=O)=O)\C=C\C1=CC2=CC=CC=C2C=C1,CC[C@@H](/C=C/c1ccc2ccccc2c1)C[N+](=O)[O-],-42.9,-403.32,255.317,-255.317
33994277,CCOC(=O)\C=C\[C@H](CC)CN(=O)=O,CCOC(=O)/C=C/[C@H](CC)C[N+](=O)[O-],-8.8,-105.21,201.22199999999995,-201.22199999999995
33994296,CC[C@H](CN(=O)=O)\C=C\C1=CC=CC=C1,CC[C@@H](/C=C/c1ccccc1)C[N+](=O)[O-],-63.0,-364.62,205.257,-205.257
34004546,CCCCC[C@@H](CC=O)C(=O)C1=CC=CC=C1,CCCCC[C@@H](CC=O)C(=O)c1ccccc1,-36.67,-51.57,232.323,-232.323
34009156,CC1=CC=C([C@@H](O)C2=CC=CC=C2)C2=CC=CC=C12,Cc1ccc([C@@H](O)c2ccccc2)c2ccccc12,-35.38,159.76,248.325,248.325
34018250,CC(C)OC(=O)[C@](O)(CN(=O)=O)C1=CC=CO1,CC(C)OC(=O)[C@](O)(C[N+](=O)[O-])c1ccco1,3.1,-29.06,243.215,-243.215
34024064,CC[C@]1(C)CCCC(Cl)=C1C=O,CC[C@]1(C)CCCC(Cl)=C1C=O,14.0,19.3,186.682,186.682
34024065,C[C@@]1(CCCCO)CCCC(Cl)=C1C=O,C[C@@]1(CCCCO)CCCC(Cl)=C1C=O,18.0,-89.72,230.735,-230.735
34096843,[H][C@]12O[C@@]1([H])[C@@]1([H])C[C@]2([H])[C@]2([H])C=CC(=O)[C@]12[H],O=C1C=C[C@H]2[C@H]3C[C@H]([C@@H]4O[C@H]34)[C@@H]12,-200.8,-134.43,162.188,-162.188
34096844,[H][C@@]12CC[C@@]([H])(C1)[C@@]1([H])C(=O)C=C[C@@]21[H],O=C1C=C[C@H]2[C@@H]3CC[C@@H](C3)[C@@H]12,-777.3,-141.0,148.20499999999998,-148.20499999999998
34096847,[H][C@@]12CC[C@@]([H])(C1)[C@@]1([H])C(=O)C(CO)=C[C@@]21[H],O=C1C(CO)=C[C@H]2[C@@H]3CC[C@@H](C3)[C@@H]12,-126.5,-43.16,178.23099999999997,-178.23099999999997
34096848,[H][C@@]12CC[C@@]([H])(C1)[C@@]1([H])C(=O)C(=C[C@@]21[H])[Si](C)(C)C,C[Si](C)(C)C1=C[C@H]2[C@@H]3CC[C@@H](C3)[C@H]2C1=O,-142.0,-15.87,220.38799999999992,-220.38799999999992
34096871,[H][C@]12C[C@]([H])(C=C1)[C@@]1([H])C(=O)C(CCCCC)=C[C@@]21[H],CCCCCC1=C[C@@H]2[C@H](C1=O)[C@H]1C=C[C@@H]2C1,-37.6,9.89,216.324,216.324
34096872,[H][C@]12C[C@]([H])(C=C1)[C@@]1([H])C(=O)C(CCC(C)C)=C[C@@]21[H],CC(C)CCC1=C[C@@H]2[C@H](C1=O)[C@H]1C=C[C@@H]2C1,-58.0,-168.95,216.324,-216.324
34096873,[H][C@]12C[C@]([H])(C=C1)[C@@]1([H])C(=O)C(=C[C@@]21[H])C1CC1,O=C1C(C2CC2)=C[C@@H]2[C@H]1[C@H]1C=C[C@@H]2C1,-34.6,105.96,186.254,186.254
34096874,[H][C@]12C[C@]([H])(C=C1)[C@@]1([H])C(=O)C(=C[C@@]21[H])C1CCCCC1,O=C1C(C2CCCCC2)=C[C@@H]2[C@H]1[C@H]1C=C[C@@H]2C1,-42.5,-139.72,228.33500000000004,-228.33500000000004
34096875,[H][C@]12C[C@]([H])(C=C1)[C@@]1([H])C(=O)C(COC3=CC=CC=C3)=C[C@@]21[H],O=C1C(COc2ccccc2)=C[C@@H]2[C@H]1[C@H]1C=C[C@@H]2C1,-2.7,29.65,252.313,252.313
34096876,[H][C@]12C[C@]([H])(C=C1)[C@@]1([H])C(=O)C(COC)=C[C@@]21[H],COCC1=C[C@@H]2[C@H](C1=O)[C@H]1C=C[C@@H]2C1,-70.0,-21.59,190.242,-190.242
34151892,CO[C@@]1(CC(C)=C)CNCC=C(C)C1,C=C(C)C[C@]1(OC)CNCC=C(C)C1,19.8,120.91,195.30599999999995,195.30599999999995
34151894,CO[C@@]1(CNCC=C1)C=C,C=C[C@]1(OC)C=CCNC1,52.1,-136.67,139.19799999999998,-139.19799999999998
34151898,OC[C@@]1(OCC=C1)C=C,C=C[C@]1(CO)C=CCO1,325.0,28.64,126.15499999999996,126.15499999999996
34151901,CC(=C)[C@]1(O)CNCC=C1C,C=C(C)[C@]1(O)CNCC=C1C,-10.5,-21.05,153.22499999999997,-153.22499999999997
34151905,CO[C@@]1(CC(C)=C)CNCC\C=C(C)/C1,C=C(C)C[C@]1(OC)CNCC/C=C(/C)C1,-69.9,-51.27,209.33299999999997,-209.33299999999997
34151906,CC(=C)C[C@]1(O)CNCC=C(C)C1,C=C(C)C[C@]1(O)CNCC=C(C)C1,-75.8,-286.14,181.279,-181.279
34151909,CO[C@@]1(CNCCC=C1)C=C,C=C[C@]1(OC)C=CCCNC1,-4.2,-139.44,153.22499999999997,-153.22499999999997
34157652,CC1=C(C)C2=CC(=O)[C@](C)(O)C(=O)C2=CO1,CC1=C(C)C2=CC(=O)[C@](C)(O)C(=O)C2=CO1,-21.9,179.9,220.224,220.224
34163321,[H][C@@]1(OC(C)(C)O[C@]1([H])[C@H](O)CC#C)[C@H](O)CO,C#CC[C@@H](O)[C@H]1OC(C)(C)O[C@@H]1[C@H](O)CO,20.0,84.12,230.26,230.26
34163323,[H][C@@]1(OC(C)(C)O[C@]1([H])[C@H](O)CC#C)[C@H](O)CN=N#N,C#CC[C@@H](O)[C@H]1OC(C)(C)O[C@@H]1[C@H](O)CN=[N+]=[N-],28.33,200.25,255.274,255.274
34256809,CCCCCC[C@H](C)CCC=C,C=CCC[C@@H](C)CCCCCC,-5.0,-64.56,168.32399999999996,-168.32399999999996
34274736,CC(=C)C[C@]1(CO)CC(C)=C(C)CO1,C=C(C)C[C@]1(CO)CC(C)=C(C)CO1,28.8,-44.41,196.29,-196.29
34274782,CC(=C)[C@@]1(CO)OCC=C1C,C=C(C)[C@@]1(CO)OCC=C1C,-136.5,-119.78,154.20899999999995,-154.20899999999995
34274783,CC(=C)[C@@]1(CO)OCC(C)=C1C,C=C(C)[C@@]1(CO)OCC(C)=C1C,-112.7,-135.14,168.23599999999996,-168.23599999999996
34274784,OC[C@@]1(CC=C)CC=CCO1,C=CC[C@]1(CO)CC=CCO1,42.2,171.18,154.20899999999995,154.20899999999995
34274785,CC(=C)C[C@]1(CO)CC(C)=CCO1,C=C(C)C[C@]1(CO)CC(C)=CCO1,37.7,-76.18,182.263,-182.263
34288292,C([C@H]1CO1)C1=CC=C(C=C1)C1=CC=CC=C1,c1ccc(-c2ccc(C[C@H]3CO3)cc2)cc1,59.7,-24.28,210.276,-210.276
34288293,O[C@H](CN=N#N)CC1=CC=C(C=C1)C1=CC=CC=C1,[N-]=[N+]=NC[C@@H](O)Cc1ccc(-c2ccccc2)cc1,-55.3,577.22,253.305,253.305
34290726,CCCC1=CCC[C@@H]1C(=O)C1=CC=CC=C1,CCCC1=CCC[C@@H]1C(=O)c1ccccc1,-19.6,173.85,214.308,214.308
34290727,CCC1=CCC[C@@H]1C(=O)C1=CC=CC=C1,CCC1=CCC[C@@H]1C(=O)c1ccccc1,-23.1,167.73,200.281,200.281
34290728,CCCCC1=CCC[C@@H]1C(=O)C1=CC=CC=C1,CCCCC1=CCC[C@@H]1C(=O)c1ccccc1,-31.4,150.18,228.335,228.335
34290729,CC(C)CC1=CCC[C@@H]1C(=O)C1=CC=CC=C1,CC(C)CC1=CCC[C@@H]1C(=O)c1ccccc1,-24.9,-378.11,228.335,-228.335
34290731,O=C([C@H]1CCC=C1C1=CC=CC=C1)C1=CC=CC=C1,O=C(c1ccccc1)[C@H]1CCC=C1c1ccccc1,-34.6,-401.3,248.325,-248.325
34290735,C=CCC1=CCC[C@@H]1C(=O)C1=CC=CC=C1,C=CCC1=CCC[C@@H]1C(=O)c1ccccc1,-1.5,-79.85,212.292,-212.292
34290736,CCCC1=CCC[C@@H]1C(=O)C1=C(OC)C=CC=C1,CCCC1=CCC[C@@H]1C(=O)c1ccccc1OC,-45.0,-75.47,244.334,-244.334
34290740,CCCC1=CCC[C@@]11CC2=C(C=CC=C2)C1=O,CCCC1=CCC[C@@]12Cc1ccccc1C2=O,-131.7,-385.08,226.319,-226.319
34290741,CCCC1=CCC[C@@]11CCC2=C(C=CC=C2)C1=O,CCCC1=CCC[C@@]12CCc1ccccc1C2=O,-12.3,-122.85,240.346,-240.346
34290742,CC1=CCC[C@@]11CCC2=C(C=CC=C2)C1=O,CC1=CCC[C@@]12CCc1ccccc1C2=O,-21.1,-50.8,212.29200000000003,-212.29200000000003
34290744,CCCC1=CCC[C@@H]1C(=O)C1=CC=CS1,CCCC1=CCC[C@@H]1C(=O)c1cccs1,-89.5,177.68,220.337,220.337
34290745,CCCC1=CCC[C@@H]1C(=O)C1=CC=CO1,CCCC1=CCC[C@@H]1C(=O)c1ccco1,-103.8,163.61,204.269,204.269
34290746,CCCC1=CCC[C@@H]1C(=O)CC,CCCC1=CCC[C@@H]1C(=O)CC,-189.3,-374.42,166.26399999999995,-166.26399999999995
34290747,CCCCC(=O)[C@H]1CCC=C1CCC,CCCCC(=O)[C@H]1CCC=C1CCC,-136.9,-192.81,194.318,-194.318
34290748,CCCC1=CCC[C@@]11CCCC1=O,CCCC1=CCC[C@@]12CCCC2=O,-42.5,-473.14,178.27499999999995,-178.27499999999995
34347506,NC1=NC=NC2=C1N=CN2[C@H]1CCC[C@H]1O,Nc1ncnc2c1ncn2[C@H]1CCC[C@H]1O,-39.86,-53.65,219.248,-219.248
34347507,COC1=NC=NC2=C1N=CN2[C@H]1CCC[C@@H]1F,COc1ncnc2c1ncn2[C@H]1CCC[C@@H]1F,12.6,46.68,236.25,236.25
34347512,COC1=NC=NC2=C1N=CN2[C@H]1CCC[C@@H]1N,COc1ncnc2c1ncn2[C@H]1CCC[C@@H]1N,34.18,-42.84,233.275,-233.275
34348212,CCOC(=O)[C@@H]1CSC=C2CCC(=O)N12,CCOC(=O)[C@@H]1CSC=C2CCC(=O)N21,-0.88,204.82,227.285,227.285
34348215,CCOC(=O)[C@@H]1CSC=C2CCCC(=O)N12,CCOC(=O)[C@@H]1CSC=C2CCCC(=O)N21,-13.7,-11.79,241.31199999999995,-241.31199999999995
34348232,CCOC(=O)[C@@H]1CS[C@@]2(C)CCC(=O)N12,CCOC(=O)[C@@H]1CS[C@@]2(C)CCC(=O)N12,44.7,-156.68,229.301,-229.301
34396187,[H][C@]12CO[C@]([H])(O1)C(=O)C1(CC3=CC=CC=C3C1)C2,O=C1[C@@H]2OC[C@H](CC13Cc1ccccc1C3)O2,-174.0,-338.9,230.263,-230.263
34396190,[H][C@]12CO[C@]([H])(O1)[C@@H](O)C1(CC3=CC=CC=C3C1)C2,O[C@@H]1[C@@H]2OC[C@H](CC13Cc1ccccc1C3)O2,-164.0,-166.47,232.279,-232.279
34420200,COC(C[C@@H](C)CCC(=C)C(C)C)OC,C=C(CC[C@H](C)CC(OC)OC)C(C)C,-6.5,74.0,214.349,214.349
34420201,CC(C)C(=C)CC[C@H](C)CC=O,C=C(CC[C@H](C)CC=O)C(C)C,-17.0,-164.81,168.27999999999997,-168.27999999999997
34420202,CC(C)C(=C)CC[C@H](C)[C@H](CCC(C)=O)C=O,C=C(CC[C@H](C)[C@@H](C=O)CCC(C)=O)C(C)C,30.9,70.76,238.37099999999992,238.37099999999992
34420207,CC#CCC[C@H](C)[C@H](CCC(C)=O)C=O,CC#CCC[C@H](C)[C@@H](C=O)CCC(C)=O,32.9,246.85,208.30099999999996,208.30099999999996
34420216,COC(C[C@@H](C)CCC(=O)C(C)C)OC,COC(C[C@@H](C)CCC(=O)C(C)C)OC,-5.4,41.57,216.321,216.321
34466898,O[C@@H](COC1=CC=CC=C1)CN(=O)=O,O=[N+]([O-])C[C@@H](O)COc1ccccc1,23.88,-190.16,197.19000000000003,-197.19000000000003
34466900,CC1=C(OC[C@H](O)CN(=O)=O)C=CC=C1,Cc1ccccc1OC[C@H](O)C[N+](=O)[O-],16.985,32.21,211.217,211.217
34466904,CC1=CC=C(OC[C@H](O)CN(=O)=O)C=C1,Cc1ccc(OC[C@H](O)C[N+](=O)[O-])cc1,22.18,-201.74,211.217,-211.217
34466906,COC1=CC=C(OC[C@H](O)CN(=O)=O)C=C1,COc1ccc(OC[C@H](O)C[N+](=O)[O-])cc1,19.885,-172.74,227.216,-227.216
34466908,O[C@@H](COC1=CC=C(F)C=C1)CN(=O)=O,O=[N+]([O-])C[C@@H](O)COc1ccc(F)cc1,17.09,-172.7,215.18,-215.18
34466910,O[C@@H](COC1=CC=C(Cl)C=C1)CN(=O)=O,O=[N+]([O-])C[C@@H](O)COc1ccc(Cl)cc1,18.785,-182.08,231.635,-231.635
34466912,O[C@@H](COC1=CC=C(C=C1)N(=O)=O)CN(=O)=O,O=[N+]([O-])C[C@@H](O)COc1ccc([N+](=O)[O-])cc1,15.685,-196.22,242.187,-242.187
34525294,CC(C)(C)OC(=O)N1CCC[C@H]1CCCC=O,CC(C)(C)OC(=O)N1CCC[C@H]1CCCC=O,-25.0,-132.96,241.33099999999996,-241.33099999999996
34552846,C=C[C@@H](NC1=NC=CS1)C1CCCCC1,C=C[C@@H](Nc1nccs1)C1CCCCC1,68.3,15.49,222.3569999999999,222.3569999999999
34552848,CC1=CN=C(N[C@H](C=C)C2CCCCC2)S1,C=C[C@@H](Nc1ncc(C)s1)C1CCCCC1,22.5,-46.43,236.38399999999996,-236.38399999999996
34552858,C=C[C@@H]1CCN2C(SC3=CC=CC=C23)=N1,C=C[C@@H]1CCN2C(=N1)Sc1ccccc12,80.7,194.13,216.30900000000003,216.30900000000003
34562526,C[C@@H]1CCC=C1CO,C[C@@H]1CCC=C1CO,-7.14,55.22,112.17199999999998,112.17199999999998
34565852,[H][C@]12C[C@]3([H])C(=O)CC(C)(C)C[C@]13CCC2,CC1(C)CC(=O)[C@H]2C[C@@H]3CCC[C@@]32C1,156.0,166.86,192.30199999999996,192.30199999999996
34565853,[H][C@]12C[C@]3([H])C(=O)CC[C@]13CCC2,O=C1CC[C@]23CCC[C@H]2C[C@H]13,292.0,309.23,150.221,150.221
34565854,[H][C@]12C[C@]3(C)CCC[C@]13CCCC2=O,C[C@@]12CCC[C@@]13CCCC(=O)[C@H]3C2,155.0,97.91,178.275,178.275
34565855,[H][C@@]12CCC[C@@]11CCCC(=O)[C@@]1([H])C2(C)C,CC1(C)[C@@H]2CCC[C@@]23CCCC(=O)[C@@H]13,140.0,113.93,192.302,192.302
34565857,[H][C@]12C[C@]3(C)CCC[C@]13CC(C)(C)CC2=O,CC1(C)CC(=O)[C@H]2C[C@]3(C)CCC[C@]23C1,228.0,166.89,206.32899999999992,206.32899999999992
34565858,[H][C@]12C[C@]3(C)CCC[C@]13CCC2=O,C[C@@]12CCC[C@@]13CCC(=O)[C@H]3C2,222.0,229.14,164.248,164.248
34565922,[H][C@]12C[C@]3([H])C(=O)CCC[C@]13CCC2,O=C1CCC[C@]23CCC[C@H]2C[C@H]13,156.0,247.44,164.24800000000002,164.24800000000002
34565924,[H][C@]12C[C@]3([H])C(=O)CCC[C@]13CC(C)(C)C2,CC1(C)C[C@H]2C[C@@H]3C(=O)CCC[C@]23C1,97.7,145.12,192.30199999999996,192.30199999999996
34622341,C[C@H](C=C)[C@@]1(N)C(=O)N(C)C2=CC=CC=C12,C=C[C@@H](C)[C@@]1(N)C(=O)N(C)c2ccccc21,-134.7,51.46,216.284,216.284
34674861,O=N(=O)C1=CC2=CC=CN2[C@H]1C1=CC=CC=C1,O=[N+]([O-])C1=Cc2cccn2[C@H]1c1ccccc1,250.0,1357.35,226.235,226.235
34674864,O=N(=O)[C@@H]1CC2=CC=CN2[C@@H]1C1=CC=CC=C1,O=[N+]([O-])[C@@H]1Cc2cccn2[C@@H]1c1ccccc1,10.0,83.97,228.251,228.251
34674866,FC1=CC=C(C=C1)[C@@H]1[C@@H](CC2=CC=CN12)N(=O)=O,O=[N+]([O-])[C@@H]1Cc2cccn2[C@@H]1c1ccc(F)cc1,132.0,75.17,246.241,246.241
34680827,C[C@]1(CC2=CCCCC2)COC2=CC=CC=C12,C[C@]1(CC2=CCCCC2)COc2ccccc21,-12.0,-37.01,228.335,-228.335
34712436,[H][C@]12CCC[C@@H](O)[C@@]1([H])NC(=O)O2,O=C1N[C@@H]2[C@H](O)CCC[C@@H]2O1,-58.5,-101.57,157.16899999999998,-157.16899999999998
34712437,[H][C@@]12CCCCC[C@H](O)[C@]1([H])NC(=O)O2,O=C1N[C@H]2[C@@H](O)CCCCC[C@H]2O1,-28.1,86.73,185.223,185.223
34712438,[H][C@]12C[C@]3([H])OC(C)(C)O[C@]3([H])[C@@H](O)[C@@]1([H])NC(=O)O2,CC1(C)O[C@@H]2[C@@H](O)[C@H]3NC(=O)O[C@H]3C[C@@H]2O1,-24.2,7.97,229.232,229.232
34712439,CC(=O)O[C@H]1CCCCCC=C1,CC(=O)O[C@@H]1C=CCCCCC1,-15.4,186.02,168.23599999999996,168.23599999999996
34712440,[H][C@]12C[C@H](OC(C)=O)C=C[C@@]1([H])OC(C)(C)O2,CC(=O)O[C@@H]1C=C[C@H]2OC(C)(C)O[C@H]2C1,-14.6,-142.84,212.24499999999995,-212.24499999999995
34721096,[H][C@]12CO[C@]([H])(O1)[C@@H](O)[C@@H](C2)C1=CC=CC=C1,O[C@@H]1[C@@H]2OC[C@H](C[C@H]1c1ccccc1)O2,-78.0,-155.42,206.241,-206.241
34721144,[H][C@]12CO[C@]([H])(O1)[C@@H](O)\C(C2)=C/C1=CC=CC=C1,O[C@H]1/C(=C\c2ccccc2)C[C@H]2CO[C@@H]1O2,-98.0,102.42,218.25199999999995,218.25199999999995
34721171,[H][C@]12CO[C@]([H])(O1)[C@@H](O)C(=C2)C1=CC=CC=C1,O[C@H]1C(c2ccccc2)=C[C@H]2CO[C@@H]1O2,-165.0,115.15,204.225,204.225
34721176,[H][C@]12CO[C@]([H])(O1)[C@H](O)[C@@H](C2)C1=CC=CC=C1,O[C@H]1[C@@H]2OC[C@H](C[C@H]1c1ccccc1)O2,-63.0,-1.21,206.241,-206.241
34735228,CC[C@H](NC1CCCCC1)C1=CC=CC=C1,CC[C@H](NC1CCCCC1)c1ccccc1,-17.4,98.18,217.356,217.356
34735232,C[C@H](N(C1CCCC1)C(C)=O)C1=CC=CC=C1,CC(=O)N(C1CCCC1)[C@@H](C)c1ccccc1,-27.5,-21.88,231.33900000000003,-231.33900000000003
34735543,C[C@H](O)[C@H](C)OC(=O)CC1=CNC2=C1C=CC=C2,C[C@H](O)[C@H](C)OC(=O)Cc1c[nH]c2ccccc12,52.0,87.98,247.294,247.294
34736815,CC(C)[C@@H](C)NS(=O)(=O)C1=NC=CC=C1,CC(C)[C@@H](C)NS(=O)(=O)c1ccccn1,10.0,-159.58,228.317,-228.317
34833301,COC(=O)CC(=O)C[C@@H]1CCCN1C,COC(=O)CC(=O)C[C@@H]1CCCN1C,-70.0,-73.21,199.25,-199.25
34837249,[H][C@]12CC[C@@H](C)[C@@]3([H])CC=C4CO[C@@]([H])([C@H]1C)[C@@]4([H])[C@@]23[H],C[C@H]1[C@@H]2CC[C@@H](C)[C@H]3CC=C4CO[C@@H]1[C@H]4[C@@H]23,-30.0,-153.26,218.34,-218.34
34837256,[H][C@]12CC[C@@H](C)[C@@]3([H])CC[C@@]4([H])C(=O)O[C@@]([H])([C@@H]1C)[C@@]4([H])[C@@]23[H],C[C@@H]1[C@@H]2CC[C@@H](C)[C@H]3CC[C@H]4C(=O)O[C@@H]1[C@H]4[C@@H]23,-36.0,19.04,234.339,234.339
34859372,[H][C@]12OC(C)(C)O[C@@]1([H])[C@H](C=C[C@H]2O)N=N#N,CC1(C)O[C@@H]2[C@H](O1)[C@H](O)C=C[C@@H]2N=[N+]=[N-],-37.5,-97.21,211.22100000000003,-211.22100000000003
34859375,[H][C@@]12OC(C)(C)O[C@]1([H])C(=O)C=C[C@H]2N=N#N,CC1(C)O[C@@H]2[C@H](O1)C(=O)C=C[C@H]2N=[N+]=[N-],-190.0,-87.36,209.205,-209.205
34859376,[H][C@@]12OC(C)(C)OC1=CC=C[C@@H]2O,CC1(C)OC2=CC=C[C@H](O)[C@@H]2O1,416.0,275.64,168.19199999999998,168.19199999999998
34859377,[H][C@@]12OC(C)(C)O[C@]1([H])C(=O)CC[C@H]2N=N#N,CC1(C)O[C@@H]2[C@H](O1)C(=O)CC[C@H]2N=[N+]=[N-],-75.0,54.61,211.221,211.221
34859385,[H][C@@]12OC(C)(C)O[C@@]1([H])[C@@H](O)[C@H](C=C2)N=N#N,CC1(C)O[C@H]2[C@@H](O)[C@@H](N=[N+]=[N-])C=C[C@@H]2O1,-153.4,-11.65,211.221,-211.221
34871031,C[C@H]1CC2=C(C3=CC=CC=C3N2C=C1)N(=O)=O,C[C@@H]1C=Cn2c(c([N+](=O)[O-])c3ccccc32)C1,-242.2,-334.2,228.251,-228.251
34871032,CC[C@H]1CC2=C(C3=CC=CC=C3N2C=C1)N(=O)=O,CC[C@@H]1C=Cn2c(c([N+](=O)[O-])c3ccccc32)C1,-163.2,-445.09,242.278,-242.278
34907204,CC=C(C)C(=O)O[C@H]1C=CC(=O)O[C@H]1CO,CC=C(C)C(=O)O[C@H]1C=CC(=O)O[C@H]1CO,285.0,425.36,226.22799999999995,226.22799999999995
34926071,CCC[C@]1(CCCCC1=O)\C=C\C1=CC=CC=C1,CCC[C@@]1(/C=C/c2ccccc2)CCCCC1=O,-59.3,109.93,242.3619999999999,242.3619999999999
34926076,CC[C@@]1(CCC(O)=O)CC(C)(C)CCC1=O,CC[C@@]1(CCC(=O)O)CC(C)(C)CCC1=O,8.2,138.91,226.31599999999992,226.31599999999992
34952022,[H][C@@]12CO[C@@H](OCC)[C@]1([H])[C@H](C[C@H]2O)C(=C)C=O,C=C(C=O)[C@H]1C[C@@H](O)[C@@H]2CO[C@@H](OCC)[C@@H]21,-55.0,20.39,226.27199999999996,226.27199999999996
34952514,[H][C@@]1(COC(C)(C)O1)[C@@H](O)[C@](C)(C=C)C(=O)OC,C=C[C@](C)(C(=O)OC)[C@H](O)[C@H]1COC(C)(C)O1,-20.0,170.08,244.28699999999995,244.28699999999995
34987880,[H][C@@]12OC(C)(C)O[C@]1([H])C(=O)C=C[C@@H]2N=N#N,CC1(C)O[C@H]2[C@@H](N=[N+]=[N-])C=CC(=O)[C@H]2O1,183.0,187.04,209.205,209.205
34987887,[H][C@]12OC(C)(C)O[C@@]1([H])[C@@H](C=C[C@H]2O)N=N#N,CC1(C)O[C@@H]2[C@H](O1)[C@H](O)C=C[C@H]2N=[N+]=[N-],-213.0,-178.19,211.22100000000003,-211.22100000000003
35038749,CC(C)C[C@H]1COC(=N1)C1=CN(N=N1)C(C)(C)C,CC(C)C[C@H]1COC(c2cn(C(C)(C)C)nn2)=N1,-41.1,38.69,250.346,250.346
35038750,CC(C)(C)[C@H]1COC(=N1)C1=CN(N=N1)C(C)(C)C,CC(C)(C)[C@H]1COC(c2cn(C(C)(C)C)nn2)=N1,-46.9,75.57,250.346,250.346
35046333,[H][C@]12CC[C@@H](C)[C@@]3([H])CC[C@@]4([H])C(=O)O[C@@]([H])([C@H]1C)[C@@]4([H])[C@@]23[H],C[C@H]1[C@@H]2CC[C@@H](C)[C@H]3CC[C@H]4C(=O)O[C@@H]1[C@H]4[C@@H]23,-24.0,-65.11,234.339,-234.339
35046337,[H][C@]12C[C@]3([H])[C@H](C)CC[C@@]4([H])[C@H](C)[C@]5([H])OC(=O)[C@@]1(O2)[C@]5([H])[C@]34[H],C[C@H]1[C@@H]2CC[C@@H](C)[C@H]3C[C@@H]4O[C@@]45C(=O)O[C@@H]1[C@H]5[C@@H]23,-21.0,-81.73,248.322,-248.322
35046345,[H][C@]12CC[C@@H](C)[C@@]3([H])CC=C(C=O)[C@@]([H])([C@@H](O)[C@H]1C)[C@@]23[H],C[C@@H]1[C@H](O)[C@@H]2C(C=O)=CC[C@H]3[C@@H]2[C@H]1CC[C@H]3C,-46.0,-103.79,234.339,-234.339
35067496,[H][C@]12CC3=CNC4=C3C(=CC=C4)[C@]11C[C@]1(C)CN2C,CN1C[C@@]2(C)C[C@]23c2cccc4[nH]cc(c24)C[C@H]13,44.3,46.42,238.334,238.334
35121653,N[C@@H](CC=CC1=CC=CC=C1)C(F)(F)F,N[C@@H](CC=Cc1ccccc1)C(F)(F)F,-101.4,-265.17,215.218,-215.218
35143077,CCC1=CC=C(C[C@H]2COC(C)(C)O2)O1,CCc1ccc(C[C@H]2COC(C)(C)O2)o1,-2.1,-258.57,210.273,-210.273
35146704,COC1=C(C=CC=C1)[C@@H]1CC(=O)C2=CC=CC=C12,COc1ccccc1[C@@H]1CC(=O)c2ccccc21,29.1,-211.34,238.286,-238.286
35170499,CCC[C@@H](C=C)C1=NC=C(C2CC2)C2=CC=CC=C12,C=C[C@H](CCC)c1ncc(C2CC2)c2ccccc12,-12.8,41.16,251.373,251.373
35170506,C=C[C@H](C1CCCCC1)C1=NC=CC2=CC=CC=C12,C=C[C@@H](c1nccc2ccccc12)C1CCCCC1,-2.5,24.52,251.37299999999996,251.37299999999996
35170507,C=C1CCCC[C@@H]1C1=NC=CC2=CC=CC=C12,C=C1CCCC[C@@H]1c1nccc2ccccc12,2.5,-216.6,223.319,-223.319
35170508,C=C[C@H](C1=CC=CC=C1)C1=NC=CC2=CC=CC=C12,C=C[C@H](c1ccccc1)c1nccc2ccccc12,-4.9,-638.99,245.325,-245.325
35170513,CCC[C@@H](C=C)C1=NC=CC2=CC=CC=C12,C=C[C@H](CCC)c1nccc2ccccc12,-2.8,148.15,211.308,211.308
35170514,CCC[C@@H](C=C)C1=NC2=CC=CC=C2C=C1,C=C[C@H](CCC)c1ccc2ccccc2n1,12.2,468.22,211.308,211.308
35170516,CCC[C@@H](C=C)C1=NC2=CC=C(C)C=C2C=C1,C=C[C@H](CCC)c1ccc2cc(C)ccc2n1,32.6,453.93,225.335,225.335
35170518,CCC[C@@H](C=C)C1=NC2=C(OC)C=CC=C2C=C1,C=C[C@H](CCC)c1ccc2cccc(OC)c2n1,-6.9,456.88,241.334,241.334
35170520,C=C[C@H](C1CCCCC1)C1=NC2=CC=CC=C2C=C1,C=C[C@@H](c1ccc2ccccc2n1)C1CCCCC1,28.2,-364.68,251.3729999999999,-251.3729999999999
35170522,CCC[C@@H](C=C)C1=NC(=CC=C1)C1=CC=CC=C1,C=C[C@H](CCC)c1cccc(-c2ccccc2)n1,14.3,-36.92,237.346,-237.346
35170523,CCC[C@@H](C=C)C1=NC=CC(=C1)C1=CC=CC=C1,C=C[C@H](CCC)c1cc(-c2ccccc2)ccn1,15.7,-81.09,237.34600000000003,-237.34600000000003
35177004,COCO[C@@H]1C=C[C@@H](O[C@H]1C)C1=CC=CC(C)=C1,COCO[C@@H]1C=C[C@H](c2cccc(C)c2)O[C@H]1C,60.9,-185.45,248.322,-248.322
35177015,COCO[C@@H]1C=C[C@@H](O[C@H]1C)C1=CC=C(O)C=C1,COCO[C@@H]1C=C[C@H](c2ccc(O)cc2)O[C@H]1C,16.9,84.85,250.294,250.294
35217940,C[C@@H]1CC[C@@H](C(=C)CCl)C2=C1OC=C2,C=C(CCl)[C@@H]1CC[C@@H](C)c2occc21,20.0,149.61,210.704,210.704
35351375,C#C[C@@H](ON=CC1=CC=CC=C1)C1=CC=CS1,C#C[C@@H](ON=Cc1ccccc1)c1cccs1,18.0,-27.26,241.31500000000003,-241.31500000000003
35351376,C#C[C@@H](ON=CC1=CC=CC=C1)C1CCCCC1,C#C[C@@H](ON=Cc1ccccc1)C1CCCCC1,11.3,-330.61,241.33399999999995,-241.33399999999995
35351378,CC1=CC(C=NO[C@H](C#C)C2=CC=CC=C2)=CC=C1,C#C[C@@H](ON=Cc1cccc(C)c1)c1ccccc1,5.1,61.97,249.313,249.313
35351379,CC1=CC=C(C=NO[C@H](C#C)C2=CC=CC=C2)C=C1,C#C[C@@H](ON=Cc1ccc(C)cc1)c1ccccc1,4.5,179.89,249.313,249.313
35351380,FC1=CC=C(C=NO[C@H](C#C)C2=CC=CC=C2)C=C1,C#C[C@@H](ON=Cc1ccc(F)cc1)c1ccccc1,4.7,165.02,253.276,253.276
35351392,C#C[C@@H](ON=CC1=CC=CC=C1)C1=CC=CC=C1,C#C[C@@H](ON=Cc1ccccc1)c1ccccc1,5.2,-75.3,235.28600000000003,-235.28600000000003
35351413,FC1=CC=C(C=C1)[C@H](ON=CC1=CC=CC=C1)C#C,C#C[C@@H](ON=Cc1ccccc1)c1ccc(F)cc1,4.5,180.22,253.276,253.276
35375224,CC[C@@H](C#CC1=CC=C(OC)C=C1)C1=CC=CC=C1,CC[C@@H](C#Cc1ccc(OC)cc1)c1ccccc1,-5.0,16.71,250.341,250.341
35375268,CC[C@@H](C#CC1=CC=C(C)C=C1)C1=CC=CC=C1,CC[C@@H](C#Cc1ccc(C)cc1)c1ccccc1,-10.9,19.97,234.342,234.342
35389036,N[C@@H](C\C=C\C1=CC=CC=C1)C1=CC=CC=C1,N[C@@H](C/C=C/c1ccccc1)c1ccccc1,-25.65,143.0,223.319,223.319
35389037,CC1=CC=C(C=C1)[C@@H](N)C\C=C\C1=CC=CC=C1,Cc1ccc([C@@H](N)C/C=C/c2ccccc2)cc1,-15.7,-184.05,237.3460000000001,-237.3460000000001
35396740,CC(C)(C)OC(=O)C[C@H](CC=C)C=O,C=CC[C@H](C=O)CC(=O)OC(C)(C)C,-14.55,-139.15,198.262,-198.262
35413848,C[C@@H](CC(=O)N1N=C(C)C=C1C)C1OCCO1,Cc1cc(C)n(C(=O)C[C@H](C)C2OCCO2)n1,1.7,122.09,238.287,238.287
35419046,OC[C@H](C=C)N1C=C(F)C=CC1=O,C=C[C@@H](CO)n1cc(F)ccc1=O,-3.67,-45.36,183.182,-183.182
35419047,OC[C@H](C=C)N1C=CC(Cl)=CC1=O,C=C[C@@H](CO)n1ccc(Cl)cc1=O,-80.29,-508.24,199.637,-199.637
35419048,OC[C@H](C=C)N1C=C(Br)C=CC1=O,C=C[C@@H](CO)n1cc(Br)ccc1=O,-45.06,-142.35,244.088,-244.088
35419051,OC[C@H](C=C)N1C=C(C=CC1=O)C(F)(F)F,C=C[C@@H](CO)n1cc(C(F)(F)F)ccc1=O,-12.7,-410.04,233.189,-233.189
35419052,OC[C@H](C=C)N1C=CC=C(C#N)C1=O,C=C[C@@H](CO)n1cccc(C#N)c1=O,-10.29,-765.23,190.202,-190.202
35419053,OC[C@H](C=C)N1C=C(C=CC1=O)N(=O)=O,C=C[C@@H](CO)n1cc([N+](=O)[O-])ccc1=O,-4.33,-353.09,210.189,-210.189
35419054,OC[C@H](C=C)N1C=C(C=O)C=CC1=O,C=C[C@@H](CO)n1cc(C=O)ccc1=O,-32.49,-322.75,193.202,-193.202
35419056,COC(=O)C1=CC=CN([C@H](CO)C=C)C1=O,C=C[C@@H](CO)n1cccc(C(=O)OC)c1=O,-33.96,-723.89,223.22799999999995,-223.22799999999995
35419057,OCC[C@H](C=C)N1C=CC=CC1=O,C=C[C@@H](CCO)n1ccccc1=O,-14.09,93.81,179.219,179.219
35419058,COC[C@H](C=C)N1C=CC=CC1=O,C=C[C@@H](COC)n1ccccc1=O,-12.56,8.41,179.219,179.219
35419059,OC[C@H](C=C)N1C=CC(=O)C=C1,C=C[C@@H](CO)n1ccc(=O)cc1,-17.36,-204.48,165.19199999999998,-165.19199999999998
35419082,CC1=CC=CN([C@H](CO)C=C)C1=O,C=C[C@@H](CO)n1cccc(C)c1=O,-38.54,79.4,179.21899999999997,179.21899999999997
35419085,CC1=CC(=O)N(C=C1)[C@H](CO)C=C,C=C[C@@H](CO)n1ccc(C)cc1=O,-13.9,-545.34,179.21899999999997,-179.21899999999997
35419089,CC1=CN([C@H](CO)C=C)C(=O)C=C1,C=C[C@@H](CO)n1cc(C)ccc1=O,-14.11,-542.76,179.219,-179.219
35431628,C=C[C@@H]1CC(C(=C)C2=CC=CC=C2)=N(=O)O1,C=C[C@@H]1CC(C(=C)c2ccccc2)=[N+]([O-])O1,23.3,331.01,215.252,215.252
35431629,C=C[C@@H]1CC(C2=CCCCC2)=N(=O)O1,C=C[C@@H]1CC(C2=CCCCC2)=[N+]([O-])O1,29.96,302.99,193.24599999999995,193.24599999999995
35431630,CC(=C)[C@@H]1CC(C2=CC=CC=C2)=N(=O)O1,C=C(C)[C@@H]1CC(c2ccccc2)=[N+]([O-])O1,34.56,221.77,203.241,203.241
35431632,CCCC[C@@]1(CC(C2=CC=CC=C2)=N(=O)O1)C=C,C=C[C@@]1(CCCC)CC(c2ccccc2)=[N+]([O-])O1,-7.49,93.88,245.32200000000003,245.32200000000003
35431728,C=C[C@@H]1CC(C2=CC=CC=C2)=N(=O)O1,C=C[C@@H]1CC(c2ccccc2)=[N+]([O-])O1,35.78,36.81,189.214,189.214
35431729,CC1=C(C=CC=C1)C1=N(=O)O[C@@H](C1)C=C,C=C[C@@H]1CC(c2ccccc2C)=[N+]([O-])O1,19.97,-64.86,203.241,-203.241
35431730,CC1=CC=CC(=C1)C1=N(=O)O[C@@H](C1)C=C,C=C[C@@H]1CC(c2cccc(C)c2)=[N+]([O-])O1,34.39,-70.12,203.241,-203.241
35431731,CC1=CC=C(C=C1)C1=N(=O)O[C@@H](C1)C=C,C=C[C@@H]1CC(c2ccc(C)cc2)=[N+]([O-])O1,29.96,1.44,203.241,203.241
35431732,COC1=CC=CC(=C1)C1=N(=O)O[C@@H](C1)C=C,C=C[C@@H]1CC(c2cccc(OC)c2)=[N+]([O-])O1,26.11,156.21,219.23999999999995,219.23999999999995
35431735,FC1=CC=C(C=C1)C1=N(=O)O[C@@H](C1)C=C,C=C[C@@H]1CC(c2ccc(F)cc2)=[N+]([O-])O1,30.67,44.38,207.204,207.204
35431736,ClC1=CC=CC(=C1)C1=N(=O)O[C@@H](C1)C=C,C=C[C@@H]1CC(c2cccc(Cl)c2)=[N+]([O-])O1,35.78,183.79,223.659,223.659
35431738,COC(=O)C1=CC=C(C=C1)C1=N(=O)O[C@@H](C1)C=C,C=C[C@@H]1CC(c2ccc(C(=O)OC)cc2)=[N+]([O-])O1,71.33,103.17,247.25,247.25
35431742,C=C[C@@H]1CC(C2=CC=CC3=CC=CC=C23)=N(=O)O1,C=C[C@@H]1CC(c2cccc3ccccc23)=[N+]([O-])O1,22.19,372.77,239.274,239.274
35431743,C=C[C@@H]1CC(C2=CC3=CC=CC=C3C=C2)=N(=O)O1,C=C[C@@H]1CC(c2ccc3ccccc3c2)=[N+]([O-])O1,39.03,224.78,239.274,239.274
35525366,C[C@@H]1CC2=C(C)C=CC=C2N[C@@H]1C1=CC=CC=C1,Cc1cccc2c1C[C@@H](C)[C@@H](c1ccccc1)N2,33.5,-304.49,237.34600000000003,-237.34600000000003
35525367,C[C@@H]1CC2=CC(C)=CC=C2N[C@@H]1C1=CC=CC=C1,Cc1ccc2c(c1)C[C@@H](C)[C@@H](c1ccccc1)N2,19.2,-227.95,237.34600000000003,-237.34600000000003
35525369,C[C@@H]1CC2=CC=CC(C)=C2N[C@@H]1C1=CC=CC=C1,Cc1cccc2c1N[C@H](c1ccccc1)[C@H](C)C2,-22.9,-357.93,237.346,-237.346
35525370,COC1=CC=C2N[C@@H]([C@H](C)CC2=C1)C1=CC=CC=C1,COc1ccc2c(c1)C[C@@H](C)[C@@H](c1ccccc1)N2,4.2,-192.33,253.34500000000003,-253.34500000000003
35525371,C[C@@H]1CC2=CC(F)=CC=C2N[C@@H]1C1=CC=CC=C1,C[C@@H]1Cc2cc(F)ccc2N[C@@H]1c1ccccc1,-5.9,-231.12,241.30900000000003,-241.30900000000003
35525375,CC(C)[C@@H]1CC2=CC=CC=C2N[C@@H]1C1=CC=CC=C1,CC(C)[C@@H]1Cc2ccccc2N[C@@H]1c1ccccc1,118.4,-341.55,251.373,-251.373
35525377,C[C@@H]1CC2=CC=CC=C2N[C@@H]1C1=C(F)C=CC=C1,C[C@@H]1Cc2ccccc2N[C@@H]1c1ccccc1F,38.2,-229.95,241.309,-241.309
35525383,C[C@@H]1CC2=CC=CC=C2N[C@@H]1C1=CC(F)=CC=C1,C[C@@H]1Cc2ccccc2N[C@@H]1c1cccc(F)c1,17.8,-233.53,241.309,-241.309
35525386,C[C@@H]1CC2=CC=CC=C2N[C@@H]1C1=CC=C(F)C=C1,C[C@@H]1Cc2ccccc2N[C@@H]1c1ccc(F)cc1,11.7,-232.71,241.309,-241.309
35539407,CC[C@@H](O[Si](C)(C)C(C)(C)C)\C=C\CO,CC[C@H](/C=C/CO)O[Si](C)(C)C(C)(C)C,5.5,20.3,230.424,230.424
35599622,C[C@@](O)(C1=CC=CC=C1)C1=C(N)C=CC=C1,C[C@@](O)(c1ccccc1)c1ccccc1N,38.2,137.78,213.28,213.28
35599623,C[C@@]1(OC(=O)NC2=C1C=CC=C2)C1=CC=CC=C1,C[C@]1(c2ccccc2)OC(=O)Nc2ccccc21,34.1,-171.91,239.274,-239.274
35622916,CCCC[C@@H](CC)COC(=O)C1=CNC=N1,CCCC[C@@H](CC)COC(=O)c1c[nH]cn1,-124.0,-8.28,224.304,-224.304
35679524,C\C=C/C[C@@H](O)\C=C\C=C\C=C\C=C\C=C\C=O,C/C=C\C[C@@H](O)/C=C/C=C/C=C/C=C/C=C/C=O,-0.14,88.35,244.334,244.334
35762476,O[C@]1(COC2=C1C=CC=C2)C1=CC=CS1,O[C@@]1(c2cccs2)COc2ccccc21,-94.6,-31.93,218.277,-218.277
35762477,C[C@]1(O)COC2=C1C=CC=C2,C[C@]1(O)COc2ccccc21,-62.4,-43.9,150.177,-150.177
35762478,CC(C)(C)[C@]1(O)COC2=C1C=CC=C2,CC(C)(C)[C@]1(O)COc2ccccc21,-16.2,36.68,192.258,192.258
35762479,CC1(C)OC2=C(C=CC=C2)[C@]1(O)C1=CC=CC=C1,CC1(C)Oc2ccccc2[C@]1(O)c1ccccc1,-104.2,-380.42,240.302,-240.302
35762481,O[C@]1(COC2=C1C=C(Cl)C=C2)C1=CC=CC=C1,O[C@@]1(c2ccccc2)COc2ccc(Cl)cc21,-43.6,-187.56,246.693,-246.693
35762482,COC1=CC2=C(C=C1)[C@@](O)(CO2)C1=CC=CC=C1,COc1ccc2c(c1)OC[C@@]2(O)c1ccccc1,-93.3,-31.26,242.274,-242.274
35762485,O[C@]1(COC2=CC=CC=C12)C1=CC=CC=C1,O[C@@]1(c2ccccc2)COc2ccccc21,-107.1,-115.15,212.248,-212.248
35762494,O[C@]1(COC2=CC=CC=C12)C1=CC=C(F)C=C1,O[C@@]1(c2ccc(F)cc2)COc2ccccc21,-78.0,-107.39,230.238,-230.238
35762504,O[C@]1(COC2=CC=CC=C12)C1=CC=C(Cl)C=C1,O[C@@]1(c2ccc(Cl)cc2)COc2ccccc21,-75.9,-103.78,246.693,-246.693
35762512,CC1=CC=C(C=C1)[C@]1(O)COC2=CC=CC=C12,Cc1ccc([C@]2(O)COc3ccccc32)cc1,-127.3,-136.76,226.27500000000003,-226.27500000000003
35762517,COC1=C(C=CC=C1)[C@]1(O)COC2=C1C=CC=C2,COc1ccccc1[C@]1(O)COc2ccccc21,-164.1,-8.09,242.274,-242.274
35784119,COC[C@@]1(C)COC2=CC=CC(C=O)=C12,COC[C@@]1(C)COc2cccc(C=O)c21,36.12,-34.77,206.241,-206.241
35784120,CC(=O)OC[C@]1(C)COC2=C1C(C=O)=CC=C2,CC(=O)OC[C@]1(C)COc2cccc(C=O)c21,104.58,88.19,234.251,234.251
35784122,C[C@@]1(CCl)COC2=CC=CC(C=O)=C12,C[C@@]1(CCl)COc2cccc(C=O)c21,33.5,-74.09,210.66000000000005,-210.66000000000005
35784126,C[C@@]1(CC2=CC=CC=C2)COC2=CC=CC(C=O)=C12,C[C@@]1(Cc2ccccc2)COc2cccc(C=O)c21,29.7,153.36,252.313,252.313
35860975,COC1=CC(\C=C\C[C@H](N)C2=CC=CC=C2)=CC=C1,COc1cccc(/C=C/C[C@H](N)c2ccccc2)c1,-17.1,155.07,253.345,253.345
35860992,N[C@@H](C\C=C\C1=CC=CO1)C1=CC=CC=C1,N[C@@H](C/C=C/c1ccco1)c1ccccc1,-9.0,791.49,213.28,213.28
35860994,N[C@@H](C\C=C\C1=CC=CS1)C1=CC=CC=C1,N[C@@H](C/C=C/c1cccs1)c1ccccc1,-24.2,125.98,229.348,229.348
35861010,CC1=CC=C(\C=C\C[C@H](N)C2=CC=CC=C2)C=C1,Cc1ccc(/C=C/C[C@H](N)c2ccccc2)cc1,-23.6,330.11,237.346,237.346
35861015,CC1=CC(\C=C\C[C@H](N)C2=CC=CC=C2)=CC=C1,Cc1cccc(/C=C/C[C@H](N)c2ccccc2)c1,-20.1,368.32,237.34600000000003,237.34600000000003
35861018,COC1=CC=C(\C=C\C[C@H](N)C2=CC=CC=C2)C=C1,COc1ccc(/C=C/C[C@H](N)c2ccccc2)cc1,-15.4,567.7,253.34500000000003,253.34500000000003
35935403,COC1=C(OC)C=C(C=C1)[C@H](O)[C@H](N)C(O)=O,COc1ccc([C@H](O)[C@H](N)C(=O)O)cc1OC,-38.0,61.33,241.24299999999997,241.24299999999997
35938558,C[C@H]1CC2=C(O1)C=CC(=C2)C1=CC=CC=C1,C[C@H]1Cc2cc(-c3ccccc3)ccc2O1,14.6,-366.07,210.276,-210.276
35973987,O[C@@H](CC1=CC=CC=C1)C(=O)NCC=C,C=CCNC(=O)[C@@H](O)Cc1ccccc1,-63.5,86.49,205.257,205.257
35973989,C=C[C@H](CC1=CC=CC=C1)NC(=O)C1=CC=CC=C1,C=C[C@H](Cc1ccccc1)NC(=O)c1ccccc1,31.8,101.7,251.329,251.329
35977930,COC(=O)CCC(=O)[C@@H](C)O,COC(=O)CCC(=O)[C@@H](C)O,-43.0,-34.4,160.169,-160.169
35996346,CC(C)C[C@H](CO)SCC1=CC=CC=C1,CC(C)C[C@H](CO)SCc1ccccc1,51.3,-234.88,224.369,-224.369
36076459,CCOC(=O)[C@](C)(N)[C@@H](C)\C=C\C1=CC=CC=C1,CCOC(=O)[C@](C)(N)[C@@H](C)/C=C/c1ccccc1,-32.8,-360.58,247.33800000000005,-247.33800000000005
36150091,CC(=C)[C@]1(C)C[C@H](C=O)[C@H]1C1=C(C)C=CC=C1,C=C(C)[C@]1(C)C[C@H](C=O)[C@H]1c1ccccc1C,142.0,616.28,228.335,228.335
36150192,CC(=C)[C@]1(C)C[C@H](CO)[C@H]1C1=C(C)C=CC=C1,C=C(C)[C@]1(C)C[C@H](CO)[C@H]1c1ccccc1C,98.0,402.31,230.351,230.351
36178833,COC(=O)[C@H](C)NS(=O)(=O)C1=NC=CC=C1,COC(=O)[C@H](C)NS(=O)(=O)c1ccccn1,-2.6,15.1,244.272,244.272
36247202,CCCC1(CCC)O[C@H](C)C2=CC=CC=C12,CCCC1(CCC)O[C@H](C)c2ccccc21,-13.0,-49.16,218.34,-218.34
36247203,COC1=CC=C2[C@@H](C)OC(C)(C)C2=C1,COc1ccc2c(c1)C(C)(C)O[C@@H]2C,-18.0,-35.26,192.258,-192.258
36247209,CC1(C)O[C@](C)(C2=CC=CC=C12)C1=CC=CC=C1,CC1(C)O[C@@](C)(c2ccccc2)c2ccccc21,36.7,-304.71,238.33,-238.33
36247211,C[C@@H]1CC2(CO1)CC1=CC=CC=C1C2,C[C@@H]1CC2(CO1)Cc1ccccc1C2,-68.9,53.44,188.27,188.27
36247212,CC[C@@H]1CC2(CO1)CC1=CC=CC=C1C2,CC[C@@H]1CC2(CO1)Cc1ccccc1C2,-82.4,100.18,202.297,202.297
36247213,FC1=NC=CC(C[C@@H]2CCCO2)=C1,Fc1cc(C[C@@H]2CCCO2)ccn1,27.8,119.07,181.21,181.21
36247228,C[C@H]1OC(C)(C)C2=CC=CC(Br)=C12,C[C@H]1OC(C)(C)c2cccc(Br)c21,40.9,35.51,241.128,241.128
36375677,[H][C@@]12O[C@@]([H])(C3=C(C=CC3)C1(CC)CC)C(=O)C=C2,CCC1(CC)C2=C(CC=C2)[C@@H]2O[C@H]1C=CC2=O,-330.0,-67.16,230.307,-230.307
36375679,[H][C@@]12O[C@@]([H])(C=CC1=O)C1(CCCC1)C1=C2CC=C1,O=C1C=C[C@@H]2O[C@H]1C1=C(C=CC1)C21CCCC1,-250.0,-174.68,228.29099999999997,-228.29099999999997
36375680,[H][C@@]12O[C@@]([H])(C=CC1=O)C1(CCC1)C1=C2CC=C1,O=C1C=C[C@@H]2O[C@H]1C1=C(C=CC1)C21CCC1,-376.0,-102.95,214.26399999999995,-214.26399999999995
36375681,[H][C@@]12O[C@@]([H])(C3=C(C=CC3)[C@H]1C(C)(C)C)C(=O)C=C2,CC(C)(C)[C@@H]1C2=C(CC=C2)[C@@H]2O[C@H]1C=CC2=O,-417.0,-53.46,230.307,-230.307
36375694,[H][C@@]12O[C@@]([H])(CC[C@@H]1O)C(C)(C)C1=C2CCC1,CC1(C)C2=C(CCC2)[C@@H]2O[C@H]1CC[C@@H]2O,-69.0,-77.03,208.301,-208.301
36375695,CC1(C)[C@@H](O)CC[C@H](O)CC2=C1CCC2,CC1(C)C2=C(CCC2)C[C@@H](O)CC[C@@H]1O,-12.0,6.19,210.317,210.317
36452452,[H][C@@]12CCC(=[N]#N)C(=O)[C@@]1(C)CCCC2(C)C,CC1(C)CCC[C@]2(C)C(=O)C(=[N+]=[N-])CC[C@@H]12,44.4,-9.49,220.316,-220.316
36452460,[H][C@@]12CC[C@H](C(C)=O)[C@@]1(C)CCCC2(C)C,CC(=O)[C@H]1CC[C@H]2C(C)(C)CCC[C@]12C,122.8,112.59,208.34499999999997,208.34499999999997
36597705,COC1=CC=C2C=C[C@](C)(O)C(=O)C2=C1,COc1ccc2c(c1)C(=O)[C@@](C)(O)C=C2,11.2,-785.26,204.225,-204.225
36629882,[H][C@]1(CCCCN1C(=O)OC(C)(C)C)[C@@](C)(O)C=C,C=C[C@](C)(O)[C@@H]1CCCCN1C(=O)OC(C)(C)C,-82.1,-20.5,255.35799999999995,-255.35799999999995
36629883,[H][C@]1(CCCCN1C(=O)OC(C)(C)C)[C@](C)(O)C=C,C=C[C@@](C)(O)[C@@H]1CCCCN1C(=O)OC(C)(C)C,-98.3,25.58,255.35799999999995,255.35799999999995
36663212,COC(=O)C1=CC=CC=C(C1)[C@H]1CCCC(=O)O1,COC(=O)C1=CC=CC=C([C@H]2CCCC(=O)O2)C1,71.1,564.75,248.2779999999999,248.2779999999999
36753936,OC[C@H](NCC#CC1=CC=CC=C1)C1=CC=CC=C1,OC[C@H](NCC#Cc1ccccc1)c1ccccc1,199.1,-460.75,251.32900000000004,-251.32900000000004
36753987,COC1=CC(C)=C(N2CC[C@H](C)C2)C(C)=C1,COc1cc(C)c(N2CC[C@H](C)C2)c(C)c1,-19.5,-42.2,219.328,-219.328
36786034,O[C@H]([C@@H]1CCCC=C1)C1=CC=CC=C1,O[C@@H](c1ccccc1)[C@H]1C=CCCC1,11.54,38.65,188.26999999999995,188.26999999999995
36806461,C[C@H](C=C)C#CC1=CC=CC=C1,C=C[C@@H](C)C#Cc1ccccc1,1.4,-418.4,156.22799999999998,-156.22799999999998
36806475,C=C[C@H](CCC1=CC=CC=C1)C#CC1=CSC=C1,C=C[C@@H](C#Cc1ccsc1)CCc1ccccc1,1.8,38.19,252.382,252.382
36806476,C=C[C@H](CCC1=CC=CC=C1)C#CC1=CC=CN=C1,C=C[C@@H](C#Cc1cccnc1)CCc1ccccc1,-9.0,-473.56,247.34099999999995,-247.34099999999995
36806477,C=C[C@H](CCC1=CC=CC=C1)C#CC1CC1,C=C[C@@H](C#CC1CC1)CCc1ccccc1,9.2,-386.17,210.32,-210.32
36806478,OCC#C[C@@H](CCC1=CC=CC=C1)C=C,C=C[C@@H](C#CCO)CCc1ccccc1,3.4,153.63,200.281,200.281
36806479,CCCCC[C@@H](C=C)C#CC1=CC=CC=C1,C=C[C@@H](C#Cc1ccccc1)CCCCC,9.0,-395.23,212.3359999999999,-212.3359999999999
36806480,CC(C)(O)C#C[C@@H](CCC1=CC=CC=C1)C=C,C=C[C@@H](C#CC(C)(C)O)CCc1ccccc1,7.6,229.54,228.335,228.335
36806481,C=C[C@H](CCC1=CC=CC=C1)C#CCCCC#N,C=C[C@@H](C#CCCCC#N)CCc1ccccc1,3.0,303.86,237.346,237.346
36806485,ClCCCC#C[C@@H](CCC1=CC=CC=C1)C=C,C=C[C@@H](C#CCCCCl)CCc1ccccc1,12.2,305.28,246.781,246.781
36806488,C\C(=C\CO)C#C[C@@H](CCC1=CC=CC=C1)C=C,C=C[C@@H](C#C/C(C)=C\CO)CCc1ccccc1,6.2,101.92,240.346,240.346
36806491,COC1=CC=C(C=C1)C#C[C@@H](C)C=C,C=C[C@H](C)C#Cc1ccc(OC)cc1,28.8,383.7,186.254,186.254
36806492,CCC[C@@H](C=C)C#CC1=CC=C(OC)C=C1,C=C[C@@H](C#Cc1ccc(OC)cc1)CCC,13.0,324.82,214.30799999999996,214.30799999999996
36806493,COC1=CC=C(C=C1)C#C[C@H](C=C)C(C)C,C=C[C@@H](C#Cc1ccc(OC)cc1)C(C)C,24.6,311.34,214.308,214.308
36806494,COC1=CC=C(C=C1)C#C[C@H](C=C)C1CCCCC1,C=C[C@@H](C#Cc1ccc(OC)cc1)C1CCCCC1,83.4,227.48,254.3729999999999,254.3729999999999
36806495,COC1=CC=C(C=C1)C#C[C@H](C=C)C1CC1,C=C[C@@H](C#Cc1ccc(OC)cc1)C1CC1,53.1,190.86,212.29199999999997,212.29199999999997
36806496,COC1=CC=C(C=C1)C#C[C@@H](CC(C)C)C=C,C=C[C@@H](C#Cc1ccc(OC)cc1)CC(C)C,47.2,224.21,228.33499999999995,228.33499999999995
36806497,COC1=CC=C(C=C1)C#C[C@H](C=C)C(C)(C)C,C=C[C@@H](C#Cc1ccc(OC)cc1)C(C)(C)C,8.0,298.02,228.33499999999995,228.33499999999995
36806498,COC1=CC=C(C=C1)C#C[C@H](C=C)C1=CC=CC=C1,C=C[C@@H](C#Cc1ccc(OC)cc1)c1ccccc1,2.6,230.62,248.325,248.325
36806501,COC1=CC=C(C=C1)C#C[C@@H](CO)C=C,C=C[C@@H](C#Cc1ccc(OC)cc1)CO,25.0,415.43,202.253,202.253
36806662,CC1=CC=C2[C@@H](CC=C)NC3=C(OC2=C1)C=CC=C3,C=CC[C@H]1Nc2ccccc2Oc2cc(C)ccc21,-1.2,-212.59,251.32899999999995,-251.32899999999995
36806663,CC1=CC=C2OC3=C(N[C@H](CC=C)C2=C1)C=CC=C3,C=CC[C@H]1Nc2ccccc2Oc2ccc(C)cc21,3.4,229.62,251.32899999999995,251.32899999999995
36806667,FC1=CC=C2OC3=C(N[C@H](CC=C)C2=C1)C=CC=C3,C=CC[C@H]1Nc2ccccc2Oc2ccc(F)cc21,-4.0,-106.25,255.29199999999997,-255.29199999999997
36806670,C=CC[C@H]1NC2=C(SC3=CC=CC=C13)C=CC=C2,C=CC[C@H]1Nc2ccccc2Sc2ccccc21,-21.6,-39.77,253.37,-253.37
36806672,C=CC[C@H]1NC2=C(OC3=CC=CC=C13)C=CC=C2,C=CC[C@H]1Nc2ccccc2Oc2ccccc21,-1.0,-163.52,237.302,-237.302
36806674,CC(=C)C[C@H]1NC2=C(OC3=CC=CC=C13)C=CC=C2,C=C(C)C[C@H]1Nc2ccccc2Oc2ccccc21,-1.4,-184.57,251.329,-251.329
36806680,[H][C@]12CCCCN1C1=C(OC3=C2C=CC=C3)C=CC=C1,c1ccc2c(c1)Oc1ccccc1N1CCCC[C@H]21,-347.2,-178.91,251.32899999999995,-251.32899999999995
36806689,CC1=CC2=C(N[C@H](CC=C)C3=CC=CC=C3O2)C=C1,C=CC[C@H]1Nc2ccc(C)cc2Oc2ccccc21,-1.8,-124.51,251.329,-251.329
36806693,FC1=CC2=C(OC3=CC=CC=C3[C@@H](CC=C)N2)C=C1,C=CC[C@H]1Nc2cc(F)ccc2Oc2ccccc21,5.3,-133.44,255.292,-255.292
36806708,CC1=CC2=C(OC3=CC=CC=C3[C@@H](CC=C)N2)C=C1,C=CC[C@H]1Nc2cc(C)ccc2Oc2ccccc21,-21.6,-144.14,251.329,-251.329
36815023,C[C@@H](C=C)C1(SCCCS1)C(O)=O,C=C[C@H](C)C1(C(=O)O)SCCCS1,-11.8,32.77,218.34299999999996,218.34299999999996
36815028,CCC[C@@H](C=C)C1(SCCCS1)C(O)=O,C=C[C@H](CCC)C1(C(=O)O)SCCCS1,5.0,50.26,246.397,246.397
36858346,CC(C)NC(=O)O[C@H]1CCN2C=CN=C12,CC(C)NC(=O)O[C@H]1CCn2ccnc21,3.0,7.14,209.249,209.249
36858347,CC(C)N(C(C)C)C(=O)O[C@H]1CCN2C=CN=C12,CC(C)N(C(=O)O[C@H]1CCn2ccnc21)C(C)C,16.9,-4.41,251.33,-251.33
36858354,O=C(O[C@H]1CCN2C=CN=C12)N1CCCCC1,O=C(O[C@H]1CCn2ccnc21)N1CCCCC1,15.0,85.96,235.28699999999992,235.28699999999992
36858355,CC(C)(C)OC(=O)O[C@H]1CCN2C=CN=C12,CC(C)(C)OC(=O)O[C@H]1CCn2ccnc21,-30.4,41.22,224.26,224.26
36858356,CC(C)(C)NC(=O)O[C@H]1CCN2C=CN=C12,CC(C)(C)NC(=O)O[C@H]1CCn2ccnc21,8.0,55.97,223.276,223.276
36858357,CN(C(=O)O[C@H]1CCN2C=CN=C12)C(C)(C)C,CN(C(=O)O[C@H]1CCn2ccnc21)C(C)(C)C,9.0,63.85,237.303,237.303
36858363,CC(C)(C)[Si](C)(C)O[C@H]1CCN2C=CN=C12,CC(C)(C)[Si](C)(C)O[C@H]1CCn2ccnc21,-25.6,-141.88,238.407,-238.407
36946687,COC1=CC2=C(C=C1OC)[C@@H](C)C(=O)NCC2,COc1cc2c(cc1OC)[C@@H](C)C(=O)NCC2,-144.0,-200.16,235.283,-235.283
36946689,COC1=CC2=C(CCNC(=O)[C@@H]2C)C=C1,COc1ccc2c(c1)[C@@H](C)C(=O)NCC2,12.0,-158.98,205.25699999999995,-205.25699999999995
37081358,N[C@H](C#CC1=CC=C(F)C=C1)C(F)(F)F,N[C@H](C#Cc1ccc(F)cc1)C(F)(F)F,27.6,102.52,217.165,217.165
37111515,CC(C)C[C@@H](C)C(=O)NC1=CC=CC=C1,CC(C)C[C@@H](C)C(=O)Nc1ccccc1,-7.0,-152.89,205.301,-205.301
37134236,CN1C=CC2=C(C=CC=C12)[C@H](O)C=C,C=C[C@@H](O)c1cccc2c1ccn2C,26.2,-98.47,187.242,-187.242
37177863,CO[C@H]1CCC[C@H](O1)C1=CC=CC=C(CO)C1,CO[C@H]1CCC[C@@H](C2=CC=CC=C(CO)C2)O1,-39.8,-48.89,236.311,-236.311
37177867,CO[C@H]1CCC[C@H](O1)C1=CC=CC=C(C1)C=O,CO[C@H]1CCC[C@@H](C2=CC=CC=C(C=O)C2)O1,-39.650000000000006,251.99,234.295,234.295
37238766,C[C@H](C1CCCCC1)C(=O)NC1=CC=CC=C1,C[C@@H](C(=O)Nc1ccccc1)C1CCCCC1,-35.5,62.36,231.3389999999999,231.3389999999999
37255699,CCOC(=O)[C@@H]1CSC[C@@H]1O,CCOC(=O)[C@@H]1CSC[C@@H]1O,5.8,12.42,176.237,176.237
37255700,CCOC(=O)[C@@]1(CSC[C@@H]1O)C1=CC=CC=C1,CCOC(=O)[C@]1(c2ccccc2)CSC[C@@H]1O,-18.9,111.22,252.335,252.335
37283106,C[C@@H](CC(C)=C)B1OCC(C)(C)CO1,C=C(C)C[C@H](C)B1OCC(C)(C)CO1,107.1,-37.04,196.099,-196.099
37283118,C[C@@H](CC(=C)CC=C)B1OCC(C)(C)CO1,C=CCC(=C)C[C@H](C)B1OCC(C)(C)CO1,-7.1,268.27,222.13699999999997,222.13699999999997
37283127,C[C@H](O)CC(=C)C1=CC2=CC=CC=C2O1,C=C(C[C@H](C)O)c1cc2ccccc2o1,-1.7,-78.02,202.253,-202.253
37283130,C[C@@H](CC=C)B1OCC(C)(C)CO1,C=CC[C@H](C)B1OCC(C)(C)CO1,5.8,10.7,182.072,182.072
37283140,CCC[C@@H](CC=C)B1OCC(C)(C)CO1,C=CC[C@H](CCC)B1OCC(C)(C)CO1,-5.7,6.26,210.12599999999995,210.12599999999995
37300452,[H][C@]12CC[C@](C1)(OC2=O)C1=CC=C(C=C1)C(C)(C)C,CC(C)(C)c1ccc([C@@]23CC[C@@H](C2)C(=O)O3)cc1,31.5,33.02,244.33399999999995,244.33399999999995
37300454,[H][C@]12CC[C@](C1)(OC2=O)C1=CC(C)=CC(C)=C1,Cc1cc(C)cc([C@@]23CC[C@@H](C2)C(=O)O3)c1,34.3,50.96,216.28,216.28
37300455,[H][C@]12CC[C@](C1)(OC2=O)C1=CC(C)=CC=C1,Cc1cccc([C@@]23CC[C@@H](C2)C(=O)O3)c1,33.6,70.35,202.253,202.253
37300456,[H][C@]12CC[C@](C1)(OC2=O)C1=C(OC)C=CC=C1,COc1ccccc1[C@@]12CC[C@@H](C1)C(=O)O2,27.9,13.22,218.25199999999992,218.25199999999992
37300460,[H][C@]12CC[C@](C1)(OC2=O)C1=CC=C2C=CC=CC2=C1,O=C1O[C@]2(c3ccc4ccccc4c3)CC[C@H]1C2,19.6,27.67,238.28599999999997,238.28599999999997
37300461,[H][C@]12CC[C@](CC3=CC=CC=C3)(C1)OC2=O,O=C1O[C@]2(Cc3ccccc3)CC[C@H]1C2,44.4,-53.21,202.253,-202.253
37300468,[H][C@]12CC[C@](C1)(OC2=O)C12CC3CC(CC(C3)C1)C2,O=C1O[C@]2(C34CC5CC(CC(C5)C3)C4)CC[C@H]1C2,25.1,-4.45,246.3499999999999,-246.3499999999999
37300469,[H][C@@]12CC[C@@](CCC1)(OC2=O)C1=CC=CC=C1,O=C1O[C@]2(c3ccccc3)CCC[C@H]1CC2,-56.2,-33.02,216.27999999999992,-216.27999999999992
37391319,CC1(C)OCC[C@]11C(=O)NC2=CC=CC=C12,CC1(C)OCC[C@]12C(=O)Nc1ccccc12,98.3,85.66,217.26800000000003,217.26800000000003
37391341,COC(=O)N1CC[C@]2(C1)C(=O)NC1=CC=CC=C21,COC(=O)N1CC[C@]2(C1)C(=O)Nc1ccccc12,25.4,71.68,246.266,246.266
37391344,O=C1NC2=CC=CC=C2[C@@]11CCOC1,O=C1Nc2ccccc2[C@@]12CCOC2,38.8,157.18,189.2139999999999,189.2139999999999
37391345,FC1=C2C(NC(=O)[C@]22CCOC2)=CC=C1,O=C1Nc2cccc(F)c2[C@@]12CCOC2,1.0,27.3,207.20399999999992,207.20399999999992
37391347,CC1=CC=C2C(NC(=O)[C@]22CCOC2)=C1,Cc1ccc2c(c1)NC(=O)[C@]21CCOC1,30.4,118.82,203.241,203.241
37391348,O=C1NC2=CC(=CC=C2[C@@]11CCOC1)C#N,N#Cc1ccc2c(c1)NC(=O)[C@]21CCOC1,55.2,165.49,214.22399999999996,214.22399999999996
37396058,CC\C=C/C[C@H]1C(=C)C=CC1=O,C=C1C=CC(=O)[C@H]1C/C=C\CC,-16.5,232.52,162.23199999999997,162.23199999999997
37409743,CC(=C)[C@@H](C=C)C=C(C)CO,C=C[C@@H](C=C(C)CO)C(=C)C,26.3,-191.95,152.23699999999997,-152.23699999999997
37415322,S=C1NC[C@@H](N1)C12CC3CC(CC(C3)C1)C2,S=C1NC[C@H](C23CC4CC(CC(C4)C2)C3)N1,-22.5,-7.5,236.384,-236.384
37415782,CC(=O)C1=C(C)O[C@@H]([C@H]1C1=CC=CC=C1)N(=O)=O,CC(=O)C1=C(C)O[C@H]([N+](=O)[O-])[C@H]1c1ccccc1,-182.49,368.42,247.25,247.25
37433570,C\C=C1\CC[C@H](C1)C(C)(C)C(=C)C#C,C#CC(=C)C(C)(C)[C@@H]1CC/C(=C/C)C1,30.0,172.14,188.314,188.314
37433577,[H][C@@]12CC[C@]3(C1)[C@@H](C)C(=O)C[C@@]3([H])C(=C)C2(C)C,C=C1[C@@H]2CC(=O)[C@H](C)[C@@]23CC[C@H](C3)C1(C)C,-25.0,-34.67,218.33999999999995,-218.33999999999995
37433578,CC(C)([C@H]1CCC(=O)C1)C(O)=O,CC(C)(C(=O)O)[C@H]1CCC(=O)C1,-106.4,-102.8,170.20799999999994,-170.20799999999994
37433597,C\C=C1\CC[C@H](C1)C(C)(C)C(C)=O,C/C=C1/CC[C@@H](C(C)(C)C(C)=O)C1,42.0,62.04,180.291,180.291
37433847,ClC1=C(C=CC=C1)[C@@H]1CC(=O)C2=CC=CC=C12,O=C1C[C@@H](c2ccccc2Cl)c2ccccc21,-36.0,-245.88,242.705,-242.705
37433867,COC1=C2[C@@H](CC(=O)C2=CC=C1)C1=CC=CC=C1,COc1cccc2c1[C@H](c1ccccc1)CC2=O,-7.5,296.21,238.286,238.286
37433869,COC1=CC=C2C(=O)C[C@H](C2=C1)C1=CC=CC=C1,COc1ccc2c(c1)[C@H](c1ccccc1)CC2=O,-10.9,-80.55,238.286,-238.286
37433870,ClC1=CC=C2C(=O)C[C@H](C2=C1)C1=CC=CC=C1,O=C1C[C@@H](c2ccccc2)c2cc(Cl)ccc21,-12.8,95.95,242.705,242.705
37433874,ClC1=CC=CC(=C1)[C@@H]1CC(=O)C2=CC=CC=C12,O=C1C[C@@H](c2cccc(Cl)c2)c2ccccc21,41.4,373.15,242.705,242.705
37539896,COC1=CC(=CC(OC)=C1)[C@@H](O)C1=CC=CC=C1,COc1cc(OC)cc([C@@H](O)c2ccccc2)c1,13.04,466.76,244.29,244.29
37543053,[H][C@]12CC[C@@H](CC)N1CC[C@H](CC2)C1=CC=CC=C1,CC[C@@H]1CC[C@@H]2CC[C@H](c3ccccc3)CCN21,-48.0,-66.93,243.394,-243.394
37543057,[H][C@]12CC[C@@H](CC=C)N1CC[C@H](CC2)C1=CC=CC=C1,C=CC[C@@H]1CC[C@@H]2CC[C@H](c3ccccc3)CCN21,-37.0,-103.18,255.405,-255.405
37543069,[H][C@]12CC[C@@H](CC=C)N1CCCC2,C=CC[C@@H]1CC[C@@H]2CCCCN21,-34.6,-187.48,165.27999999999997,-165.27999999999997
37543071,[H][C@]12CC[C@@H](CCC)N1CCCC2,CCC[C@@H]1CC[C@@H]2CCCCN12,-42.0,-153.88,167.296,-167.296
37543074,CCCC[C@H](O)CCC1(CCCCC1)N=N#N,CCCC[C@H](O)CCC1(N=[N+]=[N-])CCCCC1,1.2,62.6,239.36299999999991,239.36299999999991
37548073,[H][C@]1(CCC(=O)N1)[C@@H](CC)OC(C)=O,CC[C@@H](OC(C)=O)[C@@H]1CCC(=O)N1,41.8,151.85,185.223,185.223
37548075,[H][C@]1(CCC(=O)N1)[C@@H](CCCCC)OC(C)=O,CCCCC[C@@H](OC(C)=O)[C@@H]1CCC(=O)N1,21.0,-41.33,227.304,-227.304
37548077,[H][C@]1(CCC(=O)N1)[C@H](C)OC(C)=O,CC(=O)O[C@@H](C)[C@@H]1CCC(=O)N1,15.4,-29.75,171.196,-171.196
37548083,CC(=O)OC(C)(C)[C@@H]1CCC(=O)N1,CC(=O)OC(C)(C)[C@@H]1CCC(=O)N1,17.0,26.94,185.223,185.223
37548086,[H][C@]1(CCC(=O)N1)[C@@H](C)OC(=O)C(C)C,CC(C)C(=O)O[C@H](C)[C@@H]1CCC(=O)N1,16.9,115.99,199.24999999999997,199.24999999999997
37582828,CC1=CN([C@@H](CO)C(=C)C2=CC=CC=C2)C(=O)C=C1,C=C(c1ccccc1)[C@H](CO)n1cc(C)ccc1=O,-85.667,558.34,255.31699999999995,255.31699999999995
37582829,CC1=CC(=O)N(C=C1)[C@@H](CO)C(=C)C1=CC=CC=C1,C=C(c1ccccc1)[C@H](CO)n1ccc(C)cc1=O,-49.697,600.07,255.31699999999995,255.31699999999995
37582830,CC1=CC=CN([C@@H](CO)C(=C)C2=CC=CC=C2)C1=O,C=C(c1ccccc1)[C@H](CO)n1cccc(C)c1=O,-95.818,-306.36,255.31699999999995,-255.31699999999995
37582835,OC[C@H](N1C=CC=CC1=O)C(=C)C1=CC=CC=C1,C=C(c1ccccc1)[C@H](CO)n1ccccc1=O,-141.333,-307.75,241.29,-241.29
37582841,OCC[C@H](N1C=CC=CC1=O)C(=C)C1=CC=CC=C1,C=C(c1ccccc1)[C@H](CCO)n1ccccc1=O,-183.284,-189.83,255.31699999999995,-255.31699999999995
37582846,CC1=CC=C(C=C1)C(=C)[C@H](CO)N1C=CC=CC1=O,C=C(c1ccc(C)cc1)[C@H](CO)n1ccccc1=O,-127.391,604.38,255.317,255.317
37582857,CC1=CC(=CC=C1)C(=C)[C@H](CO)N1C=CC=CC1=O,C=C(c1cccc(C)c1)[C@H](CO)n1ccccc1=O,-111.111,518.81,255.317,255.317
37614349,CCC(=O)[C@](O)(CC)C#CCCC1=CC=CC=C1,CCC(=O)[C@@](O)(C#CCCc1ccccc1)CC,125.8,149.37,244.334,244.334
37614350,CCCCCCC#C[C@@](O)(CC)C(=O)CC,CCCCCCC#C[C@@](O)(CC)C(=O)CC,119.6,-50.07,224.344,-224.344
37614351,CCC(=O)[C@](O)(CC)C#C[Si](C)(C)C,CCC(=O)[C@@](O)(C#C[Si](C)(C)C)CC,178.5,256.42,212.36499999999995,212.36499999999995
37614369,CCC(=O)[C@](O)(CC)C#CC1=CC=C(C)C=C1,CCC(=O)[C@@](O)(C#Cc1ccc(C)cc1)CC,246.3,235.08,230.307,230.307
37614371,CCC(=O)[C@](O)(CC)C#CC1=C(F)C=CC=C1,CCC(=O)[C@@](O)(C#Cc1ccccc1F)CC,204.9,435.93,234.27,234.27
37655814,COC(=O)[C@H](NC(=O)OC(C)(C)C)C=C,C=C[C@@H](NC(=O)OC(C)(C)C)C(=O)OC,-3.1,-171.85,215.249,-215.249
37666648,CCOC(=O)[C@@H]1CNC2=C(O1)C=CC=C2,CCOC(=O)[C@@H]1CNc2ccccc2O1,-37.0,-112.52,207.229,-207.229
37681317,C#CCN1CCC[C@H]1COC1=CC=CC=C1,C#CCN1CCC[C@H]1COc1ccccc1,-118.3,-302.23,215.296,-215.296
37757539,C[C@@H]1N(CC=CC1=O)C(=O)OC(C)(C)C,C[C@H]1C(=O)C=CCN1C(=O)OC(C)(C)C,73.37,354.16,211.261,211.261
37801521,[H][C@@]12C[C@@]([H])(C(=CC1)C(=O)NCC1=CC=CC=C1)C2(C)C,CC1(C)[C@H]2CC=C(C(=O)NCc3ccccc3)[C@@H]1C2,-6.0,-150.17,255.361,-255.361
38158129,[BH3-][N@@+]1(CC[C@@H]1C#N)[C@@H](C)C1=CC=CC=C1,[BH3-][N@+]1([C@@H](C)c2ccccc2)CC[C@@H]1C#N,120.4,72.01,200.094,200.094
38233198,ClC1=CC2=C(C=C1)[C@@]1(CCC(=O)N1)C(=O)C=C2,O=C1CC[C@@]2(N1)C(=O)C=Cc1cc(Cl)ccc12,-137.6,70.6,247.681,247.681
38233202,COC1=CC2=C(C=C1)C=CC(=O)[C@]21CCC(=O)N1,COc1ccc2c(c1)[C@@]1(CCC(=O)N1)C(=O)C=C2,-304.9,-34.82,243.262,-243.262
38233206,O=C1CC[C@@]2(N1)C=CC(=O)C1=C2C=CC=C1,O=C1CC[C@]2(C=CC(=O)c3ccccc32)N1,-31.7,17.61,213.236,213.236
38235579,CC1=CC=C2[C@@H](O)C[C@H](C2=C1)C1=CC=CC=C1,Cc1ccc2c(c1)[C@H](c1ccccc1)C[C@@H]2O,7.3,-93.07,224.303,-224.303
38235585,CC1=CC=C2[C@H](C[C@@H](O)C2=C1)C1=CC=CC=C1,Cc1ccc2c(c1)[C@H](O)C[C@@H]2c1ccccc1,-32.7,9.15,224.303,224.303
38293630,O[C@H](CCCCBr)C1CCCCC1,O[C@H](CCCCBr)C1CCCCC1,12.0,52.86,249.19199999999995,249.19199999999995
38293632,O[C@H](CCCCCl)C1CCCCC1,O[C@H](CCCCCl)C1CCCCC1,20.0,123.44,204.741,204.741
38295605,CN1C(=O)[C@H](CC2=CC=CC=C2)OC2=C1C=CC=C2,CN1C(=O)[C@H](Cc2ccccc2)Oc2ccccc21,-274.8,179.77,253.301,253.301
38295648,O=C1NC2=C(O[C@H]1CC1=CC=CC=C1)C=CC=C2,O=C1Nc2ccccc2O[C@H]1Cc1ccccc1,-44.0,330.54,239.274,239.274
38388824,CC(C)(C)[S@@](=O)N[C@H](C(F)F)C(F)(F)F,CC(C)(C)[S@@](=O)N[C@H](C(F)F)C(F)(F)F,-32.2,-127.64,253.236,-253.236
38416308,CCN(CC)C(=O)[C@H](C)CC=O,CCN(CC)C(=O)[C@H](C)CC=O,-4.4,-186.42,171.23999999999995,-171.23999999999995
38416310,CC(C)N(C(C)C)C(=O)[C@H](C)CC=O,CC(C)N(C(=O)[C@H](C)CC=O)C(C)C,61.4,-51.8,199.294,-199.294
38416311,CC[C@H](CC=O)C(=O)N(CC)CC,CC[C@H](CC=O)C(=O)N(CC)CC,-3.0,72.02,185.267,185.267
38416312,CCN(CC)C(=O)[C@H](CC=O)CC1=CC=CC=C1,CCN(CC)C(=O)[C@H](CC=O)Cc1ccccc1,22.3,-202.03,247.338,-247.338
38416313,CCN(CC)C(=O)[C@H](CC=O)C(C)C,CCN(CC)C(=O)[C@H](CC=O)C(C)C,-6.0,126.77,199.294,199.294
38416314,CCN(CC)C(=O)[C@H](CC=O)C1CCCC1,CCN(CC)C(=O)[C@H](CC=O)C1CCCC1,-26.5,1.03,225.33199999999997,225.33199999999997
38416315,CCN(CC)C(=O)[C@H](CC=O)C1=CC=CC=C1,CCN(CC)C(=O)[C@H](CC=O)c1ccccc1,25.3,-251.57,233.311,-233.311
38416325,CCN(CC)C(=O)[C@H](C)CCN1CCOCC1,CCN(CC)C(=O)[C@H](C)CCN1CCOCC1,-24.0,128.62,242.3629999999999,242.3629999999999
38416329,CCN(CC)C(=O)[C@H](C)CCNC1=CC=CC=C1,CCN(CC)C(=O)[C@H](C)CCNc1ccccc1,-23.6,67.76,248.37,248.37
38463597,FC(F)(F)[S@@](=O)C1=CC2=CC=CC=C2C=C1,O=[S@@](c1ccc2ccccc2c1)C(F)(F)F,197.0,100.35,244.23699999999997,244.23699999999997
38463598,FC(F)[S@@](=O)C1=CC=CC=C1,O=[S@@](c1ccccc1)C(F)F,186.0,291.87,176.18699999999995,176.18699999999995
38463599,COC1=CC=C(C=C1)[S@](=O)C(F)F,COc1ccc([S@](=O)C(F)F)cc1,223.0,382.92,206.213,206.213
38602294,COC(=O)[C@]12CC(=O)[C@](C)(CC1=O)C2,COC(=O)[C@]12CC(=O)[C@](C)(CC1=O)C2,-15.4,-0.43,196.202,-196.202
38694577,CC(=O)[C@@]1(CO1)C1=CC=CC=C1,CC(=O)[C@]1(c2ccccc2)CO1,-47.2,96.74,162.18799999999996,162.18799999999996
38694582,O=C(C1=CC=CC=C1)[C@]1(CC2CCCC2)CO1,O=C(c1ccccc1)[C@]1(CC2CCCC2)CO1,38.7,-82.98,230.3069999999999,-230.3069999999999
38694583,CC(=O)[C@@]1(CC2=CC=CC=C2)CO1,CC(=O)[C@@]1(Cc2ccccc2)CO1,-49.5,154.39,176.21499999999995,176.21499999999995
38694584,O=C1C2=C(CC[C@]11CO1)C=CC=C2,O=C1c2ccccc2CC[C@]12CO2,68.0,-101.56,174.19899999999996,-174.19899999999996
38694586,CC(=O)[C@@]1(CO1)C1=CC=C(Br)C=C1,CC(=O)[C@]1(c2ccc(Br)cc2)CO1,-48.5,-46.23,241.084,-241.084
38794506,O[C@H](CC(=O)C1CCCCC1)C=C,C=C[C@H](O)CC(=O)C1CCCCC1,19.5,244.34,182.26299999999995,182.26299999999995
38794511,O[C@H](CC(=O)C1=CC=CC=C1)C=C,C=C[C@H](O)CC(=O)c1ccccc1,16.9,267.74,176.215,176.215
38794574,O=CC[C@H](C1CCCCC1)C(=O)C1=CC=CC=C1,O=CC[C@@H](C(=O)c1ccccc1)C1CCCCC1,-64.0,-286.25,244.33399999999995,-244.33399999999995
38828908,CC(=O)NC[C@H](CCl)OC(=O)C1=CC=CC=C1,CC(=O)NC[C@H](CCl)OC(=O)c1ccccc1,20.9,19.62,255.701,255.701
38835635,[H][C@@]1(CCC(C)=CC1)[C@](C)(O)CCCC(C)=O,CC(=O)CCC[C@@](C)(O)[C@@H]1CC=C(C)CC1,-16.2,-24.66,224.344,-224.344
38835636,CC(C)=CCCC(=O)CCC[C@@](C)(O)C=C,C=C[C@](C)(O)CCCC(=O)CCC=C(C)C,-6.5,-247.07,224.344,-224.344
38835637,[H][C@]12C[C@@H](CC[C@]1(O)CCCC2=C)C(C)=C,C=C(C)[C@@H]1CC[C@]2(O)CCCC(=C)[C@H]2C1,-57.5,5.59,206.32899999999995,206.32899999999995
38835640,CC(C)=CCCC(=C)CCC[C@@](C)(O)C=C,C=C[C@](C)(O)CCCC(=C)CCC=C(C)C,-2.1,-61.41,222.372,-222.372
38835641,[H][C@]12C[C@@H](CC[C@]1(O)CCCC2=O)C(C)=O,CC(=O)[C@@H]1CC[C@]2(O)CCCC(=O)[C@H]2C1,5.0,-18.19,210.273,-210.273
38835644,CC(C)CCC\C(C)=C\CC[C@@](C)(O)C=C,C=C[C@](C)(O)CC/C=C(\C)CCCC(C)C,-16.0,45.69,224.38799999999995,224.38799999999995
38835645,C\C1=C/CC\C(C)=C\CC[C@@](C)(O)CCC1,C/C1=C\CC[C@@](C)(O)CCC/C(C)=C/CC1,5.2,46.55,222.372,222.372
38863615,C[C@@H]1C(=C)OC(=O)C2=C(O)C=C(O)C(Cl)=C12,C=C1OC(=O)c2c(O)cc(O)c(Cl)c2[C@@H]1C,223.0,444.29,240.642,240.642
38885324,[H][C@]1(CC=C(C)[C@@H](O)[C@@H]1O)C(=C)CCC=C(C)C,C=C(CCC=C(C)C)[C@@H]1CC=C(C)[C@@H](O)[C@@H]1O,-46.0,26.42,236.355,236.355
38885325,CC(C)=CCC\C(C)=C1/CC=C(C)[C@@H](O)[C@H]1O,CC(C)=CCC/C(C)=C1\CC=C(C)[C@@H](O)[C@H]1O,-25.0,543.09,236.355,236.355
38885326,[H][C@]1(CC=C(C)[C@@H](O)[C@H]1O)[C@@](C)(O)CCC=C(C)C,CC(C)=CCC[C@](C)(O)[C@@H]1CC=C(C)[C@@H](O)[C@H]1O,-58.0,-50.99,254.37,-254.37
38885327,[H][C@]1(CC=C(C)C(=O)[C@H]1O)[C@@](C)(O)CCC=C(C)C,CC(C)=CCC[C@](C)(O)[C@@H]1CC=C(C)C(=O)[C@H]1O,-26.0,-208.17,252.354,-252.354
38885328,[H][C@]1(CC=C(C)C(=O)[C@H]1O)[C@](C)(O)CCC=C(C)C,CC(C)=CCC[C@@](C)(O)[C@@H]1CC=C(C)C(=O)[C@H]1O,-104.0,22.16,252.354,252.354
38885329,[H][C@]12O[C@]3([H])[C@]([H])([C@H]1C(C)C)[C@@]([H])(CC[C@]3(C)O)C(C)=C2,CC1=C[C@H]2O[C@@H]3[C@H]([C@H]2C(C)C)[C@H]1CC[C@]3(C)O,99.0,143.46,236.355,236.355
38885330,[H][C@@]12C[C@H](CC[C@]1(C)[C@H]2CCC(C)=O)C(C)(C)O,CC(=O)CC[C@H]1[C@@H]2C[C@@H](C(C)(C)O)CC[C@]12C,-41.0,-34.79,238.37099999999995,-238.37099999999995
38885331,[H][C@]12OC[C@H](O)[C@@]1([H])[C@](C)(CCC=C(C)C)C(C)=C2,CC(C)=CCC[C@]1(C)C(C)=C[C@H]2OC[C@H](O)[C@H]21,72.0,-220.78,236.355,-236.355
38885332,[H][C@]1(CC=C(C)[C@@]1(C)CCC=C(C)C)[C@H](O)CO,CC(C)=CCC[C@]1(C)C(C)=CC[C@H]1[C@H](O)CO,26.0,-55.79,238.371,-238.371
38885333,[H][C@]1(CC=C(C)[C@@]1(C)CCC=C(C)C)[C@@H](O)CO,CC(C)=CCC[C@]1(C)C(C)=CC[C@H]1[C@@H](O)CO,14.0,71.7,238.371,238.371
38885352,[H][C@]12C[C@]([H])(C(=O)C=C1C)[C@@]2(C)C[C@@H](O)C(=O)C(C)C,CC1=CC(=O)[C@H]2C[C@@H]1[C@]2(C)C[C@@H](O)C(=O)C(C)C,-215.0,-364.9,250.338,-250.338
38885353,[H][C@]12C[C@]([H])(C(=O)C=C1C)[C@@]2(C)CCC(=O)C(C)(C)O,CC1=CC(=O)[C@H]2C[C@@H]1[C@]2(C)CCC(=O)C(C)(C)O,-185.0,-319.79,250.33799999999997,-250.33799999999997
38885354,[H][C@@]12C[C@@]([H])([C@H](C)C(=O)C1)[C@]2(C)CCC(=O)C(C)(C)O,C[C@@H]1C(=O)C[C@H]2C[C@@H]1[C@]2(C)CCC(=O)C(C)(C)O,-7.0,-64.93,252.354,-252.354
38885355,[H][C@]1(CC=C(C)[C@@H](O)[C@H]1O)C(=C)CCC=C(C)C,C=C(CCC=C(C)C)[C@@H]1CC=C(C)[C@@H](O)[C@H]1O,-113.0,-332.12,236.355,-236.355
38899499,CC(C)CC(=O)N[C@H]1CCCCNC1=O,CC(C)CC(=O)N[C@H]1CCCCNC1=O,21.29,156.02,212.29299999999995,212.29299999999995
38912838,O=C1[C@H]([C@H](C#C)C2=CC=CN12)C1=CC=CC=C1,C#C[C@@H]1c2cccn2C(=O)[C@H]1c1ccccc1,-43.0,-135.82,221.259,-221.259
38929305,C[C@@H](C(=O)C1=NC=CC=C1)C1=CC=CC=C1,C[C@@H](C(=O)c1ccccn1)c1ccccc1,-50.9,-141.94,211.264,-211.264
38929306,C[C@@H](C(=O)C1=NC=CC=C1)C1=CC=C(C)C=C1,Cc1ccc([C@@H](C)C(=O)c2ccccn2)cc1,-54.3,-122.15,225.29100000000005,-225.29100000000005
38929307,C[C@@H](C(=O)C1=NC=CC=C1)C1=CC=CC(C)=C1,Cc1cccc([C@@H](C)C(=O)c2ccccn2)c1,-48.7,23.03,225.29100000000005,225.29100000000005
38929309,C[C@@H](C(=O)C1=NC=CC=C1)C1=CC=CC=C1C,Cc1ccccc1[C@@H](C)C(=O)c1ccccn1,-176.4,-501.21,225.291,-225.291
38929312,COC1=CC=C(C=C1)[C@@H](C)C(=O)C1=NC=CC=C1,COc1ccc([C@@H](C)C(=O)c2ccccn2)cc1,-45.2,143.5,241.29,241.29
38929313,C[C@@H](C(=O)C1=NC=CC=C1)C1=CC=C2OCOC2=C1,C[C@@H](C(=O)c1ccccn1)c1ccc2c(c1)OCO2,-34.8,-312.48,255.27299999999997,-255.27299999999997
38929315,C[C@@H](C(=O)C1=NC=CC=C1)C1=CC=C(Cl)C=C1,C[C@@H](C(=O)c1ccccn1)c1ccc(Cl)cc1,-29.2,-108.49,245.709,-245.709
38929316,C[C@@H](C(=O)C1=NC=CC=C1)C1=CC=CC=C1Cl,C[C@@H](C(=O)c1ccccn1)c1ccccc1Cl,-115.0,-539.2,245.709,-245.709
38929318,C[C@@H](C(=O)C1=NC=CC=C1)C1=CC=C(F)C=C1F,C[C@@H](C(=O)c1ccccn1)c1ccc(F)cc1F,-55.7,-307.67,247.24399999999997,-247.24399999999997
38929325,C[C@@H](C(=O)C1=NC=CC=C1)C1=CSC=C1,C[C@@H](C(=O)c1ccccn1)c1ccsc1,9.6,-226.34,217.293,-217.293
38929327,CC[C@@H](C(=O)C1=NC=CC=C1)C1=CC=CC=C1,CC[C@@H](C(=O)c1ccccn1)c1ccccc1,-40.2,-73.11,225.291,-225.291
38929328,CC(C)[C@@H](C(=O)C1=NC=CC=C1)C1=CC=CC=C1,CC(C)[C@@H](C(=O)c1ccccn1)c1ccccc1,-15.1,47.44,239.318,239.318
38929329,O=C([C@@H]1CCC2=C1C=CC=C2)C1=NC=CC=C1,O=C(c1ccccn1)[C@@H]1CCc2ccccc21,-25.6,723.57,223.275,223.275
38929331,C[C@H](OC1=CC=CC=C1)C(=O)C1=NC=CC=C1,C[C@H](Oc1ccccc1)C(=O)c1ccccn1,24.2,17.33,227.263,227.263
38929334,C[C@@H](NC(=O)OC(C)(C)C)C(=O)C1=NC=CC=C1,C[C@@H](NC(=O)OC(C)(C)C)C(=O)c1ccccn1,7.1,-24.31,250.298,-250.298
38929335,F[C@@H](C(=O)C1=NC=CC=C1)C1=CC=CC=C1,O=C(c1ccccn1)[C@H](F)c1ccccc1,-94.2,175.67,215.227,215.227
38929336,CC[C@@H](F)C(=O)C1=NC=CC=C1,CC[C@@H](F)C(=O)c1ccccn1,4.7,-118.89,167.183,-167.183
38929337,C[C@@H](C(=O)C1=NC=CC(C)=C1)C1=CC=CC=C1,Cc1ccnc(C(=O)[C@H](C)c2ccccc2)c1,-81.4,-242.01,225.29100000000005,-225.29100000000005
38929338,C[C@@H](C(=O)C1=NC=C(C)C=C1)C1=CC=CC=C1,Cc1ccc(C(=O)[C@H](C)c2ccccc2)nc1,-16.5,-27.32,225.29100000000005,-225.29100000000005
38929339,C[C@@H](C(=O)C1=NC(C)=CC=C1)C1=CC=CC=C1,Cc1cccc(C(=O)[C@H](C)c2ccccc2)n1,17.6,58.44,225.29100000000005,225.29100000000005
38929344,C[C@H](CC1=CC=CC=C1)C(=O)C1=NC=CC=C1,C[C@H](Cc1ccccc1)C(=O)c1ccccn1,22.2,-455.57,225.291,-225.291
38929346,C[C@H](CC1=NC=CC=C1)C1=CC=CC=C1,C[C@H](Cc1ccccn1)c1ccccc1,-60.3,-190.52,197.281,-197.281
38929347,C[C@H](C(=C)C1=NC=CC=C1)C1=CC=CC=C1,C=C(c1ccccn1)[C@@H](C)c1ccccc1,75.9,112.02,209.292,209.292
38929348,C[C@@H](C1=CC=CC=C1)[C@@](O)(C#C)C1=NC=CC=C1,C#C[C@@](O)(c1ccccn1)[C@@H](C)c1ccccc1,-59.5,-154.25,237.302,-237.302
38929350,C[C@H](C1=C2C=CC=CN2N=N1)C1=CC=CC=C1,C[C@@H](c1ccccc1)c1nnn2ccccc12,30.5,85.26,223.279,223.279
38929352,C[C@@H](OC(=O)C1=NC(=CC=C1)C#N)C1=CC=CC=C1,C[C@@H](OC(=O)c1cccc(C#N)n1)c1ccccc1,37.3,-62.41,252.273,-252.273
38942853,CCC[S@](C)=O,CCC[S@](C)=O,-72.0,210.87,106.18999999999998,106.18999999999998
38966120,CC[C@H](C)C(=O)C(C)=C,C=C(C)C(=O)[C@@H](C)CC,21.9,153.71,126.19899999999996,126.19899999999996
38966128,CCC[C@H](CC=C)C(=O)N(C)OC,C=CC[C@@H](CCC)C(=O)N(C)OC,-7.1,71.3,185.267,185.267
38966129,CCC[C@H](CC=C)C(=O)C1=CC=CC=C1,C=CC[C@@H](CCC)C(=O)c1ccccc1,-20.7,115.45,202.29700000000005,202.29700000000005
38966131,CCCC[C@H](CC=C)C(=O)N(C)OC,C=CC[C@@H](CCCC)C(=O)N(C)OC,-14.3,-43.54,199.294,-199.294
38966132,CCCC[C@H](CC=C)C(=O)C1=CC=CC=C1,C=CC[C@@H](CCCC)C(=O)c1ccccc1,-33.5,150.35,216.324,216.324
38966133,CCCC[C@H](CCC)C(=O)N(C)OC,CCCC[C@H](CCC)C(=O)N(C)OC,-31.6,61.31,201.31,201.31
38966134,CCCC[C@H](CCC)C(=O)C1=CC=CC=C1,CCCC[C@H](CCC)C(=O)c1ccccc1,-26.6,-44.59,218.34,-218.34
38966135,CC[C@H](C)C(=O)C1=CC=C(Cl)C=C1,CC[C@H](C)C(=O)c1ccc(Cl)cc1,-7.5,74.53,196.677,196.677
38966138,CCC[C@H](CC1=CC=CC=C1)C(=O)C1=CC=CC=C1,CCC[C@H](Cc1ccccc1)C(=O)c1ccccc1,-74.5,-224.47,252.357,-252.357
38966148,CC[C@H](C)C(=O)C1=CC=C(C)C=C1,CC[C@H](C)C(=O)c1ccc(C)cc1,26.9,89.97,176.259,176.259
38966156,CC[C@H](C)C(=N[S@](=O)C(C)(C)C)C1=CC=CO1,CC[C@H](C)C(=N[S@](=O)C(C)(C)C)c1ccco1,-219.5,133.11,255.383,255.383
38966160,CC[C@H](C)C(=N[S@](=O)C(C)(C)C)C(C)=C,C=C(C)C(=N[S@](=O)C(C)(C)C)[C@@H](C)CC,-125.9,40.37,229.38899999999995,229.38899999999995
38966161,CC[C@H](C)C(=N[S@@](=O)C(C)(C)C)C(C)=C,C=C(C)C(=N[S@@](=O)C(C)(C)C)[C@@H](C)CC,163.0,187.39,229.38899999999995,229.38899999999995
38966169,CC[C@H](C)C(=O)C1=CC(OC)=CC=C1,CC[C@H](C)C(=O)c1cccc(OC)c1,-4.8,174.9,192.258,192.258
38966179,CC[C@H](C)C(=O)C1=C(OC)C=CC=C1,CC[C@H](C)C(=O)c1ccccc1OC,-16.3,309.19,192.258,192.258
38966190,CC[C@H](C)C(=O)C1=CC=CO1,CC[C@H](C)C(=O)c1ccco1,17.0,54.25,152.19299999999998,152.19299999999998
38966211,CC[C@H](C)C(=O)C1=NC=CC=C1,CC[C@H](C)C(=O)c1ccccn1,-1.7,36.01,163.22,163.22
38966222,CC[C@H](C)C(=O)C1=CC2=CC=CC=C2C=C1,CC[C@H](C)C(=O)c1ccc2ccccc2c1,-10.5,176.86,212.292,212.292
39017207,FC1=CC=C2C(C[C@@]3(CCCC3=O)C2=O)=C1,O=C1CCC[C@@]12Cc1cc(F)ccc1C2=O,16.0,-274.02,218.227,-218.227
39017208,COC1=CC=C2C(C[C@@]3(CCCC3=O)C2=O)=C1,COc1ccc2c(c1)C[C@@]1(CCCC1=O)C2=O,15.0,-301.26,230.26299999999992,-230.26299999999992
39017219,O=C1CCC[C@@]11CCC2=CC=CC=C2C1=O,O=C1CCC[C@@]12CCc1ccccc1C2=O,26.0,-422.46,214.264,-214.264
39049947,CC[C@H](\C=C\C1=CC=CO1)C1=CCSCC1,CC[C@H](/C=C/c1ccco1)C1=CCSCC1,55.88,145.73,234.36399999999995,234.36399999999995
39072040,CCOC(=O)[C@H](F)C1=C2C=CC=CC2=CC=C1,CCOC(=O)[C@H](F)c1cccc2ccccc12,-73.0,43.13,232.254,232.254
39097960,CC[C@@H](C1=CC=CC=C1)C1=CC=C(C=C1)C(=O)OC,CC[C@@H](c1ccccc1)c1ccc(C(=O)OC)cc1,1.7,296.22,254.32899999999995,254.32899999999995
39113471,CC(C)(C)[Si](C)(C)OC[C@H](O)CC(=C)CO,C=C(CO)C[C@@H](O)CO[Si](C)(C)C(C)(C)C,-2.56,80.73,246.42299999999997,246.42299999999997
39187252,CCCCNC(=O)[C@@H]1CCCN1C(=O)C(C)(C)C,CCCCNC(=O)[C@@H]1CCCN1C(=O)C(C)(C)C,-105.68,3.84,254.37399999999997,254.37399999999997
39187253,CC(C)(C)NC(=O)[C@@H]1CCCN1C(=O)C(C)(C)C,CC(C)(C)NC(=O)[C@@H]1CCCN1C(=O)C(C)(C)C,-117.44,-167.66,254.37399999999997,-254.37399999999997
39372746,CC[C@@]1(C)OC(=O)N[C@@H]1C1=CC=CC=C1,CC[C@@]1(C)OC(=O)N[C@@H]1c1ccccc1,-30.5,-97.15,205.257,-205.257
39376418,COC1=CC2=C(OC[C@]2(C)O)C=C1,COc1ccc2c(c1)[C@@](C)(O)CO2,-20.7,-60.08,180.203,-180.203
39383151,C[C@@H](C=C)C(C#N)([C@@H](C)C=C)C(=O)OC(C)(C)C,C=C[C@H](C)C(C#N)(C(=O)OC(C)(C)C)[C@@H](C)C=C,-9.03,-11.65,249.354,-249.354
39387463,O=C1OC[C@H](O1)C#CCCC1=CC=CC=C1,O=C1OC[C@@H](C#CCCc2ccccc2)O1,-3.4,119.55,216.236,216.236
39387464,CCCCC#C[C@@H]1COC(=O)O1,CCCCC#C[C@@H]1COC(=O)O1,7.4,10.46,168.19199999999998,168.19199999999998
39387465,ClCCCCC#C[C@@H]1COC(=O)O1,O=C1OC[C@@H](C#CCCCCCl)O1,7.2,-199.01,202.637,-202.637
39387469,ClCCCC#C[C@@H]1COC(=O)O1,O=C1OC[C@@H](C#CCCCCl)O1,7.5,243.84,188.61,188.61
39387474,O=C1OC[C@H](O1)C#CCCOCC1=CC=CC=C1,O=C1OC[C@@H](C#CCCOCc2ccccc2)O1,2.2,32.19,246.262,246.262
39387475,O=C1OCC[C@H](O1)C#CCCC1=CC=CC=C1,O=C1OCC[C@@H](C#CCCc2ccccc2)O1,5.5,-74.82,230.263,-230.263
39413030,CCOC(=O)[C@@](O)(CN(=O)=O)C(F)(F)F,CCOC(=O)[C@@](O)(C[N+](=O)[O-])C(F)(F)F,-5.3,-28.91,231.12599999999995,-231.12599999999995
39497442,C=C[C@H](CCCC#N)SC(=O)C1=CC=CC=C1,C=C[C@H](CCCC#N)SC(=O)c1ccccc1,-37.3,-168.92,245.347,-245.347
39497448,ClCCC[C@H](SC(=O)C1=CC=CC=C1)C=C,C=C[C@H](CCCCl)SC(=O)c1ccccc1,-16.07,165.36,254.782,254.782
39497465,C=C[C@H](SC(=O)C1=CC=CC=C1)C1CCCC1,C=C[C@H](SC(=O)c1ccccc1)C1CCCC1,44.44,95.44,246.375,246.375
39497466,CC(=O)S[C@@H](CCCC1=CC=CC=C1)C=C,C=C[C@H](CCCc1ccccc1)SC(C)=O,-28.45,83.52,234.364,234.364
39509030,C[C@H](CC(=C)C1=CC=CC=C1)[Si](C)(C)C,C=C(C[C@@H](C)[Si](C)(C)C)c1ccccc1,48.9,-44.22,218.41600000000005,-218.41600000000005
39509040,C[C@H](CC(C)=C)[Si](C)(C)C1=CC=CC=C1,C=C(C)C[C@@H](C)[Si](C)(C)c1ccccc1,-23.7,54.52,218.416,218.416
39509042,C[C@H](CC=C)[Si](C)(C)OCCC1=CC=CC=C1,C=CC[C@@H](C)[Si](C)(C)OCCc1ccccc1,-30.5,-1.19,248.442,-248.442
39525232,C[C@H](CCCCCCl)C(=O)NC1=CC=CC=C1,C[C@H](CCCCCCl)C(=O)Nc1ccccc1,-5.6,-118.07,253.773,-253.773
39525237,C[C@H](CCC(C)(C)C)C(=O)NC1=CC=CC=C1,C[C@H](CCC(C)(C)C)C(=O)Nc1ccccc1,-17.2,-193.59,233.355,-233.355
39525253,C[C@H](C1CCCC1)C(=O)NC1=CC=CC=C1,C[C@@H](C(=O)Nc1ccccc1)C1CCCC1,3.3,41.11,217.31199999999995,217.31199999999995
39525328,C[C@@H](CO)CCCCCOCC1=CC=CC=C1,C[C@@H](CO)CCCCCOCc1ccccc1,3.6,-106.62,236.355,-236.355
39532780,COC(=O)N1CCC[C@H]1CC(=O)C1=CC=CC=C1,COC(=O)N1CCC[C@H]1CC(=O)c1ccccc1,-42.6,282.35,247.294,247.294
39544205,COC(=O)CCC[C@H](C)NC1=NC(C)=CC=C1,COC(=O)CCC[C@H](C)Nc1cccc(C)n1,13.7,81.6,236.31500000000003,236.31500000000003
39544206,C[C@@H](CCCCOC(C)=O)NC1=NC(C)=CC=C1,CC(=O)OCCCC[C@H](C)Nc1cccc(C)n1,21.2,294.41,250.34200000000004,250.34200000000004
39544212,C[C@@H](CCC1(C)OCCO1)NC1=CC=CC(C)=N1,Cc1cccc(N[C@@H](C)CCC2(C)OCCO2)n1,21.4,138.54,250.34199999999996,250.34199999999996
39544213,CCOC(C[C@H](C)NC1=CC=CC(C)=N1)OCC,CCOC(C[C@H](C)Nc1cccc(C)n1)OCC,19.3,140.42,252.358,252.358
39544236,C[C@@H](CC1=CC=CC=C1)NC1=CC=CC(C)=N1,Cc1cccc(N[C@@H](C)Cc2ccccc2)n1,31.2,-21.09,226.323,-226.323
39544302,CCCCCC[C@H](C)NC1=NC(C)=CC=C1,CCCCCC[C@H](C)Nc1cccc(C)n1,23.5,122.2,220.36,220.36
39544303,C[C@H](NC1=NC(C)=CC=C1)C1CCCCC1,Cc1cccc(N[C@@H](C)C2CCCCC2)n1,26.4,64.19,218.34399999999997,218.34399999999997
39544306,C[C@@H](CC1=CC=C(O)C=C1)NC1=NC(C)=CC=C1,Cc1cccc(N[C@@H](C)Cc2ccc(O)cc2)n1,27.6,42.32,242.322,242.322
39544308,C[C@@H](COC1=CC=CC=C1)NC1=NC(C)=CC=C1,Cc1cccc(N[C@@H](C)COc2ccccc2)n1,-38.1,-8.41,242.322,-242.322
39544309,CC=CC[C@H](C)NC1=NC(C)=CC=C1,CC=CC[C@H](C)Nc1cccc(C)n1,14.5,-414.24,190.29,-190.29
39563318,C[C@H](CCC=C)OC=C=C,C=C=CO[C@H](C)CCC=C,38.5,59.56,138.20999999999998,138.20999999999998
39658012,CO[C@H]1OC[C@H](C=C)[C@@H]1C(=O)C1=CC=C(C)C=C1,C=C[C@H]1CO[C@H](OC)[C@H]1C(=O)c1ccc(C)cc1,56.8,-277.58,246.306,-246.306
39658017,CO[C@H]1OC[C@H](C=C)[C@@H]1C(=O)C1=CSC=C1,C=C[C@H]1CO[C@H](OC)[C@H]1C(=O)c1ccsc1,60.0,144.05,238.308,238.308
39658018,CO[C@H]1OC[C@H](C=C)[C@@H]1C(=O)C1=CC=CC=C1,C=C[C@H]1CO[C@H](OC)[C@H]1C(=O)c1ccccc1,63.6,-254.71,232.279,-232.279
39658025,CO[C@H]1OC[C@H](C=C)[C@@H]1C(=O)C1=CC=CO1,C=C[C@H]1CO[C@H](OC)[C@H]1C(=O)c1ccco1,48.0,246.01,222.24,222.24
39658038,CO[C@H]1OC[C@H](C=C)[C@@H]1C(=O)C1=CC=CC=C1C,C=C[C@H]1CO[C@H](OC)[C@H]1C(=O)c1ccccc1C,31.2,-89.41,246.306,-246.306
39658043,CO[C@H]1OC[C@H](C=C)[C@@H]1C(=O)C1=CC=CC(C)=C1,C=C[C@H]1CO[C@H](OC)[C@H]1C(=O)c1cccc(C)c1,49.4,194.03,246.306,246.306
39658044,CCO[C@H]1OC[C@H](C=C)[C@@H]1C(=O)C1=CC=CC=C1,C=C[C@H]1CO[C@H](OCC)[C@H]1C(=O)c1ccccc1,70.6,-145.44,246.306,-246.306
39812585,[H][C@]12C[C@H](O)C=C1C(=CCC2)C(=O)OC,COC(=O)C1=CCC[C@H]2C[C@H](O)C=C12,-2.8,-155.96,194.23,-194.23
39818699,C1N[C@H]1C1=CC=CC=N1,c1ccc([C@H]2CN2)nc1,-36.8,-291.98,120.155,-120.155
39818700,CCC1=N[C@@H](CC2=CC=CC=C2)CS1,CCC1=N[C@@H](Cc2ccccc2)CS1,-57.1,63.78,205.326,205.326
39818703,CC(C)[C@H]1CSC(CC2=CC=CC=C2)=N1,CC(C)[C@H]1CSC(Cc2ccccc2)=N1,-62.2,-553.48,219.353,-219.353
39818704,CC(C)[C@H]1CSC(CC2=CC=C(C)C=C2)=N1,Cc1ccc(CC2=N[C@@H](C(C)C)CS2)cc1,-59.9,-575.18,233.38,-233.38
39818705,COC1=CC=C(CC2=N[C@H](CS2)C(C)C)C=C1,COc1ccc(CC2=N[C@@H](C(C)C)CS2)cc1,-45.9,-492.49,249.379,-249.379
39818706,CC(C)[C@H]1CSC(CC2=CC=C(Cl)C=C2)=N1,CC(C)[C@H]1CSC(Cc2ccc(Cl)cc2)=N1,-56.6,-543.93,253.798,-253.798
39818707,CC(C)[C@H]1CSC(CC2=NC=CC=C2)=N1,CC(C)[C@H]1CSC(Cc2ccccn2)=N1,-41.8,280.87,220.341,220.341
39818708,CC(C)[C@H]1CSC(CC2CCCCC2)=N1,CC(C)[C@H]1CSC(CC2CCCCC2)=N1,-46.8,-95.61,225.40099999999995,-225.40099999999995
39818709,CC(C)C[C@H]1CSC(CC2=CC=CC=C2)=N1,CC(C)C[C@H]1CSC(Cc2ccccc2)=N1,-85.4,-446.22,233.38,-233.38
39818711,C(C1=N[C@H](CS1)C1=CC=CC=C1)C1=CC=CC=C1,c1ccc(CC2=N[C@@H](c3ccccc3)CS2)cc1,-36.9,-342.78,253.37000000000003,-253.37000000000003
39968278,C[C@@H]1OC(C)(C)O[C@H]1\C=C\C=C1/OC(=O)C=C1,C[C@@H]1OC(C)(C)O[C@H]1/C=C/C=C1/C=CC(=O)O1,16.5,-41.1,236.267,-236.267
40177173,[H][C@]12CC[C@H](C(C)C)[C@@]1([H])[C@@H](OC)O[C@H]2CCC(C)=O,CO[C@H]1O[C@@H](CCC(C)=O)[C@H]2CC[C@H](C(C)C)[C@@H]12,154.3,83.14,254.37,254.37
40486477,O[C@@H](CN(=O)=O)C1=CC=CC=C1C1=CC=CC=C1,O=[N+]([O-])C[C@H](O)c1ccccc1-c1ccccc1,-9.8,105.28,243.262,243.262
40637218,C=C[C@H](C\C=C(\C=O)C1=CC=CC=C1)C1=COC=C1,C=C[C@H](C/C=C(/C=O)c1ccccc1)c1ccoc1,6.0,-314.8,252.313,-252.313
40637224,C=C[C@H](C\C=C\C=O)C1=CC=CC2=CC=CC=C12,C=C[C@H](C/C=C/C=O)c1cccc2ccccc12,46.0,-97.97,236.314,-236.314
40637225,C\C(C=O)=C/C[C@@H](C=C)C1=CC=CC2=CC=CC=C12,C=C[C@H](C/C=C(\C)C=O)c1cccc2ccccc12,29.0,397.4,250.341,250.341
40637229,C\C(C=O)=C/C[C@@H](C=C)C1=CC=CC=C1,C=C[C@H](C/C=C(\C)C=O)c1ccccc1,-1.7,-648.84,200.281,-200.281
40637231,C\C(C=O)=C/C[C@@H](C=C)C1=CC(=CC=C1)N(=O)=O,C=C[C@H](C/C=C(\C)C=O)c1cccc([N+](=O)[O-])c1,-3.0,30.44,245.278,245.278
40637232,C\C(C=O)=C/C[C@@H](C=C)C1=CC=C(C=C1)C#N,C=C[C@H](C/C=C(\C)C=O)c1ccc(C#N)cc1,-29.0,-842.26,225.291,-225.291
40637233,C\C(C=O)=C/C[C@@H](C=C)C1=CC=C(C=O)C=C1,C=C[C@H](C/C=C(\C)C=O)c1ccc(C=O)cc1,-18.0,-921.56,228.291,-228.291
40637234,C\C(C=O)=C/C[C@@H](C=C)C1=CC=C(C=C1)C#C,C#Cc1ccc([C@H](C=C)C/C=C(\C)C=O)cc1,-2.5,-417.77,224.303,-224.303
40637235,CC[C@H](CCCC=O)C1=C2C=CC=CC2=CC=C1,CC[C@H](CCCC=O)c1cccc2ccccc12,10.0,24.39,240.34600000000003,240.34600000000003
40637236,C=C[C@H](CCCC=O)C1=C2C=CC=CC2=CC=C1,C=C[C@H](CCCC=O)c1cccc2ccccc12,-35.0,112.87,238.33,238.33
40637241,C\C(CO)=C/C[C@@H](C=C)C1=CC=CC=C1,C=C[C@H](C/C=C(\C)CO)c1ccccc1,-43.5,-99.5,202.297,-202.297
40637242,C\C(=C/C[C@@H](C=C)C1=CC=CC=C1)C(O)=O,C=C[C@H](C/C=C(\C)C(=O)O)c1ccccc1,21.0,-410.19,216.28,-216.28
40637243,CC(=O)[C@H](C\C=C(/C)C=O)C1=CC=CC=C1,CC(=O)[C@H](C/C=C(\C)C=O)c1ccccc1,16.2,-798.95,216.28,-216.28
40638170,C[C@H](O)[Si](C)(C)CCCC1=CC=CC=C1,C[C@H](O)[Si](C)(C)CCCc1ccccc1,6.0,-52.57,222.404,-222.404
40638175,C[C@H](O)[Si](C)(C)C1=CC2=C(OCO2)C=C1,C[C@H](O)[Si](C)(C)c1ccc2c(c1)OCO2,18.8,-6.57,224.332,-224.332
40638177,C[C@H](O)[Si](C)(C)C1=CC=C(C=C1)N(C)C,C[C@H](O)[Si](C)(C)c1ccc(N(C)C)cc1,1.4,-12.32,223.392,-223.392
40638179,C[C@H](O)[Si](C)(C)C1=CC2=C(OCCO2)C=C1,C[C@H](O)[Si](C)(C)c1ccc2c(c1)OCCO2,14.6,44.01,238.35899999999995,238.35899999999995
40638184,C[C@H](O)[Si](C)(C)C1=CC=CC2=CC=CC=C12,C[C@H](O)[Si](C)(C)c1cccc2ccccc12,12.2,136.84,230.383,230.383
40638186,C[C@H](O)[Si](C)(C)C1=CC2=CC=CC=C2C=C1,C[C@H](O)[Si](C)(C)c1ccc2ccccc2c1,7.4,149.75,230.383,230.383
40638215,C[C@H](O)[Si](C)(C)C1=CC=C(C=C1)C(F)(F)F,C[C@H](O)[Si](C)(C)c1ccc(C(F)(F)F)cc1,3.8,10.29,248.32,248.32
40639253,CCCCC[C@@H]1CCCO1,CCCCC[C@@H]1CCCO1,-7.4,-118.8,142.242,-142.242
40639254,BrC[C@@H]1CCCCO1,BrC[C@@H]1CCCCO1,22.6,81.14,179.05699999999996,179.05699999999996
40639255,CC(=O)OC[C@@H]1CCCCO1,CC(=O)OC[C@@H]1CCCCO1,13.0,38.77,158.19699999999995,158.19699999999995
40659870,COC1=CC=C(C=C1)[C@@H](O)C1=CC=C(C=C1)C#N,COc1ccc([C@@H](O)c2ccc(C#N)cc2)cc1,-62.13,-120.13,239.274,-239.274
40659873,COC1=CC=C(C=C1)[C@@H](O)C1=CC(Cl)=CC=C1,COc1ccc([C@@H](O)c2cccc(Cl)c2)cc1,-47.55,77.91,248.709,248.709
40659879,COC1=CC=C(C=C1)[C@@H](O)C1=CC(F)=CC(F)=C1,COc1ccc([C@@H](O)c2cc(F)cc(F)c2)cc1,-66.8,-164.11,250.244,-250.244
40659883,COC1=CC=C(C=C1)[C@@H](O)C1=CC(F)=C(F)C=C1,COc1ccc([C@@H](O)c2ccc(F)c(F)c2)cc1,-38.11,-194.95,250.244,-250.244
40659886,COC1=CC=C(C=C1)[C@@H](O)C1=COC2=C1C=CC=C2,COc1ccc([C@@H](O)c2coc3ccccc23)cc1,-12.42,819.12,254.285,254.285
40660760,COC1=C(C=CC=C1)C1=N[C@H](C)CC1,COc1ccccc1C1=N[C@H](C)CC1,17.83,101.29,189.25799999999995,189.25799999999995
40660761,C[C@@H]1CCC(=N1)C1=CC(C)=CC(C)=C1,Cc1cc(C)cc(C2=N[C@H](C)CC2)c1,43.33,-17.08,187.286,-187.286
40660763,C[C@@H]1CCC(=N1)C1=CC2=CC=CC=C2C=C1,C[C@@H]1CCC(c2ccc3ccccc3c2)=N1,78.8,-103.25,209.292,-209.292
40660764,C[C@@H]1CCC(C)=N1,CC1=N[C@H](C)CC1,24.34,69.66,97.161,97.161
40673499,COC1=CC=C(C=C1)N1C[C@](C)(OC1=O)C=C,C=C[C@]1(C)CN(c2ccc(OC)cc2)C(=O)O1,8.9,-43.75,233.267,-233.267
40673509,COC1=CC=C(C=C1)N1C[C@@](C)(CCO)OC1=O,COc1ccc(N2C[C@@](C)(CCO)OC2=O)cc1,4.2,38.81,251.282,251.282
40673511,C[C@]1(CNC(=O)O1)C=C,C=C[C@]1(C)CNC(=O)O1,-10.4,-121.4,127.143,-127.143
40673515,COC1=C(N[C@H]2CCC[C@@]2(C)O)C=CC=C1,COc1ccccc1N[C@H]1CCC[C@@]1(C)O,7.2,103.95,221.29999999999995,221.29999999999995
40673516,[H][C@]12CCC[C@@]1(C)OC(=O)N2C1=C(OC)C=CC=C1,COc1ccccc1N1C(=O)O[C@]2(C)CCC[C@H]12,57.8,108.79,247.29399999999995,247.29399999999995
40673518,[H][C@]12CCC[C@@]1(C)OC(=O)N2,C[C@@]12CCC[C@@H]1NC(=O)O2,15.4,31.96,141.17,141.17
40673529,CC1(C)OC[C@H](COC(=C)C=C)O1,C=CC(=C)OC[C@H]1COC(C)(C)O1,32.3,96.31,184.235,184.235
40673531,C[C@H](CCOC(=C)C=C)CCC=C(C)C,C=CC(=C)OCC[C@@H](C)CCC=C(C)C,-5.8,44.78,208.345,208.345
40740019,CC[C@H]1CCCCN1[S@](=O)C(C)(C)C,CC[C@H]1CCCCN1[S@](=O)C(C)(C)C,11.0,140.13,217.378,217.378
40740020,CCCC[C@H]1CCCCN1[S@](=O)C(C)(C)C,CCCC[C@H]1CCCCN1[S@](=O)C(C)(C)C,19.6,92.88,245.432,245.432
40740022,CC(C)[C@H]1CCCCN1[S@](=O)C(C)(C)C,CC(C)[C@H]1CCCCN1[S@](=O)C(C)(C)C,21.5,143.96,231.405,231.405
40740024,CC(C)(C)[S@@](=O)N1CCCC[C@@H]1C=C,C=C[C@H]1CCCCN1[S@](=O)C(C)(C)C,-42.0,21.35,215.362,215.362
40916958,CC1=CC=CC(=C1)[C@@H]1CCC2=C(C=CC=C2)[C@@H]1O,Cc1cccc([C@@H]2CCc3ccccc3[C@@H]2O)c1,192.73,182.92,238.33000000000004,238.33000000000004
40916959,CC1=CC=C(C=C1)[C@@H]1CCC2=C(C=CC=C2)[C@@H]1O,Cc1ccc([C@@H]2CCc3ccccc3[C@@H]2O)cc1,150.31,219.86,238.33000000000004,238.33000000000004
40916960,COC1=C(C=CC=C1)[C@@H]1CCC2=C(C=CC=C2)[C@@H]1O,COc1ccccc1[C@@H]1CCc2ccccc2[C@@H]1O,179.77,339.45,254.329,254.329
40916961,COC1=CC=CC(=C1)[C@@H]1CCC2=C(C=CC=C2)[C@@H]1O,COc1cccc([C@@H]2CCc3ccccc3[C@@H]2O)c1,141.46,190.1,254.329,254.329
40916962,COC1=CC=C(C=C1)[C@@H]1CCC2=C(C=CC=C2)[C@@H]1O,COc1ccc([C@@H]2CCc3ccccc3[C@@H]2O)cc1,122.4,126.23,254.32900000000004,254.32900000000004
40916965,O[C@@H]1[C@@H](CCC2=C1C=CC=C2)C1=C(F)C=CC=C1,O[C@H]1c2ccccc2CC[C@H]1c1ccccc1F,146.4,184.52,242.293,242.293
40916966,O[C@@H]1[C@@H](CCC2=C1C=CC=C2)C1=CC(F)=CC=C1,O[C@H]1c2ccccc2CC[C@H]1c1cccc(F)c1,161.2,52.58,242.293,242.293
40916967,O[C@@H]1[C@@H](CCC2=C1C=CC=C2)C1=CC=C(F)C=C1,O[C@H]1c2ccccc2CC[C@H]1c1ccc(F)cc1,156.93,45.24,242.293,242.293
40916973,CC1=CC(C)=C(C=C1)[C@@H]1CCC2=C(C=CC=C2)[C@@H]1O,Cc1ccc([C@@H]2CCc3ccccc3[C@@H]2O)c(C)c1,160.8,237.94,252.35700000000003,252.35700000000003
40916978,COC1=CC=CC2=C1CC[C@H]([C@H]2O)C1=CC=CC=C1,COc1cccc2c1CC[C@@H](c1ccccc1)[C@H]2O,161.22,126.04,254.329,254.329
40916979,O[C@@H]1[C@@H](CCC2=C1C=CC(F)=C2)C1=CC=CC=C1,O[C@H]1c2ccc(F)cc2CC[C@H]1c1ccccc1,158.33,195.46,242.293,242.293
40916981,CC1=CC2=C(CC[C@H]([C@H]2O)C2=CC=CC=C2)C=C1,Cc1ccc2c(c1)[C@H](O)[C@H](c1ccccc1)CC2,138.64,186.85,238.33,238.33
40916982,COC1=CC2=C(CC[C@H]([C@H]2O)C2=CC=CC=C2)C=C1,COc1ccc2c(c1)[C@H](O)[C@H](c1ccccc1)CC2,145.33,204.41,254.329,254.329
40916986,O[C@@H]1[C@@H](CCC2=C1C=CC=N2)C1=CC=CC=C1,O[C@H]1c2cccnc2CC[C@H]1c1ccccc1,95.83,205.05,225.29100000000005,225.29100000000005
40916998,CCC[C@@H]1CCC2=CC=CC=C2[C@@H]1O,CCC[C@@H]1CCc2ccccc2[C@@H]1O,66.0,135.55,190.286,190.286
40916999,CC(C)[C@@H]1CCC2=CC=CC=C2[C@@H]1O,CC(C)[C@@H]1CCc2ccccc2[C@@H]1O,68.83,124.81,190.286,190.286
40917885,[H][C@@]12CC[C@@]([H])(C(=O)C1)C(C)(C)C1=C2C2=CC=CC=C2N1,CC1(C)c2[nH]c3ccccc3c2[C@@H]2CC[C@H]1C(=O)C2,26.0,-109.25,253.34499999999997,-253.34499999999997
40917890,FC(F)(F)C1=CC=C(C=C1)[C@H]1CCCCCN1,FC(F)(F)c1ccc([C@H]2CCCCCN2)cc1,51.4,98.12,243.272,243.272
40941196,CC(C)(C)[C@H](CC=C)B1OC(C)(C)C(C)(C)O1,C=CC[C@H](B1OC(C)(C)C(C)(C)O1)C(C)(C)C,-21.7,41.9,238.17999999999995,238.17999999999995
40956032,C[C@@](CO)(C=C)N1C=CC=C(F)C1=O,C=C[C@@](C)(CO)n1cccc(F)c1=O,72.4,278.45,197.209,197.209
40956033,C[C@@](CO)(C=C)N1C=CC=C(Cl)C1=O,C=C[C@@](C)(CO)n1cccc(Cl)c1=O,71.5,266.06,213.664,213.664
40956034,C[C@@](CO)(C=C)N1C=CC(Cl)=CC1=O,C=C[C@@](C)(CO)n1ccc(Cl)cc1=O,44.2,40.34,213.664,213.664
40956037,C[C@@](CO)(C=C)N1C=CC=C(C1=O)C(F)(F)F,C=C[C@@](C)(CO)n1cccc(C(F)(F)F)c1=O,29.4,224.77,247.21599999999995,247.21599999999995
40956038,COC(=O)C1=CC=CN(C1=O)[C@](C)(CO)C=C,C=C[C@@](C)(CO)n1cccc(C(=O)OC)c1=O,21.7,-573.84,237.255,-237.255
40956039,COC(=O)C1=CC(=O)N(C=C1)[C@](C)(CO)C=C,C=C[C@@](C)(CO)n1ccc(C(=O)OC)cc1=O,47.1,-165.22,237.255,-237.255
40956040,C[C@@](CO)(C=C)N1C=C(C=O)C=CC1=O,C=C[C@@](C)(CO)n1cc(C=O)ccc1=O,19.1,164.6,207.229,207.229
40956043,CC1=CC=CN(C1=O)[C@](C)(CO)C=C,C=C[C@@](C)(CO)n1cccc(C)c1=O,49.5,267.85,193.246,193.246
40956044,CC1=CC(=O)N(C=C1)[C@](C)(CO)C=C,C=C[C@@](C)(CO)n1ccc(C)cc1=O,137.4,246.13,193.246,193.246
40956047,COC1=C(C#N)C(=O)N(C=C1)[C@](C)(CO)C=C,C=C[C@@](C)(CO)n1ccc(OC)c(C#N)c1=O,4.6,117.95,234.255,234.255
40956048,CC1=C(C(=O)N(C=C1)[C@](C)(CO)C=C)N(=O)=O,C=C[C@@](C)(CO)n1ccc(C)c([N+](=O)[O-])c1=O,36.4,981.13,238.243,238.243
40956050,C[C@@](CO)(C=C)N1C=CC2=C(C=CO2)C1=O,C=C[C@@](C)(CO)n1ccc2occc2c1=O,19.6,238.57,219.24,219.24
40956074,OC[C@](C=C)(N1C=CC=CC1=O)C1=CC=CC=C1,C=C[C@](CO)(c1ccccc1)n1ccccc1=O,51.6,102.89,241.29,241.29
40956079,OC[C@](C=C)(N1C=CC=CC1=O)C1=CC=CS1,C=C[C@](CO)(c1cccs1)n1ccccc1=O,72.7,109.77,247.319,247.319
41059274,N[C@]1(CC2=CC3=C(C=CC=C3)C=C2)CCOC1=O,N[C@]1(Cc2ccc3ccccc3c2)CCOC1=O,-46.0,-126.22,241.28999999999996,-241.28999999999996
41059285,COC(=O)[C@](C)(N)CC1=CSC=C1,COC(=O)[C@](C)(N)Cc1ccsc1,-11.1,22.0,199.27500000000003,199.27500000000003
41059286,COC(=O)[C@](C)(N)CC1=CC2=CC=CC=C2S1,COC(=O)[C@](C)(N)Cc1cc2ccccc2s1,-13.6,-34.04,249.33500000000004,-249.33500000000004
41059287,COC(=O)[C@](C)(N)CC1=CC2=CC=CC=C2O1,COC(=O)[C@](C)(N)Cc1cc2ccccc2o1,-11.2,-42.99,233.267,-233.267
41059288,COC(=O)[C@](C)(N)CC1=COC2=CC=CC=C12,COC(=O)[C@](C)(N)Cc1coc2ccccc12,-9.2,226.37,233.267,233.267
41059289,COC(=O)[C@](C)(N)CC1=CC=C2OC=CC2=C1,COC(=O)[C@](C)(N)Cc1ccc2occc2c1,-15.4,-113.78,233.267,-233.267
41071243,[H][C@@]12CCC=C[C@]1([H])OC1=C2C(=O)OC(C)=C1,Cc1cc2c(c(=O)o1)[C@@H]1CCC=C[C@@H]1O2,-47.5,-301.12,204.225,-204.225
41071246,[H][C@@]12OC3=C(C(=O)OC(C)=C3)[C@]1([H])CC=C2,Cc1cc2c(c(=O)o1)[C@@H]1CC=C[C@@H]1O2,-19.4,-444.07,190.198,-190.198
41071247,[H][C@@]12OC3=C(C(=O)OC(C)=C3)[C@]1([H])CCCC=C2,Cc1cc2c(c(=O)o1)[C@@H]1CCCC=C[C@@H]1O2,-37.3,-117.62,218.25199999999995,-218.25199999999995
41071248,[H][C@@]12OC(C=C(C)C)=C(C(O)=O)[C@]1([H])CCC=C2,CC(C)=CC1=C(C(=O)O)[C@@H]2CCC=C[C@@H]2O1,-27.0,-144.96,220.268,-220.268
41071249,[H][C@@]12CCC=C[C@]1([H])OC1=C2COC(C)=C1,CC1=CC2=C(CO1)[C@@H]1CCC=C[C@@H]1O2,-15.1,-326.17,190.242,-190.242
41071250,[H][C@@]12OC3=C(C(=O)OC(=C3)C(C)C)[C@]1([H])CCC=C2,CC(C)c1cc2c(c(=O)o1)[C@@H]1CCC=C[C@@H]1O2,-32.8,-288.27,232.279,-232.279
41071253,[H][C@@]12CCC=C[C@]1([H])OC1=C2C(=O)OC(=C1)C(C)(C)C,CC(C)(C)c1cc2c(c(=O)o1)[C@@H]1CCC=C[C@@H]1O2,-51.0,-241.3,246.30599999999995,-246.30599999999995
41071263,[H][C@@]12CCC=C[C@]1([H])OC1=C2C(=O)OC(C)=C1C,Cc1oc(=O)c2c(c1C)O[C@H]1C=CCC[C@@H]21,-52.3,-142.26,218.252,-218.252
41307231,CC(=C)[C@@H]1CCC(C)=C1CC#C,C#CCC1=C(C)CC[C@H]1C(=C)C,186.0,282.14,160.25999999999996,160.25999999999996
41307234,[H][C@]1(CCC(C)=C1CC#C)[C@@H](C)C=O,C#CCC1=C(C)CC[C@H]1[C@@H](C)C=O,-40.0,-227.54,176.259,-176.259
41307236,[H][C@]1(CCC(C)=C1CC#C)[C@@H](C)[C@H](O)C=C=C,C#CCC1=C(C)CC[C@H]1[C@@H](C)[C@H](O)C=C=C,55.0,-76.33,216.324,-216.324
41307254,[H][C@@]12C[C@@]11CC3=C(C)CC[C@@]3([H])\C(C)=C/C[C@]1([H])CC2=O,CC1=C2C[C@]34C[C@H]3C(=O)C[C@H]4C/C=C(/C)[C@@H]2CC1,480.0,440.99,242.36199999999997,242.36199999999997
41765461,CC[C@@H](OC)[C@H](C)\C=C\CO,CC[C@@H](OC)[C@H](C)/C=C/CO,-33.1,-66.06,158.24099999999996,-158.24099999999996
41765467,CC[C@@H](OC)[C@H](C)C(=O)N(C)OC,CC[C@@H](OC)[C@H](C)C(=O)N(C)OC,16.1,-54.52,189.255,-189.255
41867706,CC1=CCC[C@]1(O)CC=C,C=CC[C@@]1(O)CCC=C1C,2.7,83.94,138.20999999999998,138.20999999999998
41893531,C=C[C@@H]1C[C@]2(CCCO2)OC2=CC=CC=C12,C=C[C@@H]1C[C@]2(CCCO2)Oc2ccccc21,286.1,225.74,216.28,216.28
41893532,C=C[C@@H]1C[C@@]2(CCCO2)OC2=CC=CC=C12,C=C[C@@H]1C[C@@]2(CCCO2)Oc2ccccc21,12.5,61.67,216.28,216.28
41893533,CC1(C)CC[C@]2(C[C@@H](C=C)C3=CC=CC=C3O2)O1,C=C[C@@H]1C[C@]2(CCC(C)(C)O2)Oc2ccccc21,144.5,162.22,244.334,244.334
41893536,C=C[C@@H]1C[C@]2(CCCCO2)OC2=CC=CC=C12,C=C[C@@H]1C[C@]2(CCCCO2)Oc2ccccc21,85.5,221.65,230.307,230.307
42005700,CC(=O)[C@@H]1CC=C(C)C[C@H]1C#C[Si](C)(C)C,CC(=O)[C@@H]1CC=C(C)C[C@H]1C#C[Si](C)(C)C,-108.2,-19.3,234.415,-234.415
42005701,CC(=O)[C@@H]1CC(C)=C(C)C[C@H]1C#C[Si](C)(C)C,CC(=O)[C@@H]1CC(C)=C(C)C[C@H]1C#C[Si](C)(C)C,-105.4,-38.16,248.442,-248.442
42005987,CC=C[C@]1(C)OC(C)(C)O[C@]1(C)C=C,C=C[C@@]1(C)OC(C)(C)O[C@@]1(C)C=CC,-69.8,-63.02,196.29,-196.29
42302228,C[C@@H](NC(=O)C1=NC=CC=C1)C1=CC=C(C)C=C1,Cc1ccc([C@@H](C)NC(=O)c2ccccn2)cc1,-7.765000000000001,204.41,240.30600000000004,240.30600000000004
42626431,CO[C@@H]1OC[C@@H](F)C2=CC=CC=C12,CO[C@@H]1OC[C@@H](F)c2ccccc21,-67.101,-52.95,182.194,-182.194
42626435,CO[C@@H]1OC[C@@H](F)C2=CC=CC(F)=C12,CO[C@@H]1OC[C@@H](F)c2cccc(F)c21,-45.008,-28.64,200.184,-200.184
42626437,CO[C@@H]1OC[C@@H](F)C2=CC=C(F)C=C12,CO[C@@H]1OC[C@@H](F)c2ccc(F)cc21,-45.443,-52.34,200.184,-200.184
42626439,CO[C@@H]1OC[C@@H](F)C2=CC(F)=CC=C12,CO[C@@H]1OC[C@@H](F)c2cc(F)ccc21,-61.312,-44.22,200.184,-200.184
42626443,CO[C@@H]1OC[C@@H](F)C2=CC=CC(C)=C12,CO[C@@H]1OC[C@@H](F)c2cccc(C)c21,-47.28,-67.98,196.221,-196.221
42626445,CO[C@@H]1OC[C@@H](F)C2=CC=C(C)C=C12,CO[C@@H]1OC[C@@H](F)c2ccc(C)cc21,-29.009,-78.82,196.221,-196.221
42626447,CO[C@@H]1OC[C@@H](F)C2=CC(C)=CC=C12,CO[C@@H]1OC[C@@H](F)c2cc(C)ccc21,-57.193,-43.96,196.221,-196.221
42626449,CO[C@@H]1OC[C@@H](F)C2=CC=CC(Cl)=C12,CO[C@@H]1OC[C@@H](F)c2cccc(Cl)c21,-29.548,0.84,216.639,216.639
43357662,[H][C@@]12[C@@H](C(=O)OCC)[C@]1([H])C1=CC=CC=C1OC2=O,CCOC(=O)[C@@H]1[C@H]2C(=O)Oc3ccccc3[C@@H]12,7.2,10.53,232.235,232.235
43357663,[H][C@]12COC3=CC=CC=C3[C@@]1([H])[C@@H]2C(=O)OCC,CCOC(=O)[C@@H]1[C@H]2COc3ccccc3[C@H]21,-104.5,-208.16,218.252,-218.252
43357664,CCOC(=O)[C@@H]1[C@@H](CO)[C@H]1C1=C(O)C=CC=C1,CCOC(=O)[C@@H]1[C@@H](CO)[C@H]1c1ccccc1O,-18.0,-140.89,236.267,-236.267
43602703,[H][C@]12CC(C)(C)[C@]1([H])CC\C(=C/CC2=C)C(C)=O,C=C1C/C=C(/C(C)=O)CC[C@@H]2[C@@H]1CC2(C)C,49.4,115.55,218.34,218.34
43602705,[H][C@]12CC(C)(C)[C@]1([H])CC\C(C=C)=C/CC2=C,C=C/C1=C/CC(=C)[C@H]2CC(C)(C)[C@@H]2CC1,50.2,457.23,202.341,202.341
43801928,CC[C@@](C)(C(=O)N(C)OC)C1=CC=CC=C1,CC[C@@](C)(C(=O)N(C)OC)c1ccccc1,-9.7,101.08,221.3,221.3
43801929,CC[C@](F)(CC1=CC=CC=C1)C(=O)N(C)OC,CC[C@](F)(Cc1ccccc1)C(=O)N(C)OC,-13.7,-77.14,239.29,-239.29
43801930,CC[C@](F)(CC1=CC=CC=C1)C(O)=O,CC[C@](F)(Cc1ccccc1)C(=O)O,-17.7,18.51,196.221,196.221
43942919,CC1=CC=CC(=C1)C(\Cl)=C1\[C@@H](COC1=O)C=C,C=C[C@@H]1COC(=O)/C1=C(/Cl)c1cccc(C)c1,-18.7,337.73,248.709,248.709
43942923,Cl\C(=C1/[C@@H](COC1=O)C=C)C1=CC=CC=C1,C=C[C@@H]1COC(=O)/C1=C(/Cl)c1ccccc1,-54.8,287.86,234.682,234.682
43942930,Cl\C(C1=CSC=C1)=C1/[C@@H](COC1=O)C=C,C=C[C@@H]1COC(=O)/C1=C(/Cl)c1ccsc1,13.0,215.23,240.711,240.711
43942932,Cl\C=C1/[C@@H](COC1=O)C=C,C=C[C@@H]1COC(=O)/C1=C/Cl,10.2,44.32,158.58399999999995,158.58399999999995
43942933,C\C(Cl)=C1\[C@@H](COC1=O)C=C,C=C[C@@H]1COC(=O)/C1=C(\C)Cl,-1.0,74.79,172.611,172.611
43942934,CC\C(Cl)=C1\[C@@H](COC1=O)C=C,C=C[C@@H]1COC(=O)/C1=C(/Cl)CC,-1.2,145.72,186.63799999999995,186.63799999999995
43942935,FC1=CC=C(C=C1)C(\Cl)=C1\[C@@H](COC1=O)C=C,C=C[C@@H]1COC(=O)/C1=C(/Cl)c1ccc(F)cc1,-27.9,244.83,252.672,252.672
43942936,CCC\C(Cl)=C1\[C@@H](COC1=O)C=C,C=C[C@@H]1COC(=O)/C1=C(/Cl)CCC,-97.5,-5.06,200.66499999999996,-200.66499999999996
43942937,CCCCC\C(Cl)=C1\[C@@H](COC1=O)C=C,C=C[C@@H]1COC(=O)/C1=C(/Cl)CCCCC,-101.7,-23.62,228.7189999999999,-228.7189999999999
43942938,CC1=C(C=CC=C1)C(\Cl)=C1\[C@@H](COC1=O)C=C,C=C[C@@H]1COC(=O)/C1=C(/Cl)c1ccccc1C,-22.6,192.15,248.709,248.709
43942989,C=C[C@@H]1COC(=O)C1=C(C1CC1)C1=CC=CC=C1,C=C[C@@H]1COC(=O)C1=C(c1ccccc1)C1CC1,-33.0,191.98,240.302,240.302
43942992,C=C[C@@H]1COC(=O)C1=CC1=CC=CC=C1,C=C[C@@H]1COC(=O)C1=Cc1ccccc1,-219.4,-3.12,200.237,-200.237
43942997,C=C[C@@H]1COC(=O)[C@H]1CC1=CC=C2OCOC2=C1,C=C[C@@H]1COC(=O)[C@H]1Cc1ccc2c(c1)OCO2,-27.6,26.28,246.262,246.262
44006170,CC(=O)[C@@H]1[C@@H](OCC2=CC=CC=C2)OC[C@@H]1C=C,C=C[C@H]1CO[C@H](OCc2ccccc2)[C@H]1C(C)=O,83.3,244.38,246.306,246.306
44006173,CO[C@H]1OC[C@](C)(C=C)[C@@H]1C(=O)C1=CC=CC=C1,C=C[C@@]1(C)CO[C@H](OC)[C@H]1C(=O)c1ccccc1,50.0,16.37,246.306,246.306
44255944,COC1=C(C=C(C)C=C1)[C@@]1(C)CCC[C@@]1(C)C=C,C=C[C@]1(C)CCC[C@]1(C)c1cc(C)ccc1OC,-34.0,-99.99,244.378,-244.378
44280363,CN(CCC1=CCCC[C@H]1O)C(=O)OC(C)(C)C,CN(CCC1=CCCC[C@H]1O)C(=O)OC(C)(C)C,49.0,-133.77,255.358,-255.358
44392499,[H][C@]12OC[C@@H](O)[C@@]1([H])[C@@H](O)[C@@H](O)[C@@H](CO)O2,OC[C@H]1O[C@H]2OC[C@@H](O)[C@H]2[C@@H](O)[C@H]1O,1.6,49.28,206.194,206.194
44393328,CN1C=CC(=C1)[C@@H](O)C1=CC=C(C=C1)N(=O)=O,Cn1ccc([C@@H](O)c2ccc([N+](=O)[O-])cc2)c1,-68.3,126.12,232.239,232.239
44393339,CCN1C=CC(=C1)[C@@H](O)C1=CC=C(C=C1)N(=O)=O,CCn1ccc([C@@H](O)c2ccc([N+](=O)[O-])cc2)c1,-60.8,-44.24,246.266,-246.266
44393361,CC(=O)[C@@](C)(O)C1=CN(CC2=CC=CC=C2)C=C1,CC(=O)[C@@](C)(O)c1ccn(Cc2ccccc2)c1,18.3,383.42,243.306,243.306
44393369,CC(=O)[C@](C)(O)C1=CN(C=C1)C(C)(C)C,CC(=O)[C@](C)(O)c1ccn(C(C)(C)C)c1,33.1,-66.13,209.289,-209.289
44393370,COC(=O)[C@](C)(O)C1=CN(C=C1)C1=CC=CC=C1,COC(=O)[C@](C)(O)c1ccn(-c2ccccc2)c1,27.2,188.01,245.278,245.278
44393375,O[C@H](C1=CNC=C1)C1=CC=CC=C1N(=O)=O,O=[N+]([O-])c1ccccc1[C@H](O)c1cc[nH]c1,-39.1,606.94,218.212,218.212
44393376,O[C@H](C1=CNC=C1)C1=CC=C(C=C1)N(=O)=O,O=[N+]([O-])c1ccc([C@H](O)c2cc[nH]c2)cc1,-36.1,-70.32,218.212,-218.212
44393378,O[C@H](C1=CNC=C1)C1=CC=C(C=C1)C#N,N#Cc1ccc([C@H](O)c2cc[nH]c2)cc1,-41.2,-157.72,198.225,-198.225
44393379,O[C@H](C1=CNC=C1)C1=CC(=CC=C1Cl)N(=O)=O,O=[N+]([O-])c1ccc(Cl)c([C@H](O)c2cc[nH]c2)c1,-39.3,69.57,252.657,252.657
44393382,O[C@H](C1=CNC=C1)C1=CC=NC=C1,O[C@@H](c1ccncc1)c1cc[nH]c1,-18.3,-198.32,174.20300000000003,-174.20300000000003
44393383,CCOC(=O)[C@H](O)C1=CNC=C1,CCOC(=O)[C@H](O)c1cc[nH]c1,33.4,-77.45,169.18,-169.18
44393385,CC(=O)[C@](C)(O)C1=CNC=C1,CC(=O)[C@](C)(O)c1cc[nH]c1,30.6,-227.49,153.18099999999998,-153.18099999999998
44393386,COC(=O)[C@](C)(O)C1=CNC=C1,COC(=O)[C@](C)(O)c1cc[nH]c1,32.1,6.81,169.18,169.18
44393387,CCOC(=O)[C@](C)(O)C1=CNC=C1,CCOC(=O)[C@](C)(O)c1cc[nH]c1,35.4,85.77,183.207,183.207
44641787,OC[C@@H](OC(=O)C1=CC=CO1)C=C,C=C[C@@H](CO)OC(=O)c1ccco1,-16.2,-86.35,182.175,-182.175
44641788,OC[C@@H](OC(=O)CC1=CC=CC=C1)C=C,C=C[C@@H](CO)OC(=O)Cc1ccccc1,-72.9,-80.69,206.241,-206.241
44641790,OC[C@@H](OC(=O)C=C)C=C,C=CC(=O)O[C@@H](C=C)CO,-55.4,-65.5,142.154,-142.154
44641792,OC[C@@H](OC(=O)CC1=CSC=C1)C=C,C=C[C@@H](CO)OC(=O)Cc1ccsc1,-140.0,24.71,212.27,212.27
44641793,CC(C)(C)C(=O)O[C@H](CO)C=C,C=C[C@@H](CO)OC(=O)C(C)(C)C,-41.2,-58.75,172.22399999999996,-172.22399999999996
44641794,OC[C@@H](OC(=O)C1CCCCC1)C=C,C=C[C@@H](CO)OC(=O)C1CCCCC1,-67.2,-108.97,198.26199999999992,-198.26199999999992
44641796,CCC(=O)O[C@H](CO)C=C,C=C[C@@H](CO)OC(=O)CC,-60.7,-35.9,144.16999999999996,-144.16999999999996
44641797,COC1=CC=C(CC(=O)O[C@H](CO)C=C)C=C1,C=C[C@@H](CO)OC(=O)Cc1ccc(OC)cc1,-10.5,166.63,236.267,236.267
44641798,OC[C@@H](OC(=O)C12CC3CC(CC(C3)C1)C2)C=C,C=C[C@@H](CO)OC(=O)C12CC3CC(CC(C3)C1)C2,-81.4,-31.3,250.3379999999999,-250.3379999999999
44641799,CCCCCCCC(=O)O[C@H](CO)C=C,C=C[C@@H](CO)OC(=O)CCCCCCC,-156.4,11.89,214.3049999999999,214.3049999999999
44641800,CCCCCCC(=O)O[C@H](CO)C=C,C=C[C@@H](CO)OC(=O)CCCCCC,-200.2,-23.07,200.2779999999999,-200.2779999999999
44641801,OC[C@@H](OC(=O)CC1=C(C=CC=C1)N(=O)=O)C=C,C=C[C@@H](CO)OC(=O)Cc1ccccc1[N+](=O)[O-],-45.6,447.57,251.238,251.238
44641802,OC[C@@H](OC(=O)CC1=CNC2=CC=CC=C12)C=C,C=C[C@@H](CO)OC(=O)Cc1c[nH]c2ccccc12,-70.7,-50.78,245.278,-245.278
x15406,,,36.0,195.98,218.205,218.205
x79778,,,32.1,82.08,85.15,85.15
x81750,,,10.43,4.54,204.222,204.222
x83472,,,-34.43,-106.66,244.28699999999995,-244.28699999999995
x83899,,,45.4,212.51,207.273,207.273
x84221,,,27.5,-13.37,221.29999999999995,-221.29999999999995
x84655,,,89.9,56.18,187.195,187.195
x84954,,,-65.0,33.28,214.217,214.217
x85031,,,-200.0,146.21,200.19,200.19
x85171,,,-10.0,-93.72,230.26,-230.26
x88579,,,105.3,38.28,249.266,249.266
x1237942,,,-277.0,-254.69,128.12699999999998,-128.12699999999998
x1280129,,,-19.5,-143.21,86.134,-86.134
x1280146,,,30.3,121.24,100.161,100.161
x1306064,,,39.9,-39.83,178.184,-178.184
x1310260,,,30.1,-209.96,190.195,-190.195
x1344287,,,-25.5,15.31,196.633,196.633
x1345025,,,-26.6,10.1,187.286,187.286
x1345099,,,204.0,101.51,224.259,224.259
x1361916,,,-26.7,-130.4,156.26899999999998,-156.26899999999998
x1423051,,,2.1,107.16,170.252,170.252
x1428230,,,-65.4,-254.56,216.233,-216.233
x1464743,,,40.1,-78.35,235.28299999999996,-235.28299999999996
x1621057,,,-55.7,-295.4,224.259,-224.259
x1624200,,,-61.7,71.6,246.306,246.306
x1652900,,,46.0,-337.74,255.23,-255.23
x1680160,,,35.5,-1.32,195.35,-195.35
x1718809,,,1.7,23.68,88.14999999999999,88.14999999999999
x1718955,,,-4.35,-83.35,102.177,-102.177
x1719281,,,-1.75,-44.85,130.231,-130.231
x1719324,,,9.4,53.55,130.231,130.231
x1719329,,,-34.6,70.25,148.677,148.677
x1720889,,,-24.5,-42.98,130.18699999999998,-130.18699999999998
x1720989,,,-9.6,-63.52,114.14399999999998,-114.14399999999998
x1723417,,,16.4,51.15,188.267,188.267
x1723731,,,17.35,-24.41,202.294,-202.294
x1934136,,,-5.0,40.48,188.267,188.267
x1962763,,,2.8,-1.4,231.292,-231.292
x1967907,,,-40.8,61.75,236.355,236.355
x2038251,,,10.8,218.82,98.145,98.145
x2038599,,,-11.55,108.58,98.145,98.145
x2039797,,,23.6,72.49,122.16699999999996,122.16699999999996
x2040677,,,-127.0,-360.05,154.234,-154.234
x2042028,,,33.3,70.24,156.612,156.612
x2042396,,,21.9,15.62,172.22699999999998,172.22699999999998
x2042986,,,26.07,46.63,150.22099999999998,150.22099999999998
x2047702,,,-65.83,-105.11,162.23199999999997,-162.23199999999997
x2047993,,,22.0,46.21,222.37199999999996,222.37199999999996
x2048296,,,20.92,43.15,190.28599999999992,190.28599999999992
x2049261,,,-64.9,-194.57,208.26,-208.26
x2050108,,,-105.71,-243.89,210.276,-210.276
x2050827,,,-221.6,-140.09,222.284,-222.284
x2208227,,,-73.75,-178.92,148.20499999999998,-148.20499999999998
x2251978,,,19.0,-68.32,180.247,-180.247
x2323323,,,9.7,16.01,112.172,112.172
x2323817,,,-329.0,-398.11,110.156,-110.156
x2324133,,,-6.4,-317.84,126.199,-126.199
x2326819,,,2.0,-49.86,166.22,-166.22
x2329658,,,-16.35,-338.47,198.265,-198.265
x2330153,,,-28.0,-45.99,204.313,-204.313
x2331265,,,-162.0,-53.58,224.303,-224.303
x2365204,,,-2.0,-0.76,222.372,-222.372
x2408992,,,8.3,38.78,98.149,98.149
x2413051,,,-145.0,-467.11,168.261,-168.261
x2416152,,,-1.1,32.81,181.191,181.191
x2416728,,,-3.7,18.0,215.636,215.636
x2418567,,,-0.9,-129.14,211.217,-211.217
x2444570,,,-98.2,-165.37,215.362,-215.362
x2500176,,,10.2,47.81,136.194,136.194
x2523675,,,89.0,-122.0,218.34,-218.34
x2554147,,,6.5,-58.51,150.22099999999998,-150.22099999999998
x2554409,,,-6.0,-22.34,152.19299999999998,-152.19299999999998
x2554415,,,8.15,-20.38,152.19299999999998,-152.19299999999998
x2555977,,,-61.0,-316.84,208.326,-208.326
x2562645,,,-83.73,-49.82,238.33,-238.33
x2612996,,,114.3,-72.52,160.21599999999998,-160.21599999999998
x2615578,,,-30.3,-68.74,218.34,-218.34
x2616742,,,115.9,107.88,255.111,255.111
x2690704,,,1.35,55.45,184.279,184.279
x2693607,,,33.0,57.08,234.339,234.339
x2802804,,,17.0,-36.19,179.263,-179.263
x2937193,,,21.7,-110.44,198.262,-198.262
x2976336,,,30.3,317.83,243.30600000000004,243.30600000000004
x3118129,,,72.7,260.18,191.27400000000003,191.27400000000003
x3126377,,,-1.69,-64.99,168.23599999999996,-168.23599999999996
x3126390,,,-25.2,-26.75,204.357,-204.357
x3126437,,,3.6,-7.98,192.302,-192.302
x3138117,,,23.8,233.86,241.334,241.334
x3193875,,,2.7,54.69,128.215,128.215
x3195575,,,17.1,118.31,148.20499999999998,148.20499999999998
x3195628,,,-16.3,-6.73,199.09100000000004,-199.09100000000004
x3196267,,,-9.6,-85.53,194.318,-194.318
x3196449,,,-134.0,-123.84,138.16599999999997,-138.16599999999997
x3196464,,,14.1,139.43,152.19299999999998,152.19299999999998
x3196954,,,23.45,133.65,164.24800000000002,164.24800000000002
x3198944,,,-45.3,-37.88,179.26299999999998,-179.26299999999998
x3202124,,,-40.32,-184.58,234.298,-234.298
x3202444,,,6.43,-443.46,214.264,-214.264
x3204824,,,-32.6,-156.52,228.675,-228.675
x3537186,,,-19.5,-38.26,123.15499999999996,-123.15499999999996
x3538362,,,26.4,418.81,224.38799999999995,224.38799999999995
x3542667,,,36.8,10.9,201.266,201.266
x3545149,,,-10.2,-74.37,187.199,-187.199
x3549668,,,54.3,58.95,229.276,229.276
x3552683,,,-46.8,125.08,220.224,220.224
x3587898,,,7.69,-56.4,112.12799999999996,-112.12799999999996
x3588145,,,19.5,57.44,174.19599999999997,174.19599999999997
x3588203,,,33.5,197.01,202.37,202.37
x3588594,,,-64.30000000000001,-89.23,147.221,-147.221
x3588749,,,10.7,-115.91,168.236,-168.236
x3588754,,,14.4,58.31,166.21999999999997,166.21999999999997
x3589112,,,40.0,173.53,176.259,176.259
x3589405,,,-15.5,-166.12,180.24699999999996,-180.24699999999996
x3591067,,,-61.1,16.69,230.263,230.263
x3591296,,,-41.6,-52.53,249.31,-249.31
x3591420,,,-43.7,-69.01,227.304,-227.304
x3592912,,,-78.9,-184.88,254.28199999999995,-254.28199999999995
x3601189,,,25.6,105.29,156.22499999999997,156.22499999999997
x3601898,,,-65.0,-195.06,160.213,-160.213
x3603779,,,18.2,44.18,170.639,170.639
x3606512,,,-60.3,-325.41,216.324,-216.324
x3614875,,,24.0,219.3,233.267,233.267
x3647990,,,9.4,169.37,165.02999999999997,165.02999999999997
x3647994,,,17.0,11.1,100.165,100.165
x3648625,,,-2.9,94.54,154.25299999999996,154.25299999999996
x3648741,,,-262.0,-491.51,154.23399999999998,-154.23399999999998
x3648959,,,-30.96,58.06,146.18899999999996,146.18899999999996
x3648988,,,-36.0,-56.7,156.612,-156.612
x3649064,,,-18.8,-73.14,152.19299999999998,-152.19299999999998
x3649226,,,27.6,35.25,178.27499999999998,178.27499999999998
x3649445,,,-24.1,-79.01,162.188,-162.188
x3649607,,,54.0,-16.81,150.177,-150.177
x3650249,,,-16.5,-43.63,241.084,-241.084
x3650269,,,-7.7,-235.63,220.312,-220.312
x3650700,,,-3.1,28.5,192.214,192.214
x3651197,,,-26.9,243.97,224.325,224.325
x3652004,,,22.6,51.32,251.326,251.326
x4177659,,,124.6,26.12,146.18899999999996,146.18899999999996
x4188366,,,-9.65,-159.12,232.28300000000004,-232.28300000000004
x4190216,,,-11.1,419.56,250.34500000000003,250.34500000000003
x4229674,,,-24.0,111.83,104.149,104.149
x4229757,,,-31.7,-6.36,116.15999999999998,-116.15999999999998
x4229970,,,104.4,104.17,167.296,167.296
x4230303,,,77.44999999999999,105.62,209.37699999999995,209.37699999999995
x4230722,,,-562.0,-540.73,109.128,-109.128
x4232146,,,-22.7,-34.14,190.164,-190.164
x4232765,,,-5.3,-28.18,238.33,-238.33
x4232913,,,191.23,197.93,204.229,204.229
x4235094,,,-10.1,-96.25,240.255,-240.255
x4241981,,,123.9,-93.96,88.106,-88.106
x4246216,,,26.0,-21.76,246.42299999999997,-246.42299999999997
x4250168,,,-30.7,-153.61,208.257,-208.257
x4250381,,,-3.9,-323.28,248.398,-248.398
x4251271,,,-30.0,-369.95,247.338,-247.338
x4254653,,,12.0,180.22,238.283,238.283
x4291281,,,13.6,-172.62,202.37,-202.37
x4291465,,,-136.5,-688.31,166.24499999999998,-166.24499999999998
x4291770,,,-55.3,-28.56,201.063,-201.063
x4291936,,,-35.0,-104.85,146.189,-146.189
x4293587,,,-80.1,-248.41,186.163,-186.163
x4294180,,,23.1,63.89,230.25999999999996,230.25999999999996
x4306272,,,124.0,151.75,114.1,114.1
x4312818,,,43.010000000000005,-123.48,214.264,-214.264
x4316347,,,24.2,197.54,209.24499999999995,209.24499999999995
x4349351,,,-10.3,8.37,116.20399999999998,116.20399999999998
x4349389,,,-27.5,196.71,86.09,86.09
x4349780,,,19.8,-83.03,100.117,-100.117
x4350013,,,-13.8,-7.87,226.436,-226.436
x4350247,,,-24.1,-71.53,140.15699999999998,-140.15699999999998
x4350901,,,6.85,45.23,166.22,166.22
x4351371,,,-6.23,-10.55,174.19899999999998,-174.19899999999998
x4352082,,,11.9,31.11,180.203,180.203
x4352236,,,-42.6,-200.14,189.214,-189.214
x4352318,,,14.6,93.49,226.19699999999995,226.19699999999995
x4354925,,,19.75,28.23,247.294,247.294
x4369137,,,-5.3,40.84,166.26399999999998,166.26399999999998
x4375419,,,-12.3,-129.13,168.261,-168.261
x4377004,,,45.0,148.76,143.186,143.186
x4386953,,,-8.25,-113.62,182.28800000000004,-182.28800000000004
x4430609,,,65.0,71.0,219.284,219.284
x4447541,,,119.8,278.34,255.361,255.361
x4652344,,,-35.4,-96.9,116.204,-116.204
x4652503,,,-7.1,152.63,144.258,144.258
x4652613,,,-33.2,-16.42,88.10600000000001,-88.10600000000001
x4652825,,,29.1,-95.65,84.118,-84.118
x4652882,,,-13.0,111.68,102.13299999999998,102.13299999999998
x4655366,,,71.4,258.47,112.172,112.172
x4658178,,,8.0,25.04,198.34999999999997,198.34999999999997
x4659557,,,-23.11,-55.0,138.16599999999997,-138.16599999999997
x4660477,,,17.1,171.21,130.143,130.143
x4660551,,,5.0,-100.71,168.27999999999994,-168.27999999999994
x4661357,,,6.5,17.32,139.198,139.198
x4661507,,,-139.0,-332.58,168.26100000000002,-168.26100000000002
x4663826,,,90.3,-363.05,160.21599999999998,-160.21599999999998
x4665714,,,-26.7,-95.75,167.164,-167.164
x4666413,,,-94.0,-473.28,196.315,-196.315
x4667573,,,-0.3,-45.93,186.25099999999992,-186.25099999999992
x4667824,,,-123.84,-164.56,190.242,-190.242
x4668498,,,-98.0,-527.03,216.305,-216.305
x4669499,,,-17.0,-41.97,178.231,-178.231
x4669646,,,-73.3,-61.21,213.321,-213.321
x4675518,,,-13.8,-115.43,194.306,-194.306
x4676393,,,-33.3,141.24,194.208,194.208
x4677104,,,-35.3,-151.08,194.23,-194.23
x4677304,,,112.0,-3.45,238.283,-238.283
x4681027,,,65.2,-16.93,226.275,-226.275
x4752666,,,-48.98,94.77,244.28999999999996,244.28999999999996
x4781304,,,4.0,206.34,126.199,126.199
x4781977,,,-150.0,-494.25,182.288,-182.288
x4782740,,,9.91,310.24,210.276,210.276
x4783524,,,9.9,42.08,234.298,234.298
x4798442,,,-18.0,-57.52,201.063,-201.063
x4799288,,,-45.0,-67.24,164.248,-164.248
x4800112,,,52.4,161.23,165.23599999999996,165.23599999999996
x4800623,,,54.0,231.4,190.29000000000005,190.29000000000005
x4839766,,,0.31,63.35,174.284,174.284
x4840961,,,-20.0,-86.69,176.21499999999995,-176.21499999999995
x4841730,,,-85.0,-114.55,201.225,-201.225
x4857766,,,3.0,66.52,172.26799999999994,172.26799999999994
x4858162,,,-36.1,-82.17,200.322,-200.322
x4860800,,,-11.33,-23.74,178.275,-178.275
x4864279,,,-80.0,-279.46,246.354,-246.354
x4904332,,,-66.0,-218.05,170.233,-170.233
x4905166,,,46.4,273.68,186.207,186.207
x5004664,,,2.0,131.59,220.312,220.312
x5008943,,,-18.8,64.65,207.273,207.273
x5030593,,,-33.3,215.62,254.282,254.282
x5054827,,,-29.8,-49.35,255.339,-255.339
x5239672,,,-8.0,-198.0,142.242,-142.242
x5241406,,,-21.4,2.71,169.268,169.268
x5248382,,,33.3,104.04,150.221,150.221
x5250853,,,45.4,198.97,186.251,186.251
x5251125,,,-14.4,-12.11,176.13699999999994,-176.13699999999994
x5251348,,,-21.4,-162.91,157.169,-157.169
x5252232,,,13.1,108.67,194.23,194.23
x5252266,,,-26.7,-17.79,202.253,-202.253
x5253010,,,-27.3,-125.47,192.258,-192.258
x5253149,,,80.2,-347.07,174.243,-174.243
x5253376,,,15.6,370.1,176.259,176.259
x5263175,,,55.0,271.56,227.307,227.307
x5266605,,,-53.0,-22.96,229.279,-229.279
x5269036,,,31.32,152.17,210.229,210.229
x5270768,,,-3.5,52.22,217.268,217.268
x5271646,,,-18.9,-562.31,254.285,-254.285
x5330533,,,158.0,145.85,170.208,170.208
x5336691,,,32.0,-104.21,220.26800000000003,-220.26800000000003
x5339107,,,-108.0,-203.55,236.359,-236.359
x5376273,,,30.55,0.85,158.241,158.241
x5376816,,,21.84,33.57,165.236,165.236
x5377724,,,-120.4,-173.11,177.247,-177.247
x5377855,,,-1.08,55.23,194.23,194.23
x5378025,,,17.5,109.38,186.21,186.21
x5426888,,,22.3,17.98,168.19199999999998,168.19199999999998
x5427610,,,2.7,-447.74,198.265,-198.265
x5428528,,,-69.1,-99.75,206.285,-206.285
x5434174,,,28.2,333.79,195.174,195.174
x5435928,,,16.45,-73.19,247.294,-247.294
x5476433,,,-10.2,36.81,131.17499999999998,131.17499999999998
x5477445,,,26.0,103.87,181.238,181.238
x5478400,,,9.82,229.22,202.228,202.228
x5491717,,,-17.2,-201.52,145.202,-145.202
x5514418,,,132.95,376.52,213.28,213.28
x5727720,,,11.2,40.92,126.199,126.199
x5728796,,,-25.9,-55.5,136.194,-136.194
x5728802,,,-139.0,-133.35,138.20999999999998,-138.20999999999998
x5731766,,,-36.8,-61.48,182.65,-182.65
x5733451,,,-136.4,-100.28,218.249,-218.249
x5733597,,,-11.9,8.77,222.372,222.372
x5734179,,,-42.0,-188.51,178.23099999999997,-178.23099999999997
x5735455,,,12.7,11.78,190.164,190.164
x5737256,,,8.3,57.68,210.582,210.582
x5737258,,,11.5,6.88,255.033,255.033
x5738147,,,13.6,-15.53,206.16299999999995,-206.16299999999995
x5738219,,,10.4,60.15,230.38,230.38
x5738326,,,216.5,659.39,209.08,209.08
x5738462,,,30.9,5.86,193.202,193.202
x5742085,,,16.9,-102.91,216.233,-216.233
x5742273,,,31.4,-66.4,223.272,-223.272
x5749188,,,5.9,-124.65,238.283,-238.283
x5789456,,,-2.7,-30.43,130.23099999999997,-130.23099999999997
x5802689,,,-4.1,108.3,252.398,252.398
x5849031,,,-30.5,-5.0,133.147,-133.147
x5849623,,,9.5,75.98,190.286,190.286
x5849930,,,-26.6,161.24,147.177,147.177
x5849961,,,-17.5,-29.19,173.21199999999993,-173.21199999999993
x5850049,,,-27.2,57.25,161.24800000000002,161.24800000000002
x5850060,,,-137.8,-141.36,218.249,-218.249
x5850405,,,-38.6,-51.04,190.164,-190.164
x5851236,,,18.4,51.94,222.284,222.284
x5851445,,,14.3,-135.3,195.218,-195.218
x5861041,,,-7.3,21.73,175.22799999999998,175.22799999999998
x5861487,,,42.9,67.2,149.19299999999998,149.19299999999998
x5862068,,,-9.4,-2.38,164.204,-164.204
x5863172,,,12.1,111.08,174.243,174.243
x5907057,,,-111.2,-212.16,210.2729999999999,-210.2729999999999
x5908336,,,17.59,-120.98,247.25000000000003,-247.25000000000003
x5908424,,,0.37,112.21,251.28500000000005,251.28500000000005
x6056823,,,-13.8,-71.63,180.178,-180.178
x6058211,,,-38.6,-189.88,234.295,-234.295
x6059286,,,91.8,394.64,218.3,218.3
x6140992,,,-21.1,191.37,224.30300000000005,224.30300000000005
x6174521,,,7.1,149.84,170.29599999999996,170.29599999999996
x6175631,,,-37.2,75.54,167.164,167.164
x6176366,,,24.7,78.49,226.19699999999995,226.19699999999995
x6270648,,,-6.3,-113.94,192.258,-192.258
x6271537,,,1.0,-6.26,176.21499999999995,-176.21499999999995
x6271538,,,24.0,-120.44,176.21499999999995,-176.21499999999995
x6271739,,,-62.2,-385.49,214.264,-214.264
x6274499,,,57.02,332.63,229.235,229.235
x6367777,,,12.5,-25.28,146.18599999999998,-146.18599999999998
x6368251,,,25.0,-56.27,155.241,-155.241
x6368598,,,77.6,138.53,146.18899999999996,146.18899999999996
x6368908,,,-36.25,-320.4,185.226,-185.226
x6482011,,,-17.6,-20.83,232.235,-232.235
x6483042,,,-73.05,-160.21,247.294,-247.294
x6505482,,,72.7,61.41,204.273,204.273
x6582523,,,7.3,-33.41,255.033,-255.033
x6593207,,,-24.0,184.11,188.27,188.27
x6633685,,,-32.1,-182.48,228.675,-228.675
x6635021,,,-38.9,-112.87,239.227,-239.227
x6635492,,,-36.3,-148.82,239.227,-239.227
x6644812,,,8.5,-124.4,210.273,-210.273
x6649029,,,-7.715,216.68,226.279,226.279
x6683156,,,4.0,-54.04,168.28000000000003,-168.28000000000003
x6683556,,,17.0,0.74,168.23600000000002,168.23600000000002
x6768831,,,45.93,-0.6,218.256,-218.256
x6792160,,,-20.0,-273.64,191.27400000000003,-191.27400000000003
x6792347,,,-20.0,-169.8,205.301,-205.301
x6792468,,,-3.0,181.02,219.328,219.328
x6798149,,,-22.2,16.01,138.16599999999997,138.16599999999997
x6799031,,,25.0,61.52,166.22,166.22
x6799727,,,-10.2,-17.43,178.27500000000003,-178.27500000000003
x6801353,,,-10.5,9.05,179.21900000000002,179.21900000000002
x6802229,,,-3.65,-7.38,208.26,-208.26
x6803701,,,31.1,-432.29,212.245,-212.245
x6811135,,,-10.9,-11.38,253.257,-253.257
x6845112,,,14.0,-253.92,190.242,-190.242
x6845934,,,-12.0,22.89,216.27999999999997,216.27999999999997
x6890340,,,15.1,17.96,170.25199999999998,170.25199999999998
x6897822,,,-4.5,-102.59,156.26899999999995,-156.26899999999995
x6955514,,,69.0,43.4,132.115,132.115
x6956059,,,-42.0,-28.83,173.172,-173.172
x6965128,,,3.44,-30.1,188.343,-188.343
x6970493,,,7.8,55.33,217.31199999999995,217.31199999999995
x6998355,,,-45.7,-83.67,162.23199999999997,-162.23199999999997
x6998692,,,-3.42,113.6,167.59499999999997,167.59499999999997
x7013539,,,-284.0,-294.63,124.183,-124.183
x7014534,,,-15.26,285.23,218.683,218.683
x7022720,,,61.1,98.56,189.258,189.258
x7023076,,,89.5,176.85,224.303,224.303
x7024072,,,46.45,84.15,210.277,210.277
x7036041,,,-111.3,-25.16,255.26999999999995,-255.26999999999995
x7073421,,,-61.7,-303.39,162.23199999999997,-162.23199999999997
x7074110,,,-18.9,-53.92,165.236,-165.236
x7074356,,,58.3,421.94,216.305,216.305
x7075283,,,35.1,508.63,200.237,200.237
x7091422,,,-48.4,87.62,181.191,181.191
x7112042,,,-22.7,-3.86,195.218,-195.218
x7112043,,,9.7,-25.58,195.218,-195.218
x7112264,,,138.9,123.01,230.263,230.263
x7132404,,,36.7,-38.9,211.22100000000003,-211.22100000000003
x7165585,,,3.01,-412.63,160.21599999999998,-160.21599999999998
x7166174,,,44.0,191.48,181.238,181.238
x7168383,,,-63.3,-70.17,254.333,-254.333
x7168553,,,-58.0,29.98,232.283,232.283
x7183806,,,-29.6,-120.96,204.31299999999996,-204.31299999999996
x7202137,,,-26.8,-730.38,175.187,-175.187
x7208064,,,14.6,-66.53,240.30599999999995,-240.30599999999995
x7209353,,,26.3,275.35,252.235,252.235
x7250729,,,-9.33,-54.93,207.273,-207.273
x7253027,,,-29.3,-268.85,254.282,-254.282
x7266152,,,-18.5,214.41,206.28500000000005,206.28500000000005
x7281558,,,-12.0,-133.93,192.214,-192.214
x7288163,,,-26.7,-383.53,188.27,-188.27
x7334307,,,-12.5,49.15,135.55,135.55
x7367370,,,-4.0,3.21,139.242,139.242
x7369668,,,-45.48,-69.54,195.30599999999995,-195.30599999999995
x7371685,,,-3.3,-135.9,215.249,-215.249
x7412313,,,96.0,108.65,243.39399999999995,243.39399999999995
x7424944,,,52.2,108.42,211.30499999999995,211.30499999999995
x7425989,,,1.18,-48.65,229.27599999999995,-229.27599999999995
x7427636,,,72.2,213.58,217.224,217.224
x7462028,,,-17.8,-59.25,140.15699999999998,-140.15699999999998
x7462244,,,-1.1,-40.97,164.248,-164.248
x7464339,,,19.5,-201.61,209.245,-209.245
x7464340,,,16.1,-155.74,209.245,-209.245
x7464725,,,22.8,23.46,223.272,223.272
x7513708,,,1.3,-55.11,186.339,-186.339
x7516898,,,-16.1,-86.14,250.298,-250.298
x7525835,,,23.7,-24.29,162.232,-162.232
x7530224,,,52.9,99.06,209.245,209.245
x7533045,,,-93.7,-128.57,241.29,-241.29
x7568437,,,-182.0,-126.37,224.30300000000005,-224.30300000000005
x7578901,,,-22.8,-147.67,201.386,-201.386
x7579093,,,-1.1,-74.74,252.44199999999995,-252.44199999999995
x7579787,,,0.11,-9.04,252.44199999999995,-252.44199999999995
x7582319,,,29.5,140.96,208.257,208.257
x7587045,,,23.6,285.22,238.283,238.283
x7620731,,,16.6,-3.94,154.253,-154.253
x7621502,,,8.9,181.72,248.442,248.442
x7623988,,,86.3,-23.19,253.685,-253.685
x7624070,,,13.0,-140.19,220.224,-220.224
x7633648,,,9.8,79.75,193.63,193.63
x7640246,,,36.0,44.95,230.311,230.311
x7640345,,,7.9,16.8,236.267,236.267
x7687124,,,-45.0,-88.98,241.128,-241.128
x7687379,,,-22.9,-59.26,180.247,-180.247
x7687630,,,-48.0,-291.96,214.308,-214.308
x7687840,,,14.5,84.78,204.269,204.269
x7688068,,,25.0,90.18,224.687,224.687
x7688219,,,68.8,-107.17,224.687,-224.687
x7702800,,,-11.0,-256.59,242.362,-242.362
x7712239,,,49.4,454.6,253.301,253.301
x7745428,,,-77.4,-117.67,207.317,-207.317
x7756358,,,-32.9,8.63,144.214,144.214
x7757558,,,-5.1,331.59,182.24400000000003,182.24400000000003
x7758450,,,-224.0,-275.24,190.214,-190.214
x7764405,,,-35.0,53.96,241.2899999999999,241.2899999999999
x7802858,,,4.8,-32.3,204.386,-204.386
x7854167,,,-3.6,-33.19,156.18099999999998,-156.18099999999998
x7856185,,,-28.0,138.42,222.287,222.287
x7856802,,,50.0,-26.49,243.39400000000003,-243.39400000000003
x7875788,,,33.0,59.12,250.342,250.342
x7905435,,,-134.81,-69.62,170.164,-170.164
x7905649,,,-118.0,60.27,205.25700000000003,205.25700000000003
x7905910,,,-13.815,21.78,248.325,248.325
x7920255,,,13.0,147.88,213.277,213.277
x7975127,,,74.0,219.98,213.193,213.193
x7986896,,,-8.4,-27.3,127.143,-127.143
x7991354,,,-11.7,47.88,178.18699999999995,178.18699999999995
x8037970,,,-21.7,67.28,196.202,196.202
x8050350,,,-101.0,-8.9,140.182,-140.182
x8060557,,,-23.77,67.12,255.314,255.314
x8110342,,,-19.6,-14.31,216.397,-216.397
x8114413,,,22.4,23.66,238.294,238.294
x8137861,,,25.9,18.46,157.16899999999998,157.16899999999998
x8138635,,,-7.5,-104.79,170.20799999999997,-170.20799999999997
x8140225,,,52.0,183.41,189.30200000000005,189.30200000000005
x8143172,,,97.3,16.11,181.279,181.279
x8198303,,,20.3,-24.95,140.182,-140.182
x8201355,,,79.0,-309.49,194.661,-194.661
x8209950,,,22.5,158.6,250.338,250.338
x8253533,,,-44.0,-110.18,128.12699999999998,-128.12699999999998
x8255688,,,12.5,323.64,218.683,218.683
x8256986,,,-70.0,-110.88,210.229,-210.229
x8261740,,,12.0,-50.64,232.323,-232.323
x8263385,,,123.3,117.31,243.32799999999995,243.32799999999995
x8263412,,,137.3,-16.17,202.297,-202.297
x8263712,,,15.1,115.13,253.323,253.323
x8312953,,,-35.4,-1.97,214.264,-214.264
x8314965,,,-3.4,101.86,217.224,217.224
x8315514,,,-55.3,-184.2,225.288,-225.288
x8318351,,,-26.6,-43.79,200.281,-200.281
x8318841,,,-17.4,-26.77,214.308,-214.308
x8404950,,,35.8,157.4,140.226,140.226
x8406546,,,32.7,-2.03,225.502,-225.502
x8408359,,,23.6,188.56,198.265,198.265
x8410230,,,-22.8,-103.4,205.30099999999996,-205.30099999999996
x8411496,,,-14.3,-134.3,218.249,-218.249
x8416387,,,8.35,46.8,237.255,237.255
x8485892,,,51.5,-22.14,204.269,-204.269
x8543928,,,-25.5,-0.25,180.247,-180.247
x8547762,,,-8.2,64.97,193.21,193.21
x8548156,,,111.0,147.39,177.203,177.203
x8555907,,,21.8,19.77,251.282,251.282
x8615243,,,21.2,-100.58,168.31199999999998,-168.31199999999998
x8615422,,,7.4,34.75,157.16899999999998,157.16899999999998
x8616327,,,-1.2,79.46,158.285,158.285
x8619969,,,15.4,58.21,242.391,242.391
x8621136,,,16.0,111.58,226.247,226.247
x8622160,,,4.36,31.75,198.26199999999992,198.26199999999992
x8680533,,,34.3,22.95,170.20799999999997,170.20799999999997
x8681935,,,20.0,-238.17,190.242,-190.242
x8682333,,,15.23,-432.25,214.264,-214.264
x8684015,,,10.0,-40.94,188.27,-188.27
x8684336,,,59.1,106.67,213.324,213.324
x8685033,,,-44.0,-95.04,198.262,-198.262
x8688978,,,-92.1,224.49,242.322,242.322
x8689360,,,135.5,547.21,250.348,250.348
x8690614,,,-10.4,10.36,231.371,231.371
x8695282,,,89.0,116.54,209.377,209.377
x8760827,,,-7.1,170.82,128.21499999999995,128.21499999999995
x8760997,,,34.9,88.2,167.164,167.164
x8761870,,,8.3,56.4,160.21599999999998,160.21599999999998
x8761920,,,41.6,10.68,227.101,227.101
x8762774,,,-46.2,-245.86,198.265,-198.265
x8763867,,,74.26249999999999,198.68,206.31,206.31
x8764438,,,96.75,219.16,184.166,184.166
x8764495,,,96.1,99.67,189.302,189.302
x8765995,,,-12.23,-7.36,182.175,-182.175
x8766377,,,-43.1,-349.28,212.292,-212.292
x8767731,,,84.6,26.43,176.21499999999995,176.21499999999995
x8767738,,,-48.2,12.97,181.279,181.279
x8769783,,,181.3,247.18,200.165,200.165
x8830208,,,-26.6,39.14,151.13999999999996,151.13999999999996
x8830415,,,-18.2,-142.74,155.15299999999996,-155.15299999999996
x8836223,,,-28.2,-216.01,242.702,-242.702
x8837618,,,-19.1,-74.41,198.21799999999996,-198.21799999999996
x8839010,,,-7.0,-65.62,245.34399999999997,-245.34399999999997
x8899571,,,-27.1,-148.24,148.205,-148.205
x8899905,,,-69.0,-348.42,233.13,-233.13
x8903294,,,29.2,-74.09,214.381,-214.381
x8907714,,,33.3,50.34,244.331,244.331
x8918062,,,12.0,5.9,248.36599999999996,248.36599999999996
x8974024,,,2.1,49.03,151.20899999999995,151.20899999999995
x8975262,,,-18.85,1.31,158.153,158.153
x8975683,,,34.8,39.83,158.147,158.147
x8975966,,,-17.6,-66.92,200.259,-200.259
x8976760,,,-36.1,-94.46,241.128,-241.128
x9042806,,,-27.15,-58.98,147.17399999999998,-147.17399999999998
x9042822,,,-2.18,-43.24,147.17399999999998,-147.17399999999998
x9043093,,,18.4,47.77,161.20099999999996,161.20099999999996
x9043992,,,-139.1,-18.83,156.137,-156.137
x9044757,,,-26.950000000000003,61.92,181.191,181.191
x9049997,,,-26.0,-87.43,217.224,-217.224
x9050080,,,-25.85,182.38,227.21599999999995,227.21599999999995
x9050971,,,-5.2,-19.55,226.25,-226.25
x9051880,,,4.7,197.64,238.286,238.286
x9052382,,,-1.4,-523.3,238.286,-238.286
x9052671,,,-6.3,104.25,253.345,253.345
x9058728,,,27.3,66.06,223.40399999999997,223.40399999999997
x9125300,,,111.0,423.5,223.275,223.275
x9189702,,,-41.8,-242.92,142.19799999999995,-142.19799999999995
x9200146,,,34.5,-91.76,208.301,-208.301
x9204932,,,-38.0,-86.54,222.32799999999995,-222.32799999999995
x9257466,,,27.1,10.35,176.21499999999995,176.21499999999995
x9257879,,,29.36,146.43,218.683,218.683
x9260114,,,1.7,-38.09,222.28700000000003,-222.28700000000003
x9262885,,,5.35,221.03,238.286,238.286
x9263527,,,11.55,-196.15,234.251,-234.251
x9264936,,,12.8,531.44,253.257,253.257
x9266158,,,13.325,-244.93,248.278,-248.278
x9268649,,,13.5,-153.73,248.278,-248.278
x9322007,,,-1.2,-45.57,160.26,-160.26
x9322337,,,-1.7,-13.19,144.258,-144.258
x9322824,,,-11.0,-15.37,166.22000000000003,-166.22000000000003
x9323102,,,9.7,8.33,195.218,195.218
x9323303,,,-56.9,-267.83,176.25899999999996,-176.25899999999996
x9323720,,,22.47,26.45,199.181,199.181
x9324676,,,19.2,83.92,198.221,198.221
x9326889,,,43.0,419.64,212.68400000000003,212.68400000000003
x9327428,,,-14.9,-223.8,212.248,-212.248
x9329990,,,-31.0,-64.65,230.22899999999996,-230.22899999999996
x9387688,,,-65.6,-178.34,182.65,-182.65
x9390217,,,-46.0,264.7,218.252,218.252
x9391387,,,-29.51,-630.47,220.22800000000004,-220.22800000000004
x9394056,,,-138.0,394.04,232.27899999999997,232.27899999999997
x9399211,,,63.9,-85.08,235.23899999999995,-235.23899999999995
x9401443,,,-11.5,107.15,245.398,245.398
x9477270,,,8.4,-12.96,147.17399999999998,-147.17399999999998
x9478362,,,-43.4,-0.91,197.19,-197.19
x9478644,,,-28.0,60.3,201.609,201.609
x9478648,,,-37.05,64.54,185.154,185.154
x9478663,,,-45.5,-305.62,201.609,-201.609
x9479264,,,-48.9,-107.83,161.248,-161.248
x9479677,,,-32.5,17.15,194.186,194.186
x9480657,,,-16.1,-77.13,174.28399999999996,-174.28399999999996
x9480946,,,26.2,-313.54,213.28,-213.28
x9481029,,,141.45,159.42,212.161,212.161
x9481069,,,-28.255000000000003,4.42,212.161,212.161
x9482856,,,44.3,155.43,209.29200000000003,209.29200000000003
x9484729,,,38.0,-101.81,200.281,-200.281
x9485289,,,-20.1,-13.25,251.326,-251.326
x9485495,,,39.7,-266.87,243.262,-243.262
x9486217,,,-232.8,-328.67,214.3079999999999,-214.3079999999999
x9488382,,,-1.9,2.4,216.321,216.321
x9550304,,,-8.11,-54.98,164.248,-164.248
x9554949,,,7.18,-187.24,202.29700000000005,-202.29700000000005
x9559059,,,-8.0,-43.4,246.467,-246.467
x9619440,,,332.4,104.75,202.37,202.37
x9622755,,,10.7,-76.75,198.262,-198.262
x9623846,,,167.0,144.37,216.284,216.284
x9695956,,,3.64,-394.82,185.226,-185.226
x9696054,,,33.55,-16.05,197.19,-197.19
x9709273,,,-11.6,-9.81,236.355,-236.355
x9757124,,,-16.1,-32.27,119.12,-119.12
x9757343,,,9.04,-48.12,133.147,-133.147
x9757744,,,-6.7,-58.32,144.17,-144.17
x9758654,,,-15.7,23.29,181.19100000000003,181.19100000000003
x9759885,,,1.5,1.27,221.25600000000003,221.25600000000003
x9765416,,,17.0,106.97,236.267,236.267
x9768910,,,62.1,34.99,221.29999999999995,221.29999999999995
x9770393,,,54.0,247.83,254.28199999999995,254.28199999999995
x9777830,,,-13.0,-56.31,244.243,-244.243
x9846157,,,9.2,-194.09,152.237,-152.237
x9846405,,,-38.1,-281.26,246.06,-246.06
x9846413,,,-36.400000000000006,-230.93,185.154,-185.154
x9846497,,,-26.4,39.29,196.246,196.246
x9848229,,,-2.5,85.08,174.284,174.284
x9848430,,,-45.5,-255.08,236.054,-236.054
x9849718,,,16.3,89.04,196.338,196.338
x9849734,,,-20.6,42.6,236.267,236.267
x9849735,,,-7.6,-5.21,236.267,-236.267
x9851673,,,-53.8,-76.88,250.294,-250.294
x9851674,,,16.8,133.47,250.294,250.294
x9854919,,,-9.18,60.42,252.31,252.31
x9899792,,,-53.7,46.65,148.16099999999994,148.16099999999994
x9900844,,,-43.9,-38.75,162.23199999999997,-162.23199999999997
x9901371,,,-46.2,132.0,182.65,182.65
x9902158,,,-12.7,438.17,193.202,193.202
x9903047,,,-17.7,-148.03,173.21499999999995,-173.21499999999995
x9904445,,,-16.2,48.55,172.26799999999997,172.26799999999997
x9906627,,,-42.7,-146.01,191.23,-191.23
x9906940,,,17.3,-12.31,186.339,-186.339
x9908298,,,-28.3,212.24,217.224,217.224
x9910492,,,2.1,-452.1,234.298,-234.298
x9911024,,,22.8,485.56,216.32399999999996,216.32399999999996
x9918473,,,-72.0,-81.09,242.271,-242.271
x9918900,,,-124.0,-143.96,242.271,-242.271
x9994985,,,4.4,3.53,142.19799999999998,142.19799999999998
x9995387,,,-46.6,38.27,162.188,162.188
x9996183,,,-26.6,-273.25,178.14699999999996,-178.14699999999996
x9997713,,,89.0,-307.2,174.243,-174.243
x9999889,,,71.0,120.83,242.391,242.391
x10000027,,,3.56,-48.77,222.284,-222.284
x10000290,,,-8.1,-84.19,194.18599999999995,-194.18599999999995
x10002805,,,-20.3,-87.39,222.287,-222.287
x10003794,,,5.0,80.31,208.25699999999995,208.25699999999995
x10004360,,,-47.35,41.9,218.372,218.372
x10005271,,,-4.6,114.13,222.28399999999996,222.28399999999996
x10006686,,,19.2,-16.16,230.219,-230.219
x10007813,,,-1.7,26.85,236.31099999999995,236.31099999999995
x10063941,,,10.0,192.91,205.217,205.217
x10064352,,,19.8,215.04,193.202,193.202
x10065683,,,-98.0,-373.93,228.244,-228.244
x10069787,,,-77.5,27.71,217.272,217.272
x10075119,,,-16.0,-187.07,242.435,-242.435
x10075749,,,-33.2,-2575.24,255.361,-255.361
x10076575,,,95.6,159.95,195.35,195.35
x10152432,,,-34.9,178.94,157.12499999999997,157.12499999999997
x10153645,,,3.18,24.18,159.18499999999997,159.18499999999997
x10153651,,,10.2,-12.08,161.20099999999996,-161.20099999999996
x10155092,,,-19.0,-339.56,197.282,-197.282
x10156205,,,-5.0,14.23,211.309,211.309
x10163381,,,124.1,120.61,234.419,234.419
x10167382,,,6.0,38.74,250.338,250.338
x10167547,,,26.0,-545.27,252.361,-252.361
x10170049,,,-90.4,-231.39,233.31099999999992,-233.31099999999992
x10245116,,,-320.0,-347.86,136.14999999999998,-136.14999999999998
x10246461,,,-228.0,-415.21,176.215,-176.215
x10247079,,,-109.0,717.1,191.186,191.186
x10247936,,,37.5,-50.67,192.258,-192.258
x10248024,,,135.0,162.51,241.132,241.132
x10248854,,,22.0,-87.7,209.673,-209.673
x10249932,,,-42.4,84.1,192.174,192.174
x10250340,,,119.0,41.88,210.277,210.277
x10250973,,,-79.63499999999999,-397.43,229.235,-229.235
x10253051,,,81.55,-213.44,237.302,-237.302
x10260093,,,51.7,-42.59,250.29799999999997,-250.29799999999997
x10335655,,,36.3,148.56,174.243,174.243
x10336449,,,77.0,313.14,210.248,210.248
x10336598,,,26.0,-101.47,188.27,-188.27
x10337065,,,75.5,105.89,176.21499999999995,176.21499999999995
x10337141,,,2.9,-36.84,158.241,-158.241
x10337340,,,10.97,35.88,175.22799999999998,175.22799999999998
x10338317,,,33.7,55.1,235.283,235.283
x10338982,,,64.9,50.02,240.274,240.274
x10339744,,,21.5,51.36,232.28,232.28
x10339875,,,66.7,281.25,236.311,236.311
x10340371,,,73.1,145.4,228.238,228.238
x10343305,,,-1.32,-57.9,240.299,-240.299
x10343566,,,-11.5,52.17,232.28300000000004,232.28300000000004
x10343968,,,20.1,-198.54,249.31,-249.31
x10344048,,,27.2,40.6,253.273,253.273
x10345752,,,65.9,118.28,242.265,242.265
x10345944,,,64.7,-72.4,242.265,-242.265
x10346901,,,-45.3,-84.27,214.308,-214.308
x10423922,,,39.0,5.07,157.6,157.6
x10424106,,,-70.0,-91.19,152.19699999999995,-152.19699999999995
x10424260,,,-47.5,-157.17,152.19699999999995,-152.19699999999995
x10424553,,,-107.5,26.95,167.16399999999996,167.16399999999996
x10426303,,,96.5,9.35,203.625,203.625
x10426626,,,-7.81,-142.37,172.227,-172.227
x10427453,,,-20.0,-122.86,198.693,-198.693
x10427947,,,-2.3,209.05,170.20799999999997,170.20799999999997
x10428264,,,-8.6,-30.57,224.216,-224.216
x10428509,,,7.5,228.62,212.29200000000003,212.29200000000003
x10428716,,,-108.9,-372.72,166.21999999999997,-166.21999999999997
x10428768,,,38.0,-9.59,218.253,-218.253
x10430328,,,-10.6,-37.11,238.243,-238.243
x10430856,,,15.41,-105.52,232.254,-232.254
x10433136,,,-16.1,38.97,210.276,210.276
x10436616,,,-6.95,218.16,212.289,212.289
x10439796,,,-27.0,-114.06,222.32799999999995,-222.32799999999995
x10460119,,,-22.8,1068.18,187.67,187.67
x10529888,,,-31.0,13.46,168.152,168.152
x10530893,,,-47.2,54.01,181.191,181.191
x10531445,,,26.0,194.69,154.253,154.253
x10532705,,,-102.0,137.75,168.196,168.196
x10536196,,,-19.7,96.5,208.326,208.326
x10539332,,,-33.5,-43.81,224.64300000000003,-224.64300000000003
x10654831,,,2.7,96.9,116.15999999999995,116.15999999999995
x10654928,,,-9.0,-46.48,155.19699999999995,-155.19699999999995
x10655167,,,-17.6,19.34,173.19299999999998,173.19299999999998
x10655480,,,34.0,62.22,132.159,132.159
x10655481,,,24.55,-33.31,132.159,-132.159
x10655482,,,-43.2,-56.73,132.159,-132.159
x10656183,,,9.5,68.36,193.202,193.202
x10657043,,,12.7,59.23,180.203,180.203
x10657104,,,-37.1,-7.16,201.609,-201.609
x10658406,,,-27.5,128.31,183.163,183.163
x10658644,,,78.5,260.85,176.215,176.215
x10659253,,,-14.5,14.06,238.243,238.243
x10660562,,,19.8,31.35,199.206,199.206
x10660724,,,-30.8,38.61,212.161,212.161
x10661880,,,12.03,-658.57,228.291,-228.291
x10663452,,,-71.3,-135.83,220.312,-220.312
x10664286,,,-95.7,-185.68,236.311,-236.311
x10664546,,,-24.1,-88.51,220.31199999999995,-220.31199999999995
x10675912,,,-4.0,81.19,212.292,212.292
x10677419,,,-29.0,-164.72,240.34599999999992,-240.34599999999992
x11006775,,,-22.8,114.39,176.259,176.259
x11007916,,,-163.0,-202.38,152.237,-152.237
x11025267,,,-26.5,-219.9,114.14399999999998,-114.14399999999998
x11044228,,,5.3,-116.47,189.255,-189.255
x11044588,,,17.5,37.2,255.26999999999995,255.26999999999995
x11064638,,,5.8,52.2,207.226,207.226
x11080510,,,-73.0,17.63,208.217,208.217
x11081893,,,11.8,44.62,134.17799999999997,134.17799999999997
x11083822,,,-40.56,-70.9,228.291,-228.291
x11083825,,,8.15,-431.73,228.291,-228.291
x11088542,,,258.15,181.5,218.274,218.274
x11088556,,,96.04,42.21,220.29,220.29
x11100875,,,-31.8,43.09,235.16099999999997,235.16099999999997
x11101893,,,-7.8,48.16,233.289,233.289
x11134524,,,-35.7,-66.69,197.19,-197.19
x11134526,,,-35.2,0.06,181.191,181.191
x11140695,,,117.0,199.58,228.288,228.288
x11140751,,,-69.9,182.91,255.35799999999995,255.35799999999995
x11140752,,,13.9,-78.61,255.35799999999995,-255.35799999999995
x11140783,,,-72.4,-25.02,215.29299999999995,-215.29299999999995
x11150316,,,-17.2,50.13,214.381,214.381
x11150317,,,-41.3,-45.96,212.365,-212.365
x11159928,,,-43.4,-264.35,238.286,-238.286
x11167172,,,5.5,82.04,203.282,203.282
x11170259,,,-147.33,-329.32,214.261,-214.261
x11206645,,,41.0,-78.93,234.251,-234.251
x11222204,,,-58.3,-100.33,226.22799999999995,-226.22799999999995
x11222207,,,-35.69,9.18,226.22799999999995,226.22799999999995
x11224141,,,-171.9,-358.29,247.29399999999995,-247.29399999999995
x11227656,,,-59.1,-146.15,238.286,-238.286
x11227657,,,-48.5,-193.95,242.705,-242.705
x11252472,,,53.0,-326.99,248.278,-248.278
x11252473,,,-21.4,-268.13,250.294,-250.294
x11276464,,,-24.1,-12.76,164.24799999999996,-164.24799999999996
x11287951,,,-36.8,27.08,195.218,195.218
x11287958,,,-33.1,51.18,215.636,215.636
x11298638,,,30.75,48.42,200.278,200.278
x11591710,,,-27.65,-135.71,242.702,-242.702
x11757382,,,9.98,31.96,202.18099999999995,202.18099999999995
x11885307,,,-38.1,18.2,182.244,182.244
x12372530,,,77.0,-38.19,230.311,-230.311
x13167772,,,27.6,98.91,167.002,167.002
x13435889,,,-106.7,-173.12,238.29,-238.29
x13501777,,,-27.4,-56.32,158.147,-158.147
x13768931,,,-11.3,-8.51,237.255,-237.255
x14318500,,,-32.9,-81.9,220.316,-220.316
x14318522,,,-82.5,-21.74,192.26200000000003,-192.26200000000003
x14613045,,,-55.6,-225.63,242.705,-242.705
x15036307,,,-44.1,-111.94,184.21,-184.21
x15561734,,,131.0,171.65,252.317,252.317
x15630896,,,-13.7,-8.87,201.067,-201.067
x15744384,,,18.2,-63.96,157.12499999999997,-157.12499999999997
x15744901,,,169.0,94.88,155.153,155.153
x15746539,,,-157.7,-260.93,254.33300000000003,-254.33300000000003
x15753297,,,-17.5,48.95,183.207,183.207
x15753301,,,-17.5,-153.3,197.23399999999995,-197.23399999999995
x15753309,,,-27.3,26.77,237.29899999999995,237.29899999999995
x15759719,,,123.0,-71.69,255.317,-255.317
x15765539,,,34.09,359.03,248.709,248.709
x15802390,,,4.6,109.35,212.046,212.046
x15806196,,,40.0,29.72,246.307,246.307
x15807826,,,-17.9,146.95,205.21,205.21
x15807838,,,-17.3,62.57,245.27499999999992,245.27499999999992
x15820000,,,-3.5,-0.1,207.30850889,-207.30850889
x15820192,,,15.2,-87.65,237.255,-237.255
x15821103,,,13.8,42.72,195.218,195.218
x15822294,,,-10.6,-19.31,182.22300000000004,-182.22300000000004
x15822306,,,54.0,306.17,246.266,246.266
x15876462,,,64.9,52.48,169.26799999999997,169.26799999999997
x15876463,,,49.5,144.06,171.24,171.24
x15876466,,,43.3,-44.55,185.267,-185.267
x15876467,,,46.0,199.48,199.294,199.294
x15876471,,,59.5,-10.83,228.295,-228.295
x18173347,,,-55.1,-79.73,221.29999999999995,-221.29999999999995
x18394954,,,-11.0,-44.69,250.266,-250.266
x18394956,,,-16.7,36.85,250.266,250.266
x18481284,,,258.15,151.88,218.274,218.274
x18552076,,,-27.3,-210.74,157.213,-157.213
x18565400,,,-17.8,253.03,223.319,223.319
x18578153,,,-24.46,-419.69,199.253,-199.253
x18578155,,,-13.33,-389.98,199.253,-199.253
x18610055,,,7.4,-60.99,249.591,-249.591
x18628308,,,3.6,-23.61,211.217,-211.217
x18822222,,,-92.53,263.53,209.314,209.314
x18824767,,,17.0,184.47,245.256,245.256
x18824769,,,16.6,-23.55,253.254,-253.254
x18828264,,,-6.7,-110.27,228.332,-228.332
x18839510,,,-147.1,-403.34,218.296,-218.296
x18839511,,,-91.2,-107.48,216.32399999999996,-216.32399999999996
x18843636,,,73.3,34.67,243.25,243.25
x18843703,,,-61.8,107.13,253.685,253.685
x18843765,,,23.0,48.17,226.272,226.272
x18844935,,,-40.4,-94.41,222.284,-222.284
x18844936,,,-96.2,-79.43,246.30599999999995,-246.30599999999995
x18848468,,,-14.35,9.94,252.27,252.27
x18853525,,,-3.6,71.0,232.367,232.367
x18884863,,,109.7,487.04,142.154,142.154
x18884872,,,137.8,-36.71,194.661,-194.661
x18884876,,,138.7,-62.34,178.206,-178.206
x18884880,,,137.8,-55.96,174.24300000000002,-174.24300000000002
x18884886,,,24.6,107.25,232.323,232.323
x18884889,,,9.2,59.9,234.339,234.339
x18888189,,,-24.6,-76.77,152.23699999999997,-152.23699999999997
x18907139,,,36.7,127.22,232.28300000000004,232.28300000000004
x18911902,,,-45.4,537.03,239.34,239.34
x18995442,,,-18.1,-55.06,158.153,-158.153
x19002024,,,34.95,-47.02,246.06,-246.06
x19005659,,,-38.7,195.82,153.22499999999997,153.22499999999997
x19005664,,,6.8,160.09,222.24399999999997,222.24399999999997
x19005667,,,5.8,-83.21,236.27099999999996,-236.27099999999996
x19005668,,,21.1,25.85,236.27099999999996,236.27099999999996
x19005671,,,4.9,91.58,250.342,250.342
x19005672,,,92.5,126.4,250.29799999999997,250.29799999999997
x19005673,,,23.2,-86.49,250.29799999999997,-250.29799999999997
x19005677,,,346.3,-177.08,250.29799999999997,-250.29799999999997
x19008871,,,-50.0,75.57,173.19299999999998,173.19299999999998
x19008872,,,-38.2,32.82,211.217,211.217
x19008874,,,-37.8,13.4,211.217,211.217
x19008875,,,-34.1,-37.89,209.245,-209.245
x19008876,,,-0.2,-71.9,209.245,-209.245
x19008879,,,-66.5,20.98,229.663,229.663
x19008880,,,9.2,-3.77,229.663,-229.663
x19008883,,,-19.6,-47.17,226.188,-226.188
x19008884,,,0.37,-14.76,226.188,-226.188
x19008886,,,17.4,-27.76,223.272,-223.272
x19008887,,,-45.8,-17.49,225.244,-225.244
x19008888,,,10.5,-45.91,225.244,-225.244
x19008890,,,-24.0,-43.69,225.244,-225.244
x19008891,,,17.6,-130.05,225.244,-225.244
x19008892,,,-40.9,-112.19,240.215,-240.215
x19008893,,,19.9,-70.92,240.215,-240.215
x19008899,,,-4.9,64.05,217.309,217.309
x19028546,,,100.1,-57.37,185.226,-185.226
x19029946,,,59.8,-79.72,202.297,-202.297
x19029947,,,60.9,-62.96,202.297,-202.297
x19033525,,,27.6,65.97,242.271,242.271
x19036585,,,-0.82,-13.47,203.238,-203.238
x19038222,,,17.0,-18.79,184.235,-184.235
x19091405,,,51.6,72.13,190.2419999999999,190.2419999999999
x19092100,,,-3.84,162.08,219.671,219.671
x19099727,,,-35.8,165.15,156.22499999999997,156.22499999999997
x19099735,,,53.9,38.68,242.43499999999997,242.43499999999997
x19107469,,,-4.0,170.54,159.18499999999997,159.18499999999997
x19149500,,,-9.65,766.05,210.364,210.364
x19158175,,,1.9,3.84,186.339,186.339
x19158176,,,-1.1,112.36,198.3499999999999,198.3499999999999
x19158180,,,-2.0,-21.06,240.4309999999999,-240.4309999999999
x19173510,,,54.3,122.37,201.22199999999995,201.22199999999995
x19176171,,,-9.6,-116.36,166.17599999999996,-166.17599999999996
x19176173,,,34.4,50.39,180.203,180.203
x19176174,,,-11.9,6.16,238.35899999999995,238.35899999999995
x19176175,,,-46.2,-75.52,252.38599999999997,-252.38599999999997
x19176176,,,-22.2,28.94,232.279,232.279
x19176177,,,23.4,22.32,252.386,252.386
x19187883,,,31.4,6.31,213.36499999999995,213.36499999999995
x19192403,,,8.74,-163.76,190.239,-190.239
x19205227,,,64.0,-219.46,225.335,-225.335
x19220812,,,-2.55,108.14,213.32099999999997,213.32099999999997
x19220813,,,16.6,-153.45,241.331,-241.331
x19225132,,,-7.7,3.03,186.295,186.295
x19225774,,,-4.0,103.48,226.272,226.272
x19225775,,,57.0,243.42,226.272,226.272
x19225776,,,10.0,-62.25,226.272,-226.272
x19301665,,,-19.7,25.19,236.311,236.311
x19301900,,,-7.2,45.22,156.18099999999998,156.18099999999998
x19303326,,,25.98,-183.31,210.189,-210.189
x19303328,,,-30.06,276.61,254.67300000000003,254.67300000000003
x19303329,,,-92.94,196.67,254.67300000000003,254.67300000000003
x19303333,,,-18.04,108.27,254.67300000000003,254.67300000000003
x19303336,,,4.1,-350.03,246.26600000000005,-246.26600000000005
x19303337,,,4.1,29.73,248.282,248.282
x19303793,,,-134.0,-118.57,252.357,-252.357
x19303808,,,-71.0,-128.76,224.303,-224.303
x19304514,,,31.6,724.69,186.254,186.254
x19304518,,,23.4,297.86,212.292,212.292
x19304523,,,-29.2,-172.06,214.264,-214.264
x19304547,,,-63.95,-334.35,240.302,-240.302
x19339449,,,-13.3,24.01,248.25,248.25
x19339450,,,5.7,-12.57,250.266,-250.266
x19350348,,,-39.3,-9.22,253.367,-253.367
x19356884,,,14.65,113.88,203.241,203.241
x19356885,,,19.85,109.19,219.24400000000003,219.24400000000003
x19356887,,,1.89,-42.8,208.257,-208.257
x19356889,,,4.5,178.13,218.252,218.252
x19356890,,,5.17,109.36,220.268,220.268
x19356895,,,2.88,51.34,234.251,234.251
x19356897,,,2.81,163.12,218.252,218.252
x19356902,,,4.57,224.26,238.283,238.283
x19356904,,,5.63,91.4,238.283,238.283
x19385731,,,-16.15,-32.1,188.27,-188.27
x19386876,,,81.0,-49.29,223.319,-223.319
x19412505,,,20.63,-599.74,250.345,-250.345
x19416685,,,-38.6,-88.91,228.29100000000005,-228.29100000000005
x19418773,,,-12.4,-33.0,196.366,-196.366
x19418776,,,-8.4,-47.99,200.281,-200.281
x19418778,,,-4.2,127.03,208.345,208.345
x19434244,,,26.7,-275.77,249.26999999999995,-249.26999999999995
x19436703,,,-10.6,-4.61,243.1,-243.1
x19436705,,,-8.4,0.52,182.194,182.194
x19436708,,,-14.5,-161.45,214.264,-214.264
x19436711,,,73.4,-309.65,214.264,-214.264
x19436712,,,-7.8,84.14,232.201,232.201
x19457404,,,69.8,153.51,186.254,186.254
x19457405,,,72.0,-451.13,174.24299999999997,-174.24299999999997
x19459503,,,-25.1,312.13,193.202,193.202
x19459504,,,17.200000000000003,103.1,170.296,170.296
x19459506,,,6.2,-20.81,242.271,-242.271
x19462659,,,50.1,90.33,165.23599999999996,165.23599999999996
x19474582,,,-29.4,104.03,204.357,204.357
x19474918,,,2.5,-90.46,190.242,-190.242
x19474921,,,7.8,-31.11,206.329,-206.329
x19474928,,,-16.9,-81.52,204.269,-204.269
x19474929,,,-19.41,165.88,224.687,224.687
x19474934,,,3.9,131.78,232.323,232.323
x19476548,,,-1.55,-14.12,230.348,-230.348
x19476549,,,10.9,20.9,230.348,230.348
x19476562,,,5.3,14.71,216.27699999999996,216.27699999999996
x19491985,,,-52.0,-65.41,226.117,-226.117
x19505095,,,-58.5,-193.96,154.165,-154.165
x19505107,,,-55.55,-286.24,180.20299999999995,-180.20299999999995
x19505109,,,-65.4,-1020.65,216.23599999999996,-216.23599999999996
x19505114,,,-64.4,989.01,250.68099999999995,250.68099999999995
x19505116,,,-70.9,-1104.17,230.263,-230.263
x19532615,,,1.67,-313.88,212.292,-212.292
x19532618,,,42.31,176.92,229.235,229.235
x19579450,,,-43.2,13.89,217.26800000000003,217.26800000000003
x19580232,,,19.1,121.45,246.256,246.256
x19601598,,,66.3,120.12,219.328,219.328
x19606330,,,-20.0,-163.21,142.22299999999998,-142.22299999999998
x19627574,,,-71.2,-246.2,252.317,-252.317
x19634730,,,-60.0,283.05,114.14399999999996,114.14399999999996
x19655741,,,36.7,101.35,164.676,164.676
x19669725,,,45.1,106.17,179.23800000000003,179.23800000000003
x19697424,,,-23.75,35.54,152.19299999999998,152.19299999999998
x19712177,,,13.2,179.72,174.24299999999994,174.24299999999994
x19727612,,,47.6,71.68,195.26199999999997,195.26199999999997
x19727613,,,8.8,-36.72,195.26199999999997,-195.26199999999997
x19727619,,,-26.8,-40.75,229.27899999999997,-229.27899999999997
x19727621,,,-20.6,-13.71,229.27899999999997,-229.27899999999997
x19727626,,,-54.6,-96.89,243.30599999999995,-243.30599999999995
x19727627,,,-60.4,-94.1,243.30599999999995,-243.30599999999995
x19743561,,,219.25,234.89,170.25199999999998,170.25199999999998
x19751044,,,-36.8,-243.31,220.312,-220.312
x19769153,,,-33.5,114.03,171.15200000000002,171.15200000000002
x19769156,,,33.6,18.38,246.06,246.06
x19783557,,,15.1,-396.73,202.297,-202.297
x19788905,,,-232.0,42.3,209.205,209.205
x19788906,,,-188.6,-1.55,211.22100000000003,-211.22100000000003
x19788907,,,174.3,-104.49,211.221,-211.221
x19788908,,,-205.0,9.43,239.231,239.231
x19788981,,,55.8,78.04,242.31499999999997,242.31499999999997
x19879363,,,-41.5,367.56,188.27,188.27
x19879365,,,10.2,217.55,192.25800000000004,192.25800000000004
x19879366,,,21.6,105.48,220.31200000000004,220.31200000000004
x19879368,,,-68.1,-256.44,232.323,-232.323
x19879370,,,-20.0,-29.35,236.311,-236.311
x19885489,,,-9.9,222.79,233.311,233.311
x19885677,,,6.8,-42.85,199.29399999999995,-199.29399999999995
x19897940,,,106.8,233.74,152.19299999999996,152.19299999999996
x19897942,,,246.4,-96.89,166.22000000000003,-166.22000000000003
x19897947,,,82.3,-79.89,210.229,-210.229
x19925357,,,12.6,52.22,244.451,244.451
x19931850,,,-4.7,-49.19,178.18699999999998,-178.18699999999998
x19931851,,,-2.7,80.92,214.264,214.264
x19931853,,,16.0,278.02,188.226,188.226
x19931854,,,-2.3,-51.17,202.253,-202.253
x19931858,,,-1.6,-43.45,218.252,-218.252
x19931859,,,18.7,245.81,222.671,222.671
x19931860,,,6.2,347.56,218.252,218.252
x19931861,,,15.7,175.9,222.671,222.671
x19931862,,,24.3,140.22,222.671,222.671
x19931863,,,10.5,200.11,202.253,202.253
x19931864,,,9.3,251.39,202.253,202.253
x19931865,,,3.6,-226.34,222.671,-222.671
x19931866,,,14.2,436.42,218.252,218.252
x19931873,,,25.3,219.23,233.223,233.223
x19931874,,,3.3,-37.04,238.286,-238.286
x19931875,,,27.3,97.75,238.286,238.286
x19961714,,,-80.8,390.73,242.27399999999992,242.27399999999992
x19962072,,,-7.3,11.98,221.511,221.511
x19962297,,,38.2,43.08,158.19699999999995,158.19699999999995
x19962304,,,-77.43,-218.3,246.306,-246.306
x19971273,,,-143.1,-174.76,233.267,-233.267
x19971279,,,-61.0,-88.3,229.279,-229.279
x19972538,,,23.8,59.52,165.19199999999998,165.19199999999998
x19979510,,,-48.0,-35.39,180.247,-180.247
x19979511,,,80.0,33.06,180.247,180.247
x19979512,,,-54.0,-18.24,200.665,-200.665
x19979513,,,-40.0,-20.44,200.665,-200.665
x19979787,,,-2.0,124.33,224.256,224.256
x19983247,,,-4.6,-516.97,214.264,-214.264
x20019239,,,-72.0,-73.15,172.224,-172.224
x20055547,,,-80.0,191.0,248.242,248.242
x20090727,,,-52.0,-173.56,194.06500000000003,-194.06500000000003
x20090729,,,156.0,134.68,241.247,241.247
x20114105,,,-57.8,65.92,239.318,239.318
x20124545,,,-0.63,-64.41,164.20399999999998,-164.20399999999998
x20124548,,,-40.2,6.79,164.204,164.204
x20124767,,,-12.0,-12.34,215.249,-215.249
x20124768,,,6.0,-149.51,215.249,-215.249
x20124769,,,-11.0,-65.4,215.249,-215.249
x20124770,,,-12.0,31.41,215.249,215.249
x20124771,,,-13.0,93.24,247.247,247.247
x20124772,,,-12.0,27.09,247.247,247.247
x20124774,,,16.0,-17.49,247.247,-247.247
x20126125,,,-1.0,112.0,142.242,142.242
x20126251,,,89.07,140.29,140.18200000000002,140.18200000000002
x20129489,,,-49.6,145.9,186.254,186.254
x20146278,,,-104.3,-289.23,229.32299999999995,-229.32299999999995
x20146279,,,-205.9,-339.94,231.339,-231.339
x20146280,,,-101.2,286.41,247.338,247.338
x20158562,,,9.0,-42.89,234.295,-234.295
x20197552,,,189.0,250.4,226.707,226.707
x20197553,,,165.0,230.23,222.28799999999995,222.28799999999995
x20197566,,,126.0,122.93,240.734,240.734
x20197569,,,100.0,148.75,254.761,254.761
x20197572,,,138.0,177.86,252.317,252.317
x20202250,,,129.0,-1044.94,255.34200000000004,-255.34200000000004
x20203046,,,12.205,-56.91,192.302,-192.302
x20211217,,,-16.0,-55.93,208.27599999999995,-208.27599999999995
x20213034,,,-58.22,-104.48,183.201,-183.201
x20223594,,,-82.0,-66.89,212.292,-212.292
x20223596,,,54.0,-72.02,222.32799999999995,-222.32799999999995
x20236175,,,9.0,-33.29,130.187,-130.187
x20236176,,,1.2,164.9,172.26799999999997,172.26799999999997
x20236177,,,5.2,-366.94,214.305,-214.305
x20236181,,,18.5,-162.01,244.451,-244.451
x20236493,,,-34.8,-681.35,188.27,-188.27
x20260788,,,-1.3,7.29,146.23,146.23
x20264535,,,-14.4,-62.44,182.30699999999996,-182.30699999999996
x20264540,,,19.2,-108.04,218.34000000000003,-218.34000000000003
x20264554,,,-19.5,382.41,246.394,246.394
x20265313,,,41.0,74.18,181.666,181.666
x20285994,,,2.0,-0.94,190.239,-190.239
x20310590,,,13.64,-291.16,202.297,-202.297
x20319855,,,73.5,153.07,222.675,222.675
x20353053,,,23.5,121.09,226.272,226.272
x20360546,,,-12.5,194.8,228.317,228.317
x20373194,,,-5.0,119.26,244.246,244.246
x20373196,,,-12.2,33.38,254.28500000000005,254.28500000000005
x20406196,,,110.3,-211.97,251.32899999999995,-251.32899999999995
x20406207,,,67.82,-229.38,255.292,-255.292
x20409727,,,5.8,-231.75,250.338,-250.338
x20431951,,,61.84,514.29,239.274,239.274
x20452101,,,19.8,14.39,252.354,252.354
x20452116,,,-60.0,15.81,158.24099999999996,158.24099999999996
x20452126,,,-8.0,-50.42,184.2789999999999,-184.2789999999999
x20504370,,,20.6,-5.63,179.263,-179.263
x20504379,,,-6.8,98.16,251.37,251.37
x20532624,,,4.0,110.71,201.266,201.266
x20542849,,,-20.8,-108.19,178.235,-178.235
x20548391,,,-110.0,-27.74,220.356,-220.356
x20549199,,,9.5,3.44,146.23,146.23
x20549200,,,-16.950000000000003,-58.84,160.25699999999998,-160.25699999999998
x20549203,,,9.0,80.44,174.28399999999996,174.28399999999996
x20549204,,,-1.2,-24.38,174.2839999999999,-174.2839999999999
x20549207,,,13.2,66.51,188.311,188.311
x20549210,,,4.5,-8.24,202.338,-202.338
x20549211,,,16.5,38.97,188.311,188.311
x20549214,,,5.7,-7.86,174.284,-174.284
x20549217,,,12.3,2.42,174.28399999999996,174.28399999999996
x20549224,,,-3.6,-51.82,200.32199999999992,-200.32199999999992
x20549236,,,-10.1,-44.64,240.38699999999983,-240.38699999999983
x20549239,,,13.2,28.69,226.3599999999999,226.3599999999999
x20595674,,,-485.0,-584.57,238.286,-238.286
x20598716,,,-28.3,8.57,241.084,241.084
x20598717,,,-25.6,17.89,187.198,187.198
x20598720,,,-23.2,8.57,190.242,190.242
x20598721,,,-14.2,26.59,207.185,207.185
x20598722,,,-13.5,-10.06,224.687,-224.687
x20598728,,,-9.0,-76.69,235.239,-235.239
x20598730,,,-16.7,-19.67,215.252,-215.252
x20598733,,,-12.1,20.59,230.18499999999997,230.18499999999997
x20600866,,,-8.6,49.51,222.29100000000005,222.29100000000005
x20600884,,,22.6,-254.98,184.235,-184.235
x20600885,,,22.6,-119.23,198.262,-198.262
x20600887,,,3.1,0.59,186.251,186.251
x20612022,,,14.0,-67.95,236.318,-236.318
x20641646,,,6.9,-0.97,204.313,-204.313
x20645165,,,-16.6,-342.08,222.284,-222.284
x20653215,,,10.2,-117.49,217.385,-217.385
x20669473,,,-13.3,68.72,248.442,248.442
x20669474,,,-38.8,395.49,246.426,246.426
x20687792,,,36.5,146.64,227.304,227.304
x20696239,,,-24.1,89.91,166.21999999999997,166.21999999999997
x20696241,,,-10.25,86.5,180.247,180.247
x20696244,,,-75.3,202.12,242.318,242.318
x20700586,,,9.6,388.75,207.229,207.229
x20701999,,,-28.5,-48.21,198.693,-198.693
x20702003,,,-15.9,-52.17,182.238,-182.238
x20702018,,,-16.2,38.04,222.30299999999997,222.30299999999997
x20706175,,,9.2,89.91,253.34500000000003,253.34500000000003
x20706749,,,52.38,127.77,220.29,220.29
x20709809,,,-1.29,-340.63,241.29000000000005,-241.29000000000005
x20709812,,,7.31,-329.12,245.253,-245.253
x20749408,,,11.3,210.22,186.214,186.214
x20749409,,,-7.4,-103.5,200.241,-200.241
x20749412,,,17.1,73.11,200.24099999999996,200.24099999999996
x20749415,,,11.0,125.87,228.295,228.295
x20749416,,,-9.1,27.18,202.257,202.257
x20749421,,,29.0,94.55,214.268,214.268
x20753129,,,-1.1,-46.27,188.311,-188.311
x20754302,,,-4.9,-47.68,183.163,-183.163
x20782291,,,-5.75,-47.12,183.207,-183.207
x20803061,,,17.6,-98.29,186.251,-186.251
x20803062,,,11.2,63.4,200.278,200.278
x20803066,,,37.5,13.26,242.435,242.435
x20807158,,,-6.4,109.15,197.234,197.234
x20807159,,,2.8,117.7,197.23399999999995,197.23399999999995
x20807163,,,-11.7,18.45,245.278,245.278
x20816290,,,-6.2,-52.21,245.278,-245.278
x20862987,,,-24.1,-177.0,236.311,-236.311
x20870375,,,-8.5,153.75,203.28500000000005,203.28500000000005
x20914749,,,-20.3,-71.43,218.34,-218.34
x20914757,,,1.7,7.02,238.758,238.758
x20914758,,,-75.9,-21.54,246.394,-246.394
x20914762,,,-45.1,-54.61,232.367,-232.367
x20914768,,,-863.8,-145.42,222.332,-222.332
x20928593,,,-41.5,62.26,206.285,206.285
x20928594,,,-35.5,-361.09,206.285,-206.285
x21018578,,,-0.01,-188.81,176.259,-176.259
x21018580,,,87.1,193.17,190.28599999999997,190.28599999999997
x21018586,,,65.3,-308.2,218.29599999999996,-218.29599999999996
x21018588,,,15.5,62.6,236.38699999999992,236.38699999999992
x21018590,,,81.0,168.62,204.31299999999996,204.31299999999996
x21018592,,,52.1,14.46,216.32399999999996,216.32399999999996
x21018595,,,9.6,30.94,246.426,246.426
x21018597,,,309.3,400.14,246.426,246.426
x21025691,,,4.8,-64.09,225.2,-225.2
x21034118,,,-13.0,-14.2,208.34499999999997,-208.34499999999997
x21034285,,,87.0,676.1,234.339,234.339
x21034286,,,51.0,578.87,234.339,234.339
x21037121,,,-99.8,429.14,251.32900000000004,251.32900000000004
x21076512,,,33.0,38.33,236.311,236.311
x21087342,,,-67.46,-251.09,252.313,-252.313
x21096896,,,-148.7,-176.57,192.258,-192.258
x21096902,,,-37.9,-134.77,166.19500000000002,-166.19500000000002
x21096917,,,-59.1,-28.99,210.248,-210.248
x21096918,,,-137.1,-149.84,210.248,-210.248
x21096930,,,-102.8,-58.71,220.312,-220.312
x21096938,,,31.2,91.5,238.327,238.327
x21141874,,,75.0,-50.54,182.219,-182.219
x21141875,,,108.0,318.63,210.229,210.229
x21149135,,,-162.4,-52.51,142.154,-142.154
x21149145,,,-52.8,-11.17,186.251,-186.251
x21154449,,,-4.0,97.11,208.301,208.301
x21156616,,,-5.5,44.54,183.163,183.163
x21163294,,,-9.2,-222.36,173.21499999999995,-173.21499999999995
x21163924,,,-4.1,-167.6,222.284,-222.284
x21163930,,,15.0,-63.15,236.31099999999995,-236.31099999999995
x21163940,,,138.0,253.37,252.31,252.31
x21163941,,,-2.0,-208.72,252.31,-252.31
x21163951,,,-9.2,-43.47,254.326,-254.326
x21163952,,,33.5,92.13,254.326,254.326
x21169291,,,1.3,-178.42,217.356,-217.356
x21170754,,,45.9,-109.91,250.294,-250.294
x21205028,,,28.2,146.74,213.277,213.277
x21207859,,,-73.5,-297.94,253.095,-253.095
x21207860,,,-78.3,107.8,190.198,190.198
x21218731,,,46.49,26.08,179.30999999999997,179.30999999999997
x21261918,,,27.4,-15.05,245.30300000000005,-245.30300000000005
x21263986,,,-26.1,121.69,249.354,249.354
x21263990,,,-61.0,-90.44,215.174,-215.174
x21294299,,,-11.1,-72.93,210.126,-210.126
x21311289,,,19.7,-167.08,216.277,-216.277
x21311294,,,17.2,-269.1,245.319,-245.319
x21311299,,,7.5,124.29,244.33099999999996,244.33099999999996
x21311305,,,5.4,-109.89,214.26099999999997,-214.26099999999997
x21314065,,,8.9,-23.32,244.334,-244.334
x21325994,,,29.6,290.31,201.20300000000003,201.20300000000003
x21326003,,,72.7,350.16,195.17400000000004,195.17400000000004
x21326009,,,7.0,67.08,197.19000000000003,197.19000000000003
x21326018,,,96.6,354.35,209.201,209.201
x21326022,,,75.6,326.61,229.61900000000003,229.61900000000003
x21326028,,,79.5,292.51,213.164,213.164
x21326034,,,-17.3,-74.96,241.243,-241.243
x21326037,,,14.2,237.8,240.171,240.171
x21326041,,,42.0,-384.88,245.23400000000004,-245.23400000000004
x21327393,,,0.1,3.57,202.253,202.253
x21327929,,,-39.4,2.88,234.38299999999992,234.38299999999992
x21342464,,,27.3,226.62,190.195,190.195
x21353137,,,92.9,52.58,225.67499999999995,225.67499999999995
x21367363,,,-3.0,-42.01,157.169,-157.169
x21374834,,,-22.7,-35.74,202.338,-202.338
x21379219,,,63.2,183.04,160.21599999999998,160.21599999999998
x21379220,,,-32.900000000000006,-50.97,160.21599999999998,-160.21599999999998
x21379222,,,28.4,35.19,225.085,225.085
x21379226,,,26.3,61.84,164.17899999999997,164.17899999999997
x21379278,,,40.5,378.7,212.292,212.292
x21395139,,,-37.0,-112.56,200.278,-200.278
x21395141,,,-6.0,-21.69,214.26099999999997,-214.26099999999997
x21395142,,,41.0,-213.42,212.28899999999996,-212.28899999999996
x21395144,,,-25.0,-3.81,250.294,-250.294
x21395146,,,11.0,88.07,226.31599999999992,226.31599999999992
x21412785,,,-21.4,-41.47,191.318,-191.318
x21412790,,,-25.3,111.11,239.362,239.362
x21419709,,,10.0,417.56,220.26800000000003,220.26800000000003
x21419711,,,-96.6,20.9,220.268,220.268
x21419722,,,-197.0,-74.43,239.289101778,-239.289101778
x21419723,,,-3.5,332.3,239.289101778,239.289101778
x21431527,,,-35.8,-78.18,248.709,-248.709
x21431958,,,1.97,120.25,142.242,142.242
x21431960,,,8.72,213.86,140.22599999999997,140.22599999999997
x21431962,,,-1.37,-278.56,167.256,-167.256
x21431963,,,-3.19,-3.61,183.255,-183.255
x21431964,,,10.02,-102.83,197.238,-197.238
x21431965,,,18.5,-67.57,218.318,-218.318
x21431966,,,-3.82,209.04,220.334,220.334
x21433934,,,-15.0,-42.56,206.16299999999995,-206.16299999999995
x21433937,,,7.14,-71.17,229.32,-229.32
x21433938,,,15.01,261.25,244.256,244.256
x21433939,,,23.64,264.19,242.23999999999995,242.23999999999995
x21433943,,,27.35,38.69,222.24999999999997,222.24999999999997
x21433949,,,29.29,-89.98,252.31999999999996,-252.31999999999996
x21434871,,,22.2,-160.48,204.22199999999995,-204.22199999999995
x21434872,,,48.7,198.97,204.22199999999995,204.22199999999995
x21434875,,,36.0,133.22,222.284,222.284
x21434876,,,9.0,-144.81,224.256,-224.256
x21434877,,,34.5,254.56,224.256,224.256
x21434879,,,39.3,171.16,250.338,250.338
x21446838,,,40.0,483.88,249.06,249.06
x21446842,,,184.0,-137.22,234.251,-234.251
x21447844,,,30.3,13.6,160.21599999999998,160.21599999999998
x21476407,,,31.2,57.74,162.23199999999997,162.23199999999997
x21481266,,,70.2,-64.4,140.23,-140.23
x21511461,,,32.2,-85.98,182.263,-182.263
x21511462,,,-42.1,-64.96,206.241,-206.241
x21511463,,,62.2,110.99,222.24,222.24
x21525093,,,-56.2,-99.02,232.27899999999997,-232.27899999999997
x21535312,,,-169.8,-110.88,170.212,-170.212
x21535313,,,-113.6,-127.81,198.266,-198.266
x21535320,,,-80.1,-89.73,226.32,-226.32
x21536973,,,-34.56,33.85,202.253,202.253
x21536974,,,-26.56,-164.32,214.264,-214.264
x21536976,,,-21.54,-345.29,246.306,-246.306
x21544825,,,21.6,-64.38,219.288,-219.288
x21544826,,,3.4,-72.12,219.288,-219.288
x21544827,,,54.35,275.2,219.288,219.288
x21544828,,,-36.85,-221.61,219.288,-219.288
x21544831,,,54.3,127.58,233.315,233.315
x21544832,,,-29.4,-230.77,233.315,-233.315
x21544833,,,36.0,-55.13,233.31500000000003,-233.31500000000003
x21544834,,,14.8,61.14,233.31500000000003,233.31500000000003
x21559251,,,-7.73,-154.99,173.259,-173.259
x21559254,,,-12.2,48.08,173.259,173.259
x21559268,,,-25.0,-109.02,201.313,-201.313
x21564717,,,-71.2,-75.2,219.32799999999992,-219.32799999999992
x21613362,,,0.272,-52.44,252.4019999999999,-252.4019999999999
x21635491,,,-8.5,153.85,204.357,204.357
x21635493,,,-28.0,-5.07,206.32899999999995,-206.32899999999995
x21635494,,,20.8,-176.7,206.32899999999995,-206.32899999999995
x21635495,,,-0.3,82.65,208.345,208.345
x21635498,,,9.53,-121.81,208.345,-208.345
x21635619,,,136.0,-93.83,241.29,-241.29
x21642904,,,49.5,73.9,238.371,238.371
x21675953,,,-8.65,-87.26,234.295,-234.295
x21682832,,,-18.65,494.35,161.20399999999998,161.20399999999998
x21690113,,,-22.2,-217.98,239.318,-239.318
x21699413,,,89.1,263.89,230.263,230.263
x21715104,,,-13.0,-45.15,193.246,-193.246
x21726158,,,-22.6,-38.46,210.273,-210.273
x21734895,,,-4.8,-169.4,208.261,-208.261
x21735620,,,51.8,173.76,254.23799999999997,254.23799999999997
x21761251,,,-35.55,86.97,185.154,185.154
x21769612,,,12.3,273.08,238.3269999999999,238.3269999999999
x21769615,,,10.9,-59.62,240.34299999999996,-240.34299999999996
x21777590,,,-12.8,9.62,226.276,226.276
x21783154,,,-12.9,-252.23,218.296,-218.296
x21783345,,,0.1,-44.63,183.33900000000003,-183.33900000000003
x21783347,,,-271.0,-294.33,253.342,-253.342
x21783348,,,-30.4,-29.75,255.358,-255.358
x21783350,,,-105.0,-25.25,255.35799999999995,-255.35799999999995
x21783353,,,-7.2,-597.97,253.342,-253.342
x21815228,,,-36.1,-53.87,218.321,-218.321
x21815229,,,37.0,-8.33,228.28799999999995,-228.28799999999995
x21815230,,,24.0,100.27,184.27899999999997,184.27899999999997
x21815231,,,28.0,-11.9,224.34399999999997,-224.34399999999997
x21815232,,,-50.0,-56.35,206.24099999999996,-206.24099999999996
x21824087,,,77.2,368.72,150.17699999999996,150.17699999999996
x21824092,,,5.8,437.95,192.283,192.283
x21824097,,,107.1,441.61,192.283,192.283
x21825161,,,-24.2,-23.5,180.247,-180.247
x21825163,,,-33.9,28.51,173.21499999999995,173.21499999999995
x21826120,,,108.9,310.33,240.255,240.255
x21826591,,,163.1,-3.84,220.31199999999995,-220.31199999999995
x21826592,,,60.4,302.69,246.34999999999997,246.34999999999997
x21826594,,,130.8,-110.64,230.3069999999999,-230.3069999999999
x21826595,,,96.7,250.28,244.37799999999996,244.37799999999996
x21841311,,,-40.0,62.72,239.363,239.363
x21842553,,,-186.0,35.28,210.15099999999995,210.15099999999995
x21842555,,,-70.0,251.91,252.33499999999992,252.33499999999992
x21842558,,,-146.0,360.44,246.30599999999995,246.30599999999995
x21842564,,,4.0,53.99,232.279,232.279
x21843056,,,179.5,390.39,220.268,220.268
x21856243,,,17.5,96.0,231.251,231.251
x21856248,,,-22.0,18.14,245.278,245.278
x21862621,,,-29.0,31.11,155.19699999999995,155.19699999999995
x21892232,,,33.1,-166.24,253.254,-253.254
x21893727,,,83.25,136.02,249.745,249.745
x21893736,,,70.45,11.09,233.29,233.29
x21893751,,,64.35,-16.02,247.317,-247.317
x21894461,,,-63.3,-37.98,240.73,-240.73
x21894462,,,-69.1,-106.15,240.73,-240.73
x21894464,,,-41.3,-18.1,240.73,-240.73
x21894465,,,-62.4,-13.69,220.312,-220.312
x21894467,,,-44.3,36.9,234.339,234.339
x21894468,,,-50.2,-45.53,234.339,-234.339
x21894469,,,-47.8,-102.06,234.339,-234.339
x21894470,,,-43.2,-37.23,234.339,-234.339
x21894472,,,-64.6,-209.15,250.29399999999995,-250.29399999999995
x21938805,,,-9.7,-6.29,231.211,-231.211
x21950013,,,25.2,147.15,208.301,208.301
x21950014,,,-55.0,-46.09,254.33300000000003,-254.33300000000003
x21961126,,,89.9,253.59,246.306,246.306
x21964413,,,14.8,32.6,228.339,228.339
x21964423,,,61.1,18.04,242.366,242.366
x21969444,,,108.6,236.74,160.21299999999997,160.21299999999997
x21972933,,,20.1,-78.2,176.25899999999996,-176.25899999999996
x21972935,,,10.8,-228.05,238.18,-238.18
x22010715,,,-14.2,-145.89,254.761,-254.761
x22027832,,,-31.26,-28.88,237.211,-237.211
x22052927,,,1.7,355.05,182.179,182.179
x22075944,,,-2.78,-96.69,215.212,-215.212
x22075948,,,-3.16,-100.3,249.657,-249.657
x22077620,,,31.8,279.78,227.348,227.348
x22084251,,,-9.0,181.38,172.22700000000003,172.22700000000003
x22084263,,,-11.0,44.94,190.242,190.242
x22084273,,,-72.6,-104.26,216.236,-216.236
x22103760,,,-10.1,-58.68,198.266,-198.266
x22124372,,,-29.1,50.02,195.218,195.218
x22145375,,,-25.6,-160.57,254.33300000000003,-254.33300000000003
x22167584,,,-48.0,-46.01,234.33899999999997,-234.33899999999997
x22167585,,,21.3,46.17,220.35599999999997,220.35599999999997
x22206483,,,38.1,23.03,143.14600000000002,143.14600000000002
x22233380,,,98.8,4.63,234.248,234.248
x22249762,,,-6.9,-87.01,187.283,-187.283
x22268698,,,-36.0,-29.04,198.649,-198.649
x22292954,,,6.15,62.25,253.345,253.345
x22304239,,,-29.7,-141.36,172.184,-172.184
x22304246,,,-19.2,250.21,184.195,184.195
x22304254,,,1.0,21.24,232.27599999999995,232.27599999999995
x22304266,,,20.89,105.0,238.218,238.218
x22304268,,,30.35,103.41,238.218,238.218
x22304271,,,1.96,-127.01,226.27599999999995,-226.27599999999995
x22343708,,,-7.0,138.7,142.154,142.154
x22343968,,,36.7,-201.18,186.254,-186.254
x22375044,,,-110.7,120.47,241.265,241.265
x22379280,,,206.9,693.76,243.262,243.262
x22397907,,,-19.3,-95.49,239.275,-239.275
x22435381,,,-2.5,-261.97,159.20610177799998,-159.20610177799998
x22435397,,,16.8,-253.71,221.274101778,-221.274101778
x22463378,,,-155.4,-97.82,182.263,-182.263
x22463383,,,-84.4,284.66,202.253,202.253
x22463408,,,-103.2,37.34,230.307,230.307
x22463411,,,-118.1,-53.17,228.291,-228.291
x22463418,,,-34.9,214.01,244.29,244.29
x22472545,,,4.6,-333.51,248.322,-248.322
x22497382,,,-16.1,27.14,127.187,127.187
x22498710,,,47.6,127.84,147.17699999999996,147.17699999999996
x22498949,,,-36.1,181.65,244.29,244.29
x22498951,,,-17.6,16.75,244.29,244.29
x22503810,,,55.4,303.69,223.279,223.279
x22510991,,,-5.5,163.23,183.254,183.254
x22540469,,,10.91,-388.25,206.285,-206.285
x22540470,,,-4.06,66.73,186.295,186.295
x22540474,,,11.6,90.73,240.73,240.73
x22540475,,,5.19,-430.38,236.311,-236.311
x22540476,,,-6.2,-177.54,212.333,-212.333
x22540477,,,-0.85,-226.26,196.33399999999995,-196.33399999999995
x22540479,,,-5.5,-217.29,242.403,-242.403
x22560145,,,-6.0,39.04,212.24899999999997,212.24899999999997
x22564922,,,-31.2,23.38,203.241,203.241
x22574906,,,-44.1,0.94,178.275,178.275
x22574907,,,-31.5,-75.14,198.693,-198.693
x22574908,,,8.7,51.2,190.286,190.286
x22574909,,,-71.6,-131.51,214.308,-214.308
x22574910,,,-18.0,-134.0,224.73099999999997,-224.73099999999997
x22574911,,,-22.0,27.57,204.31299999999996,204.31299999999996
x22574916,,,-24.1,-105.38,240.34599999999992,-240.34599999999992
x22591458,,,-141.0,156.01,128.171,128.171
x22591459,,,-10.0,182.96,212.24499999999995,212.24499999999995
x22620090,,,-41.3,-90.21,210.229,-210.229
x22620091,,,-50.7,-60.91,238.23899999999995,-238.23899999999995
x22653276,,,-138.0,-752.61,204.294,-204.294
x22653277,,,-188.0,-798.94,232.348,-232.348
x22662497,,,63.2,261.57,246.266,246.266
x22662498,,,107.0,-52.14,246.266,-246.266
x22679120,,,-10.25,-228.58,215.252,-215.252
x22679526,,,28.6,-387.16,204.313,-204.313
x22679527,,,-13.2,-125.63,182.263,-182.263
x22685809,,,7.7,-38.98,255.342,-255.342
x22693291,,,57.6,-3.1,202.253,-202.253
x22727013,,,-37.69,265.49,242.435,242.435
x22727017,,,-88.86,-18.03,254.36999999999995,-254.36999999999995
x22727117,,,-11.2,-80.8,223.272,-223.272
x22727119,,,8.4,45.29,223.272,223.272
x22730732,,,68.6,-15.17,152.193,-152.193
x22730734,,,65.8,71.91,217.062,217.062
x22730735,,,68.6,-31.8,156.15599999999998,-156.15599999999998
x22730736,,,79.2,245.95,214.264,214.264
x22752967,,,12.0,571.83,221.303,221.303
x22753303,,,10.6,108.33,208.213,208.213
x22753308,,,-42.5,172.73,238.239,238.239
x22753321,,,-20.0,45.48,229.235,229.235
x22775481,,,-35.0,-79.49,225.166,-225.166
x22775482,,,-78.0,-10.62,253.22,-253.22
x22792188,,,-47.5,-6.64,100.16099999999996,-100.16099999999996
x22798566,,,63.6,84.52,190.28599999999997,190.28599999999997
x22798571,,,46.5,90.35,218.29599999999996,218.29599999999996
x22800270,,,10.0,97.16,98.145,98.145
x22800273,,,146.0,24.78,237.13999999999996,237.13999999999996
x22800276,,,-97.0,-520.89,190.242,-190.242
x22801691,,,-83.7,171.22,151.209,151.209
x22801695,,,60.6,170.86,230.311,230.311
x22818215,,,23.5,1.29,171.23999999999998,171.23999999999998
x22818230,,,5.9,233.35,242.315,242.315
x22833633,,,51.5,88.01,248.278,248.278
x22833761,,,49.3,-62.13,192.25799999999995,-192.25799999999995
x22837685,,,-233.1,-346.68,245.322,-245.322
x22848174,,,-3.4,-26.44,128.12699999999998,-128.12699999999998
x22868771,,,-20.0,-165.99,204.269,-204.269
x22878198,,,-10.4,52.68,233.355,233.355
x22893316,,,-134.3,-34.77,223.247,-223.247
x22926601,,,-63.7,254.21,214.264,214.264
x22926603,,,-13.8,-379.75,214.264,-214.264
x22926606,,,-41.6,-41.15,230.307,-230.307
x22926608,,,35.7,437.64,200.237,200.237
x22926612,,,-49.6,-497.75,230.263,-230.263
x22926617,,,-40.0,-427.6,218.227,-218.227
x22926622,,,-53.0,-458.89,234.682,-234.682
x22926625,,,-51.8,-404.07,218.227,-218.227
x22926628,,,-40.8,35.01,166.21999999999997,166.21999999999997
x22926629,,,-28.8,-39.19,138.16599999999997,-138.16599999999997
x22936786,,,17.0,185.04,165.236,165.236
x22956409,,,-18.3,-151.33,253.298,-253.298
x22972990,,,2.0,73.67,248.322,248.322
x22996871,,,7.1,38.94,230.37999999999997,230.37999999999997
x23013399,,,11.9,-165.55,248.278,-248.278
x23013401,,,10.9,-105.61,248.278,-248.278
x23013402,,,14.4,-11.11,248.278,-248.278
x23015814,,,-0.9,63.52,247.29399999999995,247.29399999999995
x23015815,,,2.2,203.17,242.253,242.253
x23015818,,,14.3,-16.63,165.16699999999997,-165.16699999999997
x23015820,,,-13.5,35.79,179.194,179.194
x23015821,,,-25.8,19.82,193.221,193.221
x23015822,,,-16.2,50.99,207.248,207.248
x23015823,,,-31.2,84.35,207.248,207.248
x23015824,,,-23.0,87.61,235.302,235.302
x23015825,,,22.9,169.88,191.205,191.205
x23015830,,,52.3,-25.8,241.265,-241.265
x23015832,,,25.3,62.14,255.292,255.292
x23015833,,,38.8,-160.69,255.29200000000003,-255.29200000000003
x23015834,,,32.9,-89.0,255.2920000000001,-255.2920000000001
x23016373,,,-36.6,-442.7,194.255,-194.255
x23042468,,,1.6,-1.85,232.367,-232.367
x23042469,,,19.7,58.14,205.139,205.139
x23044534,,,-20.0,-228.55,196.202,-196.202
x23044535,,,-840.0,-700.09,237.215,-237.215
x23044536,,,-20.0,767.33,237.21500000000003,237.21500000000003
x23044537,,,-400.0,-1009.81,212.201,-212.201
x23044539,,,-440.0,123.8,254.23799999999997,254.23799999999997
x23044540,,,140.0,362.9,184.191,184.191
x23098827,,,13.6,24.66,206.16299999999995,206.16299999999995
x23098828,,,11.7,40.1,206.16299999999995,206.16299999999995
x23098829,,,16.7,41.81,220.14599999999996,220.14599999999996
x23098830,,,16.3,3.35,234.17299999999992,234.17299999999992
x23098831,,,19.3,2.17,232.201,232.201
x23098832,,,16.7,131.32,236.25799999999995,236.25799999999995
x23110278,,,-10.2,-44.82,226.31599999999997,-226.31599999999997
x23113667,,,-19.05,-53.47,194.274,-194.274
x23116425,,,-7.3,-155.97,163.176,-163.176
x23116427,,,77.0,268.59,179.244,179.244
x23116432,,,25.2,142.91,177.27200000000002,177.27200000000002
x23125887,,,-1.5,-35.93,160.25699999999998,-160.25699999999998
x23125901,,,-1.3,63.1,202.338,202.338
x23125905,,,-1.2,132.14,146.23,146.23
x23134902,,,-132.5,-450.7,213.262,-213.262
x23134913,,,-194.0,-624.4,227.289,-227.289
x23134924,,,-211.6,-308.44,247.279,-247.279
x23147756,,,21.8,-267.08,239.34,-239.34
x23158101,,,-11.5,152.49,206.241,206.241
x23158108,,,15.9,-184.03,238.447,-238.447
x23158114,,,52.5,9.95,196.366,196.366
x23158118,,,-16.8,156.51,240.375,240.375
x23158137,,,-2.5,-148.38,234.37099999999995,-234.37099999999995
x23159343,,,22.58,-176.97,211.217,-211.217
x23159344,,,7.39,82.34,227.21599999999995,227.21599999999995
x23161316,,,-9.9,-49.53,172.29999999999995,-172.29999999999995
x23161338,,,21.0,8.15,144.214,144.214
x23161340,,,8.6,10.72,200.234,200.234
x23161360,,,78.4,319.81,234.295,234.295
x23161362,,,-21.7,-113.55,234.295,-234.295
x23168639,,,90.0,-117.03,164.17899999999997,-164.17899999999997
x23168641,,,56.6,-79.67,200.159,-200.159
x23168647,,,159.2,258.76,209.22,209.22
x23271958,,,-47.0,-76.48,219.16199999999995,-219.16199999999995
x23273303,,,-94.8,-126.31,213.237,-213.237
x23273304,,,-58.2,256.45,227.264,227.264
x23273305,,,-58.6,116.96,227.264,227.264
x23273308,,,-57.7,227.98,241.291,241.291
x23299489,,,25.7,22.85,220.312,220.312
x23299490,,,24.0,31.38,220.312,220.312
x23299492,,,-0.87,-196.07,222.328,-222.328
x23299494,,,-37.3,53.33,222.328,222.328
x23299497,,,-1.33,-108.42,222.328,-222.328
x23299498,,,-8.31,-137.05,222.328,-222.328
x23299500,,,-15.8,-62.2,238.396,-238.396
x23299502,,,-46.4,-83.16,238.396,-238.396
x23299504,,,14.0,74.08,236.38,236.38
x23299508,,,-4.21,-19.01,234.358,-234.358
x23299512,,,-320.0,-31.12,232.367,-232.367
x23299520,,,-6.67,62.48,246.39399999999995,246.39399999999995
x23299522,,,4.62,130.6,244.378,244.378
x23299523,,,4.8,105.0,248.341,248.341
x23299528,,,-12.5,62.21,255.361,255.361
x23299530,,,90.0,-76.9,236.39899999999992,-236.39899999999992
x23299533,,,-7.37,44.16,250.357,250.357
x23299536,,,-26.0,-129.61,250.357,-250.357
x23299554,,,-4.07,25.21,238.41499999999996,238.41499999999996
x23358709,,,18.0,-15.95,203.241,-203.241
x23358712,,,48.0,47.07,173.259,173.259
x23358713,,,17.0,17.74,243.394,243.394
x23358714,,,6.0,56.78,137.20699999999997,137.20699999999997
x23358715,,,8.0,-7.08,137.207,-137.207
x23358717,,,41.0,35.52,187.286,187.286
x23358718,,,21.0,-13.08,151.23399999999998,-151.23399999999998
x23358719,,,46.0,37.38,201.313,201.313
x23358721,,,56.0,46.91,227.35099999999997,227.35099999999997
x23358722,,,-8.0,-7.43,189.30199999999996,-189.30199999999996
x23358769,,,26.0,71.09,161.20399999999998,161.20399999999998
x23358771,,,35.0,43.59,200.068,200.068
x23358772,,,23.0,-14.12,165.623,-165.623
x23358773,,,17.0,-20.34,210.074,-210.074
x23367408,,,13.2,59.82,216.397,216.397
x23400715,,,-10.5,-158.63,232.32299999999995,-232.32299999999995
x23400718,,,3.4,-59.62,232.323,-232.323
x23400721,,,10.8,-114.23,204.269,-204.269
x23400727,,,10.0,-126.92,234.339,-234.339
x23400728,,,76.0,-90.45,220.312,-220.312
x23411225,,,-157.37,9.94,218.30000000000004,218.30000000000004
x23414488,,,14.3,247.38,188.22299999999996,188.22299999999996
x23422201,,,-10.0,-277.13,233.333,-233.333
x23425396,,,314.9,364.36,231.207,231.207
x23428882,,,54.2,26.09,230.304,230.304
x23428883,,,16.8,31.81,216.277,216.277
x23428884,,,31.4,67.37,244.331,244.331
x23428886,,,-26.7,-14.9,230.304,-230.304
x23428906,,,18.0,131.85,202.25,202.25
x23431036,,,8.53,-31.71,226.27599999999995,-226.27599999999995
x23439748,,,21.6,108.14,250.338,250.338
x23439750,,,-23.5,164.65,250.338,250.338
x23473065,,,-42.0,-50.25,231.248,-231.248
x23473066,,,-11.0,-85.17,231.248,-231.248
x23473069,,,-0.4,-51.79,217.221,-217.221
x23473075,,,-9.0,-25.38,233.22,-233.22
x23473095,,,93.0,-67.92,183.25099999999992,-183.25099999999992
x23485690,,,2.4,189.36,218.768,218.768
x23490557,,,-58.4,-32.13,222.328,-222.328
x23490715,,,74.4,-170.65,246.34999999999997,-246.34999999999997
x23503490,,,13.4,-57.63,158.241,-158.241
x23503492,,,-11.2,215.35,206.28500000000005,206.28500000000005
x23503493,,,11.4,7.1,172.26799999999997,172.26799999999997
x23503494,,,-3.4,21.97,178.231,178.231
x23503495,,,-9.0,10.84,212.676,212.676
x23503496,,,-3.3,17.53,196.221,196.221
x23503497,,,-6.3,141.3,212.676,212.676
x23503501,,,112.8,57.28,192.258,192.258
x23503510,,,142.8,142.61,226.703,226.703
x23503521,,,142.0,112.08,237.255,237.255
x23503527,,,103.6,112.15,150.17699999999996,150.17699999999996
x23503531,,,94.7,564.8,240.302,240.302
x23503537,,,132.8,162.72,192.258,192.258
x23503544,,,36.6,-0.94,172.26799999999997,-172.26799999999997
x23503553,,,39.9,32.28,220.312,220.312
x23503557,,,36.6,-30.35,172.26799999999997,-172.26799999999997
x23509410,,,-37.9,-202.13,226.25000000000003,-226.25000000000003
x23509415,,,-109.0,-148.9,222.28700000000003,-222.28700000000003
x23509428,,,-51.6,-335.33,238.286,-238.286
x23528765,,,-14.3,-179.34,196.633,-196.633
x23528766,,,-49.4,-27.32,152.14899999999997,-152.14899999999997
x23528768,,,10.7,-107.61,166.21999999999997,-166.21999999999997
x23528769,,,-28.0,-65.14,210.66,-210.66
x23528770,,,-26.2,-37.42,206.241,-206.241
x23528772,,,-13.3,-5.08,216.236,-216.236
x23579250,,,364.0,189.97,200.234,200.234
x23579251,,,141.2,-53.68,202.25,-202.25
x23579387,,,-44.11,-97.19,208.304,-208.304
x23586628,,,21.1,44.3,228.222,228.222
x23586630,,,40.3,-106.95,242.249,-242.249
x23586633,,,16.1,32.04,246.212,246.212
x23586670,,,5.8,-22.6,242.249,-242.249
x23594995,,,9.1,-6.75,249.266,-249.266
x23595971,,,-81.4,-179.55,222.284,-222.284
x23595972,,,-82.8,153.61,222.284,222.284
x23607777,,,70.0,72.01,252.266,252.266
x23607779,,,85.2,276.5,239.289101778,239.289101778
x23641793,,,49.5,-29.51,187.242,-187.242
x23645292,,,9.7,27.81,231.251,231.251
x23652176,,,-132.5,-177.81,246.22799999999995,-246.22799999999995
x23684277,,,-1.4,92.29,247.254,247.254
x23717129,,,-12.74,-240.03,248.297,-248.297
x23717130,,,-8.65,-205.77,248.297,-248.297
x23726117,,,-30.0,13.6,216.244,216.244
x23740473,,,-3.3,19.22,224.3439999999999,224.3439999999999
x23740474,,,-25.9,2.16,196.29,196.29
x23740480,,,2.0,23.72,182.30699999999996,182.30699999999996
x23743950,,,-80.4,-26.64,246.262,-246.262
x23747920,,,-58.3,-70.15,231.29500000000004,-231.29500000000004
x23747938,,,-20.8,69.24,234.295,234.295
x23747942,,,-26.7,-323.86,254.32900000000004,-254.32900000000004
x23747943,,,-14.9,-74.35,218.296,-218.296
x23747945,,,-3.5,-212.67,232.32299999999992,-232.32299999999992
x23748122,,,100.8,-23.13,195.262,-195.262
x23777914,,,109.99,133.17,236.355,236.355
x23777921,,,-14.9,-57.05,238.37099999999995,-238.37099999999995
x23777922,,,-14.9,-28.71,240.343,-240.343
x23789917,,,-16.4,-193.05,214.337,-214.337
x23789939,,,18.4,-63.75,242.315,-242.315
x23789950,,,32.9,-216.66,226.316,-226.316
x23789962,,,8.5,-32.4,200.234,-200.234
x23789968,,,2.1,-57.94,232.276,-232.276
x23817487,,,38.6,-171.93,244.212,-244.212
x23845786,,,-123.3,-268.79,209.245,-209.245
x23845788,,,-114.4,-74.42,225.244,-225.244
x23845791,,,-76.4,-125.95,209.245,-209.245
x23845793,,,-77.0,192.89,225.244,225.244
x23845797,,,-99.7,-142.78,245.278,-245.278
x23845800,,,-25.2,-41.53,201.247,-201.247
x23845802,,,21.7,131.81,133.147,133.147
x23845804,,,-7.99,-236.79,223.272,-223.272
x23856665,,,31.0,21.81,175.27499999999998,175.27499999999998
x23916424,,,14.0,171.16,202.30100000000004,202.30100000000004
x23939396,,,9.7,56.16,255.155,255.155
x23939398,,,-99.1,-187.57,176.259,-176.259
x23939400,,,-55.7,747.62,186.254,186.254
x23939402,,,8.7,917.46,202.253,202.253
x23944467,,,80.8,-328.31,178.20599999999996,-178.20599999999996
x23962320,,,16.6,41.38,235.286,235.286
x23962323,,,36.2,-249.38,249.313,-249.313
x23962355,,,29.75,-180.23,250.301,-250.301
x23962364,,,4.4,80.67,213.324,213.324
x23963880,,,32.45,35.14,214.26099999999997,214.26099999999997
x23963886,,,-5.0,-55.81,188.223,-188.223
x23968491,,,64.3,299.63,191.23,191.23
x23970613,,,-189.4,-29.15,248.3009999999999,-248.3009999999999
x23988515,,,1.43,-134.05,247.216,-247.216
x24020791,,,-176.4,-95.1,255.342,-255.342
x24075079,,,2.3,-189.97,194.209,-194.209
x24075080,,,24.2,-363.56,190.246,-190.246
x24075081,,,10.1,233.78,207.273,207.273
x24075082,,,8.1,13.82,211.236,211.236
x24575077,,,21.0,-225.44,232.30400000000003,-232.30400000000003
x24617376,,,-80.0,-11.11,238.243,-238.243
x24618750,,,63.2,363.98,246.266,246.266
x24618751,,,107.0,-90.17,246.266,-246.266
x24623113,,,-6.7,26.19,199.294,199.294
x24623122,,,-2.7,-144.63,255.402,-255.402
x24650757,,,-2.9,264.18,254.311,254.311
x24650764,,,-0.82,-162.21,221.325,-221.325
x24652341,,,8.0,23.89,235.352,235.352
x24652342,,,-1.6,26.37,249.379,249.379
x24652347,,,12.0,134.26,181.26,181.26
x24672571,,,4.3,-68.25,229.276,-229.276
x24684113,,,-36.1,-277.06,222.287,-222.287
x24684431,,,-109.1,-107.9,222.284,-222.284
x24684433,,,-23.8,-183.57,236.311,-236.311
x24684434,,,-80.5,-95.13,252.30999999999997,-252.30999999999997
x24684443,,,-69.7,-281.22,252.31,-252.31
x24684446,,,-76.0,-120.04,228.3319999999999,-228.3319999999999
x26482798,,,3.6,-325.75,202.297,-202.297
x26482823,,,-33.0,-277.13,223.293101778,-223.293101778
x26493677,,,-37.1,-17.82,238.286,-238.286
x26493691,,,206.5,329.38,254.285,254.285
x26493694,,,25.9,-498.21,230.30699999999996,-230.30699999999996
x26493695,,,94.1,274.34,244.33399999999995,244.33399999999995
x26623868,,,4.98,-45.3,234.29800000000003,-234.29800000000003
x26623874,,,4.7,-55.06,252.288,-252.288
x26623878,,,3.81,-44.52,248.325,-248.325
x26623887,,,12.2,-20.34,240.32700000000003,-240.32700000000003
x26623891,,,-3.34,-178.81,200.28100000000003,-200.28100000000003
x26623893,,,1.23,-50.37,248.32500000000005,-248.32500000000005
x26623898,,,-39.4,-24.68,212.29199999999992,-212.29199999999992
x26623907,,,-2.31,-25.81,252.288,-252.288
x26623909,,,7.29,-28.87,248.325,-248.325
x26623913,,,-8.43,-31.57,240.32700000000003,-240.32700000000003
x26669546,,,7.96,-32.06,201.26899999999992,-201.26899999999992
x26669547,,,75.8,53.61,235.7139999999999,235.7139999999999
x26669549,,,42.1,59.39,235.71399999999997,235.71399999999997
x26669550,,,37.3,44.83,235.714,235.714
x26669551,,,44.4,37.13,219.259,219.259
x26669554,,,36.4,65.84,215.29599999999996,215.29599999999996
x26669555,,,32.2,77.38,231.295,231.295
x26669556,,,14.5,107.18,251.32899999999992,251.32899999999992
x26669557,,,59.3,-98.52,207.29799999999997,-207.29799999999997
x26669558,,,42.5,-30.75,199.2969999999999,-199.2969999999999
x26669560,,,43.4,-70.47,185.26999999999992,-185.26999999999992
x26669561,,,29.2,190.49,247.34099999999995,247.34099999999995
x26669562,,,54.1,-23.39,233.314,-233.314
x26669563,,,6.8,-484.99,221.303,-221.303
x26669564,,,50.1,-141.91,207.276,-207.276
x26684344,,,-23.8,137.04,241.762,241.762
x26717994,,,15.0,-18.26,203.238,-203.238
x26719250,,,7.0,-45.09,180.20299999999995,-180.20299999999995
x26757901,,,-161.91,211.65,255.358,255.358
x26763671,,,14.8,31.92,148.20499999999998,148.20499999999998
x26768651,,,-2.3,139.87,205.301,205.301
x26769833,,,64.0,-24.55,214.26099999999997,-214.26099999999997
x26773585,,,-8.0,-11.14,230.267,-230.267
x26784872,,,43.5,9.8,182.244,182.244
x26784873,,,-36.7,82.9,182.244,182.244
x26787087,,,-93.18,174.74,244.29,244.29
x26787088,,,-85.71,200.58,244.29,244.29
x26787705,,,112.3,257.23,166.21999999999997,166.21999999999997
x26825528,,,-30.7,441.31,240.302,240.302
x26847660,,,-38.475,-75.67,255.22599999999997,-255.22599999999997
x26889133,,,23.6,57.1,226.392,226.392
x26941311,,,4.8,300.52,245.322,245.322
x26973561,,,-134.3,-227.18,218.249,-218.249
x26973569,,,-148.0,-85.36,218.249,-218.249
x26973579,,,-9.4,-45.69,214.217,-214.217
x26973580,,,-6.0,-27.32,246.259,-246.259
x26986110,,,-33.4,302.88,239.362,239.362
x27024961,,,42.8,36.29,206.26,206.26
x27049028,,,11.9,119.76,236.336,236.336
x27058956,,,2.0,-25.03,217.224,-217.224
x27076348,,,-16.4,153.69,208.257,208.257
x27099824,,,17.65,-297.89,231.317,-231.317
x27156648,,,-225.0,-350.87,228.33499999999992,-228.33499999999992
x27197781,,,-75.65,-81.18,234.295,-234.295
x27415591,,,17.3,252.81,217.268,217.268
x27416627,,,-12.5,-213.56,196.202,-196.202
x27416629,,,-43.5,139.5,196.202,196.202
x27531630,,,35.0,225.68,252.361,252.361
x27603028,,,-6.05,-160.84,244.338,-244.338
x27638461,,,-48.2,-82.56,225.19099999999997,-225.19099999999997
x27638463,,,12.2,29.65,233.189,233.189
x27638464,,,-1.8,78.44,241.253,241.253
x27638471,,,-17.8,-79.13,233.189,-233.189
x27638475,,,-49.4,-103.9,233.189,-233.189
x27638478,,,-19.0,-92.61,233.18899999999996,-233.18899999999996
x27638479,,,-42.8,-65.71,237.152,-237.152
x27638484,,,-45.0,-68.77,249.188,-249.188
x27643874,,,29.4,-386.33,254.329,-254.329
x27643875,,,25.1,-80.33,254.329,-254.329
x27699965,,,-52.95,-14.03,255.111,-255.111
x27699982,,,-148.6,-104.58,241.08400000000003,-241.08400000000003
x27705936,,,17.78,-19.74,197.278,-197.278
x27708136,,,-92.0,61.78,219.24,219.24
x27712813,,,-93.8,-626.91,237.28,-237.28
x27712820,,,-69.7,-239.81,224.3,-224.3
x27712822,,,-69.7,-158.56,224.29999999999995,-224.29999999999995
x27712823,,,123.4,165.84,208.257,208.257
x27712825,,,59.4,-6.46,232.27899999999997,-232.27899999999997
x27712826,,,83.3,8.2,174.24299999999997,174.24299999999997
x27712827,,,29.6,218.31,176.25899999999996,176.25899999999996
x27712828,,,-77.4,-285.74,196.24599999999995,-196.24599999999995
x27712834,,,79.6,-47.44,254.333,-254.333
x27713403,,,-10.0,611.71,242.438,242.438
x27713415,,,-20.0,-582.41,250.385,-250.385
x27738891,,,114.0,-313.73,252.697,-252.697
x27764932,,,-4.5,-128.94,244.451,-244.451
x27767622,,,-8.0,308.63,218.25199999999995,218.25199999999995
x27767639,,,-23.3,40.6,198.26199999999992,198.26199999999992
x27767640,,,-21.1,50.54,226.31599999999997,226.31599999999997
x27767641,,,-26.0,-55.81,182.219,-182.219
x27767863,,,22.9,85.28,184.191,184.191
x27774579,,,-44.34,528.7,248.709,248.709
x27794213,,,9.53,2.97,235.283,235.283
x27794216,,,27.6,157.02,235.283,235.283
x27794942,,,-13.5,-36.77,154.18399999999997,-154.18399999999997
x27827321,,,41.0,-145.19,229.235,-229.235
x27827325,,,25.0,-151.32,233.198,-233.198
x27827326,,,25.0,-156.15,229.235,-229.235
x27827327,,,21.8,-113.72,243.262,-243.262
x27827360,,,26.5,-173.41,215.20800000000003,-215.20800000000003
x27867482,,,12.7,8.69,240.343,240.343
x27870036,,,26.9,-131.44,191.024,-191.024
x27873541,,,33.45,298.72,222.244,222.244
x27921406,,,48.1,-140.87,206.285,-206.285
x27921408,,,11.6,-327.33,215.252,-215.252
x27921421,,,-38.5,-268.62,192.25799999999995,-192.25799999999995
x27921427,,,-31.0,-8.4,187.242,-187.242
x27930529,,,1.09,-136.96,247.294,-247.294
x27930717,,,-6.0,-158.0,236.311,-236.311
x27939202,,,-95.9,107.28,255.302,255.302
x27943293,,,29.0,-13.24,251.37,-251.37
x27968629,,,-39.1,-47.73,254.32900000000004,-254.32900000000004
x27968631,,,13.0,61.15,242.318,242.318
x27968662,,,-47.0,-0.19,254.757,-254.757
x27968671,,,47.0,-0.54,220.312,-220.312
x27968672,,,41.0,-38.23,178.231,-178.231
x27968673,,,42.0,-22.9,250.338,-250.338
x27968674,,,45.0,91.3,220.312,220.312
x27968675,,,-38.0,-4.83,206.28500000000005,-206.28500000000005
x27968677,,,47.0,-24.99,234.339,-234.339
x27968681,,,42.0,-7.96,234.339,-234.339
x27968694,,,38.0,-50.52,234.339,-234.339
x27968708,,,45.0,-32.82,234.339,-234.339
x27968717,,,51.0,-43.47,234.3389999999999,-234.3389999999999
x27968725,,,31.0,-17.64,248.36599999999996,-248.36599999999996
x28023245,,,-70.0,-140.25,208.305,-208.305
x28095691,,,54.8,-35.79,224.34399999999997,-224.34399999999997
x28095694,,,8.8,99.02,238.37099999999992,238.37099999999992
x28095696,,,4.8,-197.12,252.3979999999999,-252.3979999999999
x28095702,,,26.0,-158.03,210.31699999999995,-210.31699999999995
x28095712,,,31.2,-135.0,210.31699999999992,-210.31699999999992
x28138011,,,106.1,343.22,242.27799999999996,242.27799999999996
x28146626,,,20.6,18.57,168.623,168.623
x28146628,,,19.6,53.32,213.074,213.074
x28146636,,,15.9,35.57,162.23199999999997,162.23199999999997
x28146639,,,13.7,80.21,176.25899999999996,176.25899999999996
x28186719,,,-100.6,-63.56,209.289,-209.289
x28186720,,,-110.3,-40.96,225.28799999999995,-225.28799999999995
x28186721,,,-48.2,-21.59,225.28799999999995,-225.28799999999995
x28186729,,,-58.1,-30.27,251.36999999999995,-251.36999999999995
x28192351,,,-22.3,-180.77,199.24999999999997,-199.24999999999997
x28234170,,,-3.0,344.08,207.276,207.276
x28249936,,,135.8,367.65,230.263,230.263
x28249949,,,73.4,-194.8,230.26299999999995,-230.26299999999995
x28250479,,,-14.0,-75.66,251.286,-251.286
x28250491,,,1.83,37.11,184.195,184.195
x28271211,,,2.0,-28.2,242.319,-242.319
x28299794,,,-78.5,88.8,254.33700000000005,254.33700000000005
x28402002,,,8.0,16.7,178.18699999999995,178.18699999999995
x28402003,,,7.0,-1.64,194.18599999999995,-194.18599999999995
x28404378,,,162.8,-62.79,214.239,-214.239
x28404388,,,123.5,45.12,226.275,226.275
x28404394,,,105.7,141.06,186.21,186.21
x28426780,,,24.3,7.78,204.269,204.269
x28426781,,,9.5,-4.88,246.35,-246.35
x28426782,,,18.3,14.5,224.687,224.687
x28426784,,,44.7,88.65,208.232,208.232
x28426787,,,48.6,107.33,204.26899999999995,204.26899999999995
x28426788,,,55.5,-110.33,204.26899999999995,-204.26899999999995
x28426790,,,15.0,-36.85,220.26799999999997,-220.26799999999997
x28426835,,,23.8,-5.05,174.24299999999997,-174.24299999999997
x28426836,,,37.6,95.51,190.242,190.242
x28426837,,,20.3,82.34,220.268,220.268
x28437025,,,23.6,-26.72,224.256,-224.256
x28437026,,,29.5,452.57,194.23,194.23
x28450771,,,75.1,120.59,231.251,231.251
x28501302,,,3.3,182.3,248.282,248.282
x28501309,,,15.5,59.91,220.272,220.272
x28587708,,,22.35,-250.88,241.334,-241.334
x28587712,,,25.49,-209.52,219.671,-219.671
x28587713,,,25.43,-519.29,219.671,-219.671
x28587718,,,24.09,-415.04,230.223,-230.223
x28587719,,,-9.84,-370.29,230.223,-230.223
x28587721,,,7.14,-321.49,253.223,-253.223
x28587723,,,21.38,-235.84,203.216,-203.216
x28587725,,,58.62,-411.05,191.255,-191.255
x28587727,,,-47.56,-53.47,175.187,-175.187
x28587729,,,-1.86,231.89,211.264,211.264
x28587731,,,-7.89,-515.81,241.29,-241.29
x28587733,,,-5.16,-371.07,163.22,-163.22
x28587735,,,4.6,2.75,151.20899999999995,151.20899999999995
x28587736,,,9.72,27.51,191.27399999999992,191.27399999999992
x28587739,,,-3.81,-247.65,199.253,-199.253
x28587742,,,-6.26,-371.69,199.253,-199.253
x28587745,,,-5.63,-626.15,215.252,-215.252
x28587748,,,-0.86,-128.67,215.252,-215.252
x28587751,,,1.53,-291.63,219.671,-219.671
x28587754,,,-2.2,-321.63,219.671,-219.671
x28587757,,,-10.19,-130.8,199.253,-199.253
x28690654,,,-73.51,267.75,240.211,240.211
x28690655,,,-70.41,108.5,254.238,254.238
x28690659,,,-74.51,67.53,254.238,254.238
x28711722,,,-2.4,446.86,254.32899999999995,254.32899999999995
x28752038,,,30.5,182.47,156.225,156.225
x28752081,,,20.0,-48.95,128.171,-128.171
x28757871,,,-65.4,53.53,245.278,245.278
x28757872,,,-70.0,36.62,249.241,249.241
x28757881,,,-81.2,-112.58,221.212,-221.212
x28757886,,,-72.3,52.51,231.251,231.251
x28757899,,,-83.6,-105.41,228.291,-228.291
x28757901,,,-42.2,33.45,228.291,228.291
x28757902,,,-25.0,-57.23,236.274,-236.274
x28757905,,,-19.2,-32.04,226.22799999999995,-226.22799999999995
x28791968,,,-72.0,-113.12,247.338,-247.338
x28796981,,,13.8,3.15,188.274,188.274
x28796984,,,186.0,216.72,234.255,234.255
x28838435,,,5.7,-17.69,214.33399999999995,-214.33399999999995
x28838437,,,-14.8,-95.08,242.388,-242.388
x28897105,,,112.8,47.81,184.23899999999995,184.23899999999995
x28901684,,,-24.0,147.16,144.17,144.17
x28940188,,,29.6,-156.77,212.245,-212.245
x28961517,,,-3.2,-47.41,236.355,-236.355
x28961529,,,56.7,-482.78,214.264,-214.264
x28961531,,,80.3,569.28,228.291,228.291
x28961536,,,67.4,-325.96,240.302,-240.302
x28961537,,,64.4,605.94,254.329,254.329
x28961538,,,72.7,255.17,252.313,252.313
x28961539,,,78.4,592.64,242.318,242.318
x28961540,,,82.1,383.68,254.329,254.329
x28967138,,,0.8,-126.47,177.247,-177.247
x28967273,,,-4.3,1.26,179.263,179.263
x28983811,,,-21.8,242.04,237.346,237.346
x28983812,,,-18.3,214.35,253.345,253.345
x28983813,,,-95.1,231.65,213.28,213.28
x28983814,,,-105.7,303.66,229.348,229.348
x28983815,,,-59.2,248.68,237.346,237.346
x28983816,,,-66.9,254.62,251.373,251.373
x29051272,,,457.3,432.22,248.25300000000004,248.25300000000004
x29054624,,,16.4,91.88,242.296,242.296
x29054686,,,-1.42,50.02,136.172,136.172
x29054689,,,-16.5,-8.13,150.19899999999998,-150.19899999999998
x29142334,,,-11.42,263.93,254.36999999999992,254.36999999999992
x29142336,,,-14.3,-22.12,240.343,-240.343
x29142348,,,6.88,-327.92,216.28,-216.28
x29142350,,,11.57,-204.2,210.31699999999992,-210.31699999999992
x29158818,,,-7.0,180.88,184.26,184.26
x29164113,,,105.2,346.51,247.254,247.254
x29189013,,,-160.0,32.53,195.262,195.262
x29242043,,,-28.2,-0.49,251.326,-251.326
x29242047,,,-29.2,79.97,255.289,255.289
x29242049,,,-25.9,-55.31,251.326,-251.326
x29242050,,,-44.5,-122.29,251.326,-251.326
x29242053,,,-11.8,-480.45,243.328,-243.328
x29242054,,,0.8,-222.11,189.255,-189.255
x29242056,,,-0.6,-85.59,251.326,-251.326
x29242060,,,-26.8,-219.78,237.299,-237.299
x29298889,,,-23.1,-19.66,152.19299999999996,-152.19299999999996
x29298890,,,159.1,237.22,226.272,226.272
x29298891,,,-23.4,-183.64,226.272,-226.272
x29338903,,,5.7,200.66,206.285,206.285
x29412942,,,-297.5,-2.87,232.2979999999999,-232.2979999999999
x29437021,,,4.9,56.04,238.41499999999996,238.41499999999996
x29451596,,,5.75,58.73,156.18099999999998,156.18099999999998
x29472291,,,-63.0,57.62,220.27600000000004,220.27600000000004
x29472293,,,-58.0,-363.59,248.33000000000004,-248.33000000000004
x29490077,,,-14.5,2.31,254.41399999999996,254.41399999999996
x29500326,,,3.9,-235.98,192.327,-192.327
x29500328,,,23.8,-317.21,154.209,-154.209
x29500329,,,-18.0,-229.05,215.115,-215.115
x29500332,,,-38.6,-288.49,161.22899999999998,-161.22899999999998
x29500333,,,36.0,-217.56,166.24499999999998,-166.24499999999998
x29500334,,,25.8,-273.71,154.209,-154.209
x29500338,,,-35.6,-365.79,168.236,-168.236
x29500339,,,-150.0,3.33,170.66399999999996,170.66399999999996
x29500341,,,-168.0,-216.39,178.29999999999998,-178.29999999999998
x29500342,,,-38.0,-145.84,162.25699999999998,-162.25699999999998
x29554997,,,72.0,137.11,245.322,245.322
x29588342,,,140.0,-22.62,250.338,-250.338
x29588343,,,52.5,-69.03,252.354,-252.354
x29588376,,,-120.0,-37.93,234.339,-234.339
x29598487,,,18.0,-76.12,183.211,-183.211
x29609101,,,-25.37,-32.04,244.29,-244.29
x29695994,,,19.77,95.72,116.15999999999998,116.15999999999998
x29695998,,,3.59,-27.09,244.407,-244.407
x29696002,,,3.12,102.8,144.17,144.17
x29701336,,,45.3,397.19,208.21299999999997,208.21299999999997
x29722245,,,117.0,-27.72,212.245,-212.245
x29722247,,,31.8,24.12,170.20799999999997,170.20799999999997
x29734710,,,29.2,98.88,189.25799999999995,189.25799999999995
x29753390,,,16.0,-4.95,225.219,-225.219
x29753397,,,-5.0,23.29,239.24599999999995,239.24599999999995
x29753410,,,9.6,15.49,227.235,227.235
x29753435,,,55.0,150.52,179.238,179.238
x29753436,,,-21.0,58.83,179.238,179.238
x29767464,,,-27.0,-5.81,242.31800000000004,-242.31800000000004
x29767465,,,-14.0,23.87,242.318,242.318
x29767472,,,-23.0,-121.7,246.281,-246.281
x29767476,,,-13.0,-148.74,246.281,-246.281
x29803723,,,-22.6,-64.47,210.273,-210.273
x29809351,,,-8.6,-50.8,248.17900000000003,-248.17900000000003
x29881180,,,-14.5,-160.25,189.258,-189.258
x29886885,,,136.3,238.92,237.255,237.255
x29886887,,,110.1,145.24,253.323,253.323
x29886893,,,18.2,272.26,253.34199999999996,253.34199999999996
x29910155,,,-5.6,-5.27,184.235,-184.235
x29962243,,,4.7,-66.8,218.3,-218.3
x29962254,,,4.62,78.86,218.3,218.3
x30022066,,,-25.2,-101.62,214.305,-214.305
x30024094,,,15.5,-22.57,204.222,-204.222
x30024098,,,-6.1,-1.97,220.221,-220.221
x30024136,,,1.2,-28.98,190.195,-190.195
x30032136,,,41.5,21.42,242.274,242.274
x30054933,,,45.9,350.05,238.33,238.33
x30069024,,,-621.0,-1188.42,235.33,-235.33
x30069028,,,435.0,1678.23,249.35700000000003,249.35700000000003
x30069031,,,662.0,1647.47,253.37000000000003,253.37000000000003
x30069092,,,40.0,-191.39,235.32999999999996,-235.32999999999996
x30071478,,,-29.7,-476.78,252.317,-252.317
x30096418,,,37.9,-423.89,190.198,-190.198
x30104443,,,22.6,11.72,162.23199999999994,162.23199999999994
x30131014,,,-33.7,234.17,140.13799999999998,140.13799999999998
x30132521,,,-64.6,-151.65,237.302,-237.302
x30132543,,,88.4,-160.8,161.204,-161.204
x30132545,,,72.0,175.18,189.25800000000004,189.25800000000004
x30132547,,,83.6,85.93,229.201,229.201
x30132551,,,-32.6,203.19,196.253,196.253
x30132556,,,-10.8,-77.15,208.257,-208.257
x30134578,,,-70.0,-31.05,242.662,-242.662
x30134579,,,-54.5,12.78,226.207,226.207
x30151652,,,1.5,-44.37,172.31199999999998,-172.31199999999998
x30151654,,,-2.5,-123.74,184.32299999999992,-184.32299999999992
x30151656,,,7.5,-58.82,200.32199999999992,-200.32199999999992
x30210439,,,-14.5,-15.25,240.303,-240.303
x30210440,,,-14.0,-29.88,254.33,-254.33
x30228450,,,-5.0,1.11,237.303,237.303
x30228451,,,38.0,-4.38,251.33,-251.33
x30267319,,,10.04,56.0,176.259,176.259
x30286778,,,-48.7,148.96,244.21599999999992,244.21599999999992
x30332170,,,9.6,35.17,176.259,176.259
x30339548,,,-71.03,-118.65,239.35899999999992,-239.35899999999992
x30349885,,,-12.7,-305.8,168.23599999999996,-168.23599999999996
x30352769,,,-77.7,-172.94,231.292,-231.292
x30382638,,,-3.74,-37.56,242.362,-242.362
x30382711,,,-89.4,-69.19,214.308,-214.308
x30382712,,,-74.8,-61.44,232.298,-232.298
x30382713,,,-138.2,-130.52,238.33,-238.33
x30382714,,,-65.6,-262.87,240.346,-240.346
x30382715,,,-85.0,89.12,228.335,228.335
x30382716,,,-82.6,24.96,242.362,242.362
x30382717,,,-55.8,69.07,204.269,204.269
x30382719,,,-97.5,-56.25,220.337,-220.337
x30382723,,,-93.2,-102.11,240.34600000000003,-240.34600000000003
x30382725,,,-89.6,4.61,214.308,214.308
x30382727,,,-90.8,-60.64,228.335,-228.335
x30382729,,,-88.4,76.54,242.362,242.362
x30382731,,,-138.7,-187.14,242.362,-242.362
x30382733,,,-69.7,-138.74,242.362,-242.362
x30382736,,,-13.1,280.71,254.373,254.373
x30382737,,,-41.4,-42.88,242.362,-242.362
x30382738,,,-96.8,-169.67,242.362,-242.362
x30382739,,,62.3,389.12,242.362,242.362
x30382742,,,20.9,-242.06,194.318,-194.318
x30382744,,,31.2,-90.79,194.318,-194.318
x30382747,,,-23.66,-59.14,220.35599999999997,-220.35599999999997
x30382749,,,-57.5,-79.51,194.318,-194.318
x30382752,,,-87.4,-1.52,228.335,-228.335
x30382754,,,-99.0,-100.21,248.753,-248.753
x30382757,,,-71.1,37.05,242.362,242.362
x30382759,,,-108.7,-191.67,204.269,-204.269
x30382762,,,-74.8,35.98,220.337,220.337
x30382764,,,-124.5,129.74,218.296,218.296
x30391808,,,-99.0,-199.53,248.278,-248.278
x30450452,,,57.2,-369.01,255.31700000000004,-255.31700000000004
x30470892,,,57.2,-108.01,228.291,-228.291
x30472358,,,-21.649,-869.51,218.231,-218.231
x30472359,,,-203.15,67.22,218.231,218.231
x30472361,,,63.0,225.7,203.216,203.216
x30472364,,,-39.0,-859.52,232.258,-232.258
x30472367,,,-150.0,-151.94,246.285,-246.285
x30498022,,,112.0,42.02,207.229,207.229
x30498023,,,265.0,225.69,221.256,221.256
x30498034,,,10.0,10.75,207.229,207.229
x30528391,,,-52.02,65.48,245.322,245.322
x30544531,,,12.0,13.18,156.18099999999998,156.18099999999998
x30623065,,,-100.62,-95.19,182.219,-182.219
x30623066,,,-166.8,-136.99,184.235,-184.235
x30753744,,,-42.4,366.14,227.30399999999997,227.30399999999997
x30768396,,,-90.0,208.68,255.32100000000003,255.32100000000003
x30792852,,,-197.0,-316.09,194.17699999999996,-194.17699999999996
x30796979,,,46.3,375.3,232.235,232.235
x30796980,,,3.9,190.38,246.262,246.262
x30796984,,,5.0,316.25,246.262,246.262
x30796985,,,25.9,209.17,246.262,246.262
x30796986,,,104.1,396.47,246.262,246.262
x30802721,,,-40.5,175.56,219.35,219.35
x30802723,,,-8.97,-136.82,219.35,-219.35
x30802727,,,-62.3,-131.9,219.35,-219.35
x30802728,,,-75.3,-117.87,219.35,-219.35
x30862770,,,629.0,-245.59,217.312,-217.312
x30862772,,,486.0,691.36,231.339,231.339
x30862774,,,557.0,-103.99,235.302,-235.302
x30862776,,,567.0,852.46,231.339,231.339
x30862778,,,548.0,-173.07,235.302,-235.302
x30862780,,,623.0,-187.52,231.339,-231.339
x30862782,,,94.0,-146.88,211.349,-211.349
x30862783,,,190.0,68.28,245.366,245.366
x30862785,,,90.0,-109.73,211.349,-211.349
x30862787,,,67.0,318.4,183.295,183.295
x30862789,,,60.0,-23.77,197.322,-197.322
x30862791,,,99.0,-144.01,225.37599999999995,-225.37599999999995
x30862795,,,-6.0,-23.3,219.328,-219.328
x30862796,,,-13.0,50.37,233.355,233.355
x30887909,,,-23.0,375.24,255.342,255.342
x30899827,,,17.0,13.76,238.37099999999992,238.37099999999992
x30976969,,,168.1,544.29,248.3029999999999,248.3029999999999
x30976971,,,37.8,-5.49,250.33799999999997,-250.33799999999997
x30976972,,,56.3,24.42,234.295,234.295
x30976973,,,115.7,116.79,206.241,206.241
x30976975,,,157.3,422.22,242.27399999999992,242.27399999999992
x30999632,,,-5.8,-88.71,198.262,-198.262
x30999650,,,10.1,144.09,168.19199999999995,168.19199999999995
x31001668,,,-190.0,-404.31,209.24500000000003,-209.24500000000003
x31024760,,,-60.7,-117.54,251.282,-251.282
x31024761,,,58.7,-19.49,188.22600000000003,-188.22600000000003
x31030262,,,133.7,170.96,244.338,244.338
x31030265,,,158.0,152.16,244.294,244.294
x31030266,,,134.7,79.43,246.354,246.354
x31104346,,,-167.0,-296.56,250.29399999999995,-250.29399999999995
x31139958,,,49.9,-55.81,231.405,-231.405
x31150177,,,30.2,-135.77,246.306,-246.306
x31173890,,,-52.7,-47.53,255.74499999999995,-255.74499999999995
x31173892,,,-19.0,96.97,227.32899999999992,227.32899999999992
x31173893,,,-65.8,109.45,222.28799999999995,222.28799999999995
x31173894,,,-72.8,-33.37,234.34299999999996,-234.34299999999996
x31173895,,,-39.6,-138.8,241.334,-241.334
x31173899,,,-69.8,-119.7,235.32699999999997,-235.32699999999997
x31173902,,,-48.3,-80.91,235.32699999999997,-235.32699999999997
x31173903,,,-47.6,-82.65,251.32599999999996,-251.32599999999996
x31173904,,,-51.5,-154.56,251.32599999999996,-251.32599999999996
x31173907,,,-48.9,-79.95,239.2899999999999,-239.2899999999999
x31173908,,,-27.2,134.83,236.315,236.315
x31173910,,,-57.9,-79.3,239.29,-239.29
x31173911,,,-42.4,-48.42,255.74499999999992,-255.74499999999992
x31185505,,,158.0,22.47,236.355,236.355
x31185515,,,90.9,246.01,232.323,232.323
x31185537,,,104.4,971.73,150.22099999999998,150.22099999999998
x31185538,,,109.7,892.15,168.66699999999997,168.66699999999997
x31197642,,,-23.9,9.1,230.307,230.307
x31197649,,,-51.3,-59.18,216.28,-216.28
x31197650,,,-28.1,52.37,244.334,244.334
x31197652,,,-26.2,41.1,244.334,244.334
x31197655,,,30.3,186.81,252.313,252.313
x31197656,,,-80.3,-74.3,244.33399999999995,-244.33399999999995
x31197657,,,19.0,98.6,244.334,244.334
x31197658,,,-32.7,49.48,244.334,244.334
x31197662,,,-36.7,17.36,244.33399999999995,244.33399999999995
x31197673,,,-30.3,17.65,244.33399999999995,244.33399999999995
x31197684,,,13.5,60.15,244.334,244.334
x31197697,,,-28.8,10.45,248.29699999999997,248.29699999999997
x31197700,,,-12.9,17.32,244.334,244.334
x31213109,,,-4.8,-32.14,174.23999999999995,-174.23999999999995
x31221973,,,19.55,-42.28,142.154,-142.154
x31221980,,,12.35,161.66,126.15499999999996,126.15499999999996
x31221981,,,-35.2,-95.5,228.408,-228.408
x31221983,,,33.1,9.45,244.407,244.407
x31221994,,,-33.3,-109.24,212.245,-212.245
x31222004,,,-35.6,-62.45,212.245,-212.245
x31222006,,,24.8,-12.06,242.391,-242.391
x31222007,,,31.8,66.22,244.407,244.407
x31303784,,,240.6,495.77,245.278,245.278
x31303785,,,116.5,375.31,243.262,243.262
x31303811,,,312.7,317.89,215.296,215.296
x31303812,,,162.1,346.86,229.279,229.279
x31303813,,,104.8,264.67,187.242,187.242
x31303815,,,61.4,196.04,203.241,203.241
x31303816,,,274.6,271.45,203.241,203.241
x31324203,,,-18.7,-50.18,225.288,-225.288
x31361618,,,-20.3,565.84,252.338,252.338
x31361619,,,-59.1,418.66,248.372,248.372
x31361621,,,-10.55,9.35,220.268,220.268
x31361622,,,-10.25,-0.93,236.723,-236.723
x31361624,,,-27.1,-279.36,232.304,-232.304
x31361625,,,-115.7,639.97,253.326,253.326
x31361626,,,-34.7,593.39,253.326,253.326
x31361627,,,-33.849999999999994,191.34,203.266,203.266
x31361641,,,35.6,-695.31,255.342,-255.342
x31380601,,,-6.2,-202.52,230.351,-230.351
x31380602,,,-5.2,-21.29,230.351,-230.351
x31386235,,,6.05,202.03,200.278,200.278
x31415130,,,-62.8,64.25,156.18099999999998,156.18099999999998
x31415131,,,-39.0,-66.43,255.31399999999996,-255.31399999999996
x31427834,,,-30.0,-191.92,211.26099999999997,-211.26099999999997
x31427835,,,-26.3,-283.44,225.28799999999995,-225.28799999999995
x31427836,,,-12.6,100.52,167.164,167.164
x31427837,,,-15.5,-136.13,197.23399999999995,-197.23399999999995
x31433392,,,30.8,48.52,225.313,225.313
x31433395,,,8.2,120.04,224.29999999999995,224.29999999999995
x31433397,,,44.6,20.91,232.32299999999992,232.32299999999992
x31433448,,,59.6,-4.13,232.32299999999995,-232.32299999999995
x31433449,,,50.7,43.95,248.32199999999995,248.32199999999995
x31433451,,,37.8,-37.54,236.28599999999997,-236.28599999999997
x31433452,,,52.7,10.11,252.741,252.741
x31433457,,,65.5,-50.99,219.28399999999996,-219.28399999999996
x31433458,,,40.4,-8.79,208.25699999999995,-208.25699999999995
x31433459,,,46.0,29.03,180.247,180.247
x31433460,,,48.9,57.88,224.32499999999996,224.32499999999996
x31448269,,,29.7,21.0,238.214,238.214
x31448282,,,63.5,81.53,204.269,204.269
x31530077,,,15.0,-31.87,166.264,-166.264
x31554654,,,-21.19,198.15,205.301,205.301
x31559245,,,282.3,534.79,235.308,235.308
x31560938,,,124.9,145.54,196.246,196.246
x31560942,,,135.6,142.96,210.273,210.273
x31560947,,,3.9,19.52,208.257,208.257
x31662170,,,3.5,45.94,250.25,250.25
x31690127,,,50.6,-25.63,198.342,-198.342
x31724176,,,-6.5,241.1,236.38,236.38
x31749607,,,-4.33,-46.1,246.73399999999995,-246.73399999999995
x31751914,,,19.1,-52.75,249.30999999999997,-249.30999999999997
x31770882,,,26.7,-137.11,250.34100000000004,-250.34100000000004
x31775855,,,-58.5,-37.54,245.235,-245.235
x31775856,,,-59.0,-161.26,219.237,-219.237
x31793644,,,-43.4,-99.58,212.337,-212.337
x31793842,,,-22.0,4.29,251.15999999999997,251.15999999999997
x31899278,,,-13.6,-353.52,250.29399999999995,-250.29399999999995
x31931005,,,-163.2,-93.62,154.25299999999996,-154.25299999999996
x31931006,,,-64.4,13.52,168.27999999999997,168.27999999999997
x31931007,,,-66.1,-51.31,168.27999999999997,-168.27999999999997
x31931008,,,-80.2,235.03,216.324,216.324
x31931009,,,-46.6,36.46,216.324,216.324
x31931010,,,-67.2,-176.94,216.324,-216.324
x31931011,,,-118.0,-19.43,238.415,-238.415
x31931014,,,-59.5,-9.04,250.426,-250.426
x31931017,,,-31.3,-181.57,154.253,-154.253
x31931022,,,-142.0,-213.49,244.378,-244.378
x31931023,,,-161.0,-41.59,242.362,-242.362
x31931024,,,-39.0,-126.63,242.362,-242.362
x32001260,,,-10.3,71.09,203.285,203.285
x32068649,,,16.5,227.68,220.228,220.228
x32068654,,,10.0,88.13,231.295,231.295
x32068658,,,6.8,37.87,245.322,245.322
x32104925,,,25.4,30.46,211.217,211.217
x32104941,,,8.2,61.34,211.217,211.217
x32126268,,,5.2,294.49,162.236,162.236
x32209491,,,60.6,-38.97,254.677,-254.677
x32236917,,,-6.85,-183.69,204.269,-204.269
x32236927,,,-41.3,-308.41,208.688,-208.688
x32236928,,,31.9,312.79,208.688,208.688
x32247853,,,-21.6,138.77,247.294,247.294
x32266023,,,-33.4,-412.64,224.30700000000004,-224.30700000000004
x32305336,,,21.7,53.18,238.371,238.371
x32305337,,,11.5,17.49,238.37099999999995,238.37099999999995
x32305338,,,-15.5,23.38,238.37099999999992,238.37099999999992
x32375081,,,70.6,86.84,231.078,231.078
x32388278,,,188.46,13.88,208.217,208.217
x32388298,,,32.44,198.39,249.314,249.314
x32388313,,,212.39,400.27,168.23599999999996,168.23599999999996
x32399780,,,-84.2,325.69,217.243,217.243
x32399787,,,21.8,253.71,239.3179999999999,239.3179999999999
x32404169,,,14.5,81.9,254.677,254.677
x32450514,,,49.0,27.22,236.355,236.355
x32450515,,,44.0,-12.93,220.356,-220.356
x32455574,,,-7.65,-113.69,230.304,-230.304
x32462073,,,-47.87,-20.2,175.23100000000002,-175.23100000000002
x32463835,,,101.4,265.17,215.218,215.218
x32466436,,,-77.5,-130.65,180.29099999999997,-180.29099999999997
x32466438,,,-91.7,-185.61,192.30199999999996,-192.30199999999996
x32466441,,,-105.0,-152.1,206.32899999999992,-206.32899999999992
x32466447,,,-136.0,-168.15,194.27399999999997,-194.27399999999997
x32466450,,,-112.0,-157.94,193.073,-193.073
x32466454,,,-142.0,-278.52,221.127,-221.127
x32466468,,,-187.0,-138.49,152.237,-152.237
x32466471,,,-228.0,-167.98,180.291,-180.291
x32466475,,,-202.0,-113.02,208.34499999999997,-208.34499999999997
x32466477,,,-169.0,-118.52,166.26399999999998,-166.26399999999998
x32466479,,,-135.0,-102.85,235.154,-235.154
x32466486,,,-110.0,-158.36,152.23699999999997,-152.23699999999997
x32466488,,,-109.0,-141.09,152.23699999999997,-152.23699999999997
x32843128,,,-5.21,-72.05,228.248,-228.248
x32861501,,,-36.1,261.3,236.355,236.355
x32861726,,,-72.4,-247.03,233.267,-233.267
x32932191,,,272.3,363.84,242.319,242.319
x32947430,,,22.94,95.05,248.23800000000003,248.23800000000003
x32981147,,,5.2,165.63,120.579,120.579
x33001339,,,143.0,300.14,182.17499999999995,182.17499999999995
x33001351,,,190.0,222.62,218.25199999999995,218.25199999999995
x33001354,,,-62.0,5.31,220.26799999999997,220.26799999999997
x33001355,,,50.0,135.8,220.26799999999997,220.26799999999997
x33001369,,,72.0,38.77,220.26799999999997,220.26799999999997
x33112331,,,-171.33,-271.06,238.33,-238.33
x33230443,,,19.2,39.16,233.314,233.314
x33254146,,,42.5,117.3,245.351,245.351
x33356756,,,42.3,85.29,220.31199999999995,220.31199999999995
x33370376,,,61.485,-135.26,178.25599999999997,-178.25599999999997
x33370378,,,59.32,-163.61,208.282,-208.282
x33370379,,,188.18,-183.27,192.283,-192.283
x33370380,,,46.635,-116.26,192.283,-192.283
x33370381,,,93.56,-135.5,192.283,-192.283
x33370382,,,129.415,-158.11,192.283,-192.283
x33370385,,,6.89,-153.49,206.31,-206.31
x33370387,,,85.05,-168.29,196.246,-196.246
x33370388,,,117.1,-120.84,196.246,-196.246
x33370389,,,106.13,-168.49,212.701,-212.701
x33370396,,,0.87,106.33,220.337,220.337
x33377213,,,89.52,-136.03,253.30500000000004,-253.30500000000004
x33433642,,,0.92,80.87,209.27400000000003,209.27400000000003
x33582630,,,51.0,365.62,241.243,241.243
x33601102,,,4.2,-84.57,253.254,-253.254
x33611126,,,8.0,103.48,234.33899999999997,234.33899999999997
x33611129,,,24.0,-189.04,234.33899999999997,-234.33899999999997
x33611130,,,-9.0,62.42,250.33799999999997,250.33799999999997
x33611133,,,-42.0,71.41,236.355,236.355
x33611134,,,64.0,107.62,238.371,238.371
x33611136,,,452.0,63.7,238.371,238.371
x33611140,,,46.0,-4.55,254.37,-254.37
x33611141,,,134.0,207.65,236.35499999999996,236.35499999999996
x33611144,,,41.0,54.51,236.355,236.355
x33611145,,,28.0,99.38,252.354,252.354
x33611146,,,47.0,108.8,252.354,252.354
x33611148,,,-54.0,-124.5,252.35399999999996,-252.35399999999996
x33611149,,,-8.0,-27.73,252.35399999999996,-252.35399999999996
x33832771,,,18.4,-32.89,187.14499999999995,-187.14499999999995
x33832825,,,-21.7,7.56,187.14499999999995,187.14499999999995
x33832826,,,115.0,397.91,187.14499999999995,187.14499999999995
x33832827,,,-28.4,53.37,167.158,167.158
x33832828,,,-25.2,111.61,167.15799999999996,167.15799999999996
x33832829,,,-13.1,34.0,210.14499999999995,210.14499999999995
x33832833,,,-2.8,-122.82,222.284,-222.284
x33832837,,,-15.2,20.0,221.58999999999995,221.58999999999995
x33832838,,,-6.1,46.91,205.135,205.135
x33832840,,,-20.1,59.73,185.148,185.148
x33832845,,,-16.7,21.8,238.155,238.155
x33862798,,,81.0,127.73,252.317,252.317
x33886031,,,-37.9,48.69,252.65,252.65
x33934539,,,22.0,-195.58,249.318,-249.318
x33994262,,,48.7,171.51,239.702,239.702
x33994263,,,39.0,82.09,239.702,239.702
x33994264,,,38.8,288.99,239.702,239.702
x33994265,,,36.6,224.96,223.247,223.247
x33994266,,,56.1,0.25,219.284,219.284
x33994267,,,51.3,117.74,235.283,235.283
x33994268,,,39.6,163.26,235.283,235.283
x33994269,,,35.7,-65.55,235.283,-235.283
x33994270,,,47.9,102.95,195.218,195.218
x33994272,,,42.9,403.32,255.317,255.317
x33994277,,,8.8,105.21,201.22199999999995,201.22199999999995
x33994296,,,63.0,364.62,205.257,205.257
x34004546,,,36.67,51.57,232.323,232.323
x34009156,,,35.38,-159.76,248.325,-248.325
x34018250,,,-3.1,29.06,243.215,243.215
x34024064,,,-14.0,-19.3,186.682,-186.682
x34024065,,,-18.0,89.72,230.735,230.735
x34096843,,,200.8,134.43,162.188,162.188
x34096844,,,777.3,141.0,148.20499999999998,148.20499999999998
x34096847,,,126.5,43.16,178.23099999999997,178.23099999999997
x34096848,,,142.0,15.87,220.38799999999992,220.38799999999992
x34096871,,,37.6,-9.89,216.324,-216.324
x34096872,,,58.0,168.95,216.324,216.324
x34096873,,,34.6,-105.96,186.254,-186.254
x34096874,,,42.5,139.72,228.33500000000004,228.33500000000004
x34096875,,,2.7,-29.65,252.313,-252.313
x34096876,,,70.0,21.59,190.242,190.242
x34151892,,,-19.8,-120.91,195.30599999999995,-195.30599999999995
x34151894,,,-52.1,136.67,139.19799999999998,139.19799999999998
x34151898,,,-325.0,-28.64,126.15499999999996,-126.15499999999996
x34151901,,,10.5,21.05,153.22499999999997,153.22499999999997
x34151905,,,69.9,51.27,209.33299999999997,209.33299999999997
x34151906,,,75.8,286.14,181.279,181.279
x34151909,,,4.2,139.44,153.22499999999997,153.22499999999997
x34157652,,,21.9,-179.9,220.224,-220.224
x34163321,,,-20.0,-84.12,230.26,-230.26
x34163323,,,-28.33,-200.25,255.274,-255.274
x34256809,,,5.0,64.56,168.32399999999996,168.32399999999996
x34274736,,,-28.8,44.41,196.29,196.29
x34274782,,,136.5,119.78,154.20899999999995,154.20899999999995
x34274783,,,112.7,135.14,168.23599999999996,168.23599999999996
x34274784,,,-42.2,-171.18,154.20899999999995,-154.20899999999995
x34274785,,,-37.7,76.18,182.263,182.263
x34288292,,,-59.7,24.28,210.276,210.276
x34288293,,,55.3,-577.22,253.305,-253.305
x34290726,,,19.6,-173.85,214.308,-214.308
x34290727,,,23.1,-167.73,200.281,-200.281
x34290728,,,31.4,-150.18,228.335,-228.335
x34290729,,,24.9,378.11,228.335,228.335
x34290731,,,34.6,401.3,248.325,248.325
x34290735,,,1.5,79.85,212.292,212.292
x34290736,,,45.0,75.47,244.334,244.334
x34290740,,,131.7,385.08,226.319,226.319
x34290741,,,12.3,122.85,240.346,240.346
x34290742,,,21.1,50.8,212.29200000000003,212.29200000000003
x34290744,,,89.5,-177.68,220.337,-220.337
x34290745,,,103.8,-163.61,204.269,-204.269
x34290746,,,189.3,374.42,166.26399999999995,166.26399999999995
x34290747,,,136.9,192.81,194.318,194.318
x34290748,,,42.5,473.14,178.27499999999995,178.27499999999995
x34347506,,,39.86,53.65,219.248,219.248
x34347507,,,-12.6,-46.68,236.25,-236.25
x34347512,,,-34.18,42.84,233.275,233.275
x34348212,,,0.88,-204.82,227.285,-227.285
x34348215,,,13.7,11.79,241.31199999999995,241.31199999999995
x34348232,,,-44.7,156.68,229.301,229.301
x34396187,,,174.0,338.9,230.263,230.263
x34396190,,,164.0,166.47,232.279,232.279
x34420200,,,6.5,-74.0,214.349,-214.349
x34420201,,,17.0,164.81,168.27999999999997,168.27999999999997
x34420202,,,-30.9,-70.76,238.37099999999992,-238.37099999999992
x34420207,,,-32.9,-246.85,208.30099999999996,-208.30099999999996
x34420216,,,5.4,-41.57,216.321,-216.321
x34466898,,,-23.88,190.16,197.19000000000003,197.19000000000003
x34466900,,,-16.985,-32.21,211.217,-211.217
x34466904,,,-22.18,201.74,211.217,211.217
x34466906,,,-19.885,172.74,227.216,227.216
x34466908,,,-17.09,172.7,215.18,215.18
x34466910,,,-18.785,182.08,231.635,231.635
x34466912,,,-15.685,196.22,242.187,242.187
x34525294,,,25.0,132.96,241.33099999999996,241.33099999999996
x34552846,,,-68.3,-15.49,222.3569999999999,-222.3569999999999
x34552848,,,-22.5,46.43,236.38399999999996,236.38399999999996
x34552858,,,-80.7,-194.13,216.30900000000003,-216.30900000000003
x34562526,,,7.14,-55.22,112.17199999999998,-112.17199999999998
x34565852,,,-156.0,-166.86,192.30199999999996,-192.30199999999996
x34565853,,,-292.0,-309.23,150.221,-150.221
x34565854,,,-155.0,-97.91,178.275,-178.275
x34565855,,,-140.0,-113.93,192.302,-192.302
x34565857,,,-228.0,-166.89,206.32899999999992,-206.32899999999992
x34565858,,,-222.0,-229.14,164.248,-164.248
x34565922,,,-156.0,-247.44,164.24800000000002,-164.24800000000002
x34565924,,,-97.7,-145.12,192.30199999999996,-192.30199999999996
x34622341,,,134.7,-51.46,216.284,-216.284
x34674861,,,-250.0,-1357.35,226.235,-226.235
x34674864,,,-10.0,-83.97,228.251,-228.251
x34674866,,,-132.0,-75.17,246.241,-246.241
x34680827,,,12.0,37.01,228.335,228.335
x34712436,,,58.5,101.57,157.16899999999998,157.16899999999998
x34712437,,,28.1,-86.73,185.223,-185.223
x34712438,,,24.2,-7.97,229.232,-229.232
x34712439,,,15.4,-186.02,168.23599999999996,-168.23599999999996
x34712440,,,14.6,142.84,212.24499999999995,212.24499999999995
x34721096,,,78.0,155.42,206.241,206.241
x34721144,,,98.0,-102.42,218.25199999999995,-218.25199999999995
x34721171,,,165.0,-115.15,204.225,-204.225
x34721176,,,63.0,1.21,206.241,206.241
x34735228,,,17.4,-98.18,217.356,-217.356
x34735232,,,27.5,21.88,231.33900000000003,231.33900000000003
x34735543,,,-52.0,-87.98,247.294,-247.294
x34736815,,,-10.0,159.58,228.317,228.317
x34833301,,,70.0,73.21,199.25,199.25
x34837249,,,30.0,153.26,218.34,218.34
x34837256,,,36.0,-19.04,234.339,-234.339
x34859372,,,37.5,97.21,211.22100000000003,211.22100000000003
x34859375,,,190.0,87.36,209.205,209.205
x34859376,,,-416.0,-275.64,168.19199999999998,-168.19199999999998
x34859377,,,75.0,-54.61,211.221,-211.221
x34859385,,,153.4,11.65,211.221,211.221
x34871031,,,242.2,334.2,228.251,228.251
x34871032,,,163.2,445.09,242.278,242.278
x34907204,,,-285.0,-425.36,226.22799999999995,-226.22799999999995
x34926071,,,59.3,-109.93,242.3619999999999,-242.3619999999999
x34926076,,,-8.2,-138.91,226.31599999999992,-226.31599999999992
x34952022,,,55.0,-20.39,226.27199999999996,-226.27199999999996
x34952514,,,20.0,-170.08,244.28699999999995,-244.28699999999995
x34987880,,,-183.0,-187.04,209.205,-209.205
x34987887,,,213.0,178.19,211.22100000000003,211.22100000000003
x35038749,,,41.1,-38.69,250.346,-250.346
x35038750,,,46.9,-75.57,250.346,-250.346
x35046333,,,24.0,65.11,234.339,234.339
x35046337,,,21.0,81.73,248.322,248.322
x35046345,,,46.0,103.79,234.339,234.339
x35067496,,,-44.3,-46.42,238.334,-238.334
x35121653,,,101.4,265.17,215.218,215.218
x35143077,,,2.1,258.57,210.273,210.273
x35146704,,,-29.1,211.34,238.286,238.286
x35170499,,,12.8,-41.16,251.373,-251.373
x35170506,,,2.5,-24.52,251.37299999999996,-251.37299999999996
x35170507,,,-2.5,216.6,223.319,223.319
x35170508,,,4.9,638.99,245.325,245.325
x35170513,,,2.8,-148.15,211.308,-211.308
x35170514,,,-12.2,-468.22,211.308,-211.308
x35170516,,,-32.6,-453.93,225.335,-225.335
x35170518,,,6.9,-456.88,241.334,-241.334
x35170520,,,-28.2,364.68,251.3729999999999,251.3729999999999
x35170522,,,-14.3,36.92,237.346,237.346
x35170523,,,-15.7,81.09,237.34600000000003,237.34600000000003
x35177004,,,-60.9,185.45,248.322,248.322
x35177015,,,-16.9,-84.85,250.294,-250.294
x35217940,,,-20.0,-149.61,210.704,-210.704
x35351375,,,-18.0,27.26,241.31500000000003,241.31500000000003
x35351376,,,-11.3,330.61,241.33399999999995,241.33399999999995
x35351378,,,-5.1,-61.97,249.313,-249.313
x35351379,,,-4.5,-179.89,249.313,-249.313
x35351380,,,-4.7,-165.02,253.276,-253.276
x35351392,,,-5.2,75.3,235.28600000000003,235.28600000000003
x35351413,,,-4.5,-180.22,253.276,-253.276
x35375224,,,5.0,-16.71,250.341,-250.341
x35375268,,,10.9,-19.97,234.342,-234.342
x35389036,,,25.65,-143.0,223.319,-223.319
x35389037,,,15.7,184.05,237.3460000000001,237.3460000000001
x35396740,,,14.55,139.15,198.262,198.262
x35413848,,,-1.7,-122.09,238.287,-238.287
x35419046,,,3.67,45.36,183.182,183.182
x35419047,,,80.29,508.24,199.637,199.637
x35419048,,,45.06,142.35,244.088,244.088
x35419051,,,12.7,410.04,233.189,233.189
x35419052,,,10.29,765.23,190.202,190.202
x35419053,,,4.33,353.09,210.189,210.189
x35419054,,,32.49,322.75,193.202,193.202
x35419056,,,33.96,723.89,223.22799999999995,223.22799999999995
x35419057,,,14.09,-93.81,179.219,-179.219
x35419058,,,12.56,-8.41,179.219,-179.219
x35419059,,,17.36,204.48,165.19199999999998,165.19199999999998
x35419082,,,38.54,-79.4,179.21899999999997,-179.21899999999997
x35419085,,,13.9,545.34,179.21899999999997,179.21899999999997
x35419089,,,14.11,542.76,179.219,179.219
x35431628,,,-23.3,-331.01,215.252,-215.252
x35431629,,,-29.96,-302.99,193.24599999999995,-193.24599999999995
x35431630,,,-34.56,-221.77,203.241,-203.241
x35431632,,,7.49,-93.88,245.32200000000003,-245.32200000000003
x35431728,,,-35.78,-36.81,189.214,-189.214
x35431729,,,-19.97,64.86,203.241,203.241
x35431730,,,-34.39,70.12,203.241,203.241
x35431731,,,-29.96,-1.44,203.241,-203.241
x35431732,,,-26.11,-156.21,219.23999999999995,-219.23999999999995
x35431735,,,-30.67,-44.38,207.204,-207.204
x35431736,,,-35.78,-183.79,223.659,-223.659
x35431738,,,-71.33,-103.17,247.25,-247.25
x35431742,,,-22.19,-372.77,239.274,-239.274
x35431743,,,-39.03,-224.78,239.274,-239.274
x35525366,,,-33.5,304.49,237.34600000000003,237.34600000000003
x35525367,,,-19.2,227.95,237.34600000000003,237.34600000000003
x35525369,,,22.9,357.93,237.346,237.346
x35525370,,,-4.2,192.33,253.34500000000003,253.34500000000003
x35525371,,,5.9,231.12,241.30900000000003,241.30900000000003
x35525375,,,-118.4,341.55,251.373,251.373
x35525377,,,-38.2,229.95,241.309,241.309
x35525383,,,-17.8,233.53,241.309,241.309
x35525386,,,-11.7,232.71,241.309,241.309
x35539407,,,-5.5,-20.3,230.424,-230.424
x35599622,,,-38.2,-137.78,213.28,-213.28
x35599623,,,-34.1,171.91,239.274,239.274
x35622916,,,124.0,8.28,224.304,224.304
x35679524,,,0.14,-88.35,244.334,-244.334
x35762476,,,94.6,31.93,218.277,218.277
x35762477,,,62.4,43.9,150.177,150.177
x35762478,,,16.2,-36.68,192.258,-192.258
x35762479,,,104.2,380.42,240.302,240.302
x35762481,,,43.6,187.56,246.693,246.693
x35762482,,,93.3,31.26,242.274,242.274
x35762485,,,107.1,115.15,212.248,212.248
x35762494,,,78.0,107.39,230.238,230.238
x35762504,,,75.9,103.78,246.693,246.693
x35762512,,,127.3,136.76,226.27500000000003,226.27500000000003
x35762517,,,164.1,8.09,242.274,242.274
x35784119,,,-36.12,34.77,206.241,206.241
x35784120,,,-104.58,-88.19,234.251,-234.251
x35784122,,,-33.5,74.09,210.66000000000005,210.66000000000005
x35784126,,,-29.7,-153.36,252.313,-252.313
x35860975,,,17.1,-155.07,253.345,-253.345
x35860992,,,9.0,-791.49,213.28,-213.28
x35860994,,,24.2,-125.98,229.348,-229.348
x35861010,,,23.6,-330.11,237.346,-237.346
x35861015,,,20.1,-368.32,237.34600000000003,-237.34600000000003
x35861018,,,15.4,-567.7,253.34500000000003,-253.34500000000003
x35935403,,,38.0,-61.33,241.24299999999997,-241.24299999999997
x35938558,,,-14.6,366.07,210.276,210.276
x35973987,,,63.5,-86.49,205.257,-205.257
x35973989,,,-31.8,-101.7,251.329,-251.329
x35977930,,,43.0,34.4,160.169,160.169
x35996346,,,-51.3,234.88,224.369,224.369
x36076459,,,32.8,360.58,247.33800000000005,247.33800000000005
x36150091,,,-142.0,-616.28,228.335,-228.335
x36150192,,,-98.0,-402.31,230.351,-230.351
x36178833,,,2.6,-15.1,244.272,-244.272
x36247202,,,13.0,49.16,218.34,218.34
x36247203,,,18.0,35.26,192.258,192.258
x36247209,,,-36.7,304.71,238.33,238.33
x36247211,,,68.9,-53.44,188.27,-188.27
x36247212,,,82.4,-100.18,202.297,-202.297
x36247213,,,-27.8,-119.07,181.21,-181.21
x36247228,,,-40.9,-35.51,241.128,-241.128
x36375677,,,330.0,67.16,230.307,230.307
x36375679,,,250.0,174.68,228.29099999999997,228.29099999999997
x36375680,,,376.0,102.95,214.26399999999995,214.26399999999995
x36375681,,,417.0,53.46,230.307,230.307
x36375694,,,69.0,77.03,208.301,208.301
x36375695,,,12.0,-6.19,210.317,-210.317
x36452452,,,-44.4,9.49,220.316,220.316
x36452460,,,-122.8,-112.59,208.34499999999997,-208.34499999999997
x36597705,,,-11.2,785.26,204.225,204.225
x36629882,,,82.1,20.5,255.35799999999995,255.35799999999995
x36629883,,,98.3,-25.58,255.35799999999995,-255.35799999999995
x36663212,,,-71.1,-564.75,248.2779999999999,-248.2779999999999
x36753936,,,-199.1,460.75,251.32900000000004,251.32900000000004
x36753987,,,19.5,42.2,219.328,219.328
x36786034,,,-11.54,-38.65,188.26999999999995,-188.26999999999995
x36806461,,,-1.4,418.4,156.22799999999998,156.22799999999998
x36806475,,,-1.8,-38.19,252.382,-252.382
x36806476,,,9.0,473.56,247.34099999999995,247.34099999999995
x36806477,,,-9.2,386.17,210.32,210.32
x36806478,,,-3.4,-153.63,200.281,-200.281
x36806479,,,-9.0,395.23,212.3359999999999,212.3359999999999
x36806480,,,-7.6,-229.54,228.335,-228.335
x36806481,,,-3.0,-303.86,237.346,-237.346
x36806485,,,-12.2,-305.28,246.781,-246.781
x36806488,,,-6.2,-101.92,240.346,-240.346
x36806491,,,-28.8,-383.7,186.254,-186.254
x36806492,,,-13.0,-324.82,214.30799999999996,-214.30799999999996
x36806493,,,-24.6,-311.34,214.308,-214.308
x36806494,,,-83.4,-227.48,254.3729999999999,-254.3729999999999
x36806495,,,-53.1,-190.86,212.29199999999997,-212.29199999999997
x36806496,,,-47.2,-224.21,228.33499999999995,-228.33499999999995
x36806497,,,-8.0,-298.02,228.33499999999995,-228.33499999999995
x36806498,,,-2.6,-230.62,248.325,-248.325
x36806501,,,-25.0,-415.43,202.253,-202.253
x36806662,,,1.2,212.59,251.32899999999995,251.32899999999995
x36806663,,,-3.4,-229.62,251.32899999999995,-251.32899999999995
x36806667,,,4.0,106.25,255.29199999999997,255.29199999999997
x36806670,,,21.6,39.77,253.37,253.37
x36806672,,,1.0,163.52,237.302,237.302
x36806674,,,1.4,184.57,251.329,251.329
x36806680,,,347.2,178.91,251.32899999999995,251.32899999999995
x36806689,,,1.8,124.51,251.329,251.329
x36806693,,,-5.3,133.44,255.292,255.292
x36806708,,,21.6,144.14,251.329,251.329
x36815023,,,11.8,-32.77,218.34299999999996,-218.34299999999996
x36815028,,,-5.0,-50.26,246.397,-246.397
x36858346,,,-3.0,-7.14,209.249,-209.249
x36858347,,,-16.9,4.41,251.33,251.33
x36858354,,,-15.0,-85.96,235.28699999999992,-235.28699999999992
x36858355,,,30.4,-41.22,224.26,-224.26
x36858356,,,-8.0,-55.97,223.276,-223.276
x36858357,,,-9.0,-63.85,237.303,-237.303
x36858363,,,25.6,141.88,238.407,238.407
x36946687,,,144.0,200.16,235.283,235.283
x36946689,,,-12.0,158.98,205.25699999999995,205.25699999999995
x37081358,,,-27.6,-102.52,217.165,-217.165
x37111515,,,7.0,152.89,205.301,205.301
x37134236,,,-26.2,98.47,187.242,187.242
x37177863,,,39.8,48.89,236.311,236.311
x37177867,,,39.650000000000006,-251.99,234.295,-234.295
x37238766,,,35.5,-62.36,231.3389999999999,-231.3389999999999
x37255699,,,-5.8,-12.42,176.237,-176.237
x37255700,,,18.9,-111.22,252.335,-252.335
x37283106,,,-107.1,37.04,196.099,196.099
x37283118,,,7.1,-268.27,222.13699999999997,-222.13699999999997
x37283127,,,1.7,78.02,202.253,202.253
x37283130,,,-5.8,-10.7,182.072,-182.072
x37283140,,,5.7,-6.26,210.12599999999995,-210.12599999999995
x37300452,,,-31.5,-33.02,244.33399999999995,-244.33399999999995
x37300454,,,-34.3,-50.96,216.28,-216.28
x37300455,,,-33.6,-70.35,202.253,-202.253
x37300456,,,-27.9,-13.22,218.25199999999992,-218.25199999999992
x37300460,,,-19.6,-27.67,238.28599999999997,-238.28599999999997
x37300461,,,-44.4,53.21,202.253,202.253
x37300468,,,-25.1,4.45,246.3499999999999,246.3499999999999
x37300469,,,56.2,33.02,216.27999999999992,216.27999999999992
x37391319,,,-98.3,-85.66,217.26800000000003,-217.26800000000003
x37391341,,,-25.4,-71.68,246.266,-246.266
x37391344,,,-38.8,-157.18,189.2139999999999,-189.2139999999999
x37391345,,,-1.0,-27.3,207.20399999999992,-207.20399999999992
x37391347,,,-30.4,-118.82,203.241,-203.241
x37391348,,,-55.2,-165.49,214.22399999999996,-214.22399999999996
x37396058,,,16.5,-232.52,162.23199999999997,-162.23199999999997
x37409743,,,-26.3,191.95,152.23699999999997,152.23699999999997
x37415322,,,22.5,7.5,236.384,236.384
x37415782,,,182.49,-368.42,247.25,-247.25
x37433570,,,-30.0,-172.14,188.314,-188.314
x37433577,,,25.0,34.67,218.33999999999995,218.33999999999995
x37433578,,,106.4,102.8,170.20799999999994,170.20799999999994
x37433597,,,-42.0,-62.04,180.291,-180.291
x37433847,,,36.0,245.88,242.705,242.705
x37433867,,,7.5,-296.21,238.286,-238.286
x37433869,,,10.9,80.55,238.286,238.286
x37433870,,,12.8,-95.95,242.705,-242.705
x37433874,,,-41.4,-373.15,242.705,-242.705
x37539896,,,-13.04,-466.76,244.29,-244.29
x37543053,,,48.0,66.93,243.394,243.394
x37543057,,,37.0,103.18,255.405,255.405
x37543069,,,34.6,187.48,165.27999999999997,165.27999999999997
x37543071,,,42.0,153.88,167.296,167.296
x37543074,,,-1.2,-62.6,239.36299999999991,-239.36299999999991
x37548073,,,-41.8,-151.85,185.223,-185.223
x37548075,,,-21.0,41.33,227.304,227.304
x37548077,,,-15.4,29.75,171.196,171.196
x37548083,,,-17.0,-26.94,185.223,-185.223
x37548086,,,-16.9,-115.99,199.24999999999997,-199.24999999999997
x37582828,,,85.667,-558.34,255.31699999999995,-255.31699999999995
x37582829,,,49.697,-600.07,255.31699999999995,-255.31699999999995
x37582830,,,95.818,306.36,255.31699999999995,255.31699999999995
x37582835,,,141.333,307.75,241.29,241.29
x37582841,,,183.284,189.83,255.31699999999995,255.31699999999995
x37582846,,,127.391,-604.38,255.317,-255.317
x37582857,,,111.111,-518.81,255.317,-255.317
x37614349,,,-125.8,-149.37,244.334,-244.334
x37614350,,,-119.6,50.07,224.344,224.344
x37614351,,,-178.5,-256.42,212.36499999999995,-212.36499999999995
x37614369,,,-246.3,-235.08,230.307,-230.307
x37614371,,,-204.9,-435.93,234.27,-234.27
x37655814,,,3.1,171.85,215.249,215.249
x37666648,,,37.0,112.52,207.229,207.229
x37681317,,,118.3,302.23,215.296,215.296
x37757539,,,-73.37,-354.16,211.261,-211.261
x37801521,,,6.0,150.17,255.361,255.361
x38158129,,,-120.4,-72.01,200.094,-200.094
x38233198,,,137.6,-70.6,247.681,-247.681
x38233202,,,304.9,34.82,243.262,243.262
x38233206,,,31.7,-17.61,213.236,-213.236
x38235579,,,-7.3,93.07,224.303,224.303
x38235585,,,32.7,-9.15,224.303,-224.303
x38293630,,,-12.0,-52.86,249.19199999999995,-249.19199999999995
x38293632,,,-20.0,-123.44,204.741,-204.741
x38295605,,,274.8,-179.77,253.301,-253.301
x38295648,,,44.0,-330.54,239.274,-239.274
x38388824,,,32.2,127.64,253.236,253.236
x38416308,,,4.4,186.42,171.23999999999995,171.23999999999995
x38416310,,,-61.4,51.8,199.294,199.294
x38416311,,,3.0,-72.02,185.267,-185.267
x38416312,,,-22.3,202.03,247.338,247.338
x38416313,,,6.0,-126.77,199.294,-199.294
x38416314,,,26.5,-1.03,225.33199999999997,-225.33199999999997
x38416315,,,-25.3,251.57,233.311,233.311
x38416325,,,24.0,-128.62,242.3629999999999,-242.3629999999999
x38416329,,,23.6,-67.76,248.37,-248.37
x38463597,,,-197.0,-100.35,244.23699999999997,-244.23699999999997
x38463598,,,-186.0,-291.87,176.18699999999995,-176.18699999999995
x38463599,,,-223.0,-382.92,206.213,-206.213
x38602294,,,15.4,0.43,196.202,196.202
x38694577,,,47.2,-96.74,162.18799999999996,-162.18799999999996
x38694582,,,-38.7,82.98,230.3069999999999,230.3069999999999
x38694583,,,49.5,-154.39,176.21499999999995,-176.21499999999995
x38694584,,,-68.0,101.56,174.19899999999996,174.19899999999996
x38694586,,,48.5,46.23,241.084,241.084
x38794506,,,-19.5,-244.34,182.26299999999995,-182.26299999999995
x38794511,,,-16.9,-267.74,176.215,-176.215
x38794574,,,64.0,286.25,244.33399999999995,244.33399999999995
x38828908,,,-20.9,-19.62,255.701,-255.701
x38835635,,,16.2,24.66,224.344,224.344
x38835636,,,6.5,247.07,224.344,224.344
x38835637,,,57.5,-5.59,206.32899999999995,-206.32899999999995
x38835640,,,2.1,61.41,222.372,222.372
x38835641,,,-5.0,18.19,210.273,210.273
x38835644,,,16.0,-45.69,224.38799999999995,-224.38799999999995
x38835645,,,-5.2,-46.55,222.372,-222.372
x38863615,,,-223.0,-444.29,240.642,-240.642
x38885324,,,46.0,-26.42,236.355,-236.355
x38885325,,,25.0,-543.09,236.355,-236.355
x38885326,,,58.0,50.99,254.37,254.37
x38885327,,,26.0,208.17,252.354,252.354
x38885328,,,104.0,-22.16,252.354,-252.354
x38885329,,,-99.0,-143.46,236.355,-236.355
x38885330,,,41.0,34.79,238.37099999999995,238.37099999999995
x38885331,,,-72.0,220.78,236.355,236.355
x38885332,,,-26.0,55.79,238.371,238.371
x38885333,,,-14.0,-71.7,238.371,-238.371
x38885352,,,215.0,364.9,250.338,250.338
x38885353,,,185.0,319.79,250.33799999999997,250.33799999999997
x38885354,,,7.0,64.93,252.354,252.354
x38885355,,,113.0,332.12,236.355,236.355
x38899499,,,-21.29,-156.02,212.29299999999995,-212.29299999999995
x38912838,,,43.0,135.82,221.259,221.259
x38929305,,,50.9,141.94,211.264,211.264
x38929306,,,54.3,122.15,225.29100000000005,225.29100000000005
x38929307,,,48.7,-23.03,225.29100000000005,-225.29100000000005
x38929309,,,176.4,501.21,225.291,225.291
x38929312,,,45.2,-143.5,241.29,-241.29
x38929313,,,34.8,312.48,255.27299999999997,255.27299999999997
x38929315,,,29.2,108.49,245.709,245.709
x38929316,,,115.0,539.2,245.709,245.709
x38929318,,,55.7,307.67,247.24399999999997,247.24399999999997
x38929325,,,-9.6,226.34,217.293,217.293
x38929327,,,40.2,73.11,225.291,225.291
x38929328,,,15.1,-47.44,239.318,-239.318
x38929329,,,25.6,-723.57,223.275,-223.275
x38929331,,,-24.2,-17.33,227.263,-227.263
x38929334,,,-7.1,24.31,250.298,250.298
x38929335,,,94.2,-175.67,215.227,-215.227
x38929336,,,-4.7,118.89,167.183,167.183
x38929337,,,81.4,242.01,225.29100000000005,225.29100000000005
x38929338,,,16.5,27.32,225.29100000000005,225.29100000000005
x38929339,,,-17.6,-58.44,225.29100000000005,-225.29100000000005
x38929344,,,-22.2,455.57,225.291,225.291
x38929346,,,60.3,190.52,197.281,197.281
x38929347,,,-75.9,-112.02,209.292,-209.292
x38929348,,,59.5,154.25,237.302,237.302
x38929350,,,-30.5,-85.26,223.279,-223.279
x38929352,,,-37.3,62.41,252.273,252.273
x38942853,,,72.0,-210.87,106.18999999999998,-106.18999999999998
x38966120,,,-21.9,-153.71,126.19899999999996,-126.19899999999996
x38966128,,,7.1,-71.3,185.267,-185.267
x38966129,,,20.7,-115.45,202.29700000000005,-202.29700000000005
x38966131,,,14.3,43.54,199.294,199.294
x38966132,,,33.5,-150.35,216.324,-216.324
x38966133,,,31.6,-61.31,201.31,-201.31
x38966134,,,26.6,44.59,218.34,218.34
x38966135,,,7.5,-74.53,196.677,-196.677
x38966138,,,74.5,224.47,252.357,252.357
x38966148,,,-26.9,-89.97,176.259,-176.259
x38966156,,,219.5,-133.11,255.383,-255.383
x38966160,,,125.9,-40.37,229.38899999999995,-229.38899999999995
x38966161,,,-163.0,-187.39,229.38899999999995,-229.38899999999995
x38966169,,,4.8,-174.9,192.258,-192.258
x38966179,,,16.3,-309.19,192.258,-192.258
x38966190,,,-17.0,-54.25,152.19299999999998,-152.19299999999998
x38966211,,,1.7,-36.01,163.22,-163.22
x38966222,,,10.5,-176.86,212.292,-212.292
x39017207,,,-16.0,274.02,218.227,218.227
x39017208,,,-15.0,301.26,230.26299999999992,230.26299999999992
x39017219,,,-26.0,422.46,214.264,214.264
x39049947,,,-55.88,-145.73,234.36399999999995,-234.36399999999995
x39072040,,,73.0,-43.13,232.254,-232.254
x39097960,,,-1.7,-296.22,254.32899999999995,-254.32899999999995
x39113471,,,2.56,-80.73,246.42299999999997,-246.42299999999997
x39187252,,,105.68,-3.84,254.37399999999997,-254.37399999999997
x39187253,,,117.44,167.66,254.37399999999997,254.37399999999997
x39372746,,,30.5,97.15,205.257,205.257
x39376418,,,20.7,60.08,180.203,180.203
x39383151,,,9.03,11.65,249.354,249.354
x39387463,,,3.4,-119.55,216.236,-216.236
x39387464,,,-7.4,-10.46,168.19199999999998,-168.19199999999998
x39387465,,,-7.2,199.01,202.637,202.637
x39387469,,,-7.5,-243.84,188.61,-188.61
x39387474,,,-2.2,-32.19,246.262,-246.262
x39387475,,,-5.5,74.82,230.263,230.263
x39413030,,,5.3,28.91,231.12599999999995,231.12599999999995
x39497442,,,37.3,168.92,245.347,245.347
x39497448,,,16.07,-165.36,254.782,-254.782
x39497465,,,-44.44,-95.44,246.375,-246.375
x39497466,,,28.45,-83.52,234.364,-234.364
x39509030,,,-48.9,44.22,218.41600000000005,218.41600000000005
x39509040,,,23.7,-54.52,218.416,-218.416
x39509042,,,30.5,1.19,248.442,248.442
x39525232,,,5.6,118.07,253.773,253.773
x39525237,,,17.2,193.59,233.355,233.355
x39525253,,,-3.3,-41.11,217.31199999999995,-217.31199999999995
x39525328,,,-3.6,106.62,236.355,236.355
x39532780,,,42.6,-282.35,247.294,-247.294
x39544205,,,-13.7,-81.6,236.31500000000003,-236.31500000000003
x39544206,,,-21.2,-294.41,250.34200000000004,-250.34200000000004
x39544212,,,-21.4,-138.54,250.34199999999996,-250.34199999999996
x39544213,,,-19.3,-140.42,252.358,-252.358
x39544236,,,-31.2,21.09,226.323,226.323
x39544302,,,-23.5,-122.2,220.36,-220.36
x39544303,,,-26.4,-64.19,218.34399999999997,-218.34399999999997
x39544306,,,-27.6,-42.32,242.322,-242.322
x39544308,,,38.1,8.41,242.322,242.322
x39544309,,,-14.5,414.24,190.29,190.29
x39563318,,,-38.5,-59.56,138.20999999999998,-138.20999999999998
x39658012,,,-56.8,277.58,246.306,246.306
x39658017,,,-60.0,-144.05,238.308,-238.308
x39658018,,,-63.6,254.71,232.279,232.279
x39658025,,,-48.0,-246.01,222.24,-222.24
x39658038,,,-31.2,89.41,246.306,246.306
x39658043,,,-49.4,-194.03,246.306,-246.306
x39658044,,,-70.6,145.44,246.306,246.306
x39812585,,,2.8,155.96,194.23,194.23
x39818699,,,36.8,291.98,120.155,120.155
x39818700,,,57.1,-63.78,205.326,-205.326
x39818703,,,62.2,553.48,219.353,219.353
x39818704,,,59.9,575.18,233.38,233.38
x39818705,,,45.9,492.49,249.379,249.379
x39818706,,,56.6,543.93,253.798,253.798
x39818707,,,41.8,-280.87,220.341,-220.341
x39818708,,,46.8,95.61,225.40099999999995,225.40099999999995
x39818709,,,85.4,446.22,233.38,233.38
x39818711,,,36.9,342.78,253.37000000000003,253.37000000000003
x39968278,,,-16.5,41.1,236.267,236.267
x40177173,,,-154.3,-83.14,254.37,-254.37
x40486477,,,9.8,-105.28,243.262,-243.262
x40637218,,,-6.0,314.8,252.313,252.313
x40637224,,,-46.0,97.97,236.314,236.314
x40637225,,,-29.0,-397.4,250.341,-250.341
x40637229,,,1.7,648.84,200.281,200.281
x40637231,,,3.0,-30.44,245.278,-245.278
x40637232,,,29.0,842.26,225.291,225.291
x40637233,,,18.0,921.56,228.291,228.291
x40637234,,,2.5,417.77,224.303,224.303
x40637235,,,-10.0,-24.39,240.34600000000003,-240.34600000000003
x40637236,,,35.0,-112.87,238.33,-238.33
x40637241,,,43.5,99.5,202.297,202.297
x40637242,,,-21.0,410.19,216.28,216.28
x40637243,,,-16.2,798.95,216.28,216.28
x40638170,,,-6.0,52.57,222.404,222.404
x40638175,,,-18.8,6.57,224.332,224.332
x40638177,,,-1.4,12.32,223.392,223.392
x40638179,,,-14.6,-44.01,238.35899999999995,-238.35899999999995
x40638184,,,-12.2,-136.84,230.383,-230.383
x40638186,,,-7.4,-149.75,230.383,-230.383
x40638215,,,-3.8,-10.29,248.32,-248.32
x40639253,,,7.4,118.8,142.242,142.242
x40639254,,,-22.6,-81.14,179.05699999999996,-179.05699999999996
x40639255,,,-13.0,-38.77,158.19699999999995,-158.19699999999995
x40659870,,,62.13,120.13,239.274,239.274
x40659873,,,47.55,-77.91,248.709,-248.709
x40659879,,,66.8,164.11,250.244,250.244
x40659883,,,38.11,194.95,250.244,250.244
x40659886,,,12.42,-819.12,254.285,-254.285
x40660760,,,-17.83,-101.29,189.25799999999995,-189.25799999999995
x40660761,,,-43.33,17.08,187.286,187.286
x40660763,,,-78.8,103.25,209.292,209.292
x40660764,,,-24.34,-69.66,97.161,-97.161
x40673499,,,-8.9,43.75,233.267,233.267
x40673509,,,-4.2,-38.81,251.282,-251.282
x40673511,,,10.4,121.4,127.143,127.143
x40673515,,,-7.2,-103.95,221.29999999999995,-221.29999999999995
x40673516,,,-57.8,-108.79,247.29399999999995,-247.29399999999995
x40673518,,,-15.4,-31.96,141.17,-141.17
x40673529,,,-32.3,-96.31,184.235,-184.235
x40673531,,,5.8,-44.78,208.345,-208.345
x40740019,,,-11.0,-140.13,217.378,-217.378
x40740020,,,-19.6,-92.88,245.432,-245.432
x40740022,,,-21.5,-143.96,231.405,-231.405
x40740024,,,42.0,-21.35,215.362,-215.362
x40916958,,,-192.73,-182.92,238.33000000000004,-238.33000000000004
x40916959,,,-150.31,-219.86,238.33000000000004,-238.33000000000004
x40916960,,,-179.77,-339.45,254.329,-254.329
x40916961,,,-141.46,-190.1,254.329,-254.329
x40916962,,,-122.4,-126.23,254.32900000000004,-254.32900000000004
x40916965,,,-146.4,-184.52,242.293,-242.293
x40916966,,,-161.2,-52.58,242.293,-242.293
x40916967,,,-156.93,-45.24,242.293,-242.293
x40916973,,,-160.8,-237.94,252.35700000000003,-252.35700000000003
x40916978,,,-161.22,-126.04,254.329,-254.329
x40916979,,,-158.33,-195.46,242.293,-242.293
x40916981,,,-138.64,-186.85,238.33,-238.33
x40916982,,,-145.33,-204.41,254.329,-254.329
x40916986,,,-95.83,-205.05,225.29100000000005,-225.29100000000005
x40916998,,,-66.0,-135.55,190.286,-190.286
x40916999,,,-68.83,-124.81,190.286,-190.286
x40917885,,,-26.0,109.25,253.34499999999997,253.34499999999997
x40917890,,,-51.4,-98.12,243.272,-243.272
x40941196,,,21.7,-41.9,238.17999999999995,-238.17999999999995
x40956032,,,-72.4,-278.45,197.209,-197.209
x40956033,,,-71.5,-266.06,213.664,-213.664
x40956034,,,-44.2,-40.34,213.664,-213.664
x40956037,,,-29.4,-224.77,247.21599999999995,-247.21599999999995
x40956038,,,-21.7,573.84,237.255,237.255
x40956039,,,-47.1,165.22,237.255,237.255
x40956040,,,-19.1,-164.6,207.229,-207.229
x40956043,,,-49.5,-267.85,193.246,-193.246
x40956044,,,-137.4,-246.13,193.246,-193.246
x40956047,,,-4.6,-117.95,234.255,-234.255
x40956048,,,-36.4,-981.13,238.243,-238.243
x40956050,,,-19.6,-238.57,219.24,-219.24
x40956074,,,-51.6,-102.89,241.29,-241.29
x40956079,,,-72.7,-109.77,247.319,-247.319
x41059274,,,46.0,126.22,241.28999999999996,241.28999999999996
x41059285,,,11.1,-22.0,199.27500000000003,-199.27500000000003
x41059286,,,13.6,34.04,249.33500000000004,249.33500000000004
x41059287,,,11.2,42.99,233.267,233.267
x41059288,,,9.2,-226.37,233.267,-233.267
x41059289,,,15.4,113.78,233.267,233.267
x41071243,,,47.5,301.12,204.225,204.225
x41071246,,,19.4,444.07,190.198,190.198
x41071247,,,37.3,117.62,218.25199999999995,218.25199999999995
x41071248,,,27.0,144.96,220.268,220.268
x41071249,,,15.1,326.17,190.242,190.242
x41071250,,,32.8,288.27,232.279,232.279
x41071253,,,51.0,241.3,246.30599999999995,246.30599999999995
x41071263,,,52.3,142.26,218.252,218.252
x41307231,,,-186.0,-282.14,160.25999999999996,-160.25999999999996
x41307234,,,40.0,227.54,176.259,176.259
x41307236,,,-55.0,76.33,216.324,216.324
x41307254,,,-480.0,-440.99,242.36199999999997,-242.36199999999997
x41765461,,,33.1,66.06,158.24099999999996,158.24099999999996
x41765467,,,-16.1,54.52,189.255,189.255
x41867706,,,-2.7,-83.94,138.20999999999998,-138.20999999999998
x41893531,,,-286.1,-225.74,216.28,-216.28
x41893532,,,-12.5,-61.67,216.28,-216.28
x41893533,,,-144.5,-162.22,244.334,-244.334
x41893536,,,-85.5,-221.65,230.307,-230.307
x42005700,,,108.2,19.3,234.415,234.415
x42005701,,,105.4,38.16,248.442,248.442
x42005987,,,69.8,63.02,196.29,196.29
x42302228,,,7.765000000000001,-204.41,240.30600000000004,-240.30600000000004
x42626431,,,67.101,52.95,182.194,182.194
x42626435,,,45.008,28.64,200.184,200.184
x42626437,,,45.443,52.34,200.184,200.184
x42626439,,,61.312,44.22,200.184,200.184
x42626443,,,47.28,67.98,196.221,196.221
x42626445,,,29.009,78.82,196.221,196.221
x42626447,,,57.193,43.96,196.221,196.221
x42626449,,,29.548,-0.84,216.639,-216.639
x43357662,,,-7.2,-10.53,232.235,-232.235
x43357663,,,104.5,208.16,218.252,218.252
x43357664,,,18.0,140.89,236.267,236.267
x43602703,,,-49.4,-115.55,218.34,-218.34
x43602705,,,-50.2,-457.23,202.341,-202.341
x43801928,,,9.7,-101.08,221.3,-221.3
x43801929,,,13.7,77.14,239.29,239.29
x43801930,,,17.7,-18.51,196.221,-196.221
x43942919,,,18.7,-337.73,248.709,-248.709
x43942923,,,54.8,-287.86,234.682,-234.682
x43942930,,,-13.0,-215.23,240.711,-240.711
x43942932,,,-10.2,-44.32,158.58399999999995,-158.58399999999995
x43942933,,,1.0,-74.79,172.611,-172.611
x43942934,,,1.2,-145.72,186.63799999999995,-186.63799999999995
x43942935,,,27.9,-244.83,252.672,-252.672
x43942936,,,97.5,5.06,200.66499999999996,200.66499999999996
x43942937,,,101.7,23.62,228.7189999999999,228.7189999999999
x43942938,,,22.6,-192.15,248.709,-248.709
x43942989,,,33.0,-191.98,240.302,-240.302
x43942992,,,219.4,3.12,200.237,200.237
x43942997,,,27.6,-26.28,246.262,-246.262
x44006170,,,-83.3,-244.38,246.306,-246.306
x44006173,,,-50.0,-16.37,246.306,-246.306
x44255944,,,34.0,99.99,244.378,244.378
x44280363,,,-49.0,133.77,255.358,255.358
x44392499,,,-1.6,-49.28,206.194,-206.194
x44393328,,,68.3,-126.12,232.239,-232.239
x44393339,,,60.8,44.24,246.266,246.266
x44393361,,,-18.3,-383.42,243.306,-243.306
x44393369,,,-33.1,66.13,209.289,209.289
x44393370,,,-27.2,-188.01,245.278,-245.278
x44393375,,,39.1,-606.94,218.212,-218.212
x44393376,,,36.1,70.32,218.212,218.212
x44393378,,,41.2,157.72,198.225,198.225
x44393379,,,39.3,-69.57,252.657,-252.657
x44393382,,,18.3,198.32,174.20300000000003,174.20300000000003
x44393383,,,-33.4,77.45,169.18,169.18
x44393385,,,-30.6,227.49,153.18099999999998,153.18099999999998
x44393386,,,-32.1,-6.81,169.18,-169.18
x44393387,,,-35.4,-85.77,183.207,-183.207
x44641787,,,16.2,86.35,182.175,182.175
x44641788,,,72.9,80.69,206.241,206.241
x44641790,,,55.4,65.5,142.154,142.154
x44641792,,,140.0,-24.71,212.27,-212.27
x44641793,,,41.2,58.75,172.22399999999996,172.22399999999996
x44641794,,,67.2,108.97,198.26199999999992,198.26199999999992
x44641796,,,60.7,35.9,144.16999999999996,144.16999999999996
x44641797,,,10.5,-166.63,236.267,-236.267
x44641798,,,81.4,31.3,250.3379999999999,250.3379999999999
x44641799,,,156.4,-11.89,214.3049999999999,-214.3049999999999
x44641800,,,200.2,23.07,200.2779999999999,200.2779999999999
x44641801,,,45.6,-447.57,251.238,-251.238
x44641802,,,70.7,50.78,245.278,245.278
