id,SMILES,canon_SMILES,specific_rotation
3591067,COC1=CC2=C(C=C1)C=C(C=C2)[C@H](C)C(O)=O,COc1ccc2cc([C@H](C)C(=O)O)ccc2c1,61.1
7875788,CCN(C)C(=O)OC1=CC=CC(=C1)[C@H](C)N(C)C,CCN(C)C(=O)Oc1cccc([C@H](C)N(C)C)c1,-33.0
2039797,[H][C@@](C)(O)C1=CC=CC=C1,C[C@H](O)c1ccccc1,-23.6
7516898,[H][C@](COC)(NC(C)=O)C(=O)NCC1=CC=CC=C1,COC[C@@H](NC(C)=O)C(=O)NCc1ccccc1,16.1
2039798,[H][C@](C)(O)C1=CC=CC=C1,C[C@@H](O)c1ccccc1,49.3
3542667,CC(C)(C)OC(=O)N1CCC[C@H]1CO,CC(C)(C)OC(=O)N1CCC[C@H]1CO,-36.8
1962763,[H][C@@](NC(=O)OC(C)(C)C)(C(O)=O)C(C)(C)C,CC(C)(C)OC(=O)N[C@H](C(=O)O)C(C)(C)C,-2.8
88579,OC(=O)[C@@H]1CCCN1C(=O)OCC1=CC=CC=C1,O=C(O)[C@@H]1CCCN1C(=O)OCc1ccccc1,-105.3
2047993,C[C@H]1CCC2=C1C[C@@H](CC[C@@H]2C)C(C)(C)O,C[C@H]1CC[C@@H](C(C)(C)O)CC2=C1CC[C@@H]2C,-22.0
79778,C[C@@H]1CCCN1,C[C@@H]1CCCN1,-32.1
2050827,CC(=O)\C=C\[C@@]1(O)C(C)=CC(=O)CC1(C)C,CC(=O)/C=C/[C@@]1(O)C(C)=CC(=O)CC1(C)C,221.6
3647994,C[C@@H]1CNCCN1,C[C@@H]1CNCCN1,-17.0
1718809,[H][C@](C)(CC)CO,CC[C@H](C)CO,-1.7
3652004,[H][C@@](CO)(CC1=CC=CC=C1)NC(=O)OC(C)(C)C,CC(C)(C)OC(=O)N[C@H](CO)Cc1ccccc1,-22.6
3591296,CC(C)(C)OC(=O)N[C@@H](CC1=CC=CC=C1)C=O,CC(C)(C)OC(=O)N[C@H](C=O)Cc1ccccc1,41.6
5271646,C[C@H](C(O)=O)C1=CC=CC(=C1)C(=O)C1=CC=CC=C1,C[C@H](C(=O)O)c1cccc(C(=O)c2ccccc2)c1,18.9
2554415,[H][C@@](C)(O)C1=CC=C(OC)C=C1,COc1ccc([C@H](C)O)cc1,-2.2
2554416,[H][C@](C)(O)C1=CC=C(OC)C=C1,COc1ccc([C@@H](C)O)cc1,14.1
2042396,[H][C@@](C)(O)C1=CC2=C(C=CC=C2)C=C1,C[C@H](O)c1ccc2ccccc2c1,-26.9
3549668,COC(=O)[C@@H]1CCCN1C(=O)OC(C)(C)C,COC(=O)[C@@H]1CCCN1C(=O)OC(C)(C)C,-54.1
2042028,[H][C@@](C)(O)C1=CC=C(Cl)C=C1,C[C@H](O)c1ccc(Cl)cc1,-32.4
4350248,C[C@@H](O)C1=CC=C(Cl)C=C1,C[C@@H](O)c1ccc(Cl)cc1,34.2
1280129,[H][C@]1(C)CCCO1,C[C@H]1CCCO1,19.5
3195952,[H][C@](C)(O)C1=CC2=C(C=CC=C2)C=C1,C[C@@H](O)c1ccc2ccccc2c1,21.9
1719324,[H][C@](C)(O)CCCCCC,CCCCCC[C@@H](C)O,-9.4
2040677,CC1=CC=C(C=C1)[S@@](C)=O,Cc1ccc([S@@](C)=O)cc1,127.0
84954,C[C@@H]1OC=C[C@H](OC(C)=O)[C@H]1OC(C)=O,CC(=O)O[C@H]1[C@H](C)OC=C[C@@H]1OC(C)=O,65.0
4798442,C[C@@H](O)C1=CC=C(Br)C=C1,C[C@@H](O)c1ccc(Br)cc1,18.0
2500176,[H][C@@](C)(CO)C1=CC=CC=C1,C[C@H](CO)c1ccccc1,-10.2
20213034,FC1=CC([C@H]2CCCN2)=C(F)C=C1,Fc1ccc(F)c([C@H]2CCCN2)c1,58.1
4350247,C[C@@H](O)C1=CC=C(F)C=C1,C[C@@H](O)c1ccc(F)cc1,24.1
5850405,C[C@@H](O)C1=CC=C(C=C1)C(F)(F)F,C[C@@H](O)c1ccc(C(F)(F)F)cc1,38.6
4230722,O=C1N[C@H]2C[C@@H]1C=C2,O=C1N[C@@H]2C=C[C@H]1C2,562.0
3195575,[H][C@](O)(CC=C)C1=CC=CC=C1,C=CC[C@H](O)c1ccccc1,-17.1
2042986,[H][C@](O)(C(C)C)C1=CC=CC=C1,CC(C)[C@H](O)c1ccccc1,-26.07
6175631,O[C@H](CN(=O)=O)C1=CC=CC=C1,O=[N+]([O-])C[C@@H](O)c1ccccc1,18.9
3606512,C[C@@H](CC(=O)C=C(C)C)C1=CC=C(C)C=C1,CC(C)=CC(=O)C[C@H](C)c1ccc(C)cc1,60.3
4781877,COC1=CC=CC=C1[C@@H](C)O,COc1ccccc1[C@@H](C)O,14.1
6175632,O[C@@H](CN(=O)=O)C1=CC=CC=C1,O=[N+]([O-])C[C@H](O)c1ccccc1,-34.8
3648988,[H][C@@](O)(CCl)C1=CC=CC=C1,O[C@H](CCl)c1ccccc1,36.0
3196464,[H][C@@](C)(O)C1=C(OC)C=CC=C1,COc1ccccc1[C@H](C)O,-19.9
15406,COC(=O)[C@@H]1OC(C)(C)O[C@H]1C(=O)OC,COC(=O)[C@@H]1OC(C)(C)O[C@H]1C(=O)OC,-36.0
3648989,[H][C@](O)(CCl)C1=CC=CC=C1,O[C@@H](CCl)c1ccccc1,-18.8
3649064,COC1=CC(=CC=C1)[C@@H](C)O,COc1cccc([C@@H](C)O)c1,18.8
5248382,C[C@@H](O)CCC1=CC=CC=C1,C[C@@H](O)CCc1ccccc1,-33.3
3193875,[H][C@](C)(O)C1CCCCC1,C[C@@H](O)C1CCCCC1,-2.7
4354925,O=C1CCCC[C@H]1[C@@H](CN(=O)=O)C1=CC=CC=C1,O=C1CCCC[C@H]1[C@@H](C[N+](=O)[O-])c1ccccc1,-18.1
6965128,CC(C)(C)[Si](C)(C)OC[C@H]1CO1,CC(C)(C)[Si](C)(C)OC[C@H]1CO1,-3.44
4352082,COC(=O)[C@@H](O)CC1=CC=CC=C1,COC(=O)[C@@H](O)Cc1ccccc1,-11.9
6803701,C[C@@H](O)[C@@H]1O[C@H]1\C=C\[C@@H]1O[C@H]1[C@H](O)C=C,C=C[C@@H](O)[C@@H]1O[C@H]1/C=C/[C@@H]1O[C@H]1[C@@H](C)O,-31.1
1345099,[H][C@]1(O[C@@]1([H])C1=CC=CC=C1)C(=O)C1=CC=CC=C1,O=C(c1ccccc1)[C@@H]1O[C@H]1c1ccccc1,-185.0
4665714,C[C@@H](O)C1=CC=C(C=C1)N(=O)=O,C[C@@H](O)c1ccc([N+](=O)[O-])cc1,26.7
1464743,[H][C@@]1(CO)CCCN1C(=O)OCC1=CC=CC=C1,O=C(OCc1ccccc1)N1CCC[C@H]1CO,-40.1
3587898,C[C@H](O)C1=CC=CO1,C[C@H](O)c1ccco1,-20.1
5251125,O[C@@H](C1=CC=CC=C1)C(F)(F)F,O[C@@H](c1ccccc1)C(F)(F)F,14.4
9481069,O[C@H](CN(=O)=O)C1=CC=C(C=C1)N(=O)=O,O=[N+]([O-])C[C@@H](O)c1ccc([N+](=O)[O-])cc1,31.0
3537186,C[C@@H](O)C1=NC=CC=C1,C[C@@H](O)c1ccccn1,19.5
5863172,O=C1CCC[C@@H](C1)C1=CC=CC=C1,O=C1CCC[C@H](c2ccccc2)C1,-12.1
9481070,O[C@@H](CN(=O)=O)C1=CC=C(C=C1)N(=O)=O,O=[N+]([O-])C[C@H](O)c1ccc([N+](=O)[O-])cc1,-10.8
3587899,C[C@@H](O)C1=CC=CO1,C[C@@H](O)c1ccco1,7.69
1718956,[H][C@](C)(CO)C(C)C,CC(C)[C@@H](C)CO,-4.8
3588754,CC[C@H](O)C1=CC=CC=C1OC,CC[C@H](O)c1ccccc1OC,-14.4
7633648,CC(=O)NC[C@@H](CCl)OC(C)=O,CC(=O)NC[C@@H](CCl)OC(C)=O,-9.8
3649607,OC[C@@H]1O[C@H]1C1=CC=CC=C1,OC[C@@H]1O[C@H]1c1ccccc1,-47.3
4447541,CC(C)[C@H](N)C(O)(C1=CC=CC=C1)C1=CC=CC=C1,CC(C)[C@H](N)C(O)(c1ccccc1)c1ccccc1,-119.8
5727720,CC[C@H]1CCCC(=O)C1,CC[C@H]1CCCC(=O)C1,-11.2
4668096,[H][C@]1(CO)O[C@]1([H])C1=CC=CC=C1,OC[C@H]1O[C@@H]1c1ccccc1,46.1
4800112,C[C@H](N(C)C)C1=CC(O)=CC=C1,C[C@@H](c1cccc(O)c1)N(C)C,-52.4
85031,CC(=O)O[C@@H]1COC=C[C@@H]1OC(C)=O,CC(=O)O[C@H]1C=COC[C@H]1OC(C)=O,200.0
2323323,C[C@H]1CCCC(=O)C1,C[C@H]1CCCC(=O)C1,-9.7
8050350,CC1=CC[C@@H](CC1)C(O)=O,CC1=CC[C@H](C(=O)O)CC1,101.0
2690704,CC(C)[C@@H]1CC[C@@H](C)C[C@H]1C(O)=O,CC(C)[C@@H]1CC[C@@H](C)C[C@H]1C(=O)O,-1.35
3602424,C[C@@H](CO[Si](C)(C)C(C)(C)C)C=O,C[C@H](C=O)CO[Si](C)(C)C(C)(C)C,33.0
5737258,O[C@H](C1=CC=C(Br)C=C1)C(F)(F)F,O[C@H](c1ccc(Br)cc1)C(F)(F)F,-11.5
8255688,O[C@H](C1=CC=CC=C1)C1=CC=C(Cl)C=C1,O[C@H](c1ccccc1)c1ccc(Cl)cc1,-12.5
83899,COC1=C(OC)C=C2[C@H](C)NCCC2=C1,COc1cc2c(cc1OC)[C@H](C)NCC2,-45.4
9478645,O[C@@H](CN(=O)=O)C1=CC=C(Cl)C=C1,O=[N+]([O-])C[C@H](O)c1ccc(Cl)cc1,-25.1
4232146,[H][C@](C)(O)C1=CC=CC(=C1)C(F)(F)F,C[C@@H](O)c1cccc(C(F)(F)F)c1,22.7
9478644,O[C@H](CN(=O)=O)C1=CC=C(Cl)C=C1,O=[N+]([O-])C[C@@H](O)c1ccc(Cl)cc1,18.4
2048296,[H][C@](O)(C1CCCCC1)C1=CC=CC=C1,O[C@H](c1ccccc1)C1CCCCC1,-20.92
1718955,[H][C@@](C)(CO)C(C)C,CC(C)[C@H](C)CO,3.9
5256015,[H][C@@](O)(C1CCCCC1)C1=CC=CC=C1,O[C@@H](c1ccccc1)C1CCCCC1,-11.0
4291770,O[C@H](CBr)C1=CC=CC=C1,O[C@H](CBr)c1ccccc1,55.3
7024072,CC(C)(C)OC(=O)N1CCC[C@H]1CC#N,CC(C)(C)OC(=O)N1CCC[C@H]1CC#N,-54.1
3614875,O=C[C@@H]1CCCN1C(=O)OCC1=CC=CC=C1,O=C[C@@H]1CCCN1C(=O)OCc1ccccc1,-24.0
2365204,[H][C@@]12C[C@@H](CCC(C)=C1CC[C@@H]2C)C(C)(C)O,CC1=C2CC[C@H](C)[C@@H]2C[C@H](C(C)(C)O)CC1,2.0
6802229,O[C@@H](C#CC1=CC=CC=C1)C1=CC=CC=C1,O[C@@H](C#Cc1ccccc1)c1ccccc1,4.9
3588203,C[C@H](CO[Si](C)(C)C(C)(C)C)C=O,C[C@@H](C=O)CO[Si](C)(C)C(C)(C)C,-34.0
3196954,[H][C@@](O)(CC)CCC1=CC=CC=C1,CC[C@@H](O)CCc1ccccc1,-23.45
3198944,[H][C@@](C)(N(C)C)[C@@]([H])(O)C1=CC=CC=C1,C[C@@H]([C@@H](O)c1ccccc1)N(C)C,45.3
3588594,C1CN[C@H](C1)C1=CC=CC=C1,c1ccc([C@H]2CCCN2)cc1,64.2
6505482,CC(C)(C)[C@H]1COC(=N1)C1=NC=CC=C1,CC(C)(C)[C@H]1COC(c2ccccn2)=N1,-72.7
7166644,O[C@H](C#CC1=CC=CC=C1)C1=CC=CC=C1,O[C@H](C#Cc1ccccc1)c1ccccc1,-2.4
2329658,[H][C@@](O)(C1=CC=CC=C1)C1=CC=C(C)C=C1,Cc1ccc([C@H](O)c2ccccc2)cc1,16.35
4350498,C1CN[C@@H](C1)C1=CC=CC=C1,c1ccc([C@@H]2CCCN2)cc1,-64.4
2554147,[H][C@@](CC)(CO)C1=CC=CC=C1,CC[C@H](CO)c1ccccc1,-4.3
4663826,O=C1CC[C@@H](C1)C1=CC=CC=C1,O=C1CC[C@H](c2ccccc2)C1,-90.3
7462028,C[C@@H](O)C1=CC=CC(F)=C1,C[C@@H](O)c1cccc(F)c1,17.8
4291281,C[C@H](CC=O)O[Si](C)(C)C(C)(C)C,C[C@H](CC=O)O[Si](C)(C)C(C)(C)C,-13.6
4349351,CCCC[C@@H](C)CO,CCCC[C@@H](C)CO,10.3
4250168,COC1=CC=C(COC[C@H](C)C=O)C=C1,COc1ccc(COC[C@H](C)C=O)cc1,30.7
9478362,COC1=C(C=CC=C1)[C@H](O)CN(=O)=O,COc1ccccc1[C@H](O)C[N+](=O)[O-],28.63
9478363,COC1=C(C=CC=C1)[C@@H](O)CN(=O)=O,COc1ccccc1[C@@H](O)C[N+](=O)[O-],-46.3
4232765,CC[C@@H](CC(=O)C1=CC=CC=C1)C1=CC=CC=C1,CC[C@@H](CC(=O)c1ccccc1)c1ccccc1,5.3
10153405,COC1=CC=C(C=C1)[C@H](O)CN(=O)=O,COc1ccc([C@H](O)C[N+](=O)[O-])cc1,40.4
2038599,O[C@@H]1CCCC=C1,O[C@H]1C=CCCC1,10.6
1423051,CC(C)=CCC[C@]1(C)O[C@H]1CO,CC(C)=CCC[C@]1(C)O[C@H]1CO,-2.1
4904332,COC1=CC=C(C=C1)[S@@](C)=O,COc1ccc([S@@](C)=O)cc1,66.0
9696054,COC1=CC=C(C=C1)[C@@H](O)CN(=O)=O,COc1ccc([C@@H](O)C[N+](=O)[O-])cc1,-33.3
3202444,[H][C@](O)(C1=CC=CC=C1)C1=CC=C(OC)C=C1,COc1ccc([C@@H](O)c2ccccc2)cc1,-11.93
4783611,[H][C@@](O)(C1=CC=CC=C1)C1=CC=C(OC)C=C1,COc1ccc([C@H](O)c2ccccc2)cc1,0.93
4841730,CC1(C)OC2=CC=C(C=C2[C@H]2O[C@@H]12)C#N,CC1(C)Oc2ccc(C#N)cc2[C@H]2O[C@H]21,85.0
5427610,[H][C@@](O)(C1=CC=CC=C1)C1=CC=CC=C1C,Cc1ccccc1[C@H](O)c1ccccc1,-2.7
9759885,CC(C)(C=O)[C@@H](CN(=O)=O)C1=CC=CC=C1,CC(C)(C=O)[C@@H](C[N+](=O)[O-])c1ccccc1,-1.5
8060557,[H][C@]12CN([C@H](C(O)=O)[C@@]1([H])C2(C)C)C(=O)OC(C)(C)C,CC(C)(C)OC(=O)N1C[C@H]2[C@@H]([C@H]1C(=O)O)C2(C)C,23.77
9044757,CC1=CC=C(C=C1)[C@H](O)CN(=O)=O,Cc1ccc([C@H](O)C[N+](=O)[O-])cc1,16.1
9044758,CC1=CC=C(C=C1)[C@@H](O)CN(=O)=O,Cc1ccc([C@@H](O)C[N+](=O)[O-])cc1,-37.9
10248854,CC(C)(C)OC(=O)NC[C@H](O)CCl,CC(C)(C)OC(=O)NC[C@H](O)CCl,-22.0
4430609,COC(=O)[C@@H]1CCCN1CC1=CC=CC=C1,COC(=O)[C@@H]1CCCN1Cc1ccccc1,-65.0
3648741,CC[S@@](=O)C1=CC=CC=C1,CC[S@@](=O)c1ccccc1,262.0
9481029,O[C@H](CN(=O)=O)C1=C(C=CC=C1)N(=O)=O,O=[N+]([O-])C[C@@H](O)c1ccccc1[N+](=O)[O-],-191.1
5253376,O[C@@H](CCC1=CC=CC=C1)CC=C,C=CC[C@@H](O)CCc1ccccc1,-15.6
9481030,O[C@@H](CN(=O)=O)C1=C(C=CC=C1)N(=O)=O,O=[N+]([O-])C[C@H](O)c1ccccc1[N+](=O)[O-],-215.4
9482856,C1CC2=CC=CC=C2N[C@@H]1C1=CC=CC=C1,c1ccc([C@@H]2CCc3ccccc3N2)cc1,-44.3
7371685,CC(C)(C)OC(=O)N[C@H](CC=C)C(O)=O,C=CC[C@@H](NC(=O)OC(C)(C)C)C(=O)O,3.3
5733181,COC1=CC=C(C=C1)[C@H](O)CC=C,C=CC[C@@H](O)c1ccc(OC)cc1,-50.1
5849961,O[C@H](CN(=O)=O)C1CCCCC1,O=[N+]([O-])C[C@@H](O)C1CCCCC1,3.2
9478664,O[C@@H](CN(=O)=O)C1=C(Cl)C=CC=C1,O=[N+]([O-])C[C@H](O)c1ccccc1Cl,-50.2
2554409,C[C@@](O)(CO)C1=CC=CC=C1,C[C@@](O)(CO)c1ccccc1,6.0
5731766,O[C@H](CC=C)C1=CC=C(Cl)C=C1,C=CC[C@@H](O)c1ccc(Cl)cc1,36.8
1723417,[H][C@@](O)(CCCCCCC)CC(O)=O,CCCCCCC[C@@H](O)CC(=O)O,-16.3
5733182,COC1=CC=C(C=C1)[C@@H](O)CC=C,C=CC[C@H](O)c1ccc(OC)cc1,-6.8
8416387,[H][C@]1(CCCCC1=O)[C@@H](CN(=O)=O)C1=CC=CO1,O=C1CCCC[C@H]1[C@@H](C[N+](=O)[O-])c1ccco1,-8.0
5849962,O[C@@H](CN(=O)=O)C1CCCCC1,O=[N+]([O-])C[C@H](O)C1CCCCC1,-14.7
9478663,O[C@H](CN(=O)=O)C1=C(Cl)C=CC=C1,O=[N+]([O-])C[C@@H](O)c1ccccc1Cl,30.8
6801353,COC(=O)C[C@@H](N)C1=CC=CC=C1,COC(=O)C[C@@H](N)c1ccccc1,10.5
8762774,C[C@@H](O)C1=CC=C(C=C1)C1=CC=CC=C1,C[C@@H](O)c1ccc(-c2ccccc2)cc1,46.2
4229674,[H][C@](C)(CO)CCO,C[C@@H](CO)CCO,24.0
4251271,CC(C)(C)OC(=O)N[C@@H](CC1=CC=CC=C1)C=C,C=C[C@H](Cc1ccccc1)NC(=O)OC(C)(C)C,30.0
6271739,COC1=CC2=C(C=C1)C=C(C=C2)[C@H](C)C=O,COc1ccc2cc([C@H](C)C=O)ccc2c1,62.2
7014534,[H][C@@](O)(C1=CC=CC=C1)C1=CC=CC=C1Cl,O[C@H](c1ccccc1)c1ccccc1Cl,15.26
9478649,O[C@@H](CN(=O)=O)C1=CC=C(F)C=C1,O=[N+]([O-])C[C@H](O)c1ccc(F)cc1,-42.5
18822222,CC(C)(C)[S@](=O)N=CC1=CC=CC=C1,CC(C)(C)[S@](=O)N=Cc1ccccc1,92.53
4291936,C[C@@H](O)C#CC1=CC=CC=C1,C[C@@H](O)C#Cc1ccccc1,35.0
4668498,O=[S@](CC1=CC=CC=C1)C1=CC=CC=C1,O=[S@](Cc1ccccc1)c1ccccc1,98.0
9478648,O[C@H](CN(=O)=O)C1=CC=C(F)C=C1,O=[N+]([O-])C[C@@H](O)c1ccc(F)cc1,27.88
5263175,C[C@H](N)C(O)(C1=CC=CC=C1)C1=CC=CC=C1,C[C@H](N)C(O)(c1ccccc1)c1ccccc1,-55.0
19002024,O[C@@H](CN(=O)=O)C1=CC=C(Br)C=C1,O=[N+]([O-])C[C@H](O)c1ccc(Br)cc1,-35.3
2413841,OC[C@@H]1C[C@H]1C1=CC=CC=C1,OC[C@@H]1C[C@H]1c1ccccc1,-78.2
3202124,[H][C@@](O)(C1=CC=CC=C1)C1=CC=CC2=C1C=CC=C2,O[C@H](c1ccccc1)c1cccc2ccccc12,38.86
3202125,[H][C@](O)(C1=CC=CC=C1)C1=CC=CC2=C1C=CC=C2,O[C@@H](c1ccccc1)c1cccc2ccccc12,-41.78
5850049,C1CC[C@@H](NC1)C1=CC=CC=C1,c1ccc([C@H]2CCCCN2)cc1,30.4
5851445,O[C@@H](CCC1=CC=CC=C1)CN(=O)=O,O=[N+]([O-])C[C@@H](O)CCc1ccccc1,-4.1
9049997,O[C@H](CN(=O)=O)C1=CC=CC2=CC=CC=C12,O=[N+]([O-])C[C@@H](O)c1cccc2ccccc12,26.0
2038251,C[C@H]1CCC(=O)C1,C[C@H]1CCC(=O)C1,-10.8
2208227,OC[C@H]1C[C@@H]1C1=CC=CC=C1,OC[C@H]1C[C@@H]1c1ccccc1,69.3
19157465,O[C@H](CN(=O)=O)C1=CC=C(Br)C=C1,O=[N+]([O-])C[C@@H](O)c1ccc(Br)cc1,16.88
3138117,[H][C@@](CO)(CC1=CC=CC=C1)NCC1=CC=CC=C1,OC[C@H](Cc1ccccc1)NCc1ccccc1,-23.8
4254653,COC(=O)[C@@H](C)COCC1=CC=C(OC)C=C1,COC(=O)[C@@H](C)COCc1ccc(OC)cc1,-12.0
1720889,[H][C@](C)(CC)C(=O)OCC,CCOC(=O)[C@@H](C)CC,24.5
4783524,O[C@H](C1=CC=CC=C1)C1=CC2=CC=CC=C2C=C1,O[C@H](c1ccccc1)c1ccc2ccccc2c1,-9.9
10660724,O[C@H](CN(=O)=O)C1=CC=CC(=C1)N(=O)=O,O=[N+]([O-])C[C@@H](O)c1cccc([N+](=O)[O-])c1,30.8
1720989,[H][C@](C)(CC=C)C(O)=O,C=CC[C@H](C)C(=O)O,9.6
4246216,CCOC(=O)C[C@@H](C)O[Si](C)(C)C(C)(C)C,CCOC(=O)C[C@@H](C)O[Si](C)(C)C(C)(C)C,-25.5
5733597,[H][C@]12C[C@@H](CC[C@]1(C)CCC[C@]2(C)O)C(C)=C,C=C(C)[C@@H]1CC[C@]2(C)CCC[C@](C)(O)[C@H]2C1,11.9
3649445,O=C1CC[C@@H](O1)C1=CC=CC=C1,O=C1CC[C@H](c2ccccc2)O1,17.1
4229757,CCC[C@H]1O[C@@H]1CO,CCC[C@H]1O[C@@H]1CO,31.7
4232149,O[C@H](CCC1=CC=CC=C1)C1=CC=CC=C1,O[C@H](CCc1ccccc1)c1ccccc1,26.0
4782740,O[C@@H](\C=C\C1=CC=CC=C1)C1=CC=CC=C1,O[C@@H](/C=C/c1ccccc1)c1ccccc1,-9.91
8760997,C[C@H](O)C1=CC=CC(=C1)N(=O)=O,C[C@H](O)c1cccc([N+](=O)[O-])c1,-34.9
9049998,O[C@@H](CN(=O)=O)C1=CC=CC2=CC=CC=C12,O=[N+]([O-])C[C@H](O)c1cccc2ccccc12,-24.3
6684016,C1CC[C@H](NC1)C1=CC=CC=C1,c1ccc([C@@H]2CCCCN2)cc1,-27.2
3648625,O[C@H](CC=C)C1CCCCC1,C=CC[C@@H](O)C1CCCCC1,2.9
8547874,CC(C)(C)OC(=O)N1CCC[C@@H]1CC#N,CC(C)(C)OC(=O)N1CCC[C@@H]1CC#N,38.8
2413051,CC[S@@](=O)C1=CC=C(C)C=C1,CC[S@@](=O)c1ccc(C)cc1,145.0
5377724,CC[C@@H](NC(C)=O)C1=CC=CC=C1,CC[C@@H](NC(C)=O)c1ccccc1,120.4
4655366,CC[C@H]1CCC(=O)C1,CC[C@H]1CCC(=O)C1,-71.4
7920255,CC(C)(C)OC(=O)N1CCC[C@H]1CC=O,CC(C)(C)OC(=O)N1CCC[C@H]1CC=O,-13.0
3592912,CC(=O)OC[C@H]1O[C@H](CC=C)C=C[C@@H]1OC(C)=O,C=CC[C@@H]1C=C[C@H](OC(C)=O)[C@@H](COC(C)=O)O1,78.9
4241981,[H][C@@](O)(CO)C=C,C=C[C@H](O)CO,-123.9
7427636,OC[C@H](C=C)N1C(=O)C2=C(C=CC=C2)C1=O,C=C[C@@H](CO)N1C(=O)c2ccccc2C1=O,-72.2
9908298,O[C@H](CN(=O)=O)C1=CC2=C(C=CC=C2)C=C1,O=[N+]([O-])C[C@@H](O)c1ccc2ccccc2c1,20.6
8404950,CC[C@H]1CCCCC(=O)C1,CC[C@H]1CCCCC(=O)C1,-35.8
9908299,O[C@@H](CN(=O)=O)C1=CC2=C(C=CC=C2)C=C1,O=[N+]([O-])C[C@H](O)c1ccc2ccccc2c1,-28.3
9257184,COC1=CC=CC=C1[C@H](O)C1=CC=CC=C1,COc1ccccc1[C@H](O)c1ccccc1,47.84
10660725,O[C@@H](CN(=O)=O)C1=CC=CC(=C1)N(=O)=O,O=[N+]([O-])C[C@H](O)c1cccc([N+](=O)[O-])c1,-52.5
4752666,[H][C@@]12CCC(C)=C3C(=O)C=C(C)[C@]3([H])[C@@]1([H])OC(=O)C2=C,C=C1C(=O)O[C@@H]2[C@H]3C(C)=CC(=O)C3=C(C)CC[C@@H]12,48.98
8684015,O=C1CCCC[C@@H](C1)C1=CC=CC=C1,O=C1CCCC[C@H](c2ccccc2)C1,-10.0
9478898,CC1=C(C=CC=C1)[C@@H](O)CN(=O)=O,Cc1ccccc1[C@@H](O)C[N+](=O)[O-],-48.4
6998356,CC1=CC=C(C=C1)[C@@H](O)CC=C,C=CC[C@H](O)c1ccc(C)cc1,5.0
7022720,CC(C)[C@H]1COC(=N1)C1=CC=CC=C1,CC(C)[C@H]1COC(c2ccccc2)=N1,-61.1
3196449,OC(=O)[C@@H]1C[C@H]2C[C@@H]1C=C2,O=C(O)[C@@H]1C[C@@H]2C=C[C@H]1C2,134.0
5851446,O[C@H](CCC1=CC=CC=C1)CN(=O)=O,O=[N+]([O-])C[C@H](O)CCc1ccccc1,13.1
7091422,CC1=CC=CC=C1[C@H](O)CN(=O)=O,Cc1ccccc1[C@H](O)C[N+](=O)[O-],37.8
9326889,C[C@@H]1CNCCN1C1=C(Cl)N=CC=N1,C[C@@H]1CNCCN1c1nccnc1Cl,-43.0
10657104,O[C@H](CN(=O)=O)C1=CC=CC(Cl)=C1,O=[N+]([O-])C[C@@H](O)c1cccc(Cl)c1,37.1
4312818,COC1=C(C=CC=C1)[C@@H](O)C1=CC=CC=C1,COc1ccccc1[C@@H](O)c1ccccc1,-38.18
4667824,C[C@@H](OC(C)=O)\C=C\C1=CC=CC=C1,CC(=O)O[C@H](C)/C=C/c1ccccc1,123.84
4840961,CC1(C)OC2=CC=CC=C2[C@H]2O[C@@H]12,CC1(C)Oc2ccccc2[C@H]2O[C@H]21,20.0
5476433,CCOC(=O)C[C@H](C)N,CCOC(=O)C[C@H](C)N,10.2
14613045,ClC1=CC2=C(C=C1)[C@@H](CC2=O)C1=CC=CC=C1,O=C1C[C@@H](c2ccccc2)c2ccc(Cl)cc21,55.6
4349385,[H]O[C@@H](C)CCCC=C,C=CCCC[C@H](C)O,8.7
7425989,CC(C)(C)OC(=O)N[C@@H](CCC=C)C(O)=O,C=CCC[C@H](NC(=O)OC(C)(C)C)C(=O)O,-1.18
8263712,[H][C@]1(CCCCC1=O)[C@@H](CN(=O)=O)C1=CC=CS1,O=C1CCCC[C@H]1[C@@H](C[N+](=O)[O-])c1cccs1,-15.1
9050970,O[C@@H](C#CC1=CC=CC=C1)C1=CC=C(Cl)C=C1,O[C@@H](C#Cc1ccccc1)c1ccc(Cl)cc1,-10.1
4652613,OCC[C@@H]1CO1,OCC[C@@H]1CO1,33.2
5849031,CC(C)[C@H](O)CN(=O)=O,CC(C)[C@H](O)C[N+](=O)[O-],7.3
3118129,O[C@@H]1CCCC[C@H]1NC1=CC=CC=C1,O[C@@H]1CCCC[C@H]1Nc1ccccc1,-72.7
4349389,[H][C@]1(CO1)[C@]1([H])CO1,C1O[C@@H]1[C@@H]1CO1,28.2
6998355,CC1=CC=C(C=C1)[C@H](O)CC=C,C=CC[C@@H](O)c1ccc(C)cc1,45.7
10657105,O[C@@H](CN(=O)=O)C1=CC=CC(Cl)=C1,O=[N+]([O-])C[C@H](O)c1cccc(Cl)c1,-28.6
5478223,O[C@@H](CCC1=CC=CC=C1)C1=CC=CC=C1,O[C@@H](CCc1ccccc1)c1ccccc1,28.0
5734655,O[C@@H](CC=C)C1=C2C=CC=CC2=CC=C1,C=CC[C@H](O)c1cccc2ccccc12,82.1
5738462,O[C@@H](CC=C)C1=CC=C(C=C1)N(=O)=O,C=CC[C@H](O)c1ccc([N+](=O)[O-])cc1,-30.9
6998692,O[C@@H](C#N)C1=C(Cl)C=CC=C1,N#C[C@H](O)c1ccccc1Cl,3.42
9262886,COC1=CC=C(C=C1)[C@@H](O)C#CC1=CC=CC=C1,COc1ccc([C@@H](O)C#Cc2ccccc2)cc1,6.4
10152432,O[C@H](CN(=O)=O)C1=CC=CO1,O=[N+]([O-])C[C@@H](O)c1ccco1,-35.6
1723731,[H][C@@](O)(CCCCCCC)CC(=O)OC,CCCCCCC[C@@H](O)CC(=O)OC,-18.2
2416152,[H][C@](O)(C1=CC=CC=C1)[C@@]([H])(C)N(=O)=O,C[C@H]([C@@H](O)c1ccccc1)[N+](=O)[O-],12.54
5252266,COC1=CC2=C(C=C1)C=C(C=C2)[C@@H](C)O,COc1ccc2cc([C@@H](C)O)ccc2c1,5.0
9050969,O[C@H](C#CC1=CC=CC=C1)C1=CC=C(Cl)C=C1,O[C@H](C#Cc1ccccc1)c1ccc(Cl)cc1,-4.4
11134524,COC1=CC(=CC=C1)[C@H](O)CN(=O)=O,COc1cccc([C@H](O)C[N+](=O)[O-])c1,34.6
8408359,O[C@@H](CC=C)C1=CC2=CC=CC=C2C=C1,C=CC[C@H](O)c1ccc2ccccc2c1,-53.6
1719281,[H][C@@](CC)(CO)CCCC,CCCC[C@H](CC)CO,2.6
5849032,CC(C)[C@@H](O)CN(=O)=O,CC(C)[C@@H](O)C[N+](=O)[O-],-32.4
9042823,CC(C)C[C@H](O)CN(=O)=O,CC(C)C[C@H](O)C[N+](=O)[O-],-2.9
11134525,COC1=CC(=CC=C1)[C@@H](O)CN(=O)=O,COc1cccc([C@@H](O)C[N+](=O)[O-])c1,-35.7
5734654,O[C@H](CC=C)C1=C2C=CC=CC2=CC=C1,C=CC[C@@H](O)c1cccc2ccccc12,7.1
14318522,CC(C)[C@@H](N)C(=O)NC1=CC=CC=C1,CC(C)[C@@H](N)C(=O)Nc1ccccc1,82.5
1719282,[H][C@](CC)(CO)CCCC,CCCC[C@@H](CC)CO,-1.1
9479264,CC[C@@H]1CCC2=CC=CC=C2N1,CC[C@@H]1CCc2ccccc2N1,48.9
18610055,Cl.CC(C)C[C@H](N)B1OC(C)(C)C(C)(C)O1,CC(C)C[C@H](N)B1OC(C)(C)C(C)(C)O1.Cl,-7.4
3552683,O=C1C[C@@H](CC2=CC=C3OCOC3=C2)CO1,O=C1C[C@@H](Cc2ccc3c(c2)OCO3)CO1,46.8
4659557,O[C@@H](CC=C)C1=CC=CO1,C=CC[C@H](O)c1ccco1,23.11
9260114,CC1=CC=C(C=C1)[C@H](O)C#CC1=CC=CC=C1,Cc1ccc([C@H](O)C#Cc2ccccc2)cc1,-1.7
9262885,COC1=CC=C(C=C1)[C@H](O)C#CC1=CC=CC=C1,COc1ccc([C@H](O)C#Cc2ccccc2)cc1,-4.3
85171,[H][C@]1(COC(C)(C)O1)[C@]1([H])OC(C)(C)O[C@H]1C=O,CC1(C)O[C@@H]([C@@H]2COC(C)(C)O2)[C@H](C=O)O1,10.0
4652344,C[C@H](CO)C(C)(C)C,C[C@H](CO)C(C)(C)C,35.4
4839766,CCCCCCCC[C@@H](O)CO,CCCCCCCC[C@@H](O)CO,-0.31
5476257,C[C@@H](O)CCCC=C,C=CCCC[C@@H](C)O,38.3
7168553,COC1=CC=C2NC(=O)[C@]3(CCN(C)C3)C2=C1,COc1ccc2c(c1)[C@@]1(CCN(C)C1)C(=O)N2,58.0
9846405,O[C@H](CN(=O)=O)C1=C(Br)C=CC=C1,O=[N+]([O-])C[C@@H](O)c1ccccc1Br,27.11
28901684,CC(=O)OC[C@@H]1CCCO1,CC(=O)OC[C@@H]1CCCO1,24.0
6176366,O[C@H](C1=CC2=CC=CC=C2C=C1)C(F)(F)F,O[C@H](c1ccc2ccccc2c1)C(F)(F)F,-24.7
14318500,CC(C)[C@@H](N)C(=O)NCCC1=CC=CC=C1,CC(C)[C@@H](N)C(=O)NCCc1ccccc1,32.9
4229970,[H][C@@]12CCCN1[C@H](CCC)CCC2,CCC[C@@H]1CCC[C@@H]2CCCN21,-110.0
4351371,O[C@@H](C1=CC=CO1)C1=CC=CC=C1,O[C@H](c1ccccc1)c1ccco1,6.23
4652503,CCCCCC[C@@H](C)CO,CCCCCC[C@@H](C)CO,8.2
8682333,COC1=CC(=CC=C1)[C@H](O)C1=CC=CC=C1,COc1cccc([C@H](O)c2ccccc2)c1,-15.23
9042806,CC(C)(C)[C@H](O)CN(=O)=O,CC(C)(C)[C@H](O)C[N+](=O)[O-],18.6
10152433,O[C@@H](CN(=O)=O)C1=CC=CO1,O=[N+]([O-])C[C@H](O)c1ccco1,-34.9
20816290,CC(C)(C=O)[C@H]1CC(=O)N(C1=O)C1=CC=CC=C1,CC(C)(C=O)[C@H]1CC(=O)N(c2ccccc2)C1=O,6.2
1719329,[H][C@@](C)(Cl)CCCCCC,CCCCCC[C@H](C)Cl,33.0
5239672,CCCCC[C@H](O)CC=C,C=CC[C@@H](O)CCCCC,8.0
8410230,C[C@@H]([C@@H](O)C1=CC=CC=C1)N1CCCC1,C[C@@H]([C@@H](O)c1ccccc1)N1CCCC1,22.8
9846406,O[C@@H](CN(=O)=O)C1=C(Br)C=CC=C1,O=[N+]([O-])C[C@H](O)c1ccccc1Br,-44.1
11134526,CC1=CC(=CC=C1)[C@H](O)CN(=O)=O,Cc1cccc([C@H](O)C[N+](=O)[O-])c1,21.3
4660477,COC(=O)CC[C@H]1CO1,COC(=O)CC[C@H]1CO1,-17.1
5266605,[H][C@@](N)(CC1=CC=C2C=CC=CC2=C1)C(=O)OC,COC(=O)[C@H](N)Cc1ccc2ccccc2c1,53.0
7687570,C[C@@H](NC(C)=O)C1=CC=C2C=CC=CC2=C1,CC(=O)N[C@H](C)c1ccc2ccccc2c1,149.9
1624200,[H][C@@]12[C@H]3OC(=O)[C@@H](C)[C@@H]3CCC(C)=C1C(=O)C=C2C,CC1=CC(=O)C2=C(C)CC[C@@H]3[C@H](OC(=O)[C@H]3C)[C@@H]12,61.7
4350901,OCC[C@@H](CO)C1=CC=CC=C1,OCC[C@@H](CO)c1ccccc1,-11.7
4652825,CC#C[C@H](C)O,CC#C[C@H](C)O,-29.1
4799288,CC(C)C[C@@H](O)C1=CC=CC=C1,CC(C)C[C@@H](O)c1ccccc1,45.0
5008943,COC(=O)[C@@H](C)NC1=C(C)C=CC=C1C,COC(=O)[C@@H](C)Nc1c(C)cccc1C,18.8
5514418,C[C@H](NC(C)=O)C1=CC2=CC=CC=C2C=C1,CC(=O)N[C@@H](C)c1ccc2ccccc2c1,-116.0
5862068,C[C@@]1(CO)O[C@H]1C1=CC=CC=C1,C[C@@]1(CO)O[C@H]1c1ccccc1,9.4
5478400,O[C@H](C1=CC=CC=C1)C1=CC=CC=C1F,O[C@H](c1ccccc1)c1ccccc1F,-9.82
5851236,[H][C@](O)(CC(C)C)C(=O)OCC1=CC=CC=C1,CC(C)C[C@H](O)C(=O)OCc1ccccc1,-18.4
6174522,CCCCCCC[C@@H](O)CC=C,C=CC[C@H](O)CCCCCCC,6.6
7334307,ClC[C@@H]1CNC(=O)O1,O=C1NC[C@@H](CCl)O1,12.5
9902158,O[C@H](CN(=O)=O)\C=C\C1=CC=CC=C1,O=[N+]([O-])C[C@@H](O)/C=C/c1ccccc1,3.9
9042822,CC(C)C[C@@H](O)CN(=O)=O,CC(C)C[C@@H](O)C[N+](=O)[O-],-2.62
9902159,O[C@@H](CN(=O)=O)\C=C\C1=CC=CC=C1,O=[N+]([O-])C[C@H](O)/C=C/c1ccccc1,-16.2
10530893,C[C@@H]([C@@H](O)C1=CC=CC=C1)N(=O)=O,C[C@@H]([C@@H](O)c1ccccc1)[N+](=O)[O-],47.2
11081893,C[C@H]1CC2=C(O1)C=CC=C2,C[C@H]1Cc2ccccc2O1,-11.8
11134527,CC1=CC(=CC=C1)[C@@H](O)CN(=O)=O,Cc1cccc([C@@H](O)C[N+](=O)[O-])c1,-37.4
7209353,O[C@H](C1=CC=CC=C1)C1=CC=C(C=C1)C(F)(F)F,O[C@H](c1ccccc1)c1ccc(C(F)(F)F)cc1,-26.3
9052382,COC1=CC(=CC=C1)[C@@H](O)C#CC1=CC=CC=C1,COc1cccc([C@@H](O)C#Cc2ccccc2)c1,1.4
4667573,COC(=O)[C@@H](O)CC1CCCCC1,COC(=O)[C@@H](O)CC1CCCCC1,0.3
5861095,O[C@@H](CC=C)C1=CC=CS1,C=CC[C@H](O)c1cccs1,19.4
7073421,CC1=CC=CC=C1[C@H](O)CC=C,C=CC[C@@H](O)c1ccccc1C,61.7
9050971,O[C@@H](C#CC1=CC=CC=C1)C1=CC=C(F)C=C1,O[C@@H](C#Cc1ccccc1)c1ccc(F)cc1,7.0
10065683,C[C@@H]1O[C@@H](OC(=O)OC(C)(C)C)C=CC1=O,C[C@@H]1O[C@@H](OC(=O)OC(C)(C)C)C=CC1=O,98.0
10655167,O[C@H](CN(=O)=O)C1=CC=CS1,O=[N+]([O-])C[C@@H](O)c1cccs1,17.6
2937193,[H][C@]1(CC(C)=O)[C@@]([H])(CC(=O)OC)C1(C)C,COC(=O)C[C@@H]1[C@H](CC(C)=O)C1(C)C,-21.7
4377004,CN1CCC[C@H]1CC(O)=O,CN1CCC[C@H]1CC(=O)O,-45.0
5734179,COC1=C(C=CC=C1)[C@H](O)CC=C,C=CC[C@@H](O)c1ccccc1OC,42.0
9257879,O[C@H](C1=CC=CC=C1)C1=CC=CC(Cl)=C1,O[C@H](c1ccccc1)c1cccc(Cl)c1,-29.36
9328192,O[C@H](C#CC1=CC=CC=C1)C1=CC=C(F)C=C1,O[C@H](C#Cc1ccccc1)c1ccc(F)cc1,-3.4
9902479,CC1=CC(=CC=C1)[C@H](O)C1=CC=CC=C1,Cc1cccc([C@H](O)c2ccccc2)c1,2.63
10430490,C[C@](O)(C1=CC=CC=C1)C1=CC=C(Cl)C=C1,C[C@](O)(c1ccccc1)c1ccc(Cl)cc1,-10.15
18911902,COC1=CC=C(C=N[S@@](=O)C(C)(C)C)C=C1,COc1ccc(C=N[S@@](=O)C(C)(C)C)cc1,45.4
2408992,[H][C@@](N)(C#N)C(C)C,CC(C)[C@H](N)C#N,-8.3
2693607,[H][C@@](C)(CCCCCC)OC(=O)C1=CC=CC=C1,CCCCCC[C@@H](C)OC(=O)c1ccccc1,-33.1
4800623,NC[C@@H]1CCCN1CC1=CC=CC=C1,NC[C@@H]1CCCN1Cc1ccccc1,-54.0
6174521,CCCCCCC[C@H](O)CC=C,C=CC[C@@H](O)CCCCCCC,-7.6
7578901,CC(C)(C)[Si](C)(C)OC[C@H](N)C=C,C=C[C@@H](N)CO[Si](C)(C)C(C)(C)C,22.8
8975262,C[C@H](OC(C)=O)\C=C/C(O)=O,CC(=O)O[C@@H](C)/C=C\C(=O)O,18.1
9051880,COC1=CC=CC=C1[C@@H](O)C#CC1=CC=CC=C1,COc1ccccc1[C@@H](O)C#Cc1ccccc1,-4.7
9485495,O[C@@H](CN(=O)=O)C1=CC=C(C=C1)C1=CC=CC=C1,O=[N+]([O-])C[C@H](O)c1ccc(-c2ccccc2)cc1,-33.6
10153651,CCCCC[C@@H](O)CN(=O)=O,CCCCC[C@@H](O)C[N+](=O)[O-],-10.0
10250340,C[C@H]1COC(=N1)C(C)(C)C1=N[C@@H](C)CO1,C[C@H]1COC(C(C)(C)C2=N[C@@H](C)CO2)=N1,-119.0
20687792,CC(=O)C[C@@H]1CCCN1C(=O)OC(C)(C)C,CC(=O)C[C@@H]1CCCN1C(=O)OC(C)(C)C,-36.5
2615578,[H][C@](C)(CC(=O)CC(C)C)C1=CC=C(C)C=C1,Cc1ccc([C@@H](C)CC(=O)CC(C)C)cc1,30.3
7208064,O=C(NC1=C2C=CC=CC2=CC=C1)[C@@H]1CCCN1,O=C(Nc1cccc2ccccc12)[C@@H]1CCCN1,-14.6
7249679,CC1=CC=CC(=C1)[C@@H](O)C1=CC=CC=C1,Cc1cccc([C@@H](O)c2ccccc2)c1,14.12
9387688,O[C@H](CC=C)C1=CC=CC=C1Cl,C=CC[C@@H](O)c1ccccc1Cl,69.6
10170049,[H][C@]12CCCN1CCC1=CC(OC)=C(OC)C=C21,COc1cc2c(cc1OC)[C@H]1CCCN1CC2,90.4
10249933,O[C@@H](CN(=O)=O)C1=CC=C(C=C1)C#N,N#Cc1ccc([C@@H](O)C[N+](=O)[O-])cc1,-17.1
11100876,O[C@@H](CN(=O)=O)C1=CC=C(C=C1)C(F)(F)F,O=[N+]([O-])C[C@H](O)c1ccc(C(F)(F)F)cc1,-35.6
19474582,C[C@H](CCC=C(C)C)[C@]12C[C@H]1C(C)=CC2,CC(C)=CCC[C@@H](C)[C@@]12CC=C(C)[C@@H]1C2,31.2
20265313,ClC1=CC=C(C=C1)[C@@H]1CCCN1,Clc1ccc([C@@H]2CCCN2)cc1,-40.9
4230303,[H][C@@]12CCCN1[C@H](CCCCCC)CCC2,CCCCCC[C@@H]1CCC[C@@H]2CCCN12,-77.8
9042807,CC(C)(C)[C@@H](O)CN(=O)=O,CC(C)(C)[C@@H](O)C[N+](=O)[O-],-26.9
9477270,CCCC[C@@H](O)CN(=O)=O,CCCC[C@@H](O)C[N+](=O)[O-],-8.4
9846414,O[C@@H](CN(=O)=O)C1=C(F)C=CC=C1,O=[N+]([O-])C[C@H](O)c1ccccc1F,-45.3
10153652,CCCCC[C@H](O)CN(=O)=O,CCCCC[C@H](O)C[N+](=O)[O-],2.3
10655168,O[C@@H](CN(=O)=O)C1=CC=CS1,O=[N+]([O-])C[C@H](O)c1cccs1,-35.9
81750,[H][C@](C)(O)[C@@]1([H])O[C@]2([H])OC(C)(C)O[C@]2([H])[C@H]1O,C[C@@H](O)[C@H]1O[C@@H]2OC(C)(C)O[C@@H]2[C@H]1O,-10.43
84655,COC(=O)[C@@H]1C[C@@H](O)CN1C(C)=O,COC(=O)[C@@H]1C[C@@H](O)CN1C(C)=O,-89.9
4369137,C[C@H](CCC=C(C)C)C(=C)C=O,C=C(C=O)[C@H](C)CCC=C(C)C,5.3
5735455,[H][C@@](O)(C1=CC=C(C)C=C1)C(F)(F)F,Cc1ccc([C@@H](O)C(F)(F)F)cc1,-12.7
7905435,[H][C@]12C[C@@]1(C(=O)OCC)C(=O)OC2,CCOC(=O)[C@@]12C[C@@H]1COC2=O,134.81
8403058,O[C@H](CC=C)C1=CC=CS1,C=CC[C@@H](O)c1cccs1,38.0
9050080,COC1=CC=C(C=C1OC)[C@H](O)CN(=O)=O,COc1ccc([C@H](O)C[N+](=O)[O-])cc1OC,15.1
9050081,COC1=CC=C(C=C1OC)[C@@H](O)CN(=O)=O,COc1ccc([C@@H](O)C[N+](=O)[O-])cc1OC,-28.0
11088542,[H][C@@]12CS[C@@H](OC(C)=O)[C@]1([H])OC(C)(C)O2,CC(=O)O[C@@H]1SC[C@H]2OC(C)(C)O[C@@H]12,-258.15
19008884,C[C@H]([C@@H](O)C1=CC=C(C=C1)N(=O)=O)N(=O)=O,C[C@H]([C@@H](O)c1ccc([N+](=O)[O-])cc1)[N+](=O)[O-],-0.37
5734180,COC1=C(C=CC=C1)[C@@H](O)CC=C,C=CC[C@H](O)c1ccccc1OC,44.6
6056823,FC1=CC=C(C=C1)[C@H]1CCC(=O)O1,O=C1CC[C@H](c2ccc(F)cc2)O1,13.8
6845112,COC1=CC=C(C=C1)[C@H]1CCC(=O)C1,COc1ccc([C@H]2CCC(=O)C2)cc1,-14.0
7620731,CC[C@@H]1CC(=O)CCC1(C)C,CC[C@@H]1CC(=O)CCC1(C)C,-16.6
8312953,O[C@H](COC1=CC=CC=C1)C1=CC=CC=C1,O[C@H](COc1ccccc1)c1ccccc1,35.4
9846157,C[C@@]1(CC=C)CCCCC1=O,C=CC[C@]1(C)CCCCC1=O,-9.2
10424260,CNC[C@@H](O)C1=NC=CC=C1,CNC[C@@H](O)c1ccccn1,49.0
10531866,COC1=CC(=CC=C1)[C@H](O)CC=C,C=CC[C@@H](O)c1cccc(OC)c1,48.0
20265314,ClC1=CC=C(C=C1)[C@H]1CCCN1,Clc1ccc([C@H]2CCCN2)cc1,41.1
4177659,[H][C@@]12C=CC(=O)[C@]1([H])[C@H]1C[C@@H]2C=C1,O=C1C=C[C@@H]2[C@H]1[C@@H]1C=C[C@H]2C1,-124.6
7073422,CC1=CC=CC=C1[C@@H](O)CC=C,C=CC[C@H](O)c1ccccc1C,-72.3
7462244,CC[C@H](CO)CC1=CC=CC=C1,CC[C@H](CO)Cc1ccccc1,1.1
8110342,C[C@H](O[Si](C)(C)C(C)(C)C)[C@H](O)C=C,C=C[C@@H](O)[C@H](C)O[Si](C)(C)C(C)(C)C,19.6
9846413,O[C@H](CN(=O)=O)C1=C(F)C=CC=C1,O=[N+]([O-])C[C@@H](O)c1ccccc1F,32.7
9918900,[H][C@]12C[C@@]1(C(=O)OCC)[C@@]1([H])OC(C)(C)O[C@@]1([H])[C@H]2O,CCOC(=O)[C@@]12C[C@@H]1[C@H](O)[C@@H]1OC(C)(C)O[C@@H]12,124.0
10248024,CN1CCC[C@H]1C1=CN=C(Br)C=C1,CN1CCC[C@H]1c1ccc(Br)nc1,-135.0
10249932,O[C@H](CN(=O)=O)C1=CC=C(C=C1)C#N,N#Cc1ccc([C@H](O)C[N+](=O)[O-])cc1,42.4
2802804,[H][C@@](CO)(CC1=CC=CC=C1)N(C)C,CN(C)[C@H](CO)Cc1ccccc1,-17.0
4781304,C[C@H]1CCCCC(=O)C1,C[C@H]1CCCCC(=O)C1,-4.0
5907057,CCOC(=O)[C@@]1(CC=C)CCCCC1=O,C=CC[C@]1(C(=O)OCC)CCCCC1=O,111.2
8615422,O=C1CCC[C@H](CN(=O)=O)C1,O=C1CCC[C@H](C[N+](=O)[O-])C1,-7.4
9263527,CCOC(=O)C[C@@H]1COC2=CC=CC=C2C1=O,CCOC(=O)C[C@@H]1COc2ccccc2C1=O,-11.4
10065682,C[C@@H]1O[C@H](OC(=O)OC(C)(C)C)C=CC1=O,C[C@@H]1O[C@H](OC(=O)OC(C)(C)C)C=CC1=O,-35.0
11100875,O[C@H](CN(=O)=O)C1=CC=C(C=C1)C(F)(F)F,O=[N+]([O-])C[C@@H](O)c1ccc(C(F)(F)F)cc1,28.0
11159986,COC1=CC(=CC=C1)[C@@H](O)CC=C,C=CC[C@H](O)c1cccc(OC)c1,44.6
19769156,O[C@@H](CN(=O)=O)C1=CC=CC(Br)=C1,O=[N+]([O-])C[C@H](O)c1cccc(Br)c1,-33.6
4235094,COC(=O)[C@H](O)CC1=CC=C(OC)C(OC)=C1,COC(=O)[C@H](O)Cc1ccc(OC)c(OC)c1,10.1
4349390,[H][C@@]1(CO1)[C@@]1([H])CO1,C1O[C@H]1[C@H]1CO1,-26.8
4677104,CCOC(=O)[C@@H](C)OC1=CC=CC=C1,CCOC(=O)[C@@H](C)Oc1ccccc1,35.3
4681027,OC[C@@]1(O[C@H]1C1=CC=CC=C1)C1=CC=CC=C1,OC[C@]1(c2ccccc2)O[C@H]1c1ccccc1,-65.2
4781977,CCCC[S@@](=O)C1=CC=CC=C1,CCCC[S@@](=O)c1ccccc1,150.0
6059286,C[C@H](NC(=O)[C@@H]1CCCN1)C1=CC=CC=C1,C[C@H](NC(=O)[C@@H]1CCCN1)c1ccccc1,-91.8
6890340,CCCCC[C@H](OC(C)=O)C=C,C=C[C@H](CCCCC)OC(C)=O,-15.1
8137861,[H][C@@]12CN(=O)=C[C@]1([H])OC(C)(C)O2,CC1(C)O[C@H]2C=[N+]([O-])C[C@H]2O1,-25.9
8548156,[H][C@@]12NC3=CC=CC=C3[C@]1(O)CCO2,O[C@@]12CCO[C@@H]1Nc1ccccc12,-111.0
10253051,CN1C2=C(C=CC=C2)[C@@](C)(C1=O)C1=CC=CC=C1,CN1C(=O)[C@@](C)(c2ccccc2)c2ccccc21,-75.0
10531394,OC[C@H]1O[C@@H]1C1=CC=C(Cl)C=C1,OC[C@H]1O[C@@H]1c1ccc(Cl)cc1,-38.5
10534520,C[C@H]1O[C@H](OC(=O)OC(C)(C)C)C=CC1=O,C[C@H]1O[C@H](OC(=O)OC(C)(C)C)C=CC1=O,-97.0
15630896,C[C@@H](N)C1=CC=C(Br)C=N1,C[C@@H](N)c1ccc(Br)cn1,13.7
21647698,CCOC(=O)[C@@H]1[C@H](C)N1[S@@](=O)C(C)(C)C,CCOC(=O)[C@@H]1[C@H](C)N1[S@@](=O)C(C)(C)C,32.0
2416728,[H][C@](O)(C1=CC=C(Cl)C=C1)[C@@]([H])(C)N(=O)=O,C[C@H]([C@@H](O)c1ccc(Cl)cc1)[N+](=O)[O-],3.7
2555977,O[C@H]1CCCC[C@@H]1SC1=CC=CC=C1,O[C@H]1CCCC[C@@H]1Sc1ccccc1,61.0
3196267,CC1(C)[C@@H]2CC[C@@]1(C)[C@@](O)(CC=C)C2,C=CC[C@@]1(O)C[C@H]2CC[C@]1(C)C2(C)C,9.6
3588145,CC1(C)OC[C@@H](O1)[C@@H]1O[C@H]1CO,CC1(C)OC[C@H]([C@@H]2O[C@H]2CO)O1,-19.5
7023076,C[C@H](CC1=CC=CC=C1)C(=O)C1=CC=CC=C1,C[C@H](Cc1ccccc1)C(=O)c1ccccc1,-89.5
8619969,CC(C)(C)[Si](C)(C)OC[C@H](O)C1=CC=CO1,CC(C)(C)[Si](C)(C)OC[C@H](O)c1ccco1,-15.4
10534521,C[C@H]1O[C@@H](OC(=O)OC(C)(C)C)C=CC1=O,C[C@H]1O[C@@H](OC(=O)OC(C)(C)C)C=CC1=O,-98.0
1723418,[H][C@](O)(CCCCCCC)CC(O)=O,CCCCCCC[C@H](O)CC(=O)O,16.5
4666413,CCCC[S@@](=O)C1=CC=C(C)C=C1,CCCC[S@@](=O)c1ccc(C)cc1,94.0
4905166,COC(=O)\C=C/[C@@H]1COC(C)(C)O1,COC(=O)/C=C\[C@@H]1COC(C)(C)O1,-46.4
7756358,C[C@H]1C[C@H](O)[C@@H](C)C[C@@H]1O,C[C@H]1C[C@H](O)[C@@H](C)C[C@@H]1O,32.7
9323102,CC[C@H]([C@@H](O)C1=CC=CC=C1)N(=O)=O,CC[C@H]([C@@H](O)c1ccccc1)[N+](=O)[O-],-9.7
13501777,C[C@@H](O)C1=CC(F)=C(F)C=C1,C[C@@H](O)c1ccc(F)c(F)c1,27.4
18628308,COC1=CC=C(C=C1)[C@H](O)[C@@H](C)N(=O)=O,COc1ccc([C@H](O)[C@@H](C)[N+](=O)[O-])cc1,-3.6
26763671,C[C@H]1CC2=C(O1)C=CC(C)=C2,Cc1ccc2c(c1)C[C@H](C)O2,-14.8
1621057,O=C1C[C@@H](C2=CC=CC=C2)C2=CC=CC=C2O1,O=C1C[C@@H](c2ccccc2)c2ccccc2O1,55.7
2049261,[H][C@]1(CC(=O)C2=CC=CC=C12)C1=CC=CC=C1,O=C1C[C@@H](c2ccccc2)c2ccccc21,64.9
4652882,[H][C@]1(CC)O[C@@]1([H])CO,CC[C@H]1O[C@H]1CO,13.0
5434174,OC[C@@H]1O[C@H]1C1=CC=C(C=C1)N(=O)=O,O=[N+]([O-])c1ccc([C@@H]2O[C@H]2CO)cc1,-28.2
6270648,CC(C)[C@H](O)CC(=O)C1=CC=CC=C1,CC(C)[C@H](O)CC(=O)c1ccccc1,6.3
9846497,COC1=C(OC)C=C(C[C@H](C)O)C=C1,COc1ccc(C[C@H](C)O)cc1OC,26.4
9848430,O[C@H](CN(=O)=O)C1=CC=C(Cl)C=C1Cl,O=[N+]([O-])C[C@@H](O)c1ccc(Cl)cc1Cl,36.7
13167772,O[C@@H]1COC[C@H]1Br,O[C@@H]1COC[C@H]1Br,-27.6
21699413,CC(=O)C1=C(C)OC(=O)C[C@@H]1C1=CC=CC=C1,CC(=O)C1=C(C)OC(=O)C[C@@H]1c1ccccc1,-89.1
2418567,[H][C@](O)(C1=C(OC)C=CC=C1)[C@@]([H])(C)N(=O)=O,COc1ccccc1[C@H](O)[C@@H](C)[N+](=O)[O-],0.9
3649226,CC(C)CC1=CC=C(C=C1)[C@H](C)O,CC(C)Cc1ccc([C@H](C)O)cc1,-27.6
4350366,CCCCCCC[C@H](O)CC(=O)OC,CCCCCCC[C@H](O)CC(=O)OC,17.7
5849930,CC1=C(C=CC=C1)[C@@H](O)C#N,Cc1ccccc1[C@@H](O)C#N,26.6
6798149,C[C@@H](O)C1=C(O)C=CC=C1,C[C@@H](O)c1ccccc1O,20.5
6845934,C1CCC2(CC1)OC1=C(C=CC=C1)[C@H]1O[C@@H]21,c1ccc2c(c1)OC1(CCCCC1)[C@@H]1O[C@H]21,12.0
7036041,COC(=O)[C@]12CO[C@@H](N1C(=O)CC2=O)C(C)(C)C,COC(=O)[C@]12CO[C@H](C(C)(C)C)N1C(=O)CC2=O,111.3
7975127,[H][C@]12OC(C)(C)O[C@@]1([H])C(=O)O[C@H]2CN=N#N,CC1(C)O[C@@H]2[C@H](CN=[N+]=[N-])OC(=O)[C@@H]2O1,-74.0
8256986,COC1=C(OC)C=C(C=C1)[C@H](C)C(O)=O,COc1ccc([C@H](C)C(=O)O)cc1OC,70.0
8689360,CSC1=NC[C@]2(S1)C(=O)NC1=C2C=CC=C1,CSC1=NC[C@]2(S1)C(=O)Nc1ccccc12,-135.5
9903047,O[C@H](CC=C)C1=CC=C(C=C1)C#N,C=CC[C@@H](O)c1ccc(C#N)cc1,17.7
10430489,C[C@@](O)(C1=CC=CC=C1)C1=CC=C(Cl)C=C1,C[C@@](O)(c1ccccc1)c1ccc(Cl)cc1,-10.15
11044588,COC(=O)[C@@H]1CC(=C)C(=O)N1C(=O)OC(C)(C)C,C=C1C[C@@H](C(=O)OC)N(C(=O)OC(C)(C)C)C1=O,-17.5
19008887,CC[C@@H]([C@@H](O)C1=CC=C(OC)C=C1)N(=O)=O,CC[C@@H]([C@@H](O)c1ccc(OC)cc1)[N+](=O)[O-],45.8
21761251,O[C@H](CN(=O)=O)C1=CC=CC(F)=C1,O=[N+]([O-])C[C@@H](O)c1cccc(F)c1,31.1
1934136,[H][C@](C)(C(O)=O)[C@]([H])(O)CCCCCC,CCCCCC[C@@H](O)[C@@H](C)C(=O)O,5.0
3538362,C[C@@H](CCO)CC\C=C(/C)CCC=C(C)C,CC(C)=CCC/C(C)=C/CC[C@@H](C)CCO,-26.4
5861487,O[C@@H](CC=C)C1=NC=CC=C1,C=CC[C@H](O)c1ccccn1,-42.9
6274499,O[C@H](C1=CC=CC=C1)C1=CC=C(C=C1)N(=O)=O,O=[N+]([O-])c1ccc([C@H](O)c2ccccc2)cc1,-57.02
8406546,O[C@@H](CCl)C1=CC=C(Cl)C(Cl)=C1,O[C@@H](CCl)c1ccc(Cl)c(Cl)c1,-32.7
8904326,CC(C)[C@@H]1CN1S(=O)(=O)C1=CC=C(C)C=C1,Cc1ccc(S(=O)(=O)N2C[C@H]2C(C)C)cc1,-6.7
9901371,O[C@@H](CC=C)C1=CC(Cl)=CC=C1,C=CC[C@H](O)c1cccc(Cl)c1,46.2
10163381,CN1CCC[C@H]1C1=CN=CC=C1[Si](C)(C)C,CN1CCC[C@H]1c1cnccc1[Si](C)(C)C,-124.1
11287958,C[C@@H]([C@@H](O)C1=CC=C(Cl)C=C1)N(=O)=O,C[C@@H]([C@@H](O)c1ccc(Cl)cc1)[N+](=O)[O-],33.1
15822300,O=N(=O)C[C@@H](C1=CC=CN1)C1=CC=CC=C1,O=[N+]([O-])C[C@H](c1ccccc1)c1ccc[nH]1,24.47
19669725,FC1=CC=C(C=C1)[C@@H]1CCCCN1,Fc1ccc([C@@H]2CCCCN2)cc1,-45.1
21726158,C\C(CC[C@@H]1C[C@H](O)CC(=O)O1)=C/C=C,C=C/C=C(\C)CC[C@@H]1C[C@H](O)CC(=O)O1,22.6
22922795,O[C@@H](CN(=O)=O)C1=CC(F)=CC=C1,O=[N+]([O-])C[C@H](O)c1cccc(F)c1,-40.0
3603779,[H][C@@](Cl)(CO)CC1=CC=CC=C1,OC[C@@H](Cl)Cc1ccccc1,-18.2
4349780,OC[C@@H]1O[C@H]1C=C,C=C[C@@H]1O[C@H]1CO,-19.8
7112043,C[C@H]([C@@H](O)C1=CC=CC=C1C)N(=O)=O,Cc1ccccc1[C@H](O)[C@@H](C)[N+](=O)[O-],-9.7
7756995,C[C@H](O)C1=CC=CC=C1O,C[C@H](O)c1ccccc1O,-23.9
8760827,C[C@@H](O)CCCCC=C,C=CCCCC[C@@H](C)O,7.1
8766377,C[C@@](O)(CC=C)C1=CC2=C(C=CC=C2)C=C1,C=CC[C@@](C)(O)c1ccc2ccccc2c1,43.1
8975684,C[C@@H](O)C1=CC(F)=CC(F)=C1,C[C@@H](O)c1cc(F)cc(F)c1,34.8
9324676,O[C@H](C#CC1=CC=CC=C1)C1=CC=CO1,O[C@H](C#Cc1ccccc1)c1ccco1,-1.9
9757343,CCC[C@@H](O)CN(=O)=O,CCC[C@@H](O)C[N+](=O)[O-],-9.04
9900844,CC1=CC=CC(=C1)[C@H](O)CC=C,C=CC[C@@H](O)c1cccc(C)c1,43.9
18394956,[H][C@@]1(COC(C)(C)O1)[C@@H](O)[C@@](C)(F)C(=O)OCC,CCOC(=O)[C@](C)(F)[C@H](O)[C@H]1COC(C)(C)O1,16.7
19008883,C[C@@H]([C@@H](O)C1=CC=C(C=C1)N(=O)=O)N(=O)=O,C[C@@H]([C@@H](O)c1ccc([N+](=O)[O-])cc1)[N+](=O)[O-],19.6
2331265,O[C@@H]1[C@@H](CCC2=C1C=CC=C2)C1=CC=CC=C1,O[C@H]1c2ccccc2CC[C@H]1c1ccccc1,162.0
3126437,CC1(C)[C@@H]2CC[C@@]1(C)[C@@](O)(CC#C)C2,C#CC[C@@]1(O)C[C@H]2CC[C@]1(C)C2(C)C,-3.6
3601189,OC[C@@H]1O[C@H]1C1CCCCC1,OC[C@@H]1O[C@H]1C1CCCCC1,-42.0
4352318,O[C@H](C1=CC=CC2=CC=CC=C12)C(F)(F)F,O[C@H](c1cccc2ccccc12)C(F)(F)F,-14.6
5253149,CC1=CC=C(C=C1)[C@H]1CCC(=O)C1,Cc1ccc([C@H]2CCC(=O)C2)cc1,-80.2
7464340,C[C@H]([C@@H](O)CCC1=CC=CC=C1)N(=O)=O,C[C@H]([C@@H](O)CCc1ccccc1)[N+](=O)[O-],-16.1
8318351,C[C@]1(CC=C)CCC2=CC=CC=C2C1=O,C=CC[C@@]1(C)CCc2ccccc2C1=O,26.6
8899571,C1CO[C@H](C1)C1=CC=CC=C1,c1ccc([C@H]2CCCO2)cc1,27.1
9324677,O[C@@H](C#CC1=CC=CC=C1)C1=CC=CO1,O[C@@H](C#Cc1ccccc1)c1ccco1,36.5
9327428,O=C1CC[C@@H](O1)C1=CC=C2C=CC=CC2=C1,O=C1CC[C@H](c2ccc3ccccc3c2)O1,14.9
9695956,O[C@@H](C1=CC=CC=C1)C1=CC=CN=C1,O[C@@H](c1ccccc1)c1cccnc1,-3.64
10337340,CCCCCC[C@@H](O)CN(=O)=O,CCCCCC[C@@H](O)C[N+](=O)[O-],-11.8
23740474,CC(=O)OCC[C@@]1(C)C=CCC1(C)C,CC(=O)OCC[C@@]1(C)C=CCC1(C)C,27.8
84221,COC1=C(OC)C=C2[C@H](C)N(C)CCC2=C1,COc1cc2c(cc1OC)[C@H](C)N(C)CC2,-27.5
1345025,[H][C@]12CCCC[C@@]1([H])NC1=C(C2)C=CC=C1,c1ccc2c(c1)C[C@H]1CCCC[C@H]1N2,26.6
1361916,CCCC[C@H]1O[C@@H]1CCCC,CCCC[C@H]1O[C@@H]1CCCC,26.7
1680160,[H][C@@]12CC[C@H](CCCC)N1[C@H](C)CCC2,CCCC[C@H]1CC[C@H]2CCC[C@@H](C)N21,-35.5
2047702,C[C@@H]1CCC2=C(C=CC=C2)[C@@H]1O,C[C@@H]1CCc2ccccc2[C@@H]1O,65.83
2693608,[H][C@](C)(CCCCCC)OC(=O)C1=CC=CC=C1,CCCCCC[C@H](C)OC(=O)c1ccccc1,32.9
3648959,O[C@@H]1CC=CC2=CC=CC=C12,O[C@@H]1CC=Cc2ccccc21,30.96
4291466,C=CC[S@](=O)C1=CC=CC=C1,C=CC[S@](=O)c1ccccc1,-197.0
4350013,C[C@@H](CCCC#C)O[Si](C)(C)C(C)(C)C,C#CCCC[C@H](C)O[Si](C)(C)C(C)(C)C,13.8
5270768,COC(=O)C[C@H](C)C1=CNC2=C1C=CC=C2,COC(=O)C[C@H](C)c1c[nH]c2ccccc12,3.5
5491717,COC[C@@H]1C[C@H](CN1)OC,COC[C@@H]1C[C@@H](OC)CN1,17.2
5738147,COC1=CC=C(C=C1)[C@@H](O)C(F)(F)F,COc1ccc([C@@H](O)C(F)(F)F)cc1,-13.6
7464339,C[C@@H]([C@@H](O)CCC1=CC=CC=C1)N(=O)=O,C[C@@H]([C@@H](O)CCc1ccccc1)[N+](=O)[O-],-19.5
7533045,COC(=O)[C@@H](NC1=CC=CC=C1)C1=CC=CC=C1,COC(=O)[C@@H](Nc1ccccc1)c1ccccc1,93.7
7640345,O[C@H](COCC1=CC=CC=C1)[C@@H]1CCOC1=O,O=C1OCC[C@H]1[C@H](O)COCc1ccccc1,-7.9
8836223,CCOC(=O)[C@@H](C)OC1=C(C)C=C(Cl)C=C1,CCOC(=O)[C@@H](C)Oc1ccc(Cl)cc1C,28.2
9918473,[H][C@]12C[C@]1([C@@H](O)[C@@]1([H])OC(C)(C)O[C@@]21[H])C(=O)OCC,CCOC(=O)[C@@]12C[C@@H]1[C@@H]1OC(C)(C)O[C@@H]1[C@@H]2O,72.0
10424554,CN1C[C@@H](OC1=O)C1=CC=CO1,CN1C[C@H](c2ccco2)OC1=O,-106.0
10655482,C[C@@H]1C[C@H](O)[C@@H](O)CO1,C[C@@H]1C[C@H](O)[C@@H](O)CO1,43.2
10656183,O[C@@H](CN(=O)=O)C=CC1=CC=CC=C1,O=[N+]([O-])C[C@H](O)C=Cc1ccccc1,-9.5
15821103,OCC[C@H](CN(=O)=O)C1=CC=CC=C1,O=[N+]([O-])C[C@@H](CCO)c1ccccc1,-13.8
20124548,CC1=CC=C(C=C1)[C@H]1O[C@@H]1CO,Cc1ccc([C@H]2O[C@@H]2CO)cc1,40.2
3650249,BrC1=CC=C(C=C1)[C@H]1CCC(=O)O1,O=C1CC[C@H](c2ccc(Br)cc2)O1,16.5
3650269,O[C@H](CCCOCC1=CC=CC=C1)CC=C,C=CC[C@H](O)CCCOCc1ccccc1,7.7
4291465,C=CC[S@@](=O)C1=CC=CC=C1,C=CC[S@@](=O)c1ccccc1,76.0
5737256,O[C@H](C1=CC=C(Cl)C=C1)C(F)(F)F,O[C@H](c1ccc(Cl)cc1)C(F)(F)F,-8.3
7168383,[H][C@@](N)(CC1=CC=CC=C1)C(=O)NCC1=CC=CC=C1,N[C@H](Cc1ccccc1)C(=O)NCc1ccccc1,63.3
7623988,ClCC(=O)N1[C@H](CC2=CC=CC=C2)COC1=O,O=C(CCl)N1C(=O)OC[C@H]1Cc1ccccc1,-86.3
7905910,C[C@@](O)(C1=CC=CC=C1)C1=CC2=CC=CC=C2C=C1,C[C@@](O)(c1ccccc1)c1ccc2ccccc2c1,15.3
7905911,C[C@](O)(C1=CC=CC=C1)C1=CC2=CC=CC=C2C=C1,C[C@](O)(c1ccccc1)c1ccc2ccccc2c1,-12.33
8411496,COC(=O)CCCC[C@H](O)CC(=O)OC,COC(=O)CCCC[C@H](O)CC(=O)OC,14.3
8765995,[H][C@@]12[C@H]3O[C@H]3C(=O)[C@]1([H])[C@H]2C(=O)OCC,CCOC(=O)[C@@H]1[C@H]2C(=O)[C@@H]3O[C@@H]3[C@@H]12,12.23
8975683,C[C@H](O)C1=CC(F)=CC(F)=C1,C[C@H](O)c1cc(F)cc(F)c1,-26.66
8975966,C[C@@H](O)C1=CC=C(C=C1)S(C)(=O)=O,C[C@@H](O)c1ccc(S(C)(=O)=O)cc1,17.6
9757124,CC[C@H](O)CN(=O)=O,CC[C@H](O)C[N+](=O)[O-],16.1
11287951,CC[C@@H]([C@@H](O)C1=CC=CC=C1)N(=O)=O,CC[C@@H]([C@@H](O)c1ccccc1)[N+](=O)[O-],36.8
19008874,COC1=C(C=CC=C1)[C@H](O)[C@H](C)N(=O)=O,COc1ccccc1[C@H](O)[C@H](C)[N+](=O)[O-],37.8
19491985,BrC1=CC=C(C=C1)[C@H]1CCCN1,Brc1ccc([C@H]2CCCN2)cc1,52.1
21261918,O=S1(=O)N[C@@H](C2=CC=CC=C12)C1=CC=CC=C1,O=S1(=O)N[C@H](c2ccccc2)c2ccccc21,-27.4
23299489,C[C@H]1CCCC(C)(C)[C@@H]1C(=O)C1=CC=CO1,C[C@H]1CCCC(C)(C)[C@@H]1C(=O)c1ccco1,-25.7
23299490,C[C@H]1CCCC(C)(C)[C@@H]1C(=O)C1=COC=C1,C[C@H]1CCCC(C)(C)[C@@H]1C(=O)c1ccoc1,-24.0
23299492,[H][C@@]1([C@H](O)C2=CC=CO2)[C@@H](C)CCCC1(C)C,C[C@H]1CCCC(C)(C)[C@@H]1[C@H](O)c1ccco1,0.87
23299494,[H][C@@]1([C@@H](O)C2=CC=CO2)[C@@H](C)CCCC1(C)C,C[C@H]1CCCC(C)(C)[C@@H]1[C@@H](O)c1ccco1,37.3
23299497,[H][C@@]1([C@H](O)C2=COC=C2)[C@@H](C)CCCC1(C)C,C[C@H]1CCCC(C)(C)[C@@H]1[C@H](O)c1ccoc1,1.33
23299498,[H][C@@]1([C@@H](O)C2=COC=C2)[C@@H](C)CCCC1(C)C,C[C@H]1CCCC(C)(C)[C@@H]1[C@@H](O)c1ccoc1,8.31
23299500,[H][C@@]1([C@H](O)C2=CSC=C2)[C@@H](C)CCCC1(C)C,C[C@H]1CCCC(C)(C)[C@@H]1[C@H](O)c1ccsc1,15.8
23299502,[H][C@@]1([C@@H](O)C2=CSC=C2)[C@@H](C)CCCC1(C)C,C[C@H]1CCCC(C)(C)[C@@H]1[C@@H](O)c1ccsc1,46.4
23299504,C[C@H]1CCCC(C)(C)[C@@H]1C(=O)C1=CSC=C1,C[C@H]1CCCC(C)(C)[C@@H]1C(=O)c1ccsc1,-14.0
23299508,C[C@H]1CCCC(C)(C)[C@@H]1CC1=CC=C(F)C=C1,C[C@H]1CCCC(C)(C)[C@@H]1Cc1ccc(F)cc1,4.21
23299512,[H][C@@]1([C@H](O)C2=CC=CC=C2)[C@@H](C)CCCC1(C)C,C[C@H]1CCCC(C)(C)[C@@H]1[C@H](O)c1ccccc1,320.0
23299523,C[C@H]1CCCC(C)(C)[C@@H]1C(=O)C1=CC=C(F)C=C1,C[C@H]1CCCC(C)(C)[C@@H]1C(=O)c1ccc(F)cc1,-4.8
23299528,C[C@H]1CCCC(C)(C)[C@@H]1C(=O)C1=CC=C(C=C1)C#N,C[C@H]1CCCC(C)(C)[C@@H]1C(=O)c1ccc(C#N)cc1,12.5
23299530,C[C@H]1CCCC(C)(C)[C@@H]1C(=O)C1CCCCC1,C[C@H]1CCCC(C)(C)[C@@H]1C(=O)C1CCCCC1,-90.0
23299533,[H][C@@]1([C@H](O)C2=CC=C(F)C=C2)[C@@H](C)CCCC1(C)C,C[C@H]1CCCC(C)(C)[C@@H]1[C@H](O)c1ccc(F)cc1,7.37
23299536,[H][C@@]1([C@@H](O)C2=CC=C(F)C=C2)[C@@H](C)CCCC1(C)C,C[C@H]1CCCC(C)(C)[C@@H]1[C@@H](O)c1ccc(F)cc1,26.0
23299554,[H][C@@]1([C@H](O)C2CCCCC2)[C@@H](C)CCCC1(C)C,C[C@H]1CCCC(C)(C)[C@@H]1[C@H](O)C1CCCCC1,4.07
23740475,CC(=O)OCC[C@]1(C)C=CCC1(C)C,CC(=O)OCC[C@]1(C)C=CCC1(C)C,-24.0
27192694,CC(C)[C@@H](CCC(O)=O)C1=C(O)C=CC(C)=C1,Cc1ccc(O)c([C@H](CCC(=O)O)C(C)C)c1,-19.4
2326819,CC[C@@](O)(CO)C1=CC=CC=C1,CC[C@@](O)(CO)c1ccccc1,-2.0
4190216,[H][C@@](C)(N=C=N[C@@]([H])(C)C1=CC=CC=C1)C1=CC=CC=C1,C[C@H](N=C=N[C@@H](C)c1ccccc1)c1ccccc1,11.1
4661357,[H][C@@]12CCCN1C(=O)CCC2,O=C1CCC[C@@H]2CCCN12,-6.7
5336691,C[C@@H]1O[C@@H](OCC2=CC=CC=C2)C=C[C@H]1O,C[C@@H]1O[C@@H](OCc2ccccc2)C=C[C@H]1O,-32.0
5376274,CCCCCC[C@H]1O[C@@H]1CO,CCCCCC[C@H]1O[C@@H]1CO,38.6
5742273,COC1=CC2=C(C=C1OC)[C@H](CO)NCC2,COc1cc2c(cc1OC)[C@H](CO)NCC2,-31.4
6140992,OC[C@@H]1CC1(C1=CC=CC=C1)C1=CC=CC=C1,OC[C@@H]1CC1(c1ccccc1)c1ccccc1,21.1
6368908,O[C@@H](C1=CC=CC=C1)C1=CC=NC=C1,O[C@@H](c1ccccc1)c1ccncc1,36.25
7166174,C[C@H](C#N)C1=CC=CC2=C1C=CC=C2,C[C@H](C#N)c1cccc2ccccc12,-44.0
8209950,COC1=CC=C(COCC[C@H](O)[C@H](C)C=C)C=C1,C=C[C@@H](C)[C@@H](O)CCOCc1ccc(OC)cc1,-22.5
8253533,C[C@@H]1O[C@@H](O)C=CC1=O,C[C@@H]1O[C@@H](O)C=CC1=O,44.0
8764438,[H][C@@]12C=C(F)C(=O)[C@]1([H])[C@H]2C(=O)OCC,CCOC(=O)[C@H]1[C@@H]2C=C(F)C(=O)[C@@H]21,-96.75
9052671,C[C@H](CC1=CC=CC=C1)C(=O)NCC1=CC=CC=C1,C[C@H](Cc1ccccc1)C(=O)NCc1ccccc1,6.3
9480946,OC[C@@H](NC1=CC=CC=C1)C1=CC=CC=C1,OC[C@@H](Nc1ccccc1)c1ccccc1,-26.2
9486217,C=CC[C@@]1(CCCCC1=O)C1=CC=CC=C1,C=CC[C@]1(c2ccccc2)CCCCC1=O,232.8
9910492,O[C@@H](\C=C\C1=CC=CC=C1)C#CC1=CC=CC=C1,O[C@H](C#Cc1ccccc1)/C=C/c1ccccc1,-2.1
10335655,C[C@H](CC=C)C(=O)C1=CC=CC=C1,C=CC[C@@H](C)C(=O)c1ccccc1,-32.9
19008872,COC1=CC=C(C=C1)[C@H](O)[C@H](C)N(=O)=O,COc1ccc([C@H](O)[C@H](C)[N+](=O)[O-])cc1,38.2
19301665,CC(C)[C@H](CCC(O)=O)C1=C(O)C=CC(C)=C1,Cc1ccc(O)c([C@@H](CCC(=O)O)C(C)C)c1,20.0
19615895,BrC1=CC=C(C=C1)[C@@H]1CCCN1,Brc1ccc([C@@H]2CCCN2)cc1,-51.9
20126251,[H][C@]12COC(=O)C[C@@]1([H])C2(C)C,CC1(C)[C@@H]2CC(=O)OC[C@@H]21,-89.07
21367363,O=C[C@@H]1CCC[C@H]1CN(=O)=O,O=C[C@@H]1CCC[C@H]1C[N+](=O)[O-],3.0
21969444,COCO[C@@H](C[C@@H](C)O)C=C,C=C[C@H](C[C@@H](C)O)OCOC,-108.6
23299520,[H][C@@]1([C@H](O)C2=CC=C(C)C=C2)[C@@H](C)CCCC1(C)C,Cc1ccc([C@@H](O)[C@@H]2[C@@H](C)CCCC2(C)C)cc1,6.67
3650700,COC1=CC=C(C=C1)[C@H]1CCC(=O)O1,COc1ccc([C@H]2CCC(=O)O2)cc1,3.1
4352236,C[C@H](C(O)=O)C1=CNC2=C1C=CC=C2,C[C@H](C(=O)O)c1c[nH]c2ccccc12,42.6
5789456,[H][C@@](CC)(CO)CC(C)C,CC[C@H](CO)CC(C)C,2.7
6811135,O[C@@H](C#CC1=CC=CC=C1)C1=CC=C(C=C1)N(=O)=O,O=[N+]([O-])c1ccc([C@@H](O)C#Cc2ccccc2)cc1,11.1
7530224,CON(C)C(=O)[C@@H](O)CC1=CC=CC=C1,CON(C)C(=O)[C@@H](O)Cc1ccccc1,-52.9
8769783,[H][C@@]12C=C(F)C(=O)[C@]1([H])[C@H]2C(=O)OCCO,O=C(OCCO)[C@H]1[C@@H]2C=C(F)C(=O)[C@@H]21,-181.3
9268649,CCOC(=O)C[C@@H]1COC2=CC=C(C)C=C2C1=O,CCOC(=O)C[C@@H]1COc2ccc(C)cc2C1=O,-9.3
9390217,C[C@@H]1O[C@@H](OCC2=CC=CC=C2)C=CC1=O,C[C@@H]1O[C@@H](OCc2ccccc2)C=CC1=O,46.0
10064352,O[C@@H](CC=C)C1=CC=CC(=C1)N(=O)=O,C=CC[C@H](O)c1cccc([N+](=O)[O-])c1,-19.8
10539332,COC(=O)[C@]1(Cl)CC2=C(C=CC=C2)C1=O,COC(=O)[C@]1(Cl)Cc2ccccc2C1=O,33.5
15765539,COC1=CC=C(C=C1)[C@@H](O)C1=CC=C(Cl)C=C1,COc1ccc([C@@H](O)c2ccc(Cl)cc2)cc1,-34.09
15876467,CC(C)[C@H]1COC(CCCCCO)=N1,CC(C)[C@H]1COC(CCCCCO)=N1,-46.0
22996871,CC(C)(C)[Si](C)(C)O[C@H](CC(O)=O)C=C,C=C[C@@H](CC(=O)O)O[Si](C)(C)C(C)(C)C,-7.1
23299522,C[C@H]1CCCC(C)(C)[C@@H]1C(=O)C1=CC=C(C)C=C1,Cc1ccc(C(=O)[C@@H]2[C@@H](C)CCCC2(C)C)cc1,-4.62
1652900,CC(=O)O[C@@H]1C=CO[C@H](CN=N#N)[C@H]1OC(C)=O,CC(=O)O[C@H]1[C@H](OC(C)=O)C=CO[C@@H]1CN=[N+]=[N-],-46.0
4306272,CO[C@@H]1OC(=O)C=C1,CO[C@H]1C=CC(=O)O1,-124.0
5861041,CC[C@@H](O)[C@H](C)C(=O)N(C)OC,CC[C@@H](O)[C@H](C)C(=O)N(C)OC,7.3
7582319,COC1=CC=C(CO[C@H](C)CC=O)C=C1,COc1ccc(CO[C@H](C)CC=O)cc1,-29.5
8198303,CC(=O)O[C@H]1CCCC=C1,CC(=O)O[C@@H]1C=CCCC1,-36.4
8201355,ClC1=CC=C(C=C1)[C@H]1CCC(=O)C1,O=C1CC[C@H](c2ccc(Cl)cc2)C1,-79.0
8830208,O[C@@H](C#N)C1=CC=CC=C1F,N#C[C@H](O)c1ccccc1F,26.6
9758654,O[C@H](CC1=CC=CC=C1)CN(=O)=O,O=[N+]([O-])C[C@H](O)Cc1ccccc1,15.7
9768910,COC1=C(N[C@@H]2CCCC[C@H]2O)C=CC=C1,COc1ccccc1N[C@@H]1CCCC[C@H]1O,-62.1
10424261,CNC[C@H](O)C1=NC=CC=C1,CNC[C@H](O)c1ccccn1,-46.0
11757382,OCCOC(=O)[C@H]1[C@@H]2C[C@H](F)C(=O)[C@H]12,O=C(OCCO)[C@H]1[C@@H]2C[C@H](F)C(=O)[C@@H]21,-9.98
15820192,[H][C@]1(CCCCC1=O)[C@@H](CN(=O)=O)C1=COC=C1,O=C1CCCC[C@H]1[C@@H](C[N+](=O)[O-])c1ccoc1,-15.2
15876463,CC(C)[C@H]1COC(CCCO)=N1,CC(C)[C@H]1COC(CCCO)=N1,-49.5
15876466,CC(C)[C@H]1COC(CCCCO)=N1,CC(C)[C@H]1COC(CCCCO)=N1,-43.3
15876471,CC(C)(C)[C@H]1COC(=N1)C1=CC(=CC=C1)C#N,CC(C)(C)[C@H]1COC(c2cccc(C#N)c2)=N1,-59.5
19457405,CC1=CC=CC=C1[C@H]1CCC(=O)C1,Cc1ccccc1[C@H]1CCC(=O)C1,-72.0
19606330,C[C@H](O)CC1=CC=CS1,C[C@H](O)Cc1cccs1,20.0
20709809,CC1=CC=C(C=C1)[C@H](CN(=O)=O)C1=CC=CC=C1,Cc1ccc([C@H](C[N+](=O)[O-])c2ccccc2)cc1,1.87
20709810,CC1=CC=C(C=C1)[C@@H](CN(=O)=O)C1=CC=CC=C1,Cc1ccc([C@@H](C[N+](=O)[O-])c2ccccc2)cc1,-0.71
21096902,FC1=CC=C(C=C1)[C@H]1CCCO1,Fc1ccc([C@H]2CCCO2)cc1,37.9
21642904,[H][C@]12[C@H](O)[C@H](CC[C@]1(C)[C@H](O)CCC2=C)C(C)C,C=C1CC[C@@H](O)[C@@]2(C)CC[C@H](C(C)C)[C@@H](O)[C@H]12,-49.5
22564922,CN1C(=O)[C@@](O)(CC=C)C2=CC=CC=C12,C=CC[C@]1(O)C(=O)N(C)c2ccccc21,31.2
36858356,CC(C)(C)NC(=O)O[C@H]1CCN2C=CN=C12,CC(C)(C)NC(=O)O[C@H]1CCn2ccnc21,8.0
2251978,CC(C)[C@@](O)(CO)C1=CC=CC=C1,CC(C)[C@@](O)(CO)c1ccccc1,-19.0
3589112,CCC(=O)C[C@@H](C)C1=CC=CC=C1,CCC(=O)C[C@@H](C)c1ccccc1,-40.0
4188366,COC(=O)[C@](C)(N)CC1=CNC2=C1C=CC=C2,COC(=O)[C@](C)(N)Cc1c[nH]c2ccccc12,9.65
4655870,OC[C@H]1O[C@@H]1C1CCCCC1,OC[C@H]1O[C@@H]1C1CCCCC1,25.6
4860800,CCCC[C@@](C)(O)C1=CC=CC=C1,CCCC[C@@](C)(O)c1ccccc1,11.33
4974314,C[C@H](CO)CSC1=CC=CC=C1,C[C@H](CO)CSc1ccccc1,-5.0
5252232,OC[C@@]1(COCC2=CC=CC=C2)CO1,OC[C@@]1(COCc2ccccc2)CO1,-13.3
5376273,CCCCCC[C@@H]1O[C@H]1CO,CCCCCC[C@@H]1O[C@H]1CO,-22.5
5477445,C[C@H](C#N)C1=CC2=C(C=CC=C2)C=C1,C[C@H](C#N)c1ccc2ccccc2c1,-26.0
6970493,COC1=CC=C2C[C@H]3C[C@](C)(CN3C)C2=C1,COc1ccc2c(c1)[C@]1(C)C[C@H](C2)N(C)C1,-7.8
7687630,CCCC[C@@H](O)C1=C2C=CC=CC2=CC=C1,CCCC[C@@H](O)c1cccc2ccccc12,48.0
7744421,C[C@@](F)(CO)C1=CC=CC=C1,C[C@@](F)(CO)c1ccccc1,9.6
8037970,OC[C@H](O)CC1=CC=C2OCOC2=C1,OC[C@H](O)Cc1ccc2c(c1)OCO2,21.7
8690614,C[Si](C)(C)O[C@@]1(CCC2=C1C=CC=C2)C#N,C[Si](C)(C)O[C@]1(C#N)CCc2ccccc21,10.4
8761920,O[C@@H](CC=C)C1=CC=CC(Br)=C1,C=CC[C@H](O)c1cccc(Br)c1,-41.6
9058728,[H][C@@]12CCCN1[C@H](CCC)[C@H](CC)C[C@H]2CC,CCC[C@@H]1[C@H](CC)C[C@@H](CC)[C@@H]2CCCN12,-27.3
9266158,CCOC(=O)C[C@@H]1COC2=C(C)C=CC=C2C1=O,CCOC(=O)C[C@@H]1COc2c(C)cccc2C1=O,-8.95
9323720,C[C@H]([C@@H](O)C1=CC=C(F)C=C1)N(=O)=O,C[C@H]([C@@H](O)c1ccc(F)cc1)[N+](=O)[O-],-22.47
9550304,CC(C)[C@@](C)(O)C1=CC=CC=C1,CC(C)[C@@](C)(O)c1ccccc1,8.11
9849735,CCOC(=O)[C@@H](O)[C@H](C)C(=O)C1=CC=CC=C1,CCOC(=O)[C@@H](O)[C@H](C)C(=O)c1ccccc1,7.6
10167547,CN1CCC[C@H]1C1=CN=CC(CC2=CC=CC=C2)=C1,CN1CCC[C@H]1c1cncc(Cc2ccccc2)c1,-26.0
10260093,COC(=O)N1C=C(CC(=C1)[C@@H]1CCCN1C)C=O,COC(=O)N1C=C(C=O)CC([C@@H]2CCCN2C)=C1,-51.7
10335656,C[C@@H](CC=C)C(=O)C1=CC=CC=C1,C=CC[C@H](C)C(=O)c1ccccc1,39.7
10337065,CC[C@H]1CC(=O)C2=CC=CC=C2O1,CC[C@H]1CC(=O)c2ccccc2O1,-75.5
10423922,O[C@@H](CCl)C1=NC=CC=C1,O[C@@H](CCl)c1ccccn1,-39.0
10532893,OC[C@H]1O[C@@H]1C1=CC=C(C=C1)N(=O)=O,O=[N+]([O-])c1ccc([C@H]2O[C@@H]2CO)cc1,28.0
10661880,COC1=CC=C(C=C1)[C@@H](O)C1=CC=CC=C1C,COc1ccc([C@@H](O)c2ccccc2C)cc1,-12.03
11088556,[H][C@@]12CS[C@@]([H])([C@@H](O)CO)[C@]1([H])OC(C)(C)O2,CC1(C)O[C@H]2[C@H]([C@@H](O)CO)SC[C@H]2O1,-96.04
19029947,CC1=CC=C(C=C1)[C@]1(C)CCCC(=O)C1,Cc1ccc([C@]2(C)CCCC(=O)C2)cc1,-60.9
20319855,[H][C@]12CC[C@]11OC3=C(C=CC(Cl)=N3)[C@]1([H])CN2,Clc1ccc2c(n1)O[C@@]13CC[C@@H]1NC[C@@H]23,-77.0
21826591,C[C@@]1(CC=C)CC(=O)[C@](C)(CC=C)CC1=O,C=CC[C@]1(C)CC(=O)[C@](C)(CC=C)CC1=O,-163.1
27197781,COC(=O)[C@@H](C)[C@@H](C1CC1)C1=CC=C(O)C=C1,COC(=O)[C@@H](C)[C@H](c1ccc(O)cc1)C1CC1,89.1
32462073,CC1=CC=C(C=C1)[C@H]1CCC(=O)N1,Cc1ccc([C@H]2CCC(=O)N2)cc1,47.87
1280146,C[C@@H]1CC[C@@H](C)O1,C[C@@H]1CC[C@@H](C)O1,-30.3
3126390,[H][C@](C)(CCCC(C)C)C1=CC=C(C)C=C1,Cc1ccc([C@@H](C)CCCC(C)C)cc1,25.2
3204824,[H][C@](C)(OC1=CC=C(Cl)C=C1)C(=O)OCC,CCOC(=O)[C@@H](C)Oc1ccc(Cl)cc1,32.6
3647990,BrC[C@@H]1CCCO1,BrC[C@@H]1CCCO1,-9.4
4386953,C[C@@H](CO)CSC1=CC=CC=C1,C[C@@H](CO)CSc1ccccc1,11.5
4669499,C[C@H]([C@@H](O)C1=CC=CC=C1)C(C)=O,CC(=O)[C@H](C)[C@@H](O)c1ccccc1,17.0
5426888,[H][C@]12O[C@@]1([H])[C@@H]1OC(C)(C)O[C@@H]1C=C2,CC1(C)O[C@H]2[C@@H]3O[C@@H]3C=C[C@H]2O1,-22.1
5849623,CCCC[C@@H](O)\C=C\C1=CC=CC=C1,CCCC[C@@H](O)/C=C/c1ccccc1,-9.5
6368251,C[C@@H]1CCC[C@H](CC(C)=O)N1,CC(=O)C[C@H]1CCC[C@@H](C)N1,-25.0
6593207,CC(=C)C[C@@H](O)\C=C\C1=CC=CC=C1,C=C(C)C[C@@H](O)/C=C/c1ccccc1,24.0
7112042,C[C@@H]([C@@H](O)C1=CC=CC=C1C)N(=O)=O,Cc1ccccc1[C@H](O)[C@H](C)[N+](=O)[O-],22.7
7266152,COC(=O)C[C@H](C)CCC1=CC=CC=C1,COC(=O)C[C@H](C)CCc1ccccc1,18.5
7281558,COC1=CC(=CC=C1)[C@H]1CCC(=O)O1,COc1cccc([C@H]2CCC(=O)O2)c1,12.0
7587045,COC(=O)C[C@@H](C)OCC1=CC=C(OC)C=C1,COC(=O)C[C@@H](C)OCc1ccc(OC)cc1,-23.6
9043093,CCC(CC)[C@@H](O)CN(=O)=O,CCC(CC)[C@@H](O)C[N+](=O)[O-],-16.4
9322824,CC1=CC=C(C=C1)[C@](C)(O)CO,Cc1ccc([C@](C)(O)CO)cc1,11.0
9619440,CC(C)(C)[Si](C)(C)OC[C@@H](O)C=C,C=C[C@H](O)CO[Si](C)(C)C(C)(C)C,-332.4
9996183,O[C@@H](C#N)C1=CC=CC=C1N(=O)=O,N#C[C@H](O)c1ccccc1[N+](=O)[O-],26.6
10336091,OC[C@@H]1O[C@H]1C1=CC=C(Cl)C=C1,OC[C@@H]1O[C@H]1c1ccc(Cl)cc1,-38.5
10337141,CCCCCC[C@H]1O[C@H]1CO,CCCCCC[C@H]1O[C@H]1CO,-2.9
10343305,CC(C)(C)OC(=O)C[C@@H](CO)CC1=CC=CO1,CC(C)(C)OC(=O)C[C@@H](CO)Cc1ccco1,1.32
10424106,CNC[C@@H](O)C1=CC=CN=C1,CNC[C@@H](O)c1cccnc1,70.0
11080510,CC(=O)N[C@H](CN(=O)=O)C1=CC=CC=C1,CC(=O)N[C@H](C[N+](=O)[O-])c1ccccc1,73.0
11227656,COC1=CC=C(C=C1)[C@@H]1CC(=O)C2=C1C=CC=C2,COc1ccc([C@@H]2CC(=O)c3ccccc32)cc1,59.1
11298638,CCOC(=O)\C=C\[C@H](C)[C@H](CC)OC,CCOC(=O)/C=C/[C@H](C)[C@H](CC)OC,-45.4
11885307,OC[C@@H]1CSC2=CC=CC=C2O1,OC[C@@H]1CSc2ccccc2O1,38.1
15876462,CCCCC1=N[C@H](CO1)C(C)C,CCCCC1=N[C@@H](C(C)C)CO1,-64.9
18565400,C[C@@H]1CC2=C(N[C@@H]1C1=CC=CC=C1)C=CC=C2,C[C@@H]1Cc2ccccc2N[C@@H]1c1ccccc1,17.8
19008892,CC[C@@H]([C@@H](O)C1=CC=C(C=C1)N(=O)=O)N(=O)=O,CC[C@@H]([C@@H](O)c1ccc([N+](=O)[O-])cc1)[N+](=O)[O-],40.9
19434244,CC1=NOC(=C1)C(=O)N1CCN2[C@@H](CCC2=O)C1,Cc1cc(C(=O)N2CCN3C(=O)CC[C@H]3C2)on1,-26.7
20709812,FC1=CC=C(C=C1)[C@@H](CN(=O)=O)C1=CC=CC=C1,O=[N+]([O-])C[C@@H](c1ccccc1)c1ccc(F)cc1,-7.31
21156616,O[C@H](CN(=O)=O)C1=CC=C(O)C=C1,O=[N+]([O-])C[C@@H](O)c1ccc(O)cc1,5.5
21379278,COC1=C(C=CC=C1)[C@@H](C)C1=CC=CC=C1,COc1ccccc1[C@@H](C)c1ccccc1,-40.5
22075944,O=N(=O)C[C@H](C(C#N)C#N)C1=CC=CC=C1,N#CC(C#N)[C@@H](C[N+](=O)[O-])c1ccccc1,2.78
3195629,[H][C@](C)(Br)CC1=CC=CC=C1,C[C@@H](Br)Cc1ccccc1,-4.7
3588749,CCCCC[C@H](O)C1=CC=CO1,CCCCC[C@H](O)c1ccco1,-10.7
5241406,O[C@@H]1CCCC[C@@]11CCCNC1,O[C@@H]1CCCC[C@@]12CCCNC2,21.4
5428528,CCCCC(=O)O[C@H](C)C1=CC=CC=C1,CCCCC(=O)O[C@H](C)c1ccccc1,69.1
6649029,C[C@H](NC(=O)C1=NC=CC=C1)C1=CC=CC=C1,C[C@H](NC(=O)c1ccccn1)c1ccccc1,8.2
6799727,C[C@@H](CO)CCCC1=CC=CC=C1,C[C@@H](CO)CCCc1ccccc1,10.2
7073945,C[C@@H]1CCC(=N1)C1=CC=CC=C1,C[C@@H]1CCC(c2ccccc2)=N1,8.0
7075283,O[C@H](C1=CC=CC=C1)C1=C(O)C=CC=C1,Oc1ccccc1[C@H](O)c1ccccc1,-35.1
7568437,CC1=CC=C(C=C1)[C@H]1O[C@@H]1C1=CC=C(C)C=C1,Cc1ccc([C@H]2O[C@@H]2c2ccc(C)cc2)cc1,182.0
7854167,C1COC2(CCC[C@H]3O[C@@H]23)O1,C1C[C@H]2O[C@H]2C2(C1)OCCO2,3.6
8315514,CC(C)[C@H](NC(=O)OC(C)(C)C)C(=O)C#C,C#CC(=O)[C@@H](NC(=O)OC(C)(C)C)C(C)C,55.3
9257466,COC1=CC=C(C=C1)[C@@H](O)CC#C,C#CC[C@H](O)c1ccc(OC)cc1,-27.1
9391387,CCOC(=O)C(=[N]#N)[C@@H](O)C1=CC=CC=C1,CCOC(=O)C(=[N+]=[N-])[C@@H](O)c1ccccc1,37.12
9911024,O[C@@H](\C=C\C1=CC=CC=C1)C1CCCCC1,O[C@@H](/C=C/c1ccccc1)C1CCCCC1,-22.8
10004360,[H][C@@]12C[C@@]([H])(C=C1)[C@]1([H])C(=O)C(=C[C@]21[H])[Si](C)(C)C,C[Si](C)(C)C1=C[C@H]2[C@@H](C1=O)[C@@H]1C=C[C@H]2C1,42.3
10428264,C[C@H]([C@@H](CN(=O)=O)C1=CC=CC=C1)N(=O)=O,C[C@H]([C@@H](C[N+](=O)[O-])c1ccccc1)[N+](=O)[O-],8.6
10529888,O[C@H](CN(=O)=O)C1=CC=CN=C1,O=[N+]([O-])C[C@@H](O)c1cccnc1,31.0
11006775,C[C@H](CCC1=CC=CC=C1)CC=O,C[C@@H](CC=O)CCc1ccccc1,22.8
11083825,COC1=CC=C(C=C1)[C@@H](O)C1=CC=C(C)C=C1,COc1ccc([C@@H](O)c2ccc(C)cc2)cc1,-8.15
11141993,C[C@@H](O)C[C@H]1CC=CC(=O)O1,C[C@@H](O)C[C@H]1CC=CC(=O)O1,-74.8
11206645,[H][C@@]12CC(=O)O[C@@]([H])(C1)[C@@H](O)[C@H](O2)C1=CC=CC=C1,O=C1C[C@@H]2C[C@H](O1)[C@@H](O)[C@@H](c1ccccc1)O2,-41.0
11227657,ClC1=CC=C(C=C1)[C@@H]1CC(=O)C2=C1C=CC=C2,O=C1C[C@@H](c2ccc(Cl)cc2)c2ccccc21,48.5
15822306,COC1=CC=C(C=C1)[C@@H](CN(=O)=O)C1=CC=CN1,COc1ccc([C@@H](C[N+](=O)[O-])c2ccc[nH]2)cc1,-54.0
19149500,CC[C@@H](C)OSSO[C@H](C)CC,CC[C@@H](C)OSSO[C@H](C)CC,9.2
19149501,CC[C@H](C)OSSO[C@@H](C)CC,CC[C@H](C)OSSO[C@@H](C)CC,-10.1
19776020,CC[C@H](O)C1=C(O)C=CC=C1,CC[C@H](O)c1ccccc1O,-24.0
21476407,CC(=C)[C@@H]1CC=C(C)C(=O)C1=C,C=C(C)[C@@H]1CC=C(C)C(=O)C1=C,-31.2
21938805,NC1=C(C#N)[C@@H](CN(=O)=O)C2=C(O1)C=CC=C2,N#CC1=C(N)Oc2ccccc2[C@@H]1C[N+](=O)[O-],9.7
23509410,FC1=CC=C(C=C1)[C@@H]1CC(=O)C2=C1C=CC=C2,O=C1C[C@@H](c2ccc(F)cc2)c2ccccc21,37.9
23944467,FC1=CC=C(C=C1)[C@H]1CCC(=O)C1,O=C1CC[C@H](c2ccc(F)cc2)C1,-80.8
38966160,CC[C@H](C)C(=N[S@](=O)C(C)(C)C)C(C)=C,C=C(C)C(=N[S@](=O)C(C)(C)C)[C@@H](C)CC,-125.9
1306064,CO[C@@H]1O[C@H](CO)[C@@H](O)[C@H]1OC,CO[C@@H]1O[C@H](CO)[C@@H](O)[C@H]1OC,-39.9
4316347,CC1=CC[C@H](CC1)C(=O)N1CCOC1=O,CC1=CC[C@@H](C(=O)N2CCOC2=O)CC1,-24.2
4676393,CS(=O)(=O)OC[C@@H]1CCC(=O)O1,CS(=O)(=O)OC[C@@H]1CCC(=O)O1,33.3
5330533,[H][C@]12OC(C)(C)O[C@@]1([H])[C@H](O)CC=C2,CC1(C)O[C@H]2[C@H](O)CC=C[C@H]2O1,-158.0
5435928,O=CC[C@@H]1CCCN1C(=O)OCC1=CC=CC=C1,O=CC[C@@H]1CCCN1C(=O)OCc1ccccc1,-23.9
5738219,CC1(C)OC[C@@H](O1)[C@H](O)C(=C)[Si](C)(C)C,C=C([C@@H](O)[C@H]1COC(C)(C)O1)[Si](C)(C)C,-10.4
5749188,COC(=O)C[C@H](O)CCOCC1=CC=CC=C1,COC(=O)C[C@H](O)CCOCc1ccccc1,-5.9
6367777,CCC[C@H](O)[C@@H](C)C(O)=O,CCC[C@H](O)[C@@H](C)C(=O)O,-12.5
7202137,COC(=O)[C@H]1N=C1C1=CC=CC=C1,COC(=O)[C@H]1N=C1c1ccccc1,26.8
7687379,C[C@@H](O)[C@H](C)[C@@H](O)C1=CC=CC=C1,C[C@@H]([C@@H](C)O)[C@@H](O)c1ccccc1,22.9
7702800,O[C@@H](C=C)C#CC#CC\C=C/CCCCCC=C,C=CCCCCC/C=C\CC#CC#C[C@@H](O)C=C,11.0
7856185,O=C1[C@@H](CCC2=CC=CC=C12)C1=CC=CC=C1,O=C1c2ccccc2CC[C@H]1c1ccccc1,28.0
8114414,[H][C@@]12CC[C@@](C)(C3=C1N=C(C#N)C(=N3)C#N)C2(C)C,CC1(C)[C@@H]2CC[C@@]1(C)c1nc(C#N)c(C#N)nc12,22.4
8976760,C[C@@](O)(CC=C)C1=CC(Br)=CC=C1,C=CC[C@@](C)(O)c1cccc(Br)c1,36.1
9323303,CC1=CC=CC(=C1)[C@](C)(O)CC=C,C=CC[C@@](C)(O)c1cccc(C)c1,56.9
9618202,CC1(C)O[C@H]2C=C[C@@H]3O[C@@H]3[C@H]2O1,CC1(C)O[C@@H]2[C@H]3O[C@H]3C=C[C@@H]2O1,22.5
9849734,CCOC(=O)[C@@H](O)[C@@H](C)C(=O)C1=CC=CC=C1,CCOC(=O)[C@@H](O)[C@@H](C)C(=O)c1ccccc1,20.6
9906627,O[C@H]1CCC(=O)N[C@H]1C1=CC=CC=C1,O=C1CC[C@H](O)[C@H](c2ccccc2)N1,33.4
10004361,[H][C@]12C[C@]([H])(C=C1)[C@@]1([H])C(=O)C(=C[C@@]21[H])[Si](C)(C)C,C[Si](C)(C)C1=C[C@@H]2[C@H](C1=O)[C@H]1C=C[C@@H]2C1,-52.4
10157280,C[C@@H](NC(=O)C1=NC=CC=C1)C1=CC=CC=C1,C[C@@H](NC(=O)c1ccccn1)c1ccccc1,-7.23
10250973,O[C@H](C1=CC=CC=C1)C1=C(C=CC=C1)N(=O)=O,O=[N+]([O-])c1ccccc1[C@H](O)c1ccccc1,82.24
10250974,O[C@@H](C1=CC=CC=C1)C1=C(C=CC=C1)N(=O)=O,O=[N+]([O-])c1ccccc1[C@@H](O)c1ccccc1,-77.03
10460119,Cl[H].COC1=CC=C(C=C1)[C@@H](C)N,COc1ccc([C@@H](C)N)cc1.Cl,22.8
10655480,C[C@@H]1C[C@@H](O)[C@H](O)CO1,C[C@@H]1C[C@@H](O)[C@H](O)CO1,-35.7
11167172,CCCCCCCC[C@@H](O)CN(=O)=O,CCCCCCCC[C@@H](O)C[N+](=O)[O-],-5.5
19008880,CC[C@H]([C@@H](O)C1=CC=C(Cl)C=C1)N(=O)=O,CC[C@H]([C@@H](O)c1ccc(Cl)cc1)[N+](=O)[O-],-9.2
19008893,CC[C@H]([C@@H](O)C1=CC=C(C=C1)N(=O)=O)N(=O)=O,CC[C@H]([C@@H](O)c1ccc([N+](=O)[O-])cc1)[N+](=O)[O-],-19.9
19029946,CC1=CC(=CC=C1)[C@]1(C)CCCC(=O)C1,Cc1cccc([C@]2(C)CCCC(=O)C2)c1,-59.8
19697424,CC[C@@H](O)C1=C(O)C=CC=C1,CC[C@@H](O)c1ccccc1O,23.5
20126125,CCCC[C@@](C)(O)CC=C,C=CC[C@](C)(O)CCCC,1.0
21559247,C[C@H]1CCC(=N1)C1=CC=CC=C1,C[C@H]1CCC(c2ccccc2)=N1,8.0
22027832,O=C(O[C@@H]1CCOC1)C1=CC=C(C=C1)N(=O)=O,O=C(O[C@@H]1CCOC1)c1ccc([N+](=O)[O-])cc1,31.26
22792188,C\C=C(/C)[C@@H](C)O,C/C=C(\C)[C@@H](C)O,47.5
22848174,COC(=O)C#C[C@@H](C)O,COC(=O)C#C[C@@H](C)O,3.4
23110278,[H][C@@]1(O[C@]1([H])[C@H](O)[C@H](C)C#C)[C@H](C)[C@H](CC)OC,C#C[C@@H](C)[C@@H](O)[C@H]1O[C@@H]1[C@H](C)[C@H](CC)OC,10.2
33112331,CC1=C(C=CC=C1)[C@@H]1CCC2=C(C=CC=C2)[C@@H]1O,Cc1ccccc1[C@@H]1CCc2ccccc2[C@@H]1O,171.33
36858346,CC(C)NC(=O)O[C@H]1CCN2C=CN=C12,CC(C)NC(=O)O[C@H]1CCn2ccnc21,3.0
39231190,CC(=O)NC[C@H](CCl)OC(C)=O,CC(=O)NC[C@H](CCl)OC(C)=O,9.5
1967907,[H][C@@]12C[C@H](O)C(=C)[C@]1(O)[C@@]1([H])C(C)(C)CC[C@@]1(C)C2,C=C1[C@@H](O)C[C@H]2C[C@]3(C)CCC(C)(C)[C@@H]3[C@@]12O,40.8
2562645,O[C@@H]1[C@H](CC2=CC=CC=C2)CCC2=CC=CC=C12,O[C@H]1c2ccccc2CC[C@H]1Cc1ccccc1,83.73
2976336,COC(=O)[C@](C)(N)CC1=CC=C2C=CC=CC2=C1,COC(=O)[C@](C)(N)Cc1ccc2ccccc2c1,-30.3
3126377,CC1(C)[C@@H](CC(O)=O)CCC1=C,C=C1CC[C@H](CC(=O)O)C1(C)C,1.69
3195628,[H][C@@](C)(Br)CC1=CC=CC=C1,C[C@H](Br)Cc1ccccc1,27.9
4660551,CC(=C)C[C@@H](O)C1CCCCC1,C=C(C)C[C@@H](O)C1CCCCC1,-5.0
4858162,CC(C)[C@H]1C[C@H](O)[C@H](C[C@@H]1O)C(C)C,CC(C)[C@H]1C[C@H](O)[C@@H](C(C)C)C[C@@H]1O,35.4
5908336,O[C@H](COC1=CC=CC2=C1C=CC=C2)CN(=O)=O,O=[N+]([O-])C[C@H](O)COc1cccc2ccccc12,-17.59
6482011,O=C1O[C@@H]2CO[C@H](O[C@H]2C=C1)C1=CC=CC=C1,O=C1C=C[C@@H]2O[C@H](c3ccccc3)OC[C@H]2O1,17.6
6582523,[H][C@@](O)(C1=CC(Br)=CC=C1)C(F)(F)F,O[C@H](c1cccc(Br)c1)C(F)(F)F,-7.3
7464725,CC[C@@H]([C@@H](O)CCC1=CC=CC=C1)N(=O)=O,CC[C@@H]([C@@H](O)CCc1ccccc1)[N+](=O)[O-],-22.8
7525835,C[C@@]1(CO)C[C@H]1C1=CC=CC=C1,C[C@@]1(CO)C[C@H]1c1ccccc1,-23.7
7624070,COC(=O)C[C@@H]1COC2=CC=CC=C2C1=O,COC(=O)C[C@@H]1COc2ccccc2C1=O,-13.0
7687840,CC(=O)O[C@H](CC=C)C1=CC=C(C)C=C1,C=CC[C@@H](OC(C)=O)c1ccc(C)cc1,-14.5
7744422,C[C@](F)(CO)C1=CC=CC=C1,C[C@](F)(CO)c1ccccc1,9.6
8684336,CC(C)(C)[C@H](N)C1=CC=CC2=CC=CC=C12,CC(C)(C)[C@H](N)c1cccc2ccccc12,-59.1
8695282,[H][C@@]12CCCN1[C@H](CCC)CC[C@H]2CCC,CCC[C@@H]1CC[C@@H](CCC)N2CCC[C@@H]12,-89.0
8761870,CC[C@@H]1CC(=O)C2=C1C=CC=C2,CC[C@@H]1CC(=O)c2ccccc21,-8.3
9200146,CC1(C)[C@@H]2CC[C@@]1(C)[C@](O)(C2)C(=O)C=C,C=CC(=O)[C@@]1(O)C[C@H]2CC[C@]1(C)C2(C)C,-34.5
9264936,O[C@@H](C#CC1=CC=CC=C1)C1=CC=CC=C1N(=O)=O,O=[N+]([O-])c1ccccc1[C@@H](O)C#Cc1ccccc1,-12.8
9329990,C[C@@](O)(CC=C)C1=CC(=CC=C1)C(F)(F)F,C=CC[C@@](C)(O)c1cccc(C(F)(F)F)c1,31.0
9401443,C[Si](C)(C)O[C@@]1(CCCC2=C1C=CC=C2)C#N,C[Si](C)(C)O[C@]1(C#N)CCCc2ccccc21,11.5
9709273,[H][C@@]12CCC(C)=C1[C@H](O)[C@@]1(CC[C@@]2(C)O1)C(C)C,CC1=C2[C@@H](CC1)[C@@]1(C)CC[C@](C(C)C)(O1)[C@H]2O,12.2
10339744,CC(C)[C@@H](CN(=O)=O)NC(=O)OC(C)(C)C,CC(C)[C@@H](C[N+](=O)[O-])NC(=O)OC(C)(C)C,-21.5
10532705,[H][C@@]12CCCN1C(=O)CN=C2OC,COC1=NCC(=O)N2CCC[C@@H]12,102.0
10654928,COC1=CC(=O)N[C@H]1C(C)C,COC1=CC(=O)N[C@H]1C(C)C,9.0
10655481,C[C@@H]1C[C@@H](O)[C@@H](O)CO1,C[C@@H]1C[C@@H](O)[C@@H](O)CO1,-25.7
10664546,COC1=CC=C(C=C1)[C@H](O)C1CCCCC1,COc1ccc([C@H](O)C2CCCCC2)cc1,24.1
11044228,CCCCCCC[C@@H](O)CN(=O)=O,CCCCCCC[C@@H](O)C[N+](=O)[O-],-5.3
11252472,COC1=CC=C(CO[C@H]2O[C@H](C)C(=O)C=C2)C=C1,COc1ccc(CO[C@@H]2C=CC(=O)[C@@H](C)O2)cc1,-53.0
15802390,O[C@@H](C#N)C1=C(Br)C=CC=C1,N#C[C@H](O)c1ccccc1Br,-4.6
15806196,CC(C)C[C@@H](CN(=O)=O)NC(=O)OC(C)(C)C,CC(C)C[C@@H](C[N+](=O)[O-])NC(=O)OC(C)(C)C,-40.0
18839510,[H][C@@]12C[C@H](CC[C@]1(C=O)C=CC(=O)C2)C(C)=C,C=C(C)[C@H]1CC[C@]2(C=O)C=CC(=O)C[C@@H]2C1,147.1
18888189,CCC[C@H]1CC(C)=CC(=O)C1,CCC[C@@H]1CC(=O)C=C(C)C1,24.6
19008879,CC[C@@H]([C@@H](O)C1=CC=C(Cl)C=C1)N(=O)=O,CC[C@@H]([C@@H](O)c1ccc(Cl)cc1)[N+](=O)[O-],66.5
19301900,COC(=O)C#C[C@H](O)C(C)C,COC(=O)C#C[C@H](O)C(C)C,7.2
19462659,C[C@@H](O)[C@H](C)NC1=CC=CC=C1,C[C@H](Nc1ccccc1)[C@@H](C)O,-50.1
20129489,C[C@]1(CC=C)CC2=C(C=CC=C2)C1=O,C=CC[C@@]1(C)Cc2ccccc2C1=O,49.6
20928593,CC(C)CC(=O)[C@@H](O)CC1=CC=CC=C1,CC(C)CC(=O)[C@@H](O)Cc1ccccc1,41.5
21481266,[H][C@]12CC[C@]([H])(C[C@H]1N)[C@H](N)C2,N[C@@H]1C[C@H]2CC[C@@H]1C[C@H]2N,-70.2
22233380,C[C@H](CC(O)=O)O[C@@H]1O[C@@H](C)[C@H](O)C[C@H]1O,C[C@H](CC(=O)O)O[C@@H]1O[C@@H](C)[C@H](O)C[C@H]1O,-98.8
22292954,C[C@H](CCC1=CC=CC=C1)NC(=O)C1=CC=CC=C1,C[C@H](CCc1ccccc1)NC(=O)c1ccccc1,-6.3
22893316,CON(C)C(=O)[C@H]1[C@@H](F)[C@@H]1C1=CC=CC=C1,CON(C)C(=O)[C@H]1[C@@H](F)[C@@H]1c1ccccc1,134.3
23528765,ClC1=CC=CC(=C1)[C@H]1CCC(=O)O1,O=C1CC[C@H](c2cccc(Cl)c2)O1,14.3
23528769,ClC1=CC=C(C=C1)[C@H]1CCCC(=O)O1,O=C1CCC[C@H](c2ccc(Cl)cc2)O1,28.0
23645292,CC(=O)C[C@@H]1CC(=O)N(C1=O)C1=CC=CC=C1,CC(=O)C[C@@H]1CC(=O)N(c2ccccc2)C1=O,-9.7
24617376,COC1=CC=C(C=C1)[C@@H](CN(=O)=O)NC(C)=O,COc1ccc([C@@H](C[N+](=O)[O-])NC(C)=O)cc1,80.0
26623868,O=C(C[C@H](C#C)C1=CC=CC=C1)C1=CC=CC=C1,C#C[C@@H](CC(=O)c1ccccc1)c1ccccc1,-4.98
27968629,[H][C@@]1(CCCCC1=O)[C@]1(C)C=CC2=C(C=CC=C2)C1=O,C[C@@]1([C@H]2CCCCC2=O)C=Cc2ccccc2C1=O,39.1
28234170,C[C@@H](C1=CC=CC=C1)C1=CC=C(C=C1)C#N,C[C@@H](c1ccccc1)c1ccc(C#N)cc1,3.0
33001351,[H][C@]12CO[C@]([H])(O1)[C@@H](O)\C(C2)=C\C1=CC=CC=C1,O[C@H]1/C(=C/c2ccccc2)C[C@H]2CO[C@@H]1O2,-190.0
36858354,O=C(O[C@H]1CCN2C=CN=C12)N1CCCCC1,O=C(O[C@H]1CCn2ccnc21)N1CCCCC1,15.0
36858355,CC(C)(C)OC(=O)O[C@H]1CCN2C=CN=C12,CC(C)(C)OC(=O)O[C@H]1CCn2ccnc21,-30.4
36858357,CN(C(=O)O[C@H]1CCN2C=CN=C12)C(C)(C)C,CN(C(=O)O[C@H]1CCn2ccnc21)C(C)(C)C,9.0
36858363,CC(C)(C)[Si](C)(C)O[C@H]1CCN2C=CN=C12,CC(C)(C)[Si](C)(C)O[C@H]1CCn2ccnc21,-25.6
83472,[H][C@]12O[C@]3([H])[C@@H](C)OC(C)(C)O[C@]3([H])[C@@]1([H])OC(C)(C)O2,C[C@H]1OC(C)(C)O[C@@H]2[C@H]3OC(C)(C)O[C@H]3O[C@@H]21,34.43
2523675,CC1(C)CCC[C@@]1(C)C1=CC=C(CO)C=C1,CC1(C)CCC[C@@]1(C)c1ccc(CO)cc1,-89.0
3589405,O[C@H](C1CCCCC1)C1=CC=CO1,O[C@@H](c1ccco1)C1CCCCC1,15.5
4232913,[H][C@@]1(CC2=CC=CC=C2)NC(=O)N(C)C1=O,CN1C(=O)N[C@@H](Cc2ccccc2)C1=O,-191.23
4675518,C[Si](C)(C)C#C[C@H](O)C1=CC=CO1,C[Si](C)(C)C#C[C@H](O)c1ccco1,13.8
4864279,C[C@@]1(N)CC[C@H](NC(=O)C2=CC=CC=C2)C1(C)C,CC1(C)[C@@H](NC(=O)c2ccccc2)CC[C@@]1(C)N,80.0
5004664,CC(=C)C[C@@H](O)CCOCC1=CC=CC=C1,C=C(C)C[C@@H](O)CCOCc1ccccc1,-2.0
5251348,[H][C@@]1(COC(C)=O)CCC(=O)N1,CC(=O)OC[C@@H]1CCC(=O)N1,21.4
5269036,CCOC(=O)[C@@H](O)[C@@H](O)C1=CC=CC=C1,CCOC(=O)[C@@H](O)[C@@H](O)c1ccccc1,-31.32
5377855,C[C@@H](CO)COC(=O)C1=CC=CC=C1,C[C@@H](CO)COC(=O)c1ccccc1,1.08
6058211,CC(C)(C)OC(=O)C(=C)[C@@H](O)C1=CC=CC=C1,C=C(C(=O)OC(C)(C)C)[C@@H](O)c1ccccc1,38.6
6271537,C[C@H]1C[C@@H](OC1=O)C1=CC=CC=C1,C[C@H]1C[C@H](c2ccccc2)OC1=O,-1.0
6271538,C[C@@H]1C[C@@H](OC1=O)C1=CC=CC=C1,C[C@@H]1C[C@H](c2ccccc2)OC1=O,-24.0
6483042,CC(C)(C)OC(=O)[C@H]1N=CO[C@@H]1C1=CC=CC=C1,CC(C)(C)OC(=O)[C@H]1N=CO[C@@H]1c1ccccc1,99.6
6483043,CC(C)(C)OC(=O)[C@@H]1N=CO[C@H]1C1=CC=CC=C1,CC(C)(C)OC(=O)[C@@H]1N=CO[C@H]1c1ccccc1,-46.5
6683156,C[C@@H](O)CCCCCCCC#C,C#CCCCCCCC[C@@H](C)O,-4.0
6955514,C[C@@]1(O)[C@@H](O)COC1=O,C[C@]1(O)C(=O)OC[C@@H]1O,-69.0
7132404,CC1(C)O[C@H]2[C@@H](O1)[C@@H](C=C[C@@H]2O)N=N#N,CC1(C)O[C@@H]2[C@H](O1)[C@@H](O)C=C[C@H]2N=[N+]=[N-],-36.7
7412313,CCC[C@@H]1[C@H]2CC[C@@H](C[C@@H]1C1=CC=CC=C1)N2C,CCC[C@H]1[C@@H](c2ccccc2)C[C@@H]2CC[C@H]1N2C,-97.0
7687124,CC(=C)C[C@@H](O)C1=CC=C(Br)C=C1,C=C(C)C[C@@H](O)c1ccc(Br)cc1,45.0
7688068,CC(=O)O[C@H](CC=C)C1=CC=C(Cl)C=C1,C=CC[C@@H](OC(C)=O)c1ccc(Cl)cc1,-25.0
8138635,CC1(C)O[C@@H]2C[C@@H](O)C=C[C@@H]2O1,CC1(C)O[C@H]2C=C[C@H](O)C[C@H]2O1,5.2
8143172,[H][C@@]12CCC(=O)N1[C@H](CCC)CCC2,CCC[C@@H]1CCC[C@@H]2CCC(=O)N12,-97.3
8485892,[H][C@@]12C=C(C(=O)[C@]1([H])[C@@H]1C[C@H]2C=C1)C(C)(C)O,CC(C)(O)C1=C[C@@H]2[C@H](C1=O)[C@H]1C=C[C@@H]2C1,-51.5
8543928,C[C@H](O)[C@H](C)[C@@H](O)C1=CC=CC=C1,C[C@@H]([C@H](C)O)[C@@H](O)c1ccccc1,25.5
8555907,CC[C@@H](CC(O)=O)NC(=O)OCC1=CC=CC=C1,CC[C@@H](CC(=O)O)NC(=O)OCc1ccccc1,-21.8
8903294,CC(C)(C)[Si](C)(C)OC[C@@H]1O[C@H]1C=C,C=C[C@@H]1O[C@H]1CO[Si](C)(C)C(C)(C)C,-29.2
8974024,CC(C)[C@H](O)C1=CC=CN=C1,CC(C)[C@H](O)c1cccnc1,-2.1
9204932,COC(=C=C)[C@@]1(O)C[C@H]2CC[C@]1(C)C2(C)C,C=C=C(OC)[C@@]1(O)C[C@H]2CC[C@]1(C)C2(C)C,38.0
9554949,C[C@@](O)(C1=CCCCC1)C1=CC=CC=C1,C[C@@](O)(C1=CCCCC1)c1ccccc1,-7.18
9559059,C[C@@H](O)CCCCCO[Si](C)(C)C(C)(C)C,C[C@@H](O)CCCCCO[Si](C)(C)C(C)(C)C,8.0
9851673,CCOC(=O)[C@@H](O)[C@@H](CC)C(=O)C1=CC=CC=C1,CCOC(=O)[C@@H](O)[C@@H](CC)C(=O)c1ccccc1,53.8
9851674,CCOC(=O)[C@@H](O)[C@H](CC)C(=O)C1=CC=CC=C1,CCOC(=O)[C@@H](O)[C@H](CC)C(=O)c1ccccc1,-16.8
9994985,CCC[C@H](OC(C)=O)C=C,C=C[C@H](CCC)OC(C)=O,-4.4
10002805,CC1=CC=C2C(=O)C[C@H](C2=C1)C1=CC=CC=C1,Cc1ccc2c(c1)[C@H](c1ccccc1)CC2=O,20.3
10003794,C[C@H]1CC(=O)OC2=C1C(=O)CC(C)(C)C2,C[C@H]1CC(=O)OC2=C1C(=O)CC(C)(C)C2,-5.0
10424553,CN1C[C@H](OC1=O)C1=CC=CO1,CN1C[C@@H](c2ccco2)OC1=O,109.0
10427947,CCCC[C@@H](O)C#CC(=O)OC,CCCC[C@@H](O)C#CC(=O)OC,2.3
10428509,CC1=CC=C(C=C1)[C@@](C)(O)C1=CC=CC=C1,Cc1ccc([C@@](C)(O)c2ccccc2)cc1,-7.5
10430328,CC[C@H]([C@@H](CN(=O)=O)C1=CC=CC=C1)N(=O)=O,CC[C@H]([C@@H](C[N+](=O)[O-])c1ccccc1)[N+](=O)[O-],14.0
10436616,CCCCCCC[C@@H](O)C#CC(=O)OC,CCCCCCC[C@@H](O)C#CC(=O)OC,6.7
10436617,CCCCCCC[C@H](O)C#CC(=O)OC,CCCCCCC[C@H](O)C#CC(=O)OC,-7.2
10677419,O[C@H](C1CCCCC1)C1=CC=C2C=CC=CC2=C1,O[C@@H](c1ccc2ccccc2c1)C1CCCCC1,29.0
11025267,O[C@@H](CC=C)[C@H]1CO1,C=CC[C@H](O)[C@H]1CO1,26.5
11170259,CO[C@@H](C=C)[C@@H](C)C(\OC)=C/C(=O)OC,C=C[C@H](OC)[C@@H](C)/C(=C\C(=O)OC)OC,147.33
11224141,[H][C@]12CCC(=O)N1CCC1=CC(OC)=C(OC)C=C21,COc1cc2c(cc1OC)[C@H]1CCC(=O)N1CC2,171.9
11252473,COC1=CC=C(CO[C@H]2O[C@H](C)[C@@H](O)C=C2)C=C1,COc1ccc(CO[C@@H]2C=C[C@H](O)[C@@H](C)O2)cc1,21.4
13435889,O=C1NN[C@H]([C@@H]1C1=CC=CC=C1)C1=CC=CC=C1,O=C1NN[C@@H](c2ccccc2)[C@@H]1c1ccccc1,106.7
13768931,COC1=CC=C(C=C1)N1C[C@@](C)(CO)OC1=O,COc1ccc(N2C[C@@](C)(CO)OC2=O)cc1,11.3
15036307,OCCC[C@@H](O)C1=CC=C(F)C=C1,OCCC[C@@H](O)c1ccc(F)cc1,44.1
15744384,O[C@@H](CN(=O)=O)C1=COC=C1,O=[N+]([O-])C[C@H](O)c1ccoc1,-18.2
18552076,CON(C)C(=O)[C@@H](C)CC=C,C=CC[C@H](C)C(=O)N(C)OC,27.3
18578153,CC1=CC=CC=C1[C@H](O)C1=CN=CC=C1,Cc1ccccc1[C@H](O)c1cccnc1,24.46
19008888,CC[C@H]([C@@H](O)C1=CC=C(OC)C=C1)N(=O)=O,CC[C@H]([C@@H](O)c1ccc(OC)cc1)[N+](=O)[O-],-10.5
19008899,CCCCCCCCC[C@H](O)CN(=O)=O,CCCCCCCCC[C@H](O)C[N+](=O)[O-],7.6
19655741,CCCCCC[C@H](Cl)CO,CCCCCC[C@H](Cl)CO,-36.7
19961714,O=C1C[C@H](C2=CC=CC=C2)C2=C(CCCC2=O)O1,O=C1C[C@H](c2ccccc2)C2=C(CCCC2=O)O1,80.8
19979512,C[C@H](O)C[C@@H](O)C1=CC=C(Cl)C=C1,C[C@H](O)C[C@@H](O)c1ccc(Cl)cc1,40.0
19979513,C[C@@H](O)C[C@@H](O)C1=CC=C(Cl)C=C1,C[C@@H](O)C[C@@H](O)c1ccc(Cl)cc1,40.0
19979514,C[C@H](O)C[C@H](O)C1=CC=C(Cl)C=C1,C[C@H](O)C[C@H](O)c1ccc(Cl)cc1,-40.0
20595674,CC1=C2C=CC=CC2=C(C=C1)[C@H]1CC=CC(=O)O1,Cc1ccc([C@H]2CC=CC(=O)O2)c2ccccc12,485.0
20706175,CCC[C@@H](NC(=O)C1=CC=CC=C1)C1=CC=CC=C1,CCC[C@@H](NC(=O)c1ccccc1)c1ccccc1,-9.2
20706749,[H][C@@]12CS[C@@]([H])([C@H](O)CO)[C@]1([H])OC(C)(C)O2,CC1(C)O[C@H]2[C@H]([C@H](O)CO)SC[C@H]2O1,-52.38
21025691,COC(=O)[C@](O)(CN(=O)=O)C1=CC=CC=C1,COC(=O)[C@](O)(C[N+](=O)[O-])c1ccccc1,-4.8
21379220,CC1=CC=C(C=C1)[C@H](O)CC#C,C#CC[C@@H](O)c1ccc(C)cc1,33.6
21892232,CC1(C)OCC2=CC(=CC=C2O1)[C@@H](O)CN(=O)=O,CC1(C)OCc2cc([C@@H](O)C[N+](=O)[O-])ccc2O1,-33.1
22343708,CC[C@@H](O)C#CC(=O)OC,CC[C@@H](O)C#CC(=O)OC,8.2
22560145,COC(=O)[C@H]1CC[C@H](N1CC=C)C(N)=O,C=CCN1[C@@H](C(=O)OC)CC[C@H]1C(N)=O,6.0
23116432,S=C1CC[C@H](N1)C1=CC=CC=C1,S=C1CC[C@@H](c2ccccc2)N1,-25.2
23271958,FC(F)(F)[C@@H](CN(=O)=O)C1=CC=CC=C1,O=[N+]([O-])C[C@@H](c1ccccc1)C(F)(F)F,47.0
23509415,CC1=CC=C(C=C1)[C@@H]1CC(=O)C2=C1C=CC=C2,Cc1ccc([C@@H]2CC(=O)c3ccccc32)cc1,109.0
27878531,O=C1OC2=CC=CC=C2C[C@@H]1CC1=CC=CC=C1,O=C1Oc2ccccc2C[C@@H]1Cc1ccccc1,-4.8
28450771,COC[C@H](C=C)N1C(=O)C2=CC=CC=C2C1=O,C=C[C@@H](COC)N1C(=O)c2ccccc2C1=O,-75.1
30032136,COC1=CC=C(C=C1)[C@]1(O)COC2=CC=CC=C12,COc1ccc([C@]2(O)COc3ccccc32)cc1,-41.5
30054933,C[C@@H]1CC(CO1)(C1=CC=CC=C1)C1=CC=CC=C1,C[C@@H]1CC(c2ccccc2)(c2ccccc2)CO1,-45.9
30528391,CC(C)(C)OC(=O)N[C@@H]1CC=CC2=CC=CC=C12,CC(C)(C)OC(=O)N[C@@H]1CC=Cc2ccccc21,52.02
31139958,CC(C)C[C@H](CC=C)N[S@](=O)C(C)(C)C,C=CC[C@@H](CC(C)C)N[S@](=O)C(C)(C)C,-50.0
32266023,C([C@@H]1CNC2=CC=CC=C2N1)C1=CC=CC=C1,c1ccc(C[C@@H]2CNc3ccccc3N2)cc1,33.4
32463835,N[C@@H](C\C=C\C1=CC=CC=C1)C(F)(F)F,N[C@@H](C/C=C/c1ccccc1)C(F)(F)F,-101.4
33001354,[H][C@]12CO[C@]([H])(O1)[C@@H](O)[C@@H](CC1=CC=CC=C1)C2,O[C@H]1[C@@H](Cc2ccccc2)C[C@H]2CO[C@@H]1O2,62.0
33001355,[H][C@]12CO[C@]([H])(O1)[C@@H](O)[C@H](CC1=CC=CC=C1)C2,O[C@H]1[C@H](Cc2ccccc2)C[C@H]2CO[C@@H]1O2,-50.0
34288292,C([C@H]1CO1)C1=CC=C(C=C1)C1=CC=CC=C1,c1ccc(-c2ccc(C[C@H]3CO3)cc2)cc1,59.7
38929305,C[C@@H](C(=O)C1=NC=CC=C1)C1=CC=CC=C1,C[C@@H](C(=O)c1ccccn1)c1ccccc1,-50.9
3601898,CO[C@@H](CC=C)C[C@H](O)CO,C=CC[C@@H](C[C@H](O)CO)OC,65.0
3651197,COC(=O)C[C@H](C)SC1=CC=C(C)C=C1,COC(=O)C[C@H](C)Sc1ccc(C)cc1,26.9
4857766,OCC[C@H](CO)C1CCCCC1,OCC[C@H](CO)C1CCCCC1,-5.3
5054827,[H][C@]1(C)CN(CCO1)S(=O)(=O)C1=CC=C(C)C=C1,Cc1ccc(S(=O)(=O)N2CCO[C@@H](C)C2)cc1,29.8
5252233,OC[C@]1(COCC2=CC=CC=C2)CO1,OC[C@]1(COCc2ccccc2)CO1,12.9
5376816,CC(C)(C)[C@H](O)C1=CC=CN=C1,CC(C)(C)[C@H](O)c1cccnc1,-21.84
6768831,CN1[C@@H](CC2=CC=CC=C2)C(=O)N(C)C1=O,CN1C(=O)[C@H](Cc2ccccc2)N(C)C1=O,-45.93
6792468,CCCCC[C@H](C)NC(=O)C1=CC=CC=C1,CCCCC[C@H](C)NC(=O)c1ccccc1,3.0
7183806,[H][C@@](O)(C1CCCCC1)C1=C(C)C=CC=C1,Cc1ccccc1[C@H](O)C1CCCCC1,29.6
7250729,CCCC[C@@H](CN(=O)=O)C1=CC=CC=C1,CCCC[C@@H](C[N+](=O)[O-])c1ccccc1,9.33
7986896,C=CC[C@@H]1COC(=O)N1,C=CC[C@@H]1COC(=O)N1,8.4
8140225,C[C@H](NC1CCCC1)C1=CC=CC=C1,C[C@H](NC1CCCC1)c1ccccc1,-52.0
8261740,CCCCCC[C@@H]1O[C@H]1C(=O)C1=CC=CC=C1,CCCCCC[C@@H]1O[C@H]1C(=O)c1ccccc1,-12.0
8263412,[H][C@@]12C=C(CCCC)C(=O)[C@]1([H])[C@@H]1C[C@H]2C=C1,CCCCC1=C[C@@H]2[C@H](C1=O)[C@H]1C=C[C@@H]2C1,-137.3
8547762,C[C@@H](CO)N1C=NC2=C1N=CN=C2N,C[C@@H](CO)n1cnc2c(N)ncnc21,8.2
8622160,COC(=O)C(=C)[C@@H](O)C1CCCCC1,C=C(C(=O)OC)[C@@H](O)C1CCCCC1,-4.36
8680533,CC(C)[C@H](O)C1=C(C)COC1=O,CC1=C([C@@H](O)C(C)C)C(=O)OC1,-34.3
8681935,OC(=O)C[C@H](CC=C)C1=CC=CC=C1,C=CC[C@@H](CC(=O)O)c1ccccc1,-20.0
8763867,CC(C)[C@H]1CC(=O)C2=C(S1)C=CC=C2,CC(C)[C@H]1CC(=O)c2ccccc2S1,-148.2
8830415,O[C@@H]1C=CCN2[C@H]1COC2=O,O=C1OC[C@H]2[C@H](O)C=CCN12,18.2
8899905,CC[S@@](=O)C1=CC=C(Br)C=C1,CC[S@@](=O)c1ccc(Br)cc1,69.0
9322337,CCCCC[C@H](CC)CO,CCCCC[C@H](CC)CO,1.7
9479677,O[C@@H]([C@H](O)C1=CC=CO1)C1=CC=CO1,O[C@H](c1ccco1)[C@H](O)c1ccco1,32.5
9777830,CCOC(=O)C1=C(C)OC(=C1)[C@H](O)[C@H](O)CO,CCOC(=O)c1cc([C@H](O)[C@H](O)CO)oc1C,13.0
9848229,CCCCCC[C@H](CO)CCO,CCCCCC[C@H](CO)CCO,2.5
10069787,C[C@@H](CC(=O)C1=NC=CN1C)C1=CC=CN1,C[C@@H](CC(=O)c1nccn1C)c1ccc[nH]1,77.5
10076575,[H][C@@]12CCCN1[C@H](CCCCC)CCC2,CCCCC[C@@H]1CCC[C@@H]2CCCN12,-95.6
10153389,C[C@@H]1C[C@@H](O)[C@H](C)C[C@H]1O,C[C@@H]1C[C@@H](O)[C@H](C)C[C@H]1O,-32.9
10247936,CC[C@](C)(CC1=CC=CC=C1)C(O)=O,CC[C@](C)(Cc1ccccc1)C(=O)O,-37.5
10428716,CC1=CC[C@@H](CC1=O)C(=C)CO,C=C(CO)[C@H]1CC=C(C)C(=O)C1,108.9
10428768,CC[C@@H](CN(=O)=O)NC(=O)OC(C)(C)C,CC[C@@H](C[N+](=O)[O-])NC(=O)OC(C)(C)C,-38.0
10430856,COC1=CC=C(C=C1)[C@@H](O)C1=CC=CC=C1F,COc1ccc([C@@H](O)c2ccccc2F)cc1,-15.41
10433136,O[C@H]1C[C@H](C2=CC=CC=C12)C1=CC=CC=C1,O[C@H]1C[C@@H](c2ccccc2)c2ccccc21,16.1
10536196,O[C@@H]1CCCC[C@@H]1SC1=CC=CC=C1,O[C@@H]1CCCC[C@@H]1Sc1ccccc1,19.7
10657043,COC1=CC=C(C=C1)[C@@H]1O[C@H]1CO,COc1ccc([C@@H]2O[C@H]2CO)cc1,-12.7
10658406,O[C@H](CN(=O)=O)C1=CC=CC(O)=C1,O=[N+]([O-])C[C@@H](O)c1cccc(O)c1,27.5
10663452,CCCCC(=O)O[C@H](C)C1=CC=C(C)C=C1,CCCCC(=O)O[C@H](C)c1ccc(C)cc1,71.3
10664286,CCCCC(=O)O[C@H](C)C1=CC=C(OC)C=C1,CCCCC(=O)O[C@H](C)c1ccc(OC)cc1,95.7
18173347,[H][C@@](C)(N1CCOCC1)[C@@]([H])(O)C1=CC=CC=C1,C[C@@H]([C@@H](O)c1ccccc1)N1CCOCC1,55.1
18394954,[H][C@@]1(COC(C)(C)O1)[C@@H](O)[C@](C)(F)C(=O)OCC,CCOC(=O)[C@@](C)(F)[C@H](O)[C@H]1COC(C)(C)O1,11.0
18828264,C[C@H](O)CCCC1(CCCC=C)OCCO1,C=CCCCC1(CCC[C@H](C)O)OCCO1,6.7
18839511,[H][C@@]12C[C@H](CC[C@]1(C=C)C=CC(=O)C2)C(C)=C,C=C[C@@]12C=CC(=O)C[C@@H]1C[C@@H](C(=C)C)CC2,91.2
18995442,C[C@H](OC(C)=O)C=CC(O)=O,CC(=O)O[C@@H](C)C=CC(=O)O,18.1
19008886,CC[C@H]([C@@H](O)CCC1=CC=CC=C1)N(=O)=O,CC[C@H]([C@@H](O)CCc1ccccc1)[N+](=O)[O-],-17.4
19008891,CC[C@H]([C@@H](O)C1=C(OC)C=CC=C1)N(=O)=O,CC[C@H]([C@@H](O)c1ccccc1OC)[N+](=O)[O-],-17.6
19350348,C[C@H]1CC[C@H](C)N1S(=O)(=O)C1=CC=C(C)C=C1,Cc1ccc(S(=O)(=O)N2[C@@H](C)CC[C@@H]2C)cc1,39.3
19416685,CC1=CC=C(C=C1)[C@H](O)COC1=CC=CC=C1,Cc1ccc([C@H](O)COc2ccccc2)cc1,38.6
19418179,CCCC[C@H]1CN1S(=O)(=O)C1=CC=C(C)C=C1,CCCC[C@H]1CN1S(=O)(=O)c1ccc(C)cc1,3.5
19532618,O[C@H](C1=CC=CC=C1)C1=CC(=CC=C1)N(=O)=O,O=[N+]([O-])c1cccc([C@H](O)c2ccccc2)c1,-42.31
19627574,O=C1C[C@@H](N(CC2=CC=CC=C2)N1)C1=CC=CC=C1,O=C1C[C@H](c2ccccc2)N(Cc2ccccc2)N1,71.2
19972538,OC[C@H](C=C)N1C=CC=CC1=O,C=C[C@@H](CO)n1ccccc1=O,-23.8
19979515,C[C@@H](O)C[C@H](O)C1=CC=C(Cl)C=C1,C[C@@H](O)C[C@H](O)c1ccc(Cl)cc1,-68.0
20124545,CC1=CC=CC=C1[C@@H]1O[C@H]1CO,Cc1ccccc1[C@@H]1O[C@H]1CO,0.59
20124546,CC1=CC=CC=C1[C@H]1O[C@@H]1CO,Cc1ccccc1[C@H]1O[C@@H]1CO,-0.63
20203046,CC[C@](C)(CO)CCC1=CC=CC=C1,CC[C@](C)(CO)CCc1ccccc1,-12.48
20236493,C[C@@](O)(CC=C)C=CC1=CC=CC=C1,C=CC[C@@](C)(O)C=Cc1ccccc1,34.8
20260788,CCCC[C@H](CO)CCO,CCCC[C@H](CO)CCO,0.3
20260789,CCCC[C@@H](CO)CCO,CCCC[C@@H](CO)CCO,-3.5
20406196,CC[C@]1(C(=O)N(C)C2=CC=CC=C12)C1=CC=CC=C1,CC[C@@]1(c2ccccc2)C(=O)N(C)c2ccccc21,-110.3
20406207,CN1C2=CC(F)=CC=C2[C@@](C)(C1=O)C1=CC=CC=C1,CN1C(=O)[C@@](C)(c2ccccc2)c2ccc(F)cc21,-67.82
20641646,CCCC[C@H](CC(C)=O)C1=CC=CC=C1,CCCC[C@H](CC(C)=O)c1ccccc1,-6.9
20645165,CC(C)CC(=O)[C@@H](O)CC1=CC=C(O)C=C1,CC(C)CC(=O)[C@@H](O)Cc1ccc(O)cc1,16.6
20754303,O[C@@H](CN(=O)=O)C1=C(O)C=CC=C1,O=[N+]([O-])C[C@H](O)c1ccccc1O,-5.0
21076512,C[C@H]1CC[C@@H]2O[C@@]22CCC(=O)[C@@H](C(C)=O)[C@]12C,CC(=O)[C@@H]1C(=O)CC[C@]23O[C@H]2CC[C@H](C)[C@@]13C,-33.0
21169149,[H][C@@]12CC[C@@]11OC3=NC(Cl)=CC=C3[C@@]1([H])CN2,Clc1ccc2c(n1)O[C@]13CC[C@H]1NC[C@H]23,70.0
21218731,C[C@@H](O)CN1CSCSC1,C[C@@H](O)CN1CSCSC1,-46.49
21314065,COC1=CC(C)=CC2=C1CC[C@@](C)(CC=C)C2=O,C=CC[C@]1(C)CCc2c(OC)cc(C)cc2C1=O,-8.9
21342464,CC1(C)OC[C@@H](O1)[C@@H](O)C(=O)CO,CC1(C)OC[C@H]([C@@H](O)C(=O)CO)O1,-27.3
21379222,O[C@@H](CC#C)C1=CC=C(Br)C=C1,C#CC[C@H](O)c1ccc(Br)cc1,-28.4
21559254,C[C@@H]1CCC(=N1)C1=CC=C(C)C=C1,Cc1ccc(C2=N[C@H](C)CC2)cc1,12.2
22077620,CC(C)C[C@@H](CC=C)NC(=O)OC(C)(C)C,C=CC[C@H](CC(C)C)NC(=O)OC(C)(C)C,-35.0
22343709,CC[C@H](O)C#CC(=O)OC,CC[C@H](O)C#CC(=O)OC,-5.8
22662498,[H][C@@]12CO[C@H](N1C(=O)CN=C2OC)C1=CC=CC=C1,COC1=NCC(=O)N2[C@H]1CO[C@H]2c1ccccc1,-107.0
22752967,C1CC(=N[C@@H]1C1=CC=CC=C1)C1=CC=CC=C1,c1ccc(C2=N[C@H](c3ccccc3)CC2)cc1,-12.0
22753303,COC(=O)C[C@@H](O)C(=O)C1=CC=CC=C1,COC(=O)C[C@@H](O)C(=O)c1ccccc1,-10.6
22798571,COC(=O)C(C)(C)[C@H](C=C)C1=CC=CC=C1,C=C[C@H](c1ccccc1)C(C)(C)C(=O)OC,-46.5
23098829,O[C@H](C1=CC2=C(OCO2)C=C1)C(F)(F)F,O[C@H](c1ccc2c(c1)OCO2)C(F)(F)F,-16.7
23116425,O=C1CO[C@H](N1)C1=CC=CC=C1,O=C1CO[C@@H](c2ccccc2)N1,7.3
23358715,C[C@H](C#N)C1=CSC=C1,C[C@H](C#N)c1ccsc1,-8.0
23358769,COC1=C(C=CC=C1)[C@H](C)C#N,COc1ccccc1[C@H](C)C#N,-26.0
23358772,C[C@H](C#N)C1=CC(Cl)=CC=C1,C[C@H](C#N)c1cccc(Cl)c1,-23.0
23726117,C[C@@H](CC(=O)C1=NC=CN1C)C(C#N)C#N,C[C@@H](CC(=O)c1nccn1C)C(C#N)C#N,30.0
23963880,[H][C@@]1(COC(C)(C)O1)[C@@H](O)[C@]1([H])CCCC1=O,CC1(C)OC[C@H]([C@@H](O)[C@@H]2CCCC2=O)O1,-29.5
23963882,[H][C@]1(COC(C)(C)O1)[C@H](O)[C@@]1([H])CCCC1=O,CC1(C)OC[C@@H]([C@H](O)[C@H]2CCCC2=O)O1,35.4
26784876,O[C@H]1COC2=CC=CC=C2SC1,O[C@H]1COc2ccccc2SC1,-36.7
26847660,COC(=O)C1(C[C@@H]1N1C(=O)CCC1=O)C(=O)OC,COC(=O)C1(C(=O)OC)C[C@@H]1N1C(=O)CCC1=O,8.15
27878542,O=C1OC2=CC=CC=C2C[C@H]1CC1=CC=CC=C1,O=C1Oc2ccccc2C[C@H]1Cc1ccccc1,-4.8
27930717,COC1=CC=C(COC[C@H](O)[C@H](C)C=C)C=C1,C=C[C@@H](C)[C@@H](O)COCc1ccc(OC)cc1,6.0
28146636,C[C@H]1CC2=C(C)C=C(C)C=C2O1,Cc1cc(C)c2c(c1)O[C@@H](C)C2,-15.9
28146639,CC(C)C1=CC=C2O[C@@H](C)CC2=C1,CC(C)c1ccc2c(c1)C[C@H](C)O2,-13.7
28501309,[H][C@]12OCC[C@@]1([H])[C@@H](C)C=C(O2)C1=NC=CN1C,C[C@H]1C=C(c2nccn2C)O[C@H]2OCC[C@H]21,-15.5
28870587,C[C@@H](CCC1=CC=CC=C1)NC(=O)C1=CC=CC=C1,C[C@@H](CCc1ccccc1)NC(=O)c1ccccc1,6.0
28983811,C[C@@H]1CC2=CC=CC=C2N[C@@H]1C1=CC=C(C)C=C1,Cc1ccc([C@H]2Nc3ccccc3C[C@H]2C)cc1,21.8
29316570,COC(=O)[C@H](C)[C@H](C1CC1)C1=CC=C(O)C=C1,COC(=O)[C@H](C)[C@@H](c1ccc(O)cc1)C1CC1,-62.2
29609101,COC1=CC=C(C=C1)[C@@H](O)C1=C(OC)C=CC=C1,COc1ccc([C@@H](O)c2ccccc2OC)cc1,25.37
29722245,C[C@H](OC(C)=O)C#CC(=O)OC(C)(C)C,CC(=O)O[C@@H](C)C#CC(=O)OC(C)(C)C,-117.0
29722247,C[C@H](O)C#CC(=O)OC(C)(C)C,C[C@H](O)C#CC(=O)OC(C)(C)C,-31.8
30134578,CC(=O)N[C@H](CN(=O)=O)C1=CC=C(Cl)C=C1,CC(=O)N[C@H](C[N+](=O)[O-])c1ccc(Cl)cc1,70.0
31386235,CC(C)(C)OC(=O)C[C@@H](CO)CC=C,C=CC[C@H](CO)CC(=O)OC(C)(C)C,-6.05
31448282,CC(C)(C)[C@H]1CC(=O)C2=CC=CC=C2O1,CC(C)(C)[C@H]1CC(=O)c2ccccc2O1,-63.5
32236927,O[C@@H]1CCC\C1=C/C1=CC=C(Cl)C=C1,O[C@@H]1CCC/C1=C\c1ccc(Cl)cc1,41.3
32375081,C[C@H]1CC(=O)C2=C(O1)C=C(Cl)C(Cl)=C2,C[C@H]1CC(=O)c2cc(Cl)c(Cl)cc2O1,-70.6
33001339,[H][C@]12CO[C@]([H])(O1)[C@@H](OC(=O)C=C)C=C2,C=CC(=O)O[C@H]1C=C[C@H]2CO[C@@H]1O2,-143.0
33001369,[H][C@]12CO[C@]([H])(O1)[C@H](O)[C@H](CC1=CC=CC=C1)C2,O[C@@H]1[C@H](Cc2ccccc2)C[C@H]2CO[C@@H]1O2,-72.0
34396187,[H][C@]12CO[C@]([H])(O1)C(=O)C1(CC3=CC=CC=C3C1)C2,O=C1[C@@H]2OC[C@H](CC13Cc1ccccc1C3)O2,-174.0
34396190,[H][C@]12CO[C@]([H])(O1)[C@@H](O)C1(CC3=CC=CC=C3C1)C2,O[C@@H]1[C@@H]2OC[C@H](CC13Cc1ccccc1C3)O2,-164.0
34735543,C[C@H](O)[C@H](C)OC(=O)CC1=CNC2=C1C=CC=C2,C[C@H](O)[C@H](C)OC(=O)Cc1c[nH]c2ccccc12,52.0
35217940,C[C@@H]1CC[C@@H](C(=C)CCl)C2=C1OC=C2,C=C(CCl)[C@@H]1CC[C@@H](C)c2occc21,20.0
35375268,CC[C@@H](C#CC1=CC=C(C)C=C1)C1=CC=CC=C1,CC[C@@H](C#Cc1ccc(C)cc1)c1ccccc1,-10.9
35389036,N[C@@H](C\C=C\C1=CC=CC=C1)C1=CC=CC=C1,N[C@@H](C/C=C/c1ccccc1)c1ccccc1,-26.1
36858347,CC(C)N(C(C)C)C(=O)O[C@H]1CCN2C=CN=C12,CC(C)N(C(=O)O[C@H]1CCn2ccnc21)C(C)C,16.9
37433869,COC1=CC=C2C(=O)C[C@H](C2=C1)C1=CC=CC=C1,COc1ccc2c(c1)[C@H](c1ccccc1)CC2=O,-10.0
38966156,CC[C@H](C)C(=N[S@](=O)C(C)(C)C)C1=CC=CO1,CC[C@H](C)C(=N[S@](=O)C(C)(C)C)c1ccco1,-219.5
39097960,CC[C@@H](C1=CC=CC=C1)C1=CC=C(C=C1)C(=O)OC,CC[C@@H](c1ccccc1)c1ccc(C(=O)OC)cc1,1.7
39658017,CO[C@H]1OC[C@H](C=C)[C@@H]1C(=O)C1=CSC=C1,C=C[C@H]1CO[C@H](OC)[C@H]1C(=O)c1ccsc1,60.0
1310260,[H][C@@](O)(C(=O)CO)[C@@]1([H])COC(C)(C)O1,CC1(C)OC[C@H]([C@H](O)C(=O)CO)O1,-30.1
2050108,[H][C@]1(O)C2=CC=CC=C2C[C@@]1([H])C1=CC=CC=C1,O[C@H]1c2ccccc2C[C@H]1c1ccccc1,105.71
2323817,O=C1CC[C@@H]2CC[C@H]12,O=C1CC[C@@H]2CC[C@H]12,329.0
2324133,O[C@@H]1CCCCCC=C1,O[C@H]1C=CCCCCC1,3.6
3545149,CC1(C)OC[C@H](O1)[C@@H](CO)N=N#N,CC1(C)OC[C@@H]([C@@H](CO)N=[N+]=[N-])O1,10.2
3591420,CC(C)(C)OC(=O)N1CCC[C@H]1\C=C/CO,CC(C)(C)OC(=O)N1CCC[C@H]1/C=C\CO,43.7
4250381,C[Si](C)(C)C#C[C@H](O)COCC1=CC=CC=C1,C[Si](C)(C)C#C[C@H](O)COCc1ccccc1,3.9
4293587,COC(=O)[C@]1(O)CC(OC)=CC1=O,COC(=O)[C@]1(O)CC(OC)=CC1=O,80.1
4658178,CCCCCCCC[C@H](O)CC(C)=C,C=C(C)C[C@@H](O)CCCCCCCC,-8.0
4669646,C\C=C/[C@H](C)OC(=O)N(C(C)C)C(C)C,C/C=C\[C@H](C)OC(=O)N(C(C)C)C(C)C,73.3
5030593,CO[C@H]1O[C@H](CO)[C@H](O)[C@@H]1OCC1=CC=CC=C1,CO[C@H]1O[C@H](CO)[C@H](O)[C@@H]1OCc1ccccc1,33.3
5378025,O=C1CC[C@@H](O1)C#CC1=CC=CC=C1,O=C1CC[C@H](C#Cc2ccccc2)O1,-17.5
5728796,[H][C@]12CC[C@@]1(C)CC=CC2=O,C[C@]12CC=CC(=O)[C@H]1CC2,25.9
5802689,[H][C@@](C)(CC\C=C(/C)CCC=C(C)C)CC(=O)OC,COC(=O)C[C@H](C)CC/C=C(\C)CCC=C(C)C,4.1
5908424,O=C(CC1=CC=CC=C1)O[C@@H](C#N)C1=CC=CC=C1,N#C[C@H](OC(=O)Cc1ccccc1)c1ccccc1,-0.37
6368598,[H][C@@]12C=CC(=O)[C@]1([H])[C@@H]1C[C@H]2C=C1,O=C1C=C[C@@H]2[C@H]1[C@H]1C=C[C@@H]2C1,-77.6
6633685,CCOC(=O)[C@@H](C)OC1=CC=CC=C1Cl,CCOC(=O)[C@@H](C)Oc1ccccc1Cl,32.1
6635021,CCOC(=O)[C@@H](C)OC1=CC=C(C=C1)N(=O)=O,CCOC(=O)[C@@H](C)Oc1ccc([N+](=O)[O-])cc1,38.9
6635492,CCOC(=O)[C@@H](C)OC1=CC=CC(=C1)N(=O)=O,CCOC(=O)[C@@H](C)Oc1cccc([N+](=O)[O-])c1,36.3
6683556,CC(C)[C@@H]1CCC(C=O)=C[C@H]1O,CC(C)[C@@H]1CCC(C=O)=C[C@H]1O,-17.0
6792160,CCC[C@H](C)NC(=O)C1=CC=CC=C1,CCC[C@H](C)NC(=O)c1ccccc1,20.0
6792347,CC(C)C[C@H](C)NC(=O)C1=CC=CC=C1,CC(C)C[C@H](C)NC(=O)c1ccccc1,20.0
7074356,CC1=CC=CC=C1[S@@](=O)C1=CC=CC=C1,Cc1ccccc1[S@@](=O)c1ccccc1,-58.3
7112264,COC(=O)[C@@]1(CC=C)CC2=C(C=CC=C2)C1=O,C=CC[C@]1(C(=O)OC)Cc2ccccc2C1=O,-138.9
7165585,C=C[C@@H](CC=O)C1=CC=CC=C1,C=C[C@@H](CC=O)c1ccccc1,-3.01
7288163,C[C@](CCC1=CC=CC=C1)(C=C)C=O,C=C[C@@](C)(C=O)CCc1ccccc1,26.7
7579093,CCCCC[C@H](O)CCCCCCCCCC#C,C#CCCCCCCCCC[C@@H](O)CCCCC,1.1
7579787,CCCCCCCCCC#C[C@@H](O)CCCCC,CCCCCCCCCC#C[C@@H](O)CCCCC,-0.11
7745428,CCN(CC)[C@@H](C)[C@@H](O)C1=CC=CC=C1,CCN(CC)[C@@H](C)[C@@H](O)c1ccccc1,77.4
7758450,CC1=CC=C(C=C1)[S@](=O)C(F)F,Cc1ccc([S@](=O)C(F)F)cc1,224.0
7764405,[H][C@]12O[C@@]1([H])C1(CCCCC1)OC1=C2C=C(C=C1)C#N,N#Cc1ccc2c(c1)[C@H]1O[C@H]1C1(CCCCC1)O2,35.0
7802858,CC[C@H](CO)O[Si](C)(C)C(C)(C)C,CC[C@H](CO)O[Si](C)(C)C(C)(C)C,-4.8
7856802,CCC[C@@H]1[C@H]2CC[C@@H](C[C@H]1C1=CC=CC=C1)N2C,CCC[C@@H]1[C@H]2CC[C@@H](C[C@H]1c1ccccc1)N2C,-50.0
7905649,COC(=O)[C@H]1CCN1CC1=CC=CC=C1,COC(=O)[C@H]1CCN1Cc1ccccc1,118.0
7991354,C([C@@H]1CO1)C1=CC=C2OCOC2=C1,c1cc2c(cc1C[C@@H]1CO1)OCO2,11.8
8114413,[H][C@]12CC[C@](C)(C3=C1N=C(C#N)C(=N3)C#N)C2(C)C,CC1(C)[C@H]2CC[C@]1(C)c1nc(C#N)c(C#N)nc12,-22.1
8318841,C\C=C\C[C@@]1(C)CCC2=CC=CC=C2C1=O,C/C=C/C[C@@]1(C)CCc2ccccc2C1=O,17.4
8616327,CCCCCC[C@H](CC)CO,CCCCCC[C@H](CC)CO,1.2
8621136,COC(=O)C[C@@H](CCO)C1=CC=C(F)C=C1,COC(=O)C[C@@H](CCO)c1ccc(F)cc1,-16.0
8685033,C[C@H]1OC(C)(C)O[C@@H]1C[C@@H](O)CC#C,C#CC[C@H](O)C[C@H]1OC(C)(C)O[C@@H]1C,44.0
8764495,CC[C@@H]1CNCC[C@@H]1C1=CC=CC=C1,CC[C@@H]1CNCC[C@@H]1c1ccccc1,-96.1
8767731,[H][C@@]12C=C(CO)C(=O)[C@]1([H])[C@@H]1C[C@H]2C=C1,O=C1C(CO)=C[C@@H]2[C@H]1[C@H]1C=C[C@@H]2C1,-84.6
8767738,[H][C@@]12CCC(=O)N1[C@@H](CCC)CCC2,CCC[C@H]1CCC[C@@H]2CCC(=O)N21,48.2
8839010,CCCCS[C@H](C)CC(=O)N1CCOC1=O,CCCCS[C@H](C)CC(=O)N1CCOC1=O,7.0
8907714,CCC(=O)C(C)(C)[C@@H](O)CC(=O)OC(C)(C)C,CCC(=O)C(C)(C)[C@@H](O)CC(=O)OC(C)(C)C,-33.3
8918062,COC1=CC=C(C)C=C1[C@@]1(C)CCC[C@@]1(C)CO,COc1ccc(C)cc1[C@@]1(C)CCC[C@@]1(C)CO,-12.0
9043993,C[C@@H](OC(C)=O)\C=C/C(O)=O,CC(=O)O[C@H](C)/C=C\C(=O)O,-19.6
9394056,CC(=O)[C@]1(CC(C)(C)OC1=O)C1=CC=CC=C1,CC(=O)[C@@]1(c2ccccc2)CC(C)(C)OC1=O,138.0
9399211,O[C@H]1CCN(C(=O)OCC2=CC=CC=C2)C1=O,O=C(OCc1ccccc1)N1CC[C@H](O)C1=O,-63.9
9485289,COC(=O)C[C@H](C)C1=CC=C(C=C1OC)N(C)C,COC(=O)C[C@H](C)c1ccc(N(C)C)cc1OC,20.1
9623846,CC1=NC(=CC=C1)N1O[C@@H]2CCC[C@H]1C=C2,Cc1cccc(N2O[C@H]3C=C[C@@H]2CCC3)n1,-167.0
9757744,CCOC(=O)C[C@@H](O)C=C,C=C[C@H](O)CC(=O)OCC,6.7
9770393,C[C@@H]1OC(C)(C)O[C@H]1CC[C@@H]1OC(=O)C=CC1=O,C[C@@H]1OC(C)(C)O[C@H]1CC[C@@H]1OC(=O)C=CC1=O,-54.0
9899792,O=C([C@H]1CO1)C1=CC=CC=C1,O=C(c1ccccc1)[C@H]1CO1,53.7
9904445,CCCCCC[C@H]1O[C@]1(C)CO,CCCCCC[C@H]1O[C@]1(C)CO,16.2
9995387,C[C@@H]1[C@H](OC1=O)C1=CC=CC=C1,C[C@H]1C(=O)O[C@@H]1c1ccccc1,46.6
9997713,CC1=CC(=CC=C1)[C@H]1CCC(=O)C1,Cc1cccc([C@H]2CCC(=O)C2)c1,-89.0
9999889,CC(C)(C)[Si](C)(C)OC[C@H]1OC(=O)CC=C1,CC(C)(C)[Si](C)(C)OC[C@@H]1C=CCC(=O)O1,-71.0
10063941,O=C[C@@H](COCC1=CC=CC=C1)N=N#N,[N-]=[N+]=N[C@@H](C=O)COCc1ccccc1,-10.0
10075119,C[C@@H](O)C#CCCCO[Si](C)(C)C(C)(C)C,C[C@@H](O)C#CCCCO[Si](C)(C)C(C)(C)C,16.0
10153645,O[C@@H](CN(=O)=O)C1CCCC1,O=[N+]([O-])C[C@H](O)C1CCCC1,-3.18
10245116,O=C[C@H]1C[C@@H]1C1=CC=CO1,O=C[C@H]1C[C@@H]1c1ccco1,320.0
10246461,COC1=CC=C(C=C1)[C@H]1C[C@@H]1C=O,COc1ccc([C@H]2C[C@@H]2C=O)cc1,228.0
10336598,CC[C@H](CC=C)C(=O)C1=CC=CC=C1,C=CC[C@@H](CC)C(=O)c1ccccc1,-26.0
10338982,COC(=O)[C@@H](OCC1=C(F)C=CC=C1)C(C)C,COC(=O)[C@@H](OCc1ccccc1F)C(C)C,-64.9
10339875,CC[C@H](C)[C@H](OCC1=CC=CC=C1)C(=O)OC,CC[C@H](C)[C@H](OCc1ccccc1)C(=O)OC,-66.7
10343968,CC[C@H](C)[C@H](OCC1=CC=CC=C1)\C=C\N(=O)=O,CC[C@H](C)[C@@H](/C=C/[N+](=O)[O-])OCc1ccccc1,-20.1
10344048,CC(C)[C@H](OCC1=CC=CC=C1F)\C=C\N(=O)=O,CC(C)[C@@H](/C=C/[N+](=O)[O-])OCc1ccccc1F,-27.2
10345752,CC[C@H](C)[C@H](OCC1=CC(F)=CC(F)=C1)C=O,CC[C@H](C)[C@@H](C=O)OCc1cc(F)cc(F)c1,-65.9
10345944,CC[C@H](C)[C@H](OCC1=CC=CC(F)=C1F)C=O,CC[C@H](C)[C@@H](C=O)OCc1cccc(F)c1F,-64.7
10426304,CNC(=O)O[C@H](CCl)C1=CC=CO1,CNC(=O)O[C@H](CCl)c1ccco1,94.0
10426626,CC(=O)C[C@H](C#C)C1=CC=CC=C1,C#C[C@@H](CC(C)=O)c1ccccc1,7.81
10427453,CCCC[C@@H](O)C1=CC=CC(Cl)=C1,CCCC[C@@H](O)c1cccc(Cl)c1,20.0
10531445,CCCCCC[C@@H]1C[C@H]1C=O,CCCCCC[C@@H]1C[C@H]1C=O,-26.0
10654831,CC(=C)C[C@@H](O)CO,C=C(C)C[C@@H](O)CO,-2.7
10658644,C=CC[C@H](OCC#C)C1=CC=CO1,C#CCO[C@@H](CC=C)c1ccco1,-78.5
10659253,CC(C)([C@@H](CN(=O)=O)C1=CC=CC=C1)N(=O)=O,CC(C)([C@@H](C[N+](=O)[O-])c1ccccc1)[N+](=O)[O-],14.5
10660562,[H][C@@]12CN3C(=O)OC[C@]3([H])[C@]1([H])OC(C)(C)O2,CC1(C)O[C@H]2[C@H]3COC(=O)N3C[C@H]2O1,-19.8
10675912,C=C1CCC[C@@]11CCC2=CC=CC=C2C1=O,C=C1CCC[C@@]12CCc1ccccc1C2=O,4.0
11064638,COC(CN[C@@H](CO)C(=O)OC)OC,COC(=O)[C@H](CO)NCC(OC)OC,-5.8
11083822,COC1=C(C=CC=C1)[C@@H](O)C1=CC=C(C)C=C1,COc1ccccc1[C@@H](O)c1ccc(C)cc1,40.56
11140695,CCO[C@@H]1OC(C(=O)OCC)=C(C)C[C@@H]1C,CCOC(=O)C1=C(C)C[C@H](C)[C@H](OCC)O1,-117.0
11159928,COC1=CC=C2[C@@H](CC(=O)C2=C1)C1=CC=CC=C1,COc1ccc2c(c1)C(=O)C[C@H]2c1ccccc1,43.4
11222204,CC(=O)OC[C@H]1O[C@H](C[C@@H]1OC(C)=O)C#C,C#C[C@H]1C[C@H](OC(C)=O)[C@@H](COC(C)=O)O1,58.3
11222207,CC(=O)OC[C@H]1O[C@@H](C[C@@H]1OC(C)=O)C#C,C#C[C@@H]1C[C@H](OC(C)=O)[C@@H](COC(C)=O)O1,35.69
15744901,[H][C@]12COC(=O)N1[C@H](CO)C=C2,O=C1OC[C@@H]2C=C[C@@H](CO)N12,-169.0
15807826,CCOC(=O)[C@](O)(CN(=O)=O)C(C)C,CCOC(=O)[C@](O)(C[N+](=O)[O-])C(C)C,17.9
15822294,CC(C)[C@@H](CN(=O)=O)C1=CC=CN1,CC(C)[C@@H](C[N+](=O)[O-])c1ccc[nH]1,10.6
18843703,COC(=O)[C@H]1NC(=O)C[C@@H]1C1=CC=C(Cl)C=C1,COC(=O)[C@H]1NC(=O)C[C@@H]1c1ccc(Cl)cc1,61.8
18843765,C[C@@H]1CCCCC[C@@H](O)C(=O)\C=C\C(=O)O1,C[C@@H]1CCCCC[C@@H](O)C(=O)/C=C/C(=O)O1,-23.0
19008876,CC[C@H]([C@@H](O)C1=C(C)C=CC=C1)N(=O)=O,CC[C@H]([C@@H](O)c1ccccc1C)[N+](=O)[O-],0.2
19008890,CC[C@@H]([C@@H](O)C1=C(OC)C=CC=C1)N(=O)=O,CC[C@@H]([C@@H](O)c1ccccc1OC)[N+](=O)[O-],24.0
19303326,CCOC(=O)C(=[N]#N)[C@@H](O)C1=CC=CO1,CCOC(=O)C(=[N+]=[N-])[C@@H](O)c1ccco1,-25.98
19339450,[H][C@@]1(COC(C)(C)O1)[C@H](O)[C@@](C)(F)C(=O)OCC,CCOC(=O)[C@](C)(F)[C@@H](O)[C@H]1COC(C)(C)O1,-5.7
19457404,O=C1CC[C@@H](C1)C=CC1=CC=CC=C1,O=C1CC[C@H](C=Cc2ccccc2)C1,-69.8
19712177,C[C@H](CCO)C#CC1=CC=CC=C1,C[C@@H](C#Cc1ccccc1)CCO,-13.2
19769153,O[C@@H](CC1=CC=CO1)CN(=O)=O,O=[N+]([O-])C[C@@H](O)Cc1ccco1,33.5
19788906,[H][C@@]12OC(C)(C)O[C@@]1([H])[C@H](C=C[C@@H]2O)N=N#N,CC1(C)O[C@@H]2[C@@H](O1)[C@@H](O)C=C[C@@H]2N=[N+]=[N-],188.6
19879365,C[C@@]1(CO)O[C@@H]1CCC1=CC=CC=C1,C[C@@]1(CO)O[C@@H]1CCc1ccccc1,-10.2
20146278,[H][C@@]12CC3=C(C)C(=O)NC3=C[C@@]1(C)CCCC2=C,C=C1CCC[C@]2(C)C=C3NC(=O)C(C)=C3C[C@@H]12,104.3
20203047,CC[C@@](C)(CO)CCC1=CC=CC=C1,CC[C@@](C)(CO)CCc1ccccc1,11.93
20532623,CCCCCCCCC[C@@H](O)CN(=O)=O,CCCCCCCCC[C@@H](O)C[N+](=O)[O-],-4.9
20549199,CC(C)[C@H](O)C(C)(C)CO,CC(C)[C@H](O)C(C)(C)CO,-9.5
20753123,OCC[C@@H](CO)C1CCCCC1,OCC[C@@H](CO)C1CCCCC1,1.2
20754302,O[C@H](CN(=O)=O)C1=C(O)C=CC=C1,O=[N+]([O-])C[C@@H](O)c1ccccc1O,4.8
20807163,CC(=O)C[C@H]1CC(=O)N(C1=O)C1=CC=C(C)C=C1,CC(=O)C[C@H]1CC(=O)N(c2ccc(C)cc2)C1=O,11.7
21018580,CC[C@H](CO)[C@H](C=C)C1=CC=CC=C1,C=C[C@H](c1ccccc1)[C@H](CC)CO,-87.1
21018586,CC[C@@H]([C@H](C=C)C1=CC=CC=C1)C(=O)OC,C=C[C@H](c1ccccc1)[C@H](CC)C(=O)OC,-65.3
21018592,CC[C@@H]([C@H](C=C)C1=CC=CC=C1)C(=O)CC,C=C[C@H](c1ccccc1)[C@H](CC)C(=O)CC,-52.1
21263986,COC(=O)C[C@@H](N[C@H](C)C1=CC=CC=C1)C(C)C,COC(=O)C[C@@H](N[C@H](C)c1ccccc1)C(C)C,26.1
21379219,CC1=CC=CC=C1[C@@H](O)CC#C,C#CC[C@H](O)c1ccccc1C,-63.2
21379226,O[C@@H](CC#C)C1=CC=C(F)C=C1,C#CC[C@H](O)c1ccc(F)cc1,-26.3
21412790,[H][C@@]12C[C@@]([H])(C(C=NC3=CC=C(C)C=C3)=CC1)C2(C)C,Cc1ccc(N=CC2=CC[C@H]3C[C@@H]2C3(C)C)cc1,25.3
21431527,O[C@H](COC1=CC=CC=C1)C1=CC=C(Cl)C=C1,O[C@H](COc1ccccc1)c1ccc(Cl)cc1,35.8
21544828,CC(C)[C@]1(C)N[C@H](NC1=O)C1=NC=CC=C1,CC(C)[C@]1(C)N[C@@H](c2ccccn2)NC1=O,37.0
21559251,CC[C@@H]1CCC(=N1)C1=CC=CC=C1,CC[C@@H]1CCC(c2ccccc2)=N1,7.73
21559268,CC(C)C[C@@H]1CCC(=N1)C1=CC=CC=C1,CC(C)C[C@@H]1CCC(c2ccccc2)=N1,25.0
21635491,[H][C@@]12C[C@@]1(CC=C2C)[C@@H](C)CCC=C(C)C,CC(C)=CCC[C@H](C)[C@@]12CC=C(C)[C@@H]1C2,8.5
21690113,CCC[C@H]1NC2=CC=CC=C2OC2=CC=CC=C12,CCC[C@H]1Nc2ccccc2Oc2ccccc21,22.2
21825163,O[C@@H](CC=C)C1=CC(=CC=C1)C#N,C=CC[C@H](O)c1cccc(C#N)c1,33.9
21894461,CCCCC(=O)O[C@H](C)C1=CC=CC(Cl)=C1,CCCCC(=O)O[C@H](C)c1cccc(Cl)c1,63.3
21894462,CCCCC(=O)O[C@H](C)C1=CC=C(Cl)C=C1,CCCCC(=O)O[C@H](C)c1ccc(Cl)cc1,69.1
21894464,CCCCC(=O)O[C@H](C)C1=CC=CC=C1Cl,CCCCC(=O)O[C@H](C)c1ccccc1Cl,41.3
21894465,CCCCC(=O)O[C@H](C)C1=CC=CC=C1C,CCCCC(=O)O[C@H](C)c1ccccc1C,62.4
21894467,CCCCC(=O)O[C@H](C)C1=CC=CC(C)=C1C,CCCCC(=O)O[C@H](C)c1cccc(C)c1C,44.3
21894468,CCCCC(=O)O[C@H](C)C1=CC=C(C)C(C)=C1,CCCCC(=O)O[C@H](C)c1ccc(C)c(C)c1,50.2
21894469,CCCCC(=O)O[C@H](C)C1=CC(C)=CC(C)=C1,CCCCC(=O)O[C@H](C)c1cc(C)cc(C)c1,47.8
22075948,ClC1=CC=C(C=C1)[C@H](CN(=O)=O)C(C#N)C#N,N#CC(C#N)[C@@H](C[N+](=O)[O-])c1ccc(Cl)cc1,3.16
22124372,CCC1=CC=C(C=C1)[C@H](O)CN(=O)=O,CCc1ccc([C@H](O)C[N+](=O)[O-])cc1,32.0
22145375,CC(C)(C)[C@@H](CC(=O)C1=CC=CC=C1)C(C#N)C#N,CC(C)(C)[C@@H](CC(=O)c1ccccc1)C(C#N)C#N,25.6
22375044,CN1C2=CC=CC=C2[C@](F)(C1=O)C1=CC=CC=C1,CN1C(=O)[C@](F)(c2ccccc2)c2ccccc21,110.7
22379280,COC(=O)[C@@]1(C(C)=C=C)C(=O)NC2=CC=CC=C12,C=C=C(C)[C@]1(C(=O)OC)C(=O)Nc2ccccc21,-206.9
22472545,COC1=CC=C(COC\C=C/C[C@@H](C)C=O)C=C1,COc1ccc(COC/C=C\C[C@@H](C)C=O)cc1,-4.6
22498710,C[C@H](O)C1=C(C=CC=C1)C#N,C[C@H](O)c1ccccc1C#N,-47.6
22574909,CC(C)C[C@@H](O)C1=CC=CC2=CC=CC=C12,CC(C)C[C@@H](O)c1cccc2ccccc12,71.6
22591458,C[C@H](C#C)C(CO)CO,C#C[C@@H](C)C(CO)CO,141.0
22620091,COC1=CC(=O)OC2=C1CO[C@@H](CC(C)=O)C2,COc1cc(=O)oc2c1CO[C@@H](CC(C)=O)C2,50.7
22653276,CC[S@@](=O)C1=CC=C2C=CC=CC2=C1,CC[S@@](=O)c1ccc2ccccc2c1,138.0
22662497,[H][C@@]12CO[C@@H](N1C(=O)CN=C2OC)C1=CC=CC=C1,COC1=NCC(=O)N2[C@@H](c3ccccc3)OC[C@@H]12,-63.2
22878198,CCCCCC[C@@H](C)C(=O)NC1=CC=CC=C1,CCCCCC[C@@H](C)C(=O)Nc1ccccc1,10.4
23098827,COC1=CC=CC(=C1)[C@@H](O)C(F)(F)F,COc1cccc([C@@H](O)C(F)(F)F)c1,-13.6
23158137,COC1=CC=C(C=C1)[C@@H](O)C#C[Si](C)(C)C,COc1ccc([C@@H](O)C#C[Si](C)(C)C)cc1,2.5
23159343,CC1=CC=CC(OC[C@@H](O)CN(=O)=O)=C1,Cc1cccc(OC[C@@H](O)C[N+](=O)[O-])c1,-22.58
23159344,COC1=C(OC[C@@H](O)CN(=O)=O)C=CC=C1,COc1ccccc1OC[C@@H](O)C[N+](=O)[O-],-7.39
23358712,C[C@H](C#N)C1=C(C)C=C(C)C=C1C,Cc1cc(C)c([C@H](C)C#N)c(C)c1,-48.0
23425396,[H][C@]12NC(=O)O[C@]1([H])C1=C(C=C2)C=C2OCOC2=C1,O=C1N[C@@H]2C=Cc3cc4c(cc3[C@H]2O1)OCO4,-314.9
23528770,COC1=CC=CC(=C1)[C@H]1CCCC(=O)O1,COc1cccc([C@H]2CCCC(=O)O2)c1,26.2
23579387,C1CC2=CC=CC=C2C[C@@H]1C1=CC=CC=C1,c1ccc([C@@H]2CCc3ccccc3C2)cc1,44.11
23747943,CC1=CC=C(C=C1)C(=O)C[C@H]1CCCCO1,Cc1ccc(C(=O)C[C@H]2CCCCO2)cc1,14.9
23747945,O=C(CCC1=CC=CC=C1)C[C@H]1CCCCO1,O=C(CCc1ccccc1)C[C@H]1CCCCO1,3.5
23939398,[H][C@@]1(CCC)CCC2=C(O1)C=CC=C2,CCC[C@@H]1CCc2ccccc2O1,99.1
23988515,N[C@@H](CC(=O)OCC1=CC=CC=C1)C(F)(F)F,N[C@@H](CC(=O)OCc1ccccc1)C(F)(F)F,-1.43
24652361,CC(C)[C@@H]1CC[C@@H](C)C[C@H]1OC(N)=S,CC(C)[C@@H]1CC[C@@H](C)C[C@H]1OC(N)=S,-98.9
26717994,COC(OC)[C@@H]1CCC[C@H]1CN(=O)=O,COC(OC)[C@@H]1CCC[C@H]1C[N+](=O)[O-],-15.0
26773585,CCOC(=O)[C@@]1(N)CC2=C(C1)C=C(C=C2)C#N,CCOC(=O)[C@@]1(N)Cc2ccc(C#N)cc2C1,8.0
26787087,CC(C)OC(=O)[C@@H](O)C1=CC=CC2=CC=CC=C12,CC(C)OC(=O)[C@@H](O)c1cccc2ccccc12,93.18
26787088,CC(C)OC(=O)[C@@H](O)C1=CC2=CC=CC=C2C=C1,CC(C)OC(=O)[C@@H](O)c1ccc2ccccc2c1,85.71
26787705,C[C@@H]1CCC\C=C\C=C/C(=O)O1,C[C@@H]1CCC/C=C/C=C\C(=O)O1,-112.3
27076348,CC(=O)C[C@@H](O)COCC1=CC=CC=C1,CC(=O)C[C@@H](O)COCc1ccccc1,16.4
27638463,FC(F)(F)[C@H](CC1=CC=CC=C1)CN(=O)=O,O=[N+]([O-])C[C@@H](Cc1ccccc1)C(F)(F)F,-12.2
27638471,CC1=CC=C(C=C1)[C@H](CN(=O)=O)C(F)(F)F,Cc1ccc([C@H](C[N+](=O)[O-])C(F)(F)F)cc1,17.8
27638475,CC1=CC(=CC=C1)[C@H](CN(=O)=O)C(F)(F)F,Cc1cccc([C@H](C[N+](=O)[O-])C(F)(F)F)c1,49.4
27638479,FC1=CC=C(C=C1)[C@H](CN(=O)=O)C(F)(F)F,O=[N+]([O-])C[C@@H](c1ccc(F)cc1)C(F)(F)F,42.8
27643874,[H][C@]12COC(=O)C1=CC[C@]1(C)C3=CC=CC=C3CC[C@@]21[H],C[C@]12CC=C3C(=O)OC[C@@H]3[C@@H]1CCc1ccccc12,-29.4
27643875,[H][C@@]12CCC3=CC=CC=C3[C@@]1(C)CCC1=C2COC1=O,C[C@]12CCC3=C(COC3=O)[C@@H]1CCc1ccccc12,-25.1
27738891,[H][C@]1(CC=CC(=O)O1)[C@H](O)[C@H](Cl)C1=CC=CC=C1,O=C1C=CC[C@@H]([C@H](O)[C@H](Cl)c2ccccc2)O1,-114.0
28146626,C[C@H]1CC2=CC(Cl)=CC=C2O1,C[C@H]1Cc2cc(Cl)ccc2O1,-20.6
28587735,CCC[C@H](O)C1=CC=CN=C1,CCC[C@H](O)c1cccnc1,-4.6
28983812,COC1=CC=C(C=C1)[C@H]1NC2=CC=CC=C2C[C@H]1C,COc1ccc([C@H]2Nc3ccccc3C[C@H]2C)cc1,18.3
28983813,C[C@@H]1CC2=CC=CC=C2N[C@@H]1C1=CC=CO1,C[C@@H]1Cc2ccccc2N[C@@H]1c1ccco1,95.1
28983814,C[C@@H]1CC2=CC=CC=C2N[C@@H]1C1=CC=CS1,C[C@@H]1Cc2ccccc2N[C@@H]1c1cccs1,105.7
28983815,CC[C@@H]1CC2=CC=CC=C2N[C@@H]1C1=CC=CC=C1,CC[C@@H]1Cc2ccccc2N[C@@H]1c1ccccc1,59.2
28983816,CCC[C@@H]1CC2=CC=CC=C2N[C@@H]1C1=CC=CC=C1,CCC[C@@H]1Cc2ccccc2N[C@@H]1c1ccccc1,66.9
29054689,CC[C@@H]1CCS(=O)(=O)O1,CC[C@@H]1CCS(=O)(=O)O1,16.5
29696002,C[C@@H]([C@@H](O)CC=C)C(O)=O,C=CC[C@H](O)[C@H](C)C(=O)O,-3.12
29910155,CCCCC[C@@H](O)C#CC(=O)OC,CCCCC[C@@H](O)C#CC(=O)OC,5.7
29962243,C[C@@H]1CCN(CC2=CC=CC=C2)CC(=O)N1,C[C@@H]1CCN(Cc2ccccc2)CC(=O)N1,-4.7
30071478,C=CCN1C[C@@H](C=C)N2C(=CC3=CC=CC=C23)C1=O,C=CCN1C[C@@H](C=C)n2c(cc3ccccc32)C1=O,29.7
31173890,C[C@@H]([C@@H](O)C1=CC=C(Cl)C=C1)N1CCOCC1,C[C@@H]([C@@H](O)c1ccc(Cl)cc1)N1CCOCC1,52.7
31173902,C[C@@H]([C@@H](O)C1=CC=C(C)C=C1)N1CCOCC1,Cc1ccc([C@H](O)[C@H](C)N2CCOCC2)cc1,48.3
31197642,[H][C@]12CCO[C@]1([H])C1=C(O[C@@H]2\C(C)=C\C)C=CC=C1,C/C=C(\C)[C@H]1Oc2ccccc2[C@H]2OCC[C@H]12,23.9
31448269,CCOC(=O)[C@H]1CC(=O)C2=CC(F)=CC=C2O1,CCOC(=O)[C@H]1CC(=O)c2cc(F)ccc2O1,-29.7
31554654,CC[C@H](CCC1=CC=CC=C1)NC(C)=O,CC[C@H](CCc1ccccc1)NC(C)=O,21.19
32209491,OC[C@@H]1C[C@]1(CO)N1C=NC2=C1N=CN=C2Cl,OC[C@@H]1C[C@]1(CO)n1cnc2c(Cl)ncnc21,-60.6
32399780,FC1=C2C=CN([C@H]3OCCC=C3)C2=CC=C1,Fc1cccc2c1ccn2[C@@H]1C=CCCO1,84.2
32399787,C1CC2=C(C1)C1=CC=CC=C1N2[C@H]1OCCC=C1,C1=C[C@@H](n2c3c(c4ccccc42)CCC3)OCC1,-21.8
32404169,CCC(=O)O[C@@H](C)N1C=NC2=C(Cl)N=CN=C12,CCC(=O)O[C@@H](C)n1cnc2c(Cl)ncnc21,-14.5
33377213,CN1C(=O)[C@@]2(NCCN3C=CC=C23)C2=CC=CC=C12,CN1C(=O)[C@@]2(NCCn3cccc32)c2ccccc21,-89.52
33832833,COC(=O)[C@@H](O)CC1=C(C)C=C(C)C=C1C,COC(=O)[C@@H](O)Cc1c(C)cc(C)cc1C,2.8
33934539,CCN(CC)C1=C2N=CN([C@@H](C)CO)C2=NC=N1,CCN(CC)c1ncnc2c1ncn2[C@@H](C)CO,-22.0
34256809,CCCCCC[C@H](C)CCC=C,C=CCC[C@@H](C)CCCCCC,-5.0
34466898,O[C@@H](COC1=CC=CC=C1)CN(=O)=O,O=[N+]([O-])C[C@@H](O)COc1ccccc1,25.38
34466899,O[C@H](COC1=CC=CC=C1)CN(=O)=O,O=[N+]([O-])C[C@H](O)COc1ccccc1,-22.38
35121653,N[C@@H](CC=CC1=CC=CC=C1)C(F)(F)F,N[C@@H](CC=Cc1ccccc1)C(F)(F)F,-101.4
35146704,COC1=C(C=CC=C1)[C@@H]1CC(=O)C2=CC=CC=C12,COc1ccccc1[C@@H]1CC(=O)c2ccccc21,29.1
35375224,CC[C@@H](C#CC1=CC=C(OC)C=C1)C1=CC=CC=C1,CC[C@@H](C#Cc1ccc(OC)cc1)c1ccccc1,-5.0
35389037,CC1=CC=C(C=C1)[C@@H](N)C\C=C\C1=CC=CC=C1,Cc1ccc([C@@H](N)C/C=C/c2ccccc2)cc1,-15.7
35525367,C[C@@H]1CC2=CC(C)=CC=C2N[C@@H]1C1=CC=CC=C1,Cc1ccc2c(c1)C[C@@H](C)[C@@H](c1ccccc1)N2,19.2
35762476,O[C@]1(COC2=C1C=CC=C2)C1=CC=CS1,O[C@@]1(c2cccs2)COc2ccccc21,-94.6
35762478,CC(C)(C)[C@]1(O)COC2=C1C=CC=C2,CC(C)(C)[C@]1(O)COc2ccccc21,-16.2
35762481,O[C@]1(COC2=C1C=C(Cl)C=C2)C1=CC=CC=C1,O[C@@]1(c2ccccc2)COc2ccc(Cl)cc21,-43.6
35762485,O[C@]1(COC2=CC=CC=C12)C1=CC=CC=C1,O[C@@]1(c2ccccc2)COc2ccccc21,-107.1
35762494,O[C@]1(COC2=CC=CC=C12)C1=CC=C(F)C=C1,O[C@@]1(c2ccc(F)cc2)COc2ccccc21,-78.0
35762504,O[C@]1(COC2=CC=CC=C12)C1=CC=C(Cl)C=C1,O[C@@]1(c2ccc(Cl)cc2)COc2ccccc21,-75.9
35762512,CC1=CC=C(C=C1)[C@]1(O)COC2=CC=CC=C12,Cc1ccc([C@]2(O)COc3ccccc32)cc1,-127.3
35762517,COC1=C(C=CC=C1)[C@]1(O)COC2=C1C=CC=C2,COc1ccccc1[C@]1(O)COc2ccccc21,-164.1
35938558,C[C@H]1CC2=C(O1)C=CC(=C2)C1=CC=CC=C1,C[C@H]1Cc2cc(-c3ccccc3)ccc2O1,14.6
36247228,C[C@H]1OC(C)(C)C2=CC=CC(Br)=C12,C[C@H]1OC(C)(C)c2cccc(Br)c21,40.9
36786034,O[C@H]([C@@H]1CCCC=C1)C1=CC=CC=C1,O[C@@H](c1ccccc1)[C@H]1C=CCCC1,11.54
36946687,COC1=CC2=C(C=C1OC)[C@@H](C)C(=O)NCC2,COc1cc2c(cc1OC)[C@@H](C)C(=O)NCC2,-144.0
36946689,COC1=CC2=C(CCNC(=O)[C@@H]2C)C=C1,COc1ccc2c(c1)[C@@H](C)C(=O)NCC2,12.0
37433870,ClC1=CC=C2C(=O)C[C@H](C2=C1)C1=CC=CC=C1,O=C1C[C@@H](c2ccccc2)c2cc(Cl)ccc21,-12.8
37527131,CC(C)C[C@H](CC=C)NC(=O)OC(C)(C)C,C=CC[C@@H](CC(C)C)NC(=O)OC(C)(C)C,31.8
38885326,[H][C@]1(CC=C(C)[C@@H](O)[C@H]1O)[C@@](C)(O)CCC=C(C)C,CC(C)=CCC[C@](C)(O)[C@@H]1CC=C(C)[C@@H](O)[C@H]1O,-58.0
38929335,F[C@@H](C(=O)C1=NC=CC=C1)C1=CC=CC=C1,O=C(c1ccccn1)[C@H](F)c1ccccc1,-94.2
38929346,C[C@H](CC1=NC=CC=C1)C1=CC=CC=C1,C[C@H](Cc1ccccn1)c1ccccc1,-60.3
39658012,CO[C@H]1OC[C@H](C=C)[C@@H]1C(=O)C1=CC=C(C)C=C1,C=C[C@H]1CO[C@H](OC)[C@H]1C(=O)c1ccc(C)cc1,56.8
39658018,CO[C@H]1OC[C@H](C=C)[C@@H]1C(=O)C1=CC=CC=C1,C=C[C@H]1CO[C@H](OC)[C@H]1C(=O)c1ccccc1,63.6
39658025,CO[C@H]1OC[C@H](C=C)[C@@H]1C(=O)C1=CC=CO1,C=C[C@H]1CO[C@H](OC)[C@H]1C(=O)c1ccco1,48.0
39658038,CO[C@H]1OC[C@H](C=C)[C@@H]1C(=O)C1=CC=CC=C1C,C=C[C@H]1CO[C@H](OC)[C@H]1C(=O)c1ccccc1C,31.2
39658043,CO[C@H]1OC[C@H](C=C)[C@@H]1C(=O)C1=CC=CC(C)=C1,C=C[C@H]1CO[C@H](OC)[C@H]1C(=O)c1cccc(C)c1,49.4
39658044,CCO[C@H]1OC[C@H](C=C)[C@@H]1C(=O)C1=CC=CC=C1,C=C[C@H]1CO[C@H](OCC)[C@H]1C(=O)c1ccccc1,70.6
1237942,C[C@H]1OC(=O)CCC1=O,C[C@H]1OC(=O)CCC1=O,277.0
1344287,C[C@@H]1[C@H](OC1=O)C1=CC=C(Cl)C=C1,C[C@H]1C(=O)O[C@@H]1c1ccc(Cl)cc1,25.5
1428230,CO[C@H]1O[C@H](C)C(=O)[C@H]2OC(C)(C)O[C@@H]12,CO[C@H]1O[C@H](C)C(=O)[C@H]2OC(C)(C)O[C@@H]12,65.4
2330153,[H][C@@](O)(C1CCCCC1)C1=CC=C(C)C=C1,Cc1ccc([C@H](O)C2CCCCC2)cc1,28.0
2444570,CC(C)[C@H]1CC[C@H](C)C[C@@H]1OC(N)=S,CC(C)[C@H]1CC[C@H](C)C[C@@H]1OC(N)=S,97.5
2612996,C[C@]1(C[C@H]1C=O)C1=CC=CC=C1,C[C@@]1(c2ccccc2)C[C@H]1C=O,-114.3
4294180,CC1(C)OC[C@H](O1)[C@H](O)[C@H]1CCCC(=O)O1,CC1(C)OC[C@@H]([C@H](O)[C@H]2CCCC(=O)O2)O1,-24.6
4375419,[H][C@](C)(CC)C(=O)C1=CC=CS1,CC[C@H](C)C(=O)c1cccs1,12.3
4677304,C[C@@H]1O[C@H](C[C@@H](O)[C@H]1O)OCC1=CC=CC=C1,C[C@@H]1O[C@@H](OCc2ccccc2)C[C@@H](O)[C@H]1O,-112.0
4680593,[H][C@@]1(COC(C)(C)O1)[C@@H](O)[C@@H]1CCCC(=O)O1,CC1(C)OC[C@H]([C@@H](O)[C@@H]2CCCC(=O)O2)O1,21.6
5250853,CCOC(=O)\C=C\[C@H](C)[C@@H](O)CC,CCOC(=O)/C=C/[C@H](C)[C@@H](O)CC,-45.4
5253010,CC[C@H](C)C(=O)C1=CC=C(OC)C=C1,CC[C@H](C)C(=O)c1ccc(OC)cc1,27.3
5339107,CC(=O)N[C@@]1(C)CC[C@H]2C[C@@H]1C(C)=NC2(C)C,CC(=O)N[C@@]1(C)CC[C@H]2C[C@@H]1C(C)=NC2(C)C,108.0
5728802,C[C@@]12CC[C@@H]1C(=O)CCC2,C[C@]12CCCC(=O)[C@H]1CC2,139.0
5733451,CO[C@H]1O[C@@H](C)[C@@H](O)[C@H]2OC(C)(C)O[C@@H]12,CO[C@H]1O[C@@H](C)[C@@H](O)[C@H]2OC(C)(C)O[C@@H]12,136.4
5738326,C[C@@H](Cl)C1=NN=C([C@@H](C)Cl)N1N,C[C@@H](Cl)c1nnc([C@@H](C)Cl)n1N,-216.5
5742085,CO[C@H]1O[C@@H](C)C(=O)[C@H]2OC(C)(C)O[C@@H]12,CO[C@H]1O[C@@H](C)C(=O)[C@H]2OC(C)(C)O[C@@H]12,-16.9
5850060,CO[C@H]1O[C@H](C)[C@@H](O)[C@@H]2OC(C)(C)O[C@@H]12,CO[C@H]1O[C@H](C)[C@@H](O)[C@@H]2OC(C)(C)O[C@@H]12,137.8
6644812,CC[C@@](O)(CO)COCC1=CC=CC=C1,CC[C@@](O)(CO)COCc1ccccc1,-8.5
6799031,COC1=C(C=C(C)C=C1)[C@H](C)O,COc1ccc(C)cc1[C@H](C)O,-25.0
6897822,[H][C@@](CC)(CO)C1CCCCC1,CC[C@H](CO)C1CCCCC1,4.5
6956059,CC(C)[C@@H](O)[C@@H](N=N#N)C(O)=O,CC(C)[C@@H](O)[C@@H](N=[N+]=[N-])C(=O)O,42.0
7013539,[H][C@]12CC[C@@]1(C)CCC2=O,C[C@]12CCC(=O)[C@H]1CC2,284.0
7074110,C[C@@H](N)[C@H](O)CC1=CC=CC=C1,C[C@@H](N)[C@H](O)Cc1ccccc1,20.0
7253027,[H][C@](C)(OC1=C(OC)C=CC=C1OC)C(=O)OCC,CCOC(=O)[C@@H](C)Oc1c(OC)cccc1OC,29.3
7367370,CCC[C@H]1CCCC(C)=N1,CCC[C@H]1CCCC(C)=N1,4.0
7369668,[H][C@@]12CC[C@H](CCCC)N1C(=O)CCC2,CCCC[C@H]1CC[C@H]2CCCC(=O)N21,45.48
7424944,[H][C@@]12CCCN1[C@H](CC(=O)OCC)CCC2,CCOC(=O)C[C@@H]1CCC[C@@H]2CCCN21,-52.2
7513708,CCCCCCCC[C@H](CC)CO,CCCCCCCC[C@H](CC)CO,-1.3
7621502,C[Si](C)(C)O[C@@H](CCC1=CC=CC=C1)CC=C,C=CC[C@H](CCc1ccccc1)O[Si](C)(C)C,-8.9
7640246,[H][C@@]12CCCN1C(=O)C[C@@H]2NCC1=CC=CC=C1,O=C1C[C@H](NCc2ccccc2)[C@@H]2CCCN12,-36.0
7688219,CC(=O)O[C@H](CC=C)C1=C(Cl)C=CC=C1,C=CC[C@@H](OC(C)=O)c1ccccc1Cl,-68.8
7712239,COC1=C(O[C@@H](CC#N)C2=CC=CC=C2)C=CC=C1,COc1ccccc1O[C@@H](CC#N)c1ccccc1,-49.4
8263385,CCOC(=O)[C@@H]1CS[C@@]2(C)CCCC(=O)N12,CCOC(=O)[C@@H]1CS[C@@]2(C)CCCC(=O)N12,-123.3
8314965,C[C@H](CC=O)N1C(=O)C2=CC=CC=C2C1=O,C[C@H](CC=O)N1C(=O)c2ccccc2C1=O,3.4
8615243,C\C=C\[C@@H](O)C#C[Si](C)(C)C,C/C=C/[C@@H](O)C#C[Si](C)(C)C,-21.2
8688978,C[C@H](NCC1=CC=CC=N1)[C@@H](O)C1=CC=CC=C1,C[C@H](NCc1ccccn1)[C@@H](O)c1ccccc1,92.1
8762610,C[C@H]1[C@@H](N1S(C)(=O)=O)C1=CC=CC=C1,C[C@H]1[C@H](c2ccccc2)N1S(C)(=O)=O,-95.2
8837618,CC(C)([C@@H]1CCC(=C1)C(O)=O)C(O)=O,CC(C)(C(=O)O)[C@H]1C=C(C(=O)O)CC1,19.1
9043992,C[C@@H](OC(C)=O)C#CC(O)=O,CC(=O)O[C@H](C)C#CC(=O)O,139.1
9125300,O=C([C@H]1N[C@H]1C1=CC=CC=C1)C1=CC=CC=C1,O=C(c1ccccc1)[C@H]1N[C@H]1c1ccccc1,-111.0
9189702,C[C@H](OCC=C)[C@@H](O)C=C,C=CCO[C@@H](C)[C@@H](O)C=C,41.8
9322007,CC[C@@H](CC1=CC=CC=C1)C=C,C=C[C@@H](CC)Cc1ccccc1,1.2
9480657,CCCCCC[C@@H](O)[C@@H](C)CO,CCCCCC[C@@H](O)[C@@H](C)CO,16.1
9484729,C[C@@]1(CC=C)C(=O)CCC2=CC=CC=C12,C=CC[C@]1(C)C(=O)CCc2ccccc21,-38.0
9488382,CCCCCCCC[C@@H](O)[C@@H](C)C(O)=O,CCCCCCCC[C@@H](O)[C@@H](C)C(=O)O,1.9
9622755,CC(C)(C)C(=O)OCC[C@H](O)CC#C,C#CC[C@@H](O)CCOC(=O)C(C)(C)C,-10.7
9765416,C[C@@H]1OC(C)(C)O[C@H]1\C=C\C(=O)C1=CC=CO1,C[C@@H]1OC(C)(C)O[C@H]1/C=C/C(=O)c1ccco1,-17.0
9849718,CCCCC\C=N\N1[C@H](C)CC[C@H]1C,CCCCC/C=N/N1[C@H](C)CC[C@H]1C,-16.3
9854919,CC(=O)[C@H]1O[C@@H]2OC(=O)C[C@@H]2[C@@H]1C(=C)C(C)(C)C,C=C([C@H]1[C@H]2CC(=O)O[C@H]2O[C@@H]1C(C)=O)C(C)(C)C,9.18
9906940,CCCCCC[C@@H](C)C[C@H](C)CO,CCCCCC[C@@H](C)C[C@H](C)CO,-17.3
10000027,CCOC(=O)[C@H](CC)[C@@H](O)C1=CC=CC=C1,CCOC(=O)[C@H](CC)[C@@H](O)c1ccccc1,-3.56
10000290,C[C@H]1CC(=O)OC2=C1C(=O)OC(C)=C2,Cc1cc2c(c(=O)o1)[C@@H](C)CC(=O)O2,8.1
10005271,CC[C@H]1CC(=O)OC2=C1C(=O)CC(C)(C)C2,CC[C@H]1CC(=O)OC2=C1C(=O)CC(C)(C)C2,4.6
10006686,C[C@H]1CC(=O)OC2=C1C(=O)OC1=C2C=CC=C1,C[C@H]1CC(=O)Oc2c1c(=O)oc1ccccc21,-19.2
10007813,CCC[C@H]1CC(=O)OC2=C1C(=O)CC(C)(C)C2,CCC[C@H]1CC(=O)OC2=C1C(=O)CC(C)(C)C2,1.7
10075749,[H][C@@]12C[C@@]([H])(C(C=NC3=CC=C(OC)C=C3)=CC1)C2(C)C,COc1ccc(N=CC2=CC[C@H]3C[C@@H]2C3(C)C)cc1,33.2
10155092,CC(C)[C@@H](CO)NCC1=NC=CN1C,CC(C)[C@@H](CO)NCc1nccn1C,19.0
10156205,CN1C=CN=C1CN[C@H](CO)C(C)(C)C,Cn1ccnc1CN[C@H](CO)C(C)(C)C,5.0
10167382,C[C@H](CCCCCOCC1=CC=CC=C1)C(O)=O,C[C@H](CCCCCOCc1ccccc1)C(=O)O,-6.0
10247079,O=C[C@H]1C[C@@H]1C1=C(C=CC=C1)N(=O)=O,O=C[C@H]1C[C@@H]1c1ccccc1[N+](=O)[O-],109.0
10336449,CC(C)[C@H](OCC1=CC=CC=C1F)C=O,CC(C)[C@@H](C=O)OCc1ccccc1F,-77.0
10338317,CC(C)[C@H](OCC1=CC=CC=C1)\C=C\N(=O)=O,CC(C)[C@@H](/C=C/[N+](=O)[O-])OCc1ccccc1,-33.7
10340371,CC(C)[C@H](OCC1=C(F)C=CC=C1F)C=O,CC(C)[C@@H](C=O)OCc1c(F)cccc1F,-73.1
10343566,CC(C)[C@@H](CN(=O)=O)C1=CNC2=C1C=CC=C2,CC(C)[C@@H](C[N+](=O)[O-])c1c[nH]c2ccccc12,11.5
10346901,CC(=C)C[C@@]1(C)CCC2=CC=CC=C2C1=O,C=C(C)C[C@@]1(C)CCc2ccccc2C1=O,45.3
10426303,CNC(=O)O[C@@H](CCl)C1=CC=CO1,CNC(=O)O[C@@H](CCl)c1ccco1,-99.0
10439796,CO[C@@]1(C[C@H]2CC[C@]1(C)C2(C)C)C(=O)C=C,C=CC(=O)[C@@]1(OC)C[C@H]2CC[C@]1(C)C2(C)C,27.0
10661407,C([C@H]1CO1)C1=CC=C2OCOC2=C1,c1cc2c(cc1C[C@H]1CO1)OCO2,-11.6
11007916,[H][C@]12CC(C)(C)[C@@]1([H])CCCC2=O,CC1(C)C[C@@H]2C(=O)CCC[C@@H]21,163.0
11101893,C[C@H](CC(=O)N1CCOC1=O)SCCO,C[C@H](CC(=O)N1CCOC1=O)SCCO,7.8
11140751,[H][C@@](CC)(O[C@]([H])(CC=C)C(=O)N(C)C)[C@@H](O)CC=C,C=CC[C@@H](O[C@@H](CC)[C@@H](O)CC=C)C(=O)N(C)C,69.9
11140752,[H][C@@](CC)(O[C@@]([H])(CC=C)C(=O)N(C)C)[C@@H](O)CC=C,C=CC[C@H](O[C@@H](CC)[C@@H](O)CC=C)C(=O)N(C)C,-13.9
11140783,CC[C@H](OCC(=O)N(C)C)[C@@H](O)CC=C,C=CC[C@H](O)[C@H](CC)OCC(=O)N(C)C,72.4
11150316,CC[Si](CC)(CC)O[C@@H]1C[C@H](O)C=C1,CC[Si](CC)(CC)O[C@H]1C=C[C@@H](O)C1,17.2
11150317,CC[Si](CC)(CC)O[C@@H]1CC(=O)C=C1,CC[Si](CC)(CC)O[C@H]1C=CC(=O)C1,41.3
11276464,[H][C@]12CCC(C)=C(C1)CCCC2=O,CC1=C2CCCC(=O)[C@@H](CC1)C2,24.1
11591710,CCOC(=O)[C@@H](C)OC1=CC=C(Cl)C(C)=C1,CCOC(=O)[C@@H](C)Oc1ccc(Cl)c(C)c1,27.65
12372530,[H][C@@]12CCCC[C@@]([H])(C=C1)N(O2)C1=CC=CC(C)=N1,Cc1cccc(N2O[C@H]3C=C[C@@H]2CCCC3)n1,-77.0
15561734,CN1CCC[C@H]1C1=CN=C2OC3=C(C=CC=C3)C2=C1,CN1CCC[C@H]1c1cnc2oc3ccccc3c2c1,-131.0
15746539,C[C@]12CCCC(=O)N1CCC1=C2NC2=CC=CC=C12,C[C@]12CCCC(=O)N1CCc1c2[nH]c2ccccc12,157.7
15753295,C[C@H](CC=O)N1C(=O)CCC1=O,C[C@H](CC=O)N1C(=O)CCC1=O,4.8
15753296,C[C@@H](CC=O)N1C(=O)CCC1=O,C[C@@H](CC=O)N1C(=O)CCC1=O,6.0
15753297,CC[C@H](CC=O)N1C(=O)CCC1=O,CC[C@H](CC=O)N1C(=O)CCC1=O,17.5
15753301,CCC[C@H](CC=O)N1C(=O)CCC1=O,CCC[C@H](CC=O)N1C(=O)CCC1=O,17.5
15753309,CC\C=C/CC[C@H](CC=O)N1C(=O)CCC1=O,CC/C=C\CC[C@H](CC=O)N1C(=O)CCC1=O,27.3
15759719,C=CCCCC#CN1[C@@H](COC1=O)C1=CC=CC=C1,C=CCCCC#CN1C(=O)OC[C@H]1c1ccccc1,-123.0
15807838,CCOC(=O)[C@](O)(CN(=O)=O)C1CCCCC1,CCOC(=O)[C@](O)(C[N+](=O)[O-])C1CCCCC1,17.3
15820000,[2H]C1=C([2H])C([2H])=C(C([2H])=C1[2H])[S@](=O)C1=CC=CC=C1,[2H]c1c([2H])c([2H])c([S@](=O)c2ccccc2)c([2H])c1[2H],3.5
18578155,CC1=CC=C(C=C1)[C@H](O)C1=CN=CC=C1,Cc1ccc([C@H](O)c2cccnc2)cc1,13.33
18848468,CC[C@H]([C@@H](CN(=O)=O)C1=CC=C(C)C=C1)N(=O)=O,CC[C@H]([C@@H](C[N+](=O)[O-])c1ccc(C)cc1)[N+](=O)[O-],17.7
18899239,CC(C)[C@@H]1C[C@@H](O)[C@@H](C[C@H]1O)C(C)C,CC(C)[C@@H]1C[C@@H](O)[C@H](C(C)C)C[C@H]1O,-36.1
18907139,CCC[C@H](CN(=O)=O)C1=CNC2=CC=CC=C12,CCC[C@H](C[N+](=O)[O-])c1c[nH]c2ccccc12,-36.7
19008875,CC[C@@H]([C@@H](O)C1=C(C)C=CC=C1)N(=O)=O,CC[C@@H]([C@@H](O)c1ccccc1C)[N+](=O)[O-],34.1
19033525,[H][C@]12C[C@@H](C)OC(=O)[C@@]1([H])[C@@H](O)[C@H](O)[C@H](O2)\C=C\C,C/C=C/[C@H]1O[C@H]2C[C@@H](C)OC(=O)[C@H]2[C@@H](O)[C@@H]1O,-28.2
19092100,O[C@H](C1=CC=CN=C1)C1=C(Cl)C=CC=C1,O[C@H](c1cccnc1)c1ccccc1Cl,3.84
19158180,CCCCCC[C@H](C)C[C@H](C)[C@@H](O)[C@@H](C)C=C,C=C[C@H](C)[C@H](O)[C@@H](C)C[C@@H](C)CCCCCC,2.0
19225774,C[C@@H]1CCCCC[C@@H](O)C(=O)\C=C/C(=O)O1,C[C@@H]1CCCCC[C@@H](O)C(=O)/C=C\C(=O)O1,4.0
19225775,C[C@@H]1CCCCC[C@H](O)C(=O)\C=C/C(=O)O1,C[C@@H]1CCCCC[C@H](O)C(=O)/C=C\C(=O)O1,-57.0
19225776,C[C@@H]1CCCCC[C@H](O)C(=O)\C=C\C(=O)O1,C[C@@H]1CCCCC[C@H](O)C(=O)/C=C/C(=O)O1,-10.0
19303328,CCOC(=O)C(=[N]#N)[C@@H](O)C1=CC(Cl)=CC=C1,CCOC(=O)C(=[N+]=[N-])[C@@H](O)c1cccc(Cl)c1,30.06
19303329,CCOC(=O)C(=[N]#N)[C@@H](O)C1=C(Cl)C=CC=C1,CCOC(=O)C(=[N+]=[N-])[C@@H](O)c1ccccc1Cl,92.94
19303333,CCOC(=O)C(=[N]#N)[C@@H](O)C1=CC=C(Cl)C=C1,CCOC(=O)C(=[N+]=[N-])[C@@H](O)c1ccc(Cl)cc1,18.04
19303337,CCOC(=O)C(=[N]#N)[C@@H](O)CCC1=CC=CC=C1,CCOC(=O)C(=[N+]=[N-])[C@@H](O)CCc1ccccc1,-4.1
19356887,CC[C@@H](CO)COC(=O)C1=CC=CC=C1,CC[C@@H](CO)COC(=O)c1ccccc1,-1.89
19412505,NCC[C@@H](C1=CNC2=CC=CC=C12)C1=CC=CC=C1,NCC[C@H](c1ccccc1)c1c[nH]c2ccccc12,-20.63
19418776,C[C@@H]1CCC[C@]1(O)C#CC1=CC=CC=C1,C[C@@H]1CCC[C@]1(O)C#Cc1ccccc1,8.4
19418778,CCCCCCC#C[C@@]1(O)CCC[C@H]1C,CCCCCCC#C[C@@]1(O)CCC[C@H]1C,4.2
19474918,C[C@H]1COC(=O)C[C@@H]1C1=CC=CC=C1,C[C@H]1COC(=O)C[C@@H]1c1ccccc1,-2.5
19532615,CC1=CC(=CC(C)=C1)[C@@H](O)C1=CC=CC=C1,Cc1cc(C)cc([C@@H](O)c2ccccc2)c1,-1.67
19601598,CCCCN([C@@H](C)C1=CC=CC=C1)C(C)=O,CCCCN(C(C)=O)[C@@H](C)c1ccccc1,-66.3
19879368,[H][C@@]1(O[C@@]1(C)C=C)[C@H](C)COCC1=CC=CC=C1,C=C[C@]1(C)O[C@@H]1[C@H](C)COCc1ccccc1,68.1
19885677,CC(C)(C)OC(=O)C[C@H]1CCCCN1,CC(C)(C)OC(=O)C[C@H]1CCCCN1,-6.8
19897942,CC(=C)C1=C[C@@H](O)[C@H](OC1)C=C,C=C[C@H]1OCC(C(=C)C)=C[C@H]1O,-246.4
19925357,CC(C)(C)[Si](C)(C)OCC[C@@H](O)CCC=C,C=CCC[C@H](O)CCO[Si](C)(C)C(C)(C)C,-12.6
19962297,C[C@@H]1C[C@H](CCO)OC(=O)C1,C[C@H]1CC(=O)O[C@@H](CCO)C1,-38.2
19962304,CC1=CC(=O)O[C@@H](CCOCC2=CC=CC=C2)C1,CC1=CC(=O)O[C@@H](CCOCc2ccccc2)C1,77.43
20057928,CCCCCCC[C@H]1C[C@@H]1CO,CCCCCCC[C@H]1C[C@@H]1CO,16.8
20211217,O[C@H](C1CCCCC1)C1=CC=CC=C1F,O[C@@H](c1ccccc1F)C1CCCCC1,16.0
20223594,O=C[C@H]1[C@@H]2CC[C@@H](C=C2)[C@@H]1C1=CC=CC=C1,O=C[C@@H]1[C@@H](c2ccccc2)[C@@H]2C=C[C@H]1CC2,82.0
20236175,CC\C=C/C[C@@H](O)CO,CC/C=C\C[C@@H](O)CO,-9.0
20236181,CC\C=C/C[C@H](CO)O[Si](C)(C)C(C)(C)C,CC/C=C\C[C@H](CO)O[Si](C)(C)C(C)(C)C,-18.5
20264535,C\C=C/[C@@H](C)[C@@H](O)C1CCCCC1,C/C=C\[C@@H](C)[C@@H](O)C1CCCCC1,14.4
20264540,CCCC[C@H](\C=C/C)[C@@H](O)C1=CC=CC=C1,C/C=C\[C@@H](CCCC)[C@@H](O)c1ccccc1,-19.2
20264554,CCCC[C@H](O)[C@H](C)\C=C/CCC1=CC=CC=C1,CCCC[C@H](O)[C@H](C)/C=C\CCc1ccccc1,19.5
20353052,CCOC(=O)[C@H](O)[C@@H](O)CCC#C,C#CCC[C@H](O)[C@@H](O)C(=O)OCC,-31.7
20360546,[H][C@]12CC[C@@]3(CS(=O)(=O)NN=C3C1)C2(C)C,CC1(C)[C@H]2CC[C@@]13CS(=O)(=O)NN=C3C2,12.5
20373196,O[C@H](CC(=O)C1=CC=CC=C1)C(=O)C1=CC=CC=C1,O=C(C[C@@H](O)C(=O)c1ccccc1)c1ccccc1,11.9
20431951,COC1=CC=C(C=C1)[C@@H](O)C1=CC(=CC=C1)C#N,COc1ccc([C@@H](O)c2cccc(C#N)c2)cc1,-61.84
20549200,COCC(C)(C)[C@H](O)C(C)C,COCC(C)(C)[C@H](O)C(C)C,17.6
20549201,COCC(C)(C)[C@@H](O)C(C)C,COCC(C)(C)[C@@H](O)C(C)C,-16.3
20549203,COCC(C)(C)[C@@H](O)CC(C)C,COCC(C)(C)[C@@H](O)CC(C)C,-9.0
20549204,CC[C@H](C)[C@@H](O)C(C)(C)COC,CC[C@H](C)[C@@H](O)C(C)(C)COC,1.0
20549205,CC[C@@H](C)[C@H](O)C(C)(C)COC,CC[C@@H](C)[C@H](O)C(C)(C)COC,-1.2
20549207,COC[C@@H](C(C)C)[C@@H](O)CC(C)C,COC[C@@H](C(C)C)[C@@H](O)CC(C)C,-13.2
20549211,CC[C@](C)(COC)[C@@H](O)CC(C)C,CC[C@](C)(COC)[C@@H](O)CC(C)C,-16.5
20549214,CC(C)C[C@H](O)[C@@H](CO)C(C)C,CC(C)C[C@H](O)[C@@H](CO)C(C)C,-5.7
20549217,CC[C@@H](C)[C@H](O)[C@](C)(CC)CO,CC[C@@H](C)[C@H](O)[C@](C)(CC)CO,-12.3
20549224,COCC(C)(C)[C@H](O)C1CCCCC1,COCC(C)(C)[C@H](O)C1CCCCC1,3.1
20549225,COCC(C)(C)[C@@H](O)C1CCCCC1,COCC(C)(C)[C@@H](O)C1CCCCC1,-3.6
20549236,COCC1(CCCCC1)[C@H](O)C1CCCCC1,COCC1([C@H](O)C2CCCCC2)CCCCC1,8.9
20549237,COCC1(CCCCC1)[C@@H](O)C1CCCCC1,COCC1([C@@H](O)C2CCCCC2)CCCCC1,-10.1
20549239,OCC1(CCCCC1)[C@@H](O)C1CCCCC1,OCC1([C@@H](O)C2CCCCC2)CCCCC1,-13.2
20600866,CC1=CC=C(N[C@H](C#N)C2=CC=CC=C2)C=C1,Cc1ccc(N[C@H](C#N)c2ccccc2)cc1,8.6
20612022,[H][C@@]1(CC2=C(N1)C=CC=C2)[C@@]1([H])CC2=C(N1)C=CC=C2,c1ccc2c(c1)C[C@H]([C@H]1Cc3ccccc3N1)N2,-14.0
20700586,C\C(=C/C1=CC=CC=C1)[C@@H](O)CN(=O)=O,C/C(=C\c1ccccc1)[C@@H](O)C[N+](=O)[O-],-9.6
20701999,CC(C)[C@@](C)(O)C1=CC=C(Cl)C=C1,CC(C)[C@@](C)(O)c1ccc(Cl)cc1,28.5
20753129,CCCCCCC[C@H](CO)CCO,CCCCCCC[C@H](CO)CCO,1.1
20782291,COC(=O)\C=C\C[C@H]1CCC=N1=O,COC(=O)/C=C/C[C@H]1CCC=[N+]1[O-],6.0
20803061,CC(C)COC(=O)C[C@H](O)CC=C,C=CC[C@@H](O)CC(=O)OCC(C)C,-17.6
21034118,CC(C)=CCC\C(C)=C\[C@H](O)CC(C)=C,C=C(C)C[C@@H](O)/C=C(\C)CCC=C(C)C,13.0
21034285,[H][C@@]1(CC=C(C=C1)C(O)=O)[C@H](C)CCC=C(C)C,CC(C)=CCC[C@@H](C)[C@@H]1C=CC(C(=O)O)=CC1,-86.0
21087342,C=CC[C@@H](OC(=O)C=C)C1=CC=C2C=CC=CC2=C1,C=CC[C@@H](OC(=O)C=C)c1ccc2ccccc2c1,67.46
21096896,CCO[C@@H]1CC[C@@H](O1)C1=CC=CC=C1,CCO[C@@H]1CC[C@H](c2ccccc2)O1,148.7
21096938,CCOC(CC[C@H](O)C1=CC=CC=C1)OCC,CCOC(CC[C@H](O)c1ccccc1)OCC,-31.2
21141875,[H][C@]12OC(C)(C)O[C@@]1([H])C(=CC=C2)C(=O)OC,COC(=O)C1=CC=C[C@H]2OC(C)(C)O[C@@H]12,-108.0
21154449,C[C@H](CCCO)COCC1=CC=CC=C1,C[C@H](CCCO)COCc1ccccc1,4.0
21170754,[H][C@@]1(COC(C)(C)O1)[C@@H](O)CC(=O)C1=CC=CC=C1,CC1(C)OC[C@H]([C@@H](O)CC(=O)c2ccccc2)O1,-45.9
21205028,CC(C)[C@@H]1OC=N[C@H]1C(=O)OC(C)(C)C,CC(C)[C@@H]1OC=N[C@H]1C(=O)OC(C)(C)C,-28.2
21294299,CCC[C@@H](C=C)B1OC(C)(C)C(C)(C)O1,C=C[C@H](CCC)B1OC(C)(C)C(C)(C)O1,11.1
21327929,CC(C)C[C@@]1(CCCC(=O)C1)C#CC(C)(C)C,CC(C)C[C@]1(C#CC(C)(C)C)CCCC(=O)C1,39.4
21379221,CC1=CC=C(C=C1)[C@@H](O)CC#C,C#CC[C@H](O)c1ccc(C)cc1,-32.2
21431958,CCC[C@@H](O)CCCC=C,C=CCCC[C@H](O)CCC,-1.97
21431960,O[C@@H](CCCC=C)CC=C,C=CCCC[C@H](O)CC=C,-8.72
21434876,C[C@@H](OCC1=CC=CC=C1)[C@H](O)C(=O)CO,C[C@@H](OCc1ccccc1)[C@H](O)C(=O)CO,-9.0
21434877,C[C@@H](OCC1=CC=CC=C1)[C@@H](O)C(=O)CO,C[C@@H](OCc1ccccc1)[C@@H](O)C(=O)CO,-34.5
21447844,CC1=CC=CC(=C1)[C@@H](O)CC#C,C#CC[C@H](O)c1cccc(C)c1,-30.3
21452117,COC1=CC=C(C=C1)[C@H]1O[C@@H]1CO,COc1ccc([C@H]2O[C@@H]2CO)cc1,12.7
21535312,CC(C)N1[C@@H](C)C(=O)NCC1=O,CC(C)N1C(=O)CNC(=O)[C@@H]1C,169.8
21535313,CC(C)[C@@H]1N(C(C)C)C(=O)CNC1=O,CC(C)[C@H]1C(=O)NCC(=O)N1C(C)C,113.6
21535320,CCCN1[C@@H](CC(C)C)C(=O)N[C@@H](C)C1=O,CCCN1C(=O)[C@H](C)NC(=O)[C@@H]1CC(C)C,80.1
21536973,COC(=O)C[C@H](C)C#CC1=CC=CC=C1,COC(=O)C[C@H](C)C#Cc1ccccc1,34.56
21536974,O=C1C[C@H](CO1)C#CCCC1=CC=CC=C1,O=C1C[C@@H](C#CCCc2ccccc2)CO1,26.56
21536976,COC(=O)C[C@H](CO)C#CCCC1=CC=CC=C1,COC(=O)C[C@@H](C#CCCc1ccccc1)CO,21.54
21544827,CC(C)[C@]1(C)N[C@@H](NC1=O)C1=NC=CC=C1,CC(C)[C@]1(C)N[C@H](c2ccccn2)NC1=O,-54.6
21544829,CC(C)[C@@]1(C)N[C@@H](NC1=O)C1=NC=CC=C1,CC(C)[C@@]1(C)N[C@H](c2ccccn2)NC1=O,-36.7
21544833,CC(C)[C@]1(C)N[C@](C)(NC1=O)C1=NC=CC=C1,CC(C)[C@]1(C)N[C@@](C)(c2ccccn2)NC1=O,-36.0
21544834,CC(C)[C@]1(C)N[C@@](C)(NC1=O)C1=NC=CC=C1,CC(C)[C@]1(C)N[C@](C)(c2ccccn2)NC1=O,-14.8
21564717,C[C@@H]([C@@H](O)C1=CC=CC=C1)N1CCCCC1,C[C@@H]([C@@H](O)c1ccccc1)N1CCCCC1,71.2
21635493,[H][C@@]12C[C@@]1(CCC2=O)[C@@H](C)CCC=C(C)C,CC(C)=CCC[C@H](C)[C@@]12CCC(=O)[C@@H]1C2,28.0
21783154,[H][C@]1(COCC2=CC=C(OC)C=C2)C[C@@]1([H])C=C,C=C[C@@H]1C[C@@H]1COCc1ccc(OC)cc1,12.9
21783353,CCCC#CC(=O)C[C@H](C)NC(=O)OC(C)(C)C,CCCC#CC(=O)C[C@H](C)NC(=O)OC(C)(C)C,7.2
21825161,CCC[C@H](O)C1=CC(OC)=CC=C1,CCC[C@H](O)c1cccc(OC)c1,24.2
21826595,CC1=CC[C@]2(C)CC(=O)[C@](C)(CC=C)C=C2CC1,C=CC[C@]1(C)C=C2CCC(C)=CC[C@]2(C)CC1=O,-96.7
21843056,C[C@@H]1O[C@@H](OCC2=CC=CC=C2)[C@H](O)C=C1,C[C@H]1C=C[C@@H](O)[C@H](OCc2ccccc2)O1,-179.5
21894470,CCCCC(=O)O[C@H](C)C1=CC=C(C)C=C1C,CCCCC(=O)O[C@H](C)c1ccc(C)cc1C,43.2
21894472,CCCCC(=O)O[C@H](C)C1=CC=C2OCOC2=C1,CCCCC(=O)O[C@H](C)c1ccc2c(c1)OCO2,64.6
21972935,C[C@H](CCC=C(C)C)B1OC(C)(C)C(C)(C)O1,CC(C)=CCC[C@@H](C)B1OC(C)(C)C(C)(C)O1,-10.8
22084251,C1CO[C@H](C1)C#CC1=CC=CC=C1,C(#C[C@H]1CCCO1)c1ccccc1,9.0
22124373,CCC1=CC=C(C=C1)[C@@H](O)CN(=O)=O,CCc1ccc([C@@H](O)C[N+](=O)[O-])cc1,-26.2
22249762,CO[C@H]1CN[C@H](COC(C)(C)C)C1,CO[C@H]1CN[C@H](COC(C)(C)C)C1,6.9
22268698,CC(=O)[C@H](Cl)[C@@H](O)C1=CC=CC=C1,CC(=O)[C@H](Cl)[C@@H](O)c1ccccc1,36.0
22304246,CCOC(=O)C(=[N]#N)[C@H](O)C1CC1,CCOC(=O)C(=[N+]=[N-])[C@H](O)C1CC1,19.2
22304266,CCOC(=O)C(=[N]#N)[C@@H](O)C1=CC=CC(F)=C1,CCOC(=O)C(=[N+]=[N-])[C@@H](O)c1cccc(F)c1,-20.89
22304268,CCOC(=O)C(=[N]#N)[C@@H](O)C1=CC=C(F)C=C1,CCOC(=O)C(=[N+]=[N-])[C@@H](O)c1ccc(F)cc1,-30.35
22304271,CCOC(=O)C(=[N]#N)[C@@H](O)C1CCCCC1,CCOC(=O)C(=[N+]=[N-])[C@@H](O)C1CCCCC1,-1.96
22343968,CC1=CCC[C@@H]1C(=O)C1=CC=CC=C1,CC1=CCC[C@@H]1C(=O)c1ccccc1,-36.7
22498949,COC1=CC=C(C=C1)[C@H](O)COC1=CC=CC=C1,COc1ccc([C@H](O)COc2ccccc2)cc1,36.1
22510991,N[C@@H](C=C)C1=CC2=C(C=CC=C2)C=C1,C=C[C@H](N)c1ccc2ccccc2c1,5.5
22574906,CC(C)C[C@@H](O)C1=CC=C(C)C=C1,Cc1ccc([C@H](O)CC(C)C)cc1,44.1
22574916,O[C@H](C1CCCCC1)C1=CC=CC2=CC=CC=C12,O[C@@H](c1cccc2ccccc12)C1CCCCC1,24.1
22653277,CCCC[S@@](=O)C1=CC=C2C=CC=CC2=C1,CCCC[S@@](=O)c1ccc2ccccc2c1,188.0
22679120,COC1=CC=C(C=C1)[C@H](O)C1=CC=CN=C1,COc1ccc([C@H](O)c2cccnc2)cc1,10.25
22730734,C[C@H](OO)C1=CC=C(Br)C=C1,C[C@H](OO)c1ccc(Br)cc1,-65.8
22730735,C[C@H](OO)C1=CC=C(F)C=C1,C[C@H](OO)c1ccc(F)cc1,-68.6
22730736,C[C@H](OO)C1=CC=C(C=C1)C1=CC=CC=C1,C[C@H](OO)c1ccc(-c2ccccc2)cc1,-79.2
22798566,CC(C)(CO)[C@H](C=C)C1=CC=CC=C1,C=C[C@H](c1ccccc1)C(C)(C)CO,-63.6
22833633,[H][C@]12CO[C@@H](O[C@]1([H])CCCC(=O)O2)C1=CC=CC=C1,O=C1CCC[C@H]2O[C@@H](c3ccccc3)OC[C@@H]2O1,-51.5
22936786,[H][C@@]12C[C@@]([H])(C(=CC1)C(N)=O)C2(C)C,CC1(C)[C@H]2CC=C(C(N)=O)[C@@H]1C2,-17.0
22972990,CC(C)[C@H]1CC(=O)O[C@@H]1C1=C(C)C=CC(O)=C1C,Cc1ccc(O)c(C)c1[C@H]1OC(=O)C[C@@H]1C(C)C,-2.0
23015814,F[C@@]1(CC2=CC=CS2)C(=O)NC2=CC=CC=C12,O=C1Nc2ccccc2[C@]1(F)Cc1cccs1,0.9
23015815,F[C@@]1(CC2=NC=CC=C2)C(=O)NC2=CC=CC=C12,O=C1Nc2ccccc2[C@]1(F)Cc1ccccn1,-2.2
23015818,C[C@@]1(F)C(=O)NC2=CC=CC=C12,C[C@@]1(F)C(=O)Nc2ccccc21,-14.3
23015820,CC[C@]1(F)C(=O)NC2=CC=CC=C12,CC[C@]1(F)C(=O)Nc2ccccc21,13.5
23015821,CCC[C@]1(F)C(=O)NC2=CC=CC=C12,CCC[C@]1(F)C(=O)Nc2ccccc21,25.8
23015822,CCCC[C@]1(F)C(=O)NC2=CC=CC=C12,CCCC[C@]1(F)C(=O)Nc2ccccc21,16.2
23015823,CC(C)C[C@]1(F)C(=O)NC2=CC=CC=C12,CC(C)C[C@]1(F)C(=O)Nc2ccccc21,31.2
23015824,CCC(CC)C[C@]1(F)C(=O)NC2=CC=CC=C12,CCC(CC)C[C@]1(F)C(=O)Nc2ccccc21,23.0
23015825,F[C@@]1(CC=C)C(=O)NC2=CC=CC=C12,C=CC[C@]1(F)C(=O)Nc2ccccc21,-22.9
23015830,F[C@@]1(CC2=CC=CC=C2)C(=O)NC2=CC=CC=C12,O=C1Nc2ccccc2[C@]1(F)Cc1ccccc1,-52.3
23015832,CC1=C(C[C@]2(F)C(=O)NC3=CC=CC=C23)C=CC=C1,Cc1ccccc1C[C@]1(F)C(=O)Nc2ccccc21,-25.3
23015833,CC1=CC=CC(C[C@]2(F)C(=O)NC3=CC=CC=C23)=C1,Cc1cccc(C[C@]2(F)C(=O)Nc3ccccc32)c1,-38.8
23015834,CC1=CC=C(C[C@]2(F)C(=O)NC3=CC=CC=C23)C=C1,Cc1ccc(C[C@]2(F)C(=O)Nc3ccccc32)cc1,-32.9
23042468,C[C@H](COCC1=CC=CC=C1)\C=C\C(C)(C)C,C[C@@H](/C=C/C(C)(C)C)COCc1ccccc1,-1.6
23042469,C[C@H](CBr)\C=C\C(C)(C)C,C[C@@H](/C=C/C(C)(C)C)CBr,-19.7
23044534,COC(=O)C1=CC=CC[C@H]1OC(C)=O,COC(=O)C1=CC=CC[C@H]1OC(C)=O,20.0
23044535,COC(=O)C1=CC=C[C@H](N=N#N)[C@H]1OC(C)=O,COC(=O)C1=CC=C[C@H](N=[N+]=[N-])[C@H]1OC(C)=O,840.0
23044536,COC(=O)[C@]1(OC(C)=O)C=CC=C[C@@H]1N=N#N,COC(=O)[C@]1(OC(C)=O)C=CC=C[C@@H]1N=[N+]=[N-],20.0
23044537,COC(=O)C1=CC=C[C@H](O)[C@H]1OC(C)=O,COC(=O)C1=CC=C[C@H](O)[C@H]1OC(C)=O,400.0
23044539,COC(=O)C1=CC=C[C@@H](OC(C)=O)[C@@H]1OC(C)=O,COC(=O)C1=CC=C[C@@H](OC(C)=O)[C@@H]1OC(C)=O,440.0
23044540,CCOC(=O)[C@]1(O)C=CC=C[C@H]1O,CCOC(=O)[C@]1(O)C=CC=C[C@H]1O,-140.0
23098828,COC1=C(C=CC=C1)[C@@H](O)C(F)(F)F,COc1ccccc1[C@@H](O)C(F)(F)F,-11.7
23098830,O[C@H](C1=CC2=C(OCCO2)C=C1)C(F)(F)F,O[C@H](c1ccc2c(c1)OCCO2)C(F)(F)F,-16.3
23098831,O[C@H](C1=CC=C(OCC=C)C=C1)C(F)(F)F,C=CCOc1ccc([C@@H](O)C(F)(F)F)cc1,-19.3
23098832,CCSC1=CC=C(C=C1)[C@@H](O)C(F)(F)F,CCSc1ccc([C@@H](O)C(F)(F)F)cc1,-16.7
23125905,CC(C)C[C@H](CO)CCO,CC(C)C[C@H](CO)CCO,1.4
23147756,C[C@@H](CC=C)NS(=O)(=O)C1=CC=C(C)C=C1,C=CC[C@H](C)NS(=O)(=O)c1ccc(C)cc1,-21.8
23168641,O[C@H]1[C@H](F)C=CC2=C1C=C(F)C(F)=C2,O[C@@H]1c2cc(F)c(F)cc2C=C[C@H]1F,-56.6
23168647,CCOC1=NC=CC2=C1C=C[C@@H](F)[C@@H]2O,CCOc1nccc2c1C=C[C@@H](F)[C@@H]2O,-159.2
23358714,C[C@H](C#N)C1=CC=CS1,C[C@H](C#N)c1cccs1,-6.0
23358718,CC[C@H](C#N)C1=CC=CS1,CC[C@H](C#N)c1cccs1,-21.0
23358722,C[C@H](C#N)C12CC3CC(CC(C3)C1)C2,C[C@H](C#N)C12CC3CC(CC(C3)C1)C2,8.0
23358771,C[C@H](C#N)C1=C(Cl)C=CC=C1Cl,C[C@H](C#N)c1c(Cl)cccc1Cl,-35.0
23358773,C[C@H](C#N)C1=CC(Br)=CC=C1,C[C@H](C#N)c1cccc(Br)c1,-17.0
23414488,CCOC(=O)[C@H](O)[C@@H](O)CCC=C,C=CCC[C@H](O)[C@@H](O)C(=O)OCC,-14.3
23503494,CC1(C)CO[C@@H](O1)C1=CC=CC=C1,CC1(C)CO[C@H](c2ccccc2)O1,3.4
23503497,CC1(C)CO[C@@H](O1)C1=CC(Cl)=CC=C1,CC1(C)CO[C@H](c2cccc(Cl)c2)O1,6.3
23509428,COC1=CC(=CC=C1)[C@@H]1CC(=O)C2=CC=CC=C12,COc1cccc([C@@H]2CC(=O)c3ccccc32)c1,51.6
23528772,O=C1CCC[C@@H](O1)C1=CC2=CC=CC=C2O1,O=C1CCC[C@H](c2cc3ccccc3o2)O1,13.3
23579250,CO[C@@H]1CC(C=O)=C[C@@H](OC)[C@H]1OC,CO[C@@H]1[C@H](OC)C=C(C=O)C[C@H]1OC,-364.0
23579251,CO[C@@H]1CC(CO)=C[C@@H](OC)[C@H]1OC,CO[C@@H]1[C@H](OC)C=C(CO)C[C@H]1OC,-141.2
23740473,CC(=O)OCC[C@](C)(C=C)C(C)(C)CC=C,C=CCC(C)(C)[C@@](C)(C=C)CCOC(C)=O,3.3
23740480,CC(C)(CC=C)[C@](C)(CCO)C=C,C=CCC(C)(C)[C@@](C)(C=C)CCO,-2.0
23743950,COC(=O)C1=C[C@@H]([C@@H](C)C(=O)O1)C1=CC=CC=C1,COC(=O)C1=C[C@H](c2ccccc2)[C@@H](C)C(=O)O1,80.4
23747938,COC1=CC=C(C=C1)C(=O)C[C@H]1CCCCO1,COc1ccc(C(=O)C[C@H]2CCCCO2)cc1,20.8
23747942,O=C(C[C@H]1CCCCO1)C1=CC=C2C=CC=CC2=C1,O=C(C[C@H]1CCCCO1)c1ccc2ccccc2c1,26.7
23777921,[H][C@@]12CC=C(CO)CC[C@@]1(C)CC[C@@H]2C(C)(C)O,CC(C)(O)[C@H]1CC[C@]2(C)CCC(CO)=CC[C@@H]12,14.9
23845791,CON(C)C(=O)[C@@H](O)C1=CC=C(C)C=C1,CON(C)C(=O)[C@@H](O)c1ccc(C)cc1,76.4
23845793,CON(C)C(=O)[C@@H](O)C1=CC=C(OC)C=C1,COc1ccc([C@H](O)C(=O)N(C)OC)cc1,77.0
23962364,CC(C)(C)[C@@H](N)C1=CC2=CC=CC=C2C=C1,CC(C)(C)[C@@H](N)c1ccc2ccccc2c1,-4.4
23968491,C[C@H](CN(=O)=O)\C=C\C1=CC=CC=C1,C[C@@H](/C=C/c1ccccc1)C[N+](=O)[O-],-64.3
24075081,COC(=O)CC[C@@H](N)C1=CC=C(C)C=C1,COC(=O)CC[C@@H](N)c1ccc(C)cc1,-10.1
24650757,C[C@@](S)([C@H](CN(=O)=O)C1=CC=CC=C1)C(N)=O,C[C@](S)(C(N)=O)[C@H](C[N+](=O)[O-])c1ccccc1,2.9
24684113,C[C@@H]1OC(=CC2=CC=CC=C12)C1=CC=CC=C1,C[C@@H]1OC(c2ccccc2)=Cc2ccccc21,36.1
26623874,FC1=CC=C(C=C1)C(=O)C[C@H](C#C)C1=CC=CC=C1,C#C[C@@H](CC(=O)c1ccc(F)cc1)c1ccccc1,-4.7
26623878,CC1=CC=C(C=C1)C(=O)C[C@H](C#C)C1=CC=CC=C1,C#C[C@@H](CC(=O)c1ccc(C)cc1)c1ccccc1,-3.81
26623887,O=C(C[C@H](C#C)C1=CC=CC=C1)C1=CC=CS1,C#C[C@@H](CC(=O)c1cccs1)c1ccccc1,-12.2
26623893,O=C(C[C@H](C#C)C1=CC=CC=C1)CC1=CC=CC=C1,C#C[C@@H](CC(=O)Cc1ccccc1)c1ccccc1,-1.23
26623898,[H][C@@](C#C)(C1=CC=CC=C1)[C@@]1([H])CCCCC1=O,C#C[C@H](c1ccccc1)[C@H]1CCCCC1=O,39.4
26623907,FC1=CC=C(C=C1)[C@H](CC(=O)C1=CC=CC=C1)C#C,C#C[C@@H](CC(=O)c1ccccc1)c1ccc(F)cc1,2.31
26623909,CC1=CC=C(C=C1)[C@H](CC(=O)C1=CC=CC=C1)C#C,C#C[C@@H](CC(=O)c1ccccc1)c1ccc(C)cc1,-7.29
26623913,O=C(C[C@H](C#C)C1=CC=CS1)C1=CC=CC=C1,C#C[C@@H](CC(=O)c1ccccc1)c1cccs1,8.43
26719250,C[C@H]1CC(=O)OC2=C1C(=O)CCC2,C[C@H]1CC(=O)OC2=C1C(=O)CCC2,-7.0
26757901,CC(C)[C@H](N(CC=C)C(=O)OC(C)(C)C)C(C)=O,C=CCN(C(=O)OC(C)(C)C)[C@H](C(C)=O)C(C)C,161.91
26769833,COCO[C@H](C=C)C(C)(C)OC(=O)C=C,C=CC(=O)OC(C)(C)[C@@H](C=C)OCOC,-64.0
26773587,CCOC(=O)[C@]1(N)CC2=C(C1)C=C(C=C2)C#N,CCOC(=O)[C@]1(N)Cc2ccc(C#N)cc2C1,-8.0
26784872,OC1=C(SC[C@H]2CO2)C=CC=C1,Oc1ccccc1SC[C@H]1CO1,-46.6
26784873,O[C@@H]1COC2=CC=CC=C2SC1,O[C@@H]1COc2ccccc2SC1,28.3
26784874,OC[C@H]1CSC2=CC=CC=C2O1,OC[C@H]1CSc2ccccc2O1,-33.2
26784875,OC1=C(SC[C@@H]2CO2)C=CC=C1,Oc1ccccc1SC[C@@H]1CO1,-46.6
26889133,C[C@H](O[Si](C)(C)C(C)(C)C)C1=CC=CO1,C[C@H](O[Si](C)(C)C(C)(C)C)c1ccco1,-23.6
26973561,[H][C@]12OC(C)(C)O[C@]1([H])[C@@H](O)[C@@H](OC)O[C@@H]2C,CO[C@H]1O[C@H](C)[C@H]2OC(C)(C)O[C@@H]2[C@H]1O,134.3
26973569,[H][C@]12OC(C)(C)O[C@@]1([H])[C@@H](OC)O[C@H](C)[C@H]2O,CO[C@H]1O[C@H](C)[C@@H](O)[C@H]2OC(C)(C)O[C@@H]12,148.0
26973580,[H][C@@]12C[C@@](O)(C[C@H](O)[C@]1([H])OC(C)(C)O2)C(=O)OC,COC(=O)[C@]1(O)C[C@H](O)[C@@H]2OC(C)(C)O[C@@H]2C1,6.0
26986110,[H][C@]12CC=C(C)[C@]([H])(C1)C(=NC2(C)C)C1=CC=CC=C1,CC1=CC[C@H]2C[C@@H]1C(c1ccccc1)=NC2(C)C,33.4
27156648,CC1=CC=C(C=C1)[C@@]1(CC=C)CCCCC1=O,C=CC[C@]1(c2ccc(C)cc2)CCCCC1=O,225.0
27416627,C[C@H](O)[C@@H](O)\C=C\C=C1/OC(=O)C=C1,C[C@H](O)[C@@H](O)/C=C/C=C1/C=CC(=O)O1,12.5
27416629,C[C@H](O)[C@@H](O)\C=C\C=C1\OC(=O)C=C1,C[C@H](O)[C@@H](O)/C=C/C=C1\C=CC(=O)O1,43.5
27638461,FC(F)(F)[C@@H](CN(=O)=O)C1=CSC=C1,O=[N+]([O-])C[C@@H](c1ccsc1)C(F)(F)F,48.2
27638464,CCCCCCC[C@H](CN(=O)=O)C(F)(F)F,CCCCCCC[C@H](C[N+](=O)[O-])C(F)(F)F,1.8
27638478,CC1=CC=CC=C1[C@H](CN(=O)=O)C(F)(F)F,Cc1ccccc1[C@H](C[N+](=O)[O-])C(F)(F)F,19.0
27638484,COC1=CC=C(C=C1)[C@H](CN(=O)=O)C(F)(F)F,COc1ccc([C@H](C[N+](=O)[O-])C(F)(F)F)cc1,45.0
27699965,C[C@@]1(C[C@@]1(Br)C(O)=O)C1=CC=CC=C1,C[C@]1(c2ccccc2)C[C@@]1(Br)C(=O)O,56.5
27699966,C[C@]1(C[C@]1(Br)C(O)=O)C1=CC=CC=C1,C[C@@]1(c2ccccc2)C[C@]1(Br)C(=O)O,-49.4
27705936,C[C@@]12C[C@]1(CC1(C)OCCO1)CNC2,CC1(C[C@@]23CNC[C@]2(C)C3)OCCO1,-17.78
27712813,C=C1CCC[C@@]1(C(=O)C1=CC=CS1)N(=O)=O,C=C1CCC[C@@]1(C(=O)c1cccs1)[N+](=O)[O-],93.8
27712820,CC(C)OC(=O)[C@@]1(CCCCC1=C)C(C)=O,C=C1CCCC[C@@]1(C(C)=O)C(=O)OC(C)C,69.7
27712822,CCC(=O)[C@]1(CCC1=C)C(=O)OC(C)(C)C,C=C1CC[C@@]1(C(=O)CC)C(=O)OC(C)(C)C,69.7
27712823,CCOC(=O)[C@]12CCCC1=CCCC2=O,CCOC(=O)[C@]12CCCC1=CCCC2=O,-123.4
27712825,[H][C@]12CCC=C3CCC[C@]13C(=O)C(=C2)C(=O)OC,COC(=O)C1=C[C@H]2CCC=C3CCC[C@@]32C1=O,-59.4
27712826,[H][C@]12CCC=C3CCC[C@]13C(=O)C=C2,O=C1C=C[C@H]2CCC=C3CCC[C@@]132,-83.3
27712827,[H][C@@]12CCC(=O)[C@@]11CCCC1=CCC2,O=C1CC[C@H]2CCC=C3CCC[C@@]132,-29.6
27712828,COC(=O)[C@@]1([C@H](C)CCC1=C)C(C)=O,C=C1CC[C@@H](C)[C@@]1(C(C)=O)C(=O)OC,77.4
27712834,C[C@@H]1CCC(=C)[C@@]11C(C)=NN(C1=O)C1=CC=CC=C1,C=C1CC[C@@H](C)[C@@]12C(=O)N(c1ccccc1)N=C2C,-79.6
27713403,C[Si](C)(C)C#C[C@@H](CCC1=CC=CC=C1)C=C,C=C[C@@H](C#C[Si](C)(C)C)CCc1ccccc1,10.0
27713415,C=C[C@H](CCC1=CC=CC=C1)C#CC1=CCCCC1,C=C[C@@H](C#CC1=CCCCC1)CCc1ccccc1,20.0
27767863,[H][C@@]12OC(C)(C)O[C@]1([H])C(CO)=CC2=O,CC1(C)O[C@@H]2C(CO)=CC(=O)[C@@H]2O1,-22.9
27774579,COC1=C(C=CC=C1)[C@@H](O)C1=CC=C(Cl)C=C1,COc1ccccc1[C@@H](O)c1ccc(Cl)cc1,44.34
27794942,C[C@@H](CO)C1=C(F)C=CC=C1,C[C@@H](CO)c1ccccc1F,13.5
27867482,[H][C@@]12C[C@@](O)(CC[C@@]1(C)[C@H](O)CCC2=O)C(C)C,CC(C)[C@]1(O)CC[C@@]2(C)[C@H](O)CCC(=O)[C@@H]2C1,-12.7
28138011,O=C(NC1=CC=CC2=CC=CN=C12)[C@H]1CCCO1,O=C(Nc1cccc2cccnc12)[C@H]1CCCO1,-101.1
28146628,C[C@H]1CC2=CC(Br)=CC=C2O1,C[C@H]1Cc2cc(Br)ccc2O1,-19.6
28249936,COC(=O)C1=C(C)OC(=C)[C@@H]1C1=CC=CC=C1,C=C1OC(C)=C(C(=O)OC)[C@H]1c1ccccc1,-135.8
28250479,CN[C@](C)([C@@H](CN(=O)=O)C1=CC=CC=C1)C(N)=O,CN[C@@](C)(C(N)=O)[C@@H](C[N+](=O)[O-])c1ccccc1,14.0
28402002,C[C@H]1CC2=C(O1)C=CC=C2C(O)=O,C[C@H]1Cc2c(cccc2C(=O)O)O1,-8.0
28426835,C=C1CCO[C@H](C1)C1=CC=CC=C1,C=C1CCO[C@@H](c2ccccc2)C1,-23.8
28426836,OC1=CC=CC=C1[C@H]1CC(=C)CCO1,C=C1CCO[C@@H](c2ccccc2O)C1,-37.6
28587725,O[C@@H](C1=CC=CS1)C1=CC=CN=C1,O[C@H](c1cccnc1)c1cccs1,-58.62
28587736,O[C@@H](C1CCCCC1)C1=CC=CN=C1,O[C@H](c1cccnc1)C1CCCCC1,-9.72
28587757,CC1=NC=CC(=C1)[C@@H](O)C1=CC=CC=C1,Cc1cc([C@@H](O)c2ccccc2)ccn1,10.19
28961529,CO[C@H](C1=CC=CC=C1)C1=CC=CC=C1O,CO[C@H](c1ccccc1)c1ccccc1O,-56.7
28961531,CCO[C@H](C1=CC=CC=C1)C1=CC=CC=C1O,CCO[C@H](c1ccccc1)c1ccccc1O,-80.3
29054686,C[C@@H]1CCS(=O)(=O)O1,C[C@@H]1CCS(=O)(=O)O1,1.42
29164113,CC1=C([C@H](CN(=O)=O)C2=CC=CC=C2)C(O)=NN1,Cc1[nH]nc(O)c1[C@H](C[N+](=O)[O-])c1ccccc1,-105.2
29451596,CCC[C@H](O)C#CC(=O)OC,CCC[C@H](O)C#CC(=O)OC,-6.1
29451602,CCC[C@@H](O)C#CC(=O)OC,CCC[C@@H](O)C#CC(=O)OC,5.4
29500328,FC1=CC=C(C=C1)[C@@H]1CS1,Fc1ccc([C@@H]2CS2)cc1,-23.8
29500329,BrC1=CC=C(C=C1)[C@@H]1CS1,Brc1ccc([C@@H]2CS2)cc1,18.0
29500332,N#CC1=CC=C(C=C1)[C@@H]1CS1,N#Cc1ccc([C@@H]2CS2)cc1,38.6
29500333,COC1=CC=CC(=C1)[C@@H]1CS1,COc1cccc([C@@H]2CS2)c1,-36.0
29500334,FC1=CC=CC(=C1)[C@@H]1CS1,Fc1cccc([C@@H]2CS2)c1,-25.8
29588342,C[C@H]1CC(=O)C=C2C[C@@H](O)[C@@H](C[C@]12C)C(=C)CO,C=C(CO)[C@@H]1C[C@@]2(C)C(=CC(=O)C[C@@H]2C)C[C@H]1O,-140.0
29588376,C[C@H]1C[C@@H](O)CC2=CC(=O)[C@@H](C[C@]12C)C(C)=C,C=C(C)[C@@H]1C[C@@]2(C)C(=CC1=O)C[C@H](O)C[C@@H]2C,120.0
29695994,C[C@H](CO)[C@@H](O)C=C,C=C[C@H](O)[C@H](C)CO,-19.77
29695998,C[C@@H]([C@@H](O[Si](C)(C)C(C)(C)C)C=C)C(O)=O,C=C[C@H](O[Si](C)(C)C(C)(C)C)[C@H](C)C(=O)O,-3.59
29881180,C[C@H](O)CN1C=C(C)C2=CC=CC=C12,Cc1cn(C[C@H](C)O)c2ccccc12,14.5
29910156,CCCCC[C@H](O)C#CC(=O)OC,CCCCC[C@H](O)C#CC(=O)OC,-5.5
29962254,C[C@@H]1CCN(CC2=CC=CC=C2)C(=O)CN1,C[C@@H]1CCN(Cc2ccccc2)C(=O)CN1,-4.62
30024094,COC[C@@H]1OC(C)(C)O[C@H]1C(=O)OC,COC[C@@H]1OC(C)(C)O[C@H]1C(=O)OC,-15.5
30069031,C[C@@]12N=C3CCSCC3=C1C=CC1=CC=CC=C21,C[C@@]12N=C3CCSCC3=C1C=Cc1ccccc12,-662.0
30104443,C[C@H](O)C1(CC1)C1=CC=CC=C1,C[C@H](O)C1(c2ccccc2)CC1,-22.6
30131014,COC(=O)C#C[C@@H](O)C=C,C=C[C@H](O)C#CC(=O)OC,33.7
30134579,CC(=O)N[C@H](CN(=O)=O)C1=CC=C(F)C=C1,CC(=O)N[C@H](C[N+](=O)[O-])c1ccc(F)cc1,54.5
30210439,C[C@@H](COCCO)CC(=O)N1N=C(C)C=C1C,Cc1cc(C)n(C(=O)C[C@@H](C)COCCO)n1,14.5
30391808,[H][C@]12C[C@@]3(C)O[C@]1(CC(=O)O2)CC1=C(C)C(=O)C[C@@]31[H],CC1=C2C[C@]34CC(=O)O[C@H]3C[C@@](C)(O4)[C@@H]2CC1=O,99.0
30498023,[H][C@@]1(CC(=O)C=C1C)[C@]1(C)CC(=O)N(C)C1=O,CC1=CC(=O)C[C@@H]1[C@]1(C)CC(=O)N(C)C1=O,-265.0
30498034,CN1C(=O)C[C@@](C)(C2=CC(=O)CC2)C1=O,CN1C(=O)C[C@@](C)(C2=CC(=O)CC2)C1=O,-10.0
30753744,CON(C)C(=O)C[C@H](O)CC\C(C)=C\C=C,C=C/C=C(\C)CC[C@@H](O)CC(=O)N(C)OC,42.4
30792852,FC(F)(F)[S@@](=O)C1=CC=CC=C1,O=[S@@](c1ccccc1)C(F)(F)F,197.0
30862795,CC(C)CC[C@H](C)NC(=O)C1=CC=CC=C1,CC(C)CC[C@H](C)NC(=O)c1ccccc1,6.0
30862796,CC(C)CCC[C@H](C)NC(=O)C1=CC=CC=C1,CC(C)CCC[C@H](C)NC(=O)c1ccccc1,13.0
30887909,C[C@@]1(OC(=S)NC2=C1C=CC=C2)C1=CC=CC=C1,C[C@]1(c2ccccc2)OC(=S)Nc2ccccc21,23.0
30899827,[H][C@@]12C[C@@]3([H])CC[C@](C)(OC3(C)C)[C@]1(O)CC[C@@H]2C,C[C@H]1CC[C@]2(O)[C@H]1C[C@H]1CC[C@]2(C)OC1(C)C,-17.0
31104346,CCOC(=O)CC1=C[C@H](C)C2=C(CCCC2=O)O1,CCOC(=O)CC1=C[C@H](C)C2=C(CCCC2=O)O1,167.0
31173893,C[C@@H]([C@@H](O)C1=CC=CC=N1)N1CCOCC1,C[C@@H]([C@@H](O)c1ccccn1)N1CCOCC1,65.8
31185538,CC1=CC[C@@H](C=C1)C(=C)CCl,C=C(CCl)[C@@H]1C=CC(C)=CC1,-109.7
31361618,O=[S@](C1=CC=CC=C1)C1=CC=C2C=CC=CC2=C1,O=[S@](c1ccccc1)c1ccc2ccccc2c1,20.1
31361622,ClC1=CC=C(C=C1)[S@](=O)C1=CC=CC=C1,O=[S@](c1ccccc1)c1ccc(Cl)cc1,10.4
31361624,COC1=CC=CC(=C1)[S@](=O)C1=CC=CC=C1,COc1cccc([S@](=O)c2ccccc2)c1,27.1
31361625,O=[S@](C1=CC=CC=C1)C1=CN=C2C=CC=CC2=C1,O=[S@](c1ccccc1)c1cnc2ccccc2c1,115.7
31690127,CN1C[Si](C)(C)N2CCC[C@H]2C1=O,CN1C[Si](C)(C)N2CCC[C@H]2C1=O,-50.6
31724176,CCSC(=O)C[C@H](C)CCC1=CC=CC=C1,CCSC(=O)C[C@H](C)CCc1ccccc1,6.5
31775855,CCOC(=O)[C@H](OC)[C@H](N=N#N)C(=O)OCC,CCOC(=O)[C@@H](N=[N+]=[N-])[C@@H](OC)C(=O)OCC,58.5
31775856,CCOC(=O)[C@@H](N)[C@@H](OC)C(=O)OCC,CCOC(=O)[C@@H](N)[C@@H](OC)C(=O)OCC,59.0
32305336,[H][C@@]1(CCC(C)=CC1)[C@](O)(CO)CCC=C(C)C,CC(C)=CCC[C@@](O)(CO)[C@@H]1CC=C(C)CC1,-21.7
32305337,[H][C@@]12CC[C@](O)(CO)[C@@]3([H])CC[C@@H](C)[C@@]3([H])[C@]1([H])C2(C)C,C[C@@H]1CC[C@H]2[C@@H]1[C@H]1[C@@H](CC[C@]2(O)CO)C1(C)C,-11.5
32305338,[H][C@@]12CC[C@@H](C)[C@]11C[C@]([H])(C2(C)C)[C@@](O)(CO)CC1,C[C@@H]1CC[C@H]2C(C)(C)[C@H]3C[C@@]12CC[C@]3(O)CO,15.5
32450514,[H][C@]12CC[C@@H](C)[C@@]3([H])CC=C(CO)[C@@]([H])([C@@H](O)[C@H]1C)[C@@]23[H],C[C@@H]1[C@H](O)[C@@H]2C(CO)=CC[C@H]3[C@@H]2[C@H]1CC[C@H]3C,-49.0
32450515,[H][C@]12CC[C@@H](C)[C@@]3([H])CC=C(C)[C@@]([H])([C@@H](O)[C@H]1C)[C@@]23[H],CC1=CC[C@H]2[C@@H]3[C@@H](CC[C@H]2C)[C@H](C)[C@H](O)[C@H]13,-44.0
32466436,[H][C@]12CC(CC)(CC)[C@@]1([H])CCCC2=O,CCC1(CC)C[C@@H]2C(=O)CCC[C@@H]21,42.0
32947430,OC(=O)CC[C@@]1(NC(=O)NC1=O)C1=CC=CC=C1,O=C(O)CC[C@]1(c2ccccc2)NC(=O)NC1=O,-22.94
32981147,ClC[C@@H]1CCCO1,ClC[C@@H]1CCCO1,-5.2
33254146,CC(C)(C)[Si](C)(C)OC[C@@H]1NC(=O)OC1=O,CC(C)(C)[Si](C)(C)OC[C@@H]1NC(=O)OC1=O,-42.5
33582630,CC(C)(C)OC(=O)NC[C@@H]1OC(=O)C=CC1=O,CC(C)(C)OC(=O)NC[C@@H]1OC(=O)C=CC1=O,-51.0
33601102,CC(C)OC(=O)[C@](O)(CN(=O)=O)C1=CC=CC=C1,CC(C)OC(=O)[C@](O)(C[N+](=O)[O-])c1ccccc1,-4.2
33611140,C[C@H]1CC[C@@H](O)[C@@]2(O)C[C@@H](O)[C@@H](C[C@]12C)C(C)=C,C=C(C)[C@@H]1C[C@]2(C)[C@@H](C)CC[C@@H](O)[C@@]2(O)C[C@H]1O,-46.0
33611141,[H][C@@]12CC(=O)[C@H](C[C@]1(C)[C@@H](C)CCC2=O)C(C)C,CC(C)[C@H]1C[C@]2(C)[C@@H](C)CCC(=O)[C@@H]2CC1=O,-134.0
33862798,[H][C@@]12CC3=CNC4=C3C(=CC=C4)[C@]11C[C@]1(C)C(=O)N2C,CN1C(=O)[C@@]2(C)C[C@]23c2cccc4[nH]cc(c24)C[C@@H]13,-81.0
34004546,CCCCC[C@@H](CC=O)C(=O)C1=CC=CC=C1,CCCCC[C@@H](CC=O)C(=O)c1ccccc1,-36.67
34009156,CC1=CC=C([C@@H](O)C2=CC=CC=C2)C2=CC=CC=C12,Cc1ccc([C@@H](O)c2ccccc2)c2ccccc12,-35.38
34096844,[H][C@@]12CC[C@@]([H])(C1)[C@@]1([H])C(=O)C=C[C@@]21[H],O=C1C=C[C@H]2[C@@H]3CC[C@@H](C3)[C@@H]12,-777.3
34466900,CC1=C(OC[C@H](O)CN(=O)=O)C=CC=C1,Cc1ccccc1OC[C@H](O)C[N+](=O)[O-],24.98
34466901,CC1=C(OC[C@@H](O)CN(=O)=O)C=CC=C1,Cc1ccccc1OC[C@@H](O)C[N+](=O)[O-],-8.99
34466904,CC1=CC=C(OC[C@H](O)CN(=O)=O)C=C1,Cc1ccc(OC[C@H](O)C[N+](=O)[O-])cc1,22.18
34466905,CC1=CC=C(OC[C@@H](O)CN(=O)=O)C=C1,Cc1ccc(OC[C@@H](O)C[N+](=O)[O-])cc1,-22.18
34466908,O[C@@H](COC1=CC=C(F)C=C1)CN(=O)=O,O=[N+]([O-])C[C@@H](O)COc1ccc(F)cc1,15.79
34466909,O[C@H](COC1=CC=C(F)C=C1)CN(=O)=O,O=[N+]([O-])C[C@H](O)COc1ccc(F)cc1,-18.39
34466910,O[C@@H](COC1=CC=C(Cl)C=C1)CN(=O)=O,O=[N+]([O-])C[C@@H](O)COc1ccc(Cl)cc1,15.79
34466911,O[C@H](COC1=CC=C(Cl)C=C1)CN(=O)=O,O=[N+]([O-])C[C@H](O)COc1ccc(Cl)cc1,-21.78
34525294,CC(C)(C)OC(=O)N1CCC[C@H]1CCCC=O,CC(C)(C)OC(=O)N1CCC[C@H]1CCCC=O,-25.0
34680827,C[C@]1(CC2=CCCCC2)COC2=CC=CC=C12,C[C@]1(CC2=CCCCC2)COc2ccccc21,-12.0
34712438,[H][C@]12C[C@]3([H])OC(C)(C)O[C@]3([H])[C@@H](O)[C@@]1([H])NC(=O)O2,CC1(C)O[C@@H]2[C@@H](O)[C@H]3NC(=O)O[C@H]3C[C@@H]2O1,-24.2
34926071,CCC[C@]1(CCCCC1=O)\C=C\C1=CC=CC=C1,CCC[C@@]1(/C=C/c2ccccc2)CCCCC1=O,-59.3
34952022,[H][C@@]12CO[C@@H](OCC)[C@]1([H])[C@H](C[C@H]2O)C(=C)C=O,C=C(C=O)[C@H]1C[C@@H](O)[C@@H]2CO[C@@H](OCC)[C@@H]21,-55.0
34952514,[H][C@@]1(COC(C)(C)O1)[C@@H](O)[C@](C)(C=C)C(=O)OC,C=C[C@](C)(C(=O)OC)[C@H](O)[C@H]1COC(C)(C)O1,-20.0
35419052,OC[C@H](C=C)N1C=CC=C(C#N)C1=O,C=C[C@@H](CO)n1cccc(C#N)c1=O,-10.29
35419082,CC1=CC=CN([C@H](CO)C=C)C1=O,C=C[C@@H](CO)n1cccc(C)c1=O,-38.54
35525366,C[C@@H]1CC2=C(C)C=CC=C2N[C@@H]1C1=CC=CC=C1,Cc1cccc2c1C[C@@H](C)[C@@H](c1ccccc1)N2,33.5
35525369,C[C@@H]1CC2=CC=CC(C)=C2N[C@@H]1C1=CC=CC=C1,Cc1cccc2c1N[C@H](c1ccccc1)[C@H](C)C2,-22.9
35525370,COC1=CC=C2N[C@@H]([C@H](C)CC2=C1)C1=CC=CC=C1,COc1ccc2c(c1)C[C@@H](C)[C@@H](c1ccccc1)N2,4.2
35525371,C[C@@H]1CC2=CC(F)=CC=C2N[C@@H]1C1=CC=CC=C1,C[C@@H]1Cc2cc(F)ccc2N[C@@H]1c1ccccc1,-5.9
35525377,C[C@@H]1CC2=CC=CC=C2N[C@@H]1C1=C(F)C=CC=C1,C[C@@H]1Cc2ccccc2N[C@@H]1c1ccccc1F,38.2
35525386,C[C@@H]1CC2=CC=CC=C2N[C@@H]1C1=CC=C(F)C=C1,C[C@@H]1Cc2ccccc2N[C@@H]1c1ccc(F)cc1,11.7
35679524,C\C=C/C[C@@H](O)\C=C\C=C\C=C\C=C\C=C\C=O,C/C=C\C[C@@H](O)/C=C/C=C/C=C/C=C/C=C/C=O,-0.14
35762479,CC1(C)OC2=C(C=CC=C2)[C@]1(O)C1=CC=CC=C1,CC1(C)Oc2ccccc2[C@]1(O)c1ccccc1,-104.2
35860992,N[C@@H](C\C=C\C1=CC=CO1)C1=CC=CC=C1,N[C@@H](C/C=C/c1ccco1)c1ccccc1,-9.0
35860994,N[C@@H](C\C=C\C1=CC=CS1)C1=CC=CC=C1,N[C@@H](C/C=C/c1cccs1)c1ccccc1,-24.2
35861018,COC1=CC=C(\C=C\C[C@H](N)C2=CC=CC=C2)C=C1,COc1ccc(/C=C/C[C@H](N)c2ccccc2)cc1,-15.4
35935403,COC1=C(OC)C=C(C=C1)[C@H](O)[C@H](N)C(O)=O,COc1ccc([C@H](O)[C@H](N)C(=O)O)cc1OC,-38.0
36150091,CC(=C)[C@]1(C)C[C@H](C=O)[C@H]1C1=C(C)C=CC=C1,C=C(C)[C@]1(C)C[C@H](C=O)[C@H]1c1ccccc1C,142.0
36150192,CC(=C)[C@]1(C)C[C@H](CO)[C@H]1C1=C(C)C=CC=C1,C=C(C)[C@]1(C)C[C@H](CO)[C@H]1c1ccccc1C,98.0
36178833,COC(=O)[C@H](C)NS(=O)(=O)C1=NC=CC=C1,COC(=O)[C@H](C)NS(=O)(=O)c1ccccn1,-2.6
36247211,C[C@@H]1CC2(CO1)CC1=CC=CC=C1C2,C[C@@H]1CC2(CO1)Cc1ccccc1C2,-68.9
36375679,[H][C@@]12O[C@@]([H])(C=CC1=O)C1(CCCC1)C1=C2CC=C1,O=C1C=C[C@@H]2O[C@H]1C1=C(C=CC1)C21CCCC1,-250.0
36375681,[H][C@@]12O[C@@]([H])(C3=C(C=CC3)[C@H]1C(C)(C)C)C(=O)C=C2,CC(C)(C)[C@@H]1C2=C(CC=C2)[C@@H]2O[C@H]1C=CC2=O,-417.0
36663212,COC(=O)C1=CC=CC=C(C1)[C@H]1CCCC(=O)O1,COC(=O)C1=CC=CC=C([C@H]2CCCC(=O)O2)C1,72.2
36663215,COC(=O)C1=CC=CC=C(C1)[C@@H]1CCCC(=O)O1,COC(=O)C1=CC=CC=C([C@@H]2CCCC(=O)O2)C1,71.1
36806495,COC1=CC=C(C=C1)C#C[C@H](C=C)C1CC1,C=C[C@@H](C#Cc1ccc(OC)cc1)C1CC1,53.1
36806501,COC1=CC=C(C=C1)C#C[C@@H](CO)C=C,C=C[C@@H](C#Cc1ccc(OC)cc1)CO,25.0
37111515,CC(C)C[C@@H](C)C(=O)NC1=CC=CC=C1,CC(C)C[C@@H](C)C(=O)Nc1ccccc1,-7.0
37238766,C[C@H](C1CCCCC1)C(=O)NC1=CC=CC=C1,C[C@@H](C(=O)Nc1ccccc1)C1CCCCC1,-35.5
37300452,[H][C@]12CC[C@](C1)(OC2=O)C1=CC=C(C=C1)C(C)(C)C,CC(C)(C)c1ccc([C@@]23CC[C@@H](C2)C(=O)O3)cc1,31.5
37300454,[H][C@]12CC[C@](C1)(OC2=O)C1=CC(C)=CC(C)=C1,Cc1cc(C)cc([C@@]23CC[C@@H](C2)C(=O)O3)c1,34.3
37300455,[H][C@]12CC[C@](C1)(OC2=O)C1=CC(C)=CC=C1,Cc1cccc([C@@]23CC[C@@H](C2)C(=O)O3)c1,33.6
37300456,[H][C@]12CC[C@](C1)(OC2=O)C1=C(OC)C=CC=C1,COc1ccccc1[C@@]12CC[C@@H](C1)C(=O)O2,27.9
37300460,[H][C@]12CC[C@](C1)(OC2=O)C1=CC=C2C=CC=CC2=C1,O=C1O[C@]2(c3ccc4ccccc4c3)CC[C@H]1C2,19.6
37300461,[H][C@]12CC[C@](CC3=CC=CC=C3)(C1)OC2=O,O=C1O[C@]2(Cc3ccccc3)CC[C@H]1C2,44.4
37300468,[H][C@]12CC[C@](C1)(OC2=O)C12CC3CC(CC(C3)C1)C2,O=C1O[C@]2(C34CC5CC(CC(C5)C3)C4)CC[C@H]1C2,25.1
37300469,[H][C@@]12CC[C@@](CCC1)(OC2=O)C1=CC=CC=C1,O=C1O[C@]2(c3ccccc3)CCC[C@H]1CC2,-56.2
37415782,CC(=O)C1=C(C)O[C@@H]([C@H]1C1=CC=CC=C1)N(=O)=O,CC(=O)C1=C(C)O[C@H]([N+](=O)[O-])[C@H]1c1ccccc1,-182.49
37433577,[H][C@@]12CC[C@]3(C1)[C@@H](C)C(=O)C[C@@]3([H])C(=C)C2(C)C,C=C1[C@@H]2CC(=O)[C@H](C)[C@@]23CC[C@H](C3)C1(C)C,-25.0
37433847,ClC1=C(C=CC=C1)[C@@H]1CC(=O)C2=CC=CC=C12,O=C1C[C@@H](c2ccccc2Cl)c2ccccc21,-36.0
37433867,COC1=C2[C@@H](CC(=O)C2=CC=C1)C1=CC=CC=C1,COc1cccc2c1[C@H](c1ccccc1)CC2=O,-7.5
37433874,ClC1=CC=CC(=C1)[C@@H]1CC(=O)C2=CC=CC=C12,O=C1C[C@@H](c2cccc(Cl)c2)c2ccccc21,41.4
37539896,COC1=CC(=CC(OC)=C1)[C@@H](O)C1=CC=CC=C1,COc1cc(OC)cc([C@@H](O)c2ccccc2)c1,13.04
37582835,OC[C@H](N1C=CC=CC1=O)C(=C)C1=CC=CC=C1,C=C(c1ccccc1)[C@H](CO)n1ccccc1=O,-141.333
37655814,COC(=O)[C@H](NC(=O)OC(C)(C)C)C=C,C=C[C@@H](NC(=O)OC(C)(C)C)C(=O)OC,-3.1
38233206,O=C1CC[C@@]2(N1)C=CC(=O)C1=C2C=CC=C1,O=C1CC[C@]2(C=CC(=O)c3ccccc32)N1,-31.7
38295648,O=C1NC2=C(O[C@H]1CC1=CC=CC=C1)C=CC=C2,O=C1Nc2ccccc2O[C@H]1Cc1ccccc1,-44.0
38885325,CC(C)=CCC\C(C)=C1/CC=C(C)[C@@H](O)[C@H]1O,CC(C)=CCC/C(C)=C1\CC=C(C)[C@@H](O)[C@H]1O,-25.0
38885330,[H][C@@]12C[C@H](CC[C@]1(C)[C@H]2CCC(C)=O)C(C)(C)O,CC(=O)CC[C@H]1[C@@H]2C[C@@H](C(C)(C)O)CC[C@]12C,-41.0
38885331,[H][C@]12OC[C@H](O)[C@@]1([H])[C@](C)(CCC=C(C)C)C(C)=C2,CC(C)=CCC[C@]1(C)C(C)=C[C@H]2OC[C@H](O)[C@H]21,72.0
38885352,[H][C@]12C[C@]([H])(C(=O)C=C1C)[C@@]2(C)C[C@@H](O)C(=O)C(C)C,CC1=CC(=O)[C@H]2C[C@@H]1[C@]2(C)C[C@@H](O)C(=O)C(C)C,-215.0
38885354,[H][C@@]12C[C@@]([H])([C@H](C)C(=O)C1)[C@]2(C)CCC(=O)C(C)(C)O,C[C@@H]1C(=O)C[C@H]2C[C@@H]1[C@]2(C)CCC(=O)C(C)(C)O,-7.0
38899500,CC(C)CC(=O)N[C@@H]1CCCCNC1=O,CC(C)CC(=O)N[C@@H]1CCCCNC1=O,-46.76
38929307,C[C@@H](C(=O)C1=NC=CC=C1)C1=CC=CC(C)=C1,Cc1cccc([C@@H](C)C(=O)c2ccccn2)c1,-48.7
38929313,C[C@@H](C(=O)C1=NC=CC=C1)C1=CC=C2OCOC2=C1,C[C@@H](C(=O)c1ccccn1)c1ccc2c(c1)OCO2,-34.8
38929318,C[C@@H](C(=O)C1=NC=CC=C1)C1=CC=C(F)C=C1F,C[C@@H](C(=O)c1ccccn1)c1ccc(F)cc1F,-55.7
38929325,C[C@@H](C(=O)C1=NC=CC=C1)C1=CSC=C1,C[C@@H](C(=O)c1ccccn1)c1ccsc1,9.6
38929329,O=C([C@@H]1CCC2=C1C=CC=C2)C1=NC=CC=C1,O=C(c1ccccn1)[C@@H]1CCc2ccccc21,-25.6
38929334,C[C@@H](NC(=O)OC(C)(C)C)C(=O)C1=NC=CC=C1,C[C@@H](NC(=O)OC(C)(C)C)C(=O)c1ccccn1,7.1
38929344,C[C@H](CC1=CC=CC=C1)C(=O)C1=NC=CC=C1,C[C@H](Cc1ccccc1)C(=O)c1ccccn1,22.2
38966120,CC[C@H](C)C(=O)C(C)=C,C=C(C)C(=O)[C@@H](C)CC,21.9
38966148,CC[C@H](C)C(=O)C1=CC=C(C)C=C1,CC[C@H](C)C(=O)c1ccc(C)cc1,26.9
38966169,CC[C@H](C)C(=O)C1=CC(OC)=CC=C1,CC[C@H](C)C(=O)c1cccc(OC)c1,-4.8
39017207,FC1=CC=C2C(C[C@@]3(CCCC3=O)C2=O)=C1,O=C1CCC[C@@]12Cc1cc(F)ccc1C2=O,16.0
39017208,COC1=CC=C2C(C[C@@]3(CCCC3=O)C2=O)=C1,COc1ccc2c(c1)C[C@@]1(CCCC1=O)C2=O,15.0
39017219,O=C1CCC[C@@]11CCC2=CC=CC=C2C1=O,O=C1CCC[C@@]12CCc1ccccc1C2=O,26.0
39049947,CC[C@H](\C=C\C1=CC=CO1)C1=CCSCC1,CC[C@H](/C=C/c1ccco1)C1=CCSCC1,55.88
39376418,COC1=CC2=C(OC[C@]2(C)O)C=C1,COc1ccc2c(c1)[C@@](C)(O)CO2,-20.7
39383151,C[C@@H](C=C)C(C#N)([C@@H](C)C=C)C(=O)OC(C)(C)C,C=C[C@H](C)C(C#N)(C(=O)OC(C)(C)C)[C@@H](C)C=C,-9.03
40637235,CC[C@H](CCCC=O)C1=C2C=CC=CC2=CC=C1,CC[C@H](CCCC=O)c1cccc2ccccc12,10.0
40639255,CC(=O)OC[C@@H]1CCCCO1,CC(=O)OC[C@@H]1CCCCO1,13.0
40659870,COC1=CC=C(C=C1)[C@@H](O)C1=CC=C(C=C1)C#N,COc1ccc([C@@H](O)c2ccc(C#N)cc2)cc1,-62.13
40660764,C[C@@H]1CCC(C)=N1,CC1=N[C@H](C)CC1,24.34
40917885,[H][C@@]12CC[C@@]([H])(C(=O)C1)C(C)(C)C1=C2C2=CC=CC=C2N1,CC1(C)c2[nH]c3ccccc3c2[C@@H]2CC[C@H]1C(=O)C2,26.0
40956034,C[C@@](CO)(C=C)N1C=CC(Cl)=CC1=O,C=C[C@@](C)(CO)n1ccc(Cl)cc1=O,44.2
40956074,OC[C@](C=C)(N1C=CC=CC1=O)C1=CC=CC=C1,C=C[C@](CO)(c1ccccc1)n1ccccc1=O,51.6
41071243,[H][C@@]12CCC=C[C@]1([H])OC1=C2C(=O)OC(C)=C1,Cc1cc2c(c(=O)o1)[C@@H]1CCC=C[C@@H]1O2,-47.5
41765461,CC[C@@H](OC)[C@H](C)\C=C\CO,CC[C@@H](OC)[C@H](C)/C=C/CO,-33.1
41765467,CC[C@@H](OC)[C@H](C)C(=O)N(C)OC,CC[C@@H](OC)[C@H](C)C(=O)N(C)OC,16.1
41765479,CCOC(=O)\C=C\[C@@H](C)[C@@H](CC)OC,CCOC(=O)/C=C/[C@@H](C)[C@@H](CC)OC,16.1
42302228,C[C@@H](NC(=O)C1=NC=CC=C1)C1=CC=C(C)C=C1,Cc1ccc([C@@H](C)NC(=O)c2ccccn2)cc1,-6.31
43942923,Cl\C(=C1/[C@@H](COC1=O)C=C)C1=CC=CC=C1,C=C[C@@H]1COC(=O)/C1=C(/Cl)c1ccccc1,-54.8
43942930,Cl\C(C1=CSC=C1)=C1/[C@@H](COC1=O)C=C,C=C[C@@H]1COC(=O)/C1=C(/Cl)c1ccsc1,13.0
43942932,Cl\C=C1/[C@@H](COC1=O)C=C,C=C[C@@H]1COC(=O)/C1=C/Cl,10.2
44006170,CC(=O)[C@@H]1[C@@H](OCC2=CC=CC=C2)OC[C@@H]1C=C,C=C[C@H]1CO[C@H](OCc2ccccc2)[C@H]1C(C)=O,83.3
44641787,OC[C@@H](OC(=O)C1=CC=CO1)C=C,C=C[C@@H](CO)OC(=O)c1ccco1,-16.2
44641788,OC[C@@H](OC(=O)CC1=CC=CC=C1)C=C,C=C[C@@H](CO)OC(=O)Cc1ccccc1,-72.9
44641790,OC[C@@H](OC(=O)C=C)C=C,C=CC(=O)O[C@@H](C=C)CO,-55.4
44641792,OC[C@@H](OC(=O)CC1=CSC=C1)C=C,C=C[C@@H](CO)OC(=O)Cc1ccsc1,-140.0
44641793,CC(C)(C)C(=O)O[C@H](CO)C=C,C=C[C@@H](CO)OC(=O)C(C)(C)C,-41.2
44641794,OC[C@@H](OC(=O)C1CCCCC1)C=C,C=C[C@@H](CO)OC(=O)C1CCCCC1,-67.2
44641796,CCC(=O)O[C@H](CO)C=C,C=C[C@@H](CO)OC(=O)CC,-60.7
44641797,COC1=CC=C(CC(=O)O[C@H](CO)C=C)C=C1,C=C[C@@H](CO)OC(=O)Cc1ccc(OC)cc1,-10.5
44641799,CCCCCCCC(=O)O[C@H](CO)C=C,C=C[C@@H](CO)OC(=O)CCCCCCC,-156.4
44641800,CCCCCCC(=O)O[C@H](CO)C=C,C=C[C@@H](CO)OC(=O)CCCCCC,-200.2
44641801,OC[C@@H](OC(=O)CC1=C(C=CC=C1)N(=O)=O)C=C,C=C[C@@H](CO)OC(=O)Cc1ccccc1[N+](=O)[O-],-45.6
44641802,OC[C@@H](OC(=O)CC1=CNC2=CC=CC=C12)C=C,C=C[C@@H](CO)OC(=O)Cc1c[nH]c2ccccc12,-70.7
2616742,COC(=O)[C@@]1(Br)C[C@H]1C1=CC=CC=C1,COC(=O)[C@@]1(Br)C[C@H]1c1ccccc1,-109.4
18481284,[H][C@@]12CS[C@H](OC(C)=O)[C@]1([H])OC(C)(C)O2,CC(=O)O[C@H]1SC[C@H]2OC(C)(C)O[C@H]21,-258.15
18824767,CCOC(=O)[C@](O)(CN(=O)=O)C1=CC=CS1,CCOC(=O)[C@](O)(C[N+](=O)[O-])c1cccs1,-17.0
18824769,CCOC(=O)[C@](O)(CN(=O)=O)C1=CC=C(C)C=C1,CCOC(=O)[C@](O)(C[N+](=O)[O-])c1ccc(C)cc1,-16.6
18843636,COC(=O)[C@H](CCSC)N=CC(F)(F)F,COC(=O)[C@H](CCSC)N=CC(F)(F)F,-73.3
18844935,[H][C@]12CC[C@@]3(C=CC(=O)C[C@]3([H])C1)[C@@H](O)[C@@]2(C)O,C[C@]1(O)[C@H]2CC[C@@]3(C=CC(=O)C[C@@H]3C2)[C@H]1O,40.4
18844936,[H][C@]12CC[C@@]3(C=CC(=O)C[C@]3([H])C1)[C@@H](OC(C)=O)C2=C,C=C1[C@H]2CC[C@@]3(C=CC(=O)C[C@@H]3C2)[C@H]1OC(C)=O,96.2
18853525,[H][C@]12CC[C@](C)(C1(C)C)[C@@](CC=C)(C2)OCC#C,C#CCO[C@]1(CC=C)C[C@H]2CC[C@]1(C)C2(C)C,3.6
18884863,COC(=O)[C@]1(C)C[C@H]1C=O,COC(=O)[C@]1(C)C[C@H]1C=O,-109.7
18884872,C[C@]1(C[C@H]1C=O)C1=CC=C(Cl)C=C1,C[C@@]1(c2ccc(Cl)cc2)C[C@H]1C=O,-137.8
18884876,C[C@]1(C[C@H]1C=O)C1=CC=C(F)C=C1,C[C@@]1(c2ccc(F)cc2)C[C@H]1C=O,-138.7
18884880,CC1=CC=C(C=C1)[C@]1(C)C[C@H]1C=O,Cc1ccc([C@]2(C)C[C@H]2C=O)cc1,-137.8
18884886,CC(C)(OCC1=CC=CC=C1)[C@]1(C)C[C@H]1C=O,CC(C)(OCc1ccccc1)[C@]1(C)C[C@H]1C=O,-24.6
18884889,CC(C)(OCC1=CC=CC=C1)[C@]1(C)C[C@H]1CO,CC(C)(OCc1ccccc1)[C@]1(C)C[C@H]1CO,-9.2
19005659,C[C@@H](CO)CC1=CC=CN1C,C[C@@H](CO)Cc1cccn1C,38.7
19005664,C[C@H](CC1=CC=CN1)C(=O)N1OCCC1=O,C[C@H](Cc1ccc[nH]1)C(=O)N1OCCC1=O,-6.8
19005667,C[C@H](CC1=CC=CN1C)C(=O)N1OCCC1=O,C[C@H](Cc1cccn1C)C(=O)N1OCCC1=O,-5.8
19005668,C[C@H](CC1=CC=CN1C)C(=O)N1CCOC1=O,C[C@H](Cc1cccn1C)C(=O)N1CCOC1=O,-21.1
19005671,C[C@H](CC1=CC=CN1C)C(=O)NC(=O)C(C)(C)C,C[C@H](Cc1cccn1C)C(=O)NC(=O)C(C)(C)C,-4.9
19005672,CCN1C=CC=C1C[C@@H](C)C(=O)N1OCCC1=O,CCn1cccc1C[C@@H](C)C(=O)N1OCCC1=O,-92.5
19005673,CC[C@H](CC1=CC=CN1C)C(=O)N1OCCC1=O,CC[C@H](Cc1cccn1C)C(=O)N1OCCC1=O,-23.2
19005677,CCC1=CC=C(C[C@@H](C)C(=O)N2OCCC2=O)N1,CCc1ccc(C[C@@H](C)C(=O)N2OCCC2=O)[nH]1,-346.3
19008871,O[C@H](CN(=O)=O)C1=CSC=C1,O=[N+]([O-])C[C@@H](O)c1ccsc1,50.0
19028546,[H][C@]12CC(C[C@]([H])(C=C1)C(=O)C=C2)=CC#N,N#CC=C1C[C@@H]2C=CC(=O)[C@@H](C=C2)C1,-100.1
19036585,[H][C@]12[C@H](O)[C@@H](O)CN1[C@@H](CO)CC[C@H]2O,OC[C@H]1CC[C@@H](O)[C@H]2[C@H](O)[C@@H](O)CN12,0.82
19038222,[H][C@]1(COC(C)(C)O1)[C@@H](O)\C=C/C=C,C=C/C=C\[C@H](O)[C@@H]1COC(C)(C)O1,-17.0
19091405,CC[C@]1(CCOC1=O)C1=CC=CC=C1,CC[C@@]1(c2ccccc2)CCOC1=O,-51.6
19099727,C[C@H](OCC=C)[C@@H](O)CC=C,C=CCO[C@@H](C)[C@@H](O)CC=C,35.8
19099735,C[C@@H]1OC=CCC[C@@H]1O[Si](C)(C)C(C)(C)C,C[C@@H]1OC=CCC[C@@H]1O[Si](C)(C)C(C)(C)C,-53.9
19107469,CC[C@H]1OC(=O)[C@@H](N)[C@H]1OC,CC[C@H]1OC(=O)[C@@H](N)[C@H]1OC,4.0
19158175,CCCCCC[C@H](C)C[C@H](C)CO,CCCCCC[C@H](C)C[C@H](C)CO,-1.9
19158176,CCCCCC[C@H](C)[C@@H](O)[C@@H](C)C=C,C=C[C@H](C)[C@H](O)[C@@H](C)CCCCCC,1.1
19173510,C[C@H](NC=O)C12OCC(C)(CO1)CO2,C[C@H](NC=O)C12OCC(C)(CO1)CO2,-54.3
19176171,C[C@](O)(C[C@@H]1OC(=O)C=C1)C#C,C#C[C@@](C)(O)C[C@H]1C=CC(=O)O1,9.6
19176173,[H][C@@]12C(=C)[C@@]3([H])[C@]1([H])[C@]([H])(C[C@]3(C)O)OC2=O,C=C1[C@H]2C(=O)O[C@H]3C[C@](C)(O)[C@@H]1[C@@H]23,-34.4
19176174,C[C@@](C[C@@H]1OC(=O)C=C1)(O[Si](C)(C)C)C#C,C#C[C@](C)(C[C@H]1C=CC(=O)O1)O[Si](C)(C)C,11.9
19176175,C[C@@](C[C@@H]1OC(=O)C=C1)(O[Si](C)(C)C)C=C=C,C=C=C[C@](C)(C[C@H]1C=CC(=O)O1)O[Si](C)(C)C,46.2
19176176,C[C@]1(C[C@@H](CO)O[C@H](O1)C1=CC=CC=C1)C#C,C#C[C@]1(C)C[C@@H](CO)O[C@@H](c2ccccc2)O1,22.2
19176177,[H][C@@]12C(=C)[C@@]3([H])[C@]1([H])[C@]([H])(C[C@]3(C)O[Si](C)(C)C)OC2=O,C=C1[C@H]2C(=O)O[C@H]3C[C@](C)(O[Si](C)(C)C)[C@@H]1[C@@H]23,-23.4
19187883,CCCCC(O)(CCCC)[C@@H]1CCCN1,CCCCC(O)(CCCC)[C@@H]1CCCN1,-31.4
19192403,CCCCO[C@H]1CO[C@H](CO)[C@@H]1O,CCCCO[C@H]1CO[C@H](CO)[C@@H]1O,-8.74
19205227,C[C@H]1[C@H](C2=CC=CC=C2)[C@](CC=C)(C#C)N1C,C#C[C@@]1(CC=C)[C@@H](c2ccccc2)[C@H](C)N1C,-64.0
19220812,CCCC[C@@H](O)CC[C@H]1CCCC(=O)N1,CCCC[C@@H](O)CC[C@H]1CCCC(=O)N1,2.55
19220813,CCCC[C@@H]1CC[C@H](NO1)\C=C\CC(=O)OC,CCCC[C@@H]1CC[C@@H](/C=C/CC(=O)OC)NO1,-16.6
19225132,C\C=C(/C)[C@H](O)[C@H](C)[C@H](O)C(C)C,C/C=C(\C)[C@H](O)[C@H](C)[C@H](O)C(C)C,7.7
19303336,CCOC(=O)C(=[N]#N)[C@@H](O)\C=C\C1=CC=CC=C1,CCOC(=O)C(=[N+]=[N-])[C@@H](O)/C=C/c1ccccc1,-4.1
19303793,CC(C)(C)C1=CC=C(C=C1)[C@H]1O[C@@H]1C1=CC=CC=C1,CC(C)(C)c1ccc([C@H]2O[C@@H]2c2ccccc2)cc1,134.0
19303808,CC1=CC(=CC=C1)[C@H]1O[C@@H]1C1=CC(C)=CC=C1,Cc1cccc([C@H]2O[C@@H]2c2cccc(C)c2)c1,71.0
19304514,CC#CCO[C@@H](C=C)C1=CC=CC=C1,C=C[C@H](OCC#CC)c1ccccc1,-31.6
19304518,C=CCC#CCO[C@@H](C=C)C1=CC=CC=C1,C=CCC#CCO[C@@H](C=C)c1ccccc1,-21.0
19304523,[H][C@@]12CC(=O)C(C)=C1CO[C@H]2C1=CC=CC=C1,CC1=C2CO[C@@H](c3ccccc3)[C@@H]2CC1=O,3.0
19304547,[H][C@@]12CC(=O)C(CC=C)=C1CO[C@H]2C1=CC=CC=C1,C=CCC1=C2CO[C@@H](c3ccccc3)[C@@H]2CC1=O,67.9
19339449,[H][C@@]1(COC(C)(C)O1)C(=O)[C@@](C)(F)C(=O)OCC,CCOC(=O)[C@](C)(F)C(=O)[C@H]1COC(C)(C)O1,13.3
19356884,C[C@H](COC(=O)C1=CC=CC=C1)CC#N,C[C@@H](CC#N)COC(=O)c1ccccc1,-14.65
19356885,C[C@H](COC(=O)C1=CC=CC=C1)CN=N#N,C[C@@H](CN=[N+]=[N-])COC(=O)c1ccccc1,-19.85
19356889,O=C(OC[C@@H]1COC=CC1)C1=CC=CC=C1,O=C(OC[C@H]1CC=COC1)c1ccccc1,-4.5
19356890,OC[C@@H](COC(=O)C1=CC=CC=C1)CC=C,C=CC[C@@H](CO)COC(=O)c1ccccc1,-5.17
19356895,O=C(OC[C@H]1CCC(=O)OC1)C1=CC=CC=C1,O=C1CC[C@H](COC(=O)c2ccccc2)CO1,-2.88
19356897,OC[C@@H](COC(=O)C1=CC=CC=C1)CC#C,C#CC[C@@H](CO)COC(=O)c1ccccc1,-2.81
19356902,CC[C@@H](CO)COC(=O)C1=C(OC)C=CC=C1,CC[C@@H](CO)COC(=O)c1ccccc1OC,-4.57
19356904,CC[C@@H](CO)COC(=O)C1=CC=C(OC)C=C1,CC[C@@H](CO)COC(=O)c1ccc(OC)cc1,-5.63
19385731,C[C@@]1(O[C@@H]1CCC1=CC=CC=C1)C=C,C=C[C@@]1(C)O[C@@H]1CCc1ccccc1,15.9
19386876,C[C@H]1N[C@H](C)C2=C(C=CC=C2)C2=C1C=CC=C2,C[C@H]1N[C@H](C)c2ccccc2-c2ccccc21,-81.0
19418773,C[C@@H]1CCC[C@]1(O)C#C[Si](C)(C)C,C[C@@H]1CCC[C@]1(O)C#C[Si](C)(C)C,12.4
19436703,C[C@@]1(CO)O[C@H]1C1=CC=C(Br)C=C1,C[C@@]1(CO)O[C@H]1c1ccc(Br)cc1,10.6
19436705,C[C@@]1(CO)O[C@H]1C1=CC=C(F)C=C1,C[C@@]1(CO)O[C@H]1c1ccc(F)cc1,8.4
19436708,C[C@@]1(CO)O[C@H]1C1=CC=C2C=CC=CC2=C1,C[C@@]1(CO)O[C@H]1c1ccc2ccccc2c1,14.5
19436711,C[C@@]1(CO)O[C@H]1C1=CC=CC2=C1C=CC=C2,C[C@@]1(CO)O[C@H]1c1cccc2ccccc12,-73.4
19436712,C[C@@]1(CO)O[C@H]1C1=CC=C(C=C1)C(F)(F)F,C[C@@]1(CO)O[C@H]1c1ccc(C(F)(F)F)cc1,7.8
19459503,OC[C@@H]1C[C@H]1C1=CC=CC=C1N(=O)=O,O=[N+]([O-])c1ccccc1[C@@H]1C[C@H]1CO,25.1
19459504,CCCCCCC[C@@H]1C[C@H]1CO,CCCCCCC[C@@H]1C[C@H]1CO,-17.6
19459506,[H][C@@]12CO[C@@H](O[C@]1([H])[C@@]1([H])OC(C)(C)O[C@@]1([H])O2)\C=C\C,C/C=C/[C@H]1OC[C@H]2O[C@@H]3OC(C)(C)O[C@@H]3[C@H]2O1,-6.2
19474921,CCCC[C@@H](CO)[C@H](C)C1=CC=CC=C1,CCCC[C@@H](CO)[C@H](C)c1ccccc1,-7.8
19474928,C[C@H]1COC(=O)C[C@@H]1C1=CC=C(C)C=C1,Cc1ccc([C@H]2CC(=O)OC[C@@H]2C)cc1,16.9
19474929,C[C@H]1COC(=O)C[C@@H]1C1=CC=C(Cl)C=C1,C[C@H]1COC(=O)C[C@@H]1c1ccc(Cl)cc1,19.41
19474934,CCCC[C@H]1COC(=O)C[C@@H]1C1=CC=CC=C1,CCCC[C@H]1COC(=O)C[C@@H]1c1ccccc1,-3.9
19476548,CC[C@H](O)[C@@H](C)[C@@H](OC(=O)C(C)C)C(C)C,CC[C@H](O)[C@@H](C)[C@@H](OC(=O)C(C)C)C(C)C,2.1
19476549,CC[C@H](O)[C@H](C)[C@@H](OC(=O)C(C)C)C(C)C,CC[C@H](O)[C@H](C)[C@@H](OC(=O)C(C)C)C(C)C,-10.1
19476550,CC[C@@H](O)[C@@H](C)[C@H](OC(=O)C(C)C)C(C)C,CC[C@@H](O)[C@@H](C)[C@H](OC(=O)C(C)C)C(C)C,11.7
19476551,CC[C@@H](O)[C@H](C)[C@H](OC(=O)C(C)C)C(C)C,CC[C@@H](O)[C@H](C)[C@H](OC(=O)C(C)C)C(C)C,-1.0
19476562,CCC(=O)[C@@H](C)[C@H](O)[C@H]1COC(C)(C)O1,CCC(=O)[C@@H](C)[C@H](O)[C@H]1COC(C)(C)O1,-5.3
19505095,CC1=C(C=O)[C@H](CO)CC1=O,CC1=C(C=O)[C@H](CO)CC1=O,60.8
19505096,CC1=C(C=O)[C@@H](CO)CC1=O,CC1=C(C=O)[C@@H](CO)CC1=O,-57.8
19505107,OC[C@@H]1CC(=O)C(CC=C)=C1C=O,C=CCC1=C(C=O)[C@H](CO)CC1=O,55.8
19505108,OC[C@H]1CC(=O)C(CC=C)=C1C=O,C=CCC1=C(C=O)[C@@H](CO)CC1=O,-54.2
19505109,OC[C@@H]1CC(=O)C(=C1C=O)C1=CC=CC=C1,O=CC1=C(c2ccccc2)C(=O)C[C@H]1CO,51.4
19505110,OC[C@H]1CC(=O)C(=C1C=O)C1=CC=CC=C1,O=CC1=C(c2ccccc2)C(=O)C[C@@H]1CO,-53.9
19505114,OC[C@@H]1CC(=O)C(=C1C=O)C1=CC=C(Cl)C=C1,O=CC1=C(c2ccc(Cl)cc2)C(=O)C[C@H]1CO,48.5
19505115,OC[C@H]1CC(=O)C(=C1C=O)C1=CC=C(Cl)C=C1,O=CC1=C(c2ccc(Cl)cc2)C(=O)C[C@@H]1CO,-47.5
19505116,CC1=CC=C(C=C1)C1=C(C=O)[C@H](CO)CC1=O,Cc1ccc(C2=C(C=O)[C@H](CO)CC2=O)cc1,58.6
19505117,CC1=CC=C(C=C1)C1=C(C=O)[C@@H](CO)CC1=O,Cc1ccc(C2=C(C=O)[C@@H](CO)CC2=O)cc1,-55.8
19579450,C[C@]12C[C@H]1OC[C@H](NC2=O)C1=CC=CC=C1,C[C@]12C[C@H]1OC[C@@H](c1ccccc1)NC2=O,43.2
19580232,C[C@@H]1OC1(C1=CC=C(F)C=C1)C1=CC=C(F)C=C1,C[C@@H]1OC1(c1ccc(F)cc1)c1ccc(F)cc1,-19.1
19634730,C[C@H](O)C(=O)CC=C,C=CCC(=O)[C@H](C)O,60.0
19727612,[H][C@]1(CC11CC1)N1[C@H](COC1=O)C(C)C,CC(C)[C@H]1COC(=O)N1[C@@H]1CC12CC2,-47.6
19727613,CC(C)[C@H]1COC(=O)N1[C@H]1CC11CC1,CC(C)[C@H]1COC(=O)N1[C@H]1CC12CC2,-8.8
19727619,[H][C@]1(CC11CC1)N1[C@H](COC1=O)C1=CC=CC=C1,O=C1OC[C@H](c2ccccc2)N1[C@@H]1CC12CC2,26.8
19727621,O=C1OC[C@@H](N1[C@H]1CC11CC1)C1=CC=CC=C1,O=C1OC[C@H](c2ccccc2)N1[C@H]1CC12CC2,20.6
19727626,[H][C@]1(CC11CC1)N1[C@H](C)[C@@H](OC1=O)C1=CC=CC=C1,C[C@@H]1[C@H](c2ccccc2)OC(=O)N1[C@@H]1CC12CC2,54.6
19727627,C[C@@H]1[C@@H](OC(=O)N1[C@H]1CC11CC1)C1=CC=CC=C1,C[C@@H]1[C@H](c2ccccc2)OC(=O)N1[C@H]1CC12CC2,60.4
19743561,CC(C)(C)OC[C@H]1C[C@H](O)C=C1,CC(C)(C)OC[C@@H]1C=C[C@@H](O)C1,-219.25
19751044,CC[C@H](O)[C@H](CC=C)OCC1=CC=CC=C1,C=CC[C@H](OCc1ccccc1)[C@@H](O)CC,36.8
19783557,CCC[C@H](O)[C@@H](C=C=C)C1=CC=CC=C1,C=C=C[C@@H](c1ccccc1)[C@@H](O)CCC,-15.1
19788905,[H][C@@]12OC(C)(C)O[C@@]1([H])C(=O)C=C[C@@H]2N=N#N,CC1(C)O[C@H]2[C@@H](N=[N+]=[N-])C=CC(=O)[C@@H]2O1,232.0
19788907,[H][C@@]12OC(C)(C)O[C@@]1([H])[C@@H](O)[C@@H](C=C2)N=N#N,CC1(C)O[C@H]2[C@@H](O)[C@H](N=[N+]=[N-])C=C[C@@H]2O1,-174.3
19788908,[H][C@@]12OC(C)(C)O[C@@]1([H])C(=O)C(CO)=C[C@@H]2N=N#N,CC1(C)O[C@H]2[C@@H](N=[N+]=[N-])C=C(CO)C(=O)[C@@H]2O1,205.0
19788981,CCOC(=O)CC[C@@H]1OC(C)(C)O[C@@H]1\C=C/C,C/C=C\[C@H]1OC(C)(C)O[C@H]1CCC(=O)OCC,-55.8
19879362,C[C@]1(O[C@H]1CCC1=CC=CC=C1)C=C,C=C[C@]1(C)O[C@H]1CCc1ccccc1,-16.4
19879363,C[C@]1(O[C@@H]1CCC1=CC=CC=C1)C=C,C=C[C@]1(C)O[C@@H]1CCc1ccccc1,41.5
19879366,C[C@H](COCC1=CC=CC=C1)\C=C(\C)CO,C/C(=C/[C@H](C)COCc1ccccc1)CO,-21.6
19879370,[H][C@@]1(O[C@@]1(C)CO)[C@H](C)COCC1=CC=CC=C1,C[C@H](COCc1ccccc1)[C@H]1O[C@@]1(C)CO,20.0
19885489,C(NC1CC1)[C@]1(COCC2=CC=CC=C2)CO1,c1ccc(COC[C@@]2(CNC3CC3)CO2)cc1,9.8
19885490,C(NC1CC1)[C@@]1(COCC2=CC=CC=C2)CO1,c1ccc(COC[C@]2(CNC3CC3)CO2)cc1,-10.0
19897940,O[C@H](C=C)[C@H](OCC#C)C=C,C#CCO[C@H](C=C)[C@H](O)C=C,-106.8
19897947,COC(=O)C#CCO[C@H](C=C)[C@H](O)C=C,C=C[C@@H](O)[C@@H](C=C)OCC#CC(=O)OC,-82.3
19931850,C[C@](O)(C1=CC=CO1)C1=COC=C1,C[C@@](O)(c1ccoc1)c1ccco1,4.7
19931851,C[C@@](O)(C=CC1=CC=CC=C1)C1=COC=C1,C[C@@](O)(C=Cc1ccccc1)c1ccoc1,2.7
19931853,C[C@@](O)(C1=COC=C1)C1=CC=CC=C1,C[C@](O)(c1ccccc1)c1ccoc1,-16.0
19931854,CC1=CC=CC=C1[C@](C)(O)C1=COC=C1,Cc1ccccc1[C@](C)(O)c1ccoc1,2.3
19931858,COC1=CC=CC=C1[C@](C)(O)C1=COC=C1,COc1ccccc1[C@](C)(O)c1ccoc1,1.6
19931859,C[C@@](O)(C1=COC=C1)C1=CC=C(Cl)C=C1,C[C@](O)(c1ccc(Cl)cc1)c1ccoc1,-18.7
19931860,COC1=CC=C(C=C1)[C@](C)(O)C1=COC=C1,COc1ccc([C@](C)(O)c2ccoc2)cc1,-6.2
19931861,C[C@@](O)(C1=COC=C1)C1=CC=CC=C1Cl,C[C@@](O)(c1ccoc1)c1ccccc1Cl,-15.7
19931862,C[C@@](O)(C1=COC=C1)C1=CC=CC(Cl)=C1,C[C@@](O)(c1ccoc1)c1cccc(Cl)c1,-24.3
19931863,CC1=CC(=CC=C1)[C@](C)(O)C1=COC=C1,Cc1cccc([C@](C)(O)c2ccoc2)c1,-10.5
19931864,CC1=CC=C(C=C1)[C@](C)(O)C1=COC=C1,Cc1ccc([C@](C)(O)c2ccoc2)cc1,-9.3
19931865,O[C@@](CCl)(C1=COC=C1)C1=CC=CC=C1,O[C@](CCl)(c1ccccc1)c1ccoc1,-3.6
19931866,COC1=CC(=CC=C1)[C@](C)(O)C1=COC=C1,COc1cccc([C@](C)(O)c2ccoc2)c1,-14.2
19931873,C[C@@](O)(C1=COC=C1)C1=CC=C(C=C1)N(=O)=O,C[C@](O)(c1ccc([N+](=O)[O-])cc1)c1ccoc1,-25.3
19931874,C[C@@](O)(C1=COC=C1)C1=C2C=CC=CC2=CC=C1,C[C@@](O)(c1ccoc1)c1cccc2ccccc12,-3.3
19931875,C[C@@](O)(C1=COC=C1)C1=CC=C2C=CC=CC2=C1,C[C@@](O)(c1ccoc1)c1ccc2ccccc2c1,-27.3
19962072,C[C@@H](Cl)[C@H](Cl)[C@@H](O)[C@H](Cl)CO,C[C@@H](Cl)[C@H](Cl)[C@@H](O)[C@H](Cl)CO,7.3
19971273,CC1(C)C=CCO[C@H]1C1=CC=C(C=C1)N(=O)=O,CC1(C)C=CCO[C@H]1c1ccc([N+](=O)[O-])cc1,143.1
19971279,[H][C@@]12CO[C@@H](C3=CC=C(C=C3)C#N)C(C)(C)[C@]1([H])O2,CC1(C)[C@@H]2O[C@@H]2CO[C@H]1c1ccc(C#N)cc1,61.0
19979510,C[C@@H](O)C[C@@H](O)C1=CC=C(C)C=C1,Cc1ccc([C@H](O)C[C@@H](C)O)cc1,48.0
19979511,C[C@@H](O)C[C@H](O)C1=CC=C(C)C=C1,Cc1ccc([C@@H](O)C[C@@H](C)O)cc1,-80.0
19979787,C[C@@H]1CCCCCC(=O)C(=O)\C=C/C(=O)O1,C[C@@H]1CCCCCC(=O)C(=O)/C=C\C(=O)O1,2.0
19983247,CC1=C(CC=C)[C@@H](OC1=O)C1=CC=CC=C1,C=CCC1=C(C)C(=O)O[C@H]1c1ccccc1,4.6
20019239,[H][C@]1(O[C@@H](CC=C1)OCC)[C@@H](C)O,CCO[C@@H]1CC=C[C@H]([C@@H](C)O)O1,72.0
20055547,CC[C@@H](NNC(=O)C1=CC=C(C=C1)N(=O)=O)C#N,CC[C@H](C#N)NNC(=O)c1ccc([N+](=O)[O-])cc1,80.0
20090727,C[C@@H](Cl)C1=NC(=NN1)[C@@H](C)Cl,C[C@@H](Cl)c1n[nH]c([C@@H](C)Cl)n1,52.0
20090729,C[C@H](OC(C)=O)C1=NC(=NN1)[C@H](C)OC(C)=O,CC(=O)O[C@@H](C)c1n[nH]c([C@H](C)OC(C)=O)n1,-156.0
20114105,[H][C@@]1(CO1)[C@@H](NCC1=CC=CC=C1)C1=CC=CC=C1,c1ccc(CN[C@@H](c2ccccc2)[C@H]2CO2)cc1,57.8
20124767,[H][C@]12CCCC(=O)N1[C@@H](CO)[C@H](O)[C@H](O)C2,O=C1CCC[C@@H]2C[C@@H](O)[C@@H](O)[C@H](CO)N12,12.0
20124768,[H][C@]12CCCC(=O)N1[C@@H](CO)[C@@H](O)[C@H](O)C2,O=C1CCC[C@@H]2C[C@@H](O)[C@H](O)[C@H](CO)N12,-6.0
20124769,[H][C@@]12CCCC(=O)N1[C@@H](CO)[C@H](O)[C@H](O)C2,O=C1CCC[C@H]2C[C@@H](O)[C@@H](O)[C@H](CO)N12,11.0
20124770,[H][C@@]12CCCC(=O)N1[C@@H](CO)[C@@H](O)[C@H](O)C2,O=C1CCC[C@H]2C[C@@H](O)[C@H](O)[C@H](CO)N12,12.0
20124771,[H][C@@]12C[C@@H](O)[C@@H](O)[C@H](CO)N1C(=O)[C@H](O)[C@H](O)C2,O=C1[C@H](O)[C@H](O)C[C@@H]2C[C@@H](O)[C@@H](O)[C@H](CO)N12,13.0
20124772,[H][C@@]12C[C@@H](O)[C@H](O)[C@H](CO)N1C(=O)[C@H](O)[C@H](O)C2,O=C1[C@H](O)[C@H](O)C[C@@H]2C[C@@H](O)[C@H](O)[C@H](CO)N12,12.0
20124774,[H][C@]12C[C@@H](O)[C@H](O)[C@H](CO)N1C(=O)[C@H](O)[C@H](O)C2,O=C1[C@H](O)[C@H](O)C[C@H]2C[C@@H](O)[C@H](O)[C@H](CO)N12,-16.0
20146279,[H][C@]12C[C@@]3(C)CCCC(=C)[C@]3([H])CC1=C(C)C(=O)N2,C=C1CCC[C@]2(C)C[C@@H]3NC(=O)C(C)=C3C[C@@H]12,205.9
20146280,[H][C@]12CC3=C(C)C(=O)N[C@]3(O)C[C@]1(C)CCCC2=C,C=C1CCC[C@@]2(C)C[C@@]3(O)NC(=O)C(C)=C3C[C@H]12,101.2
20158562,COC(=O)C[C@H]1[C@H](CO)[C@H](C)C2=C1C=CC=C2,COC(=O)C[C@@H]1c2ccccc2[C@@H](C)[C@H]1CO,-9.0
20197552,COC1=CC(Cl)=NC=C1[C@@H]1CCCN1C,COc1cc(Cl)ncc1[C@@H]1CCCN1C,-189.0
20197553,COC1=NC=C([C@@H]2CCCN2C)C(OC)=C1,COc1cc(OC)c([C@@H]2CCCN2C)cn1,-165.0
20197566,CN1CCC[C@H]1C1=CN=C(Cl)C(CCO)=C1,CN1CCC[C@H]1c1cnc(Cl)c(CCO)c1,-126.0
20197569,CN1CCC[C@H]1C1=CN=C(Cl)C(CCCO)=C1,CN1CCC[C@H]1c1cnc(Cl)c(CCCO)c1,-100.0
20197572,CN1CCC[C@H]1C1=CN=CC2=C1OC1=CC=CC=C21,CN1CCC[C@H]1c1cncc2c1oc1ccccc12,-138.0
20202250,CC1=CC=C(C=C1)[S@@](=O)CC1=CC=C(C=C1)C#N,Cc1ccc([S@@](=O)Cc2ccc(C#N)cc2)cc1,-129.0
20223596,CC=CC(=O)[C@@]1(O)C[C@H]2CC[C@]1(C)C2(C)C,CC=CC(=O)[C@@]1(O)C[C@H]2CC[C@]1(C)C2(C)C,-54.0
20236176,CCCCC\C=C\C[C@@H](O)CO,CCCCC/C=C/C[C@@H](O)CO,-1.2
20236177,CC\C=C/C[C@@H](O)COC(=O)C(C)(C)C,CC/C=C\C[C@@H](O)COC(=O)C(C)(C)C,-5.2
20285994,[H][C@]1(COC(CC)(CC)O1)[C@@H](O)CO,CCC1(CC)OC[C@@H]([C@@H](O)CO)O1,-2.0
20310590,CC[C@](C)(CC=O)\C=C\C1=CC=CC=C1,CC[C@@](C)(/C=C/c1ccccc1)CC=O,-13.64
20353053,CCOC(=O)[C@@H]1OC(C)(C)O[C@H]1CCC#C,C#CCC[C@@H]1OC(C)(C)O[C@H]1C(=O)OCC,-23.5
20373194,O[C@H](CC(=O)C1=CC=CC=C1)C(=O)C1=CC=CO1,O=C(C[C@@H](O)C(=O)c1ccco1)c1ccccc1,5.0
20409727,CCCCCCC[C@@H](O)C#CC#CCOC(C)=O,CCCCCCC[C@@H](O)C#CC#CCOC(C)=O,-5.8
20452101,CC(C)(C)C(=O)OCC[C@H]1CC(=C)C[C@H](O1)C=C,C=C[C@@H]1CC(=C)C[C@H](CCOC(=O)C(C)(C)C)O1,-19.8
20452116,CCCC[C@H](O)\C=C\[C@@H](C)O,CCCC[C@H](O)/C=C/[C@@H](C)O,60.0
20452126,C[C@@H](O)\C=C\[C@@H](O)C1CCCCC1,C[C@@H](O)/C=C/[C@@H](O)C1CCCCC1,8.0
20504368,C[C@H](N)[C@@H](O)CC1=CC=CC=C1,C[C@H](N)[C@@H](O)Cc1ccccc1,-17.8
20504370,CC[C@H](N)[C@@H](O)CC1=CC=CC=C1,CC[C@H](N)[C@@H](O)Cc1ccccc1,-20.6
20504379,CCCCC[C@H](NC1=CC=C(OC)C=C1)[C@H](C)O,CCCCC[C@H](Nc1ccc(OC)cc1)[C@H](C)O,6.8
20532624,CC[C@@H]([C@@H](O)C1CCCCC1)N(=O)=O,CC[C@@H]([C@@H](O)C1CCCCC1)[N+](=O)[O-],-4.0
20542849,C[C@@H](CC=C)C(=O)C1=NC=CN1C,C=CC[C@H](C)C(=O)c1nccn1C,20.8
20548391,[H][C@@]12CC[C@](C)(O)[C@@]1([H])C=C(C)[C@@H](C)CCC2=C,C=C1CC[C@H](C)C(C)=C[C@H]2[C@H]1CC[C@]2(C)O,110.0
20549210,CC[C@H](C)OCC(C)(C)[C@@H](O)C(C)C,CC[C@H](C)OCC(C)(C)[C@@H](O)C(C)C,-4.5
20598716,C[C@@H]1[C@H](OC1=O)C1=CC=C(Br)C=C1,C[C@H]1C(=O)O[C@@H]1c1ccc(Br)cc1,28.3
20598717,C[C@@H]1[C@H](OC1=O)C1=CC=C(C=C1)C#N,C[C@H]1C(=O)O[C@@H]1c1ccc(C#N)cc1,25.6
20598720,CCC[C@@H]1[C@H](OC1=O)C1=CC=CC=C1,CCC[C@H]1C(=O)O[C@@H]1c1ccccc1,23.2
20598721,C[C@@H]1[C@H](OC1=O)C1=CC=C(C=C1)N(=O)=O,C[C@H]1C(=O)O[C@@H]1c1ccc([N+](=O)[O-])cc1,14.2
20598722,CCC[C@@H]1[C@H](OC1=O)C1=CC=C(Cl)C=C1,CCC[C@H]1C(=O)O[C@@H]1c1ccc(Cl)cc1,13.5
20598728,CCC[C@@H]1[C@H](OC1=O)C1=CC=C(C=C1)N(=O)=O,CCC[C@H]1C(=O)O[C@@H]1c1ccc([N+](=O)[O-])cc1,9.0
20598730,CCC[C@@H]1[C@H](OC1=O)C1=CC=C(C=C1)C#N,CCC[C@H]1C(=O)O[C@@H]1c1ccc(C#N)cc1,16.7
20598733,C[C@@H]1[C@H](OC1=O)C1=CC=C(C=C1)C(F)(F)F,C[C@H]1C(=O)O[C@@H]1c1ccc(C(F)(F)F)cc1,12.1
20600884,CC1(C)O[C@H](CC=O)[C@](C)(O1)C=C,C=C[C@@]1(C)OC(C)(C)O[C@@H]1CC=O,-22.6
20600885,CC(=O)C[C@H]1OC(C)(C)O[C@]1(C)C=C,C=C[C@@]1(C)OC(C)(C)O[C@@H]1CC(C)=O,-22.6
20600887,CC1(C)O[C@H](CCO)[C@](C)(O1)C=C,C=C[C@@]1(C)OC(C)(C)O[C@@H]1CCO,-3.1
20653215,CC(C)(O[Si](C)(C)C)[C@@H]1C[C@@H](O)CN1,CC(C)(O[Si](C)(C)C)[C@@H]1C[C@@H](O)CN1,-10.2
20669473,C[Si](C)(C)[C@H](C=C)[C@@H](O)CCC1=CC=CC=C1,C=C[C@H]([C@@H](O)CCc1ccccc1)[Si](C)(C)C,13.3
20669474,C[Si](C)(C)[C@H](C=C)[C@@H](O)\C=C\C1=CC=CC=C1,C=C[C@H]([C@@H](O)/C=C/c1ccccc1)[Si](C)(C)C,38.8
20696239,CC(C)[C@@H](O)C1=CC=CC=C1O,CC(C)[C@@H](O)c1ccccc1O,24.1
20696241,CC(C)(C)[C@@H](O)C1=CC=CC=C1O,CC(C)(C)[C@@H](O)c1ccccc1O,10.0
20696242,CC(C)(C)[C@H](O)C1=CC=CC=C1O,CC(C)(C)[C@H](O)c1ccccc1O,-10.5
20696244,C[C@@H](O)C1=CC=CC=C1O[C@@H](C)C1=CC=CC=C1,C[C@H](Oc1ccccc1[C@@H](C)O)c1ccccc1,75.3
20702003,CC(C)[C@@](C)(O)C1=CC=CC=C1F,CC(C)[C@@](C)(O)c1ccccc1F,15.9
20702018,C[C@@](O)(C1CCCCC1)C1=CC=C(F)C=C1,C[C@](O)(c1ccc(F)cc1)C1CCCCC1,16.2
20749408,[H][C@]12CCC(=O)C1=C(C)CC2(C#N)C#N,CC1=C2C(=O)CC[C@@H]2C(C#N)(C#N)C1,-11.3
20749409,[H][C@@]12CCCC(=O)C1=C(C)CC2(C#N)C#N,CC1=C2C(=O)CCC[C@H]2C(C#N)(C#N)C1,7.2
20749410,[H][C@]12CCCC(=O)C1=C(C)CC2(C#N)C#N,CC1=C2C(=O)CCC[C@@H]2C(C#N)(C#N)C1,-7.6
20749412,O=C1CCC[C@@H](C1)C(CC#C)(C#N)C#N,C#CCC(C#N)(C#N)[C@H]1CCCC(=O)C1,-17.1
20749415,[H][C@]12CC(C)(C)CC(=O)C1=C(C)CC2(C#N)C#N,CC1=C2C(=O)CC(C)(C)C[C@@H]2C(C#N)(C#N)C1,-11.0
20749416,[H][C@]12CCC[C@@H](O)C1=C(C)CC2(C#N)C#N,CC1=C2[C@H](O)CCC[C@@H]2C(C#N)(C#N)C1,9.1
20749421,[H][C@]12CCCC(=O)C1=C(C)CCC2(C#N)C#N,CC1=C2C(=O)CCC[C@@H]2C(C#N)(C#N)CC1,-29.0
20803062,CC(C)COC(=O)[C@H](C)[C@H](O)CC=C,C=CC[C@@H](O)[C@@H](C)C(=O)OCC(C)C,-11.2
20803066,CC[Si](CC)(CC)O[C@H](CC=C)[C@@H](C)C=O,C=CC[C@@H](O[Si](CC)(CC)CC)[C@@H](C)C=O,-37.5
20807158,CC(C)N1C(=O)C[C@H](CC(C)=O)C1=O,CC(=O)C[C@H]1CC(=O)N(C(C)C)C1=O,6.4
20807159,CCCN1C(=O)C[C@H](CC(C)=O)C1=O,CCCN1C(=O)C[C@H](CC(C)=O)C1=O,-2.8
20862987,CCOC(=O)[C@@H](C)OC1=C(C)C(C)=CC(C)=C1,CCOC(=O)[C@@H](C)Oc1cc(C)cc(C)c1C,24.1
20870375,C[C@H](CC=C)C(=O)NCC1=CC=CC=C1,C=CC[C@@H](C)C(=O)NCc1ccccc1,8.5
20914749,CCCC[C@H]([C@H](C)C(C)=O)C1=CC=CC=C1,CCCC[C@@H](c1ccccc1)[C@H](C)C(C)=O,20.3
20914757,CCCC[C@H](CC(C)=O)C1=CC=C(Cl)C=C1,CCCC[C@H](CC(C)=O)c1ccc(Cl)cc1,-1.7
20914758,CCCC[C@H]([C@H](C)C(=O)C(C)C)C1=CC=CC=C1,CCCC[C@@H](c1ccccc1)[C@H](C)C(=O)C(C)C,75.9
20914762,CCCC[C@H]([C@H](C)C(=O)CC)C1=CC=CC=C1,CCCC[C@@H](c1ccccc1)[C@H](C)C(=O)CC,45.1
20914768,COC[C@@H]1CCCN1\N=C1/CCCCC=C1,COC[C@@H]1CCCN1/N=C1/C=CCCCC1,863.8
20928594,CCCCC(=O)[C@@H](O)CC1=CC=CC=C1,CCCCC(=O)[C@@H](O)Cc1ccccc1,35.5
21018578,C[C@@H](C=C)[C@@H](CO)C1=CC=CC=C1,C=C[C@H](C)[C@@H](CO)c1ccccc1,0.01
21018588,C[C@@H]([C@H](C=C)C1=CC=CO1)C(=O)[Si](C)(C)C,C=C[C@H](c1ccco1)[C@H](C)C(=O)[Si](C)(C)C,-15.5
21018590,CCC[C@H](CO)[C@H](C=C)C1=CC=CC=C1,C=C[C@H](c1ccccc1)[C@@H](CO)CCC,-81.0
21018595,C[C@@H]([C@H](C=C)C1=CC=CC=C1)C(=O)[Si](C)(C)C,C=C[C@H](c1ccccc1)[C@H](C)C(=O)[Si](C)(C)C,-9.6
21018597,C[C@@H](C=C)[C@@H](C(=O)[Si](C)(C)C)C1=CC=CC=C1,C=C[C@H](C)[C@@H](C(=O)[Si](C)(C)C)c1ccccc1,-309.3
21034286,[H][C@@]1(CC=C(C=C1)C(O)=O)[C@@H](C)CCC=C(C)C,CC(C)=CCC[C@H](C)[C@@H]1C=CC(C(=O)O)=CC1,-50.0
21034287,[H][C@]1(CC=C(C=C1)C(O)=O)[C@H](C)CCC=C(C)C,CC(C)=CCC[C@@H](C)[C@H]1C=CC(C(=O)O)=CC1,52.0
21034288,[H][C@]1(CC=C(C=C1)C(O)=O)[C@@H](C)CCC=C(C)C,CC(C)=CCC[C@H](C)[C@H]1C=CC(C(=O)O)=CC1,88.0
21037121,C[C@@H]1CC2=C(C(C)=N1)C(O)=CC=C2C1=CC=CC=C1,CC1=N[C@H](C)Cc2c(-c3ccccc3)ccc(O)c21,99.8
21096917,CCO[C@@H]1CC[C@H](O1)C1=CC=C(F)C=C1,CCO[C@@H]1CC[C@@H](c2ccc(F)cc2)O1,59.1
21096918,CCO[C@@H]1CC[C@@H](O1)C1=CC=C(F)C=C1,CCO[C@@H]1CC[C@H](c2ccc(F)cc2)O1,137.1
21096930,CCO[C@@H]1CC[C@@](C)(O1)C1=CC=C(C)C=C1,CCO[C@@H]1CC[C@](C)(c2ccc(C)cc2)O1,102.8
21141874,[H][C@]12OC(C)(C)O[C@@]1([H])C(CO)=CC=C2,CC1(C)O[C@@H]2C=CC=C(CO)[C@@H]2O1,-75.0
21149135,C[C@@H](OC(C)=O)C#CCO,CC(=O)O[C@H](C)C#CCO,162.4
21149145,CC1(C)C[C@](C)(O)[C@H](O)[C@H](O1)C=C,C=C[C@H]1OC(C)(C)C[C@](C)(O)[C@@H]1O,52.8
21163294,O[C@H](CC=C)C1=CC=CC=C1C#N,C=CC[C@@H](O)c1ccccc1C#N,9.2
21163924,COC1=C(O)C=CC=C1[C@H](O)[C@H](C)CC=C,C=CC[C@@H](C)[C@@H](O)c1cccc(O)c1OC,4.1
21163930,[H][C@]12CC(C)=C[C@@]11CC[C@@]([H])(C2)C(=O)C1(OC)OC,COC1(OC)C(=O)[C@H]2CC[C@@]13C=C(C)C[C@@H]3C2,-15.0
21163940,[H][C@@]12C[C@@H](C)[C@@H](O)[C@]11C=C[C@]([H])(C2)C(=O)C1(OC)OC,COC1(OC)C(=O)[C@@H]2C=C[C@@]13[C@H](C2)C[C@@H](C)[C@H]3O,-138.0
21163941,[H][C@]12C[C@@H](C)[C@@H](O)[C@@]11C=C[C@@]([H])(C2)C(=O)C1(OC)OC,COC1(OC)C(=O)[C@H]2C=C[C@]13[C@H](C[C@@H](C)[C@H]3O)C2,2.0
21163951,[H][C@@]12C[C@@H](C)[C@@H](O)[C@]11CC[C@]([H])(C2)C(=O)C1(OC)OC,COC1(OC)C(=O)[C@@H]2CC[C@@]13[C@H](C2)C[C@@H](C)[C@H]3O,9.2
21163952,[H][C@]12C[C@@H](C)[C@@H](O)[C@@]11CC[C@@]([H])(C2)C(=O)C1(OC)OC,COC1(OC)C(=O)[C@H]2CC[C@]13[C@@H](C2)C[C@@H](C)[C@H]3O,-33.5
21169291,CCC[C@@H](NCCC1=CC=CC=C1)\C=C\C,C/C=C/[C@@H](CCC)NCCc1ccccc1,-1.3
21207859,BrCC#C[C@H](OCC#C)C1=COC=C1,C#CCO[C@@H](C#CCBr)c1ccoc1,73.5
21207860,OCC#C[C@H](OCC#C)C1=COC=C1,C#CCO[C@@H](C#CCO)c1ccoc1,78.3
21263990,FC(F)(F)C1=CC=C(C=C1)[C@H]1CC(=O)N1,O=C1C[C@H](c2ccc(C(F)(F)F)cc2)N1,61.0
21311289,CC[C@H](CC(OC)OC)\C=C\C(=O)OC,CC[C@@H](/C=C/C(=O)OC)CC(OC)OC,-19.7
21311294,CC[C@H](CC(OC)OC)\C=C\C(=O)N(C)OC,CC[C@@H](/C=C/C(=O)N(C)OC)CC(OC)OC,-17.2
21311299,CCCC[C@H](CC(OC)OC)\C=C\C(=O)OC,CCCC[C@@H](/C=C/C(=O)OC)CC(OC)OC,-7.5
21311305,CCCC[C@H](CC(O)=O)\C=C\C(=O)OC,CCCC[C@@H](/C=C/C(=O)OC)CC(=O)O,-5.4
21325994,O[C@@](CN(=O)=O)(C=O)C1=CC=CS1,O=C[C@@](O)(C[N+](=O)[O-])c1cccs1,-29.6
21326003,O[C@@](CN(=O)=O)(C=O)C1=CC=CC=C1,O=C[C@@](O)(C[N+](=O)[O-])c1ccccc1,-72.7
21326009,OC[C@@](O)(CN(=O)=O)C1=CC=CC=C1,O=[N+]([O-])C[C@](O)(CO)c1ccccc1,-7.0
21326018,CC1=CC=C(C=C1)[C@](O)(CN(=O)=O)C=O,Cc1ccc([C@@](O)(C=O)C[N+](=O)[O-])cc1,-96.6
21326022,O[C@@](CN(=O)=O)(C=O)C1=CC=C(Cl)C=C1,O=C[C@@](O)(C[N+](=O)[O-])c1ccc(Cl)cc1,-75.6
21326028,O[C@@](CN(=O)=O)(C=O)C1=CC=C(F)C=C1,O=C[C@@](O)(C[N+](=O)[O-])c1ccc(F)cc1,-79.5
21326034,COC(OC)[C@@](O)(CN(=O)=O)C1=CC=CC=C1,COC(OC)[C@@](O)(C[N+](=O)[O-])c1ccccc1,17.3
21326037,O[C@@](CN(=O)=O)(C=O)C1=CC=C(C=C1)N(=O)=O,O=C[C@@](O)(C[N+](=O)[O-])c1ccc([N+](=O)[O-])cc1,-14.2
21326041,O[C@@](CN(=O)=O)(C=O)C1=CC=C2C=CC=CC2=C1,O=C[C@@](O)(C[N+](=O)[O-])c1ccc2ccccc2c1,-42.0
21327393,C=C[C@H]1OC(O[C@@H]1C=C)C1=CC=CC=C1,C=C[C@H]1OC(c2ccccc2)O[C@@H]1C=C,-0.1
21353137,[H][C@]1(CCC(=O)O1)[C@H](N)C1=CC=C(Cl)C=C1,N[C@H](c1ccc(Cl)cc1)[C@@H]1CCC(=O)O1,-92.9
21374834,CCCCCCCC[C@@H](O)[C@@H](C)CO,CCCCCCCC[C@@H](O)[C@@H](C)CO,22.7
21395139,CCOC(=O)\C=C\C[C@@H](O)C(C)(C)C,CCOC(=O)/C=C/C[C@@H](O)C(C)(C)C,37.0
21395141,CCOC(=O)\C=C\C[C@@H](O)C1(C)COC1,CCOC(=O)/C=C/C[C@@H](O)C1(C)COC1,6.0
21395142,CCOC(=O)\C=C\C[C@@H](O)C1CCCC1,CCOC(=O)/C=C/C[C@@H](O)C1CCCC1,-41.0
21395144,CCOC(=O)\C=C\C[C@@H](O)C1=C(OC)C=CC=C1,CCOC(=O)/C=C/C[C@@H](O)c1ccccc1OC,25.0
21395146,CCOC(=O)\C=C\C[C@@H](O)C1CCCCC1,CCOC(=O)/C=C/C[C@@H](O)C1CCCCC1,-11.0
21412785,[H][C@@]12C[C@@]([H])(C(C=NC(C)C)=CC1)C2(C)C,CC(C)N=CC1=CC[C@H]2C[C@@H]1C2(C)C,21.4
21419709,CO[C@H]1C[C@@H](OCC2=CC=CC=C2)C=CO1,CO[C@H]1C[C@@H](OCc2ccccc2)C=CO1,-10.0
21419711,CO[C@H]1OC=CC[C@H]1OCC1=CC=CC=C1,CO[C@H]1OC=CC[C@H]1OCc1ccccc1,96.6
21419722,[2H][C@@H]1O[C@H](OC)[C@@H](C[C@H]1O)OCC1=CC=CC=C1,[2H][C@@H]1O[C@H](OC)[C@H](OCc2ccccc2)C[C@H]1O,197.0
21419723,[2H][C@H]1O[C@H](C[C@@H](OCC2=CC=CC=C2)[C@@H]1O)OC,[2H][C@H]1O[C@@H](OC)C[C@@H](OCc2ccccc2)[C@@H]1O,3.5
21431962,CCC[C@@H](CCCC=C)N=N#N,C=CCCC[C@H](CCC)N=[N+]=[N-],1.37
21431963,CCC[C@@H](CCCC(C)=O)N=N#N,CCC[C@@H](CCCC(C)=O)N=[N+]=[N-],3.19
21431964,CC(=O)CCC[C@H](CC(C)=O)N=N#N,CC(=O)CCC[C@H](CC(C)=O)N=[N+]=[N-],-10.02
21431965,CS(=O)(=O)O[C@@H](CCCC=C)CC=C,C=CCCC[C@@H](CC=C)OS(C)(=O)=O,-18.5
21431966,CCC[C@H](CCCC=C)OS(C)(=O)=O,C=CCCC[C@@H](CCC)OS(C)(=O)=O,3.82
21433934,O[C@H]([C@@H](C=C)C(F)(F)F)C1=CC=CO1,C=C[C@H]([C@@H](O)c1ccco1)C(F)(F)F,15.0
21433937,C[C@H](C=C)[C@@H](O)CCNC(=O)OC(C)(C)C,C=C[C@@H](C)[C@@H](O)CCNC(=O)OC(C)(C)C,-7.14
21433938,O[C@@H](CCC1=CC=CC=C1)[C@@H](C=C)C(F)(F)F,C=C[C@H]([C@@H](O)CCc1ccccc1)C(F)(F)F,-15.01
21433939,O[C@@H](\C=C\C1=CC=CC=C1)[C@@H](C=C)C(F)(F)F,C=C[C@H]([C@@H](O)/C=C/c1ccccc1)C(F)(F)F,-23.64
21433943,O[C@H]([C@@H](C=C)C(F)(F)F)C1CCCCC1,C=C[C@H]([C@@H](O)C1CCCCC1)C(F)(F)F,-27.35
21433949,CCCCCCCC[C@H](O)[C@@H](C=C)C(F)(F)F,C=C[C@H]([C@@H](O)CCCCCCCC)C(F)(F)F,-29.29
21434871,[H][C@]1(OC(C)(C)O[C@H]1C)[C@H](O)C(=O)CO,C[C@@H]1OC(C)(C)O[C@H]1[C@H](O)C(=O)CO,-22.2
21434872,[H][C@]1(OC(C)(C)O[C@H]1C)[C@@H](O)C(=O)CO,C[C@@H]1OC(C)(C)O[C@H]1[C@@H](O)C(=O)CO,-48.7
21434875,C[C@@H](OCC1=CC=CC=C1)[C@@H](O)CC(C)=O,CC(=O)C[C@H](O)[C@@H](C)OCc1ccccc1,-36.0
21434879,CC(C)C(=O)C[C@H](O)[C@@H](C)OCC1=CC=CC=C1,CC(C)C(=O)C[C@H](O)[C@@H](C)OCc1ccccc1,-39.3
21446838,COC(=O)[C@]1(O)C=CC=C(Br)[C@H]1O,COC(=O)[C@]1(O)C=CC=C(Br)[C@H]1O,-40.0
21446842,[H][C@]12OC(C)(C)O[C@]1(C=CC=C2C#C)C(=O)OC,C#CC1=CC=C[C@]2(C(=O)OC)OC(C)(C)O[C@H]12,-184.0
21511461,CCC[C@H](O)C1=C(C)C(=O)C[C@H]1C,CCC[C@H](O)C1=C(C)C(=O)C[C@H]1C,-32.2
21511462,C[C@@H]1CC(=O)C2=CC(C)=C(O)C(C)=C2O1,Cc1cc2c(c(C)c1O)O[C@H](C)CC2=O,42.1
21511463,C[C@@H]1OC2=C(C)C(O)=C(C)C=C2C(=O)[C@@H]1O,Cc1cc2c(c(C)c1O)O[C@@H](C)[C@@H](O)C2=O,-62.2
21525093,[H][C@@]1(CC2=CC=C(C)C(O)=C2C(=O)O1)[C@@H](C)C=C,C=C[C@H](C)[C@H]1Cc2ccc(C)c(O)c2C(=O)O1,56.2
21544825,CC(C)[C@@H]1N[C@@](C)(NC1=O)C1=NC=CC=C1,CC(C)[C@@H]1N[C@](C)(c2ccccn2)NC1=O,-21.6
21544826,CC(C)[C@@H]1N[C@](C)(NC1=O)C1=NC=CC=C1,CC(C)[C@@H]1N[C@@](C)(c2ccccn2)NC1=O,-3.4
21544830,CC(C)[C@@]1(C)N[C@H](NC1=O)C1=NC=CC=C1,CC(C)[C@@]1(C)N[C@@H](c2ccccn2)NC1=O,54.1
21544831,CC(C)[C@]1(C)N(C)[C@@H](NC1=O)C1=NC=CC=C1,CC(C)[C@@]1(C)C(=O)N[C@@H](c2ccccn2)N1C,-54.3
21544832,CC(C)[C@]1(C)N(C)[C@H](NC1=O)C1=NC=CC=C1,CC(C)[C@@]1(C)C(=O)N[C@H](c2ccccn2)N1C,29.4
21613362,N[C@@H](C(C1CCCCC1)C1CCCCC1)C(N)=O,NC(=O)[C@@H](N)C(C1CCCCC1)C1CCCCC1,-0.272
21635492,[H][C@]12C[C@]1(CC=C2C)[C@@H](C)CCC=C(C)C,CC(C)=CCC[C@H](C)[C@]12CC=C(C)[C@H]1C2,-27.6
21635494,[H][C@]12C[C@]1(CCC2=O)[C@@H](C)CCC=C(C)C,CC(C)=CCC[C@H](C)[C@]12CCC(=O)[C@H]1C2,-20.8
21635495,[H][C@@]12C[C@@]1(CC[C@H]2O)[C@@H](C)CCC=C(C)C,CC(C)=CCC[C@H](C)[C@@]12CC[C@@H](O)[C@@H]1C2,0.3
21635498,[H][C@]12C[C@]1(CC[C@@H]2O)[C@@H](C)CCC=C(C)C,CC(C)=CCC[C@H](C)[C@]12CC[C@H](O)[C@H]1C2,-9.53
21635619,C=CCCC#CN1[C@@H](COC1=O)C1=CC=CC=C1,C=CCCC#CN1C(=O)OC[C@H]1c1ccccc1,-136.0
21675953,CCO[C@H]1C[C@H](C=C(CO)O1)C1=CC=CC=C1,CCO[C@H]1C[C@@H](c2ccccc2)C=C(CO)O1,8.65
21682832,C[C@H](OCC#C)C1=CC=NC=C1,C#CCO[C@@H](C)c1ccncc1,18.7
21682833,C[C@@H](OCC#C)C1=CC=NC=C1,C#CCO[C@H](C)c1ccncc1,-18.6
21715104,CC[C@@](N)(C(=O)OC)C1=CC=CC=C1,CC[C@@](N)(C(=O)OC)c1ccccc1,13.0
21734895,N[C@H](CCO)C(=O)NCC1=CC=CC=C1,N[C@H](CCO)C(=O)NCc1ccccc1,4.8
21735620,CO[C@@H](C(=O)OC)C1=C(O)C(C)=C2OCOC2=C1,COC(=O)[C@H](OC)c1cc2c(c(C)c1O)OCO2,-51.8
21769612,CC1(C)COC2(CCCC2)O[C@H]1CC(=O)C=C,C=CC(=O)C[C@@H]1OC2(CCCC2)OCC1(C)C,-12.3
21769615,CC(C)(CO)[C@@H]1C[C@H](OC2(CCCC2)O1)C=C,C=C[C@@H]1C[C@@H](C(C)(C)CO)OC2(CCCC2)O1,-10.9
21777590,[H][C@@]12CO[C@@H](N1C(=O)CN=C2OC)C(C)(C)C,COC1=NCC(=O)N2[C@H]1CO[C@@H]2C(C)(C)C,12.8
21783345,CCC[C@@H]1CCC[C@H](CC(C)C)N1,CCC[C@@H]1CCC[C@H](CC(C)C)N1,-0.1
21783347,CCCC1=CC(=O)C[C@H](C)N1C(=O)OC(C)(C)C,CCCC1=CC(=O)C[C@H](C)N1C(=O)OC(C)(C)C,271.0
21783348,CCC[C@@H]1CC(=O)C[C@H](C)N1C(=O)OC(C)(C)C,CCC[C@@H]1CC(=O)C[C@H](C)N1C(=O)OC(C)(C)C,30.4
21783350,CCCC1=C[C@@H](O)C[C@H](C)N1C(=O)OC(C)(C)C,CCCC1=C[C@@H](O)C[C@H](C)N1C(=O)OC(C)(C)C,105.0
21815228,CC(=C)C[C@@H](O)C1=CC2=CC=CC=C2S1,C=C(C)C[C@@H](O)c1cc2ccccc2s1,36.1
21815229,CC(=O)C[C@@H]1C[C@@H](CC(C)=O)OC(C)(C)O1,CC(=O)C[C@@H]1C[C@@H](CC(C)=O)OC(C)(C)O1,-37.0
21815230,CC(=C)C[C@@H](O)C[C@H](O)CC(C)=C,C=C(C)C[C@@H](O)C[C@H](O)CC(=C)C,-24.0
21815231,CC(=C)C[C@@H]1C[C@@H](CC(C)=C)OC(C)(C)O1,C=C(C)C[C@@H]1C[C@@H](CC(=C)C)OC(C)(C)O1,-28.0
21815232,CC(=C)C[C@@H](O)C1=CC2=C(OCO2)C=C1,C=C(C)C[C@@H](O)c1ccc2c(c1)OCO2,50.0
21824087,C1O[C@@H](CC=C1)C1=CC=CO1,C1=CC[C@@H](c2ccco2)OC1,-77.2
21824092,C=CC1=CCO[C@@H](C1)C1=CC=CS1,C=CC1=CCO[C@H](c2cccs2)C1,-5.8
21824097,C=CC1=CC[C@H](OC1)C1=CC=CS1,C=CC1=CC[C@@H](c2cccs2)OC1,-107.1
21826120,COC(=O)C1(CC(C)=C(C=O)[C@H]1C)C(=O)OC,COC(=O)C1(C(=O)OC)CC(C)=C(C=O)[C@H]1C,-108.9
21826592,CC(=O)C1=C[C@@](C)(CC=C)C(=O)C[C@@]1(C)CC=C,C=CC[C@]1(C)CC(=O)[C@](C)(CC=C)C=C1C(C)=O,-60.4
21826594,C[C@]12CC(=C)C(=O)C1=C[C@@](C)(CC=C)C(=O)C2,C=CC[C@]1(C)C=C2C(=O)C(=C)C[C@]2(C)CC1=O,-130.8
21841311,CC(C)[C@@H](CO)N[C@H](C(C)C)C1=NC=CN1C,CC(C)[C@@H](CO)N[C@@H](c1nccn1C)C(C)C,40.0
21842553,CCC(=O)[C@]1(CCOC1=O)C(F)(F)F,CCC(=O)[C@@]1(C(F)(F)F)CCOC1=O,186.0
21842555,CCC(=O)[C@]1(CC(C)(C)OC1=O)C1=CC=CS1,CCC(=O)[C@@]1(c2cccs2)CC(C)(C)OC1=O,70.0
21842558,CCC(=O)[C@]1(CC(C)(C)OC1=O)C1=CC=CC=C1,CCC(=O)[C@@]1(c2ccccc2)CC(C)(C)OC1=O,146.0
21842564,CCC(=O)[C@@]1(CC2=CC=CC=C2)CCOC1=O,CCC(=O)[C@@]1(Cc2ccccc2)CCOC1=O,-4.0
21856243,COCC(=O)O[C@]1(CCC2=CC=CC=C12)C#N,COCC(=O)O[C@@]1(C#N)CCc2ccccc21,-17.5
21856248,COCC(=O)O[C@]1(CCCC2=CC=CC=C12)C#N,COCC(=O)O[C@@]1(C#N)CCCc2ccccc21,22.0
21862621,[H][C@]1(C)OC(C)(C)O[C@]1([H])CC#N,C[C@H]1OC(C)(C)O[C@@H]1CC#N,29.0
21893727,CCC[C@H](CN1C=NC=N1)C1=CC=C(Cl)C=C1,CCC[C@H](Cn1cncn1)c1ccc(Cl)cc1,-82.8
21893728,CCC[C@@H](CN1C=NC=N1)C1=CC=C(Cl)C=C1,CCC[C@@H](Cn1cncn1)c1ccc(Cl)cc1,83.7
21893736,CCC[C@H](CN1C=NC=N1)C1=CC=C(F)C=C1,CCC[C@H](Cn1cncn1)c1ccc(F)cc1,-70.7
21893737,CCC[C@@H](CN1C=NC=N1)C1=CC=C(F)C=C1,CCC[C@@H](Cn1cncn1)c1ccc(F)cc1,70.2
21893751,CCCC[C@H](CN1C=NC=N1)C1=CC=C(F)C=C1,CCCC[C@H](Cn1cncn1)c1ccc(F)cc1,-68.8
21893752,CCCC[C@@H](CN1C=NC=N1)C1=CC=C(F)C=C1,CCCC[C@@H](Cn1cncn1)c1ccc(F)cc1,59.9
21950013,[H][C@@]12C[C@@]([H])(C(CCCC(O)=O)=CC1)C2(C)C,CC1(C)[C@H]2CC=C(CCCC(=O)O)[C@@H]1C2,-25.2
21950014,[H][C@@]12CC[C@@](C)(C(=O)N3C4=C(C=CC=C4)N=C13)C2(C)C,CC1(C)[C@@H]2CC[C@@]1(C)C(=O)n1c2nc2ccccc21,55.0
21961126,C[C@@H]1O[C@H](CC=C1C(C)=O)OCC1=CC=CC=C1,CC(=O)C1=CC[C@H](OCc2ccccc2)O[C@H]1C,-89.9
21964413,CC(C)(C)[C@@H]1NCCC2=C1C1=C(N2)C=CC=C1,CC(C)(C)[C@@H]1NCCc2[nH]c3ccccc3c21,-14.8
21964423,CCC(CC)[C@@H]1NCCC2=C1C1=C(N2)C=CC=C1,CCC(CC)[C@@H]1NCCc2[nH]c3ccccc3c21,-61.1
21972933,C[C@H]1CC[C@@H](O)C2=CC(C)=CC=C12,Cc1ccc2c(c1)[C@H](O)CC[C@@H]2C,-20.1
22010715,CC(C)(C)[C@@H](N)C(=O)NCC1=CC=C(Cl)C=C1,CC(C)(C)[C@@H](N)C(=O)NCc1ccc(Cl)cc1,14.2
22052927,[H][C@]12COC(=O)N1C[C@@]1([H])C(C)=NO[C@@]21[H],CC1=NO[C@H]2[C@H]3COC(=O)N3C[C@@H]12,-1.7
22084263,OCCC[C@@H](O)C#CC1=CC=CC=C1,OCCC[C@@H](O)C#Cc1ccccc1,11.0
22084273,O=C1OCCC[C@@H](O1)C#CC1=CC=CC=C1,O=C1OCCC[C@H](C#Cc2ccccc2)O1,72.6
22103760,CC(C)N=C1O[C@@H](C)C(=O)N1C(C)C,CC(C)N=C1O[C@@H](C)C(=O)N1C(C)C,10.1
22167584,CC(C)[C@H]1CCC(=C)[C@@]11CCC(=CC1)C(O)=O,C=C1CC[C@H](C(C)C)[C@@]12CC=C(C(=O)O)CC2,48.0
22167585,CC1(C)CCCC(=C)[C@@]11CCC(CO)=CC1,C=C1CCCC(C)(C)[C@@]12CC=C(CO)CC2,-21.3
22186540,COCC(C)(C)[C@H](O)CC(C)C,COCC(C)(C)[C@H](O)CC(C)C,8.8
22186541,COC[C@H](C(C)C)[C@H](O)CC(C)C,COC[C@H](C(C)C)[C@H](O)CC(C)C,15.0
22206483,CC[C@](C)(N=N#N)C(O)=O,CC[C@](C)(N=[N+]=[N-])C(=O)O,-38.1
22304239,CCOC(=O)C(=[N]#N)[C@H](O)CC,CCOC(=O)C(=[N+]=[N-])[C@H](O)CC,29.7
22304254,CCOC(=O)[C@](C)(O)[C@@H](CC)OC(=O)CC,CCOC(=O)[C@](C)(O)[C@@H](CC)OC(=O)CC,-1.0
22397907,CC1=NN([C@@H]2CCCC[C@H]2O)C(C)=C1N(=O)=O,Cc1nn([C@@H]2CCCC[C@H]2O)c(C)c1[N+](=O)[O-],19.3
22435381,[2H]\C=C\[C@@H]1OC2=CC=CC=C2C=C1,[2H]/C=C/[C@H]1C=Cc2ccccc2O1,2.5
22435397,[2H][C@H](OC(C)=O)\C=C\CCC1=C(O)C=CC=C1,[2H][C@@H](/C=C/CCc1ccccc1O)OC(C)=O,-16.8
22463378,CCC1=CC(=O)C[C@H](O1)C(C)(C)C,CCC1=CC(=O)C[C@@H](C(C)(C)C)O1,155.4
22463383,CCC1=CC(=O)C[C@H](O1)C1=CC=CC=C1,CCC1=CC(=O)C[C@@H](c2ccccc2)O1,84.4
22463408,CCC1=CC(=O)C[C@@H](CCC2=CC=CC=C2)O1,CCC1=CC(=O)C[C@@H](CCc2ccccc2)O1,103.2
22463411,CCC1=CC(=O)C[C@H](O1)\C=C\C1=CC=CC=C1,CCC1=CC(=O)C[C@@H](/C=C/c2ccccc2)O1,118.1
22463418,CCC1=CC(=O)C[C@H](O1)C1=CC=CC(=C1)C(C)=O,CCC1=CC(=O)C[C@@H](c2cccc(C(C)=O)c2)O1,34.9
22497382,[H][C@]12C[C@@H](O)[C@]([H])(CCC1)N2,O[C@@H]1C[C@H]2CCC[C@@H]1N2,16.1
22498951,OCC1=CC=C(OC[C@@H](O)C2=CC=CC=C2)C=C1,OCc1ccc(OC[C@@H](O)c2ccccc2)cc1,17.6
22503810,C[C@@H](N1N=C2C=CC=CC2=N1)C1=CC=CC=C1,C[C@H](c1ccccc1)n1nc2ccccc2n1,-55.4
22540469,COC(C[C@H](C=C)C1=CC=CC=C1)OC,C=C[C@@H](CC(OC)OC)c1ccccc1,-10.91
22540470,CCCC[C@H](CC(OC)OC)C=C,C=C[C@H](CCCC)CC(OC)OC,4.06
22540474,COC(C[C@H](C=C)C1=CC=C(Cl)C=C1)OC,C=C[C@@H](CC(OC)OC)c1ccc(Cl)cc1,-11.6
22540475,COC(C[C@H](C=C)C1=CC=C(OC)C=C1)OC,C=C[C@@H](CC(OC)OC)c1ccc(OC)cc1,-5.19
22540476,COC(C[C@@H](CCCCC=C)C=C)OC,C=CCCCC[C@@H](C=C)CC(OC)OC,6.2
22540477,CCCCCCCC[C@H](CC=O)C=C,C=C[C@@H](CC=O)CCCCCCCC,0.85
22540479,CCCCCCCC[C@H](CC(OC)OC)C=C,C=C[C@H](CCCCCCCC)CC(OC)OC,5.5
22556021,COC(=O)\C=C\C[C@@H]1CCC=N1=O,COC(=O)/C=C/C[C@@H]1CCC=[N+]1[O-],-5.5
22574907,CC(C)C[C@@H](O)C1=CC(Cl)=CC=C1,CC(C)C[C@@H](O)c1cccc(Cl)c1,31.5
22574908,CC(C)C[C@@H](O)\C=C\C1=CC=CC=C1,CC(C)C[C@@H](O)/C=C/c1ccccc1,-8.7
22574910,O[C@H](C1CCCCC1)C1=CC(Cl)=CC=C1,O[C@@H](c1cccc(Cl)c1)C1CCCCC1,18.0
22574911,CC1=CC=CC(=C1)[C@H](O)C1CCCCC1,Cc1cccc([C@H](O)C2CCCCC2)c1,22.0
22591459,CCOC(=O)C([C@H](C)C#C)C(=O)OCC,C#C[C@@H](C)C(C(=O)OCC)C(=O)OCC,10.0
22620090,CC[C@H]1CC2=C(CO1)C(OC)=CC(=O)O2,CC[C@H]1Cc2oc(=O)cc(OC)c2CO1,41.3
22679526,C[C@@H](CO)CC(C)=CCC1=CC=CC=C1,CC(=CCc1ccccc1)C[C@@H](C)CO,-28.6
22679527,C[C@H](CC(C)=CCO)[C@H](O)CC#C,C#CC[C@@H](O)[C@H](C)CC(C)=CCO,13.2
22685809,C[C@]1(SC2=CC=CC=C2)C(=O)NC2=C1C=CC=C2,C[C@]1(Sc2ccccc2)C(=O)Nc2ccccc21,-7.7
22693291,[H][C@]12O[C@@]1(CCC1=CC=CC=C1)CCC2=O,O=C1CC[C@]2(CCc3ccccc3)O[C@H]12,-57.6
22727013,CC[Si](CC)(CC)O[C@H](CC=C)[C@H](C)C=O,C=CC[C@@H](O[Si](CC)(CC)CC)[C@H](C)C=O,37.69
22727017,CC[C@H]1O[C@]2(CC[C@@H]1C)C[C@@H](O)C[C@@H](CC=C)O2,C=CC[C@@H]1C[C@H](O)C[C@]2(CC[C@H](C)[C@@H](CC)O2)O1,88.86
22727117,COC(=O)[C@@](C)(O)[C@@H](C)C1=C(C)C=NC=C1,COC(=O)[C@@](C)(O)[C@@H](C)c1ccncc1C,11.2
22727119,COC(=O)[C@](C)(O)[C@@H](C)C1=C(C)C=NC=C1,COC(=O)[C@](C)(O)[C@@H](C)c1ccncc1C,-8.4
22730732,C[C@H](OO)C1=CC=C(C)C=C1,Cc1ccc([C@H](C)OO)cc1,-68.6
22753308,COC(=O)C[C@@H](O)C(=O)C1=CC=C(OC)C=C1,COC(=O)C[C@@H](O)C(=O)c1ccc(OC)cc1,42.5
22753321,CN1C(=O)C[C@@](O)(C#CC2=CC=CC=C2)C1=O,CN1C(=O)C[C@@](O)(C#Cc2ccccc2)C1=O,20.0
22775481,COC(=O)[C@H](C)NC(=O)\C=C\C(F)(F)F,COC(=O)[C@H](C)NC(=O)/C=C/C(F)(F)F,35.0
22775482,COC(=O)[C@@H](NC(=O)\C=C\C(F)(F)F)C(C)C,COC(=O)[C@@H](NC(=O)/C=C/C(F)(F)F)C(C)C,78.0
22800270,C[C@H](CCO)C#C,C#C[C@H](C)CCO,-10.0
22800273,C[C@H](CCBr)C#CC1=CC=CC=C1,C[C@@H](C#Cc1ccccc1)CCBr,-146.0
22800276,OCC[C@@H](OCC1=CC=CC=C1)C#C,C#C[C@@H](CCO)OCc1ccccc1,97.0
22801691,[H][C@@]12CCCN1C(=O)C[C@@H]2C=C,C=C[C@H]1CC(=O)N2CCC[C@@H]12,83.7
22801695,[H][C@@]12CCCN1C(=O)C[C@H]2NCC1=CC=CC=C1,O=C1C[C@@H](NCc2ccccc2)[C@@H]2CCCN12,-60.6
22818215,CC[C@H](OCC(=O)N(C)C)C=C,C=C[C@H](CC)OCC(=O)N(C)C,-23.5
22818230,[H][C@@]1(C[C@@H](O)[C@@H](CC)O1)[C@]1([H])C[C@H](O)[C@H](CC=C)O1,C=CC[C@@H]1O[C@H]([C@H]2C[C@@H](O)[C@@H](CC)O2)C[C@@H]1O,-5.9
22833761,C[C@@H]1CC=C(C(=O)CCC=C)C(=O)C1,C=CCCC(=O)C1=CC[C@@H](C)CC1=O,-49.3
22837685,CCC[C@@H]1N(O[C@H](C)C=C1C=O)C1=CC=CC=C1,CCC[C@H]1C(C=O)=C[C@@H](C)ON1c1ccccc1,233.1
22868771,O[C@H]1CC=C(COCC2=CC=CC=C2)C1,O[C@H]1CC=C(COCc2ccccc2)C1,20.0
22926601,CC1=C[C@H](CC=CC2=CC=CC=C2)OC1=O,CC1=C[C@H](CC=Cc2ccccc2)OC1=O,63.7
22926603,C[C@H]1OC(=O)C(=C1)[C@@H](C=C)C1=CC=CC=C1,C=C[C@H](C1=C[C@@H](C)OC1=O)c1ccccc1,13.8
22926606,[H][C@]1([C@@H](C=C)C2=CC=CC=C2)[C@H](C)[C@@H](C)OC1=O,C=C[C@@H](c1ccccc1)[C@@H]1C(=O)O[C@H](C)[C@H]1C,41.6
22926608,C=C[C@@H](C1=CCOC1=O)C1=CC=CC=C1,C=C[C@@H](C1=CCOC1=O)c1ccccc1,-35.7
22926612,COC1=CC=C(C=C1)[C@H](C=C)C1=CCOC1=O,C=C[C@H](C1=CCOC1=O)c1ccc(OC)cc1,49.6
22926617,FC1=CC=C(C=C1)[C@H](C=C)C1=CCOC1=O,C=C[C@H](C1=CCOC1=O)c1ccc(F)cc1,40.0
22926622,ClC1=CC=C(C=C1)[C@H](C=C)C1=CCOC1=O,C=C[C@H](C1=CCOC1=O)c1ccc(Cl)cc1,53.0
22926625,FC1=CC=CC(=C1)[C@H](C=C)C1=CCOC1=O,C=C[C@H](C1=CCOC1=O)c1cccc(F)c1,51.8
22926628,CCC[C@@H](C=C)C1=CCOC1=O,C=C[C@H](CCC)C1=CCOC1=O,40.8
22926629,C[C@@H](C=C)C1=CCOC1=O,C=C[C@H](C)C1=CCOC1=O,28.8
22956409,CCN(CC)C(=O)C[C@@H](O)CC(=O)C1=CC=CO1,CCN(CC)C(=O)C[C@@H](O)CC(=O)c1ccco1,18.3
23013399,CC(C)OC(=O)C[C@@H]1COC2=C(C=CC=C2)C1=O,CC(C)OC(=O)C[C@@H]1COc2ccccc2C1=O,-11.9
23013401,CCOC(=O)C[C@@H]1COC2=C(C=CC(C)=C2)C1=O,CCOC(=O)C[C@@H]1COc2cc(C)ccc2C1=O,-10.9
23013402,CCOC(=O)C[C@@H]1COC2=C(C(C)=CC=C2)C1=O,CCOC(=O)C[C@@H]1COc2cccc(C)c2C1=O,-14.4
23016373,CC1=CC[C@@H](OC1=O)C1=CC=CS1,CC1=CC[C@H](c2cccs2)OC1=O,36.6
23113667,CC[C@H](C)OCC1=CC=C(OC)C=C1,CC[C@H](C)OCc1ccc(OC)cc1,18.7
23116427,O=C1CS[C@H](N1)C1=CC=CC=C1,O=C1CS[C@@H](c2ccccc2)N1,-77.0
23125887,CCCCC[C@H](CO)CCO,CCCCC[C@H](CO)CCO,1.5
23125901,CCCCCCCC[C@H](CO)CCO,CCCCCCCC[C@H](CO)CCO,1.3
23125902,CCCCCCCC[C@@H](CO)CCO,CCCCCCCC[C@@H](CO)CCO,-0.6
23125906,CC(C)C[C@@H](CO)CCO,CC(C)C[C@@H](CO)CCO,-1.0
23134902,CC(C)[C@H]1COC(=S)N1C(=O)C=[N]#N,CC(C)[C@H]1COC(=S)N1C(=O)C=[N+]=[N-],132.5
23134913,CC(C)(C)[C@H]1COC(=S)N1C(=O)C=[N]#N,CC(C)(C)[C@H]1COC(=S)N1C(=O)C=[N+]=[N-],194.0
23134924,O=C(C=[N]#N)N1[C@H](COC1=S)C1=CC=CC=C1,[N-]=[N+]=CC(=O)N1C(=S)OC[C@@H]1c1ccccc1,211.6
23158101,COCC#C[C@H](O)C1=CC=CC=C1OC,COCC#C[C@H](O)c1ccccc1OC,11.5
23158108,CCCCCC\C=C\[C@@H](O)C#C[Si](C)(C)C,CCCCCC/C=C/[C@@H](O)C#C[Si](C)(C)C,-15.9
23158114,CC\C=C(/C)[C@@H](O)C#C[Si](C)(C)C,CC/C=C(\C)[C@@H](O)C#C[Si](C)(C)C,-52.5
23158118,CCOC(=O)\C=C(/C)[C@@H](O)C#C[Si](C)(C)C,CCOC(=O)/C=C(\C)[C@@H](O)C#C[Si](C)(C)C,16.8
23161316,C[Si](C)(C)\C=C\[C@H]1O[C@@H]1CO,C[Si](C)(C)/C=C/[C@H]1O[C@@H]1CO,9.9
23161338,[H][C@]1(O[C@H]1CO)[C@H](C)CCC,CCC[C@@H](C)[C@@H]1O[C@H]1CO,-21.0
23161340,[H][C@]1(OC(C)(C)O[C@@H]1C=C)[C@@H]1O[C@H]1CO,C=C[C@H]1OC(C)(C)O[C@H]1[C@@H]1O[C@H]1CO,-8.6
23161360,CC[C@H]1O[C@@H]1COC(=O)[C@H](C)C1=CC=CC=C1,CC[C@H]1O[C@@H]1COC(=O)[C@H](C)c1ccccc1,-78.4
23161362,CC[C@@H]1O[C@H]1COC(=O)[C@H](C)C1=CC=CC=C1,CC[C@@H]1O[C@H]1COC(=O)[C@H](C)c1ccccc1,21.7
23168639,O[C@H]1[C@H](F)C=CC2=C1C=CC=C2,O[C@@H]1c2ccccc2C=C[C@H]1F,-90.0
23273303,CNC(=O)CN1C[C@@](C)(NC(C)=O)C1=O,CNC(=O)CN1C[C@@](C)(NC(C)=O)C1=O,94.8
23273304,CNC(=O)[C@@H](C)N1C[C@@](C)(NC(C)=O)C1=O,CNC(=O)[C@@H](C)N1C[C@@](C)(NC(C)=O)C1=O,58.2
23273305,CNC(=O)[C@H](C)N1C[C@@](C)(NC(C)=O)C1=O,CNC(=O)[C@H](C)N1C[C@@](C)(NC(C)=O)C1=O,58.6
23273308,CNC(=O)C(C)(C)N1C[C@@](C)(NC(C)=O)C1=O,CNC(=O)C(C)(C)N1C[C@@](C)(NC(C)=O)C1=O,57.7
23358709,CCOC(=O)C1=CC(=CC=C1)[C@H](C)C#N,CCOC(=O)c1cccc([C@H](C)C#N)c1,-18.0
23358713,C[C@H](C#N)C1=CC(=CC(=C1)C(C)(C)C)C(C)(C)C,C[C@H](C#N)c1cc(C(C)(C)C)cc(C(C)(C)C)c1,-17.0
23358717,CC[C@H](C#N)C1=C(C)C=C(C)C=C1C,CC[C@H](C#N)c1c(C)cc(C)cc1C,-41.0
23358719,CCC[C@H](C#N)C1=C(C)C=C(C)C=C1C,CCC[C@H](C#N)c1c(C)cc(C)cc1C,-46.0
23358721,CC1=CC(C)=C([C@@H](C#N)C2CCCC2)C(C)=C1,Cc1cc(C)c([C@@H](C#N)C2CCCC2)c(C)c1,-56.0
23367408,CC[Si](CC)(CC)O[C@H](C)CCC=O,CC[Si](CC)(CC)O[C@H](C)CCC=O,-13.2
23400715,COC1=CC=C(O[C@@H](C=C)C2CCCC2)C=C1,C=C[C@H](Oc1ccc(OC)cc1)C1CCCC1,10.5
23400718,COC1=CC=C(O[C@H](CCCC=C)C=C)C=C1,C=CCCC[C@H](C=C)Oc1ccc(OC)cc1,-3.4
23400721,COC1=CC=C(O[C@@H](C=C)\C=C\C)C=C1,C=C[C@@H](/C=C/C)Oc1ccc(OC)cc1,-10.8
23400727,CCC(CC)[C@@H](OC1=CC=C(OC)C=C1)C=C,C=C[C@H](Oc1ccc(OC)cc1)C(CC)CC,-10.0
23400728,COC1=CC=C(O[C@@H](C=C)C(C)(C)C)C=C1,C=C[C@H](Oc1ccc(OC)cc1)C(C)(C)C,-76.0
23411225,CCC[C@@H](N[C@H](CO)C1=CC=CC=C1)C#N,CCC[C@H](C#N)N[C@H](CO)c1ccccc1,157.37
23414487,CCOC(=O)[C@@H](O)[C@H](O)CCC#C,C#CCC[C@@H](O)[C@H](O)C(=O)OCC,-31.7
23422201,C[C@H](O)CCCC(=O)SCCNC(C)=O,CC(=O)NCCSC(=O)CCC[C@H](C)O,10.0
23428882,CCOC(=O)OC\C=C\C[C@@H](O)CC(C)C,CCOC(=O)OC/C=C/C[C@@H](O)CC(C)C,-54.2
23428883,CCOC(=O)OC\C=C\C[C@@H](O)C(C)C,CCOC(=O)OC/C=C/C[C@@H](O)C(C)C,-16.8
23428884,CCOC(=O)OC\C=C\C[C@@H](O)C(CC)CC,CCOC(=O)OC/C=C/C[C@@H](O)C(CC)CC,-31.4
23428886,CCOC(=O)OC\C=C\C[C@@H](O)C(C)(C)C,CCOC(=O)OC/C=C/C[C@@H](O)C(C)(C)C,26.7
23428906,CCOC(=O)OC[C@H](C=C)C(C)(C)O,C=C[C@@H](COC(=O)OCC)C(C)(C)O,-18.4
23428913,CCOC(=O)OC[C@@H](C=C)C(C)(C)O,C=C[C@H](COC(=O)OCC)C(C)(C)O,17.6
23431036,CCOC(=O)C(=[N]#N)[C@@H](O)CC\C=C/CC,CC/C=C\CC[C@H](O)C(=[N+]=[N-])C(=O)OCC,-8.53
23439748,COC1=CC=C(O[C@H](C[C@@H](O)C(C)C)C=C)C=C1,C=C[C@@H](C[C@@H](O)C(C)C)Oc1ccc(OC)cc1,-21.6
23439750,COC1=CC=C(O[C@H](C[C@H](O)C(C)C)C=C)C=C1,C=C[C@@H](C[C@H](O)C(C)C)Oc1ccc(OC)cc1,23.5
23473065,CCOC(=O)C[C@H]1CCC[C@H](O)[C@@H]1N(=O)=O,CCOC(=O)C[C@H]1CCC[C@H](O)[C@@H]1[N+](=O)[O-],42.0
23473066,CCOC(=O)C[C@H]1CCC[C@@H](O)[C@@H]1N(=O)=O,CCOC(=O)C[C@H]1CCC[C@@H](O)[C@@H]1[N+](=O)[O-],11.0
23473069,COC(=O)C[C@H]1CCC[C@@H](O)[C@@H]1N(=O)=O,COC(=O)C[C@H]1CCC[C@@H](O)[C@@H]1[N+](=O)[O-],0.4
23473075,CCOC(=O)C[C@H]1COC[C@@H](O)[C@@H]1N(=O)=O,CCOC(=O)C[C@H]1COC[C@@H](O)[C@@H]1[N+](=O)[O-],9.0
23473095,[H][C@@]12NC(=O)[C@H](C)[C@@]1(C)CCC[C@H]2O,C[C@H]1C(=O)N[C@H]2[C@H](O)CCC[C@]12C,-93.0
23485690,[H][C@]1(CO1)[C@@H](Cl)CCCCCCCCC,CCCCCCCCC[C@H](Cl)[C@@H]1CO1,-2.4
23490557,CC(C)(C)O[C@H](CCCO)C1=CC=CC=C1,CC(C)(C)O[C@H](CCCO)c1ccccc1,58.4
23490715,COC1=CC=C(O[C@@H](C=C)C2CCCCC2)C=C1,C=C[C@H](Oc1ccc(OC)cc1)C1CCCCC1,-74.4
23503490,CC(C)C[C@H]1OCC(C)(C)O1,CC(C)C[C@H]1OCC(C)(C)O1,-13.4
23503492,CC1(C)CO[C@H](CCC2=CC=CC=C2)O1,CC1(C)CO[C@H](CCc2ccccc2)O1,11.2
23503493,CCC(CC)[C@H]1OCC(C)(C)O1,CCC(CC)[C@H]1OCC(C)(C)O1,-11.4
23503495,CC1(C)CO[C@@H](O1)C1=CC=C(Cl)C=C1,CC1(C)CO[C@H](c2ccc(Cl)cc2)O1,9.0
23503496,CC1(C)CO[C@@H](O1)C1=CC=C(F)C=C1,CC1(C)CO[C@H](c2ccc(F)cc2)O1,3.3
23503501,CC(C)C[C@H]1OCC2=C(O1)C=CC=C2,CC(C)C[C@H]1OCc2ccccc2O1,-112.8
23503510,CC(C)C[C@H]1OCC2=C(O1)C=CC(Cl)=C2,CC(C)C[C@H]1OCc2cc(Cl)ccc2O1,-142.8
23503521,CC(C)C[C@H]1OCC2=C(O1)C=CC(=C2)N(=O)=O,CC(C)C[C@H]1OCc2cc([N+](=O)[O-])ccc2O1,-142.0
23503527,C[C@H]1OCC2=C(O1)C=CC=C2,C[C@H]1OCc2ccccc2O1,-103.6
23503531,C(CC1=CC=CC=C1)[C@H]1OCC2=C(O1)C=CC=C2,c1ccc(CC[C@H]2OCc3ccccc3O2)cc1,-94.7
23503537,CCCC[C@H]1OCC2=C(O1)C=CC=C2,CCCC[C@H]1OCc2ccccc2O1,-132.8
23503544,CC(C)C[C@H]1OCCC(C)(C)O1,CC(C)C[C@H]1OCCC(C)(C)O1,-36.6
23503553,CC1(C)CCO[C@H](CCC2=CC=CC=C2)O1,CC1(C)CCO[C@H](CCc2ccccc2)O1,-39.9
23503557,CCCC[C@H]1OCCC(C)(C)O1,CCCC[C@H]1OCCC(C)(C)O1,-36.6
23528766,O=C1CC[C@@H](O1)C1=CC=CO1,O=C1CC[C@H](c2ccco2)O1,49.4
23528768,CCCCC#C[C@H]1CCC(=O)O1,CCCCC#C[C@H]1CCC(=O)O1,-10.7
23586628,F[C@@]1(C(=O)OC2=C1C=CC=C2)C1=CC=CC=C1,O=C1Oc2ccccc2[C@@]1(F)c1ccccc1,-21.1
23586630,CC1=CC2=C(OC(=O)[C@]2(F)C2=CC=CC=C2)C=C1,Cc1ccc2c(c1)[C@@](F)(c1ccccc1)C(=O)O2,-40.3
23586633,FC1=CC=C(C=C1)[C@@]1(F)C(=O)OC2=C1C=CC=C2,O=C1Oc2ccccc2[C@@]1(F)c1ccc(F)cc1,-16.1
23586670,F[C@@]1(CC2=CC=CC=C2)C(=O)OC2=C1C=CC=C2,O=C1Oc2ccccc2[C@]1(F)Cc1ccccc1,-5.8
23594995,C[C@@H]1[C@@H](C)C(=O)ON1C(=O)OCC1=CC=CC=C1,C[C@@H]1[C@@H](C)C(=O)ON1C(=O)OCc1ccccc1,-9.1
23595971,CO[C@@H]1CC[C@@H](COCC2=CC=CC=C2)O1,CO[C@@H]1CC[C@@H](COCc2ccccc2)O1,81.4
23595972,CO[C@H]1CC[C@@H](COCC2=CC=CC=C2)O1,CO[C@H]1CC[C@@H](COCc2ccccc2)O1,82.8
23607777,[H][C@]12O[C@@]1([H])[C@@H](O)[C@H](OCC1=CC=CC=C1)O[C@H]2CO,OC[C@@H]1O[C@@H](OCc2ccccc2)[C@H](O)[C@@H]2O[C@@H]21,-70.0
23607779,[2H][C@H]1[C@H](O)[C@H](C)O[C@@H](OCC2=CC=CC=C2)[C@@H]1O,[2H][C@@H]1[C@@H](O)[C@H](OCc2ccccc2)O[C@@H](C)[C@H]1O,-85.2
23641793,[H][C@]12C=C[C@@]3(C=C1)N(C)C(=O)C=C3[C@@H]2C,C[C@H]1C2=CC(=O)N(C)[C@]23C=C[C@H]1C=C3,-49.5
23652176,OCC[C@@](O)(\C=C\C1=CC=CC=C1)C(F)(F)F,OCC[C@@](O)(/C=C/c1ccccc1)C(F)(F)F,132.5
23684277,O=C(CC1=CC=CC=C1)O[C@H]1COC[C@H]1N=N#N,[N-]=[N+]=N[C@@H]1COC[C@@H]1OC(=O)Cc1ccccc1,1.4
23717129,CCC[C@H]1[C@@H]([C@@H]1C(=O)C1=CC=C(F)C=C1)C(C)=O,CCC[C@@H]1[C@@H](C(=O)c2ccc(F)cc2)[C@H]1C(C)=O,12.74
23717130,CC(C)[C@H]1[C@@H]([C@@H]1C(=O)C1=CC=C(F)C=C1)C(C)=O,CC(=O)[C@@H]1[C@H](C(=O)c2ccc(F)cc2)[C@H]1C(C)C,8.65
23747920,[H][C@]12C[C@@H](CO)[C@H](C3=CC=CC=C3)[C@@]1([H])NC(=O)C2,O=C1C[C@H]2C[C@@H](CO)[C@H](c3ccccc3)[C@H]2N1,58.3
23748122,[H][C@@]12CCCN1\C(CC2)=C\C(=O)OCC,CCOC(=O)/C=C1\CC[C@@H]2CCCN12,-100.8
23777914,CC(C)(O)[C@H]1CC[C@]2(C)CC=C(CO)CC=C12,CC(C)(O)[C@H]1CC[C@]2(C)CC=C(CO)CC=C12,-109.99
23777922,CC1=C([C@@H]2CC2(CO)CO)[C@H](CC1)C(C)(C)O,CC1=C([C@@H]2CC2(CO)CO)[C@@H](C(C)(C)O)CC1,14.9
23789917,[H][C@@]1(O[C@@H]1CO)[C@@]1([H])O[C@@H]1\C=C\[Si](C)(C)C,C[Si](C)(C)/C=C/[C@H]1O[C@@H]1[C@H]1O[C@@H]1CO,16.4
23789939,[H][C@]1(O[C@H]1CO)[C@@]1([H])OC(C)(C)O[C@@H]1\C=C\C(C)C,CC(C)/C=C/[C@H]1OC(C)(C)O[C@@H]1[C@@H]1O[C@H]1CO,-18.4
23789950,CC(C)\C=C\[C@H]1OC(C)(C)O[C@@H]1C=CCO,CC(C)/C=C/[C@H]1OC(C)(C)O[C@@H]1C=CCO,-32.9
23789962,[H][C@]1(O[C@H]1CO)[C@@]1([H])OC(C)(C)O[C@@H]1C=C,C=C[C@H]1OC(C)(C)O[C@@H]1[C@@H]1O[C@H]1CO,-8.5
23789968,[H][C@@]1(OC(C)(C)O[C@@H]1C=C)[C@H](O)[C@@H](CO)OC,C=C[C@H]1OC(C)(C)O[C@@H]1[C@H](O)[C@@H](CO)OC,-2.1
23817487,CC[C@@]1(O[C@@H]1C(=O)C1=CC=CC=C1)C(F)(F)F,CC[C@]1(C(F)(F)F)O[C@@H]1C(=O)c1ccccc1,-38.6
23845786,CON(C)C(=O)[C@@H](O)C1=CC=CC=C1C,CON(C)C(=O)[C@@H](O)c1ccccc1C,123.3
23845788,CON(C)C(=O)[C@@H](O)C1=CC=CC=C1OC,COc1ccccc1[C@H](O)C(=O)N(C)OC,114.4
23845797,CON(C)C(=O)[C@@H](O)C1=CC=C2C=CC=CC2=C1,CON(C)C(=O)[C@@H](O)c1ccc2ccccc2c1,99.7
23845800,CON(C)C(=O)[C@@H](O)C1=CC=CS1,CON(C)C(=O)[C@@H](O)c1cccs1,25.2
23845802,CON(C)C(=O)[C@H](C)O,CON(C)C(=O)[C@H](C)O,-21.7
23845804,CON(C)C(=O)[C@H](O)CCC1=CC=CC=C1,CON(C)C(=O)[C@H](O)CCc1ccccc1,7.99
23856665,C[C@H](C=C)[C@H](N)C1=CC=C(C)C=C1,C=C[C@@H](C)[C@H](N)c1ccc(C)cc1,-31.0
23916424,C=NC[C@@H]1CCCN1CC1=CC=CC=C1,C=NC[C@@H]1CCCN1Cc1ccccc1,-14.0
23939396,O[C@@H](CCC1=C(Br)C=CC=C1)CC=C,C=CC[C@@H](O)CCc1ccccc1Br,-9.7
23939400,[H][C@]1(CC(C)=C)OC2=C(C=CC=C2)C=C1,C=C(C)C[C@@H]1C=Cc2ccccc2O1,55.7
23939402,[H][C@]1(CC=C)OC2=C(C=C1)C=C(OC)C=C2,C=CC[C@@H]1C=Cc2cc(OC)ccc2O1,-8.7
23962320,CN1C(=O)[C@@]2(CC3=C2C=CC=C3)C2=C1C=CC=C2,CN1C(=O)[C@@]2(Cc3ccccc32)c2ccccc21,-16.6
23962323,CN1C(=O)[C@@]2(CCC3=CC=CC=C23)C2=CC=CC=C12,CN1C(=O)[C@@]2(CCc3ccccc32)c2ccccc21,-36.2
23962355,CN1C(=O)[C@@]2(CCC3=CC=CC=C23)C2=C1C=CC=N2,CN1C(=O)[C@@]2(CCc3ccccc32)c2ncccc21,-29.75
23963886,[H][C@@]12CCC[C@]1(OC)O[C@H](CO)[C@H]2O,CO[C@]12CCC[C@H]1[C@H](O)[C@@H](CO)O2,5.0
23970613,[H][C@]12CCC[C@](O)(C1)N(C)N=C2C1=CC=CC=C1F,CN1N=C(c2ccccc2F)[C@H]2CCC[C@]1(O)C2,189.4
24020791,CC[C@H]1SC2=C(C=C1C=O)C=C1C=CC=CC1=N2,CC[C@H]1Sc2nc3ccccc3cc2C=C1C=O,176.4
24075079,FC1=CC=C(C=C1)[C@H]1CCC(=O)NN1,O=C1CC[C@H](c2ccc(F)cc2)NN1,-2.3
24075080,CC1=C(C=CC=C1)[C@H]1CCC(=O)NN1,Cc1ccccc1[C@H]1CCC(=O)NN1,-24.2
24075082,COC(=O)CC[C@@H](N)C1=CC=C(F)C=C1,COC(=O)CC[C@@H](N)c1ccc(F)cc1,-8.1
24618750,[H][C@@]12OC[C@@H](N1C(=O)CN=C2OC)C1=CC=CC=C1,COC1=NCC(=O)N2[C@@H](c3ccccc3)CO[C@@H]12,-63.2
24618751,[H][C@@]12OC[C@H](N1C(=O)CN=C2OC)C1=CC=CC=C1,COC1=NCC(=O)N2[C@H]1OC[C@H]2c1ccccc1,-107.0
24623113,[H][C@@]12CNC[C@H](CCC)[C@@]1([H])OC(C)(C)O2,CCC[C@H]1CNC[C@H]2OC(C)(C)O[C@H]12,6.7
24623122,[H][C@@]12CN(CCCC)C[C@H](CCC)[C@@]1([H])OC(C)(C)O2,CCCCN1C[C@H](CCC)[C@H]2OC(C)(C)O[C@@H]2C1,2.7
24650764,CS[C@]1(C)[C@H](CNC1=O)C1=CC=CC=C1,CS[C@@]1(C)C(=O)NC[C@@H]1c1ccccc1,0.82
24652341,CC(C)[C@@H]1C[C@@H](SC(=O)N1)C1=CC=CC=C1,CC(C)[C@@H]1C[C@H](c2ccccc2)SC(=O)N1,-8.0
24652342,CC(C)(C)[C@@H]1C[C@@H](SC(=O)N1)C1=CC=CC=C1,CC(C)(C)[C@@H]1C[C@H](c2ccccc2)SC(=O)N1,1.6
24652347,C[C@H](OC(N)=S)C1=CC=CC=C1,C[C@H](OC(N)=S)c1ccccc1,-12.0
24672571,CC(C)(C)OC(=O)N1CC=C[C@@H](CCO)O1,CC(C)(C)OC(=O)N1CC=C[C@@H](CCO)O1,-4.3
24684431,CO[C@@H]1C[C@](CO)(CC2=CC=CC=C2)CO1,CO[C@@H]1C[C@](CO)(Cc2ccccc2)CO1,109.1
24684433,CO[C@@H]1C[C@](CO)(CC2=CC(C)=CC=C2)CO1,CO[C@@H]1C[C@](CO)(Cc2cccc(C)c2)CO1,23.8
24684434,CO[C@@H]1C[C@](CO)(CC2=CC(OC)=CC=C2)CO1,COc1cccc(C[C@]2(CO)CO[C@H](OC)C2)c1,80.5
24684443,CO[C@@H]1C[C@](CO)(COCC2=CC=CC=C2)CO1,CO[C@@H]1C[C@](CO)(COCc2ccccc2)CO1,69.7
24684446,CO[C@@H]1C[C@](CO)(CC2CCCCC2)CO1,CO[C@@H]1C[C@](CO)(CC2CCCCC2)CO1,76.0
26482798,CCCCC1=CC2=CC=CC=C2[C@H](C)O1,CCCCC1=Cc2ccccc2[C@H](C)O1,-3.6
26482823,[2H][C@@]1(C)OC(=CC2=C1C=CC=C2)C1=CC=CC=C1,[2H][C@@]1(C)OC(c2ccccc2)=Cc2ccccc21,33.0
26493677,CC1=CC=C2C(=O)C3=C(C=CC=C3)C(=O)[C@@]2(C)C1,CC1=CC=C2C(=O)c3ccccc3C(=O)[C@@]2(C)C1,37.1
26493691,CC1=CC(=O)C2=CC=C(C[C@]2(C)C1=O)C1=CC=CO1,CC1=CC(=O)C2=CC=C(c3ccco3)C[C@]2(C)C1=O,-206.5
26493694,CCCC1=CC=C2C(=O)C=C(C)C(=O)[C@@]2(C)C1,CCCC1=CC=C2C(=O)C=C(C)C(=O)[C@@]2(C)C1,-25.9
26493695,CC1=CC(=O)C2=CC=C(C[C@]2(C)C1=O)C(C)(C)C,CC1=CC(=O)C2=CC=C(C(C)(C)C)C[C@]2(C)C1=O,-94.1
26623891,CCCC(=O)C[C@H](C#C)C1=CC=CC=C1,C#C[C@@H](CC(=O)CCC)c1ccccc1,3.34
26669546,C#C[C@@H](N1CCOCC1)C1=CC=CC=C1,C#C[C@H](c1ccccc1)N1CCOCC1,-7.96
26669547,ClC1=C(C=CC=C1)[C@H](C#C)N1CCOCC1,C#C[C@@H](c1ccccc1Cl)N1CCOCC1,-75.8
26669549,ClC1=CC=CC(=C1)[C@H](C#C)N1CCOCC1,C#C[C@@H](c1cccc(Cl)c1)N1CCOCC1,-42.1
26669550,ClC1=CC=C(C=C1)[C@H](C#C)N1CCOCC1,C#C[C@@H](c1ccc(Cl)cc1)N1CCOCC1,-37.3
26669551,FC1=CC=C(C=C1)[C@H](C#C)N1CCOCC1,C#C[C@@H](c1ccc(F)cc1)N1CCOCC1,-44.4
26669554,CC1=CC=C(C=C1)[C@H](C#C)N1CCOCC1,C#C[C@@H](c1ccc(C)cc1)N1CCOCC1,-36.4
26669555,COC1=CC=C(C=C1)[C@H](C#C)N1CCOCC1,C#C[C@@H](c1ccc(OC)cc1)N1CCOCC1,-32.2
26669556,C#C[C@H](N1CCOCC1)C1=CC2=CC=CC=C2C=C1,C#C[C@@H](c1ccc2ccccc2c1)N1CCOCC1,-14.5
26669557,C#C[C@H](N1CCOCC1)C1=CC=CS1,C#C[C@@H](c1cccs1)N1CCOCC1,-59.3
26669558,C#C[C@@H](N1CCCCC1)C1=CC=CC=C1,C#C[C@H](c1ccccc1)N1CCCCC1,-42.5
26669560,C#C[C@@H](N1CCCC1)C1=CC=CC=C1,C#C[C@H](c1ccccc1)N1CCCC1,-43.4
26669561,C#C[C@@H](N1CCCC2=C1C=CC=C2)C1=CC=CC=C1,C#C[C@H](c1ccccc1)N1CCCc2ccccc21,-29.2
26669562,C#C[C@@H](N1CCC2=CC=CC=C12)C1=CC=CC=C1,C#C[C@H](c1ccccc1)N1CCc2ccccc21,-54.1
26669563,CN([C@H](C#C)C1=CC=CC=C1)C1=CC=CC=C1,C#C[C@H](c1ccccc1)N(C)c1ccccc1,-6.8
26669564,C#C[C@H](NC1=CC=CC=C1)C1=CC=CC=C1,C#C[C@H](Nc1ccccc1)c1ccccc1,-50.1
26684344,[H][C@]1(CC=C(C)[C@H](O)C1)[C@@H](C)CN(Cl)CC#C,C#CCN(Cl)C[C@H](C)[C@@H]1CC=C(C)[C@H](O)C1,23.8
26768651,[H][C@]1(NCCC2=CC=CC=C12)[C@H](CC)CO,CC[C@H](CO)[C@@H]1NCCc2ccccc21,2.3
26825528,C[C@H]1COC2=CC(C)=C3C(C=O)=CC(C)=C3C=C12,Cc1cc(C=O)c2c(C)cc3c(cc1-2)[C@@H](C)CO3,30.7
26941311,COC(=O)[C@]1(C\C=C/CCCN1)C1=CC=CC=C1,COC(=O)[C@@]1(c2ccccc2)C/C=C\CCCN1,-4.8
26973579,[H][C@]12C[C@](O)(C[C@@]3([H])OC(C)(C)O[C@@]13[H])C(=O)O2,CC1(C)O[C@H]2[C@@H]3C[C@](O)(C[C@H]2O1)C(=O)O3,9.4
27024961,CC(=C)C[C@@](C)(F)C(=O)C1=CC=CC=C1,C=C(C)C[C@@](C)(F)C(=O)c1ccccc1,-42.8
27049028,CC[C@@H]1C[C@@H](OC(=O)C1)SC1=CC=CC=C1,CC[C@H]1CC(=O)O[C@@H](Sc2ccccc2)C1,-11.9
27058956,O[C@@H](CN1C(=O)C2=C(C=CC=C2)C1=O)C=C,C=C[C@@H](O)CN1C(=O)c2ccccc2C1=O,-2.0
27099824,CC=C[C@@H](O)CC(=O)SCCNC(C)=O,CC=C[C@@H](O)CC(=O)SCCNC(C)=O,-18.6
27099825,CC=C[C@H](O)CC(=O)SCCNC(C)=O,CC=C[C@H](O)CC(=O)SCCNC(C)=O,16.7
27415591,C[C@H](NCC#C)C(=O)OCC1=CC=CC=C1,C#CCN[C@@H](C)C(=O)OCc1ccccc1,-17.3
27531630,[H][C@@]1(CN[C@@H](C)C2=CC=CC=C2)CC2=CC=CC=C2N1,C[C@H](NC[C@@H]1Cc2ccccc2N1)c1ccccc1,-35.0
27603028,CC[C@@]1(C)N=C(C)C(=O)N1CCC1=CC=CC=C1,CC[C@@]1(C)N=C(C)C(=O)N1CCc1ccccc1,6.1
27603029,CC[C@]1(C)N=C(C)C(=O)N1CCC1=CC=CC=C1,CC[C@]1(C)N=C(C)C(=O)N1CCc1ccccc1,-6.0
27699982,OC(=O)[C@]1(Br)C[C@@H]1C1=CC=CC=C1,O=C(O)[C@]1(Br)C[C@@H]1c1ccccc1,166.0
27699984,OC(=O)[C@@]1(Br)C[C@H]1C1=CC=CC=C1,O=C(O)[C@@]1(Br)C[C@H]1c1ccccc1,-131.2
27700013,COC(=O)[C@]1(Br)C[C@@H]1C1=CC=CC=C1,COC(=O)[C@]1(Br)C[C@@H]1c1ccccc1,122.4
27708136,[H][C@]12C[C@]([H])(C=C1)C(=C)[C@@H]2C(=O)N1CCOC1=O,C=C1[C@H](C(=O)N2CCOC2=O)[C@@H]2C=C[C@H]1C2,92.0
27764932,C[C@H](O)\C=C\[C@@H](C)CO[Si](C)(C)C(C)(C)C,C[C@H](O)/C=C/[C@@H](C)CO[Si](C)(C)C(C)(C)C,4.5
27767622,COC(=O)[C@@]1(CCCC1=O)C1=CC=CC=C1,COC(=O)[C@]1(c2ccccc2)CCCC1=O,8.0
27767639,CCCC[C@]1(CCCC1=O)C(=O)OC,CCCC[C@@]1(C(=O)OC)CCCC1=O,23.3
27767640,CCCCCC[C@]1(CCCC1=O)C(=O)OC,CCCCCC[C@@]1(C(=O)OC)CCCC1=O,21.1
27767641,COC(=O)[C@@]1(CCCC1=O)C1CC1,COC(=O)[C@]1(C2CC2)CCCC1=O,26.0
27794213,COC[C@@H]1[C@@H](C)C2=CC=CC=C2N1C(=O)OC,COC[C@@H]1[C@@H](C)c2ccccc2N1C(=O)OC,-9.53
27794216,CC[C@H]1[C@H](OC)C2=CC=CC=C2N1C(=O)OC,CC[C@H]1[C@H](OC)c2ccccc2N1C(=O)OC,-27.6
27827321,CC1=CC=C2NC(=O)[C@@]3(CC=CC(=O)O3)C2=C1,Cc1ccc2c(c1)[C@]1(CC=CC(=O)O1)C(=O)N2,-41.0
27827325,FC1=CC=C2NC(=O)[C@@]3(CC=CC(=O)O3)C2=C1,O=C1C=CC[C@]2(O1)C(=O)Nc1ccc(F)cc12,-25.0
27827326,CC1=CC=C2C(NC(=O)[C@@]22CC=CC(=O)O2)=C1,Cc1ccc2c(c1)NC(=O)[C@@]21CC=CC(=O)O1,-25.0
27827327,CC1=CC(C)=C2NC(=O)[C@@]3(CC=CC(=O)O3)C2=C1,Cc1cc(C)c2c(c1)[C@]1(CC=CC(=O)O1)C(=O)N2,-21.8
27827360,O=C1NC2=CC=CC=C2[C@]11CC=CC(=O)O1,O=C1C=CC[C@]2(O1)C(=O)Nc1ccccc12,-26.5
27870036,O[C@@H]1CCC(=O)C=C1Br,O=C1C=C(Br)[C@H](O)CC1,-26.9
27873541,CON(C)C(=O)[C@@H]1COC2=CC=CC=C2N1,CON(C)C(=O)[C@@H]1COc2ccccc2N1,-33.4
27873554,CON(C)C(=O)[C@H]1COC2=CC=CC=C2N1,CON(C)C(=O)[C@H]1COc2ccccc2N1,33.5
27921406,CCC[C@@H](OC(C)=O)C1=C(C)C=CC=C1,CCC[C@@H](OC(C)=O)c1ccccc1C,-48.1
27921408,CC(=O)O[C@H](CC=C)C1=CC=C(C=C1)C#N,C=CC[C@@H](OC(C)=O)c1ccc(C#N)cc1,-11.6
27921421,COC1=CC=CC(=C1)[C@](C)(O)CC=C,C=CC[C@@](C)(O)c1cccc(OC)c1,38.5
27921427,C[C@@](O)(CC=C)C1=CC(=CC=C1)C#N,C=CC[C@@](C)(O)c1cccc(C#N)c1,31.0
27930529,O[C@H]1CCN([C@H]1C=C)C(=O)OCC1=CC=CC=C1,C=C[C@H]1[C@@H](O)CCN1C(=O)OCc1ccccc1,-1.09
27939202,N#C[C@@H](NC1=NC2=CC=CC=C2S1)C1=CC=CO1,N#C[C@@H](Nc1nc2ccccc2s1)c1ccco1,95.9
27943293,[H][C@@]1(C[C@@H](C(C)=O)C1(C)C)[C@@]1([H])CN(C(C)C)C(=O)C1,CC(=O)[C@@H]1C[C@H]([C@@H]2CC(=O)N(C(C)C)C2)C1(C)C,-29.0
27968631,C[C@H]1OCC[C@](C)(O1)C1=C2C=CC=CC2=CC=C1,C[C@H]1OCC[C@@](C)(c2cccc3ccccc23)O1,-13.0
27968662,CC(C)C[C@H]1OC[C@](C)(O1)C1=CC=C(Cl)C=C1,CC(C)C[C@H]1OC[C@@](C)(c2ccc(Cl)cc2)O1,47.0
27968671,CC(C)C[C@H]1OC[C@](C)(O1)C1=CC=CC=C1,CC(C)C[C@H]1OC[C@@](C)(c2ccccc2)O1,-47.0
27968672,C[C@H]1OC[C@](C)(O1)C1=CC=CC=C1,C[C@H]1OC[C@@](C)(c2ccccc2)O1,-41.0
27968673,COC1=CC=C(C=C1)[C@]1(C)CO[C@H](CC(C)C)O1,COc1ccc([C@]2(C)CO[C@H](CC(C)C)O2)cc1,-42.0
27968674,CCCC[C@H]1OC[C@](C)(O1)C1=CC=CC=C1,CCCC[C@H]1OC[C@@](C)(c2ccccc2)O1,-45.0
27968675,CC(C)[C@H]1OC[C@](C)(O1)C1=CC=CC=C1,CC(C)[C@H]1OC[C@@](C)(c2ccccc2)O1,38.0
27968677,CC(C)(C)C[C@H]1OC[C@](C)(O1)C1=CC=CC=C1,CC(C)(C)C[C@H]1OC[C@@](C)(c2ccccc2)O1,-47.0
27968681,CC(C)C[C@H]1OC[C@](C)(O1)C1=CC=C(C)C=C1,Cc1ccc([C@]2(C)CO[C@H](CC(C)C)O2)cc1,-42.0
27968694,CC(C)C[C@H]1OC[C@](C)(O1)C1=CC(C)=CC=C1,Cc1cccc([C@]2(C)CO[C@H](CC(C)C)O2)c1,-38.0
27968708,CC(C)C[C@H]1OC[C@](C)(O1)C1=C(C)C=CC=C1,Cc1ccccc1[C@]1(C)CO[C@H](CC(C)C)O1,-45.0
27968717,CC[C@]1(CO[C@H](CC(C)C)O1)C1=CC=CC=C1,CC[C@@]1(c2ccccc2)CO[C@H](CC(C)C)O1,-51.0
27968725,CCC[C@]1(CO[C@H](CC(C)C)O1)C1=CC=CC=C1,CCC[C@@]1(c2ccccc2)CO[C@H](CC(C)C)O1,-31.0
28023245,CC#CC(=O)N[C@H]1CCCC[C@@H]1N(C)C,CC#CC(=O)N[C@H]1CCCC[C@@H]1N(C)C,70.0
28095691,CC(C)(C)C(=O)CC[C@]1(C)CCCCC1=O,CC(C)(C)C(=O)CC[C@]1(C)CCCCC1=O,-54.8
28095694,CC[C@@]1(CCC(=O)C(C)(C)C)CCCCC1=O,CC[C@@]1(CCC(=O)C(C)(C)C)CCCCC1=O,-8.8
28095696,CCC[C@@]1(CCC(=O)C(C)(C)C)CCCCC1=O,CCC[C@@]1(CCC(=O)C(C)(C)C)CCCCC1=O,-4.8
28095702,CC(C)(C)C(=O)CC[C@]1(C)CCCC1=O,CC(C)(C)C(=O)CC[C@]1(C)CCCC1=O,-26.0
28095712,CC(C)C(=O)CC[C@]1(C)CCCCC1=O,CC(C)C(=O)CC[C@]1(C)CCCCC1=O,-31.2
28138012,O=C(NC1=CC=CC2=CC=CN=C12)[C@@H]1CCCO1,O=C(Nc1cccc2cccnc12)[C@@H]1CCCO1,111.1
28186719,[H][C@@]12CCC(=O)N1[C@](CCC)(CCC2)C=O,CCC[C@]1(C=O)CCC[C@@H]2CCC(=O)N21,100.6
28186720,[H][C@@]12CCC(=O)N1[C@](CCC)(CCC2)C(O)=O,CCC[C@]1(C(=O)O)CCC[C@@H]2CCC(=O)N21,110.3
28186721,[H][C@@]12CCC(=O)N1[C@@](CCC)(CCC2)C(O)=O,CCC[C@@]1(C(=O)O)CCC[C@@H]2CCC(=O)N21,48.2
28186729,[H][C@@]12CCC(=O)N1[C@](CCC)(CC[C@H]2CCC)C=O,CCC[C@@H]1CC[C@@](C=O)(CCC)N2C(=O)CC[C@@H]12,58.1
28192351,CC(C)(C)OC(=O)N[C@H]1COC11CC1,CC(C)(C)OC(=O)N[C@H]1COC12CC2,22.3
28249949,COC(=O)C1=C(OC(=C)[C@@H]1C)C1=CC=CC=C1,C=C1OC(c2ccccc2)=C(C(=O)OC)[C@H]1C,-73.4
28250491,CN1C(=O)NC(=O)[C@]1(C)CCC=O,CN1C(=O)NC(=O)[C@]1(C)CCC=O,-1.83
28271211,CC[C@@H]1NC(=O)N([C@H]1CC)C(=O)OC(C)(C)C,CC[C@@H]1NC(=O)N(C(=O)OC(C)(C)C)[C@H]1CC,-2.0
28299794,C=C[C@@H](C1CCCC1)N1N=NC(=N1)C1=CC=CC=C1,C=C[C@@H](C1CCCC1)n1nnc(-c2ccccc2)n1,78.5
28402003,C[C@H]1CC2=C(O1)C=C(O)C=C2C(O)=O,C[C@H]1Cc2c(cc(O)cc2C(=O)O)O1,-7.0
28404378,[H][C@]12C[C@]([H])(C=C1)C(=C2)C(=O)C1=CC(F)=CC=C1,O=C(C1=C[C@@H]2C=C[C@H]1C2)c1cccc(F)c1,-162.8
28404388,[H][C@]12C[C@]([H])(C=C1)C(=C2)C(=O)C1=CC(OC)=CC=C1,COc1cccc(C(=O)C2=C[C@@H]3C=C[C@H]2C3)c1,-123.5
28404394,[H][C@]12C[C@]([H])(C=C1)C(=C2)C(=O)C1=COC=C1,O=C(C1=C[C@@H]2C=C[C@H]1C2)c1ccoc1,-105.7
28426780,CC1=CC([C@H]2CC(=C)CCO2)=C(O)C=C1,C=C1CCO[C@@H](c2cc(C)ccc2O)C1,-24.3
28426781,CC(C)(C)C1=CC([C@H]2CC(=C)CCO2)=C(O)C=C1,C=C1CCO[C@@H](c2cc(C(C)(C)C)ccc2O)C1,-9.5
28426782,OC1=C(C=C(Cl)C=C1)[C@H]1CC(=C)CCO1,C=C1CCO[C@@H](c2cc(Cl)ccc2O)C1,-18.3
28426784,OC1=C(C=C(F)C=C1)[C@H]1CC(=C)CCO1,C=C1CCO[C@@H](c2cc(F)ccc2O)C1,-44.7
28426787,CC1=CC(O)=C(C=C1)[C@H]1CC(=C)CCO1,C=C1CCO[C@@H](c2ccc(C)cc2O)C1,-48.6
28426788,CC1=C(O)C(=CC=C1)[C@H]1CC(=C)CCO1,C=C1CCO[C@@H](c2cccc(C)c2O)C1,-55.5
28426790,COC1=C(O)C(=CC=C1)[C@H]1CC(=C)CCO1,C=C1CCO[C@@H](c2cccc(OC)c2O)C1,-15.0
28426837,COC1=CC([C@H]2CC(=C)CCO2)=C(O)C=C1,C=C1CCO[C@@H](c2cc(OC)ccc2O)C1,-20.3
28437025,COC(=O)C[C@@H](C)OC1=CC=C(OC)C=C1,COC(=O)C[C@@H](C)Oc1ccc(OC)cc1,-23.6
28437026,COC1=CC=C(O[C@H](C)CC=O)C=C1,COc1ccc(O[C@H](C)CC=O)cc1,-29.5
28501302,COC1=CC=C(O1)[C@@H](C)CC(=O)C1=NC=CN1C,COc1ccc([C@@H](C)CC(=O)c2nccn2C)o1,-3.3
28587708,CC(C)(C)C1=CC=C(C=C1)[C@H](O)C1=CC=CN=C1,CC(C)(C)c1ccc([C@H](O)c2cccnc2)cc1,-22.35
28587709,COC1=CC=CC=C1[C@H](O)C1=CC=CN=C1,COc1ccccc1[C@H](O)c1cccnc1,-3.64
28587710,COC1=CC=CC=C1[C@@H](O)C1=CC=CN=C1,COc1ccccc1[C@@H](O)c1cccnc1,-7.31
28587712,O[C@@H](C1=CC=C(Cl)C=C1)C1=CC=CN=C1,O[C@@H](c1ccc(Cl)cc1)c1cccnc1,-25.49
28587713,O[C@H](C1=CC=CN=C1)C1=CC=CC(Cl)=C1,O[C@H](c1cccnc1)c1cccc(Cl)c1,-25.43
28587718,O[C@@H](C1=CC=C(C=C1)N(=O)=O)C1=CC=CN=C1,O=[N+]([O-])c1ccc([C@H](O)c2cccnc2)cc1,-24.09
28587719,O[C@H](C1=CC=CN=C1)C1=CC=CC=C1N(=O)=O,O=[N+]([O-])c1ccccc1[C@H](O)c1cccnc1,9.84
28587721,O[C@@H](C1=CC=C(C=C1)C(F)(F)F)C1=CC=CN=C1,O[C@@H](c1ccc(C(F)(F)F)cc1)c1cccnc1,-7.14
28587723,O[C@@H](C1=CC=C(F)C=C1)C1=CC=CN=C1,O[C@@H](c1ccc(F)cc1)c1cccnc1,-21.38
28587727,O[C@@H](C1=CC=CO1)C1=CC=CN=C1,O[C@H](c1cccnc1)c1ccco1,47.56
28587729,O[C@@H](\C=C\C1=CC=CC=C1)C1=CC=CN=C1,O[C@@H](/C=C/c1ccccc1)c1cccnc1,1.86
28587731,COC1=C(\C=C\[C@H](O)C2=CC=CN=C2)C=CC=C1,COc1ccccc1/C=C/[C@H](O)c1cccnc1,7.89
28587733,CC(C)=C[C@H](O)C1=CC=CN=C1,CC(C)=C[C@H](O)c1cccnc1,5.16
28587739,CC1=NC=CC=C1[C@@H](O)C1=CC=CC=C1,Cc1ncccc1[C@@H](O)c1ccccc1,3.81
28587742,CC1=CC=C(C=N1)[C@@H](O)C1=CC=CC=C1,Cc1ccc([C@@H](O)c2ccccc2)cn1,6.26
28587745,COC1=CN=CC(=C1)[C@@H](O)C1=CC=CC=C1,COc1cncc([C@@H](O)c2ccccc2)c1,5.63
28587748,COC1=CC=C(C=N1)[C@@H](O)C1=CC=CC=C1,COc1ccc([C@@H](O)c2ccccc2)cn1,0.86
28587751,O[C@@H](C1=CC=CC=C1)C1=CC=CN=C1Cl,O[C@@H](c1ccccc1)c1cccnc1Cl,-1.53
28587754,O[C@@H](C1=CC=CC=C1)C1=CC=C(Cl)N=C1,O[C@@H](c1ccccc1)c1ccc(Cl)nc1,2.2
28690654,COC(=O)[C@H](O)[C@@H](O)C(=O)OC1=CC=CC=C1,COC(=O)[C@H](O)[C@@H](O)C(=O)Oc1ccccc1,73.51
28690655,COC(=O)[C@H](O)[C@@H](O)C(=O)OC1=CC=C(C)C=C1,COC(=O)[C@H](O)[C@@H](O)C(=O)Oc1ccc(C)cc1,70.41
28690659,COC(=O)[C@H](O)[C@@H](O)C(=O)OC1=CC(C)=CC=C1,COC(=O)[C@H](O)[C@@H](O)C(=O)Oc1cccc(C)c1,74.51
28711722,[H][C@@]12CC[C@@]([H])(C1)C1=C2C2=CC=CC=C2C(=O)[C@@]1(C)OC,CO[C@]1(C)C(=O)c2ccccc2C2=C1[C@H]1CC[C@@H]2C1,2.4
28752038,CC(=C)[C@@H]1COC(C)(C)[C@H]1O,C=C(C)[C@@H]1COC(C)(C)[C@H]1O,-30.5
28752081,CC(=C)[C@@H]1COC[C@H]1O,C=C(C)[C@@H]1COC[C@H]1O,-20.0
28757871,[H][C@]12CC(=O)[C@]([H])(C1)[C@@H]([C@H]2N(=O)=O)C1=CC=C(C)C=C1,Cc1ccc([C@@H]2[C@@H]([N+](=O)[O-])[C@H]3CC(=O)[C@@H]2C3)cc1,65.4
28757872,[H][C@]12CC(=O)[C@]([H])(C1)[C@@H]([C@H]2N(=O)=O)C1=CC=C(F)C=C1,O=C1C[C@H]2C[C@@H]1[C@H](c1ccc(F)cc1)[C@H]2[N+](=O)[O-],70.0
28757881,[H][C@]12CC(=O)[C@]([H])(C1)[C@@H]([C@H]2N(=O)=O)C1=CC=CO1,O=C1C[C@H]2C[C@@H]1[C@H](c1ccco1)[C@H]2[N+](=O)[O-],81.2
28757886,[H][C@]12CC(=O)[C@]([H])(C1)[C@@H]([C@H]2N(=O)=O)C1=CC=CC=C1,O=C1C[C@H]2C[C@@H]1[C@H](c1ccccc1)[C@H]2[N+](=O)[O-],72.3
28757899,[H][C@]12CC(=O)[C@]([H])(C1)[C@H](C)[C@H]2C(=O)C1=CC=CC=C1,C[C@@H]1[C@@H](C(=O)c2ccccc2)[C@H]2CC(=O)[C@@H]1C2,83.6
28757901,[H][C@]12CC(=O)[C@]([H])(C1)[C@@H]([C@H]2C(C)=O)C1=CC=CC=C1,CC(=O)[C@H]1[C@H]2CC(=O)[C@H](C2)[C@@H]1c1ccccc1,42.2
28757902,[H][C@]12C[C@]([H])(CC1=O)C(C#N)(C#N)[C@H]2C1=CC=CC=C1,N#CC1(C#N)[C@H]2CC(=O)[C@H](C2)[C@@H]1c1ccccc1,25.0
28757905,[H][C@]12CC(=O)[C@]([H])(C1)[C@@H]([C@H]2C(=O)OC)C(=O)OC,COC(=O)[C@@H]1[C@@H](C(=O)OC)[C@H]2CC(=O)[C@@H]1C2,19.2
28791968,[H][C@@]1([C@@H](C)CC)N(CC2=CC=CC=C2)CCOC1=O,CC[C@H](C)[C@H]1C(=O)OCCN1Cc1ccccc1,72.0
28796981,[H][C@@]12CCCN[C@]1([H])C1=C(NC2)C=CC=C1,c1ccc2c(c1)NC[C@@H]1CCCN[C@H]21,-13.8
28796984,OCC1=CCCN[C@@H]1C1=CC=C(C=C1)N(=O)=O,O=[N+]([O-])c1ccc([C@H]2NCCC=C2CO)cc1,-186.0
28838435,COCC1=CSC(=N1)[C@@H](N)CC(C)C,COCc1csc([C@@H](N)CC(C)C)n1,-5.7
28838437,CC(C)C[C@H](N)C1=NC(COC(C)C)=CS1,CC(C)C[C@H](N)c1nc(COC(C)C)cs1,14.8
28897105,CC(C)[C@@H]1NC2(COC2)CNC1=O,CC(C)[C@@H]1NC2(CNC1=O)COC2,-118.1
28897106,CC(C)[C@H]1NC2(COC2)CNC1=O,CC(C)[C@H]1NC2(CNC1=O)COC2,107.5
28940188,[H][C@]1(O[C@@H]1\C=C\[C@@H]1O[C@]1([H])[C@H](O)C=C)[C@@H](C)O,C=C[C@@H](O)[C@H]1O[C@H]1/C=C/[C@H]1O[C@H]1[C@@H](C)O,-29.6
28961517,CCCCO[C@H](CCCC)C1=CC=CC=C1O,CCCCO[C@H](CCCC)c1ccccc1O,3.2
28961536,OC1=CC=CC=C1[C@H](OCC=C)C1=CC=CC=C1,C=CCO[C@H](c1ccccc1)c1ccccc1O,-67.4
28961537,CC(=C)CO[C@H](C1=CC=CC=C1)C1=CC=CC=C1O,C=C(C)CO[C@H](c1ccccc1)c1ccccc1O,-64.4
28961538,OC1=CC=CC=C1[C@H](OCCC#C)C1=CC=CC=C1,C#CCCO[C@H](c1ccccc1)c1ccccc1O,-72.7
28961539,CC(C)O[C@H](C1=CC=CC=C1)C1=CC=CC=C1O,CC(C)O[C@H](c1ccccc1)c1ccccc1O,-78.4
28961540,OC1=CC=CC=C1[C@H](OC1CCC1)C1=CC=CC=C1,Oc1ccccc1[C@H](OC1CCC1)c1ccccc1,-82.1
28967138,C[C@H](CCC1=CC=NC=C1)C(C)=O,CC(=O)[C@H](C)CCc1ccncc1,-0.8
28967273,CC[C@@](C)(O)CCC1=CC=NC=C1,CC[C@@](C)(O)CCc1ccncc1,4.3
29051272,COC(=O)[C@@]1(F)CC\C(=C/C2=CC=CC=C2)C1=O,COC(=O)[C@@]1(F)CC/C(=C\c2ccccc2)C1=O,-457.3
29054624,O=S1(=O)CC[C@H](COCC2=CC=CC=C2)O1,O=S1(=O)CC[C@H](COCc2ccccc2)O1,-16.4
29142334,CCCCCC#C[C@@H](O)[C@@H](CC=C)C(OC)OC,C=CC[C@@H](C(OC)OC)[C@H](O)C#CCCCCC,11.42
29142336,COC(OC)[C@H](CC=C)[C@H](O)C#CCC(C)C,C=CC[C@@H](C(OC)OC)[C@H](O)C#CCC(C)C,14.3
29142348,OC[C@H](CC=C)[C@H](O)C#CC1=CC=CC=C1,C=CC[C@@H](CO)[C@H](O)C#Cc1ccccc1,-6.88
29142350,CCCCCC#C[C@@H](O)[C@H](CO)CC=C,C=CC[C@@H](CO)[C@H](O)C#CCCCCC,-11.57
29158818,C[C@H](CC1=CC=CS1)OC(C)=O,CC(=O)O[C@H](C)Cc1cccs1,7.0
29189013,[H][C@]12CCC[C@@]1([H])[C@H](N=C2)C(=O)OC(C)C,CC(C)OC(=O)[C@H]1N=C[C@H]2CCC[C@@H]12,160.0
29242043,CON(C)C(=O)CCC[C@@H](O)C1=CC=C(C)C=C1,CON(C)C(=O)CCC[C@@H](O)c1ccc(C)cc1,28.2
29242047,CON(C)C(=O)CCC[C@@H](O)C1=CC=C(F)C=C1,CON(C)C(=O)CCC[C@@H](O)c1ccc(F)cc1,29.2
29242049,CON(C)C(=O)CCC[C@@H](O)C1=CC(C)=CC=C1,CON(C)C(=O)CCC[C@@H](O)c1cccc(C)c1,25.9
29242050,CON(C)C(=O)CCC[C@@H](O)C1=CC=CC=C1C,CON(C)C(=O)CCC[C@@H](O)c1ccccc1C,44.5
29242053,CON(C)C(=O)CCC[C@@H](O)C1=CC=CS1,CON(C)C(=O)CCC[C@@H](O)c1cccs1,11.8
29242054,CC[C@@H](O)CCCC(=O)N(C)OC,CC[C@@H](O)CCCC(=O)N(C)OC,-0.8
29242056,CON(C)C(=O)CCC[C@@H](O)CC1=CC=CC=C1,CON(C)C(=O)CCC[C@@H](O)Cc1ccccc1,0.6
29242060,CON(C)C(=O)CCC[C@@H](O)C1=CC=CC=C1,CON(C)C(=O)CCC[C@@H](O)c1ccccc1,26.8
29298889,C[C@@]1(C[C@@H](O)C=C1)OCC#C,C#CCO[C@]1(C)C=C[C@H](O)C1,23.1
29298890,[H][C@@]12C[C@]3(C)OCC(=O)[C@]3([H])[C@]1([H])C[C@H](OCC)O2,CCO[C@H]1C[C@H]2[C@H]3C(=O)CO[C@@]3(C)C[C@H]2O1,-159.1
29298891,[H][C@@]12C[C@]3(C)OCC(=O)[C@]3([H])[C@]1([H])C[C@@H](OCC)O2,CCO[C@@H]1C[C@H]2[C@H]3C(=O)CO[C@@]3(C)C[C@H]2O1,23.4
29338903,[H][C@@]12C[C@@]([H])(C=C1)[C@@]1([H])[C@H](CC=C)O[C@H](CO)[C@@]21[H],C=CC[C@@H]1O[C@H](CO)[C@@H]2[C@H]1[C@@H]1C=C[C@H]2C1,-5.7
29412942,FC1=CC(=CC=C1)[C@@]1(CC=C)CCCCC1=O,C=CC[C@]1(c2cccc(F)c2)CCCCC1=O,297.5
29437021,C\C=C(/C)C[C@H](C)\C=C\C[C@H](C)C[C@H](C)CO,C/C=C(\C)C[C@H](C)/C=C/C[C@H](C)C[C@H](C)CO,-4.9
29472291,C[C@@H](OCCCCN=N#N)C1=CC=NC=C1,C[C@@H](OCCCCN=[N+]=[N-])c1ccncc1,63.0
29472292,C[C@H](OCCCCN=N#N)C1=CC=NC=C1,C[C@H](OCCCCN=[N+]=[N-])c1ccncc1,-63.0
29472293,C[C@@H](OCCCCCCN=N#N)C1=CC=NC=C1,C[C@@H](OCCCCCCN=[N+]=[N-])c1ccncc1,58.0
29472294,C[C@H](OCCCCCCN=N#N)C1=CC=NC=C1,C[C@H](OCCCCCCN=[N+]=[N-])c1ccncc1,-58.0
29490077,CCCCCCCCCC[C@H](CC=C)OC(C)=O,C=CC[C@@H](CCCCCCCCCC)OC(C)=O,14.5
29500326,CC(C)(C)C1=CC=C(C=C1)[C@@H]1CS1,CC(C)(C)c1ccc([C@@H]2CS2)cc1,-3.9
29500338,CC1=CC(=CC(F)=C1)[C@@H]1CS1,Cc1cc(F)cc([C@@H]2CS2)c1,35.6
29500339,ClC1=C(C=CC=C1)[C@@H]1CS1,Clc1ccccc1[C@@H]1CS1,150.0
29500341,CC1=CC(C)=C([C@@H]2CS2)C(C)=C1,Cc1cc(C)c([C@@H]2CS2)c(C)c1,168.0
29500342,[H][C@]12CCC3=CC=CC=C3[C@@]1([H])S2,c1ccc2c(c1)CC[C@@H]1S[C@H]21,38.0
29554997,C[C@@H]1ON(C)[C@@H]([C@H]1\C=C\C=O)C1=C(C)C=CC=C1,Cc1ccccc1[C@@H]1[C@@H](/C=C/C=O)[C@H](C)ON1C,-72.0
29588343,C[C@H]1C[C@@H](O)C=C2C[C@@H](O)[C@@H](C[C@]12C)C(=C)CO,C=C(CO)[C@@H]1C[C@@]2(C)C(=C[C@H](O)C[C@@H]2C)C[C@H]1O,-52.0
29598487,CC(C)[C@H](N)C1=NC(=CO1)C(N)=O,CC(C)[C@H](N)c1nc(C(N)=O)co1,-18.0
29701336,[H][C@]1(O[C@H]1\C=C\COC(C)=O)[C@]1([H])O[C@H]1C#C,C#C[C@@H]1O[C@H]1[C@@H]1O[C@H]1/C=C/COC(C)=O,-45.3
29734710,[H][C@@]12CCCN[C@]1([H])C1=C(OC2)C=CC=C1,c1ccc2c(c1)OC[C@@H]1CCCN[C@H]21,-29.2
29753390,C[C@@](F)(C=O)[C@H](CN(=O)=O)C1=CC=CC=C1,C[C@@](F)(C=O)[C@H](C[N+](=O)[O-])c1ccccc1,-16.0
29753397,C[C@H]([C@H](C1=CC=CC=C1)[C@](C)(F)C=O)N(=O)=O,C[C@H]([C@H](c1ccccc1)[C@](C)(F)C=O)[N+](=O)[O-],5.0
29753410,C[C@@](F)(CO)[C@H](CN(=O)=O)C1=CC=CC=C1,C[C@@](F)(CO)[C@H](C[N+](=O)[O-])c1ccccc1,-9.6
29753435,C[C@@]1(F)CNC[C@@H]1C1=CC=CC=C1,C[C@@]1(F)CNC[C@@H]1c1ccccc1,-55.0
29753436,C[C@]1(F)CNC[C@@H]1C1=CC=CC=C1,C[C@]1(F)CNC[C@@H]1c1ccccc1,21.0
29767464,CC1=CC=C(O[C@H](CCO)C2=CC=CC=C2)C=C1,Cc1ccc(O[C@H](CCO)c2ccccc2)cc1,27.0
29767465,CC1=CC=CC(O[C@H](CCO)C2=CC=CC=C2)=C1,Cc1cccc(O[C@H](CCO)c2ccccc2)c1,14.0
29767472,OCC[C@@H](OC1=CC=C(F)C=C1)C1=CC=CC=C1,OCC[C@@H](Oc1ccc(F)cc1)c1ccccc1,23.0
29767476,OCC[C@@H](OC1=CC=CC=C1)C1=CC(F)=CC=C1,OCC[C@@H](Oc1ccccc1)c1cccc(F)c1,13.0
29803723,CC[C@H](CO)[C@@H](O)C1=CC=CC(OC)=C1,CC[C@H](CO)[C@@H](O)c1cccc(OC)c1,22.6
29809351,N[C@H](C(F)(F)F)[C@]1(F)C(=O)NC2=CC=CC=C12,N[C@H](C(F)(F)F)[C@]1(F)C(=O)Nc2ccccc21,8.6
29886885,CC(C)(C)OC(=O)[C@@H]1N=CO[C@H]1C1=CC=CO1,CC(C)(C)OC(=O)[C@@H]1N=CO[C@H]1c1ccco1,-136.3
29886887,CC(C)(C)OC(=O)[C@@H]1N=CO[C@H]1C1=CC=CS1,CC(C)(C)OC(=O)[C@@H]1N=CO[C@H]1c1cccs1,-110.1
29886893,CC(C)(C)OC(=O)[C@@H]1N=CO[C@H]1C1CCCCC1,CC(C)(C)OC(=O)[C@@H]1N=CO[C@H]1C1CCCCC1,-18.2
30022066,CC(C)[C@H]1CC[C@](C)([C@@H]1O)C1OCCO1,CC(C)[C@H]1CC[C@@](C)(C2OCCO2)[C@@H]1O,25.2
30024098,COC(=O)[C@]1(CO)OC(C)(C)O[C@H]1CO,COC(=O)[C@]1(CO)OC(C)(C)O[C@H]1CO,6.1
30024136,COC[C@@H]1OC(C)(C)O[C@H]1C(O)=O,COC[C@@H]1OC(C)(C)O[C@H]1C(=O)O,-1.2
30069024,C[C@]12N=C3CCCCC3=C1C=CC1=CC=CC=C21,C[C@]12N=C3CCCCC3=C1C=Cc1ccccc12,621.0
30069028,C[C@@]12N=C3CCCCCC3=C1C=CC1=CC=CC=C21,C[C@@]12N=C3CCCCCC3=C1C=Cc1ccccc12,-435.0
30069092,C[C@@]12C=CC3=C(C=CC=C3)C1=NC1=C2CCCC1,C[C@@]12C=Cc3ccccc3C1=NC1=C2CCCC1,-40.0
30096418,CC(=O)[C@]1(C)C(=O)OC2=CC=CC=C12,CC(=O)[C@]1(C)C(=O)Oc2ccccc21,-37.9
30132519,N#CC[C@H](OC1=CC=CC=C1)C1=CC=CC=C1,N#CC[C@H](Oc1ccccc1)c1ccccc1,-62.4
30132521,CC1=C(O[C@@H](CC#N)C2=CC=CC=C2)C=CC=C1,Cc1ccccc1O[C@@H](CC#N)c1ccccc1,64.6
30132527,CC1=CC=C(O[C@@H](CC#N)C2=CC=CC=C2)C=C1,Cc1ccc(O[C@@H](CC#N)c2ccccc2)cc1,-56.8
30132543,CO[C@H](CC#N)C1=CC=CC=C1,CO[C@H](CC#N)c1ccccc1,-88.4
30132545,CC(C)O[C@@H](CC#N)C1=CC=CC=C1,CC(C)O[C@@H](CC#N)c1ccccc1,-72.0
30132547,FC(F)(F)CO[C@@H](CC#N)C1=CC=CC=C1,N#CC[C@H](OCC(F)(F)F)c1ccccc1,-83.6
30132551,N#CC[C@H](N1C=CC=C1)C1=CC=CC=C1,N#CC[C@@H](c1ccccc1)n1cccc1,32.6
30132556,CCOC(=O)C[C@@H](C)OC1=CC=CC=C1,CCOC(=O)C[C@@H](C)Oc1ccccc1,10.8
30151652,CCCCCCC[C@H](CC)CO,CCCCCCC[C@H](CC)CO,-1.5
30151654,CC[C@H](CO)C1CCCCCCC1,CC[C@H](CO)C1CCCCCCC1,2.5
30151656,OCC[C@H](CO)C1CCCCCCC1,OCC[C@H](CO)C1CCCCCCC1,-7.5
30210440,CC[C@@H](COCCO)CC(=O)N1N=C(C)C=C1C,CC[C@@H](COCCO)CC(=O)n1nc(C)cc1C,14.0
30228450,CC(C)[C@H](N)C1=NC(=CO1)C1=NC(C)(C)CO1,CC(C)[C@H](N)c1nc(C2=NC(C)(C)CO2)co1,5.0
30228451,CN[C@@H](C(C)C)C1=NC(=CO1)C1=NC(C)(C)CO1,CN[C@H](c1nc(C2=NC(C)(C)CO2)co1)C(C)C,-38.0
30267319,CC[C@@H]1CCC2=C1C=C(OC)C=C2,CC[C@@H]1CCc2ccc(OC)cc21,-10.04
30286778,CN1C=CN=C1[C@](O)(C#CC1CC1)C(F)(F)F,Cn1ccnc1[C@](O)(C#CC1CC1)C(F)(F)F,48.7
30332170,CC[C@@H]1CCC2=C(OC)C=CC=C12,CC[C@@H]1CCc2c(OC)cccc21,-9.6
30339548,CCCC[C@@H]1[C@@H](O)CCC[C@@]11CCCC(=O)N1,CCCC[C@@H]1[C@@H](O)CCC[C@@]12CCCC(=O)N2,71.03
30349885,OCC[C@H]1O[C@H]1C\C=C/CC=C,C=CC/C=C\C[C@@H]1O[C@@H]1CCO,12.7
30352769,C[C@H](F)CNS(=O)(=O)C1=CC=C(C)C=C1,Cc1ccc(S(=O)(=O)NC[C@H](C)F)cc1,77.7
30382638,C\C(C=C)=C/[C@H]1CCCO[C@@H]1C1=CC=C(C)C=C1,C=C/C(C)=C/[C@H]1CCCO[C@@H]1c1ccc(C)cc1,3.74
30382709,COC1=CC=C(C=C1)[C@H]1OCC[C@@H]1\C=C(/C)C=C,C=C/C(C)=C/[C@H]1CCO[C@@H]1c1ccc(OC)cc1,73.8
30382710,COC1=CC=C(C=C1)[C@@H]1OCC[C@H]1\C=C(/C)C=C,C=C/C(C)=C/[C@@H]1CCO[C@H]1c1ccc(OC)cc1,73.8
30382711,C\C(C=C)=C/[C@H]1CCO[C@@H]1C1=CC=CC=C1,C=C/C(C)=C/[C@H]1CCO[C@@H]1c1ccccc1,89.4
30382712,C\C(C=C)=C/[C@H]1CCO[C@@H]1C1=CC=C(F)C=C1,C=C/C(C)=C/[C@H]1CCO[C@@H]1c1ccc(F)cc1,74.8
30382713,C\C(C=C)=C/[C@H]1CCO[C@@H]1C1=CC=C(C=C1)C#C,C#Cc1ccc([C@H]2OCC[C@@H]2/C=C(\C)C=C)cc1,138.2
30382714,C\C(C=C)=C/[C@H]1CCO[C@@H]1C1=CC=CC(C=C)=C1,C=C/C(C)=C/[C@H]1CCO[C@@H]1c1cccc(C=C)c1,65.6
30382715,C\C(C=C)=C/[C@H]1CCO[C@@H]1C1=CC=CC(C)=C1,C=C/C(C)=C/[C@H]1CCO[C@@H]1c1cccc(C)c1,85.0
30382716,C\C(C=C)=C/[C@H]1CCO[C@@H]1C1=CC=C(C)C(C)=C1,C=C/C(C)=C/[C@H]1CCO[C@@H]1c1ccc(C)c(C)c1,82.6
30382717,C\C(C=C)=C/[C@H]1CCO[C@@H]1C1=COC=C1,C=C/C(C)=C/[C@H]1CCO[C@@H]1c1ccoc1,55.8
30382719,C\C(C=C)=C/[C@H]1CCO[C@@H]1C1=CC=CS1,C=C/C(C)=C/[C@H]1CCO[C@@H]1c1cccs1,97.5
30382723,C\C(C=C)=C/[C@H]1CCO[C@@H]1\C=C\C1=CC=CC=C1,C=C/C(C)=C/[C@H]1CCO[C@@H]1/C=C/c1ccccc1,93.2
30382725,CC1=CC=C(C=C1)[C@H]1OCC[C@@H]1\C=C\C=C,C=C/C=C/[C@H]1CCO[C@@H]1c1ccc(C)cc1,89.6
30382727,CC(=C)\C=C\[C@H]1CCO[C@@H]1C1=CC=C(C)C=C1,C=C(C)/C=C/[C@H]1CCO[C@@H]1c1ccc(C)cc1,90.8
30382729,CC\C(C=C)=C/[C@H]1CCO[C@@H]1C1=CC=C(C)C=C1,C=C/C(=C/[C@H]1CCO[C@@H]1c1ccc(C)cc1)CC,88.4
30382731,C\C=C\C(\C)=C\[C@H]1CCO[C@@H]1C1=CC=C(C)C=C1,C/C=C/C(C)=C/[C@H]1CCO[C@@H]1c1ccc(C)cc1,138.7
30382733,CC(=C)\C=C\[C@@]1(C)CCO[C@@H]1C1=CC=C(C)C=C1,C=C(C)/C=C/[C@@]1(C)CCO[C@@H]1c1ccc(C)cc1,69.7
30382736,CC1=CC=C(C=C1)[C@H]1OCC[C@@H]1\C=C1/CCCC=C1,Cc1ccc([C@H]2OCC[C@@H]2/C=C2/C=CCCC2)cc1,13.1
30382737,C[C@@H]1CO[C@@H]([C@H]1\C=C(/C)C=C)C1=CC=C(C)C=C1,C=C/C(C)=C/[C@H]1[C@H](C)CO[C@@H]1c1ccc(C)cc1,41.4
30382738,C[C@H]1C[C@H](\C=C(/C)C=C)[C@H](O1)C1=CC=C(C)C=C1,C=C/C(C)=C/[C@H]1C[C@H](C)O[C@@H]1c1ccc(C)cc1,96.8
30382739,C\C(C=C)=C/[C@H]1CCO[C@H]1CCC1=CC=CC=C1,C=C/C(C)=C/[C@H]1CCO[C@H]1CCc1ccccc1,-62.3
30382742,CCCC[C@@H]1OCC[C@@H]1\C=C(/C)C=C,C=C/C(C)=C/[C@H]1CCO[C@H]1CCCC,-20.9
30382744,CC(C)C[C@@H]1OCC[C@@H]1\C=C(/C)C=C,C=C/C(C)=C/[C@H]1CCO[C@H]1CC(C)C,-31.2
30382747,C\C(C=C)=C/[C@H]1CCO[C@H]1C1CCCCC1,C=C/C(C)=C/[C@H]1CCO[C@H]1C1CCCCC1,23.66
30382749,C\C(C=C)=C/[C@H]1CCO[C@H]1C(C)(C)C,C=C/C(C)=C/[C@H]1CCO[C@H]1C(C)(C)C,57.5
30382752,C\C(C=C)=C/[C@H]1CCO[C@@H]1C1=CC=C(C)C=C1,C=C/C(C)=C/[C@H]1CCO[C@@H]1c1ccc(C)cc1,87.4
30382754,C\C(C=C)=C/[C@H]1CCO[C@@H]1C1=CC=C(Cl)C=C1,C=C/C(C)=C/[C@H]1CCO[C@@H]1c1ccc(Cl)cc1,99.0
30382757,C\C(C=C)=C/[C@H]1CCO[C@@H]1C1=CC(C)=CC(C)=C1,C=C/C(C)=C/[C@H]1CCO[C@@H]1c1cc(C)cc(C)c1,71.1
30382759,C\C(C=C)=C/[C@H]1CCO[C@@H]1C1=CC=CO1,C=C/C(C)=C/[C@H]1CCO[C@@H]1c1ccco1,108.7
30382762,C\C(C=C)=C/[C@H]1CCO[C@@H]1C1=CSC=C1,C=C/C(C)=C/[C@H]1CCO[C@@H]1c1ccsc1,74.8
30382764,C\C(C=C)=C/[C@H]1CCO[C@@H]1C1=CC=C(C)O1,C=C/C(C)=C/[C@H]1CCO[C@@H]1c1ccc(C)o1,124.5
30450452,CC1=CC=C(C=C1)[C@@H](CN(=O)=O)C1=C(C)C=CC=C1,Cc1ccc([C@@H](C[N+](=O)[O-])c2ccccc2C)cc1,-57.2
30470892,COC1=CC2=C(C=C1)C=C(C=C2)[C@@H](O)CC=C,C=CC[C@H](O)c1ccc2cc(OC)ccc2c1,-57.2
30472358,C[C@H](F)C(=O)C1=NC=CN1C1=CC=CC=C1,C[C@H](F)C(=O)c1nccn1-c1ccccc1,21.649
30472359,CN1C=CN=C1C(=O)[C@@H](F)C1=CC=CC=C1,Cn1ccnc1C(=O)[C@@H](F)c1ccccc1,203.15
30472361,C[C@H](F)C(=O)C1=NC2=CC=CC=C2C=C1,C[C@H](F)C(=O)c1ccc2ccccc2n1,-63.0
30472364,CC[C@H](F)C(=O)C1=NC=CN1C1=CC=CC=C1,CC[C@H](F)C(=O)c1nccn1-c1ccccc1,39.0
30472367,CC(C)N1C=CN=C1C(=O)[C@@H](F)C1=CC=CC=C1,CC(C)n1ccnc1C(=O)[C@@H](F)c1ccccc1,150.0
30498022,[H][C@@]1(CC(=O)C=C1C)[C@]1(C)CC(=O)NC1=O,CC1=CC(=O)C[C@@H]1[C@]1(C)CC(=O)NC1=O,-112.0
30544531,C[C@]1(CC=C)[C@H](O)COC1=O,C=CC[C@]1(C)C(=O)OC[C@H]1O,-12.0
30623065,[H][C@]12COC(=O)C(C)=C1CC[C@@]2(C)O,CC1=C2CC[C@@](C)(O)[C@H]2COC1=O,100.62
30623066,[H][C@]12CC[C@@](C)(O)[C@@]1([H])COC(=O)[C@H]2C,C[C@@H]1C(=O)OC[C@H]2[C@@H]1CC[C@@]2(C)O,166.8
30768396,C[C@H](NC(=O)N(C)C1=CC=CC=C1)C1=CC=CN=C1,C[C@H](NC(=O)N(C)c1ccccc1)c1cccnc1,90.0
30796979,C[C@]1(C(=O)OCC=C)C(=O)OC2=C1C=CC=C2,C=CCOC(=O)[C@@]1(C)C(=O)Oc2ccccc21,-46.3
30796980,CC[C@]1(C(=O)OCC=C)C(=O)OC2=C1C=CC=C2,C=CCOC(=O)[C@@]1(CC)C(=O)Oc2ccccc21,-3.9
30796984,CC1=CC2=C(OC(=O)[C@]2(C)C(=O)OCC=C)C=C1,C=CCOC(=O)[C@@]1(C)C(=O)Oc2ccc(C)cc21,-5.0
30796985,CC1=CC2=C(C=C1)[C@@](C)(C(=O)OCC=C)C(=O)O2,C=CCOC(=O)[C@@]1(C)C(=O)Oc2cc(C)ccc21,-25.9
30796986,CC1=CC=CC2=C1OC(=O)[C@]2(C)C(=O)OCC=C,C=CCOC(=O)[C@@]1(C)C(=O)Oc2c(C)cccc21,-104.1
30802721,CC(C)C[C@@H](CCC=C)NS(C)(=O)=O,C=CCC[C@H](CC(C)C)NS(C)(=O)=O,40.5
30802723,CC[C@H](C)[C@@H](CCC=C)NS(C)(=O)=O,C=CCC[C@@H](NS(C)(=O)=O)[C@@H](C)CC,8.97
30802727,CC(C)C[C@H]1CC[C@H](C)N1S(C)(=O)=O,CC(C)C[C@H]1CC[C@H](C)N1S(C)(=O)=O,62.3
30802728,[H][C@@]1(CC[C@H](C)N1S(C)(=O)=O)[C@@H](C)CC,CC[C@H](C)[C@H]1CC[C@H](C)N1S(C)(=O)=O,75.3
30862770,C[C@@H](N\C(C)=C(\C)C(C)=O)C1=CC=CC=C1,CC(=O)/C(C)=C(/C)N[C@H](C)c1ccccc1,-629.0
30862772,CC[C@@H](N\C(C)=C(\C)C(C)=O)C1=CC=CC=C1,CC[C@@H](N/C(C)=C(/C)C(C)=O)c1ccccc1,-486.0
30862774,C[C@@H](N\C(C)=C(\C)C(C)=O)C1=CC=CC=C1F,CC(=O)/C(C)=C(/C)N[C@H](C)c1ccccc1F,-557.0
30862776,C[C@@H](N\C(C)=C(\C)C(C)=O)C1=CC=CC(C)=C1,CC(=O)/C(C)=C(/C)N[C@H](C)c1cccc(C)c1,-567.0
30862778,C[C@@H](N\C(C)=C(\C)C(C)=O)C1=CC=CC(F)=C1,CC(=O)/C(C)=C(/C)N[C@H](C)c1cccc(F)c1,-548.0
30862780,C[C@@H](N\C(C)=C(\C)C(C)=O)C1=CC=C(C)C=C1,CC(=O)/C(C)=C(/C)N[C@H](C)c1ccc(C)cc1,-623.0
30862782,CC(C)CC[C@@H](C)N\C(C)=C(\C)C(C)=O,CC(=O)/C(C)=C(/C)N[C@H](C)CCC(C)C,-94.0
30862783,C[C@H](CCC1=CC=CC=C1)N\C(C)=C(\C)C(C)=O,CC(=O)/C(C)=C(/C)N[C@H](C)CCc1ccccc1,-190.0
30862785,CCCCC[C@@H](C)N\C(C)=C(\C)C(C)=O,CCCCC[C@@H](C)N/C(C)=C(/C)C(C)=O,-90.0
30862787,CCC[C@@H](C)N\C(C)=C(\C)C(C)=O,CCC[C@@H](C)N/C(C)=C(/C)C(C)=O,-67.0
30862789,CC(C)C[C@@H](C)N\C(C)=C(\C)C(C)=O,CC(=O)/C(C)=C(/C)N[C@H](C)CC(C)C,-60.0
30862791,CC(C)CCC[C@@H](C)N\C(C)=C(\C)C(C)=O,CC(=O)/C(C)=C(/C)N[C@H](C)CCCC(C)C,-99.0
30976969,O=C1C[C@H](C2=CC=CS2)C2=C(O1)C(=O)CCC2,O=C1C[C@H](c2cccs2)C2=C(O1)C(=O)CCC2,-168.1
30976971,CCCCCC[C@H]1CC(=O)OC2=C1CCCC2=O,CCCCCC[C@H]1CC(=O)OC2=C1CCCC2=O,-37.8
30976972,O=C1C[C@H](C2CCCC2)C2=C(O1)C(=O)CCC2,O=C1C[C@H](C2CCCC2)C2=C(O1)C(=O)CCC2,-56.3
30976973,O=C1C[C@H](C2CC2)C2=C(O1)C(=O)CCC2,O=C1C[C@H](C2CC2)C2=C(O1)C(=O)CCC2,-115.7
30976975,O=C1C[C@@H](C2=C(O1)C(=O)CCC2)C1=CC=CC=C1,O=C1C[C@H](c2ccccc2)C2=C(O1)C(=O)CCC2,-157.3
30999632,CCCCCC[C@@H](O)C#CC(=O)OC,CCCCCC[C@@H](O)C#CC(=O)OC,5.8
30999650,COC(=O)C#C[C@H](O)CCC=C,C=CCC[C@@H](O)C#CC(=O)OC,-10.1
31001668,[H][C@]12N[C@H](CC1=CC=C[C@@H]2O)C(=O)OCC,CCOC(=O)[C@H]1CC2=CC=C[C@H](O)[C@H]2N1,190.0
31024760,COC(OC)[C@@H](CC1=CC=CC=C1)\C=C\N(=O)=O,COC(OC)[C@H](/C=C/[N+](=O)[O-])Cc1ccccc1,60.7
31024761,C=C1[C@H](CC2=CC=CC=C2)COC1=O,C=C1C(=O)OC[C@H]1Cc1ccccc1,-58.7
31030262,CCC[C@](C)(C=C)[C@@]1(N)C(=O)NC2=CC=CC=C12,C=C[C@@](C)(CCC)[C@@]1(N)C(=O)Nc2ccccc21,-133.7
31030265,CCC[C@]1(C)C(=O)N[C@@]11C(=O)NC2=CC=CC=C12,CCC[C@]1(C)C(=O)N[C@@]12C(=O)Nc1ccccc12,-158.0
31030266,CCC[C@](C)(CC)[C@@]1(N)C(=O)NC2=CC=CC=C12,CCC[C@](C)(CC)[C@@]1(N)C(=O)Nc2ccccc21,-134.7
31150177,CCOC(=O)[C@H]([C@H](C)C=C)C(=O)C1=CC=CC=C1,C=C[C@@H](C)[C@@H](C(=O)OCC)C(=O)c1ccccc1,-30.2
31173892,C[C@@H]([C@@H](O)C1=CC=CS1)N1CCOCC1,C[C@@H]([C@@H](O)c1cccs1)N1CCOCC1,19.0
31173894,C[C@@H]([C@@H](O)C1=CC=CC=C1)N1CCN(C)CC1,C[C@@H]([C@@H](O)c1ccccc1)N1CCN(C)CC1,72.8
31173895,C[C@@H]([C@@H](O)C1=CC=CC=C1)N(C)C1=CC=CC=C1,C[C@@H]([C@@H](O)c1ccccc1)N(C)c1ccccc1,39.6
31173899,C[C@@H]([C@@H](O)C1=CC=CC=C1C)N1CCOCC1,Cc1ccccc1[C@H](O)[C@H](C)N1CCOCC1,69.8
31173903,COC1=CC(=CC=C1)[C@H](O)[C@H](C)N1CCOCC1,COc1cccc([C@H](O)[C@H](C)N2CCOCC2)c1,47.6
31173904,COC1=CC=C(C=C1)[C@H](O)[C@H](C)N1CCOCC1,COc1ccc([C@H](O)[C@H](C)N2CCOCC2)cc1,51.5
31173907,C[C@@H]([C@@H](O)C1=CC=CC=C1F)N1CCOCC1,C[C@@H]([C@@H](O)c1ccccc1F)N1CCOCC1,48.9
31173908,C[C@@H]([C@@H](O)C1=CC=C(NC(C)=O)C=C1)N(C)C,CC(=O)Nc1ccc([C@H](O)[C@H](C)N(C)C)cc1,27.2
31173910,C[C@@H]([C@@H](O)C1=CC=C(F)C=C1)N1CCOCC1,C[C@@H]([C@@H](O)c1ccc(F)cc1)N1CCOCC1,57.9
31173911,C[C@@H]([C@@H](O)C1=CC=CC(Cl)=C1)N1CCOCC1,C[C@@H]([C@@H](O)c1cccc(Cl)c1)N1CCOCC1,42.4
31185505,[H][C@@]12C=C[C@@](C)(O)[C@H](C=O)[C@@]1(C)CCCC2(C)C,CC1(C)CCC[C@]2(C)[C@@H](C=O)[C@](C)(O)C=C[C@@H]12,-158.0
31185515,CC1=C(C=O)[C@@]2(C)CCCC(C)(C)C2=CC1=O,CC1=C(C=O)[C@@]2(C)CCCC(C)(C)C2=CC1=O,-90.9
31185537,CC1=CC[C@@H](C=C1)C(=C)CO,C=C(CO)[C@@H]1C=CC(C)=CC1,-104.4
31197649,[H][C@]12CCO[C@]1([H])C1=C(O[C@@H]2\C=C\C)C=CC=C1,C/C=C/[C@H]1Oc2ccccc2[C@H]2OCC[C@@H]21,51.3
31197650,[H][C@]12CCO[C@]1([H])C1=C(O[C@@H]2\C(C)=C\CC)C=CC=C1,CC/C=C(\C)[C@H]1Oc2ccccc2[C@H]2OCC[C@H]12,28.1
31197652,[H][C@]12CCO[C@]1([H])C1=C(O[C@@H]2\C(CC)=C\C)C=CC=C1,C/C=C(\CC)[C@H]1Oc2ccccc2[C@H]2OCC[C@H]12,26.2
31197655,[H][C@]12CCO[C@]1([H])C1=C(O[C@@H]2C2=CC=CC=C2)C=CC=C1,c1ccc([C@H]2Oc3ccccc3[C@H]3OCC[C@H]23)cc1,-30.3
31197656,[H][C@]12CCCO[C@]1([H])C1=C(O[C@@H]2\C(C)=C\C)C=CC=C1,C/C=C(\C)[C@H]1Oc2ccccc2[C@H]2OCCC[C@H]12,80.3
31197657,[H][C@]12OC[C@@H](C)[C@]1([H])[C@H](OC1=C2C=CC=C1)C(\C)=C\C,C/C=C(\C)[C@H]1Oc2ccccc2[C@H]2OC[C@@H](C)[C@H]12,-19.0
31197658,[H][C@]12C[C@H](C)O[C@]1([H])C1=C(O[C@@H]2\C(C)=C\C)C=CC=C1,C/C=C(\C)[C@H]1Oc2ccccc2[C@H]2O[C@@H](C)C[C@H]12,32.7
31197662,[H][C@]12CCO[C@]1([H])C1=C(O[C@@H]2\C(C)=C\C)C=CC(C)=C1,C/C=C(\C)[C@H]1Oc2ccc(C)cc2[C@H]2OCC[C@H]12,36.7
31197673,[H][C@]12CCO[C@]1([H])C1=C(O[C@@H]2\C(C)=C\C)C=C(C)C=C1,C/C=C(\C)[C@H]1Oc2cc(C)ccc2[C@H]2OCC[C@H]12,30.3
31197684,[H][C@]12CCO[C@]1([H])C1=C(O[C@@H]2\C(C)=C\C)C(C)=CC=C1,C/C=C(\C)[C@H]1Oc2c(C)cccc2[C@H]2OCC[C@H]12,-13.5
31197697,[H][C@]12CCO[C@]1([H])C1=C(O[C@@H]2\C(C)=C\C)C=CC(F)=C1,C/C=C(\C)[C@H]1Oc2ccc(F)cc2[C@H]2OCC[C@H]12,28.8
31197700,[H][C@]12C[C@@H](C)O[C@]1([H])C1=C(O[C@@H]2\C(C)=C\C)C=CC=C1,C/C=C(\C)[C@H]1Oc2ccccc2[C@H]2O[C@H](C)C[C@H]12,12.9
31213109,CC[C@H](C)[C@H](O)[C@H](C)C(=O)OC,CC[C@H](C)[C@H](O)[C@H](C)C(=O)OC,4.8
31221973,[H][C@]1(O[C@H]1CO)[C@]1([H])O[C@H]1C=C,C=C[C@@H]1O[C@H]1[C@@H]1O[C@H]1CO,-15.8
31221980,[H][C@]1(O[C@H]1C=C)[C@H](O)C=C,C=C[C@@H](O)[C@@H]1O[C@H]1C=C,-12.35
31221981,[H][C@]1(O[C@H]1C=C)[C@@H](C)O[Si](C)(C)C(C)(C)C,C=C[C@@H]1O[C@H]1[C@@H](C)O[Si](C)(C)C(C)(C)C,35.2
31221983,[H][C@]1(O[C@H]1CO[Si](C)(C)C(C)(C)C)[C@H](O)C=C,C=C[C@@H](O)[C@@H]1O[C@H]1CO[Si](C)(C)C(C)(C)C,-33.1
31221994,[H][C@]1(O[C@@]1([H])[C@H](C)O)C=C[C@@H]1O[C@@]1([H])[C@H](O)C=C,C=C[C@@H](O)[C@@H]1O[C@H]1C=C[C@@H]1O[C@H]1[C@H](C)O,33.3
31221997,[H][C@@]1(O[C@@H]1CO)[C@@]1([H])O[C@@H]1C=C,C=C[C@H]1O[C@@H]1[C@H]1O[C@@H]1CO,23.3
31222004,[H][C@@]1(O[C@]1([H])[C@H](C)O)C=C[C@H]1O[C@]1([H])[C@@H](O)C=C,C=C[C@H](O)[C@H]1O[C@@H]1C=C[C@H]1O[C@@H]1[C@H](C)O,35.6
31222006,CC(C)(C)[Si](C)(C)OC[C@@H]1O[C@H]1C=CC=O,CC(C)(C)[Si](C)(C)OC[C@@H]1O[C@H]1C=CC=O,-24.8
31222007,CC(C)(C)[Si](C)(C)OC[C@@H]1O[C@H]1C=CCO,CC(C)(C)[Si](C)(C)OC[C@@H]1O[C@H]1C=CCO,-31.8
31303784,[H][C@@]12[C@H](C)[C@H](O)N(C(C)=O)[C@]1([H])C(=O)C1=CC=CC=C21,CC(=O)N1[C@@H]2C(=O)c3ccccc3[C@@H]2[C@H](C)[C@@H]1O,-240.6
31303785,[H][C@@]12[C@H](C)C(=O)N(C(C)=O)[C@]1([H])C(=O)C1=CC=CC=C21,CC(=O)N1C(=O)[C@@H](C)[C@H]2c3ccccc3C(=O)[C@H]21,-116.5
31303811,[H][C@@]12CC3=CC=CC=C3[C@]1([H])[C@H](C)CN2C(C)=O,CC(=O)N1C[C@@H](C)[C@H]2c3ccccc3C[C@H]21,-312.7
31303812,[H][C@@]12CC3=CC=CC=C3[C@]1([H])[C@H](C)C(=O)N2C(C)=O,CC(=O)N1C(=O)[C@@H](C)[C@H]2c3ccccc3C[C@H]21,-162.1
31303813,[H][C@@]12CC3=CC=CC=C3[C@]1([H])[C@H](C)C(=O)N2,C[C@@H]1C(=O)N[C@@H]2Cc3ccccc3[C@H]12,-104.8
31303815,[H][C@]12NC(=O)[C@@H](C)[C@@]1([H])C1=CC=CC=C1[C@H]2O,C[C@@H]1C(=O)N[C@H]2[C@@H]1c1ccccc1[C@H]2O,-61.4
31303816,[H][C@]12NC(=O)[C@@H](C)[C@@]1([H])C1=CC=CC=C1[C@@H]2O,C[C@@H]1C(=O)N[C@H]2[C@@H]1c1ccccc1[C@@H]2O,-274.6
31324203,CC(C)N1C[C@@](C)(CCC(C)=O)C(=O)C1=O,CC(=O)CC[C@]1(C)CN(C(C)C)C(=O)C1=O,18.7
31361619,CSC1=CC=C(C=C1)[S@](=O)C1=CC=CC=C1,CSc1ccc([S@](=O)c2ccccc2)cc1,59.1
31361634,FC1=CC=C(C=C1)[S@@](=O)C1=CC=CC=C1,O=[S@@](c1ccccc1)c1ccc(F)cc1,-10.7
31361637,O=[S@@](C1=CC=CC=C1)C1=CC=C2N=CC=CC2=C1,O=[S@@](c1ccccc1)c1ccc2ncccc2c1,-34.5
31361638,O=[S@@](C1=CC=CC=C1)C1=CC=CN=C1,O=[S@@](c1ccccc1)c1cccnc1,-33.8
31380601,CC(C)C[C@@]1(C)COCC(=C1)C1=CC=CC=C1,CC(C)C[C@]1(C)C=C(c2ccccc2)COC1,6.2
31380602,CCCC[C@@]1(C)COCC(=C1)C1=CC=CC=C1,CCCC[C@]1(C)C=C(c2ccccc2)COC1,5.2
31415130,O=C([C@H]1CO1)C1CCOCC1,O=C(C1CCOCC1)[C@H]1CO1,62.8
31415131,CC(C)(C)OC(=O)N1CCC(CC1)C(=O)[C@H]1CO1,CC(C)(C)OC(=O)N1CCC(C(=O)[C@H]2CO2)CC1,39.0
31427834,CC(C)C[C@H](CC=O)N1C(=O)CCC1=O,CC(C)C[C@H](CC=O)N1C(=O)CCC1=O,30.0
31427835,CCCCC[C@H](CC=O)N1C(=O)CCC1=O,CCCCC[C@H](CC=O)N1C(=O)CCC1=O,26.3
31427836,C[C@H](CC=O)N1C(=O)C=CC1=O,C[C@H](CC=O)N1C(=O)C=CC1=O,12.6
31427837,CC(C)[C@H](CC=O)N1C(=O)CCC1=O,CC(C)[C@H](CC=O)N1C(=O)CCC1=O,15.5
31433392,COC(=O)C(C)(C)[C@H](C=C)C1=CN=CS1,C=C[C@H](c1cncs1)C(C)(C)C(=O)OC,-30.8
31433395,COC(=O)C1(CCOCC1)[C@H](C=C)\C=C\C,C=C[C@H](/C=C/C)C1(C(=O)OC)CCOCC1,-8.2
31433397,CCOC(=O)C(C)(C)[C@H](C=C)C1=CC=CC=C1,C=C[C@H](c1ccccc1)C(C)(C)C(=O)OCC,-44.6
31433448,COC(=O)C(C)(C)[C@H](C=C)C1=CC=C(C)C=C1,C=C[C@H](c1ccc(C)cc1)C(C)(C)C(=O)OC,-59.6
31433449,COC(=O)C(C)(C)[C@H](C=C)C1=CC=C(OC)C=C1,C=C[C@H](c1ccc(OC)cc1)C(C)(C)C(=O)OC,-50.7
31433451,COC(=O)C(C)(C)[C@H](C=C)C1=CC(F)=CC=C1,C=C[C@H](c1cccc(F)c1)C(C)(C)C(=O)OC,-37.8
31433452,COC(=O)C(C)(C)[C@H](C=C)C1=CC=C(Cl)C=C1,C=C[C@H](c1ccc(Cl)cc1)C(C)(C)C(=O)OC,-52.7
31433457,COC(=O)C(C)(C)[C@H](C=C)C1=CC=CN=C1,C=C[C@H](c1cccnc1)C(C)(C)C(=O)OC,-65.5
31433458,COC(=O)C(C)(C)[C@H](C=C)C1=COC=C1,C=C[C@H](c1ccoc1)C(C)(C)C(=O)OC,-40.4
31433459,CC(C)(CO)[C@H](C=C)C1=COC=C1,C=C[C@H](c1ccoc1)C(C)(C)CO,-46.0
31433460,COC(=O)C(C)(C)[C@H](C=C)C1=CC=CS1,C=C[C@H](c1cccs1)C(C)(C)C(=O)OC,-48.9
31530077,C\C=C\C=C\CCC[C@@H](C)C=O,C/C=C/C=C/CCC[C@@H](C)C=O,-15.0
31555209,C\C=C\C=C\CCC[C@H](C)C=O,C/C=C/C=C/CCC[C@H](C)C=O,15.0
31559245,CC[C@@H]1NC(=O)S[C@H]1C(=O)C1=CC=CC=C1,CC[C@@H]1NC(=O)S[C@H]1C(=O)c1ccccc1,-282.3
31560938,COC(=O)[C@@H]1CC(C)=CC[C@H]1C(C)=O,COC(=O)[C@@H]1CC(C)=CC[C@H]1C(C)=O,-124.9
31560942,COC(=O)[C@@H]1CC(C)=C(C)C[C@H]1C(C)=O,COC(=O)[C@@H]1CC(C)=C(C)C[C@H]1C(C)=O,-121.6
31560947,[H][C@@]12CC[C@@]([H])(C=C1)[C@H]([C@@H]2C(C)=O)C(=O)OC,COC(=O)[C@H]1[C@H](C(C)=O)[C@H]2C=C[C@@H]1CC2,-3.9
31662170,[H][C@]12C(=O)[C@](C)(CC)C(=O)[C@@]1([H])[C@]1(O)C=C[C@@]2([H])OC1=O,CC[C@@]1(C)C(=O)[C@H]2[C@@H](C1=O)[C@]1(O)C=C[C@H]2OC1=O,-3.5
31749607,C[C@]12CC(=O)O[C@@]1(CCl)C(C)(C)CC[C@@H]2O,CC1(C)CC[C@H](O)[C@@]2(C)CC(=O)O[C@@]12CCl,4.33
31751914,C[C@@H]1OC2=C(C=CC=C2)[C@H]1NC(=O)OC(C)(C)C,C[C@@H]1Oc2ccccc2[C@H]1NC(=O)OC(C)(C)C,-19.1
31770882,O=C1CCC[C@]1(CC1=CC=CC=C1)C1=CC=CC=C1,O=C1CCC[C@]1(Cc1ccccc1)c1ccccc1,-26.7
31793644,CC(C)C(=O)N[C@H]1CCCC[C@@H]1N(C)C,CC(C)C(=O)N[C@H]1CCCC[C@@H]1N(C)C,43.4
31793842,O[C@H](CN(=O)=O)C1=CC(OC(F)(F)F)=CC=C1,O=[N+]([O-])C[C@@H](O)c1cccc(OC(F)(F)F)c1,22.0
31899278,CCOC(=O)C1=CC=C(C)[C@]2(C)C(=O)CC[C@]12O,CCOC(=O)C1=CC=C(C)[C@]2(C)C(=O)CC[C@]12O,13.6
31931005,CC(C)[C@H]1CC(C)=C(C)CO1,CC1=C(C)C[C@H](C(C)C)OC1,163.2
31931006,CC(C)C[C@H]1CC(C)=C(C)CO1,CC1=C(C)C[C@H](CC(C)C)OC1,64.4
31931007,CCCC[C@H]1CC(C)=C(C)CO1,CCCC[C@H]1CC(C)=C(C)CO1,66.1
31931008,CC1=C(C)C[C@H](CCC2=CC=CC=C2)OC1,CC1=C(C)C[C@H](CCc2ccccc2)OC1,80.2
31931009,C[C@@H]([C@H]1CC(C)=C(C)CO1)C1=CC=CC=C1,CC1=C(C)C[C@H]([C@H](C)c2ccccc2)OC1,46.6
31931010,C[C@H]([C@H]1CC(C)=C(C)CO1)C1=CC=CC=C1,CC1=C(C)C[C@H]([C@@H](C)c2ccccc2)OC1,67.2
31931011,CCCCCCCCC[C@H]1CC(C)=C(C)CO1,CCCCCCCCC[C@H]1CC(C)=C(C)CO1,118.0
31931014,CC1=C(C)C[C@H](CCCCCCCCC=C)OC1,C=CCCCCCCCC[C@H]1CC(C)=C(C)CO1,59.5
31931017,CC(C)C[C@H]1CC(C)=CCO1,CC1=CCO[C@@H](CC(C)C)C1,31.3
31931022,CCCCCC[C@@H]1O[C@H](CC=C1)C1=CC=CC=C1,CCCCCC[C@H]1C=CC[C@H](c2ccccc2)O1,142.0
31931023,C1CCC(CC1)[C@@H]1O[C@H](CC=C1)C1=CC=CC=C1,C1=C[C@H](C2CCCCC2)O[C@@H](c2ccccc2)C1,161.0
31931024,C1CCC(CC1)[C@H]1O[C@H](CC=C1)C1=CC=CC=C1,C1=C[C@@H](C2CCCCC2)O[C@@H](c2ccccc2)C1,39.0
32001260,C[C@H](O)CN1C(C)=C(C)C2=C1C=CC=C2,Cc1c(C)n(C[C@H](C)O)c2ccccc12,10.3
32068649,C[C@@H](O)CN1C=CC2=C1C=CC(=C2)N(=O)=O,C[C@@H](O)Cn1ccc2cc([N+](=O)[O-])ccc21,-20.7
32068650,C[C@H](O)CN1C=CC2=C1C=CC(=C2)N(=O)=O,C[C@H](O)Cn1ccc2cc([N+](=O)[O-])ccc21,12.3
32068654,C[C@H](CN1C=C(C)C2=C1C=CC=C2)OC(C)=O,CC(=O)O[C@H](C)Cn1cc(C)c2ccccc21,-10.0
32068658,C[C@H](CN1C(C)=C(C)C2=C1C=CC=C2)OC(C)=O,CC(=O)O[C@H](C)Cn1c(C)c(C)c2ccccc21,-6.8
32104925,O[C@H](CC1=CC=CC=C1)[C@H](O)CN(=O)=O,O=[N+]([O-])C[C@@H](O)[C@H](O)Cc1ccccc1,-25.4
32104941,O[C@H](CC1=CC=CC=C1)[C@@H](O)CN(=O)=O,O=[N+]([O-])C[C@H](O)[C@H](O)Cc1ccccc1,-8.2
32126268,C[C@@H](N)C(\C)=C\C1=CN=CC=C1,C/C(=C\c1cccnc1)[C@@H](C)N,-5.2
32236917,COC1=CC=C(C=C2CCC[C@H]2O)C=C1,COc1ccc(C=C2CCC[C@H]2O)cc1,3.8
32236919,COC1=CC=C(C=C2CCC[C@@H]2O)C=C1,COc1ccc(C=C2CCC[C@@H]2O)cc1,-9.9
32236928,O[C@H]1CCCC1=CC1=CC=C(Cl)C=C1,O[C@H]1CCCC1=Cc1ccc(Cl)cc1,-31.9
32247853,[H][C@]12C[C@H](C[C@@H](CO)[C@@]1([H])N2)OC(=O)C1=CC=CC=C1,O=C(O[C@H]1C[C@@H](CO)[C@H]2N[C@H]2C1)c1ccccc1,21.6
32388278,CCC1=CN([C@@H]2CC=CO2)C(=O)NC1=O,CCc1cn([C@@H]2CC=CO2)c(=O)[nH]c1=O,-188.46
32388298,CCC\C=C\CO[C@@H](C=C)N1C=CC(N)=NC1=O,C=C[C@H](OC/C=C/CCC)n1ccc(N)nc1=O,-32.44
32388313,C1C=CO[C@H]1OC1CCCCC1,C1=CO[C@@H](OC2CCCCC2)C1,-212.39
32455574,COC(=O)CC[C@H]1C[C@@H]1CC[C@H](O)CCO,COC(=O)CC[C@H]1C[C@@H]1CC[C@H](O)CCO,7.65
32466438,[H][C@]12CC3(CCCCC3)[C@@]1([H])CCCC2=O,O=C1CCC[C@H]2[C@@H]1CC21CCCCC1,91.7
32466441,[H][C@]12CC3(CCCCCC3)[C@@]1([H])CCCC2=O,O=C1CCC[C@H]2[C@@H]1CC21CCCCCC1,105.0
32466447,[H][C@]12CC3(CCOCC3)[C@@]1([H])CCCC2=O,O=C1CCC[C@H]2[C@@H]1CC21CCOCC1,136.0
32466450,[H][C@]12CC(Cl)(Cl)[C@@]1([H])CCCC2=O,O=C1CCC[C@H]2[C@@H]1CC2(Cl)Cl,112.0
32466454,[H][C@]12CC(CCl)(CCl)[C@@]1([H])CCCC2=O,O=C1CCC[C@H]2[C@@H]1CC2(CCl)CCl,142.0
32466468,[H][C@@]12CC[C@]1([H])C(=O)CC(C)(C)C2,CC1(C)CC(=O)[C@H]2CC[C@H]2C1,187.0
32466471,[H][C@]12CC(C)(C)[C@@]1([H])CC(C)(C)CC2=O,CC1(C)CC(=O)[C@H]2CC(C)(C)[C@H]2C1,228.0
32466475,[H][C@]12CC(CC)(CC)[C@@]1([H])CC(C)(C)CC2=O,CCC1(CC)C[C@@H]2C(=O)CC(C)(C)C[C@@H]21,202.0
32466477,[H][C@]12CC[C@@]1(C)CC(C)(C)CC2=O,CC1(C)CC(=O)[C@H]2CC[C@@]2(C)C1,169.0
32466479,[H][C@]12CC(Cl)(Cl)[C@@]1(C)CC(C)(C)CC2=O,CC1(C)CC(=O)[C@H]2CC(Cl)(Cl)[C@@]2(C)C1,135.0
32466486,[H][C@]12CC[C@@]1(CC)CCCC2=O,CC[C@]12CCCC(=O)[C@H]1CC2,110.0
32466488,[H][C@]12CC[C@@]1(C)CC=C[C@@]2(C)O,C[C@]12CC=C[C@@](C)(O)[C@H]1CC2,109.0
32843128,C[C@@H](NC(=O)CNC(=O)CCC=C)C(O)=O,C=CCCC(=O)NCC(=O)N[C@H](C)C(=O)O,5.21
32861501,C[C@@H]1CC\C=C(C)\CC\C=C(C)\COC(=O)C1,C/C1=C\CC[C@@H](C)CC(=O)OC/C(C)=C/CC1,36.1
32861726,CCCN1[C@@H](C=O)[C@@H](OC2=CC=CC=C2)C1=O,CCCN1C(=O)[C@H](Oc2ccccc2)[C@@H]1C=O,72.4
32932191,CO[C@@H]1CC(\C=N\N(C)C)=C[C@@H](OC)[C@H]1OC,CO[C@@H]1[C@H](OC)C=C(/C=N/N(C)C)C[C@H]1OC,-272.3
33230443,N[C@@H](C=C)C1=CC2=CC=CC=C2C2=CC=CC=C12,C=C[C@H](N)c1cc2ccccc2c2ccccc12,-19.2
33356756,CC1=C(O)C2=C(C=C1)C(C)(C)C[C@]2(C)CO,Cc1ccc2c(c1O)[C@@](C)(CO)CC2(C)C,-42.3
33370371,CC(C)[C@@H]1CC(=O)C2=CC=CC=C2S1,CC(C)[C@@H]1CC(=O)c2ccccc2S1,0.325
33370376,C[C@@H]1CC(=O)C2=C(S1)C=CC=C2,C[C@@H]1CC(=O)c2ccccc2S1,-61.485
33370378,COC1=CC=C2S[C@H](C)CC(=O)C2=C1,COc1ccc2c(c1)C(=O)C[C@@H](C)S2,-59.32
33370379,C[C@@H]1CC(=O)C2=C(C)C=CC=C2S1,Cc1cccc2c1C(=O)C[C@@H](C)S2,-188.18
33370380,C[C@@H]1CC(=O)C2=CC(C)=CC=C2S1,Cc1ccc2c(c1)C(=O)C[C@@H](C)S2,-46.635
33370381,C[C@@H]1CC(=O)C2=CC=C(C)C=C2S1,Cc1ccc2c(c1)S[C@H](C)CC2=O,-93.56
33370382,C[C@@H]1CC(=O)C2=CC=CC(C)=C2S1,Cc1cccc2c1S[C@H](C)CC2=O,-129.415
33370385,C[C@@H]1CC(=O)C2=CC(C)=C(C)C=C2S1,Cc1cc2c(cc1C)C(=O)C[C@@H](C)S2,-6.89
33370387,C[C@@H]1CC(=O)C2=CC(F)=CC=C2S1,C[C@@H]1CC(=O)c2cc(F)ccc2S1,-85.05
33370388,C[C@@H]1CC(=O)C2=CC=C(F)C=C2S1,C[C@@H]1CC(=O)c2ccc(F)cc2S1,-117.1
33370389,C[C@@H]1CC(=O)C2=CC(Cl)=CC=C2S1,C[C@@H]1CC(=O)c2cc(Cl)ccc2S1,-106.13
33370396,CC(C)(C)[C@H]1CC(=O)C2=CC=CC=C2S1,CC(C)(C)[C@H]1CC(=O)c2ccccc2S1,-0.87
33433642,O=[S@@](CCCN=N#N)C1=CC=CC=C1,[N-]=[N+]=NCCC[S@](=O)c1ccccc1,-0.92
33611126,[H][C@]12CC(=O)C(C[C@]1(C)[C@@H](C)CCC2=O)=C(C)C,CC(C)=C1C[C@@]2(C)[C@H](CC1=O)C(=O)CC[C@@H]2C,-8.0
33611129,[H][C@@]12CC(=O)C(C[C@]1(C)[C@@H](C)CCC2=O)=C(C)C,CC(C)=C1C[C@]2(C)[C@@H](C)CCC(=O)[C@@H]2CC1=O,-24.0
33611130,C[C@H]1CCC(=O)[C@]2(O)CC(=O)C(C[C@]12C)=C(C)C,CC(C)=C1C[C@]2(C)[C@@H](C)CCC(=O)[C@]2(O)CC1=O,9.0
33611133,[H][C@@]12CC(=O)C(C[C@]1(C)[C@@H](C)CC[C@@H]2O)=C(C)C,CC(C)=C1C[C@]2(C)[C@@H](C)CC[C@H](O)[C@@H]2CC1=O,42.0
33611134,[H][C@]12C[C@@H](O)[C@@H](C[C@]1(C)[C@@H](C)CCC2=O)C(C)C,CC(C)[C@@H]1C[C@@]2(C)[C@H](C[C@H]1O)C(=O)CC[C@@H]2C,-64.0
33611136,[H][C@]12CC(=O)[C@@H](C[C@]1(C)[C@@H](C)CC[C@H]2O)C(C)C,CC(C)[C@@H]1C[C@@]2(C)[C@H](CC1=O)[C@H](O)CC[C@@H]2C,-452.0
33611144,[H][C@]12CC(=O)[C@@H](C[C@]1(C)[C@@H](C)CCC2=O)C(C)C,CC(C)[C@@H]1C[C@@]2(C)[C@H](CC1=O)C(=O)CC[C@@H]2C,-41.0
33611145,[H][C@]12CC(=O)[C@@H](C[C@]1(C)[C@@H](C)CCC2=O)C(C)(C)O,C[C@H]1CCC(=O)[C@H]2CC(=O)[C@H](C(C)(C)O)C[C@@]21C,-28.0
33611146,[H][C@]12CC(=O)[C@@H](C[C@]1(C)[C@@H](C)[C@H](O)CC2=O)C(C)C,CC(C)[C@@H]1C[C@@]2(C)[C@H](CC1=O)C(=O)C[C@@H](O)[C@@H]2C,-47.0
33611148,[H][C@]12CC(=O)[C@](O)(C[C@]1(C)[C@@H](C)CCC2=O)C(C)C,CC(C)[C@@]1(O)C[C@@]2(C)[C@H](CC1=O)C(=O)CC[C@@H]2C,54.0
33611149,[H][C@]12CC(=O)[C@@](O)(C[C@]1(C)[C@@H](C)CCC2=O)C(C)C,CC(C)[C@]1(O)C[C@@]2(C)[C@H](CC1=O)C(=O)CC[C@@H]2C,8.0
33832771,FC[C@H](F)C1=CC=C(C=C1)N(=O)=O,O=[N+]([O-])c1ccc([C@@H](F)CF)cc1,-17.2
33832824,FC[C@@H](F)C1=CC=C(C=C1)N(=O)=O,O=[N+]([O-])c1ccc([C@H](F)CF)cc1,19.6
33832825,FC[C@@H](F)C1=CC(=CC=C1)N(=O)=O,O=[N+]([O-])c1cccc([C@H](F)CF)c1,21.7
33832826,FC[C@@H](F)C1=C(C=CC=C1)N(=O)=O,O=[N+]([O-])c1ccccc1[C@H](F)CF,-115.0
33832827,FC[C@@H](F)C1=CC=C(C=C1)C#N,N#Cc1ccc([C@H](F)CF)cc1,28.4
33832828,FC[C@@H](F)C1=CC=CC(=C1)C#N,N#Cc1cccc([C@H](F)CF)c1,25.2
33832829,FC[C@@H](F)C1=CC=C(C=C1)C(F)(F)F,FC[C@@H](F)c1ccc(C(F)(F)F)cc1,13.1
33832837,FC[C@@H](F)C1=C(Cl)C=CC(=C1)N(=O)=O,O=[N+]([O-])c1ccc(Cl)c([C@H](F)CF)c1,15.2
33832838,FC[C@@H](F)C1=C(F)C=CC(=C1)N(=O)=O,O=[N+]([O-])c1ccc(F)c([C@H](F)CF)c1,6.1
33832840,FC[C@@H](F)C1=CC(F)=C(C=C1)C#N,N#Cc1ccc([C@H](F)CF)cc1F,20.1
33832845,FC[C@@H](F)C1=CC=C(C=C1)C(=O)C(F)(F)F,O=C(c1ccc([C@H](F)CF)cc1)C(F)(F)F,16.7
33886031,[H][C@]12OCO[C@@H](C(=O)OC)[C@@]1([H])OCO[C@@H]2CCl,COC(=O)[C@@H]1OCO[C@H]2[C@@H]1OCO[C@@H]2CCl,37.9
33994262,CC[C@H](CN(=O)=O)\C=C\C1=CC=C(Cl)C=C1,CC[C@@H](/C=C/c1ccc(Cl)cc1)C[N+](=O)[O-],-48.7
33994263,CC[C@H](CN(=O)=O)\C=C\C1=CC=CC(Cl)=C1,CC[C@@H](/C=C/c1cccc(Cl)c1)C[N+](=O)[O-],-39.0
33994264,CC[C@H](CN(=O)=O)\C=C\C1=C(Cl)C=CC=C1,CC[C@@H](/C=C/c1ccccc1Cl)C[N+](=O)[O-],-38.8
33994265,CC[C@H](CN(=O)=O)\C=C\C1=CC=C(F)C=C1,CC[C@@H](/C=C/c1ccc(F)cc1)C[N+](=O)[O-],-36.6
33994266,CC[C@H](CN(=O)=O)\C=C\C1=CC=C(C)C=C1,CC[C@@H](/C=C/c1ccc(C)cc1)C[N+](=O)[O-],-56.1
33994267,CC[C@H](CN(=O)=O)\C=C\C1=CC=C(OC)C=C1,CC[C@@H](/C=C/c1ccc(OC)cc1)C[N+](=O)[O-],-51.3
33994268,CC[C@H](CN(=O)=O)\C=C\C1=CC=CC(OC)=C1,CC[C@@H](/C=C/c1cccc(OC)c1)C[N+](=O)[O-],-39.6
33994269,CC[C@H](CN(=O)=O)\C=C\C1=C(OC)C=CC=C1,CC[C@@H](/C=C/c1ccccc1OC)C[N+](=O)[O-],-35.7
33994270,CC[C@H](CN(=O)=O)\C=C\C1=CC=CO1,CC[C@@H](/C=C/c1ccco1)C[N+](=O)[O-],-47.9
33994272,CC[C@H](CN(=O)=O)\C=C\C1=CC2=CC=CC=C2C=C1,CC[C@@H](/C=C/c1ccc2ccccc2c1)C[N+](=O)[O-],-42.9
33994277,CCOC(=O)\C=C\[C@H](CC)CN(=O)=O,CCOC(=O)/C=C/[C@H](CC)C[N+](=O)[O-],-8.8
33994296,CC[C@H](CN(=O)=O)\C=C\C1=CC=CC=C1,CC[C@@H](/C=C/c1ccccc1)C[N+](=O)[O-],-60.1
34018250,CC(C)OC(=O)[C@](O)(CN(=O)=O)C1=CC=CO1,CC(C)OC(=O)[C@](O)(C[N+](=O)[O-])c1ccco1,3.1
34024064,CC[C@]1(C)CCCC(Cl)=C1C=O,CC[C@]1(C)CCCC(Cl)=C1C=O,14.0
34024065,C[C@@]1(CCCCO)CCCC(Cl)=C1C=O,C[C@@]1(CCCCO)CCCC(Cl)=C1C=O,18.0
34096843,[H][C@]12O[C@@]1([H])[C@@]1([H])C[C@]2([H])[C@]2([H])C=CC(=O)[C@]12[H],O=C1C=C[C@H]2[C@H]3C[C@H]([C@@H]4O[C@H]34)[C@@H]12,-200.8
34096847,[H][C@@]12CC[C@@]([H])(C1)[C@@]1([H])C(=O)C(CO)=C[C@@]21[H],O=C1C(CO)=C[C@H]2[C@@H]3CC[C@@H](C3)[C@@H]12,-126.5
34096848,[H][C@@]12CC[C@@]([H])(C1)[C@@]1([H])C(=O)C(=C[C@@]21[H])[Si](C)(C)C,C[Si](C)(C)C1=C[C@H]2[C@@H]3CC[C@@H](C3)[C@H]2C1=O,-142.0
34096871,[H][C@]12C[C@]([H])(C=C1)[C@@]1([H])C(=O)C(CCCCC)=C[C@@]21[H],CCCCCC1=C[C@@H]2[C@H](C1=O)[C@H]1C=C[C@@H]2C1,-37.6
34096872,[H][C@]12C[C@]([H])(C=C1)[C@@]1([H])C(=O)C(CCC(C)C)=C[C@@]21[H],CC(C)CCC1=C[C@@H]2[C@H](C1=O)[C@H]1C=C[C@@H]2C1,-58.0
34096873,[H][C@]12C[C@]([H])(C=C1)[C@@]1([H])C(=O)C(=C[C@@]21[H])C1CC1,O=C1C(C2CC2)=C[C@@H]2[C@H]1[C@H]1C=C[C@@H]2C1,-34.6
34096874,[H][C@]12C[C@]([H])(C=C1)[C@@]1([H])C(=O)C(=C[C@@]21[H])C1CCCCC1,O=C1C(C2CCCCC2)=C[C@@H]2[C@H]1[C@H]1C=C[C@@H]2C1,-42.5
34096875,[H][C@]12C[C@]([H])(C=C1)[C@@]1([H])C(=O)C(COC3=CC=CC=C3)=C[C@@]21[H],O=C1C(COc2ccccc2)=C[C@@H]2[C@H]1[C@H]1C=C[C@@H]2C1,-2.7
34096876,[H][C@]12C[C@]([H])(C=C1)[C@@]1([H])C(=O)C(COC)=C[C@@]21[H],COCC1=C[C@@H]2[C@H](C1=O)[C@H]1C=C[C@@H]2C1,-70.0
34151892,CO[C@@]1(CC(C)=C)CNCC=C(C)C1,C=C(C)C[C@]1(OC)CNCC=C(C)C1,19.8
34151894,CO[C@@]1(CNCC=C1)C=C,C=C[C@]1(OC)C=CCNC1,52.1
34151898,OC[C@@]1(OCC=C1)C=C,C=C[C@]1(CO)C=CCO1,325.0
34151901,CC(=C)[C@]1(O)CNCC=C1C,C=C(C)[C@]1(O)CNCC=C1C,-10.5
34151905,CO[C@@]1(CC(C)=C)CNCC\C=C(C)/C1,C=C(C)C[C@]1(OC)CNCC/C=C(/C)C1,-69.9
34151906,CC(=C)C[C@]1(O)CNCC=C(C)C1,C=C(C)C[C@]1(O)CNCC=C(C)C1,-75.8
34151909,CO[C@@]1(CNCCC=C1)C=C,C=C[C@]1(OC)C=CCCNC1,-4.2
34157652,CC1=C(C)C2=CC(=O)[C@](C)(O)C(=O)C2=CO1,CC1=C(C)C2=CC(=O)[C@](C)(O)C(=O)C2=CO1,-21.9
34163321,[H][C@@]1(OC(C)(C)O[C@]1([H])[C@H](O)CC#C)[C@H](O)CO,C#CC[C@@H](O)[C@H]1OC(C)(C)O[C@@H]1[C@H](O)CO,20.0
34163323,[H][C@@]1(OC(C)(C)O[C@]1([H])[C@H](O)CC#C)[C@H](O)CN=N#N,C#CC[C@@H](O)[C@H]1OC(C)(C)O[C@@H]1[C@H](O)CN=[N+]=[N-],28.33
34274736,CC(=C)C[C@]1(CO)CC(C)=C(C)CO1,C=C(C)C[C@]1(CO)CC(C)=C(C)CO1,28.8
34274782,CC(=C)[C@@]1(CO)OCC=C1C,C=C(C)[C@@]1(CO)OCC=C1C,-136.5
34274783,CC(=C)[C@@]1(CO)OCC(C)=C1C,C=C(C)[C@@]1(CO)OCC(C)=C1C,-112.7
34274784,OC[C@@]1(CC=C)CC=CCO1,C=CC[C@]1(CO)CC=CCO1,42.2
34274785,CC(=C)C[C@]1(CO)CC(C)=CCO1,C=C(C)C[C@]1(CO)CC(C)=CCO1,37.7
34288293,O[C@H](CN=N#N)CC1=CC=C(C=C1)C1=CC=CC=C1,[N-]=[N+]=NC[C@@H](O)Cc1ccc(-c2ccccc2)cc1,-55.3
34290726,CCCC1=CCC[C@@H]1C(=O)C1=CC=CC=C1,CCCC1=CCC[C@@H]1C(=O)c1ccccc1,-19.6
34290727,CCC1=CCC[C@@H]1C(=O)C1=CC=CC=C1,CCC1=CCC[C@@H]1C(=O)c1ccccc1,-23.1
34290728,CCCCC1=CCC[C@@H]1C(=O)C1=CC=CC=C1,CCCCC1=CCC[C@@H]1C(=O)c1ccccc1,-31.4
34290729,CC(C)CC1=CCC[C@@H]1C(=O)C1=CC=CC=C1,CC(C)CC1=CCC[C@@H]1C(=O)c1ccccc1,-24.9
34290731,O=C([C@H]1CCC=C1C1=CC=CC=C1)C1=CC=CC=C1,O=C(c1ccccc1)[C@H]1CCC=C1c1ccccc1,-34.6
34290735,C=CCC1=CCC[C@@H]1C(=O)C1=CC=CC=C1,C=CCC1=CCC[C@@H]1C(=O)c1ccccc1,-1.5
34290736,CCCC1=CCC[C@@H]1C(=O)C1=C(OC)C=CC=C1,CCCC1=CCC[C@@H]1C(=O)c1ccccc1OC,-45.0
34290740,CCCC1=CCC[C@@]11CC2=C(C=CC=C2)C1=O,CCCC1=CCC[C@@]12Cc1ccccc1C2=O,-131.7
34290741,CCCC1=CCC[C@@]11CCC2=C(C=CC=C2)C1=O,CCCC1=CCC[C@@]12CCc1ccccc1C2=O,-12.3
34290742,CC1=CCC[C@@]11CCC2=C(C=CC=C2)C1=O,CC1=CCC[C@@]12CCc1ccccc1C2=O,-21.1
34290744,CCCC1=CCC[C@@H]1C(=O)C1=CC=CS1,CCCC1=CCC[C@@H]1C(=O)c1cccs1,-89.5
34290745,CCCC1=CCC[C@@H]1C(=O)C1=CC=CO1,CCCC1=CCC[C@@H]1C(=O)c1ccco1,-103.8
34290746,CCCC1=CCC[C@@H]1C(=O)CC,CCCC1=CCC[C@@H]1C(=O)CC,-189.3
34290747,CCCCC(=O)[C@H]1CCC=C1CCC,CCCCC(=O)[C@H]1CCC=C1CCC,-136.9
34290748,CCCC1=CCC[C@@]11CCCC1=O,CCCC1=CCC[C@@]12CCCC2=O,-42.5
34347506,NC1=NC=NC2=C1N=CN2[C@H]1CCC[C@H]1O,Nc1ncnc2c1ncn2[C@H]1CCC[C@H]1O,-39.86
34347507,COC1=NC=NC2=C1N=CN2[C@H]1CCC[C@@H]1F,COc1ncnc2c1ncn2[C@H]1CCC[C@@H]1F,12.6
34347512,COC1=NC=NC2=C1N=CN2[C@H]1CCC[C@@H]1N,COc1ncnc2c1ncn2[C@H]1CCC[C@@H]1N,34.18
34348212,CCOC(=O)[C@@H]1CSC=C2CCC(=O)N12,CCOC(=O)[C@@H]1CSC=C2CCC(=O)N21,-0.88
34348215,CCOC(=O)[C@@H]1CSC=C2CCCC(=O)N12,CCOC(=O)[C@@H]1CSC=C2CCCC(=O)N21,-13.7
34348232,CCOC(=O)[C@@H]1CS[C@@]2(C)CCC(=O)N12,CCOC(=O)[C@@H]1CS[C@@]2(C)CCC(=O)N12,44.7
34420200,COC(C[C@@H](C)CCC(=C)C(C)C)OC,C=C(CC[C@H](C)CC(OC)OC)C(C)C,-6.5
34420201,CC(C)C(=C)CC[C@H](C)CC=O,C=C(CC[C@H](C)CC=O)C(C)C,-17.0
34420202,CC(C)C(=C)CC[C@H](C)[C@H](CCC(C)=O)C=O,C=C(CC[C@H](C)[C@@H](C=O)CCC(C)=O)C(C)C,30.9
34420207,CC#CCC[C@H](C)[C@H](CCC(C)=O)C=O,CC#CCC[C@H](C)[C@@H](C=O)CCC(C)=O,32.9
34420216,COC(C[C@@H](C)CCC(=O)C(C)C)OC,COC(C[C@@H](C)CCC(=O)C(C)C)OC,-5.4
34466906,COC1=CC=C(OC[C@H](O)CN(=O)=O)C=C1,COc1ccc(OC[C@H](O)C[N+](=O)[O-])cc1,17.99
34466907,COC1=CC=C(OC[C@@H](O)CN(=O)=O)C=C1,COc1ccc(OC[C@@H](O)C[N+](=O)[O-])cc1,-21.78
34466912,O[C@@H](COC1=CC=C(C=C1)N(=O)=O)CN(=O)=O,O=[N+]([O-])C[C@@H](O)COc1ccc([N+](=O)[O-])cc1,8.79
34466913,O[C@H](COC1=CC=C(C=C1)N(=O)=O)CN(=O)=O,O=[N+]([O-])C[C@H](O)COc1ccc([N+](=O)[O-])cc1,-22.58
34552846,C=C[C@@H](NC1=NC=CS1)C1CCCCC1,C=C[C@@H](Nc1nccs1)C1CCCCC1,68.3
34552848,CC1=CN=C(N[C@H](C=C)C2CCCCC2)S1,C=C[C@@H](Nc1ncc(C)s1)C1CCCCC1,22.5
34552858,C=C[C@@H]1CCN2C(SC3=CC=CC=C23)=N1,C=C[C@@H]1CCN2C(=N1)Sc1ccccc12,80.7
34562526,C[C@@H]1CCC=C1CO,C[C@@H]1CCC=C1CO,-7.14
34565852,[H][C@]12C[C@]3([H])C(=O)CC(C)(C)C[C@]13CCC2,CC1(C)CC(=O)[C@H]2C[C@@H]3CCC[C@@]32C1,156.0
34565853,[H][C@]12C[C@]3([H])C(=O)CC[C@]13CCC2,O=C1CC[C@]23CCC[C@H]2C[C@H]13,292.0
34565854,[H][C@]12C[C@]3(C)CCC[C@]13CCCC2=O,C[C@@]12CCC[C@@]13CCCC(=O)[C@H]3C2,155.0
34565855,[H][C@@]12CCC[C@@]11CCCC(=O)[C@@]1([H])C2(C)C,CC1(C)[C@@H]2CCC[C@@]23CCCC(=O)[C@@H]13,140.0
34565857,[H][C@]12C[C@]3(C)CCC[C@]13CC(C)(C)CC2=O,CC1(C)CC(=O)[C@H]2C[C@]3(C)CCC[C@]23C1,228.0
34565858,[H][C@]12C[C@]3(C)CCC[C@]13CCC2=O,C[C@@]12CCC[C@@]13CCC(=O)[C@H]3C2,222.0
34565922,[H][C@]12C[C@]3([H])C(=O)CCC[C@]13CCC2,O=C1CCC[C@]23CCC[C@H]2C[C@H]13,156.0
34565924,[H][C@]12C[C@]3([H])C(=O)CCC[C@]13CC(C)(C)C2,CC1(C)C[C@H]2C[C@@H]3C(=O)CCC[C@]23C1,97.7
34622341,C[C@H](C=C)[C@@]1(N)C(=O)N(C)C2=CC=CC=C12,C=C[C@@H](C)[C@@]1(N)C(=O)N(C)c2ccccc21,-134.7
34674861,O=N(=O)C1=CC2=CC=CN2[C@H]1C1=CC=CC=C1,O=[N+]([O-])C1=Cc2cccn2[C@H]1c1ccccc1,250.0
34674864,O=N(=O)[C@@H]1CC2=CC=CN2[C@@H]1C1=CC=CC=C1,O=[N+]([O-])[C@@H]1Cc2cccn2[C@@H]1c1ccccc1,10.0
34674866,FC1=CC=C(C=C1)[C@@H]1[C@@H](CC2=CC=CN12)N(=O)=O,O=[N+]([O-])[C@@H]1Cc2cccn2[C@@H]1c1ccc(F)cc1,132.0
34712436,[H][C@]12CCC[C@@H](O)[C@@]1([H])NC(=O)O2,O=C1N[C@@H]2[C@H](O)CCC[C@@H]2O1,-58.5
34712437,[H][C@@]12CCCCC[C@H](O)[C@]1([H])NC(=O)O2,O=C1N[C@H]2[C@@H](O)CCCCC[C@H]2O1,-28.1
34712439,CC(=O)O[C@H]1CCCCCC=C1,CC(=O)O[C@@H]1C=CCCCCC1,-14.3
34712440,[H][C@]12C[C@H](OC(C)=O)C=C[C@@]1([H])OC(C)(C)O2,CC(=O)O[C@@H]1C=C[C@H]2OC(C)(C)O[C@H]2C1,-13.2
34721096,[H][C@]12CO[C@]([H])(O1)[C@@H](O)[C@@H](C2)C1=CC=CC=C1,O[C@@H]1[C@@H]2OC[C@H](C[C@H]1c1ccccc1)O2,-78.0
34721144,[H][C@]12CO[C@]([H])(O1)[C@@H](O)\C(C2)=C/C1=CC=CC=C1,O[C@H]1/C(=C\c2ccccc2)C[C@H]2CO[C@@H]1O2,-98.0
34721171,[H][C@]12CO[C@]([H])(O1)[C@@H](O)C(=C2)C1=CC=CC=C1,O[C@H]1C(c2ccccc2)=C[C@H]2CO[C@@H]1O2,-165.0
34721176,[H][C@]12CO[C@]([H])(O1)[C@H](O)[C@@H](C2)C1=CC=CC=C1,O[C@H]1[C@@H]2OC[C@H](C[C@H]1c1ccccc1)O2,-63.0
34735228,CC[C@H](NC1CCCCC1)C1=CC=CC=C1,CC[C@H](NC1CCCCC1)c1ccccc1,-17.4
34735232,C[C@H](N(C1CCCC1)C(C)=O)C1=CC=CC=C1,CC(=O)N(C1CCCC1)[C@@H](C)c1ccccc1,-27.5
34736815,CC(C)[C@@H](C)NS(=O)(=O)C1=NC=CC=C1,CC(C)[C@@H](C)NS(=O)(=O)c1ccccn1,10.0
34833301,COC(=O)CC(=O)C[C@@H]1CCCN1C,COC(=O)CC(=O)C[C@@H]1CCCN1C,-70.0
34837249,[H][C@]12CC[C@@H](C)[C@@]3([H])CC=C4CO[C@@]([H])([C@H]1C)[C@@]4([H])[C@@]23[H],C[C@H]1[C@@H]2CC[C@@H](C)[C@H]3CC=C4CO[C@@H]1[C@H]4[C@@H]23,-30.0
34837256,[H][C@]12CC[C@@H](C)[C@@]3([H])CC[C@@]4([H])C(=O)O[C@@]([H])([C@@H]1C)[C@@]4([H])[C@@]23[H],C[C@@H]1[C@@H]2CC[C@@H](C)[C@H]3CC[C@H]4C(=O)O[C@@H]1[C@H]4[C@@H]23,-36.0
34859372,[H][C@]12OC(C)(C)O[C@@]1([H])[C@H](C=C[C@H]2O)N=N#N,CC1(C)O[C@@H]2[C@H](O1)[C@H](O)C=C[C@@H]2N=[N+]=[N-],-37.5
34859375,[H][C@@]12OC(C)(C)O[C@]1([H])C(=O)C=C[C@H]2N=N#N,CC1(C)O[C@@H]2[C@H](O1)C(=O)C=C[C@H]2N=[N+]=[N-],-190.0
34859376,[H][C@@]12OC(C)(C)OC1=CC=C[C@@H]2O,CC1(C)OC2=CC=C[C@H](O)[C@@H]2O1,416.0
34859377,[H][C@@]12OC(C)(C)O[C@]1([H])C(=O)CC[C@H]2N=N#N,CC1(C)O[C@@H]2[C@H](O1)C(=O)CC[C@H]2N=[N+]=[N-],-75.0
34859385,[H][C@@]12OC(C)(C)O[C@@]1([H])[C@@H](O)[C@H](C=C2)N=N#N,CC1(C)O[C@H]2[C@@H](O)[C@@H](N=[N+]=[N-])C=C[C@@H]2O1,-153.4
34871031,C[C@H]1CC2=C(C3=CC=CC=C3N2C=C1)N(=O)=O,C[C@@H]1C=Cn2c(c([N+](=O)[O-])c3ccccc32)C1,-242.2
34871032,CC[C@H]1CC2=C(C3=CC=CC=C3N2C=C1)N(=O)=O,CC[C@@H]1C=Cn2c(c([N+](=O)[O-])c3ccccc32)C1,-163.2
34907204,CC=C(C)C(=O)O[C@H]1C=CC(=O)O[C@H]1CO,CC=C(C)C(=O)O[C@H]1C=CC(=O)O[C@H]1CO,285.0
34926076,CC[C@@]1(CCC(O)=O)CC(C)(C)CCC1=O,CC[C@@]1(CCC(=O)O)CC(C)(C)CCC1=O,8.2
34987880,[H][C@@]12OC(C)(C)O[C@]1([H])C(=O)C=C[C@@H]2N=N#N,CC1(C)O[C@H]2[C@@H](N=[N+]=[N-])C=CC(=O)[C@H]2O1,183.0
34987887,[H][C@]12OC(C)(C)O[C@@]1([H])[C@@H](C=C[C@H]2O)N=N#N,CC1(C)O[C@@H]2[C@H](O1)[C@H](O)C=C[C@H]2N=[N+]=[N-],-213.0
35038749,CC(C)C[C@H]1COC(=N1)C1=CN(N=N1)C(C)(C)C,CC(C)C[C@H]1COC(c2cn(C(C)(C)C)nn2)=N1,-41.1
35038750,CC(C)(C)[C@H]1COC(=N1)C1=CN(N=N1)C(C)(C)C,CC(C)(C)[C@H]1COC(c2cn(C(C)(C)C)nn2)=N1,-46.9
35046333,[H][C@]12CC[C@@H](C)[C@@]3([H])CC[C@@]4([H])C(=O)O[C@@]([H])([C@H]1C)[C@@]4([H])[C@@]23[H],C[C@H]1[C@@H]2CC[C@@H](C)[C@H]3CC[C@H]4C(=O)O[C@@H]1[C@H]4[C@@H]23,-24.0
35046337,[H][C@]12C[C@]3([H])[C@H](C)CC[C@@]4([H])[C@H](C)[C@]5([H])OC(=O)[C@@]1(O2)[C@]5([H])[C@]34[H],C[C@H]1[C@@H]2CC[C@@H](C)[C@H]3C[C@@H]4O[C@@]45C(=O)O[C@@H]1[C@H]5[C@@H]23,-21.0
35046345,[H][C@]12CC[C@@H](C)[C@@]3([H])CC=C(C=O)[C@@]([H])([C@@H](O)[C@H]1C)[C@@]23[H],C[C@@H]1[C@H](O)[C@@H]2C(C=O)=CC[C@H]3[C@@H]2[C@H]1CC[C@H]3C,-46.0
35067496,[H][C@]12CC3=CNC4=C3C(=CC=C4)[C@]11C[C@]1(C)CN2C,CN1C[C@@]2(C)C[C@]23c2cccc4[nH]cc(c24)C[C@H]13,44.3
35143077,CCC1=CC=C(C[C@H]2COC(C)(C)O2)O1,CCc1ccc(C[C@H]2COC(C)(C)O2)o1,-2.1
35170499,CCC[C@@H](C=C)C1=NC=C(C2CC2)C2=CC=CC=C12,C=C[C@H](CCC)c1ncc(C2CC2)c2ccccc12,-12.8
35170506,C=C[C@H](C1CCCCC1)C1=NC=CC2=CC=CC=C12,C=C[C@@H](c1nccc2ccccc12)C1CCCCC1,-2.5
35170507,C=C1CCCC[C@@H]1C1=NC=CC2=CC=CC=C12,C=C1CCCC[C@@H]1c1nccc2ccccc12,2.5
35170508,C=C[C@H](C1=CC=CC=C1)C1=NC=CC2=CC=CC=C12,C=C[C@H](c1ccccc1)c1nccc2ccccc12,-4.9
35170513,CCC[C@@H](C=C)C1=NC=CC2=CC=CC=C12,C=C[C@H](CCC)c1nccc2ccccc12,-2.8
35170514,CCC[C@@H](C=C)C1=NC2=CC=CC=C2C=C1,C=C[C@H](CCC)c1ccc2ccccc2n1,12.2
35170516,CCC[C@@H](C=C)C1=NC2=CC=C(C)C=C2C=C1,C=C[C@H](CCC)c1ccc2cc(C)ccc2n1,32.6
35170518,CCC[C@@H](C=C)C1=NC2=C(OC)C=CC=C2C=C1,C=C[C@H](CCC)c1ccc2cccc(OC)c2n1,-6.9
35170520,C=C[C@H](C1CCCCC1)C1=NC2=CC=CC=C2C=C1,C=C[C@@H](c1ccc2ccccc2n1)C1CCCCC1,28.2
35170522,CCC[C@@H](C=C)C1=NC(=CC=C1)C1=CC=CC=C1,C=C[C@H](CCC)c1cccc(-c2ccccc2)n1,14.3
35170523,CCC[C@@H](C=C)C1=NC=CC(=C1)C1=CC=CC=C1,C=C[C@H](CCC)c1cc(-c2ccccc2)ccn1,15.7
35177004,COCO[C@@H]1C=C[C@@H](O[C@H]1C)C1=CC=CC(C)=C1,COCO[C@@H]1C=C[C@H](c2cccc(C)c2)O[C@H]1C,60.9
35177015,COCO[C@@H]1C=C[C@@H](O[C@H]1C)C1=CC=C(O)C=C1,COCO[C@@H]1C=C[C@H](c2ccc(O)cc2)O[C@H]1C,16.9
35351375,C#C[C@@H](ON=CC1=CC=CC=C1)C1=CC=CS1,C#C[C@@H](ON=Cc1ccccc1)c1cccs1,18.0
35351376,C#C[C@@H](ON=CC1=CC=CC=C1)C1CCCCC1,C#C[C@@H](ON=Cc1ccccc1)C1CCCCC1,11.3
35351378,CC1=CC(C=NO[C@H](C#C)C2=CC=CC=C2)=CC=C1,C#C[C@@H](ON=Cc1cccc(C)c1)c1ccccc1,5.1
35351379,CC1=CC=C(C=NO[C@H](C#C)C2=CC=CC=C2)C=C1,C#C[C@@H](ON=Cc1ccc(C)cc1)c1ccccc1,4.5
35351380,FC1=CC=C(C=NO[C@H](C#C)C2=CC=CC=C2)C=C1,C#C[C@@H](ON=Cc1ccc(F)cc1)c1ccccc1,4.7
35351392,C#C[C@@H](ON=CC1=CC=CC=C1)C1=CC=CC=C1,C#C[C@@H](ON=Cc1ccccc1)c1ccccc1,5.2
35351413,FC1=CC=C(C=C1)[C@H](ON=CC1=CC=CC=C1)C#C,C#C[C@@H](ON=Cc1ccccc1)c1ccc(F)cc1,4.5
35396740,CC(C)(C)OC(=O)C[C@H](CC=C)C=O,C=CC[C@H](C=O)CC(=O)OC(C)(C)C,-14.55
35413848,C[C@@H](CC(=O)N1N=C(C)C=C1C)C1OCCO1,Cc1cc(C)n(C(=O)C[C@H](C)C2OCCO2)n1,1.7
35419046,OC[C@H](C=C)N1C=C(F)C=CC1=O,C=C[C@@H](CO)n1cc(F)ccc1=O,-3.67
35419047,OC[C@H](C=C)N1C=CC(Cl)=CC1=O,C=C[C@@H](CO)n1ccc(Cl)cc1=O,-80.29
35419048,OC[C@H](C=C)N1C=C(Br)C=CC1=O,C=C[C@@H](CO)n1cc(Br)ccc1=O,-45.06
35419051,OC[C@H](C=C)N1C=C(C=CC1=O)C(F)(F)F,C=C[C@@H](CO)n1cc(C(F)(F)F)ccc1=O,-12.7
35419053,OC[C@H](C=C)N1C=C(C=CC1=O)N(=O)=O,C=C[C@@H](CO)n1cc([N+](=O)[O-])ccc1=O,-4.33
35419054,OC[C@H](C=C)N1C=C(C=O)C=CC1=O,C=C[C@@H](CO)n1cc(C=O)ccc1=O,-32.49
35419056,COC(=O)C1=CC=CN([C@H](CO)C=C)C1=O,C=C[C@@H](CO)n1cccc(C(=O)OC)c1=O,-33.96
35419057,OCC[C@H](C=C)N1C=CC=CC1=O,C=C[C@@H](CCO)n1ccccc1=O,-14.09
35419058,COC[C@H](C=C)N1C=CC=CC1=O,C=C[C@@H](COC)n1ccccc1=O,-12.56
35419059,OC[C@H](C=C)N1C=CC(=O)C=C1,C=C[C@@H](CO)n1ccc(=O)cc1,-17.36
35419085,CC1=CC(=O)N(C=C1)[C@H](CO)C=C,C=C[C@@H](CO)n1ccc(C)cc1=O,-13.9
35419089,CC1=CN([C@H](CO)C=C)C(=O)C=C1,C=C[C@@H](CO)n1cc(C)ccc1=O,-14.11
35431628,C=C[C@@H]1CC(C(=C)C2=CC=CC=C2)=N(=O)O1,C=C[C@@H]1CC(C(=C)c2ccccc2)=[N+]([O-])O1,23.3
35431629,C=C[C@@H]1CC(C2=CCCCC2)=N(=O)O1,C=C[C@@H]1CC(C2=CCCCC2)=[N+]([O-])O1,29.96
35431630,CC(=C)[C@@H]1CC(C2=CC=CC=C2)=N(=O)O1,C=C(C)[C@@H]1CC(c2ccccc2)=[N+]([O-])O1,34.56
35431632,CCCC[C@@]1(CC(C2=CC=CC=C2)=N(=O)O1)C=C,C=C[C@@]1(CCCC)CC(c2ccccc2)=[N+]([O-])O1,-7.49
35431728,C=C[C@@H]1CC(C2=CC=CC=C2)=N(=O)O1,C=C[C@@H]1CC(c2ccccc2)=[N+]([O-])O1,35.78
35431729,CC1=C(C=CC=C1)C1=N(=O)O[C@@H](C1)C=C,C=C[C@@H]1CC(c2ccccc2C)=[N+]([O-])O1,19.97
35431730,CC1=CC=CC(=C1)C1=N(=O)O[C@@H](C1)C=C,C=C[C@@H]1CC(c2cccc(C)c2)=[N+]([O-])O1,34.39
35431731,CC1=CC=C(C=C1)C1=N(=O)O[C@@H](C1)C=C,C=C[C@@H]1CC(c2ccc(C)cc2)=[N+]([O-])O1,29.96
35431732,COC1=CC=CC(=C1)C1=N(=O)O[C@@H](C1)C=C,C=C[C@@H]1CC(c2cccc(OC)c2)=[N+]([O-])O1,26.11
35431735,FC1=CC=C(C=C1)C1=N(=O)O[C@@H](C1)C=C,C=C[C@@H]1CC(c2ccc(F)cc2)=[N+]([O-])O1,30.67
35431736,ClC1=CC=CC(=C1)C1=N(=O)O[C@@H](C1)C=C,C=C[C@@H]1CC(c2cccc(Cl)c2)=[N+]([O-])O1,35.78
35431738,COC(=O)C1=CC=C(C=C1)C1=N(=O)O[C@@H](C1)C=C,C=C[C@@H]1CC(c2ccc(C(=O)OC)cc2)=[N+]([O-])O1,71.33
35431742,C=C[C@@H]1CC(C2=CC=CC3=CC=CC=C23)=N(=O)O1,C=C[C@@H]1CC(c2cccc3ccccc23)=[N+]([O-])O1,22.19
35431743,C=C[C@@H]1CC(C2=CC3=CC=CC=C3C=C2)=N(=O)O1,C=C[C@@H]1CC(c2ccc3ccccc3c2)=[N+]([O-])O1,39.03
35525375,CC(C)[C@@H]1CC2=CC=CC=C2N[C@@H]1C1=CC=CC=C1,CC(C)[C@@H]1Cc2ccccc2N[C@@H]1c1ccccc1,118.4
35525383,C[C@@H]1CC2=CC=CC=C2N[C@@H]1C1=CC(F)=CC=C1,C[C@@H]1Cc2ccccc2N[C@@H]1c1cccc(F)c1,17.8
35539407,CC[C@@H](O[Si](C)(C)C(C)(C)C)\C=C\CO,CC[C@H](/C=C/CO)O[Si](C)(C)C(C)(C)C,5.5
35599622,C[C@@](O)(C1=CC=CC=C1)C1=C(N)C=CC=C1,C[C@@](O)(c1ccccc1)c1ccccc1N,38.2
35599623,C[C@@]1(OC(=O)NC2=C1C=CC=C2)C1=CC=CC=C1,C[C@]1(c2ccccc2)OC(=O)Nc2ccccc21,34.1
35622916,CCCC[C@@H](CC)COC(=O)C1=CNC=N1,CCCC[C@@H](CC)COC(=O)c1c[nH]cn1,-124.0
35762477,C[C@]1(O)COC2=C1C=CC=C2,C[C@]1(O)COc2ccccc21,-62.4
35762482,COC1=CC2=C(C=C1)[C@@](O)(CO2)C1=CC=CC=C1,COc1ccc2c(c1)OC[C@@]2(O)c1ccccc1,-93.3
35784119,COC[C@@]1(C)COC2=CC=CC(C=O)=C12,COC[C@@]1(C)COc2cccc(C=O)c21,36.12
35784120,CC(=O)OC[C@]1(C)COC2=C1C(C=O)=CC=C2,CC(=O)OC[C@]1(C)COc2cccc(C=O)c21,104.58
35784122,C[C@@]1(CCl)COC2=CC=CC(C=O)=C12,C[C@@]1(CCl)COc2cccc(C=O)c21,33.5
35784126,C[C@@]1(CC2=CC=CC=C2)COC2=CC=CC(C=O)=C12,C[C@@]1(Cc2ccccc2)COc2cccc(C=O)c21,29.7
35860975,COC1=CC(\C=C\C[C@H](N)C2=CC=CC=C2)=CC=C1,COc1cccc(/C=C/C[C@H](N)c2ccccc2)c1,-17.1
35861010,CC1=CC=C(\C=C\C[C@H](N)C2=CC=CC=C2)C=C1,Cc1ccc(/C=C/C[C@H](N)c2ccccc2)cc1,-23.6
35861015,CC1=CC(\C=C\C[C@H](N)C2=CC=CC=C2)=CC=C1,Cc1cccc(/C=C/C[C@H](N)c2ccccc2)c1,-20.1
35973987,O[C@@H](CC1=CC=CC=C1)C(=O)NCC=C,C=CCNC(=O)[C@@H](O)Cc1ccccc1,-63.5
35973989,C=C[C@H](CC1=CC=CC=C1)NC(=O)C1=CC=CC=C1,C=C[C@H](Cc1ccccc1)NC(=O)c1ccccc1,31.8
35977930,COC(=O)CCC(=O)[C@@H](C)O,COC(=O)CCC(=O)[C@@H](C)O,-43.0
35996346,CC(C)C[C@H](CO)SCC1=CC=CC=C1,CC(C)C[C@H](CO)SCc1ccccc1,50.1
36076459,CCOC(=O)[C@](C)(N)[C@@H](C)\C=C\C1=CC=CC=C1,CCOC(=O)[C@](C)(N)[C@@H](C)/C=C/c1ccccc1,-32.8
36247202,CCCC1(CCC)O[C@H](C)C2=CC=CC=C12,CCCC1(CCC)O[C@H](C)c2ccccc21,-13.0
36247203,COC1=CC=C2[C@@H](C)OC(C)(C)C2=C1,COc1ccc2c(c1)C(C)(C)O[C@@H]2C,-18.0
36247209,CC1(C)O[C@](C)(C2=CC=CC=C12)C1=CC=CC=C1,CC1(C)O[C@@](C)(c2ccccc2)c2ccccc21,36.7
36247212,CC[C@@H]1CC2(CO1)CC1=CC=CC=C1C2,CC[C@@H]1CC2(CO1)Cc1ccccc1C2,-82.4
36247213,FC1=NC=CC(C[C@@H]2CCCO2)=C1,Fc1cc(C[C@@H]2CCCO2)ccn1,27.8
36375677,[H][C@@]12O[C@@]([H])(C3=C(C=CC3)C1(CC)CC)C(=O)C=C2,CCC1(CC)C2=C(CC=C2)[C@@H]2O[C@H]1C=CC2=O,-330.0
36375680,[H][C@@]12O[C@@]([H])(C=CC1=O)C1(CCC1)C1=C2CC=C1,O=C1C=C[C@@H]2O[C@H]1C1=C(C=CC1)C21CCC1,-376.0
36375694,[H][C@@]12O[C@@]([H])(CC[C@@H]1O)C(C)(C)C1=C2CCC1,CC1(C)C2=C(CCC2)[C@@H]2O[C@H]1CC[C@@H]2O,-69.0
36375695,CC1(C)[C@@H](O)CC[C@H](O)CC2=C1CCC2,CC1(C)C2=C(CCC2)C[C@@H](O)CC[C@@H]1O,-12.0
36452452,[H][C@@]12CCC(=[N]#N)C(=O)[C@@]1(C)CCCC2(C)C,CC1(C)CCC[C@]2(C)C(=O)C(=[N+]=[N-])CC[C@@H]12,44.4
36452460,[H][C@@]12CC[C@H](C(C)=O)[C@@]1(C)CCCC2(C)C,CC(=O)[C@H]1CC[C@H]2C(C)(C)CCC[C@]12C,122.8
36597705,COC1=CC=C2C=C[C@](C)(O)C(=O)C2=C1,COc1ccc2c(c1)C(=O)[C@@](C)(O)C=C2,11.2
36629882,[H][C@]1(CCCCN1C(=O)OC(C)(C)C)[C@@](C)(O)C=C,C=C[C@](C)(O)[C@@H]1CCCCN1C(=O)OC(C)(C)C,-82.1
36629883,[H][C@]1(CCCCN1C(=O)OC(C)(C)C)[C@](C)(O)C=C,C=C[C@@](C)(O)[C@@H]1CCCCN1C(=O)OC(C)(C)C,-98.3
36745018,[H][C@]12OC(C)(C)O[C@@]1([H])C(CO)=CC2=O,CC1(C)O[C@@H]2C(=O)C=C(CO)[C@@H]2O1,22.2
36753936,OC[C@H](NCC#CC1=CC=CC=C1)C1=CC=CC=C1,OC[C@H](NCC#Cc1ccccc1)c1ccccc1,199.1
36753987,COC1=CC(C)=C(N2CC[C@H](C)C2)C(C)=C1,COc1cc(C)c(N2CC[C@H](C)C2)c(C)c1,-19.5
36806453,OC[C@@H](C=C)C#CC1=CC=C(Br)C=C1,C=C[C@@H](C#Cc1ccc(Br)cc1)CO,18.0
36806454,OC[C@H](C=C)C#CC1=CC=C(Br)C=C1,C=C[C@H](C#Cc1ccc(Br)cc1)CO,18.0
36806461,C[C@H](C=C)C#CC1=CC=CC=C1,C=C[C@@H](C)C#Cc1ccccc1,1.4
36806475,C=C[C@H](CCC1=CC=CC=C1)C#CC1=CSC=C1,C=C[C@@H](C#Cc1ccsc1)CCc1ccccc1,1.8
36806476,C=C[C@H](CCC1=CC=CC=C1)C#CC1=CC=CN=C1,C=C[C@@H](C#Cc1cccnc1)CCc1ccccc1,-9.0
36806477,C=C[C@H](CCC1=CC=CC=C1)C#CC1CC1,C=C[C@@H](C#CC1CC1)CCc1ccccc1,9.2
36806478,OCC#C[C@@H](CCC1=CC=CC=C1)C=C,C=C[C@@H](C#CCO)CCc1ccccc1,3.4
36806479,CCCCC[C@@H](C=C)C#CC1=CC=CC=C1,C=C[C@@H](C#Cc1ccccc1)CCCCC,9.0
36806480,CC(C)(O)C#C[C@@H](CCC1=CC=CC=C1)C=C,C=C[C@@H](C#CC(C)(C)O)CCc1ccccc1,7.6
36806481,C=C[C@H](CCC1=CC=CC=C1)C#CCCCC#N,C=C[C@@H](C#CCCCC#N)CCc1ccccc1,3.0
36806485,ClCCCC#C[C@@H](CCC1=CC=CC=C1)C=C,C=C[C@@H](C#CCCCCl)CCc1ccccc1,12.2
36806488,C\C(=C\CO)C#C[C@@H](CCC1=CC=CC=C1)C=C,C=C[C@@H](C#C/C(C)=C\CO)CCc1ccccc1,6.2
36806491,COC1=CC=C(C=C1)C#C[C@@H](C)C=C,C=C[C@H](C)C#Cc1ccc(OC)cc1,28.8
36806492,CCC[C@@H](C=C)C#CC1=CC=C(OC)C=C1,C=C[C@@H](C#Cc1ccc(OC)cc1)CCC,13.0
36806493,COC1=CC=C(C=C1)C#C[C@H](C=C)C(C)C,C=C[C@@H](C#Cc1ccc(OC)cc1)C(C)C,24.6
36806494,COC1=CC=C(C=C1)C#C[C@H](C=C)C1CCCCC1,C=C[C@@H](C#Cc1ccc(OC)cc1)C1CCCCC1,83.4
36806496,COC1=CC=C(C=C1)C#C[C@@H](CC(C)C)C=C,C=C[C@@H](C#Cc1ccc(OC)cc1)CC(C)C,47.2
36806497,COC1=CC=C(C=C1)C#C[C@H](C=C)C(C)(C)C,C=C[C@@H](C#Cc1ccc(OC)cc1)C(C)(C)C,8.0
36806498,COC1=CC=C(C=C1)C#C[C@H](C=C)C1=CC=CC=C1,C=C[C@@H](C#Cc1ccc(OC)cc1)c1ccccc1,2.6
36806662,CC1=CC=C2[C@@H](CC=C)NC3=C(OC2=C1)C=CC=C3,C=CC[C@H]1Nc2ccccc2Oc2cc(C)ccc21,-1.2
36806663,CC1=CC=C2OC3=C(N[C@H](CC=C)C2=C1)C=CC=C3,C=CC[C@H]1Nc2ccccc2Oc2ccc(C)cc21,3.4
36806667,FC1=CC=C2OC3=C(N[C@H](CC=C)C2=C1)C=CC=C3,C=CC[C@H]1Nc2ccccc2Oc2ccc(F)cc21,-4.0
36806670,C=CC[C@H]1NC2=C(SC3=CC=CC=C13)C=CC=C2,C=CC[C@H]1Nc2ccccc2Sc2ccccc21,-21.6
36806672,C=CC[C@H]1NC2=C(OC3=CC=CC=C13)C=CC=C2,C=CC[C@H]1Nc2ccccc2Oc2ccccc21,-1.0
36806674,CC(=C)C[C@H]1NC2=C(OC3=CC=CC=C13)C=CC=C2,C=C(C)C[C@H]1Nc2ccccc2Oc2ccccc21,-1.4
36806680,[H][C@]12CCCCN1C1=C(OC3=C2C=CC=C3)C=CC=C1,c1ccc2c(c1)Oc1ccccc1N1CCCC[C@H]21,-347.2
36806689,CC1=CC2=C(N[C@H](CC=C)C3=CC=CC=C3O2)C=C1,C=CC[C@H]1Nc2ccc(C)cc2Oc2ccccc21,-1.8
36806693,FC1=CC2=C(OC3=CC=CC=C3[C@@H](CC=C)N2)C=C1,C=CC[C@H]1Nc2cc(F)ccc2Oc2ccccc21,5.3
36806708,CC1=CC2=C(OC3=CC=CC=C3[C@@H](CC=C)N2)C=C1,C=CC[C@H]1Nc2cc(C)ccc2Oc2ccccc21,-21.6
36815023,C[C@@H](C=C)C1(SCCCS1)C(O)=O,C=C[C@H](C)C1(C(=O)O)SCCCS1,-11.8
36815028,CCC[C@@H](C=C)C1(SCCCS1)C(O)=O,C=C[C@H](CCC)C1(C(=O)O)SCCCS1,5.0
37081358,N[C@H](C#CC1=CC=C(F)C=C1)C(F)(F)F,N[C@H](C#Cc1ccc(F)cc1)C(F)(F)F,27.6
37134236,CN1C=CC2=C(C=CC=C12)[C@H](O)C=C,C=C[C@@H](O)c1cccc2c1ccn2C,26.2
37177863,CO[C@H]1CCC[C@H](O1)C1=CC=CC=C(CO)C1,CO[C@H]1CCC[C@@H](C2=CC=CC=C(CO)C2)O1,-36.8
37177864,CO[C@@H]1CCC[C@@H](O1)C1=CC=CC=C(CO)C1,CO[C@@H]1CCC[C@H](C2=CC=CC=C(CO)C2)O1,42.8
37177867,CO[C@H]1CCC[C@H](O1)C1=CC=CC=C(C1)C=O,CO[C@H]1CCC[C@@H](C2=CC=CC=C(C=O)C2)O1,-35.6
37177868,CO[C@@H]1CCC[C@@H](O1)C1=CC=CC=C(C1)C=O,CO[C@@H]1CCC[C@H](C2=CC=CC=C(C=O)C2)O1,43.7
37255699,CCOC(=O)[C@@H]1CSC[C@@H]1O,CCOC(=O)[C@@H]1CSC[C@@H]1O,5.8
37255700,CCOC(=O)[C@@]1(CSC[C@@H]1O)C1=CC=CC=C1,CCOC(=O)[C@]1(c2ccccc2)CSC[C@@H]1O,-18.9
37283106,C[C@@H](CC(C)=C)B1OCC(C)(C)CO1,C=C(C)C[C@H](C)B1OCC(C)(C)CO1,107.1
37283118,C[C@@H](CC(=C)CC=C)B1OCC(C)(C)CO1,C=CCC(=C)C[C@H](C)B1OCC(C)(C)CO1,-7.1
37283127,C[C@H](O)CC(=C)C1=CC2=CC=CC=C2O1,C=C(C[C@H](C)O)c1cc2ccccc2o1,-1.7
37283130,C[C@@H](CC=C)B1OCC(C)(C)CO1,C=CC[C@H](C)B1OCC(C)(C)CO1,5.8
37283140,CCC[C@@H](CC=C)B1OCC(C)(C)CO1,C=CC[C@H](CCC)B1OCC(C)(C)CO1,-5.7
37391319,CC1(C)OCC[C@]11C(=O)NC2=CC=CC=C12,CC1(C)OCC[C@]12C(=O)Nc1ccccc12,98.3
37391341,COC(=O)N1CC[C@]2(C1)C(=O)NC1=CC=CC=C21,COC(=O)N1CC[C@]2(C1)C(=O)Nc1ccccc12,25.4
37391344,O=C1NC2=CC=CC=C2[C@@]11CCOC1,O=C1Nc2ccccc2[C@@]12CCOC2,38.8
37391345,FC1=C2C(NC(=O)[C@]22CCOC2)=CC=C1,O=C1Nc2cccc(F)c2[C@@]12CCOC2,1.0
37391347,CC1=CC=C2C(NC(=O)[C@]22CCOC2)=C1,Cc1ccc2c(c1)NC(=O)[C@]21CCOC1,30.4
37391348,O=C1NC2=CC(=CC=C2[C@@]11CCOC1)C#N,N#Cc1ccc2c(c1)NC(=O)[C@]21CCOC1,55.2
37396058,CC\C=C/C[C@H]1C(=C)C=CC1=O,C=C1C=CC(=O)[C@H]1C/C=C\CC,-16.5
37409743,CC(=C)[C@@H](C=C)C=C(C)CO,C=C[C@@H](C=C(C)CO)C(=C)C,26.3
37415322,S=C1NC[C@@H](N1)C12CC3CC(CC(C3)C1)C2,S=C1NC[C@H](C23CC4CC(CC(C4)C2)C3)N1,-22.5
37433570,C\C=C1\CC[C@H](C1)C(C)(C)C(=C)C#C,C#CC(=C)C(C)(C)[C@@H]1CC/C(=C/C)C1,30.0
37433578,CC(C)([C@H]1CCC(=O)C1)C(O)=O,CC(C)(C(=O)O)[C@H]1CCC(=O)C1,-106.4
37433597,C\C=C1\CC[C@H](C1)C(C)(C)C(C)=O,C/C=C1/CC[C@@H](C(C)(C)C(C)=O)C1,42.0
37543053,[H][C@]12CC[C@@H](CC)N1CC[C@H](CC2)C1=CC=CC=C1,CC[C@@H]1CC[C@@H]2CC[C@H](c3ccccc3)CCN21,-48.0
37543057,[H][C@]12CC[C@@H](CC=C)N1CC[C@H](CC2)C1=CC=CC=C1,C=CC[C@@H]1CC[C@@H]2CC[C@H](c3ccccc3)CCN21,-37.0
37543069,[H][C@]12CC[C@@H](CC=C)N1CCCC2,C=CC[C@@H]1CC[C@@H]2CCCCN21,-34.6
37543071,[H][C@]12CC[C@@H](CCC)N1CCCC2,CCC[C@@H]1CC[C@@H]2CCCCN12,-42.0
37543074,CCCC[C@H](O)CCC1(CCCCC1)N=N#N,CCCC[C@H](O)CCC1(N=[N+]=[N-])CCCCC1,1.2
37548073,[H][C@]1(CCC(=O)N1)[C@@H](CC)OC(C)=O,CC[C@@H](OC(C)=O)[C@@H]1CCC(=O)N1,41.8
37548075,[H][C@]1(CCC(=O)N1)[C@@H](CCCCC)OC(C)=O,CCCCC[C@@H](OC(C)=O)[C@@H]1CCC(=O)N1,21.0
37548077,[H][C@]1(CCC(=O)N1)[C@H](C)OC(C)=O,CC(=O)O[C@@H](C)[C@@H]1CCC(=O)N1,15.4
37548083,CC(=O)OC(C)(C)[C@@H]1CCC(=O)N1,CC(=O)OC(C)(C)[C@@H]1CCC(=O)N1,17.0
37548086,[H][C@]1(CCC(=O)N1)[C@@H](C)OC(=O)C(C)C,CC(C)C(=O)O[C@H](C)[C@@H]1CCC(=O)N1,16.9
37582828,CC1=CN([C@@H](CO)C(=C)C2=CC=CC=C2)C(=O)C=C1,C=C(c1ccccc1)[C@H](CO)n1cc(C)ccc1=O,-85.667
37582829,CC1=CC(=O)N(C=C1)[C@@H](CO)C(=C)C1=CC=CC=C1,C=C(c1ccccc1)[C@H](CO)n1ccc(C)cc1=O,-49.697
37582830,CC1=CC=CN([C@@H](CO)C(=C)C2=CC=CC=C2)C1=O,C=C(c1ccccc1)[C@H](CO)n1cccc(C)c1=O,-95.818
37582841,OCC[C@H](N1C=CC=CC1=O)C(=C)C1=CC=CC=C1,C=C(c1ccccc1)[C@H](CCO)n1ccccc1=O,-183.284
37582846,CC1=CC=C(C=C1)C(=C)[C@H](CO)N1C=CC=CC1=O,C=C(c1ccc(C)cc1)[C@H](CO)n1ccccc1=O,-127.391
37582857,CC1=CC(=CC=C1)C(=C)[C@H](CO)N1C=CC=CC1=O,C=C(c1cccc(C)c1)[C@H](CO)n1ccccc1=O,-111.111
37614349,CCC(=O)[C@](O)(CC)C#CCCC1=CC=CC=C1,CCC(=O)[C@@](O)(C#CCCc1ccccc1)CC,125.8
37614350,CCCCCCC#C[C@@](O)(CC)C(=O)CC,CCCCCCC#C[C@@](O)(CC)C(=O)CC,119.6
37614351,CCC(=O)[C@](O)(CC)C#C[Si](C)(C)C,CCC(=O)[C@@](O)(C#C[Si](C)(C)C)CC,178.5
37614369,CCC(=O)[C@](O)(CC)C#CC1=CC=C(C)C=C1,CCC(=O)[C@@](O)(C#Cc1ccc(C)cc1)CC,246.3
37614371,CCC(=O)[C@](O)(CC)C#CC1=C(F)C=CC=C1,CCC(=O)[C@@](O)(C#Cc1ccccc1F)CC,204.9
37666648,CCOC(=O)[C@@H]1CNC2=C(O1)C=CC=C2,CCOC(=O)[C@@H]1CNc2ccccc2O1,-37.0
37666649,CCOC(=O)[C@H]1CNC2=C(O1)C=CC=C2,CCOC(=O)[C@H]1CNc2ccccc2O1,37.0
37681317,C#CCN1CCC[C@H]1COC1=CC=CC=C1,C#CCN1CCC[C@H]1COc1ccccc1,-118.3
37757539,C[C@@H]1N(CC=CC1=O)C(=O)OC(C)(C)C,C[C@H]1C(=O)C=CCN1C(=O)OC(C)(C)C,73.37
37801521,[H][C@@]12C[C@@]([H])(C(=CC1)C(=O)NCC1=CC=CC=C1)C2(C)C,CC1(C)[C@H]2CC=C(C(=O)NCc3ccccc3)[C@@H]1C2,-6.0
38158129,[BH3-][N@@+]1(CC[C@@H]1C#N)[C@@H](C)C1=CC=CC=C1,[BH3-][N@+]1([C@@H](C)c2ccccc2)CC[C@@H]1C#N,120.4
38233198,ClC1=CC2=C(C=C1)[C@@]1(CCC(=O)N1)C(=O)C=C2,O=C1CC[C@@]2(N1)C(=O)C=Cc1cc(Cl)ccc12,-137.6
38233202,COC1=CC2=C(C=C1)C=CC(=O)[C@]21CCC(=O)N1,COc1ccc2c(c1)[C@@]1(CCC(=O)N1)C(=O)C=C2,-304.9
38235579,CC1=CC=C2[C@@H](O)C[C@H](C2=C1)C1=CC=CC=C1,Cc1ccc2c(c1)[C@H](c1ccccc1)C[C@@H]2O,7.3
38235585,CC1=CC=C2[C@H](C[C@@H](O)C2=C1)C1=CC=CC=C1,Cc1ccc2c(c1)[C@H](O)C[C@@H]2c1ccccc1,-32.7
38293630,O[C@H](CCCCBr)C1CCCCC1,O[C@H](CCCCBr)C1CCCCC1,12.0
38293632,O[C@H](CCCCCl)C1CCCCC1,O[C@H](CCCCCl)C1CCCCC1,20.0
38295605,CN1C(=O)[C@H](CC2=CC=CC=C2)OC2=C1C=CC=C2,CN1C(=O)[C@H](Cc2ccccc2)Oc2ccccc21,-274.8
38416308,CCN(CC)C(=O)[C@H](C)CC=O,CCN(CC)C(=O)[C@H](C)CC=O,-4.4
38416310,CC(C)N(C(C)C)C(=O)[C@H](C)CC=O,CC(C)N(C(=O)[C@H](C)CC=O)C(C)C,61.4
38416311,CC[C@H](CC=O)C(=O)N(CC)CC,CC[C@H](CC=O)C(=O)N(CC)CC,-3.0
38416312,CCN(CC)C(=O)[C@H](CC=O)CC1=CC=CC=C1,CCN(CC)C(=O)[C@H](CC=O)Cc1ccccc1,22.3
38416313,CCN(CC)C(=O)[C@H](CC=O)C(C)C,CCN(CC)C(=O)[C@H](CC=O)C(C)C,-6.0
38416314,CCN(CC)C(=O)[C@H](CC=O)C1CCCC1,CCN(CC)C(=O)[C@H](CC=O)C1CCCC1,-26.5
38416315,CCN(CC)C(=O)[C@H](CC=O)C1=CC=CC=C1,CCN(CC)C(=O)[C@H](CC=O)c1ccccc1,25.3
38416325,CCN(CC)C(=O)[C@H](C)CCN1CCOCC1,CCN(CC)C(=O)[C@H](C)CCN1CCOCC1,-24.0
38416329,CCN(CC)C(=O)[C@H](C)CCNC1=CC=CC=C1,CCN(CC)C(=O)[C@H](C)CCNc1ccccc1,-23.6
38463597,FC(F)(F)[S@@](=O)C1=CC2=CC=CC=C2C=C1,O=[S@@](c1ccc2ccccc2c1)C(F)(F)F,197.0
38463598,FC(F)[S@@](=O)C1=CC=CC=C1,O=[S@@](c1ccccc1)C(F)F,186.0
38463599,COC1=CC=C(C=C1)[S@](=O)C(F)F,COc1ccc([S@](=O)C(F)F)cc1,223.0
38602294,COC(=O)[C@]12CC(=O)[C@](C)(CC1=O)C2,COC(=O)[C@]12CC(=O)[C@](C)(CC1=O)C2,-15.4
38694577,CC(=O)[C@@]1(CO1)C1=CC=CC=C1,CC(=O)[C@]1(c2ccccc2)CO1,-47.2
38694582,O=C(C1=CC=CC=C1)[C@]1(CC2CCCC2)CO1,O=C(c1ccccc1)[C@]1(CC2CCCC2)CO1,38.7
38694583,CC(=O)[C@@]1(CC2=CC=CC=C2)CO1,CC(=O)[C@@]1(Cc2ccccc2)CO1,-49.5
38694584,O=C1C2=C(CC[C@]11CO1)C=CC=C2,O=C1c2ccccc2CC[C@]12CO2,68.0
38694586,CC(=O)[C@@]1(CO1)C1=CC=C(Br)C=C1,CC(=O)[C@]1(c2ccc(Br)cc2)CO1,-48.5
38794506,O[C@H](CC(=O)C1CCCCC1)C=C,C=C[C@H](O)CC(=O)C1CCCCC1,19.5
38794511,O[C@H](CC(=O)C1=CC=CC=C1)C=C,C=C[C@H](O)CC(=O)c1ccccc1,16.9
38794574,O=CC[C@H](C1CCCCC1)C(=O)C1=CC=CC=C1,O=CC[C@@H](C(=O)c1ccccc1)C1CCCCC1,-64.0
38828908,CC(=O)NC[C@H](CCl)OC(=O)C1=CC=CC=C1,CC(=O)NC[C@H](CCl)OC(=O)c1ccccc1,20.9
38835635,[H][C@@]1(CCC(C)=CC1)[C@](C)(O)CCCC(C)=O,CC(=O)CCC[C@@](C)(O)[C@@H]1CC=C(C)CC1,-16.2
38835636,CC(C)=CCCC(=O)CCC[C@@](C)(O)C=C,C=C[C@](C)(O)CCCC(=O)CCC=C(C)C,-6.5
38835637,[H][C@]12C[C@@H](CC[C@]1(O)CCCC2=C)C(C)=C,C=C(C)[C@@H]1CC[C@]2(O)CCCC(=C)[C@H]2C1,-57.5
38835640,CC(C)=CCCC(=C)CCC[C@@](C)(O)C=C,C=C[C@](C)(O)CCCC(=C)CCC=C(C)C,-2.1
38835641,[H][C@]12C[C@@H](CC[C@]1(O)CCCC2=O)C(C)=O,CC(=O)[C@@H]1CC[C@]2(O)CCCC(=O)[C@H]2C1,5.0
38835644,CC(C)CCC\C(C)=C\CC[C@@](C)(O)C=C,C=C[C@](C)(O)CC/C=C(\C)CCCC(C)C,-16.0
38835645,C\C1=C/CC\C(C)=C\CC[C@@](C)(O)CCC1,C/C1=C\CC[C@@](C)(O)CCC/C(C)=C/CC1,5.2
38863615,C[C@@H]1C(=C)OC(=O)C2=C(O)C=C(O)C(Cl)=C12,C=C1OC(=O)c2c(O)cc(O)c(Cl)c2[C@@H]1C,223.0
38885324,[H][C@]1(CC=C(C)[C@@H](O)[C@@H]1O)C(=C)CCC=C(C)C,C=C(CCC=C(C)C)[C@@H]1CC=C(C)[C@@H](O)[C@@H]1O,-46.0
38885327,[H][C@]1(CC=C(C)C(=O)[C@H]1O)[C@@](C)(O)CCC=C(C)C,CC(C)=CCC[C@](C)(O)[C@@H]1CC=C(C)C(=O)[C@H]1O,-26.0
38885328,[H][C@]1(CC=C(C)C(=O)[C@H]1O)[C@](C)(O)CCC=C(C)C,CC(C)=CCC[C@@](C)(O)[C@@H]1CC=C(C)C(=O)[C@H]1O,-104.0
38885329,[H][C@]12O[C@]3([H])[C@]([H])([C@H]1C(C)C)[C@@]([H])(CC[C@]3(C)O)C(C)=C2,CC1=C[C@H]2O[C@@H]3[C@H]([C@H]2C(C)C)[C@H]1CC[C@]3(C)O,99.0
38885332,[H][C@]1(CC=C(C)[C@@]1(C)CCC=C(C)C)[C@H](O)CO,CC(C)=CCC[C@]1(C)C(C)=CC[C@H]1[C@H](O)CO,26.0
38885333,[H][C@]1(CC=C(C)[C@@]1(C)CCC=C(C)C)[C@@H](O)CO,CC(C)=CCC[C@]1(C)C(C)=CC[C@H]1[C@@H](O)CO,14.0
38885353,[H][C@]12C[C@]([H])(C(=O)C=C1C)[C@@]2(C)CCC(=O)C(C)(C)O,CC1=CC(=O)[C@H]2C[C@@H]1[C@]2(C)CCC(=O)C(C)(C)O,-185.0
38885355,[H][C@]1(CC=C(C)[C@@H](O)[C@H]1O)C(=C)CCC=C(C)C,C=C(CCC=C(C)C)[C@@H]1CC=C(C)[C@@H](O)[C@H]1O,-113.0
38899499,CC(C)CC(=O)N[C@H]1CCCCNC1=O,CC(C)CC(=O)N[C@H]1CCCCNC1=O,15.61
38912838,O=C1[C@H]([C@H](C#C)C2=CC=CN12)C1=CC=CC=C1,C#C[C@@H]1c2cccn2C(=O)[C@H]1c1ccccc1,-43.0
38929306,C[C@@H](C(=O)C1=NC=CC=C1)C1=CC=C(C)C=C1,Cc1ccc([C@@H](C)C(=O)c2ccccn2)cc1,-54.3
38929309,C[C@@H](C(=O)C1=NC=CC=C1)C1=CC=CC=C1C,Cc1ccccc1[C@@H](C)C(=O)c1ccccn1,-176.4
38929312,COC1=CC=C(C=C1)[C@@H](C)C(=O)C1=NC=CC=C1,COc1ccc([C@@H](C)C(=O)c2ccccn2)cc1,-45.2
38929315,C[C@@H](C(=O)C1=NC=CC=C1)C1=CC=C(Cl)C=C1,C[C@@H](C(=O)c1ccccn1)c1ccc(Cl)cc1,-29.2
38929316,C[C@@H](C(=O)C1=NC=CC=C1)C1=CC=CC=C1Cl,C[C@@H](C(=O)c1ccccn1)c1ccccc1Cl,-115.0
38929327,CC[C@@H](C(=O)C1=NC=CC=C1)C1=CC=CC=C1,CC[C@@H](C(=O)c1ccccn1)c1ccccc1,-40.2
38929328,CC(C)[C@@H](C(=O)C1=NC=CC=C1)C1=CC=CC=C1,CC(C)[C@@H](C(=O)c1ccccn1)c1ccccc1,-15.1
38929331,C[C@H](OC1=CC=CC=C1)C(=O)C1=NC=CC=C1,C[C@H](Oc1ccccc1)C(=O)c1ccccn1,24.2
38929336,CC[C@@H](F)C(=O)C1=NC=CC=C1,CC[C@@H](F)C(=O)c1ccccn1,4.7
38929337,C[C@@H](C(=O)C1=NC=CC(C)=C1)C1=CC=CC=C1,Cc1ccnc(C(=O)[C@H](C)c2ccccc2)c1,-81.4
38929338,C[C@@H](C(=O)C1=NC=C(C)C=C1)C1=CC=CC=C1,Cc1ccc(C(=O)[C@H](C)c2ccccc2)nc1,-16.5
38929339,C[C@@H](C(=O)C1=NC(C)=CC=C1)C1=CC=CC=C1,Cc1cccc(C(=O)[C@H](C)c2ccccc2)n1,17.6
38929347,C[C@H](C(=C)C1=NC=CC=C1)C1=CC=CC=C1,C=C(c1ccccn1)[C@@H](C)c1ccccc1,75.9
38929348,C[C@@H](C1=CC=CC=C1)[C@@](O)(C#C)C1=NC=CC=C1,C#C[C@@](O)(c1ccccn1)[C@@H](C)c1ccccc1,-59.5
38929350,C[C@H](C1=C2C=CC=CN2N=N1)C1=CC=CC=C1,C[C@@H](c1ccccc1)c1nnn2ccccc12,30.5
38929352,C[C@@H](OC(=O)C1=NC(=CC=C1)C#N)C1=CC=CC=C1,C[C@@H](OC(=O)c1cccc(C#N)n1)c1ccccc1,37.3
38966128,CCC[C@H](CC=C)C(=O)N(C)OC,C=CC[C@@H](CCC)C(=O)N(C)OC,-7.1
38966129,CCC[C@H](CC=C)C(=O)C1=CC=CC=C1,C=CC[C@@H](CCC)C(=O)c1ccccc1,-20.7
38966131,CCCC[C@H](CC=C)C(=O)N(C)OC,C=CC[C@@H](CCCC)C(=O)N(C)OC,-14.3
38966132,CCCC[C@H](CC=C)C(=O)C1=CC=CC=C1,C=CC[C@@H](CCCC)C(=O)c1ccccc1,-33.5
38966133,CCCC[C@H](CCC)C(=O)N(C)OC,CCCC[C@H](CCC)C(=O)N(C)OC,-31.6
38966134,CCCC[C@H](CCC)C(=O)C1=CC=CC=C1,CCCC[C@H](CCC)C(=O)c1ccccc1,-26.6
38966135,CC[C@H](C)C(=O)C1=CC=C(Cl)C=C1,CC[C@H](C)C(=O)c1ccc(Cl)cc1,-7.5
38966138,CCC[C@H](CC1=CC=CC=C1)C(=O)C1=CC=CC=C1,CCC[C@H](Cc1ccccc1)C(=O)c1ccccc1,-74.5
38966179,CC[C@H](C)C(=O)C1=C(OC)C=CC=C1,CC[C@H](C)C(=O)c1ccccc1OC,-16.3
38966190,CC[C@H](C)C(=O)C1=CC=CO1,CC[C@H](C)C(=O)c1ccco1,17.0
38966211,CC[C@H](C)C(=O)C1=NC=CC=C1,CC[C@H](C)C(=O)c1ccccn1,-1.7
38966222,CC[C@H](C)C(=O)C1=CC2=CC=CC=C2C=C1,CC[C@H](C)C(=O)c1ccc2ccccc2c1,-10.5
39072040,CCOC(=O)[C@H](F)C1=C2C=CC=CC2=CC=C1,CCOC(=O)[C@H](F)c1cccc2ccccc12,-73.0
39113471,CC(C)(C)[Si](C)(C)OC[C@H](O)CC(=C)CO,C=C(CO)C[C@@H](O)CO[Si](C)(C)C(C)(C)C,-2.56
39187252,CCCCNC(=O)[C@@H]1CCCN1C(=O)C(C)(C)C,CCCCNC(=O)[C@@H]1CCCN1C(=O)C(C)(C)C,-105.68
39187253,CC(C)(C)NC(=O)[C@@H]1CCCN1C(=O)C(C)(C)C,CC(C)(C)NC(=O)[C@@H]1CCCN1C(=O)C(C)(C)C,-117.44
39372746,CC[C@@]1(C)OC(=O)N[C@@H]1C1=CC=CC=C1,CC[C@@]1(C)OC(=O)N[C@@H]1c1ccccc1,-30.5
39387463,O=C1OC[C@H](O1)C#CCCC1=CC=CC=C1,O=C1OC[C@@H](C#CCCc2ccccc2)O1,-3.4
39387464,CCCCC#C[C@@H]1COC(=O)O1,CCCCC#C[C@@H]1COC(=O)O1,7.4
39387465,ClCCCCC#C[C@@H]1COC(=O)O1,O=C1OC[C@@H](C#CCCCCCl)O1,7.2
39387469,ClCCCC#C[C@@H]1COC(=O)O1,O=C1OC[C@@H](C#CCCCCl)O1,7.5
39387474,O=C1OC[C@H](O1)C#CCCOCC1=CC=CC=C1,O=C1OC[C@@H](C#CCCOCc2ccccc2)O1,2.2
39387475,O=C1OCC[C@H](O1)C#CCCC1=CC=CC=C1,O=C1OCC[C@@H](C#CCCc2ccccc2)O1,5.5
39413030,CCOC(=O)[C@@](O)(CN(=O)=O)C(F)(F)F,CCOC(=O)[C@@](O)(C[N+](=O)[O-])C(F)(F)F,-5.3
39497442,C=C[C@H](CCCC#N)SC(=O)C1=CC=CC=C1,C=C[C@H](CCCC#N)SC(=O)c1ccccc1,-37.3
39497448,ClCCC[C@H](SC(=O)C1=CC=CC=C1)C=C,C=C[C@H](CCCCl)SC(=O)c1ccccc1,-16.07
39497465,C=C[C@H](SC(=O)C1=CC=CC=C1)C1CCCC1,C=C[C@H](SC(=O)c1ccccc1)C1CCCC1,44.44
39497466,CC(=O)S[C@@H](CCCC1=CC=CC=C1)C=C,C=C[C@H](CCCc1ccccc1)SC(C)=O,-28.45
39509030,C[C@H](CC(=C)C1=CC=CC=C1)[Si](C)(C)C,C=C(C[C@@H](C)[Si](C)(C)C)c1ccccc1,48.9
39509040,C[C@H](CC(C)=C)[Si](C)(C)C1=CC=CC=C1,C=C(C)C[C@@H](C)[Si](C)(C)c1ccccc1,-23.7
39509042,C[C@H](CC=C)[Si](C)(C)OCCC1=CC=CC=C1,C=CC[C@@H](C)[Si](C)(C)OCCc1ccccc1,-30.5
39525232,C[C@H](CCCCCCl)C(=O)NC1=CC=CC=C1,C[C@H](CCCCCCl)C(=O)Nc1ccccc1,-5.6
39525237,C[C@H](CCC(C)(C)C)C(=O)NC1=CC=CC=C1,C[C@H](CCC(C)(C)C)C(=O)Nc1ccccc1,-17.2
39525253,C[C@H](C1CCCC1)C(=O)NC1=CC=CC=C1,C[C@@H](C(=O)Nc1ccccc1)C1CCCC1,3.3
39525328,C[C@@H](CO)CCCCCOCC1=CC=CC=C1,C[C@@H](CO)CCCCCOCc1ccccc1,3.6
39532780,COC(=O)N1CCC[C@H]1CC(=O)C1=CC=CC=C1,COC(=O)N1CCC[C@H]1CC(=O)c1ccccc1,-42.6
39544205,COC(=O)CCC[C@H](C)NC1=NC(C)=CC=C1,COC(=O)CCC[C@H](C)Nc1cccc(C)n1,13.7
39544206,C[C@@H](CCCCOC(C)=O)NC1=NC(C)=CC=C1,CC(=O)OCCCC[C@H](C)Nc1cccc(C)n1,21.2
39544212,C[C@@H](CCC1(C)OCCO1)NC1=CC=CC(C)=N1,Cc1cccc(N[C@@H](C)CCC2(C)OCCO2)n1,21.4
39544213,CCOC(C[C@H](C)NC1=CC=CC(C)=N1)OCC,CCOC(C[C@H](C)Nc1cccc(C)n1)OCC,19.3
39544236,C[C@@H](CC1=CC=CC=C1)NC1=CC=CC(C)=N1,Cc1cccc(N[C@@H](C)Cc2ccccc2)n1,31.2
39544302,CCCCCC[C@H](C)NC1=NC(C)=CC=C1,CCCCCC[C@H](C)Nc1cccc(C)n1,23.5
39544303,C[C@H](NC1=NC(C)=CC=C1)C1CCCCC1,Cc1cccc(N[C@@H](C)C2CCCCC2)n1,26.4
39544306,C[C@@H](CC1=CC=C(O)C=C1)NC1=NC(C)=CC=C1,Cc1cccc(N[C@@H](C)Cc2ccc(O)cc2)n1,27.6
39544308,C[C@@H](COC1=CC=CC=C1)NC1=NC(C)=CC=C1,Cc1cccc(N[C@@H](C)COc2ccccc2)n1,-38.1
39544309,CC=CC[C@H](C)NC1=NC(C)=CC=C1,CC=CC[C@H](C)Nc1cccc(C)n1,14.5
39563318,C[C@H](CCC=C)OC=C=C,C=C=CO[C@H](C)CCC=C,38.5
39812585,[H][C@]12C[C@H](O)C=C1C(=CCC2)C(=O)OC,COC(=O)C1=CCC[C@H]2C[C@H](O)C=C12,-2.8
39818699,C1N[C@H]1C1=CC=CC=N1,c1ccc([C@H]2CN2)nc1,-36.8
39818700,CCC1=N[C@@H](CC2=CC=CC=C2)CS1,CCC1=N[C@@H](Cc2ccccc2)CS1,-57.1
39818703,CC(C)[C@H]1CSC(CC2=CC=CC=C2)=N1,CC(C)[C@H]1CSC(Cc2ccccc2)=N1,-62.2
39818704,CC(C)[C@H]1CSC(CC2=CC=C(C)C=C2)=N1,Cc1ccc(CC2=N[C@@H](C(C)C)CS2)cc1,-59.9
39818705,COC1=CC=C(CC2=N[C@H](CS2)C(C)C)C=C1,COc1ccc(CC2=N[C@@H](C(C)C)CS2)cc1,-45.9
39818706,CC(C)[C@H]1CSC(CC2=CC=C(Cl)C=C2)=N1,CC(C)[C@H]1CSC(Cc2ccc(Cl)cc2)=N1,-56.6
39818707,CC(C)[C@H]1CSC(CC2=NC=CC=C2)=N1,CC(C)[C@H]1CSC(Cc2ccccn2)=N1,-41.8
39818708,CC(C)[C@H]1CSC(CC2CCCCC2)=N1,CC(C)[C@H]1CSC(CC2CCCCC2)=N1,-46.8
39818709,CC(C)C[C@H]1CSC(CC2=CC=CC=C2)=N1,CC(C)C[C@H]1CSC(Cc2ccccc2)=N1,-85.4
39818711,C(C1=N[C@H](CS1)C1=CC=CC=C1)C1=CC=CC=C1,c1ccc(CC2=N[C@@H](c3ccccc3)CS2)cc1,-36.9
39968278,C[C@@H]1OC(C)(C)O[C@H]1\C=C\C=C1/OC(=O)C=C1,C[C@@H]1OC(C)(C)O[C@H]1/C=C/C=C1/C=CC(=O)O1,16.5
40177173,[H][C@]12CC[C@H](C(C)C)[C@@]1([H])[C@@H](OC)O[C@H]2CCC(C)=O,CO[C@H]1O[C@@H](CCC(C)=O)[C@H]2CC[C@H](C(C)C)[C@@H]12,154.3
40486477,O[C@@H](CN(=O)=O)C1=CC=CC=C1C1=CC=CC=C1,O=[N+]([O-])C[C@H](O)c1ccccc1-c1ccccc1,-9.8
40490295,CC(CO)=[C@]=CCCCCO,CC(=C=CCCCCO)CO,10.0
40637218,C=C[C@H](C\C=C(\C=O)C1=CC=CC=C1)C1=COC=C1,C=C[C@H](C/C=C(/C=O)c1ccccc1)c1ccoc1,6.0
40637224,C=C[C@H](C\C=C\C=O)C1=CC=CC2=CC=CC=C12,C=C[C@H](C/C=C/C=O)c1cccc2ccccc12,46.0
40637225,C\C(C=O)=C/C[C@@H](C=C)C1=CC=CC2=CC=CC=C12,C=C[C@H](C/C=C(\C)C=O)c1cccc2ccccc12,29.0
40637229,C\C(C=O)=C/C[C@@H](C=C)C1=CC=CC=C1,C=C[C@H](C/C=C(\C)C=O)c1ccccc1,-1.7
40637231,C\C(C=O)=C/C[C@@H](C=C)C1=CC(=CC=C1)N(=O)=O,C=C[C@H](C/C=C(\C)C=O)c1cccc([N+](=O)[O-])c1,-3.0
40637232,C\C(C=O)=C/C[C@@H](C=C)C1=CC=C(C=C1)C#N,C=C[C@H](C/C=C(\C)C=O)c1ccc(C#N)cc1,-29.0
40637233,C\C(C=O)=C/C[C@@H](C=C)C1=CC=C(C=O)C=C1,C=C[C@H](C/C=C(\C)C=O)c1ccc(C=O)cc1,-18.0
40637234,C\C(C=O)=C/C[C@@H](C=C)C1=CC=C(C=C1)C#C,C#Cc1ccc([C@H](C=C)C/C=C(\C)C=O)cc1,-2.5
40637236,C=C[C@H](CCCC=O)C1=C2C=CC=CC2=CC=C1,C=C[C@H](CCCC=O)c1cccc2ccccc12,-35.0
40637241,C\C(CO)=C/C[C@@H](C=C)C1=CC=CC=C1,C=C[C@H](C/C=C(\C)CO)c1ccccc1,-43.5
40637242,C\C(=C/C[C@@H](C=C)C1=CC=CC=C1)C(O)=O,C=C[C@H](C/C=C(\C)C(=O)O)c1ccccc1,21.0
40637243,CC(=O)[C@H](C\C=C(/C)C=O)C1=CC=CC=C1,CC(=O)[C@H](C/C=C(\C)C=O)c1ccccc1,16.2
40638170,C[C@H](O)[Si](C)(C)CCCC1=CC=CC=C1,C[C@H](O)[Si](C)(C)CCCc1ccccc1,6.0
40638175,C[C@H](O)[Si](C)(C)C1=CC2=C(OCO2)C=C1,C[C@H](O)[Si](C)(C)c1ccc2c(c1)OCO2,18.8
40638177,C[C@H](O)[Si](C)(C)C1=CC=C(C=C1)N(C)C,C[C@H](O)[Si](C)(C)c1ccc(N(C)C)cc1,1.4
40638179,C[C@H](O)[Si](C)(C)C1=CC2=C(OCCO2)C=C1,C[C@H](O)[Si](C)(C)c1ccc2c(c1)OCCO2,14.6
40638184,C[C@H](O)[Si](C)(C)C1=CC=CC2=CC=CC=C12,C[C@H](O)[Si](C)(C)c1cccc2ccccc12,12.2
40638186,C[C@H](O)[Si](C)(C)C1=CC2=CC=CC=C2C=C1,C[C@H](O)[Si](C)(C)c1ccc2ccccc2c1,7.4
40638215,C[C@H](O)[Si](C)(C)C1=CC=C(C=C1)C(F)(F)F,C[C@H](O)[Si](C)(C)c1ccc(C(F)(F)F)cc1,3.8
40639253,CCCCC[C@@H]1CCCO1,CCCCC[C@@H]1CCCO1,-7.4
40639254,BrC[C@@H]1CCCCO1,BrC[C@@H]1CCCCO1,22.6
40659873,COC1=CC=C(C=C1)[C@@H](O)C1=CC(Cl)=CC=C1,COc1ccc([C@@H](O)c2cccc(Cl)c2)cc1,-47.55
40659879,COC1=CC=C(C=C1)[C@@H](O)C1=CC(F)=CC(F)=C1,COc1ccc([C@@H](O)c2cc(F)cc(F)c2)cc1,-66.8
40659883,COC1=CC=C(C=C1)[C@@H](O)C1=CC(F)=C(F)C=C1,COc1ccc([C@@H](O)c2ccc(F)c(F)c2)cc1,-38.11
40659886,COC1=CC=C(C=C1)[C@@H](O)C1=COC2=C1C=CC=C2,COc1ccc([C@@H](O)c2coc3ccccc23)cc1,-12.42
40660760,COC1=C(C=CC=C1)C1=N[C@H](C)CC1,COc1ccccc1C1=N[C@H](C)CC1,17.83
40660761,C[C@@H]1CCC(=N1)C1=CC(C)=CC(C)=C1,Cc1cc(C)cc(C2=N[C@H](C)CC2)c1,43.33
40660763,C[C@@H]1CCC(=N1)C1=CC2=CC=CC=C2C=C1,C[C@@H]1CCC(c2ccc3ccccc3c2)=N1,78.8
40673499,COC1=CC=C(C=C1)N1C[C@](C)(OC1=O)C=C,C=C[C@]1(C)CN(c2ccc(OC)cc2)C(=O)O1,8.9
40673509,COC1=CC=C(C=C1)N1C[C@@](C)(CCO)OC1=O,COc1ccc(N2C[C@@](C)(CCO)OC2=O)cc1,4.2
40673511,C[C@]1(CNC(=O)O1)C=C,C=C[C@]1(C)CNC(=O)O1,-10.4
40673515,COC1=C(N[C@H]2CCC[C@@]2(C)O)C=CC=C1,COc1ccccc1N[C@H]1CCC[C@@]1(C)O,7.2
40673516,[H][C@]12CCC[C@@]1(C)OC(=O)N2C1=C(OC)C=CC=C1,COc1ccccc1N1C(=O)O[C@]2(C)CCC[C@H]12,57.8
40673518,[H][C@]12CCC[C@@]1(C)OC(=O)N2,C[C@@]12CCC[C@@H]1NC(=O)O2,15.4
40673529,CC1(C)OC[C@H](COC(=C)C=C)O1,C=CC(=C)OC[C@H]1COC(C)(C)O1,32.3
40673531,C[C@H](CCOC(=C)C=C)CCC=C(C)C,C=CC(=C)OCC[C@@H](C)CCC=C(C)C,-5.8
40740019,CC[C@H]1CCCCN1[S@](=O)C(C)(C)C,CC[C@H]1CCCCN1[S@](=O)C(C)(C)C,11.0
40740020,CCCC[C@H]1CCCCN1[S@](=O)C(C)(C)C,CCCC[C@H]1CCCCN1[S@](=O)C(C)(C)C,19.6
40740022,CC(C)[C@H]1CCCCN1[S@](=O)C(C)(C)C,CC(C)[C@H]1CCCCN1[S@](=O)C(C)(C)C,21.5
40740024,CC(C)(C)[S@@](=O)N1CCCC[C@@H]1C=C,C=C[C@H]1CCCCN1[S@](=O)C(C)(C)C,-42.0
40916958,CC1=CC=CC(=C1)[C@@H]1CCC2=C(C=CC=C2)[C@@H]1O,Cc1cccc([C@@H]2CCc3ccccc3[C@@H]2O)c1,192.73
40916959,CC1=CC=C(C=C1)[C@@H]1CCC2=C(C=CC=C2)[C@@H]1O,Cc1ccc([C@@H]2CCc3ccccc3[C@@H]2O)cc1,150.31
40916960,COC1=C(C=CC=C1)[C@@H]1CCC2=C(C=CC=C2)[C@@H]1O,COc1ccccc1[C@@H]1CCc2ccccc2[C@@H]1O,179.77
40916961,COC1=CC=CC(=C1)[C@@H]1CCC2=C(C=CC=C2)[C@@H]1O,COc1cccc([C@@H]2CCc3ccccc3[C@@H]2O)c1,141.46
40916962,COC1=CC=C(C=C1)[C@@H]1CCC2=C(C=CC=C2)[C@@H]1O,COc1ccc([C@@H]2CCc3ccccc3[C@@H]2O)cc1,122.4
40916965,O[C@@H]1[C@@H](CCC2=C1C=CC=C2)C1=C(F)C=CC=C1,O[C@H]1c2ccccc2CC[C@H]1c1ccccc1F,146.4
40916966,O[C@@H]1[C@@H](CCC2=C1C=CC=C2)C1=CC(F)=CC=C1,O[C@H]1c2ccccc2CC[C@H]1c1cccc(F)c1,161.2
40916967,O[C@@H]1[C@@H](CCC2=C1C=CC=C2)C1=CC=C(F)C=C1,O[C@H]1c2ccccc2CC[C@H]1c1ccc(F)cc1,156.93
40916973,CC1=CC(C)=C(C=C1)[C@@H]1CCC2=C(C=CC=C2)[C@@H]1O,Cc1ccc([C@@H]2CCc3ccccc3[C@@H]2O)c(C)c1,160.8
40916978,COC1=CC=CC2=C1CC[C@H]([C@H]2O)C1=CC=CC=C1,COc1cccc2c1CC[C@@H](c1ccccc1)[C@H]2O,161.22
40916979,O[C@@H]1[C@@H](CCC2=C1C=CC(F)=C2)C1=CC=CC=C1,O[C@H]1c2ccc(F)cc2CC[C@H]1c1ccccc1,158.33
40916981,CC1=CC2=C(CC[C@H]([C@H]2O)C2=CC=CC=C2)C=C1,Cc1ccc2c(c1)[C@H](O)[C@H](c1ccccc1)CC2,138.64
40916982,COC1=CC2=C(CC[C@H]([C@H]2O)C2=CC=CC=C2)C=C1,COc1ccc2c(c1)[C@H](O)[C@H](c1ccccc1)CC2,145.33
40916986,O[C@@H]1[C@@H](CCC2=C1C=CC=N2)C1=CC=CC=C1,O[C@H]1c2cccnc2CC[C@H]1c1ccccc1,95.83
40916998,CCC[C@@H]1CCC2=CC=CC=C2[C@@H]1O,CCC[C@@H]1CCc2ccccc2[C@@H]1O,66.0
40916999,CC(C)[C@@H]1CCC2=CC=CC=C2[C@@H]1O,CC(C)[C@@H]1CCc2ccccc2[C@@H]1O,68.83
40917890,FC(F)(F)C1=CC=C(C=C1)[C@H]1CCCCCN1,FC(F)(F)c1ccc([C@H]2CCCCCN2)cc1,51.4
40941196,CC(C)(C)[C@H](CC=C)B1OC(C)(C)C(C)(C)O1,C=CC[C@H](B1OC(C)(C)C(C)(C)O1)C(C)(C)C,-21.7
40956032,C[C@@](CO)(C=C)N1C=CC=C(F)C1=O,C=C[C@@](C)(CO)n1cccc(F)c1=O,72.4
40956033,C[C@@](CO)(C=C)N1C=CC=C(Cl)C1=O,C=C[C@@](C)(CO)n1cccc(Cl)c1=O,71.5
40956037,C[C@@](CO)(C=C)N1C=CC=C(C1=O)C(F)(F)F,C=C[C@@](C)(CO)n1cccc(C(F)(F)F)c1=O,29.4
40956038,COC(=O)C1=CC=CN(C1=O)[C@](C)(CO)C=C,C=C[C@@](C)(CO)n1cccc(C(=O)OC)c1=O,21.7
40956039,COC(=O)C1=CC(=O)N(C=C1)[C@](C)(CO)C=C,C=C[C@@](C)(CO)n1ccc(C(=O)OC)cc1=O,47.1
40956040,C[C@@](CO)(C=C)N1C=C(C=O)C=CC1=O,C=C[C@@](C)(CO)n1cc(C=O)ccc1=O,19.1
40956043,CC1=CC=CN(C1=O)[C@](C)(CO)C=C,C=C[C@@](C)(CO)n1cccc(C)c1=O,49.5
40956044,CC1=CC(=O)N(C=C1)[C@](C)(CO)C=C,C=C[C@@](C)(CO)n1ccc(C)cc1=O,137.4
40956047,COC1=C(C#N)C(=O)N(C=C1)[C@](C)(CO)C=C,C=C[C@@](C)(CO)n1ccc(OC)c(C#N)c1=O,4.6
40956048,CC1=C(C(=O)N(C=C1)[C@](C)(CO)C=C)N(=O)=O,C=C[C@@](C)(CO)n1ccc(C)c([N+](=O)[O-])c1=O,36.4
40956050,C[C@@](CO)(C=C)N1C=CC2=C(C=CO2)C1=O,C=C[C@@](C)(CO)n1ccc2occc2c1=O,19.6
40956079,OC[C@](C=C)(N1C=CC=CC1=O)C1=CC=CS1,C=C[C@](CO)(c1cccs1)n1ccccc1=O,72.7
41059274,N[C@]1(CC2=CC3=C(C=CC=C3)C=C2)CCOC1=O,N[C@]1(Cc2ccc3ccccc3c2)CCOC1=O,-46.0
41059285,COC(=O)[C@](C)(N)CC1=CSC=C1,COC(=O)[C@](C)(N)Cc1ccsc1,-11.1
41059286,COC(=O)[C@](C)(N)CC1=CC2=CC=CC=C2S1,COC(=O)[C@](C)(N)Cc1cc2ccccc2s1,-13.6
41059287,COC(=O)[C@](C)(N)CC1=CC2=CC=CC=C2O1,COC(=O)[C@](C)(N)Cc1cc2ccccc2o1,-11.2
41059288,COC(=O)[C@](C)(N)CC1=COC2=CC=CC=C12,COC(=O)[C@](C)(N)Cc1coc2ccccc12,-9.2
41059289,COC(=O)[C@](C)(N)CC1=CC=C2OC=CC2=C1,COC(=O)[C@](C)(N)Cc1ccc2occc2c1,-15.4
41071246,[H][C@@]12OC3=C(C(=O)OC(C)=C3)[C@]1([H])CC=C2,Cc1cc2c(c(=O)o1)[C@@H]1CC=C[C@@H]1O2,-19.4
41071247,[H][C@@]12OC3=C(C(=O)OC(C)=C3)[C@]1([H])CCCC=C2,Cc1cc2c(c(=O)o1)[C@@H]1CCCC=C[C@@H]1O2,-37.3
41071248,[H][C@@]12OC(C=C(C)C)=C(C(O)=O)[C@]1([H])CCC=C2,CC(C)=CC1=C(C(=O)O)[C@@H]2CCC=C[C@@H]2O1,-27.0
41071249,[H][C@@]12CCC=C[C@]1([H])OC1=C2COC(C)=C1,CC1=CC2=C(CO1)[C@@H]1CCC=C[C@@H]1O2,-15.1
41071250,[H][C@@]12OC3=C(C(=O)OC(=C3)C(C)C)[C@]1([H])CCC=C2,CC(C)c1cc2c(c(=O)o1)[C@@H]1CCC=C[C@@H]1O2,-32.8
41071253,[H][C@@]12CCC=C[C@]1([H])OC1=C2C(=O)OC(=C1)C(C)(C)C,CC(C)(C)c1cc2c(c(=O)o1)[C@@H]1CCC=C[C@@H]1O2,-51.0
41071263,[H][C@@]12CCC=C[C@]1([H])OC1=C2C(=O)OC(C)=C1C,Cc1oc(=O)c2c(c1C)O[C@H]1C=CCC[C@@H]21,-52.3
41307231,CC(=C)[C@@H]1CCC(C)=C1CC#C,C#CCC1=C(C)CC[C@H]1C(=C)C,186.0
41307234,[H][C@]1(CCC(C)=C1CC#C)[C@@H](C)C=O,C#CCC1=C(C)CC[C@H]1[C@@H](C)C=O,-40.0
41307236,[H][C@]1(CCC(C)=C1CC#C)[C@@H](C)[C@H](O)C=C=C,C#CCC1=C(C)CC[C@H]1[C@@H](C)[C@H](O)C=C=C,55.0
41307254,[H][C@@]12C[C@@]11CC3=C(C)CC[C@@]3([H])\C(C)=C/C[C@]1([H])CC2=O,CC1=C2C[C@]34C[C@H]3C(=O)C[C@H]4C/C=C(/C)[C@@H]2CC1,480.0
41867706,CC1=CCC[C@]1(O)CC=C,C=CC[C@@]1(O)CCC=C1C,2.7
41893531,C=C[C@@H]1C[C@]2(CCCO2)OC2=CC=CC=C12,C=C[C@@H]1C[C@]2(CCCO2)Oc2ccccc21,286.1
41893532,C=C[C@@H]1C[C@@]2(CCCO2)OC2=CC=CC=C12,C=C[C@@H]1C[C@@]2(CCCO2)Oc2ccccc21,12.5
41893533,CC1(C)CC[C@]2(C[C@@H](C=C)C3=CC=CC=C3O2)O1,C=C[C@@H]1C[C@]2(CCC(C)(C)O2)Oc2ccccc21,144.5
41893536,C=C[C@@H]1C[C@]2(CCCCO2)OC2=CC=CC=C12,C=C[C@@H]1C[C@]2(CCCCO2)Oc2ccccc21,85.5
42005700,CC(=O)[C@@H]1CC=C(C)C[C@H]1C#C[Si](C)(C)C,CC(=O)[C@@H]1CC=C(C)C[C@H]1C#C[Si](C)(C)C,-108.2
42005701,CC(=O)[C@@H]1CC(C)=C(C)C[C@H]1C#C[Si](C)(C)C,CC(=O)[C@@H]1CC(C)=C(C)C[C@H]1C#C[Si](C)(C)C,-105.4
42005987,CC=C[C@]1(C)OC(C)(C)O[C@]1(C)C=C,C=C[C@@]1(C)OC(C)(C)O[C@@]1(C)C=CC,-69.8
42302231,C[C@H](NC(=O)C1=NC=CC=C1)C1=CC=C(C)C=C1,Cc1ccc([C@H](C)NC(=O)c2ccccn2)cc1,9.22
42626431,CO[C@@H]1OC[C@@H](F)C2=CC=CC=C12,CO[C@@H]1OC[C@@H](F)c2ccccc21,-67.101
42626435,CO[C@@H]1OC[C@@H](F)C2=CC=CC(F)=C12,CO[C@@H]1OC[C@@H](F)c2cccc(F)c21,-45.008
42626437,CO[C@@H]1OC[C@@H](F)C2=CC=C(F)C=C12,CO[C@@H]1OC[C@@H](F)c2ccc(F)cc21,-45.443
42626439,CO[C@@H]1OC[C@@H](F)C2=CC(F)=CC=C12,CO[C@@H]1OC[C@@H](F)c2cc(F)ccc21,-61.312
42626443,CO[C@@H]1OC[C@@H](F)C2=CC=CC(C)=C12,CO[C@@H]1OC[C@@H](F)c2cccc(C)c21,-47.28
42626445,CO[C@@H]1OC[C@@H](F)C2=CC=C(C)C=C12,CO[C@@H]1OC[C@@H](F)c2ccc(C)cc21,-29.009
42626447,CO[C@@H]1OC[C@@H](F)C2=CC(C)=CC=C12,CO[C@@H]1OC[C@@H](F)c2cc(C)ccc21,-57.193
42626449,CO[C@@H]1OC[C@@H](F)C2=CC=CC(Cl)=C12,CO[C@@H]1OC[C@@H](F)c2cccc(Cl)c21,-29.548
43357662,[H][C@@]12[C@@H](C(=O)OCC)[C@]1([H])C1=CC=CC=C1OC2=O,CCOC(=O)[C@@H]1[C@H]2C(=O)Oc3ccccc3[C@@H]12,7.2
43357663,[H][C@]12COC3=CC=CC=C3[C@@]1([H])[C@@H]2C(=O)OCC,CCOC(=O)[C@@H]1[C@H]2COc3ccccc3[C@H]21,-104.5
43357664,CCOC(=O)[C@@H]1[C@@H](CO)[C@H]1C1=C(O)C=CC=C1,CCOC(=O)[C@@H]1[C@@H](CO)[C@H]1c1ccccc1O,-18.0
43602703,[H][C@]12CC(C)(C)[C@]1([H])CC\C(=C/CC2=C)C(C)=O,C=C1C/C=C(/C(C)=O)CC[C@@H]2[C@@H]1CC2(C)C,49.4
43602705,[H][C@]12CC(C)(C)[C@]1([H])CC\C(C=C)=C/CC2=C,C=C/C1=C/CC(=C)[C@H]2CC(C)(C)[C@@H]2CC1,50.2
43801928,CC[C@@](C)(C(=O)N(C)OC)C1=CC=CC=C1,CC[C@@](C)(C(=O)N(C)OC)c1ccccc1,-9.7
43801929,CC[C@](F)(CC1=CC=CC=C1)C(=O)N(C)OC,CC[C@](F)(Cc1ccccc1)C(=O)N(C)OC,-13.7
43801930,CC[C@](F)(CC1=CC=CC=C1)C(O)=O,CC[C@](F)(Cc1ccccc1)C(=O)O,-17.7
43942919,CC1=CC=CC(=C1)C(\Cl)=C1\[C@@H](COC1=O)C=C,C=C[C@@H]1COC(=O)/C1=C(/Cl)c1cccc(C)c1,-18.7
43942933,C\C(Cl)=C1\[C@@H](COC1=O)C=C,C=C[C@@H]1COC(=O)/C1=C(\C)Cl,-1.0
43942934,CC\C(Cl)=C1\[C@@H](COC1=O)C=C,C=C[C@@H]1COC(=O)/C1=C(/Cl)CC,-1.2
43942935,FC1=CC=C(C=C1)C(\Cl)=C1\[C@@H](COC1=O)C=C,C=C[C@@H]1COC(=O)/C1=C(/Cl)c1ccc(F)cc1,-27.9
43942936,CCC\C(Cl)=C1\[C@@H](COC1=O)C=C,C=C[C@@H]1COC(=O)/C1=C(/Cl)CCC,-97.5
43942937,CCCCC\C(Cl)=C1\[C@@H](COC1=O)C=C,C=C[C@@H]1COC(=O)/C1=C(/Cl)CCCCC,-101.7
43942938,CC1=C(C=CC=C1)C(\Cl)=C1\[C@@H](COC1=O)C=C,C=C[C@@H]1COC(=O)/C1=C(/Cl)c1ccccc1C,-22.6
43942989,C=C[C@@H]1COC(=O)C1=C(C1CC1)C1=CC=CC=C1,C=C[C@@H]1COC(=O)C1=C(c1ccccc1)C1CC1,-33.0
43942992,C=C[C@@H]1COC(=O)C1=CC1=CC=CC=C1,C=C[C@@H]1COC(=O)C1=Cc1ccccc1,-219.4
43942997,C=C[C@@H]1COC(=O)[C@H]1CC1=CC=C2OCOC2=C1,C=C[C@@H]1COC(=O)[C@H]1Cc1ccc2c(c1)OCO2,-27.6
44006173,CO[C@H]1OC[C@](C)(C=C)[C@@H]1C(=O)C1=CC=CC=C1,C=C[C@@]1(C)CO[C@H](OC)[C@H]1C(=O)c1ccccc1,50.0
44255944,COC1=C(C=C(C)C=C1)[C@@]1(C)CCC[C@@]1(C)C=C,C=C[C@]1(C)CCC[C@]1(C)c1cc(C)ccc1OC,-34.0
44280363,CN(CCC1=CCCC[C@H]1O)C(=O)OC(C)(C)C,CN(CCC1=CCCC[C@H]1O)C(=O)OC(C)(C)C,49.0
44392499,[H][C@]12OC[C@@H](O)[C@@]1([H])[C@@H](O)[C@@H](O)[C@@H](CO)O2,OC[C@H]1O[C@H]2OC[C@@H](O)[C@H]2[C@@H](O)[C@H]1O,1.6
44393328,CN1C=CC(=C1)[C@@H](O)C1=CC=C(C=C1)N(=O)=O,Cn1ccc([C@@H](O)c2ccc([N+](=O)[O-])cc2)c1,-68.3
44393339,CCN1C=CC(=C1)[C@@H](O)C1=CC=C(C=C1)N(=O)=O,CCn1ccc([C@@H](O)c2ccc([N+](=O)[O-])cc2)c1,-60.8
44393361,CC(=O)[C@@](C)(O)C1=CN(CC2=CC=CC=C2)C=C1,CC(=O)[C@@](C)(O)c1ccn(Cc2ccccc2)c1,18.3
44393369,CC(=O)[C@](C)(O)C1=CN(C=C1)C(C)(C)C,CC(=O)[C@](C)(O)c1ccn(C(C)(C)C)c1,33.1
44393370,COC(=O)[C@](C)(O)C1=CN(C=C1)C1=CC=CC=C1,COC(=O)[C@](C)(O)c1ccn(-c2ccccc2)c1,27.2
44393375,O[C@H](C1=CNC=C1)C1=CC=CC=C1N(=O)=O,O=[N+]([O-])c1ccccc1[C@H](O)c1cc[nH]c1,-39.1
44393376,O[C@H](C1=CNC=C1)C1=CC=C(C=C1)N(=O)=O,O=[N+]([O-])c1ccc([C@H](O)c2cc[nH]c2)cc1,-36.2
44393377,O[C@@H](C1=CNC=C1)C1=CC=C(C=C1)N(=O)=O,O=[N+]([O-])c1ccc([C@@H](O)c2cc[nH]c2)cc1,36.0
44393378,O[C@H](C1=CNC=C1)C1=CC=C(C=C1)C#N,N#Cc1ccc([C@H](O)c2cc[nH]c2)cc1,-41.2
44393379,O[C@H](C1=CNC=C1)C1=CC(=CC=C1Cl)N(=O)=O,O=[N+]([O-])c1ccc(Cl)c([C@H](O)c2cc[nH]c2)c1,-39.3
44393382,O[C@H](C1=CNC=C1)C1=CC=NC=C1,O[C@@H](c1ccncc1)c1cc[nH]c1,-18.3
44393383,CCOC(=O)[C@H](O)C1=CNC=C1,CCOC(=O)[C@H](O)c1cc[nH]c1,33.4
44393385,CC(=O)[C@](C)(O)C1=CNC=C1,CC(=O)[C@](C)(O)c1cc[nH]c1,30.6
44393386,COC(=O)[C@](C)(O)C1=CNC=C1,COC(=O)[C@](C)(O)c1cc[nH]c1,32.1
44393387,CCOC(=O)[C@](C)(O)C1=CNC=C1,CCOC(=O)[C@](C)(O)c1cc[nH]c1,35.4
44641798,OC[C@@H](OC(=O)C12CC3CC(CC(C3)C1)C2)C=C,C=C[C@@H](CO)OC(=O)C12CC3CC(CC(C3)C1)C2,-81.4
