005049
072010
075220
070139
059637
060316
000164
004257
077791
061375
043039
089424
025740
050950
074104
086968
060793
100874
021493
123961
036387
070788
014123
000055
017365
054936
061334
077553
088751
001595
083694
014344
027927
130131
098536
033881
004958
027126
006915
043853
054192
115156
101744
064541
105007
101155
060031
107104
020318
095037
095269
060054
006327
043625
097725
079409
083013
034288
095152
065451
093611
061347
026490
032402
062568
058624
007366
014978
016642
017558
020931
053938
086744
007272
020187
048771
042079
104788
007093
034554
098051
057270
015971
126625
126740
063230
052230
078257
091369
030304
042230
004447
076941
047785
010131
116427
003923
123271
035033
080418
001129
067972
074962
066649
031431
008498
102712
038642
052885
100811
105146
073355
035798
038947
127054
104857
028206
045699
014013
122298
133249
098847
133166
058473
132844
093853
066401
025205
022374
042184
023372
023586
120998
052105
081787
066374
106627
027208
050781
003768
114675
051345
023005
007419
050549
112400
020002
115086
106570
003255
053574
033065
120586
132979
131861
041629
015709
079687
057098
102713
090253
030221
100186
107372
026804
013045
010045
121632
131237
116137
030833
032565
015814
033243
121026
023696
095358
092679
108805
085657
015563
044853
054915
005008
089251
075196
021793
028198
028839
071423
074606
132674
110847
075448
061209
091501
062552
007746
062869
046471
118162
062435
124178
050058
003212
025983
075245
036137
100413
031602
089634
072008
081384
086887
106958
117729
116583
028980
063331
027088
015474
131561
130066
058434
049779
026600
088082
101143
094325
030752
112549
109492
065642
111986
107655
087402
060864
060994
051778
107931
090838
068462
115913
022726
127095
118033
044502
049447
034098
023724
126888
085804
005528
010443
001856
058046
091421
113080
060732
056122
061426
091036
035149
020176
077096
093416
098927
054973
060712
072146
122655
035903
111591
117629
019978
099213
085511
050070
104146
065315
099477
060373
028549
093499
105795
098403
065282
089384
117252
129458
071537
044594
018703
090049
020470
121935
110179
001450
080665
099603
023337
014439
129540
000821
081392
130378
011442
050539
071990
133600
021837
061198
018597
030070
126500
126612
054315
086289
036583
045159
063576
114986
016066
105648
044181
020767
027476
115318
084501
069388
042962
033781
098062
029028
072590
054029
025810
096027
044051
095287
129331
073315
057646
007920
129927
059685
086015
094538
108100
046358
042288
092344
057386
003262
076517
069766
044814
032542
017642
133235
094667
123343
023574
017194
124329
051935
018382
057396
087246
011267
023260
114226
027880
080121
015439
073372
104341
041273
077922
000897
114945
022375
087137
032817
057325
131893
023373
002006
101085
003802
105787
045743
002218
013082
065319
119375
107606
020938
019504
054028
107477
040728
094025
030256
120565
101506
001099
015492
059471
101923
035766
040378
045640
044972
117653
108101
005952
130996
059607
057392
085644
133450
063155
068650
023225
052309
099678
128615
050726
100369
105441
016971
036480
107069
020645
004201
083723
044155
013404
035675
066250
117009
128974
028986
030456
084837
089638
030105
057101
030229
086353
016006
128450
100778
057035
101406
092428
012028
112776
063421
023544
010520
038938
058278
028857
128127
072310
127065
107449
059724
128904
065400
095727
047410
019234
023870
073971
126296
018678
131940
108807
114347
016539
107888
125357
064129
036643
060107
131546
062091
068961
078565
020305
021945
035531
124543
089644
064689
067960
013836
126964
084430
034194
049118
111692
027972
100243
067353
054381
105232
072217
063746
053538
130570
026666
053498
059019
000293
127460
055065
128291
053211
087187
040826
109266
026967
041969
024099
019706
065107
118429
075828
025927
065563
063711
117863
075280
035976
110528
073610
092453
114110
106569
009571
101245
083463
039717
060495
044889
095033
108925
049129
009076
132756
054168
104102
098352
070584
131126
096235
093009
013497
098338
115040
050075
040339
122669
026541
046608
059889
045607
066002
091260
096116
119813
068327
060454
119796
068528
083048
098858
077986
128204
053071
053633
054481
083072
075459
081226
055306
084178
083200
015044
010817
004184
002373
048140
120020
087906
048316
111904
004136
101558
060950
118874
003021
054209
072318
064864
015979
033742
054164
089232
099202
092764
025190
055424
015804
043909
047969
126276
089423
028948
081546
006531
095357
036075
068042
102719
092180
051768
035266
027568
027622
030125
072137
133630
113749
091127
096858
011872
056424
127038
034731
065671
062090
110896
112261
118670
128704
060293
024762
065452
001674
067800
088109
097457
117288
114992
125606
091689
040037
009634
046597
084762
067338
040425
022462
100421
005054
000355
113988
120218
129748
046470
029521
123964
132910
042143
065398
050270
069925
095361
024512
091087
127938
106755
031250
037963
060681
098787
054085
038471
115467
059419
012565
023716
125280
008759
127099
015164
013336
035092
024769
009768
001757
058013
018732
106523
066042
074404
041727
111486
129299
041377
059532
127437
083639
106907
132055
004716
035395
106626
011878
059535
026003
027922
036527
121946
099645
023834
132164
075610
069640
083661
057289
067832
130787
013237
079408
048677
114092
001996
111587
064061
121393
121236
128753
066610
109728
001853
117353
084236
073726
041573
125729
132336
053443
027266
066041
077100
129202
101204
087416
031962
081474
041376
069820
131712
031223
105316
069629
127463
130610
075551
043627
017745
057930
087701
040750
000456
076108
107048
080963
024127
119134
112428
011711
054491
056796
077352
019343
043689
108605
092425
032271
088381
064371
011770
002666
004489
107248
025684
041531
064788
063682
028145
004035
069164
101973
065096
022689
107505
052724
064517
025869
022015
058988
115848
107619
034867
036852
082983
006613
012290
031488
036711
039286
125877
031445
060745
069531
130814
040647
054320
072613
018314
122200
110852
028020
061190
065263
061193
096075
036173
081022
020467
022381
021271
107064
102041
129880
084359
010124
072065
074848
097926
075354
010627
052613
107417
003225
107921
007484
015429
061758
029764
043758
068504
124191
050090
040802
015488
035842
011027
026440
121924
133382
005192
086820
022746
128581
099306
068483
019161
047804
010742
048017
057996
004902
104768
028773
007432
105774
089893
004849
023461
116980
068933
020651
038896
032384
060773
021618
049983
044148
028751
072488
101158
092157
019515
079652
037779
092272
127034
058422
093640
063101
130299
098888
113710
112716
003045
009870
127403
023414
099616
079245
128923
047178
024949
014429
095341
115158
029227
116118
043882
022027
004353
121654
127848
012074
062977
014598
109296
132185
123638
026611
040126
048360
107315
088071
023074
021585
024993
032545
092569
117739
076704
006497
029285
008606
006196
098104
035603
122123
009848
045272
093651
005433
004940
094694
047340
094331
112024
128475
073761
022631
016374
034237
112728
016965
075094
050039
111137
092427
074012
010334
121403
015418
050098
061013
083316
050378
021942
024403
088470
081046
095552
016334
101977
068405
010703
024707
031622
009799
011169
055205
035153
026340
074432
105096
058994
114166
119453
089509
038271
054242
026238
068631
070786
051597
121783
090176
020095
032453
034308
078496
067046
027686
009651
124078
125592
078301
108134
072896
034578
022803
120435
126914
033736
047968
072474
031948
088850
123276
025213
130245
001721
095882
020388
056272
039012
022511
056444
018916
133545
004737
043341
013492
124046
047070
043379
011208
133327
089279
015297
000435
130983
092263
119549
008960
122666
072782
052115
016653
006980
096398
057136
008737
039942
070294
104866
117948
029573
080319
050417
010560
017804
090136
124159
062904
060365
031219
082774
088831
120492
069318
102361
103787
035281
050247
064456
030875
116368
039213
090487
130258
042166
015926
093197
038661
013610
024989
102445
059518
101660
004269
093483
006771
022449
105368
012783
068026
046276
063361
101933
068308
082746
104648
026994
122255
131598
133153
000637
030445
096477
017770
113452
074106
058337
049963
124032
075587
089594
011395
106275
041718
127091
072740
099267
080221
102088
059849
027066
049064
068320
014817
104051
064123
002158
106945
092390
123470
125649
031276
073106
011394
048235
031118
071881
107588
066035
071836
013166
120786
060113
031583
088656
064563
081514
128476
115989
119854
083583
084327
030064
064932
032148
080200
056146
112616
060590
131958
097600
065113
059791
061379
040775
018307
129072
081175
027368
081064
064325
029536
106204
111724
071882
108168
076542
045969
131820
091718
105225
044778
098208
037915
115055
109225
077479
094031
106726
085901
028074
033982
027489
116048
038857
127124
051522
089867
007278
068513
037792
081176
118593
006067
054159
043516
064945
051029
102441
099023
044709
125652
107331
089630
122927
028381
126322
102036
066481
124135
011848
101628
124389
044169
085510
128535
011577
104176
051741
035787
009975
028685
092695
081379
125896
059659
013653
029349
013627
083292
082639
101676
085401
041337
056000
023452
120987
130212
124466
038616
086577
002181
016159
108338
092236
085238
096138
063649
011334
105169
066219
038811
122510
117523
008151
124443
005427
115445
076289
024747
020900
094548
069746
060981
048560
016074
047767
020819
095816
117200
012127
026613
094555
133075
092716
092759
089708
080019
039371
109975
098913
069910
016993
129047
050556
077120
053759
004198
030648
125213
017341
056955
017370
039166
083073
112901
047282
027527
022970
118397
060601
109559
018202
122789
108119
113233
052976
013312
096465
119356
118804
099679
050510
030747
117429
076169
000401
027353
117149
021809
004806
087315
023425
014663
124763
114020
057014
054000
051712
096348
017302
130206
072870
032740
030397
063598
026648
073587
052837
039644
055269
039246
017354
099604
035221
133033
078606
031234
097854
102155
122558
064198
103893
078628
092356
084244
130775
115358
012240
057438
040537
041767
097252
090560
053115
072294
010323
041254
080793
049637
090935
008186
108719
109040
000790
055319
016845
111883
110431
018304
017441
019422
119475
008597
072106
109540
024267
069555
041470
055224
125128
116979
085681
001519
016933
114834
035584
099453
095250
011017
121448
010908
113744
033458
002035
053160
080528
022067
131331
028488
007200
096353
067376
019355
067346
040536
032337
068291
105806
065337
094798
066020
026945
027300
052845
032748
083189
002683
029899
044927
052142
107882
100819
012020
044719
059295
068441
102543
032130
098362
045364
019979
064295
011178
003028
069324
121474
094702
066673
067598
097367
076401
054339
095013
082485
049377
055701
045066
130720
074126
128987
054514
075384
026865
074068
129255
109377
085911
102683
100675
113967
047750
086399
103781
050627
093580
075847
013969
106891
037521
064352
036558
107117
036298
088433
012536
080381
108298
021890
040383
011356
125230
120569
036255
071372
064718
029150
126681
104660
058313
054494
007473
095350
049272
117763
001219
133741
046181
044605
035707
097973
063007
130402
050779
084815
118789
101010
045296
099530
090304
100655
064382
087094
126985
057766
054300
093565
104512
096450
125127
042130
097493
024906
040376
017908
070257
105955
001719
128815
050413
013816
019684
013723
037187
007364
057103
051142
016713
017994
121484
091348
095270
035513
056845
089313
103878
104686
005845
009695
040202
068100
052367
121647
045639
060828
098495
002175
074787
070075
025623
001847
112319
003683
130735
010207
060444
091703
102204
127905
114582
076215
030124
026259
023040
048513
027257
038700
056427
012178
101434
079873
078740
005594
044917
001303
115435
077885
098353
115979
033114
070113
089817
045285
053900
121004
007691
076565
003830
048167
068609
098971
133002
029790
093153
034915
046557
042487
054089
106053
079345
097980
043601
092002
017488
047240
117579
029210
041489
058218
002174
115984
058589
005037
053989
054779
010958
070781
070626
024367
125962
112301
117784
075095
102066
021816
112341
072174
032534
058263
013536
034017
132478
088420
123685
057076
069491
045443
029169
039616
001148
120151
112601
076552
020894
124951
119228
037583
116421
126568
096494
100090
061446
055658
023774
073168
024772
070674
000708
056121
062948
132949
081818
131808
064240
013981
073378
095801
106295
093226
024600
014986
026737
015186
060381
131491
013586
076106
123578
099333
014328
080522
105033
033036
064444
015000
021226
007881
059239
082338
045062
065217
123993
095863
026131
122069
064571
029933
065149
129172
046238
066860
114749
060619
105792
116612
096085
028509
081327
058931
112635
105948
030361
115803
050819
094205
019658
062477
047494
097113
060114
019328
028732
117211
073048
086566
020049
004300
009823
082661
047928
102144
012645
026519
115225
081899
110923
059681
002558
004515
052842
102999
043083
129517
124876
013360
128851
104140
088371
070551
103596
116057
056902
011890
067135
011185
084042
130412
129584
112141
050548
120286
100286
001911
105413
130031
132293
080922
104173
033368
011702
035815
117991
035148
065507
129419
133366
062971
024151
048484
005116
068354
048264
046215
047306
073402
093318
107576
121631
102383
058664
119341
060642
115140
079539
048036
081772
088478
089270
087768
047266
132635
047984
070492
065501
007817
076262
057890
030500
064990
033595
108996
008163
039029
044981
089273
058685
118065
084988
022948
114089
016362
060289
013009
118785
011409
062514
021947
072451
028444
028613
035012
112365
097590
021929
050948
077832
128919
021261
125917
015147
123452
048843
086793
045835
001602
106967
058741
105017
103390
032033
045912
074151
044872
056813
127298
022691
057232
093458
051543
063767
116425
077926
033405
113432
045430
108890
021440
057252
010955
000220
096076
086251
023949
121978
020171
122990
089323
002593
081836
063127
035507
092350
077466
111077
109378
096253
101636
022549
108482
061215
023624
018311
109183
117917
088893
011270
107219
065309
131855
096999
109135
025881
118306
072148
016050
093943
058228
008085
025957
011782
086990
026303
121554
047181
119627
084753
114637
108113
020337
016694
076006
104175
000206
085465
033266
047817
060551
007293
086725
071339
098612
041344
065288
098446
047574
014706
041146
021350
006733
114330
012682
078510
061460
072485
056258
086002
030381
053306
024663
050488
018864
062187
070631
055491
062482
101621
099714
125922
130608
003183
048373
128223
063636
117379
114681
081691
013989
085178
069604
051987
131970
062491
029374
047917
038246
018922
020418
125061
013170
116324
086857
049713
029289
013107
010146
008940
095686
116830
017903
036781
132659
008665
078493
065614
121080
029158
041439
000828
037203
034511
033209
061631
001817
030543
103160
080486
132768
068225
084434
059268
116107
019886
128371
093317
060665
085206
131444
077424
070253
076403
048955
086433
043753
100731
077589
077320
100443
025073
041877
016182
026071
015782
032181
045626
085579
072405
032253
040921
072180
075130
077913
117698
006799
092085
046974
031143
102894
011219
011891
112923
083576
025186
116550
129162
061434
124617
000562
026233
129893
048090
064939
041108
041574
062030
127604
072766
012135
061830
028314
032528
116034
007902
043700
121628
098127
086631
061223
060260
050953
093888
053662
048234
035943
057258
060230
110217
119773
041471
011383
098516
083328
089666
074969
014643
065904
048309
028698
015578
094458
041916
051645
130424
065372
075366
056834
076278
023456
130315
047796
050073
031713
089795
096670
080086
001510
017564
118732
053305
060105
130898
041824
065201
125771
078977
025789
110344
032924
017677
072663
084702
060836
091038
076635
062887
013252
041015
075012
064909
102909
014206
069616
067386
041721
133352
017188
094377
060363
016703
056236
069764
098593
005334
052166
130358
125707
085574
105687
018755
072409
000117
012640
090523
093949
063592
026826
069712
108305
061978
040437
051199
119152
095000
128017
046083
063954
059888
068985
119447
067048
016898
064644
040397
073228
101238
038124
123542
042337
056213
111664
106394
073451
006456
010725
115366
111477
077849
018279
060878
009519
039445
029116
131913
106912
028955
105149
026087
124010
106226
091597
126969
012000
047491
008303
120449
106403
094647
125705
031260
072547
100654
014750
049992
045700
058548
076498
052404
089872
064984
024850
024814
055782
068937
010143
025945
102056
110163
060954
046541
130987
093996
126092
115799
121254
096011
054497
122794
098337
071411
090391
064706
067687
052137
096945
010948
041711
075713
035841
028781
011654
084525
034986
130618
070996
114304
096661
068091
128161
077841
013060
044193
009940
128334
105756
095984
076971
010436
105063
059912
014442
119574
103931
063580
126738
118450
017575
006503
105782
048331
056046
031853
067123
043141
064666
021291
025278
109303
047101
100296
001553
038361
122221
003469
060915
061206
092837
074139
008083
048748
016330
021707
059538
070612
116941
087816
085642
039511
084531
073848
096938
085220
021597
069605
084385
101750
108830
065736
090945
117603
019108
015291
083315
031954
099170
012069
033324
081380
097000
036944
053442
056918
101303
079646
044669
080553
058485
033785
108192
065900
012853
118746
057094
095260
048079
122181
098778
086190
125832
063727
000589
042869
045449
084865
098086
126671
098245
128610
079898
093178
002083
091928
028227
046400
074040
132850
069544
109482
132017
070822
055895
034801
050139
031923
042824
070887
073136
058604
001714
046305
067691
033459
067632
085954
061228
026757
116795
095444
126512
012877
087667
130542
109596
091326
066631
061176
081786
129017
090534
045962
014642
101976
068214
065122
023536
099265
117795
054039
041208
063077
027426
097108
090147
030766
050495
079571
065174
015813
037386
118373
131773
011316
119692
064167
092832
025575
021142
130285
002502
025878
114404
093778
112989
104410
046089
029079
133083
036393
122839
065807
006588
127138
061900
048627
039030
073915
125593
128242
094139
017516
051497
051045
104188
057255
001130
115451
050829
072969
067695
043983
122830
057272
118503
102428
104049
006680
034053
105552
094255
092926
128809
118316
093713
109004
118763
027515
098609
026769
010373
097815
060274
103656
057398
125406
061573
021638
127577
047374
039413
066837
132579
043851
028366
047588
006970
127219
059602
062064
044443
109964
053652
092386
003947
107971
014620
073183
089079
034128
059214
092999
114656
131282
098698
063794
059784
011772
066310
110489
016667
095707
103752
082019
078106
084752
023377
022372
015230
022325
053046
001320
001589
063998
106752
065290
011016
104207
086794
038242
047956
009890
108157
130717
063683
100636
089209
100538
000718
053795
059671
027757
086998
024244
031111
027687
047147
044092
049997
039473
118473
064713
031109
089138
120559
067732
000922
097591
035223
028891
042575
052670
117858
012850
058150
108470
073713
090398
102583
013590
061927
062218
020074
043127
116835
083686
107111
011030
009775
043517
049915
101588
059428
074592
009086
104720
093637
057848
083069
061667
007552
007843
047761
055031
023313
022442
114263
093971
125234
111822
005385
008409
012813
006710
004921
065589
035837
103679
117007
010492
055254
131009
065099
086122
082224
115224
037796
054248
131387
065639
127081
017654
079924
014993
084381
028272
081409
053114
108496
058363
084640
101024
119670
063424
023699
101694
125053
072261
102564
007956
065735
051612
001167
120929
127370
131341
101572
068063
076049
011766
073398
118201
124542
101865
017211
002850
106454
102933
040389
056039
021756
063282
084262
108323
072077
111317
031661
006375
088491
106052
081532
050136
015096
033543
019287
109076
085182
036904
036025
013860
035920
090600
059653
121703
010257
021628
010191
059133
064355
019883
024837
102065
000972
060496
037975
029394
071572
059143
005677
069530
006465
094635
000647
034117
123446
118651
112252
069981
066975
091341
060887
082025
054324
041966
006245
012389
006836
015600
043645
032317
111265
012223
114938
055047
057216
118813
092208
017699
079312
097803
116671
063528
122529
125673
072321
121962
015114
085928
055666
073053
084253
082169
089832
002264
005127
031089
033251
100490
068605
042250
126919
062421
053292
117078
062848
014398
129673
098988
043048
071589
119348
008869
047803
014503
018528
093527
106374
025580
000693
090412
100637
040201
130528
003022
126585
096971
062768
008545
096495
133703
003025
049590
069550
023440
128586
044317
103136
050134
074080
025469
031405
017807
008554
057254
003709
103953
061412
122231
068117
101393
007925
051469
043121
102212
085974
069924
052026
036121
094188
092005
099531
003159
049463
075841
024806
129543
063451
059839
001837
057557
089470
065123
033573
057002
031940
087399
127277
131096
132242
014054
000488
055541
045061
058977
050121
126151
053242
058505
082387
022030
065258
131207
049375
131201
055131
068010
095669
051380
049280
003730
089161
058659
047760
000340
029802
081674
005756
098003
055968
031556
001998
108377
076621
059075
047609
104623
044930
075443
007114
089205
040076
078501
035923
067122
098239
055188
115043
055371
012115
063059
048734
043022
060092
099672
057263
062974
109667
106993
018261
066288
015150
103926
063596
006735
083648
007859
062921
014778
097906
128689
089302
127414
013120
063273
010349
093175
075304
043357
089565
023839
016036
068828
020982
105926
101839
031537
082796
024405
030236
069622
119045
116606
114814
093481
112644
056938
048071
057123
052981
040633
004328
116348
054997
127651
105747
003635
083503
084516
016424
068185
049007
129567
039831
005157
104707
033479
034619
068363
130255
107182
024900
076394
081068
050811
110377
047368
110433
132764
096545
015101
111879
095587
050623
039535
042328
133574
044228
005033
109317
027464
052267
119748
053073
087531
015582
128393
012981
107917
116761
118855
009568
040276
071995
081503
089258
064025
127814
006713
059680
042802
115846
039555
102217
015080
042733
007047
064808
124326
064983
102264
077977
019044
087769
000159
093920
030454
052156
005449
068526
084833
094732
073539
132337
055057
088885
001366
031978
019377
035244
116690
086423
075424
028447
058325
031505
032406
085207
059809
126391
014843
065003
096437
094287
021607
033378
109101
013406
131434
049394
065055
047388
097359
054853
105894
080717
081705
126792
068005
072144
027317
011072
003761
116471
127602
040112
032237
097409
045866
094144
096553
048443
056135
114993
009758
045828
084760
048577
000407
050185
126950
101416
125253
011832
026847
086813
003178
046157
007986
027845
064781
023967
018631
023308
089049
073744
038106
121291
087779
115080
039285
119511
117157
035538
020206
040588
124691
024213
074320
020370
032835
029927
093165
033838
031718
039568
032466
078108
030013
079487
086638
038071
069724
069327
039335
020532
014790
047084
065583
075055
021530
075744
009834
076214
057976
008965
035316
074275
103521
106951
034415
130103
003016
047289
042352
052085
026701
020521
044081
033001
025838
105220
051679
054734
030803
021363
022980
088024
101920
072032
027904
069287
123475
056788
116441
129758
047465
081173
060645
113727
027253
013221
080137
117017
061421
068791
028125
015220
096223
006833
030705
011352
006593
045230
098886
017144
129211
107287
109311
010523
104457
020721
054639
092216
007222
116070
001624
044771
050609
081001
094657
002483
053304
068457
059720
022849
060024
008364
033863
046771
027442
058641
036024
048947
083054
077141
019058
038592
029903
024068
024768
058319
124708
132553
025066
086845
045603
056383
050125
101637
101945
097933
025800
007908
085685
132587
078073
082863
055787
112294
063544
119169
080771
070442
059555
032637
077578
015865
017088
001146
034037
044191
077476
038687
028763
070512
063270
062013
133764
089579
052778
000432
127546
039259
033038
006396
067898
117023
074094
107825
075989
113491
007025
126552
041465
108069
003260
102983
074256
016046
124436
100704
011345
037556
041237
126170
033817
085038
118847
125335
007762
116647
057894
081124
116286
049716
000308
014679
092757
020127
039669
111913
026652
103045
031177
097066
078556
096387
056662
090419
010712
120319
064587
083468
132471
103555
085487
023951
069390
032357
026814
127477
003142
059665
128880
057440
098758
122592
129952
127090
046969
094905
018587
024793
079691
001512
028996
035975
007801
092145
089034
047699
032821
118986
030157
036745
119021
080103
064101
020854
012379
065057
030520
075292
040028
042007
103058
007544
051656
064320
064429
068226
030726
067448
122681
049049
084808
014672
108523
052285
061525
011427
127702
060562
095715
046309
005445
041171
126119
116533
027789
085575
048134
051047
045385
111855
044194
124245
099995
116720
024037
021706
123196
121618
003863
006204
009256
030261
041699
015690
090830
050370
055323
022050
108725
050723
019014
093755
078601
101168
020005
076017
128874
053155
060284
011082
020082
114612
105469
030092
030552
002106
107656
029276
014915
058728
103902
049147
069418
038483
059663
048000
059796
033913
017852
132999
127593
080105
032722
090334
002688
109355
114795
129852
032245
011668
075158
004017
132238
007697
019033
031329
008123
050614
089160
048335
018171
055965
108196
111638
064611
126970
075737
118840
092418
103519
079341
091448
100825
095600
040777
075765
071289
124765
020118
113468
109557
128463
037590
080593
003613
072357
006668
076028
089575
121029
078088
102027
004820
096410
081791
015067
079512
105133
086529
095533
084869
090382
047666
084049
106160
027536
077076
063666
123189
126332
066934
132652
132980
090535
130280
044859
016101
089603
118424
122211
131356
055327
000898
089274
103163
041723
064679
120291
109781
052169
112694
124749
103055
090263
009329
106219
120518
051889
008367
093644
028605
054818
025673
041536
102835
039540
025654
048537
070125
055379
096305
114913
021152
088402
022789
075598
023981
129797
115801
084627
027940
117147
067780
117302
093965
070188
031487
013635
045318
088259
060654
119255
048803
111297
048535
060202
083093
091251
028815
057709
083542
002306
057033
027065
127123
048488
044862
035394
012971
015278
133288
074405
072577
036205
083832
113516
113155
089963
059734
029954
031872
065168
129843
067724
094633
111971
036755
025395
005984
034327
076303
025902
013184
004720
089682
032505
025304
089452
033406
065618
044931
031744
125751
091014
067372
089101
123687
037036
037316
113191
084725
056929
046319
079644
048710
102753
002405
014108
114152
127735
056668
100085
052784
100082
123180
130723
120010
000233
096849
030662
098569
078260
029898
047003
090333
101582
059306
003697
048020
043312
008875
046237
076754
036669
133613
093490
051051
107559
010243
080545
058488
052535
002671
059622
133298
051659
072100
115823
070795
050167
052715
036505
004241
055571
114765
044501
016735
100325
106163
088289
121389
060503
028123
080117
033793
120609
019741
103827
070618
104944
130326
083290
049710
051534
107521
032681
063779
095579
120395
096268
118627
030393
092091
052393
115893
098649
030515
132345
081635
056790
031354
114870
106839
130699
043640
027457
013827
036120
130085
038853
040735
104313
002873
051169
094855
057025
111039
004032
056265
105675
039856
098566
057893
108061
118728
055419
091944
056888
041031
053869
043978
121338
042030
083177
103503
064098
074010
020559
019532
099117
104462
009457
122309
116794
121960
065713
065806
063205
047691
126600
030774
047867
127728
036208
126483
072005
066005
063332
054357
106211
018162
035656
009505
132617
027641
022826
103765
088890
125739
022672
026778
100576
003733
101650
033339
051814
024050
004681
114670
079254
133757
114873
083532
030302
066016
019769
124278
048605
023165
094606
118489
114305
074789
049843
126542
039011
032743
000287
044257
080285
071906
073182
041728
001448
059717
092225
102190
117734
023340
115025
086965
068147
071349
014326
059609
107869
092324
085458
101620
070794
017459
130613
078902
069732
022024
025432
033773
102329
042957
049909
105255
131770
129969
014956
012012
016706
056488
049155
027180
131552
002132
027351
061966
063930
058716
071847
006566
079677
058026
121009
001501
127132
122559
102973
075221
105395
002530
059552
006930
008396
019151
047855
107332
065051
041562
053922
055277
101613
003143
124883
092822
079359
027638
089934
087174
121893
047078
096848
112357
059312
089051
063975
072489
074317
056288
125873
061248
025604
056565
063076
020945
018043
006483
014575
086494
128593
114187
090470
103293
114369
092796
115961
016418
046645
027523
075523
009993
133383
126743
124472
111890
133212
017400
128602
079908
074493
010932
087202
022554
042972
016198
128824
133375
044983
132331
110413
004879
115393
058667
105442
106291
083351
064222
089892
044000
104583
103449
012057
040486
123754
093569
041139
117074
059646
116500
003446
014304
063978
100966
063214
042411
034114
008964
046213
122406
091757
052590
060942
090607
039279
112056
066217
060473
083298
050592
012496
006784
020591
040428
090737
083975
062195
070114
029279
007077
031740
045341
096004
029971
033411
071383
131702
020409
084415
051430
041863
071611
052255
063730
073855
046746
032438
116967
049073
007799
054916
015525
129264
127772
116004
013874
031667
021543
067027
034756
077314
070491
116694
024640
090697
032784
021415
060502
003191
097233
014905
070936
130130
049252
108764
058359
125379
074316
086746
005743
083907
120743
054254
125882
058153
027459
033511
069619
064217
112038
061913
059226
077747
030138
058816
021949
007954
016178
009241
049837
088736
101707
060754
078086
007418
094777
113811
106221
119517
067815
119454
062540
030609
101200
000848
064784
098795
081564
009466
116730
070239
057635
125743
115077
011656
103433
024453
020205
027960
000142
064177
130928
046970
097002
001188
092168
028887
019243
000529
043949
033548
099943
101577
103992
047072
075431
101261
067775
097226
028325
095622
120626
069813
002267
029323
083107
061614
094343
073025
062935
069344
012532
126687
099091
063619
045670
021803
049364
114737
115228
079905
107029
086000
009078
129295
094628
060715
064995
114997
096407
043052
029271
043479
106898
048657
049748
028608
008038
029153
029872
050288
113016
084626
013558
030979
117114
092276
024148
125129
026105
035994
118258
100597
043240
092147
027975
105636
069317
076413
035951
114879
056369
039007
001252
115237
125875
118845
076000
012815
122820
034087
023130
036210
022671
077341
099606
031608
106131
117766
098058
090358
051490
048805
021044
031238
007468
010129
016688
069485
126991
077399
011142
088403
044094
041215
128963
007611
047834
104598
118173
066213
109852
028643
026969
075022
107216
065456
100700
062382
010150
065234
002687
091388
113057
088818
089576
047879
020458
094438
116520
035073
064863
123043
010567
022530
032975
089171
121521
021218
040704
033363
078331
015369
048804
026864
020780
017315
126758
044870
130696
103099
049455
061322
123528
059930
119589
034922
109075
046336
083720
106270
115671
003645
104691
112382
129382
078175
116003
007483
050429
051071
026500
037223
133704
071565
043558
129314
009456
013015
107217
011391
063927
075377
006057
062587
055794
078272
077657
099631
025404
001004
017173
129904
039278
083195
123215
120758
000191
041087
054301
001863
017414
026892
011888
117888
083680
028265
042804
007281
106068
086582
105136
003758
032553
007411
131137
109857
074443
002777
037827
116347
029657
053332
133548
031280
069738
076333
011929
013008
044357
010670
085333
113202
108508
057807
000607
059657
060546
087361
087887
074540
093759
062675
095479
050804
050120
067774
004866
065943
120334
064957
058492
109730
070169
049295
125949
030109
009667
085334
028010
092167
063150
038753
056067
023473
111081
099942
041855
122461
017205
098256
066843
124823
099584
119771
129518
016115
043113
017514
090526
042799
025244
048342
052481
032194
022019
101909
050305
098085
058975
028544
120294
062478
083067
120208
113426
005142
021129
013072
051078
067230
104181
033092
007471
067314
024914
035428
090371
032530
129919
026370
098867
093540
048987
069935
126613
089932
068585
032469
101956
075187
013830
107475
079279
118677
102399
002640
020565
112649
079291
071889
101608
119009
094927
051420
075767
015267
060371
006982
058095
107571
008403
055720
069538
036851
049727
113301
072097
015896
074942
011973
096299
083519
102451
075592
116255
041819
060137
097425
027094
010877
032818
054035
073424
021602
126499
001614
021663
011381
115556
000499
005791
099124
120030
130020
039136
013838
127245
118235
042968
070030
025657
031084
045641
022452
002062
058838
020404
069737
095771
047745
126627
096526
121496
074456
097503
021977
114515
066211
004220
119367
076452
130264
043241
020420
061219
061167
081264
069603
058268
048752
053113
051760
009787
097089
016107
097467
029918
007949
116237
041755
062107
030370
051008
124446
085943
059540
112704
051415
122996
129865
060999
092282
036715
045406
090271
089799
073116
069843
000155
076393
009254
007003
124377
093626
037043
108866
071606
125762
094032
052197
064985
098497
096053
101679
036694
035555
104983
068073
028302
105251
060058
124287
005768
010911
068229
114220
064622
085179
052126
059954
043754
025391
091317
068331
093671
042827
111278
055035
132162
030959
108501
118270
006154
028559
102486
074591
128699
004317
071547
069349
121736
047479
102945
018029
042121
063525
111481
100454
127002
042774
017427
003520
053009
131038
040043
015759
092906
106762
077592
126410
025817
000402
115088
051792
110096
046739
003118
116023
086542
013178
120819
071570
117743
073441
107291
088496
124653
108561
025040
055997
059950
104912
063687
020368
048920
007412
094101
123565
131499
084818
119133
100099
021103
024377
012064
057065
100776
006944
094691
068263
096869
042093
026584
038482
089975
072774
064981
094506
003365
059969
038936
068295
018632
081941
066346
064497
059387
092990
054787
076917
004836
035290
117641
063163
106770
035516
002284
121190
088468
060081
072247
099292
070195
091472
067436
085060
001791
042198
009055
086288
025362
070371
102154
033981
053233
021221
068949
133795
000626
064439
028313
103138
129793
027287
073815
099747
107254
087814
113025
032892
013118
117750
078986
102418
122395
092574
033319
007763
023846
076801
132934
114224
111510
031152
044794
023186
026609
102693
024184
119042
032723
044596
100112
042373
114646
068611
058198
001393
108735
065243
110419
057825
096814
121478
059608
113372
099944
086848
104100
093951
071588
029165
123293
063326
035974
004639
074122
069313
123518
025221
021082
060757
117336
121861
032918
056793
099813
006656
126689
028062
094567
040639
100983
033360
048539
018634
062232
060215
120276
062122
010189
019425
063234
124839
123694
073498
131084
048163
018198
087927
075432
075378
101385
021540
057793
030678
030314
021868
041799
034150
131822
020496
011722
020124
115037
128633
014530
095003
072011
031729
025012
131858
092334
071107
083878
047144
116426
061267
008179
025587
070625
099849
121844
106550
052769
105207
133725
059584
027914
085996
066918
085862
087729
091693
064060
124452
015366
068123
011915
067363
109650
045347
077780
074024
008182
108378
076195
004843
064264
117345
007505
041256
110888
040630
112233
067475
016163
106528
021712
058958
024474
099633
068058
034424
038886
006224
016695
026458
093884
114855
047434
073035
050099
084999
128925
081414
065846
117881
121870
013929
044342
072273
030149
082492
015359
101700
127445
088390
082484
073039
101014
058036
011140
081730
057080
116136
082844
035320
095262
027607
088956
053365
125247
037118
043259
015632
091893
089627
064937
042163
011586
086734
118690
090701
119497
049896
041163
041881
057281
044624
087673
021902
020430
069587
006412
010612
130355
110279
021422
074951
071128
042306
059719
050526
074630
025232
064215
063161
015918
066284
102256
009132
120772
075078
128651
048385
102639
094607
021886
002340
068131
084990
049524
123914
045454
109389
095571
078694
123434
030455
105175
058250
066811
082195
092818
022045
005527
094519
058929
048643
084383
031489
078534
092281
073708
095255
077710
087334
130382
121882
010497
039304
028179
068459
128550
048540
065928
006704
077809
076646
083396
029248
008301
051370
006749
025138
132693
045767
035322
104229
088113
084312
010461
109469
015982
117494
053746
022559
010296
129376
030244
003151
038112
016058
128099
051440
021273
032774
049991
041365
012878
036791
106611
131487
043475
007695
076198
113712
089064
106152
110316
047759
072827
094701
092734
094787
066404
114101
122617
028297
011487
038457
072172
044830
082603
003478
082102
119899
129684
033219
078006
041494
072230
067700
092766
113587
025296
022602
130856
005688
037431
118480
004435
026163
072018
047524
099635
082858
074767
074138
082481
123201
073997
104124
013712
063932
114162
010172
123742
027569
029166
050251
133242
019973
050970
020639
007063
099923
020343
022186
117919
023184
068858
082501
042032
042669
104116
000429
102047
069969
055985
006249
047585
121007
076509
033644
011868
127049
020000
043881
002324
028355
132374
070017
045013
088685
057875
056691
097822
089468
113453
033356
029397
018232
066216
113747
028849
045545
030321
027274
029537
026645
056643
034783
106263
109115
015769
077633
061188
058529
052136
031171
027501
103366
048916
120859
085971
067351
072145
048683
099732
081523
102192
024921
056715
066025
112900
041222
034281
025592
097809
101978
123768
109714
018099
106325
128899
015731
092245
109125
062166
045572
048277
090660
026041
027938
094686
055955
059712
112524
019300
129308
021736
132582
080964
023036
125519
020414
133169
107222
039475
051859
114329
063713
117571
064634
121590
002160
113253
036892
086996
021609
098899
019526
089609
007537
052929
072289
011210
128465
015567
048897
130457
026496
005748
076045
003606
126615
079255
113182
044033
078588
032923
116167
118723
014974
044339
122112
071798
016909
050207
102437
130351
027453
089006
062709
005114
013025
119706
045309
095899
025590
030225
051501
053806
084354
107072
019659
038665
093990
088724
115463
132774
075724
015942
006665
060172
105209
004521
058054
088552
006072
091111
060857
028360
107336
116062
016442
064004
133518
043017
104891
050660
010067
109069
132306
070165
114932
129108
109335
042945
032928
076519
125122
011663
014796
133644
118375
097153
114120
113763
008640
080443
047603
116050
012975
122739
013020
126714
108613
007375
027632
004259
059949
114902
104937
022687
049745
055225
062528
070052
027541
058205
126458
069594
006917
061887
027978
079696
101371
003053
028299
111845
048146
109291
006082
122675
127009
121611
072977
083727
109116
119827
070129
130805
060918
028715
024671
035559
084072
126944
085524
077713
040502
059658
121387
131148
050862
113987
077006
116250
105578
103063
012434
046720
114759
040566
027145
090351
108037
051908
130362
065010
053045
099201
002111
080714
003909
103542
086134
115968
034129
015729
035796
036697
021163
111099
089226
022618
008985
070193
131621
110420
121534
026918
040134
013592
098910
022084
002292
001965
064009
058892
130818
102236
065777
059638
000209
017166
006059
121460
021019
126299
049832
016151
068730
022945
005535
078087
097631
017758
057767
124200
110034
033448
047962
081816
118724
124033
033912
105940
121544
019446
001463
074799
089788
075343
122260
122714
027359
002878
080116
020179
127473
060108
029239
085247
101360
013509
022188
099936
010816
008556
079014
090083
107148
033733
036203
063445
056775
127815
025649
038268
090292
119617
045303
126626
083160
119256
131305
032396
133696
063612
002059
113236
005778
083027
006797
102914
059016
064620
063885
024597
082831
028414
105307
064203
029412
056896
064478
052762
046674
086674
016275
127400
073926
010644
116114
046304
027344
080039
129541
047926
035724
024119
018439
098120
092916
081399
058559
018590
047025
016032
021539
131800
041518
114031
061417
114544
100818
103088
077978
017771
128356
073438
074974
050935
024325
092729
086098
124657
025323
099566
021495
089861
032293
080288
111823
070541
093596
113261
096563
018555
015922
079831
010876
129130
005431
073008
118149
117909
035718
022362
085573
061597
064637
092575
031432
020100
099394
054383
031467
107046
031116
050820
111950
108180
076825
097373
093927
112795
004038
064629
086835
075356
129831
119074
021893
000927
022697
013349
024829
089214
095806
026569
039903
124881
131266
076241
045243
039379
065950
120689
108634
067830
054225
111677
111742
089539
013098
008088
127278
021088
050591
092726
057005
015867
102622
029842
112514
088316
098955
086444
053760
119117
049212
128668
031580
115052
129890
003166
123001
071629
001350
096790
038519
083682
063339
066260
061031
043755
079705
101130
105524
111432
108005
073948
081014
082612
082466
110856
092071
059789
061016
121012
094594
008036
062250
077998
075788
086393
027435
056162
098399
109640
029175
082985
097391
080356
055473
074027
046526
122551
126946
046055
103941
101073
001783
012539
111173
031651
031890
029776
036079
081451
112738
083452
042073
000666
118359
111929
126297
132868
029305
077369
109270
085585
056859
073828
098500
003205
049235
015388
034132
035274
064902
085844
052408
060501
040039
128272
037198
041277
001895
109191
072327
102632
116383
002419
050630
084389
077948
067490
054373
119874
045919
125515
028879
092249
016863
041477
011659
061808
132302
062443
093682
020116
128900
060829
000686
082240
023662
107746
104093
124718
104990
025667
026123
072496
009877
108844
129042
093268
051513
114929
021260
012874
099598
112632
000526
089341
061488
124909
114172
009652
043970
088341
044588
093947
100604
108997
043123
126746
128742
064897
019606
019182
099123
075484
111086
061993
023013
089676
130238
121047
097101
052061
109061
129441
026785
126544
073919
045771
101882
014747
050261
046271
008109
118958
013567
126454
032887
089818
086620
027113
035362
004499
009316
008997
029259
084041
023882
077601
131410
104518
121451
011275
053235
001022
030081
051769
081570
083029
049929
107487
101474
118440
073269
009059
119067
077607
075328
055130
097249
064303
038487
116840
070811
127487
100849
040136
122625
004217
025196
124878
126104
043859
050226
088832
091423
124521
087653
073477
031204
037872
010664
024054
095805
076046
042182
104424
088365
035876
111529
100716
033815
046386
014435
048576
026308
013304
055315
106383
046945
106691
120460
045875
049522
124534
063115
055513
126064
022634
088667
089875
076086
056309
058409
116151
076068
130122
129953
078760
121099
089190
106955
029029
049895
124426
054865
130013
100164
028516
049947
045705
071054
076399
049111
093453
055360
012227
097991
125850
022719
065711
034139
046606
123145
053192
092220
105242
043857
039776
025656
063098
068984
085199
028460
133481
047338
104066
116923
057020
127343
022117
130121
066881
005128
056144
087647
060838
048785
117835
035533
116998
032255
107985
029794
092378
120189
003864
032165
080596
096422
112814
101519
129446
115934
046287
000599
087663
041900
111192
036757
101153
017803
003458
099180
102193
049190
111516
107297
013915
101133
058788
064237
118230
013401
110411
099938
082622
058290
088493
020547
042958
120232
096000
076113
100659
114236
048231
015661
056490
040774
025730
025773
071437
015797
080594
020255
050301
089672
079916
015843
046474
125637
121433
062565
039809
038503
014697
106119
001385
068398
043797
104735
008704
086798
017214
018013
040005
124251
122563
017208
016808
065915
117272
076424
104734
066189
043068
091653
054955
015884
014660
039141
045214
073847
060481
010287
076003
040979
086386
122311
072464
031721
035146
048695
042272
070201
009982
094484
130069
070015
092582
106591
057935
093900
008772
048796
022364
099707
064459
007405
120225
065425
075544
058867
009245
126345
012547
001959
038825
104591
008807
008612
009248
051637
040926
065359
063893
060236
071214
026121
014200
123582
098585
061939
102939
101476
114053
092462
099860
009967
098977
013537
107598
047361
005303
005182
000616
077407
055400
095764
124220
016665
007190
095452
128290
030926
064695
052472
083184
108114
040062
092345
028203
067365
008311
102365
046077
100094
013982
034599
058928
099539
051758
049606
013421
106281
066081
121121
101042
033778
016495
100231
124304
003906
060190
009406
087426
069175
112374
004103
112893
011717
058817
072443
094757
089098
105062
066900
059678
124548
104719
003944
096932
115058
070327
003536
086042
027524
010827
015774
114355
042820
029192
034265
005106
084203
128592
035996
018025
106596
099005
055129
096907
081856
022759
071569
033382
023881
079740
106266
008254
132328
055342
020301
132835
090265
019304
002656
096017
102928
067008
093471
082093
086378
013308
097259
051627
101196
108516
048459
060480
058954
043539
025883
002555
094999
038248
125378
065208
056639
039672
015977
008841
108494
089596
049506
026171
024998
051556
046416
048685
042063
114977
007733
044630
036939
120507
112317
102462
115309
107058
072054
106444
041925
123727
097594
065060
019693
126115
118645
114580
039111
123700
019273
102839
063260
051305
131753
097149
107548
090441
034260
053520
073870
091999
059827
006147
127808
061756
016369
104652
108941
055103
014174
038649
004191
003380
105750
065702
035893
009334
005388
092539
089687
112263
113446
028798
033077
012331
077169
092185
053924
106060
057010
012357
125801
048808
108972
130353
055156
013405
021857
070338
014255
120004
085197
132035
111749
121090
074368
103671
015902
089428
108232
088758
098904
078530
031500
033606
121944
043965
001269
035291
100259
127234
039211
047914
063928
086488
049124
053007
076673
068566
047660
025950
061348
017308
059645
063726
128468
041390
036663
041566
060126
116599
035503
064660
057938
090384
045770
085303
124279
072313
111375
050376
025801
039653
122577
063463
064057
125383
045397
070813
035687
047425
107057
056799
000581
045579
013500
064221
105585
042001
034709
127541
074768
117908
033928
082748
061910
105764
064401
017436
020476
012181
081332
027185
054053
006850
121648
000036
022454
013364
022907
061303
076954
105961
111750
073873
075735
065799
088363
064039
010393
104366
096935
004845
043226
111062
009093
082182
085309
050433
055730
115199
050996
025204
018948
014061
061169
053798
061345
073017
016417
023521
124292
115133
130905
059279
048019
031974
100390
062857
029924
012855
126982
049322
062388
092206
086424
122905
122186
121354
064764
033027
116179
008521
118764
124739
041875
004670
048761
082841
130407
025753
088405
062326
052316
110872
116451
004876
104101
122344
128170
004589
052423
129134
111497
130310
022787
011340
035730
006777
110211
104147
112277
013127
128128
071030
094504
085630
124271
061700
026913
081289
129844
026169
102897
037111
009821
010734
101710
093613
125659
071166
105567
113036
001132
045578
102359
117914
040943
036914
034247
026046
093110
060527
005801
084217
032891
047343
090045
085577
010756
130661
101850
122237
026159
103340
011975
006070
092121
039375
027443
017823
006252
030296
046878
011555
030503
124822
069547
026391
032727
044334
003711
123770
124164
106242
020132
080937
046059
118700
103161
113469
083971
017271
015746
048959
095133
003436
104257
132793
118542
055184
101633
005252
000765
033728
128438
086204
015271
085390
025022
012647
111415
092579
106933
115150
132404
041713
127079
067471
112579
025561
126874
000383
021881
094859
002318
032674
069701
052175
007690
068324
043448
057595
132906
076266
131825
022379
058419
034650
124399
086967
108834
012195
122195
054500
116623
044840
053123
064091
083570
116487
131990
079695
018938
105157
064032
096023
003961
121483
059683
031042
102181
078160
059660
056412
099004
029084
021359
087115
111474
128669
079302
056999
060248
043307
088312
009533
127455
110988
022700
017999
101430
100059
107161
046722
017052
068248
048757
084671
129208
127769
039108
116009
132109
111298
065069
096316
035466
106581
069852
105359
024577
119869
066272
127039
125319
054260
069266
066109
051817
005792
080021
116005
074199
114708
060053
105143
115003
088999
089489
009450
001265
099746
106780
097418
067445
008995
070816
056240
006794
031756
018101
072876
005029
003642
018127
119588
027713
024903
076663
114424
057220
055984
128584
096395
007672
111721
013527
080656
002323
070196
130780
123603
010399
107011
079711
039474
078996
024972
093459
051547
031567
115422
033676
006974
046170
065352
001918
044091
107459
049250
083705
043744
041977
071559
031827
068647
109214
080265
059318
096275
025234
028144
106546
092517
022009
023306
076027
039914
070738
037986
107143
047114
041868
122106
100779
018201
054937
030807
077523
012016
017797
106497
114961
035386
059068
036531
050080
130450
033974
093791
120393
074707
110391
104374
102895
047487
076040
060141
065944
045308
107407
095423
077627
101268
129355
115278
066103
025483
125023
077993
032014
006756
133348
001295
129757
113133
070904
070679
106370
054517
057370
013685
042085
002488
100226
073718
000757
092779
107643
038075
111171
037893
068470
019096
017897
018696
089787
047729
047522
000668
132509
127096
119398
071215
105624
022100
039225
112921
127920
039740
061574
039248
039892
002970
105151
018358
040445
030372
081843
106441
000392
081171
009269
014383
015965
109112
068034
093466
076514
118969
092601
055665
045204
090536
125246
016698
064419
045237
098449
018913
033300
080158
088781
001930
120621
128244
055819
101203
114862
110963
003308
116974
034515
102005
087803
089081
095574
025910
117972
105131
086803
041175
088516
029714
035628
095640
009818
092631
033435
028310
107685
011709
115863
010004
008557
013354
053919
008851
030056
090566
110142
084116
093045
103782
057368
077163
119688
103837
115519
004367
070605
093777
014162
115489
023892
084108
093706
061855
076007
126275
105691
094749
095364
068512
079881
033959
010502
016680
080872
130199
082244
034512
098021
121481
080216
116885
005331
031539
076259
056022
048359
047977
082595
039977
070409
030832
022883
130379
041737
131321
112099
062438
058757
067296
052025
081649
050189
110022
006883
029520
101532
047648
046313
111462
119073
049381
029391
093078
020839
057744
129560
035777
121045
053993
096702
069258
107278
133367
116399
100497
079174
064632
018869
004278
131118
124674
129097
011794
032973
070684
091376
064663
064684
061006
077488
060897
042175
101900
007635
078005
081308
045334
008164
108526
026269
045439
118922
041964
017035
033799
057829
057060
103851
107658
021480
055258
020520
007286
009243
048479
132911
124978
074610
046261
020957
027323
065654
099204
119736
132143
008278
013496
105679
095315
019558
017870
085203
089060
052249
119271
123954
092107
028420
024287
067493
113078
053748
026523
005196
055206
003356
133724
008780
131181
043827
098562
035878
087645
118730
122098
096455
017075
122674
096687
016714
104536
063847
060052
002317
047038
132068
015785
030818
123466
113573
097613
107027
100887
132551
129716
130350
029831
117561
114353
017444
071363
026148
107789
009088
091468
131101
073540
039200
106114
083759
022432
070888
008526
125624
072820
051032
128143
027733
068217
109352
010609
005060
056821
030017
069280
130550
067685
107997
122462
094767
056755
017408
044088
115497
081579
121278
052032
121031
091824
053382
014103
092877
093500
095356
051683
088388
102133
121750
115945
044971
125871
089585
097033
073497
113230
007500
045867
105371
106670
114893
052150
096518
077226
005386
077574
000030
043604
042679
099917
101380
023930
098959
089735
016746
051119
017174
058254
066059
131166
048394
104020
117170
002601
101585
055113
037782
009970
087133
059649
052390
129581
127781
033945
084159
017656
105478
101939
049799
131751
054855
109356
079358
063549
108213
103064
013324
116948
105132
085621
000511
076268
030855
097598
109001
089404
021702
059829
057658
026399
083890
024913
090943
115708
003331
034618
112036
107279
029473
045711
073403
118520
053895
130340
127280
080035
086297
061691
050993
040206
084051
132065
015050
099276
045671
110314
043528
120477
079187
126016
003616
094054
005452
014160
004605
004973
091895
026585
103846
108978
085848
122922
122197
045016
056934
132497
111788
119767
048066
123033
112983
093559
084047
024237
071436
023347
036164
107379
076997
037752
098345
086065
010986
125708
107214
063259
064707
083243
001277
054820
019790
039282
108851
098766
096755
002361
050594
052899
017025
121763
052652
031311
128520
029826
020040
047172
033774
099924
026325
069321
050355
105030
118671
096427
060176
076458
006455
105046
059113
086408
065089
034033
124679
093779
034418
093954
131029
086341
084275
118950
075748
002870
058533
072160
088515
133228
025609
047310
021006
007999
075977
055166
065016
033991
035495
108476
071827
099281
129658
087156
048374
015516
030755
012538
051471
056005
016941
097572
127311
099549
042608
021591
033056
036716
112115
088471
130028
056275
081771
029982
053133
009730
047768
103048
055775
070721
012677
057866
033352
115271
005414
131283
004613
119383
091823
055314
112419
073295
112260
008193
123086
081408
010052
113826
090181
117354
079926
008970
014821
070368
011433
105061
040095
077921
006831
092898
082226
116439
086095
101438
106096
083061
009759
110826
074231
115165
046244
092870
063292
054287
114124
094333
040589
045910
007911
009790
092645
104075
075463
011263
131556
082199
039893
063539
033039
003145
007497
114947
045151
060847
026444
018716
030974
078032
069803
032594
103514
064195
059759
111766
128723
126452
025374
077811
108505
000382
006214
076884
079000
128789
109822
000514
084710
013563
121207
036332
096939
091418
065095
094668
131140
007098
053951
013061
053061
100307
034490
012734
073894
055814
092204
060971
053000
093859
023489
006572
054131
075867
027280
096784
026586
097187
014397
075559
089169
002914
114948
038223
128683
095802
006471
022382
002698
072814
130554
128870
040927
075482
103901
124252
091276
065898
010056
013189
058578
046578
001378
049058
117692
036139
046584
059707
000854
004234
060813
089590
000593
119817
080667
045183
074871
119993
101575
103146
113428
035390
113605
080102
043533
050610
079159
055178
033457
059134
121255
035061
048751
044354
110524
075618
002156
019299
000572
048401
009268
110233
094768
124138
026731
051511
076766
133788
043879
105124
001525
074647
125089
008187
104007
099867
085733
023533
051341
122061
030191
105093
030601
001111
089148
035818
064621
078450
065215
094673
032929
096175
081245
049016
027405
118190
022118
044735
070800
011059
051674
007154
063529
042065
021321
129362
050322
048400
000535
012165
010966
011765
002061
079441
048050
118109
086776
096033
035736
119230
064823
082447
091178
092274
076689
029082
024787
095655
049602
048593
060988
061948
083829
023651
051263
081470
129150
045044
126780
091356
072886
064950
044663
070355
043683
095469
104838
082108
080877
019156
089693
116014
061306
105022
116860
057206
036903
130237
132841
076841
128400
071866
124930
011660
057414
049193
001170
002978
028606
106515
026491
053470
097303
109987
089966
020694
000707
011579
131357
009844
082981
069159
001659
075035
030854
111146
096117
126394
072879
011862
017121
072660
101821
086850
062043
088941
093587
016511
003123
078237
072461
064915
120418
057120
111514
132966
066244
132639
087603
014155
108282
058457
125682
116113
031061
051427
007424
048674
009455
122667
113884
085822
055084
098900
073395
005154
028870
084315
051441
104295
083071
121386
098935
043990
015658
125799
000216
073132
093202
070751
040236
048470
104139
031277
033759
043029
063721
128135
068744
050137
050112
103511
094637
084684
103783
026544
025421
044825
063892
013365
071017
101053
078102
043979
130455
065328
005111
069757
000176
046621
051120
124999
085819
015078
042087
028504
014110
077503
052006
017051
015125
032493
042135
077794
099582
049116
026831
007943
028409
026908
126174
056154
113015
049249
048985
069722
039162
040321
026560
095180
077600
008428
132403
006243
058990
031102
044800
035950
069774
025992
043644
049529
052888
061427
105366
025907
056944
036556
080208
053930
063712
037026
075929
018728
041772
094096
093199
017265
053311
089046
056831
025322
022738
025629
046417
077383
124889
051014
098117
011644
101069
003776
130746
024804
015460
072751
012487
118712
096747
030757
059989
119764
133561
107603
120692
032875
089119
119339
005997
130637
080833
110987
050096
111377
048973
039262
030517
107863
046623
015846
049392
089907
111460
075024
012215
027375
045862
111872
029035
026225
100982
086491
000044
006063
106782
074941
058629
081258
133604
008768
123426
006281
033574
042999
131501
065059
127885
085317
020502
032273
046258
070199
072895
032844
014413
034611
025332
018277
133370
050334
062866
043913
070725
060856
004570
085025
090829
077170
020359
075039
028835
105119
082084
020048
034125
056472
067109
044644
057845
062843
049254
075303
006085
010370
133742
041850
080571
061960
068752
050416
112399
034010
048663
055549
042232
102189
068753
091261
089277
012133
095144
051525
123948
094660
132601
129158
124646
062580
034313
093595
064094
003318
069972
068112
106834
061671
129041
028096
074926
009857
104889
070047
128189
026459
084130
102014
132941
106937
095001
093478
104996
002498
073913
038594
047042
108874
121435
088507
123688
038265
133576
030483
033205
046299
098957
042466
031106
064813
129830
050994
016750
030731
008927
063267
111733
102825
114775
089870
009458
063812
068907
014409
071840
078183
066873
116802
125961
055626
034714
005798
034624
094596
016118
085396
062172
028662
111937
074760
124202
074746
115815
022227
059779
089813
094763
017276
009632
027952
090742
062564
129109
088926
044875
048842
020133
131848
014239
009157
064374
117657
057291
096860
096894
075721
116927
106150
048469
117528
089033
050501
059076
045333
062751
029745
108401
086271
031647
099734
128494
123430
077330
058825
078031
006785
072341
044847
106414
125097
042997
062387
009436
101209
097768
007777
100986
092165
132325
000982
099918
123747
033988
007264
002817
009347
031987
042022
090229
109011
097382
072463
006013
015703
090030
041387
077029
133213
028241
006020
075388
007558
064117
128180
080580
019818
098530
009065
074070
040683
103295
132908
027390
059852
039369
092358
089525
118606
006876
061694
132226
119658
095465
092527
054231
063615
091132
064305
133119
013263
067134
062176
076293
010173
045404
047041
011852
041872
129756
099340
003984
105751
031009
123386
067149
065318
076478
030837
127777
030020
007329
082970
089657
085225
010983
114275
132501
055147
111799
063579
004682
027216
113377
100915
017402
042256
059769
098868
068913
059802
019740
083197
004052
104532
048474
027361
044457
001093
013133
080589
074135
081325
118523
010559
064645
106576
093605
097584
024366
043183
126100
055756
019518
034365
085686
061868
125073
035953
091327
064887
077623
067348
041733
027582
077795
033223
036627
038795
032574
064739
108660
004932
131909
042131
037509
051662
127106
063248
100965
062830
131719
130246
048579
108924
078686
094207
077157
060103
071227
064383
082491
009184
036854
045279
119506
090363
069412
128533
061247
106310
039996
050708
076116
117687
053012
111030
090400
109481
045304
101517
106557
065878
052756
127821
089035
125897
003915
119765
065321
022677
131172
120563
062557
030771
012551
043870
086280
000632
099127
116120
089718
083650
101097
000371
005026
046761
066088
103841
056145
032656
061897
008202
066790
069752
077438
102077
077153
089604
010759
059808
027852
032963
055546
046196
025091
033293
050666
106505
111886
019320
044923
085075
124132
132022
000592
047851
074205
007440
093741
066514
001312
056754
040773
021094
036214
131772
045559
082164
043074
110249
053027
055378
031181
006305
120978
027338
124546
009660
107310
009019
124773
105785
027262
001687
066719
091865
050544
019815
066249
081231
058210
028281
003056
028500
008234
124849
026838
115821
051625
066252
022162
100556
067809
031633
008587
062947
005917
076749
036812
072854
035062
064059
089103
008117
063752
048825
048902
075429
086197
102528
039688
087946
105450
001379
115253
015840
066054
073706
020065
059243
107564
032501
033894
129335
124996
041448
086415
073734
023527
021148
069343
014267
043858
114338
094678
047430
036584
106620
065484
033539
047489
095275
059355
100399
011205
023674
060876
107713
074167
117186
063074
065422
061181
056702
064553
120749
050505
133625
058898
116431
131135
116975
125781
083814
079706
048809
116314
019700
005849
035370
102559
126693
010786
115262
092374
026133
032932
105527
016060
097845
101454
043432
034631
023016
078398
050552
121023
102051
119779
118536
109264
039680
083679
124869
121323
039859
110670
051745
090783
114119
018519
100295
132752
068831
110695
033611
029363
091971
004445
055817
064175
083820
062191
131058
020468
109528
119584
123334
047000
026507
089159
066400
061271
049891
004862
015277
004174
055647
011871
097856
100208
127947
030900
002308
131238
060574
094748
072756
064600
065603
080267
045289
022416
039426
099674
130185
070116
090346
052480
017751
047022
054069
105466
092137
054788
076503
093994
020973
085619
108962
012151
074788
084264
093886
029172
112149
076013
031553
098494
077586
108838
056630
040648
058028
118756
067979
105422
003475
079371
055606
120476
007923
001426
066951
012117
096978
083560
076808
044929
102381
023389
058587
043352
039654
070377
046775
053366
107344
073440
052258
069479
119210
087572
115005
087084
004364
008863
114639
091781
021014
086886
064617
103350
066575
019750
120741
107561
109426
087776
037059
054382
059993
027203
027653
028651
084774
127796
083708
106981
041239
110208
022068
128618
025235
010806
031585
036958
006105
116575
055648
108413
075357
050605
012881
085531
070621
062792
133210
041472
066174
064298
013112
068522
056676
129204
101686
025856
112083
059385
028317
105529
046385
097044
056243
126073
098257
016380
032586
023212
034135
021885
002991
126260
105579
051266
126955
013507
123093
109140
049213
006687
054437
124410
069642
050035
027153
112337
113238
006065
018599
053303
112965
046006
129046
128390
102172
061962
074552
130380
121741
008055
065276
100012
100065
054598
099424
051875
120829
061355
075462
024674
127794
086168
036692
069553
058803
024221
062004
101466
007940
054156
027439
101774
018116
062701
032686
083419
015170
066176
059662
085646
105495
032934
042271
100598
033399
022751
012489
107430
034097
051991
039381
021325
107364
133086
006699
077567
101213
124738
088782
051701
030247
067590
068496
114824
016003
108311
013402
068703
101109
133059
100828
007277
055368
007616
107628
075112
048183
093158
009409
052052
118781
065770
010506
115669
072320
019981
132986
090375
062490
094591
125609
111912
070915
123120
053751
020531
083924
004630
121670
027098
018032
071936
114745
012101
113180
075208
034038
092657
056737
022062
036136
007194
110534
064648
094750
068451
044648
001639
114138
044097
061063
060852
106552
031045
133232
079485
076878
008779
082086
034011
082186
034663
107998
025639
029366
005576
128245
046962
133712
004222
033240
015932
117823
051154
057803
050362
118093
123348
121077
065619
127137
048132
050527
041949
001321
003291
131428
116515
075088
125981
101902
088370
073839
062680
113559
129116
111303
127945
119170
026073
004376
128841
029130
129783
043682
053789
103623
108755
033029
037362
093450
118343
060483
052729
020927
099298
012043
066451
111741
102989
075089
045433
089847
061815
026422
034238
086862
076943
080821
096972
000760
034108
116665
077848
131053
091714
088848
022046
041775
112633
025388
092436
084179
051109
116044
076528
127749
088342
046663
091360
130410
015631
132580
042773
043250
021336
032993
020561
058022
047560
062201
027838
093121
131485
109010
005826
093785
107485
053367
004554
097271
035755
021839
049333
108220
072817
084251
002321
042160
107562
058654
071086
003040
077727
120237
038092
102787
014029
068568
024531
005100
108253
097837
112157
133673
103124
009628
033824
042886
081458
014338
133283
043027
099423
049772
052257
007952
063174
015229
103324
115367
085828
106362
006313
101286
092515
016271
029093
124190
041339
065100
024618
005780
036848
036369
000174
117746
059670
056808
116723
023936
028480
123187
027325
037375
103515
096913
118676
094604
060165
020688
097117
030021
021780
000049
119456
086437
105629
103548
110062
062165
024089
132015
065145
119815
108551
067770
120006
042012
056644
029129
076909
030233
075787
117621
106510
063106
109856
060537
094984
103065
047726
107672
050191
069298
067446
098887
030434
007132
011508
075150
028084
006911
133588
056926
094004
057095
049325
058307
123248
056356
035380
018329
006181
010912
027224
104423
091869
104756
010040
054592
034401
086834
008624
047520
008865
091561
051854
018021
103329
098700
082734
100635
131340
104597
109643
023621
058468
011624
130531
104117
096184
032375
118914
084248
126165
013447
017884
033826
045630
023170
128149
103537
026013
116796
094537
072069
001629
043982
107838
108687
069650
119438
131612
056922
090756
121279
080163
012697
075935
119594
125229
115276
097408
133811
079857
061010
036696
040048
086128
043345
112660
082496
047043
048075
025929
050113
103000
108971
126219
048541
122583
098072
010820
123561
097043
012247
007660
085094
006706
059368
072958
047122
011436
112889
025292
017204
029010
092163
125596
006078
118231
001297
126988
090837
091660
121036
120828
000639
063888
018520
107798
111263
009257
010701
061268
015478
051825
113250
034224
031266
086422
000635
060851
095705
042648
028535
132940
123365
100363
031765
067267
122755
007350
015908
114790
042470
020438
022043
025451
006499
084380
024002
006691
122352
080266
103457
050408
015424
100601
077836
127223
083394
052872
119989
130349
076107
023998
033878
067968
060659
025337
035042
124267
026335
075826
101224
098616
132649
063418
114013
017020
128353
083527
055681
060995
091337
124240
058645
125779
126757
045007
088078
102281
025722
015699
000628
070027
078734
027926
107037
094585
064361
111926
030281
075963
109259
084958
030164
062407
054398
062206
125472
009879
119468
120616
116711
000495
093191
058122
072768
054426
102371
055766
089474
025034
065179
062646
067054
125312
117259
108221
072978
132549
072338
068751
048802
027187
015343
066576
122843
104478
121918
125486
068144
094563
039172
030532
035905
011927
065008
033034
114054
038001
116589
056824
006092
083800
115079
051510
044229
052511
122009
053216
003003
129803
020929
107183
042018
084048
117131
004648
002168
027341
128121
014372
111152
104569
004228
117426
130759
099614
045339
105333
075835
111177
040449
051509
080382
022498
012439
031034
091013
042303
086145
006979
065080
045877
063597
065497
070162
078083
033105
130464
086754
113985
012490
120757
030266
114317
085636
061159
106600
127964
060246
012672
126167
112069
101711
047790
101140
057008
075029
024451
040109
082134
104034
120330
123872
069716
073826
006315
014900
021485
059764
037643
011336
014452
100096
098863
010163
001523
012993
034628
082347
064519
024874
122245
052322
052268
064309
056830
005466
081813
046764
004418
107333
018966
025484
100969
094444
067349
009947
059946
015143
006275
119728
131265
020367
001971
038999
098251
011354
126130
010708
074749
020353
039290
007482
099294
100027
072746
037906
068282
013847
026532
014253
077004
032715
017507
017397
096334
131603
059776
013523
081024
016786
066808
072031
070564
116033
080272
097167
065803
124223
047876
048621
068071
070761
125498
046927
054360
007012
057634
067928
066078
118961
067678
045142
121395
054190
115543
071320
100304
130602
116725
074658
031811
123468
060753
019131
059230
018677
062020
101390
098575
057682
031846
120833
061818
026650
044844
058831
102438
110868
033846
015462
056008
070539
107180
033477
077308
028615
032563
034849
011250
085513
116713
070861
081003
021121
128972
085359
109630
041897
030827
095442
015151
099540
023255
037909
107272
115991
046010
114335
104791
080097
042152
128728
126875
086445
126745
006011
073812
129832
124084
089828
011863
050210
009421
123698
021093
127734
075736
096429
078199
015683
124404
102747
110248
056007
016089
044773
084339
005980
126517
112225
063309
125591
004131
133346
006709
035180
121848
006340
055068
011821
083280
021563
054959
056123
012600
099573
058131
001404
104479
033497
046125
122623
055953
125851
100633
109782
027293
093804
101240
118860
058285
062278
052308
107579
092092
104037
091079
116742
111196
066621
125028
089047
068988
056718
010420
017940
052406
094313
108203
127468
048116
076934
053712
121055
058663
045776
044680
012391
034312
041371
008325
005323
017626
082591
055500
094390
064256
064903
099835
128532
080484
083510
008244
121733
087890
030205
097704
088457
091389
120479
126649
032395
001065
070214
085703
130708
074800
081457
070172
072539
121109
043458
066965
041825
057880
045019
043380
071942
010274
024883
049035
042039
124493
010852
071420
124414
090914
018591
026688
059317
082231
123886
092247
073729
072803
049659
086637
065751
011363
118984
089628
029063
016797
073757
000598
040901
037884
040369
117352
032346
047712
020946
002190
032124
116750
048111
001096
108992
026092
085292
050382
008618
028581
047672
111651
082178
092006
122978
089691
089011
028800
032285
133122
093966
104599
100406
008434
115053
018518
085851
008488
043417
133114
120889
045949
065281
038782
044186
035257
044636
112283
052958
057811
127291
102312
084840
014414
061249
128303
001531
055827
011773
092387
133767
056943
012150
114420
118701
063977
059696
029131
043731
063100
027127
085421
047722
088099
096676
049939
023039
053352
082862
131817
113781
013971
000413
063924
051184
058279
115128
103072
058883
011338
016443
058890
046057
061378
023180
058208
012586
120047
115485
122818
002128
064942
053517
070185
020061
108103
012804
132968
049507
018004
078261
116175
021719
006718
009773
019969
050062
074963
051986
044304
062413
072601
121661
044440
116630
048784
106178
052711
123645
130622
097015
093506
019071
061183
035843
056056
008125
050754
105349
000443
117998
033396
100246
025357
122188
089170
056748
110865
129338
025228
079391
128129
074455
113026
127924
035769
033732
032355
078976
099844
013882
059955
068960
081678
095823
090317
102544
119512
122854
030882
032450
096921
132676
003415
129031
111031
047710
089166
008732
099725
117969
068558
001266
130693
124781
030642
049297
059276
066235
022629
072731
086765
075370
045629
059378
001470
084056
040056
026638
018486
089646
097908
100880
023420
114799
022576
019348
080823
062933
063583
009948
118087
077430
114858
021416
065961
133325
118929
085884
055025
019500
077866
093603
005611
116787
113951
099933
050203
076133
070783
034501
107859
010952
118169
111830
133593
013362
017207
098320
100585
028282
064433
087227
063311
024073
049860
038520
108758
056865
010440
133308
051133
027623
106241
093577
033860
084625
003934
101437
100342
127133
010346
051528
046235
124131
106960
092339
034399
125276
086782
086102
091732
014211
035142
100861
013858
059706
027037
126778
129819
130125
082458
061381
077147
056661
100533
117970
008045
063849
084004
055655
097318
036204
131518
085929
113022
049844
063310
050496
074327
129796
028404
045588
031010
035064
098987
006889
083417
090348
076769
095800
000709
080635
054306
091879
108739
055433
059527
078741
109828
057441
124618
046456
132397
024801
046942
101221
031571
043523
086192
048812
056873
046052
008959
132767
084974
014949
071631
040312
107381
003115
098631
083764
043793
070739
043656
029696
037048
103524
132400
103947
125934
008017
084811
091378
100866
007385
061633
031614
099663
058474
085856
100671
026890
124578
060626
067035
029315
062021
102866
024028
018569
013320
048455
023216
019277
035363
086056
056028
099792
085780
091945
062440
065105
024175
068069
053773
131239
041342
089425
096801
038848
009731
128536
065464
036817
032341
050038
061246
040120
095274
033242
064445
129418
089723
065347
065809
028683
027749
082792
032471
032752
046231
039684
020566
051083
106897
013490
117930
037291
079733
085637
018292
097362
001248
064792
001398
033409
048254
016145
013544
020998
064683
027229
106901
055718
127207
127707
118395
096761
069628
007209
058207
015316
068268
055271
073931
000042
040843
029245
052340
090443
008751
117421
099660
099684
060972
023537
050486
053701
019474
109041
066839
094850
120941
044173
005018
009452
121062
114153
115154
064525
102362
131851
109092
025268
077397
026909
113231
011596
130123
110023
079277
128782
051800
001000
130714
008528
104958
104878
064389
041321
115977
053330
029250
097583
073972
109994
114846
095888
051031
023822
002115
116482
107733
090960
120944
015466
046790
125953
123682
066973
000101
089859
074128
041749
059202
080663
126987
020081
043298
010472
036302
132221
037191
063701
070417
066294
059259
014348
066409
080554
010648
115948
017377
094593
016395
072994
123083
072729
013219
120589
056765
006034
119196
034832
118995
009831
056913
077945
059811
096690
065117
108493
013499
119206
039066
029563
066019
077182
066828
052074
108291
109974
072120
040817
014481
101276
025026
097030
011746
061258
026024
035490
070697
009037
107014
009255
116066
046283
091880
013870
119821
065606
015342
035862
116243
125727
080700
039926
094917
115191
055653
081438
019255
039188
121335
051529
033254
117941
048946
002305
017511
035464
028796
053301
117320
019224
051108
095698
068768
087265
013983
121284
046352
119273
095211
032482
005372
105034
133843
084682
120599
128466
043544
076365
109755
115777
112966
100093
052545
088784
124264
086186
013765
028840
082016
126901
120918
085841
044318
116729
049841
098510
101061
074503
088945
084364
123672
074213
065291
035031
052282
110157
071092
044982
117339
108536
034749
028424
107674
095839
107940
030068
104965
071951
018438
113209
130616
004110
125392
046967
069610
059315
120963
092588
042331
132784
043543
122324
076015
036565
055122
007386
063697
074100
041838
089668
024742
065833
012282
094727
096229
027810
054362
019770
124931
075116
074992
120873
060692
034043
128658
049281
115722
086307
101192
084336
023935
100564
125352
099269
052241
114677
069421
046477
068601
086645
115002
055077
107675
114914
085370
122668
034422
007130
102731
066688
109215
022224
032147
080674
036500
035931
131074
107228
032257
076684
044703
031415
067804
047856
065581
062423
045701
019817
120927
061164
121048
057542
006314
008022
110429
036193
129371
083528
019419
009833
132387
052887
110165
063781
034280
047575
096042
103978
064442
094827
009536
035650
038547
008264
050974
025427
080409
073947
058293
082041
024835
007871
112960
036653
126651
047751
051699
016707
045146
085351
116965
088731
060077
053479
038931
011274
114973
098790
040178
051304
015224
040105
058707
033110
026680
029141
128197
071939
025703
127714
119769
060275
069714
111772
062127
124434
073010
001232
063243
103203
024245
090986
029302
057545
094472
085952
110810
012128
085010
069980
117165
007568
122828
001471
072128
091338
126683
020245
105972
069745
076806
077322
102218
048380
058919
036102
076066
128513
117677
013468
018119
080809
091814
014811
095346
048834
056892
123960
118339
072941
104502
124815
125797
106896
119873
015562
060133
131406
122711
010674
035570
082614
118717
128990
069702
091161
083692
083553
107262
119599
056762
013132
030493
055581
046548
060885
044330
034462
130704
119226
002669
040307
093501
073868
044290
038105
042947
111501
102366
061185
031390
108861
095925
023335
048934
028924
103101
070099
074649
074057
066173
024866
093229
096815
103095
040841
121380
097120
126728
116299
065543
064191
077970
041462
089588
025501
078019
062584
071164
005717
059190
072447
120916
096010
060739
072306
090026
107365
032379
109251
024410
055428
087888
046890
111725
001692
066849
097213
102147
069623
126688
001491
004831
066834
108860
033646
090647
115127
026968
125531
031038
102254
108104
066007
051739
077475
086185
100308
088276
015895
060299
027729
068646
111636
057753
069370
107290
030732
110904
068383
060693
074510
110095
116351
100643
083293
093429
077646
091129
108239
130006
049310
126791
074409
035722
065070
001473
124439
033213
048928
001008
086318
033290
110299
000162
026332
015750
007181
046272
056009
073606
058116
008683
038360
126769
059466
025908
039280
115121
085466
049972
053539
105120
077587
061032
093135
133205
070226
023827
051995
003201
006219
125401
056245
120402
061089
098000
073257
119374
033002
125821
133073
093080
034005
127470
033361
005505
035802
113695
096639
054191
097426
039368
133805
065054
026415
132237
075761
025238
070935
031085
000717
111128
101464
092195
103360
022211
027988
003690
050095
130018
077171
110319
068970
046337
097025
086807
038485
029313
065390
105759
065273
005238
108865
020501
026481
122227
088299
065483
008486
106541
103379
029312
021965
131236
031714
024303
083574
097543
097821
009946
058863
076545
044343
067958
010977
125605
035751
104833
004996
029510
045523
006953
126335
000185
050001
092214
043971
130931
088297
017748
015910
120376
124458
128026
072727
106743
036623
090801
032841
129742
096644
000702
000299
051531
069824
124179
107351
081222
131136
122096
079968
071994
014471
115661
028127
056640
009668
069715
091268
064654
008905
114628
081306
128525
112461
029502
012456
000317
012364
129454
116707
061641
014256
014647
006798
013222
080711
015928
093064
119209
065697
028462
024616
025077
035957
070016
107326
097684
103102
075460
102834
077192
051240
089663
008765
036820
026949
034517
078938
129747
005039
113134
133837
063298
091444
072890
011682
000109
127732
081065
131692
067050
047321
065285
059506
013912
034826
023276
129583
006937
051306
022561
045286
067307
074071
127733
057463
106748
091875
069617
069958
033743
045391
111841
026528
081186
026217
022173
063575
031550
120706
130021
130968
060439
095179
034071
065242
066491
085191
101987
060814
087095
034615
100741
092266
046838
011473
002550
128949
107288
086979
016407
070003
119487
069577
079275
130795
035925
055531
092612
021798
122034
036638
096097
024505
096617
076530
122004
016043
099248
030877
120101
074633
065326
054400
036040
082980
132093
000370
053958
087628
068667
121649
045043
027566
092417
054459
120345
059970
038440
031451
086291
098185
104227
097547
075990
027436
000586
083561
048468
023627
069776
002569
000582
057411
129816
093430
085649
049749
112383
131433
127240
077620
021783
024587
047965
058798
057769
074692
116029
087868
076058
068996
018320
128914
047160
094505
012701
002988
055740
105179
058704
061581
116685
097265
086783
082885
016563
020378
079498
115296
033898
082506
010188
064900
016883
064716
116673
102749
088694
055352
121074
097151
116168
079534
078401
068620
080239
097615
036240
113444
050697
121041
053236
102241
100728
016527
022099
123804
034048
053903
017184
027289
050657
039005
012197
089945
102292
102304
099956
040718
028442
115010
122707
012555
031453
035404
013780
098718
085130
116319
124544
117730
028014
104032
097563
007416
018582
133693
017179
007146
122257
014092
119528
056939
079313
068342
021233
123469
116804
109777
028292
030322
003117
081275
057034
004595
084388
037622
036926
031702
026229
045054
033807
049398
008460
003866
097443
105677
011998
019856
026550
123162
076310
016200
110231
127089
101940
078547
116265
088646
040008
125066
027104
111917
089062
101991
032262
042179
091413
015587
103406
126078
073505
069559
058876
061869
083951
051941
070212
087386
047592
041750
080222
023415
021282
132921
014095
035791
046536
008573
008198
070949
090736
044731
011715
095221
049517
124649
131699
055656
132578
003441
063231
019303
085052
115082
071786
075362
044325
124362
104044
118727
062404
053351
105905
030852
032584
060585
028704
012620
105137
124576
111500
067977
111296
015976
115222
050325
091982
025613
089789
104952
042442
076559
026205
096026
105334
127329
048848
011328
115580
070019
030542
027284
127228
055020
008101
133665
084729
007489
015275
112760
043989
015817
116808
090632
082043
117042
054596
099926
051160
133357
113090
033053
082884
019975
074196
035315
082399
120822
115320
028320
050124
053350
031983
028826
071752
019490
020441
086827
007383
050858
086258
066221
103616
040089
119785
023315
112280
100433
088903
112686
061043
034495
083186
022919
058790
033398
132621
114922
052708
109139
089200
080165
089584
121337
094780
125033
034646
044080
086892
021410
086954
130847
004311
047363
015969
109918
019023
122706
008852
031533
070911
024109
043482
023878
120263
023564
124980
033508
061166
054396
069513
104347
131850
116041
095905
114136
053886
020837
126042
012978
061036
055894
120508
115455
020254
000750
082490
101045
067619
028472
124309
020668
059896
100996
075358
086951
076893
006498
085231
120871
111261
083416
126647
015702
042061
114003
112185
087600
118895
057129
130453
008658
015436
070791
091112
077142
021085
085068
043701
104993
085907
052999
083936
015025
074599
028634
070465
101553
085227
121378
055971
121131
119882
073006
104128
011404
003755
031335
008933
122930
114291
010802
012144
082826
130460
088142
084577
131200
129838
050801
071439
086319
001743
073730
021242
027747
004442
113720
005344
055171
069978
053440
109759
022283
077906
096420
046732
128153
128265
072198
047283
053637
090613
064606
010813
064058
019655
006809
006688
097072
019325
048737
100058
133194
108855
010027
035216
012368
133019
064055
100019
127869
124847
003265
024780
012024
085909
028872
043650
021555
042356
017773
106013
037918
092636
078780
129670
065984
087119
113130
026745
100264
083411
094476
024893
058004
038428
100247
051661
034444
022639
097895
053782
082009
093377
120838
098625
122783
044753
114397
124328
014034
089361
111826
040535
100455
118365
051124
076143
113779
113687
120494
083135
051168
100488
090476
127853
012259
051694
039373
050536
063722
042509
040475
081985
024745
058937
044408
079336
073298
066962
026568
111942
131349
111150
062213
054310
104189
048500
124213
105339
075274
036249
092175
046279
090036
114192
066552
132292
081266
122837
076750
006967
094860
109130
096558
058773
017911
077150
101363
061747
020941
015535
098070
034000
070862
088285
093258
076172
089845
126129
075930
060525
003953
004878
055978
081789
002872
038751
092984
066519
004635
006666
064388
025458
002365
061987
068876
071346
056498
108048
119101
015553
056475
109602
104700
086229
032871
068932
054212
031365
020827
085587
056582
061160
114426
081376
099623
063647
020731
111797
125945
030793
121696
004439
020271
030113
000752
042950
103940
033307
029836
097726
006623
091474
098779
119093
025227
100751
044681
001527
126164
033229
076585
065143
086687
021228
110309
108858
048606
044550
050403
005387
011203
073600
133549
033294
009240
076558
040807
089641
038376
005925
070343
084293
067044
053327
076958
083728
073036
034221
096649
058747
066870
131673
132513
006136
109695
022519
106487
060186
051961
079899
116449
030501
100396
093848
130870
121253
041252
114039
026267
026857
096189
125496
128708
028524
124685
099313
108905
014957
129281
010548
116207
094045
051279
040200
115966
002512
118433
088802
004276
105019
072382
073046
125323
114065
068754
132584
100699
077603
002289
078713
015149
045807
107875
112827
095305
039477
113038
041633
041809
062607
055092
085803
033747
072164
058343
061214
073731
016708
110774
040809
035288
119480
091655
089369
068673
128638
121831
072966
037896
090377
075750
088696
005480
112270
083226
065489
018287
087189
076033
030134
099323
096459
126996
040019
097343
008907
036564
060117
038068
122956
102757
098960
035152
047678
097357
004782
103798
046626
068048
042736
073672
032078
053891
048088
043974
104618
006576
001479
029378
121791
089399
114194
020798
053535
061949
100073
039045
093584
062485
059264
115124
113201
117723
042365
104449
003153
027124
049950
133637
120252
098765
012044
063225
002114
130170
032612
032291
057690
062859
094442
132364
011360
062911
088076
069942
023552
006083
030661
075263
107377
084845
012015
005320
085335
023063
078567
051664
104539
027780
133719
048010
097799
038249
012004
120432
115097
019019
098595
084000
005886
132544
040757
082913
075590
000273
119270
126052
028688
077119
064315
066646
079868
102367
008285
113115
126771
115827
014866
070186
102185
053360
087843
131431
103868
047115
038369
086977
075361
011651
058993
010248
122663
005524
020897
001708
114405
056376
050200
131892
126082
001086
003352
124590
112062
005395
045989
107259
123211
043514
009561
114618
124136
035551
099095
024295
058249
022128
130463
009420
107799
116155
132473
098967
089674
010656
109290
035888
068645
125006
059271
002654
041502
128567
110424
085026
008800
028388
010904
066542
080110
070825
028607
118086
056370
024753
058675
042370
087883
080796
096990
046625
060965
080291
079047
056800
023799
017352
026293
007699
032195
060672
008220
107452
050983
122015
027291
012597
060358
129743
044776
028173
070557
100204
130009
089054
060809
080323
093245
038998
051107
020488
024280
049164
087822
106585
036815
041217
110799
012778
125403
021486
058646
119607
114115
105593
040792
017712
117943
070812
119148
092988
087033
000781
026128
027966
052343
082345
098568
029114
102151
010306
046760
039215
092346
127222
114293
107361
008642
014616
104647
109649
060557
036632
078540
063775
116890
050173
122330
020473
089775
063116
062062
101859
035821
079983
064440
071292
071130
066419
126660
101810
023826
056815
040653
133036
023844
030891
108923
069571
059247
105574
023355
082874
071099
085605
072666
085037
057039
125916
013660
040869
098983
119262
065747
043792
122111
020537
093250
082179
073047
043907
074147
092221
002364
010198
007399
007565
112672
025764
077642
100174
036997
084093
122591
066033
061030
009359
089014
014985
091775
018722
001852
108347
004567
031222
066275
056923
074095
080442
068608
039698
029443
073688
029893
087623
043152
030650
109801
096037
019122
114478
003760
077961
058420
042698
090796
107481
047268
000367
058211
062865
017478
011435
017032
128784
066117
010245
064449
110342
070900
064643
067026
116428
036724
114912
068737
126162
009195
092337
101529
130077
046246
086401
083418
040384
115990
039679
051833
011967
000281
104964
046063
128685
019041
057007
057022
005250
108663
053871
055605
047990
072893
033442
099762
099748
077091
058079
011701
104107
036055
021289
055982
113762
112097
103166
038932
020063
033596
049122
098107
058978
095723
088568
033064
050345
016669
016953
096786
026251
057771
062867
064294
081506
023700
010616
074999
122685
079421
075837
073302
042491
086952
036077
066407
118300
121764
013760
030638
040377
065720
081466
109738
054772
110546
058284
056875
093612
051089
059377
106181
091491
076804
087597
061639
113266
097172
009124
005177
018110
100619
073068
084991
096549
082717
095883
066281
104393
114134
058571
075044
080830
093959
093606
057795
113804
097509
032890
047853
031220
027817
001250
031159
093939
023410
002140
115957
003266
060817
111232
116115
074986
043864
006624
072408
071885
110473
113341
131986
060855
085849
082042
025096
125095
088740
060386
111850
131857
028881
030087
089900
049001
086644
036176
015389
002382
061898
020296
036261
099648
098348
098340
025342
052101
043426
015182
075497
117034
002237
019056
064999
128000
034740
085187
091333
051132
014275
129935
092025
092497
090984
030526
040087
018894
096001
105826
040521
098327
109217
101241
001571
027135
100458
084839
061377
014705
025452
093631
064420
104909
027533
131679
089605
056812
011060
082771
091983
100462
060001
046061
098056
035945
091668
033758
124412
100744
100384
111360
027707
054232
071872
096657
012698
058789
129472
111237
115359
061110
040759
070516
128546
096031
077323
006294
085665
043654
097922
010959
053195
016143
125402
123131
046183
062574
075119
010324
126994
033731
074863
022771
121114
059549
054502
058354
056179
031059
022315
013106
101947
114714
057960
104420
073362
054841
124372
019129
058059
060079
031555
091699
033280
027605
124275
103930
007731
002075
123870
024052
132210
089217
011439
097581
007504
132195
029812
002894
121447
099325
019541
098207
063215
052572
042803
011566
015354
114318
008948
065351
102483
066980
079118
001401
044447
033060
060066
100775
132991
104300
045052
044384
077933
072631
045077
011526
124364
107951
007648
035131
091650
022833
070509
019360
109600
099022
091262
009800
081615
088803
048313
063020
001644
084361
057579
010933
128086
043488
057812
045467
062049
002851
058899
030534
130553
021132
117897
024755
073442
050514
013228
089713
004255
035890
004421
041517
018531
004063
108118
014170
042188
096610
123495
009581
041842
038557
045225
122160
085939
012384
045614
023692
096022
099403
089358
111467
129850
050412
059592
107065
017834
066145
062456
039241
127490
112875
052567
116946
094728
108131
068242
052236
117337
109025
068326
099126
105631
028216
047218
027769
030856
072616
085450
094598
093181
123707
119934
113657
022485
042783
074072
083871
006459
056133
075941
059996
130600
068304
075915
030925
085584
011724
121777
008789
003138
016515
105223
041245
117992
110369
048463
025617
035305
097951
122198
081548
000337
070380
013387
122766
063434
108845
106316
126245
007958
067317
042722
079285
058836
021454
121906
095988
042308
085607
051613
008020
103609
130884
003098
076269
075363
132654
099042
124600
057003
020841
023852
110173
029827
040158
060072
118856
004256
072500
016140
091720
125869
084118
107090
073292
068467
020624
067020
133289
067167
053011
097253
023965
042984
092584
007957
122938
060050
009839
114476
132285
104960
048228
031671
066802
128791
122444
039243
061385
106975
004695
098469
126518
064251
108688
048332
062194
060903
059813
092528
018866
001030
067845
110848
022622
040511
089202
120769
051081
035468
094669
110245
109597
071888
099787
080939
009249
047862
090896
001914
106979
099284
131480
077239
007089
021165
126309
071463
049916
023050
044885
004703
095993
055396
050291
110361
030576
083802
133674
063825
055869
011985
117053
113338
130739
132324
020660
131388
077990
108606
108914
049781
100909
111291
090006
131490
133854
036197
084243
006184
040311
092393
060783
027635
100959
005419
108710
122712
026026
037921
056014
022036
084924
032539
015296
127022
052263
111169
068095
059546
069001
126662
070630
065757
043087
080249
091450
130522
011320
101247
123335
053776
126247
000251
108481
050128
066693
030147
101190
128089
022899
119602
085620
025070
075402
064005
024409
118188
031327
048413
056785
077292
004698
019295
108566
041253
016659
069278
024646
077666
045756
103585
058896
057950
111090
027016
072777
012447
110717
051099
045933
085622
024501
111695
072391
115480
109983
030668
091767
019259
126690
004299
083791
132511
019463
056599
031612
058006
072848
104179
009465
119106
024843
119998
115789
054291
066285
112007
087070
080630
069514
012997
055087
049791
089912
021304
077172
028013
012576
098496
125019
111320
014245
064594
029277
084136
050122
092109
130446
026726
026517
029682
108647
067259
017145
126611
126010
050844
030485
008839
093562
022218
114716
043954
104570
070247
061924
035700
076869
106738
011718
036116
044380
130915
129007
092869
130456
015663
102720
035431
017854
076282
086660
063011
112304
015121
006781
088269
087505
071453
060956
029466
107790
041579
130700
090591
043308
123732
131854
016636
025904
120075
022473
001153
059756
052530
069197
021960
067115
060751
024834
093585
118875
027491
048919
054117
101538
061911
031294
028363
104608
104302
035261
016204
054018
105343
029636
118502
069196
120639
102229
041918
066397
090772
063706
073611
129081
061516
112375
051524
070220
030324
086113
005394
060802
045192
020111
032256
102443
014691
132788
076352
093217
102728
116019
109272
043180
076023
083239
020381
113392
103299
018450
050385
104118
051898
124540
076765
119129
111102
104299
126049
089577
080709
055958
024694
128524
021898
095947
014444
028211
080638
113187
075947
006721
100143
085198
108121
051881
010200
006460
044787
013275
050377
089568
010556
018414
115914
033321
013851
074756
040632
132101
115790
024978
055781
090000
041852
107760
094571
065967
088653
073370
080910
090537
005831
016259
099897
073765
069347
010667
106536
039925
019426
055947
052928
048329
067810
063642
031321
128111
076067
038644
077356
001563
052868
118594
074996
029691
058238
038264
040282
108033
003538
068697
063824
075347
063056
040644
045476
089263
096047
107826
056930
113716
104373
049386
128800
004087
104689
072072
047521
108812
068861
019531
048790
059831
070402
084943
009702
032855
132646
077132
095299
132158
080575
047324
093246
108008
111884
098310
007962
074400
098248
101150
091050
049019
050534
063765
022405
080287
063627
102799
131383
101177
104244
060042
133683
126525
056528
075978
100035
062179
114688
070902
077440
100820
044614
029016
132208
006762
088477
076036
050033
104154
118654
005120
072518
031968
097527
102038
093360
075953
062247
113655
025116
032782
015894
062600
120887
000489
001835
012507
128652
082621
047700
119413
079471
012467
127313
059877
022138
100599
086464
019839
027035
122971
073363
048472
099920
044248
071005
016048
082270
044876
011631
030562
053102
017783
110655
057756
048471
070456
012796
060405
108380
015693
085983
032777
083556
018949
000431
075219
119369
123431
021144
108749
087091
046651
104680
008908
118281
060139
113227
098460
063269
082857
119038
051633
061308
094012
033642
065719
015211
082555
058672
000032
092758
107848
030612
074886
011024
053556
062273
107878
008868
052988
126325
085702
082446
006667
057269
114016
014894
123299
028301
090878
083644
048348
002888
089044
038819
117185
090951
085989
086336
080692
092156
068088
064249
121531
018350
083305
052182
075118
034556
128725
105545
078563
041906
133480
068778
111085
025176
010747
067961
068252
027753
107414
076140
021614
099371
022873
031494
055309
075969
124958
046598
073506
015408
061148
044433
081125
009328
089271
060091
132239
095557
102699
076392
059574
112278
025294
011754
070198
055172
050398
019376
020432
040181
087698
062360
131147
019735
116863
017470
111371
109490
060406
054419
094447
011480
081045
057310
027086
127516
112869
022411
113037
052619
005401
030860
119583
068017
099291
057462
076285
101908
020057
092426
108761
119476
079645
103392
106917
100476
122596
058785
091081
098898
002217
103520
132447
102310
060383
059103
049251
025837
023861
018354
079649
026835
086045
101047
060209
108240
116424
111701
014872
071991
028284
038301
114743
002214
077662
002717
061453
063304
086928
056496
011757
043092
100323
132861
100086
094719
079443
082296
026359
089366
034625
088787
131936
116573
051643
054541
056023
077641
103458
095151
129554
100042
129999
080220
061596
122959
029441
032922
009247
090760
116624
049197
107522
073504
004016
052741
056839
021120
051865
000258
089436
004297
013417
104538
097352
019008
052895
059780
041402
109332
042769
105135
048319
050478
104133
099793
042403
044831
078012
058756
094939
109326
099120
023112
099896
089032
033575
040379
093784
071886
108698
039009
013737
042539
011472
001941
049712
012032
032336
101235
034445
048216
013391
099650
014458
043282
019904
098279
051818
048701
059783
116497
006631
121953
046883
078215
025328
041693
058247
002417
036889
090708
073461
116762
119266
063685
091385
103645
047161
122384
008243
035556
038890
023458
119316
103594
029599
088760
044716
019158
010333
039265
004440
005827
059362
018075
049660
129621
082836
123445
099329
064373
050032
007640
032106
060536
079532
077472
103661
095759
100252
085232
129477
122620
108850
112279
065593
044052
041810
063979
065655
018821
042789
114117
035887
062070
004213
064650
020722
095505
035317
131073
021720
104702
121476
127183
121591
056733
089264
041692
010483
120919
036625
073104
071852
037721
084960
006802
056536
111726
060434
034094
113153
071624
127107
015081
048314
006806
062117
104789
074438
113178
033193
041908
033880
118719
000532
124604
078714
105609
104989
065923
119867
031884
119684
006200
095540
132464
111301
036448
013686
032488
098465
028350
031150
043199
125016
108286
105038
093634
124176
050148
114158
119168
114064
119293
068940
033410
008135
067084
013407
036739
129868
062263
014241
070530
034413
092983
132267
072767
032738
010214
133278
020493
002637
082266
046735
091716
063780
127841
050986
111903
028753
090369
104411
031739
090057
106604
073127
006527
029347
101550
052646
054886
075636
089977
102412
131220
087008
121792
014140
002238
063207
059199
050939
090407
050923
128402
015923
012475
012383
000172
034561
014501
115261
117521
050933
016663
118573
063247
008600
040617
117027
044861
083368
100280
128803
128084
131379
063224
115284
089659
118353
126090
001701
006099
067396
133679
125256
055260
109803
017330
013565
066684
086705
076622
011741
111503
084734
074608
025839
028749
022233
090928
073968
058229
047878
064693
081508
071828
031766
120825
033900
048237
068571
018997
050763
120811
049215
014671
118496
034067
100570
063750
100936
064380
109902
045082
065370
082210
122705
023392
022709
094680
042010
039538
131192
085560
065519
059370
117110
115862
017017
128155
094733
070432
091822
096144
066985
096862
121895
081223
132332
040421
011525
056782
038887
118302
121415
036856
025930
049560
003334
054476
126169
043484
023962
026395
062715
005765
086811
058021
029489
056723
114475
042071
025976
097173
076850
068163
070194
133624
012662
013461
000331
062149
033794
055343
006328
017710
083099
022871
068532
014787
056827
070373
027723
054110
078537
084394
088344
022714
059345
131914
078552
061915
106386
090437
054119
066079
006393
076390
076835
010204
043991
010799
088512
075097
096406
018558
122130
017081
003941
096122
005536
061476
107565
009261
034251
054077
033062
086148
094746
067963
063724
107261
072953
110144
009992
099595
043653
018516
029580
130241
070002
093812
062255
101869
052878
067356
066479
003110
029213
101006
014051
015032
108284
073033
114208
055192
131336
124281
065000
042020
051912
026457
070100
074912
034230
109641
077093
106170
033965
068560
048328
051155
118613
029249
048456
047360
033875
005738
117663
029792
066683
091649
030811
039354
107308
027580
126303
112940
023357
040386
065676
010700
055259
049324
074046
106442
061311
014433
118821
012631
104149
074732
030796
042478
062454
051901
079046
116285
109672
045811
098312
046293
132970
075369
077301
018585
104908
059499
129218
055529
080377
111112
081221
026526
025529
041528
039353
069998
044777
100553
130266
017985
044259
018373
111807
124424
089948
121742
039906
011543
123464
113131
089820
066871
016955
058543
059630
094816
103009
032034
033951
119012
057085
065245
003230
066394
074747
105595
036335
129101
011904
036813
127931
034594
084266
099330
011077
073698
053841
118811
007173
069633
094550
096588
006111
029716
124384
132969
016785
096991
070024
035563
120509
067223
009532
032952
086590
022836
128582
115409
065836
058222
099695
064418
105249
068110
078660
009298
069821
026400
128317
077349
026096
047034
077361
008774
067987
085669
089914
054597
076265
123019
059591
028804
005986
014347
066978
046559
112381
120839
125075
119768
109093
047797
101217
105554
132115
129591
026413
046254
033489
075294
097574
122657
026125
070918
093743
111778
106968
011583
070462
085546
091701
042384
076436
115033
044858
039479
013587
070980
054385
074888
130991
056111
004701
023231
108560
118313
067784
035319
001286
045665
118805
029218
062087
047840
006950
117153
018313
007425
075437
066259
000759
106070
051077
101419
098504
062412
007942
029581
070463
131938
094745
014809
108740
034964
036733
089933
066689
091645
111286
012916
121093
064441
089520
009863
060157
072537
069300
034609
099779
022345
103445
008130
088783
041062
042002
113213
031881
005514
101866
130716
058938
126319
010849
072811
029404
112161
102865
031959
010519
027022
001077
117408
042879
094911
010736
109280
097283
078568
098396
060886
040257
113032
035130
001854
022002
051125
031746
007713
071432
037235
063319
086171
053230
094267
013954
001986
067831
076010
074463
063547
133649
100835
064275
132067
103507
028737
062429
027308
067478
027472
065494
065249
047909
036594
073188
053853
007809
030540
018835
089935
017422
026187
070305
067736
073629
017571
007847
050613
105323
115207
120844
017171
120040
080598
107298
066412
108309
131971
096901
068779
109398
105193
088924
118831
132485
005758
040974
069939
108416
011607
021975
115540
029003
103050
009797
112972
087341
015064
026907
123467
105457
087770
017134
003614
000863
018197
101516
015844
034226
054420
024821
024965
050463
076686
058691
009973
080444
052168
119808
105435
020445
091382
019418
040542
038915
009520
086917
118787
055994
096257
036730
035489
051787
033584
126610
045263
089410
098259
113924
108465
005464
019681
023083
076933
112879
086235
076705
014336
109405
076193
086832
112276
037133
052625
046618
005288
097131
108729
000286
088270
085168
080843
048789
046624
107196
049329
059087
046274
103128
027571
100680
007381
030671
095282
117681
052907
033675
013050
068619
043220
068999
052913
118552
020634
075106
019482
039843
048351
022069
104613
048064
025431
023067
122984
049614
052774
090706
107033
125941
112376
036719
099794
086562
077127
043908
013968
092998
044534
084758
022936
133313
029236
039176
047111
068579
049949
017077
077148
110015
102823
129294
035021
097539
093683
065441
118189
071180
118191
097255
096733
019387
082713
101974
060156
050338
045547
089164
081287
080485
020088
094007
023550
036536
022324
123575
106402
043695
108160
040429
123127
055668
007592
025928
044704
071543
015900
129512
081849
088843
089507
072193
073502
020571
085529
022258
025542
030673
028985
110652
054769
060037
012923
039276
096058
108624
118504
121761
124584
061501
030604
080280
028854
104091
027956
035909
028257
013677
050415
030639
018002
106264
046038
116693
086775
072325
099543
091550
108141
084223
126077
101375
033757
027214
048038
092335
072700
060772
065302
055780
107638
074984
124568
015945
102653
069000
103509
082081
127154
028534
034622
072688
019858
050172
102929
050335
080274
009605
103889
030366
041223
084123
033578
109817
095334
119481
048693
015688
024738
130889
023619
047904
101892
022739
004971
057558
044947
006659
031417
037408
031774
032115
116154
132018
073472
064230
027107
004315
004194
022971
061750
000500
087907
022630
013000
040097
132548
074044
004277
112767
003921
074846
039711
091648
109110
103087
010186
052814
088674
032998
026260
061677
036938
013083
075275
115333
126686
024006
103344
049400
108106
100785
011385
030487
025345
120268
041618
007838
057740
101587
013021
132530
080415
040422
122356
103349
133390
016519
011739
050344
061272
073707
083045
075483
095719
110323
092311
049198
054404
043975
119666
076625
022132
094792
089027
119089
010036
073169
050530
052010
030126
104076
010253
018363
107676
070643
056310
046308
003494
025330
059840
015869
046230
043217
069516
062871
048847
024911
133042
003367
056776
073758
124946
016594
064194
020360
118172
023549
057016
038464
012026
031836
034659
070044
093616
072785
000008
132314
009552
096866
104278
002886
009417
097004
104233
114319
056469
068273
042258
052434
014120
101778
010144
012306
054017
040837
077001
037891
006415
132413
131177
059320
031331
047171
118323
025502
107135
000479
065172
047714
043874
028711
081530
106672
071013
109399
072334
081875
127011
117979
069362
087631
083957
058138
088100
085981
028073
122326
004543
029942
080479
124891
035788
009155
063989
091315
108147
090390
110687
050259
011390
080531
122142
036651
116024
126656
128202
063542
104576
057830
070197
057881
088794
017015
076398
014403
088177
037432
092599
110354
013886
104021
004833
066608
069051
073755
046918
130909
071736
000976
041529
061746
032912
127532
096242
118629
082525
013053
125524
104885
004053
080261
060803
122377
021571
059439
027028
110184
048951
076014
078658
083877
051640
084039
006847
127084
016412
035849
027143
041507
126971
096923
029769
045645
074328
105523
117092
002967
004684
120717
080253
005621
016192
056996
039267
005003
086959
027125
059837
075501
116718
107109
034649
121373
014873
013736
094311
126366
002903
053904
022703
013316
028128
026596
010709
097210
085433
096897
119157
054704
042191
118204
106426
002568
010042
005137
007508
131533
065031
095489
096083
108747
003719
062689
049502
122302
080312
045294
131334
008558
121514
121599
082638
104542
127591
047239
030428
046975
060513
086252
017601
020075
022311
075063
004485
012900
101826
093941
066312
055377
049688
022125
059918
017996
070673
103323
032431
034163
085403
050188
115260
016079
102696
121237
015586
026549
129672
065865
094974
086342
029071
012780
098629
032781
065509
090752
065896
015127
021562
062239
054804
036147
075084
011184
022560
075077
041460
085922
114851
063473
104050
021866
111385
019165
059303
073882
058588
076460
055834
111272
025446
097251
041630
051481
005327
124487
046610
028270
023511
029928
071433
019808
130707
066112
123521
029439
012562
025059
068429
040413
071205
055418
009603
040145
070082
041965
076292
016638
058822
012598
111149
122214
080842
065817
023765
101848
005526
103304
055952
052395
007182
013076
059571
090559
088564
064254
083646
035095
062551
076099
072234
117555
113075
079077
021684
053863
039882
080932
057301
035378
111367
102013
015569
117271
007596
104699
084249
129689
006283
024058
112905
029126
072805
062285
005030
098483
103300
053768
100574
059875
082223
027896
000669
104383
121304
018504
080879
055151
066847
050762
092788
046482
068678
074901
060315
005548
051879
061289
111906
086019
078196
081729
088367
115856
057266
023915
001870
119641
078254
098476
012561
072191
115098
124221
084240
132650
053376
025378
038645
015157
119016
017151
006606
007567
084530
025202
056868
118064
046596
068154
023573
006260
076486
108471
089626
066167
026775
079458
113034
075766
077628
064292
129649
119999
005184
021102
069169
017186
043080
024776
022061
062495
049682
090781
054813
115520
064944
028250
129514
039234
044352
094938
108029
133867
012750
117879
032487
070071
108475
059941
117126
108609
009043
067010
120938
059721
089212
104644
095230
109072
109973
093772
057773
093917
034558
041886
085087
013543
040623
042884
009789
062228
129708
088518
005138
118324
090353
033061
057478
129044
130725
072933
001497
054461
005794
130452
041169
056828
127279
107778
068979
047023
014028
003010
056246
013413
038865
056905
040814
083201
036498
070224
065219
104271
007675
008026
048953
086287
045974
054539
089141
048978
117136
051003
046049
024803
028949
113758
097333
018720
018733
074235
045703
100589
026421
068425
128680
029340
034827
127662
080893
000785
110529
025005
052234
021954
129274
090258
031014
013073
106613
078531
079269
050008
056423
111459
103432
103877
085964
048521
118762
062850
082454
117036
088333
011415
082206
019782
121551
096473
032968
072599
085239
002581
021824
072760
127300
082383
077659
076947
009521
081972
120866
059745
125147
051140
029208
087652
055301
000576
068343
007454
012556
010060
116598
048343
015672
099312
132897
050116
043724
068254
043456
050513
057128
072003
035517
100225
124607
097812
098501
017543
061487
080130
043681
040195
056757
074718
043905
095945
063798
007844
102225
036145
035022
100049
089869
044118
034244
121392
072107
053884
115871
028905
101645
062442
128863
094232
077309
071727
008500
015363
049978
049397
017653
049264
088343
129722
084842
101590
089972
069373
024928
016162
118104
026369
091256
131866
072129
111729
092976
079875
089157
003935
113427
109963
046364
000906
003137
039242
047400
086051
127872
066052
047132
116895
036749
009143
100632
106486
107803
126680
100515
026573
041926
054877
106129
107659
020613
036166
001344
027697
056894
126056
040064
005885
059858
133555
092560
057778
006672
008920
049005
124206
009046
124706
132643
096895
015919
043883
056546
005240
024865
056478
043887
122953
090133
123160
037840
015476
101783
062527
054133
034700
107132
034298
042853
026713
099082
080474
063951
026224
043717
079670
061332
128145
116502
009508
021717
099850
115788
132098
067811
028933
032783
049432
129180
070145
078573
099028
061950
062241
051706
013762
063952
026839
035501
046954
006251
002745
011376
030868
074087
012511
060377
026473
086948
116141
092164
027471
036473
089345
118247
130365
103487
043620
130097
031284
029902
016666
104238
038652
104241
075205
007971
061731
071179
040541
060345
108737
070260
000154
059531
091560
027083
056820
098049
118877
016459
057951
102344
071907
061657
103401
016995
115586
093254
013305
001820
037678
049740
045486
103799
108652
088364
012399
009072
083547
079296
078998
065505
083245
094010
116432
100190
083536
005578
075621
043931
120180
019919
057079
124741
015482
052204
090608
117063
050577
010529
060854
122954
118229
026449
086732
010496
011295
043961
124938
049188
030928
075011
058071
006683
002944
089834
044792
002146
105439
063758
060801
107342
058367
119781
049945
029400
101242
077480
005179
088603
050154
121082
028537
125750
059639
095342
023101
038279
063118
082450
071950
085561
097402
049842
028599
070595
122775
037209
055034
030717
010136
020657
027434
049083
110218
102142
074260
033760
084007
054589
020015
031113
017916
061665
002937
046332
002789
133541
050007
128219
027423
033080
124779
048357
115197
021320
032940
085183
105632
110809
021308
086028
066262
005391
056792
097119
028108
097846
029694
053357
074997
104942
095642
099738
111092
006097
034426
011429
083972
117207
011818
133723
090395
107034
034433
033427
029665
060218
050616
045046
023336
028090
066028
105262
118079
056252
119384
125099
127459
101709
057241
015059
093176
036945
089422
025978
059249
079062
107145
070166
057599
027506
062333
090548
003963
011867
096457
121560
008481
066763
015819
113181
012125
056933
022698
040078
089322
062763
025994
058887
029075
057494
119581
008076
104754
008979
026143
114874
047525
092454
053621
035839
109091
079771
029837
066522
048130
126513
030060
033762
045938
090546
126974
010549
118184
096173
066605
029254
016331
077340
053269
065754
079072
012522
029546
084868
057453
013690
119055
064722
083137
005306
089689
029401
051748
022925
103448
040488
090464
032515
104879
031543
104794
123174
129998
062526
008725
079686
005258
098269
010384
087734
012403
089319
063996
026377
105331
024024
044260
057351
074929
064936
063389
078940
126192
019226
122797
076589
014680
001279
079507
132198
015898
063929
022010
000516
048247
047865
113790
091323
017590
093649
047241
021305
026008
076072
036526
053961
053085
068408
006671
055093
076194
069711
057718
115831
084331
131459
025009
045616
047736
122622
026634
035308
089944
117818
016830
065892
039518
093621
083094
115740
085824
045548
002055
030310
107299
033650
061135
133123
060520
024620
098046
085908
002783
090418
068065
063051
091658
105489
068837
008106
112138
062645
043441
033144
028953
061423
006877
059932
092231
041753
124239
113300
070360
017647
057899
047911
122658
047794
062831
030596
077813
012253
043866
097662
018233
132641
071554
132136
037944
072255
104839
023418
002564
013615
077389
036106
116208
063690
063805
108294
033215
078557
126076
106586
101512
074011
003243
012616
130945
084353
115481
024855
078171
107406
046752
046952
054831
038816
076501
056183
041764
126307
002149
011029
130687
022652
010539
005836
112140
045698
050410
101353
114991
002973
112218
131138
034925
045775
070785
004772
082635
060147
077536
099940
121657
062525
001686
022761
068621
091820
116049
014651
046758
053642
100002
130504
056074
030182
021515
125497
010367
085364
016575
017374
089897
114653
035652
015018
098989
000988
008277
008954
110123
065962
124727
031391
117631
107241
100210
105212
102702
002482
012332
097144
069286
031670
131631
062508
091289
036881
125255
108960
016513
033145
081974
003628
068424
074916
088849
074157
009699
093243
044821
027226
013382
037932
043387
074215
128355
061491
120733
035901
012531
063918
015920
025004
061171
005725
000075
001832
014687
054472
021095
035438
061945
020995
121527
065420
024121
130985
121381
118735
055291
031360
108195
032979
096423
050350
003229
066089
099116
099348
072232
101018
045750
085011
093123
023292
081973
122550
030697
016109
023584
060049
002608
099119
059191
001648
076755
040245
069730
124444
044589
012549
048556
059762
104400
042367
068725
077009
128401
077462
058271
095161
066672
099737
045131
090432
046144
018415
086201
038866
097239
076422
075986
068009
074853
061138
063401
062547
113565
128077
063790
126008
108175
012563
028888
062065
003456
019543
084247
107085
093225
002279
049133
092287
006882
001362
072242
084858
107712
039767
037491
027657
036608
061299
112927
111781
084028
062246
058877
119801
012526
053620
070101
116322
099683
031216
104092
105082
084379
031660
017843
056783
083261
063616
110899
051010
110212
044393
030763
098407
089143
117300
101425
018353
082793
022798
079303
040220
100249
062711
052893
014535
063986
028239
025783
103925
042205
013102
049794
009108
048207
124791
101938
132299
083320
102493
053779
121992
089139
077482
032007
133720
095983
101455
009331
025807
016597
105695
020794
105344
014622
047713
001190
102706
128407
065218
133502
096055
102759
001089
115502
098411
037880
003850
022718
041195
009390
008003
004500
101661
026134
053295
001098
122624
064344
027669
048398
129098
040467
115725
127979
060808
077708
061336
017667
095884
019139
064554
007274
127669
063578
033942
098934
014091
011490
129272
110657
028307
093737
133537
133436
059605
030851
028413
043490
030867
065957
011851
114672
040622
029411
037121
128041
044966
069772
080743
048058
014779
028672
021532
094259
096844
128906
029704
014761
004838
062267
006869
074780
132564
033332
037733
004618
125361
116984
002178
130774
102179
001103
103450
043359
102960
002733
027535
120168
114619
084286
055762
002778
121327
065399
036557
041172
000915
055109
112129
063067
005695
027427
037477
110312
032992
114027
104178
073751
092676
094752
014676
015475
106398
037628
108391
069288
114920
055858
041735
044256
103648
072825
077073
109478
030178
017586
109016
001152
043062
066851
092587
130680
097651
089196
044873
028453
072476
051934
082023
075763
016206
031468
084334
112232
051055
057809
122677
120982
072808
059277
031815
047069
053704
056823
070306
009783
125889
127616
065360
130690
043556
033461
052551
011519
130751
003657
102621
085600
034022
019859
031653
084708
097334
108050
069919
108500
022214
068918
060776
072612
094254
117389
109143
129873
058030
035822
075964
068691
084855
051542
021994
066877
108314
065202
108176
101026
023625
015609
109176
101811
072864
113656
051500
028365
011200
102883
035512
062067
094365
122321
043807
109307
051126
041866
034956
061168
111970
102100
127961
038252
128115
035740
095021
065162
023394
047294
091274
017620
072757
025386
028094
098667
078598
064960
107871
007062
019563
052284
071421
011032
081621
029261
089100
098502
069218
106274
014769
096230
117088
128029
073732
112533
049691
003576
132486
090941
104662
124602
091994
072828
110905
122618
107367
038120
057006
020498
115749
005905
007741
014729
002940
102591
052110
043494
054136
062452
065934
017328
115146
087915
006651
114789
081224
074792
063925
008641
048780
032334
063179
055528
054344
025195
086059
108074
089206
127198
056864
098764
038465
068146
113093
059709
069709
016635
079438
104809
079859
037211
004537
098813
113211
106473
055632
122244
047027
019431
035604
127242
028431
033708
093052
076912
061064
075511
056980
056298
087967
081400
063442
072841
080858
081319
085988
130222
088909
000257
131693
031908
053213
115892
064584
013889
124305
008636
028650
005610
083285
129545
015718
101931
042397
001437
025111
129805
073546
074867
050024
026646
058649
021805
031783
002426
046234
039184
050051
004089
043690
129790
089082
065413
100712
113100
060178
070542
089661
013300
041240
031281
020796
108126
108993
019925
069554
034409
108612
044008
040844
075875
096312
029057
073407
033408
091739
033265
011149
091380
003782
067028
002941
051774
085873
062051
062293
025967
122751
076139
040595
101842
042777
104162
031628
097205
035638
115763
108950
129734
090116
115743
066781
094019
068881
091179
022702
007563
068628
023946
121505
000061
104426
060512
133020
034109
030550
029294
119145
102561
094180
056647
017839
051750
114918
106558
076470
068203
072349
109628
070916
040924
033031
056631
019075
128551
104708
086007
072651
066239
043655
114673
069255
004829
098543
100720
050922
002342
109948
023360
051990
031816
092448
120831
021738
113711
056373
091233
095351
109659
005545
047428
061542
119737
026291
093638
011298
030446
050600
083512
132097
112290
030955
001935
009943
098461
065204
065284
037514
101905
013432
064955
130583
054652
009441
072892
052873
001604
034848
029229
036576
059427
064348
019467
132220
094587
130215
059096
065933
119637
002651
042062
118435
097152
003685
100116
122090
015589
121738
071024
027528
087875
124021
055488
025695
026724
022378
109118
036514
066946
058626
079283
108400
050156
031624
125418
010347
036504
027771
058374
126925
048158
095547
116640
016900
081162
036414
048164
096269
071705
026548
127448
133641
004422
054241
017640
063622
129808
033509
035866
046560
015795
039114
052068
031443
081073
120885
090744
008516
120214
066963
077437
090366
016234
077463
089301
052586
043254
105730
022918
129062
011752
019052
119318
031097
001082
000505
132196
079085
025709
020867
117171
073869
038232
070941
000611
081423
003327
025369
009905
114629
031957
043977
091137
083244
024612
042730
124563
127212
026559
093665
028095
027807
066428
007782
089197
011930
116350
058437
082975
097869
091876
035054
103574
059822
020733
005393
037926
008705
026700
021605
090127
040006
097502
082358
116746
124074
076892
046277
050522
109871
047276
046121
131642
053992
060535
067297
013959
056863
109333
007533
084342
016730
090075
128521
131780
057886
059624
090072
014827
073289
090750
035573
074785
008447
044231
040007
068652
006250
131446
096796
018715
122279
031779
050707
051555
049102
043346
021989
030831
132658
054458
104161
120391
056698
060984
041505
070593
026693
027654
115691
110183
128277
011422
050537
065737
060033
023149
060875
017229
012162
025010
023837
118082
039471
037664
004067
100183
103617
101906
109114
005742
083496
008235
012156
108521
003350
021287
048996
108837
082112
023177
057831
035300
089447
035225
064593
038189
124541
049307
011874
076349
116590
110938
024595
029303
071785
117931
122679
080260
049291
083691
083637
039480
044886
119484
071971
007972
021250
008687
111091
045386
119242
051759
026443
125295
002876
099379
098760
027441
055304
025749
069758
040256
133273
026747
089195
106481
107386
086257
115162
081000
091047
062993
040897
106797
068421
013361
072139
089077
032859
028841
109330
076738
077975
005108
118799
074234
078618
109770
072719
116094
125022
091290
036403
020357
129271
054116
040794
119508
086279
079324
057000
045769
107223
072942
037814
014197
057097
082143
019231
119008
097074
092768
118020
093546
088541
110152
012395
000372
094084
069056
057373
049920
034070
101656
027860
022095
117534
020930
129848
046166
069845
061143
012688
116414
116462
052584
045582
000929
022112
110033
092215
036289
031065
015598
074360
127401
062593
049698
058522
100185
099324
004821
114113
088844
078665
077989
103387
006829
096975
015438
128555
052544
116280
009352
100449
010755
025025
085293
045150
070414
117935
070011
037826
128301
050352
039910
100723
025095
129924
129632
091733
114895
027525
106757
065213
108684
109312
128647
054140
122072
111292
018340
000084
063770
089965
089592
047631
047807
102843
083534
077520
103440
119913
025215
092017
034106
034559
016583
053495
096051
124076
058616
097653
133404
010141
058169
010095
056802
093423
040770
001747
022042
063181
008099
114815
095773
095864
042360
129960
057924
055211
010405
055199
057861
031416
076243
061918
053355
038021
061495
082974
078631
112705
032816
094060
060449
098463
006697
096386
050864
042788
062827
016184
035934
051066
117996
018681
050793
025464
069557
110037
028790
059686
116734
034372
114761
122661
123756
127420
080745
016197
027944
041722
041835
097244
016775
116186
051966
092389
023238
013080
123337
110850
104329
126312
012919
019144
089514
082867
093745
064003
032394
122835
001253
036718
100446
075412
008431
030572
042017
034566
025727
001981
000354
119113
014302
066635
132420
097163
051053
132002
124582
031104
014658
114265
074143
085241
087242
056276
061984
031634
037205
052865
018815
058743
008758
092772
087920
060032
104199
103803
028455
055168
084480
008457
045004
027026
013267
058609
130502
101287
096692
045600
100797
129534
057511
025652
098412
043518
010874
037028
050965
107604
023085
008633
061717
110171
032335
000300
056120
097314
054072
010254
023412
007866
045129
068699
023855
127941
050920
060993
018440
045597
019356
100584
037482
075151
071556
059891
116771
064599
073032
126444
017003
056224
014402
029679
129494
014039
120014
047742
104656
101894
088959
060708
115277
000264
007791
065804
118143
125527
073400
062895
029422
124687
018672
042898
009815
035528
045445
064711
004150
050223
088799
127283
058412
012039
039865
115513
098317
037908
106337
001532
120186
090238
053757
088870
095432
083400
126331
074172
020835
109575
072278
074771
020602
101185
096425
088768
126213
065072
086368
045573
105956
000853
035506
077679
098697
014539
105753
001204
070219
121315
106668
009266
117877
014251
039634
090606
011713
056869
036015
009493
001968
040686
060771
070353
017612
044635
015810
019539
098228
119202
000454
070501
071364
099803
129570
124232
086650
077429
036629
083159
091163
124559
089042
040971
114222
101607
058538
073890
075624
049202
061133
027999
012411
040023
099975
059800
094469
030885
073938
041261
052198
086249
128471
104778
031888
070375
023486
107120
130563
106184
009659
092637
098322
071913
055515
131776
012130
061932
116478
053967
011723
015871
012908
132145
091236
033986
099893
074223
042214
008116
012241
079425
070029
089130
121171
088356
054471
120628
044296
009061
009884
042119
102613
110673
098581
046260
032039
068705
081086
105054
095373
032491
026016
108921
079541
115837
075975
067699
003259
090444
102982
076059
063637
028635
096960
007108
072578
120385
026805
057897
001087
131945
063253
042865
085555
129630
054656
077792
103845
096119
095134
069639
012509
094786
060633
004332
078934
090649
094474
089662
114165
057355
003703
072114
085944
021201
073004
059363
039209
087872
127238
078315
076768
106843
066597
057195
082910
112656
092878
086656
092749
013534
128774
036140
045846
044101
120994
124940
018336
091673
042433
068839
026995
003013
047612
071973
014358
043358
115847
111391
094975
016466
034349
048984
005605
109347
073678
030981
035493
023289
029697
086081
088539
045029
130414
014797
087320
014718
051704
061816
118695
071834
126059
014678
035644
131553
090188
132323
085718
091456
128692
079910
090301
072776
099752
116893
046773
096179
112373
018048
076702
017648
050784
065139
095954
037483
015371
066634
114472
093319
113752
123627
066983
060102
062202
025481
037937
022688
038633
003233
081066
113030
119090
086512
096132
099078
130485
074885
128010
000265
073883
058784
085863
074315
120034
096135
049964
085616
109154
007125
103141
017651
065899
119114
103341
096048
061687
005694
093747
052933
106631
004046
094223
058808
047064
124723
052936
074989
017928
073856
110533
016947
094346
102050
121676
042381
090430
001400
105338
117708
108408
129568
055882
046032
063646
094176
071191
070307
002268
047094
058090
005934
118376
062123
076851
023046
091702
004801
059881
077280
047296
104921
017619
054971
030169
052612
083078
090376
030423
124216
121836
011045
117578
066072
037064
097216
049762
007729
090765
036882
086100
099776
048791
015841
022862
088811
062325
081596
057642
012557
100711
117205
038214
022983
014695
101094
004402
014404
127844
026235
041516
067939
128222
050213
019739
125446
107017
049770
061113
088842
047411
036973
061923
033354
126529
133098
113953
055142
027581
015440
090855
026570
046563
068510
130766
103171
022277
092188
061316
061797
040988
070913
109201
014586
082297
113945
047880
040444
002239
101498
060087
032779
028459
049544
097483
103435
004247
029663
117591
041165
061645
018941
122290
047839
120570
113557
007748
047179
037145
126220
092700
130217
071799
028600
033394
066466
082072
015258
090139
028762
130802
023352
093451
029760
024691
132326
048749
113745
013431
037785
066724
091763
119354
112994
043761
018260
049092
004895
041901
041320
107986
065365
048736
070060
093802
045384
021620
072753
041469
084343
059244
095404
052785
018229
015628
124954
056374
034563
021202
071779
111517
129170
068655
067213
055498
124013
028984
026005
077477
130120
111834
091043
121407
047086
011521
039006
001211
063600
026617
119382
024342
093762
079076
059642
032338
119894
026598
031867
057257
020885
059209
112320
013593
013171
003140
073196
053911
054613
129829
124698
011989
127504
119825
114721
051703
014748
005085
054941
000083
043064
112192
116674
049294
104607
094634
050025
121130
087350
062157
031679
009796
089954
121303
108811
020491
073189
020104
106268
122120
048720
088584
027295
119965
019059
066369
006620
040899
131492
014863
037387
072205
040059
026696
099785
069974
057081
060073
132526
123361
006835
093207
075710
063552
057004
089826
103205
014126
063135
024864
111941
024817
060175
040877
055374
058767
001916
114885
028004
103480
064299
115036
061184
128313
057560
051718
127316
117871
014908
115575
088172
094627
061218
100486
003720
083934
108879
008685
073019
068809
032864
119592
064787
086627
006660
028766
028335
069720
011382
068428
001961
094157
052452
035535
036790
077373
050153
052701
052571
128933
008871
106166
133287
006254
106036
088432
046360
005001
120181
046713
049186
127569
067778
108110
003447
037558
000113
107018
002818
053334
101871
029882
068595
091774
089433
112659
058556
064140
065106
053485
102004
085313
072497
021573
041677
018231
072866
106168
103090
066496
119720
086391
062657
091286
093732
005185
107755
078085
113207
106368
025756
091269
118814
007778
016813
099335
030710
133241
031648
028620
074913
010761
025625
034246
072548
071415
071673
063436
093837
056473
133611
014738
090938
038685
018576
112559
098623
101366
091080
095075
106559
102099
016144
011276
098810
060518
080450
101578
059599
056585
023789
122400
086694
072571
048457
020658
016712
105496
040090
023119
111140
039337
021691
099730
062856
093835
012791
118739
132150
109305
005163
128332
072006
077436
095676
047513
117019
062249
117466
068115
014955
056983
054885
073411
026812
098150
026337
044198
097219
070759
025815
061142
048745
018726
064393
034316
064628
057719
032170
071587
101622
121739
085975
116818
101359
127915
031768
120173
065888
038004
113754
126233
127312
053414
068733
059934
055530
071125
124181
031496
106335
103662
063346
031575
107118
108766
117691
031178
017614
090648
083755
096809
123523
048261
001877
001905
090539
109588
052871
054001
016290
084956
133772
023128
015017
069785
084129
026803
044136
101825
067153
016508
117872
117783
051484
114004
080782
075554
059953
027587
112145
090124
096338
113275
124011
078519
086057
057592
005472
000800
017099
063665
081363
015066
127340
098812
022217
032326
088379
116385
055940
114147
127452
093597
057429
049157
062196
052836
102271
066480
003598
055630
032805
066450
031341
048895
060362
040783
042816
014983
028682
070652
102008
127438
072254
092498
056660
048491
074441
117583
096949
099724
001066
108304
110285
130010
008650
060650
047945
094869
116096
060151
036591
058058
016725
091686
042713
132204
057640
102970
046068
003419
125651
089822
043190
005512
117634
049948
045719
024447
051300
040776
096880
083116
116901
064603
018117
119587
095900
108711
001623
027106
015166
056885
055302
071419
010606
073909
025333
118564
110629
002790
049782
084470
062475
043878
061598
052998
062243
004583
042900
067266
104772
129524
101837
101392
132746
095494
099085
101248
100067
120454
091122
133286
042210
060840
123068
111204
033000
027743
072672
008659
018299
085258
021353
113730
112997
043847
098171
068772
030846
046964
035985
034562
011836
024605
055359
019823
000692
126048
132019
050520
068463
060795
042347
007136
106276
065902
114008
093496
102029
130907
079928
125062
021639
027076
063119
059468
051245
041567
070364
025098
131240
047424
107811
095724
096481
047655
122761
011144
051462
112756
003250
053411
116706
084535
044700
114163
060300
061988
067187
037978
092733
109644
023538
058864
056931
037202
132489
029105
011424
124577
032329
002552
104755
029726
097291
109194
035050
029680
056770
124979
107078
128247
009399
104533
057382
121650
129340
075883
013810
036169
082599
117255
100229
039144
013947
053932
115021
047113
054160
098563
069543
127535
086712
048169
109198
040035
021664
047791
007341
058912
061227
037192
115483
000126
039454
028571
067323
062461
124253
041909
055533
053985
091254
077422
126772
022366
123571
059567
000269
039296
075355
019800
015745
078580
123369
131863
090305
125038
040739
003035
092395
069158
047940
126674
066650
131502
038348
033811
022475
100975
029627
092794
126998
050554
005609
121776
031801
085792
052009
071434
054298
027072
080559
048424
064454
091827
060688
092609
057470
104158
125872
095913
019350
035432
093477
009144
078233
028693
018186
034518
112992
096956
058427
122856
029037
068581
031591
107007
057509
055709
082602
096142
093234
046719
011971
079340
096946
050952
059588
083274
001342
072755
131902
114886
087983
109400
013347
082173
119431
109673
022555
122945
015357
044770
094460
101617
116990
102149
052073
031795
070553
088819
078436
045825
011257
044542
105825
113962
024886
090445
076317
023507
014752
068221
118633
028141
088632
039193
087069
068896
112793
030581
076026
083333
061440
015573
108727
043222
077321
125704
098105
127166
020457
112725
060305
056139
109141
058771
097602
004362
099756
076722
041937
130030
053354
069252
124601
093714
028138
019743
105791
081784
074501
062954
034075
128294
072393
011484
089086
037050
003448
093269
045003
100439
020617
127857
012081
041669
056854
089825
130302
067322
114884
053371
118114
001833
042391
070150
074444
001364
122329
012798
015735
016534
023021
033979
133443
046957
120791
058599
050533
034185
072946
040529
102482
077772
133636
097728
027486
016939
052183
118490
065536
042768
028246
128727
040805
049938
065294
067125
028238
098392
103897
003251
113579
034145
045749
056161
054120
063139
050476
081285
030963
018259
020229
128113
050341
040550
073936
058810
041684
046294
034995
029442
063293
057021
074239
064138
025497
068594
094138
100320
062031
083034
116609
023602
034119
013684
069483
038930
119872
019954
122402
016944
074772
128687
079768
030901
098601
067651
020054
116370
089075
051114
115578
054390
104327
100518
074187
032680
115342
087923
078730
036100
018254
089203
019288
057882
028859
119010
104886
083469
013466
099382
105412
041381
133789
080834
092190
078901
103640
087763
093184
084101
017418
058650
029190
047292
068599
059514
131415
002588
042859
092756
035520
013950
031869
128921
009563
022656
018511
020744
056921
031683
003020
113306
125874
099708
063084
104642
032063
060475
092268
005291
069645
077155
052925
027093
119004
094812
069251
060472
016128
125081
077183
097828
130669
019025
113331
098179
015888
082032
050343
048369
001323
105348
132963
058461
073982
015781
028588
101064
045059
082815
018593
101580
027831
131486
006265
035374
014246
035579
022527
096107
106802
128598
009676
114689
027481
108053
123962
038486
028112
089021
095999
111046
030382
127849
064023
061259
108004
082292
021065
097214
040626
037988
018556
113203
007294
088366
048192
086395
117151
035348
025607
008306
122025
087955
004466
027778
013134
104628
005670
120138
083642
054274
110951
060820
092701
068388
116929
083304
084829
035409
027996
053220
076931
115473
102309
044090
028328
106311
065746
124461
060821
124126
016007
050053
101997
131122
091559
105173
043420
039702
085548
063938
110895
015321
125116
019442
082038
009594
027962
058900
030835
005510
017665
104256
109388
024469
101388
131261
026101
052222
002194
129516
106535
008825
067045
008880
096447
095793
085222
012192
073059
096997
050103
062982
129530
047109
120406
127855
060837
084406
122272
060149
060078
090565
010514
031028
060237
054554
071250
053874
116518
089610
085057
129575
023127
043501
071407
033333
029845
068901
130624
075458
070363
074025
126701
063747
126747
027897
004118
012501
027881
090128
052847
003789
078198
064052
090934
032447
088906
054785
013719
070416
014505
105553
050342
085800
107418
017415
132887
090920
014109
129387
093432
009074
038709
115206
038425
081598
005700
065171
132462
077733
026709
061158
109262
006076
052033
031788
018318
121123
053558
028174
107189
039281
091536
075342
119359
042148
096259
100670
105414
122152
086843
042707
068931
078561
064777
051855
062925
047752
074959
094811
028287
117851
076055
029041
083424
106379
094367
132923
061456
044271
072113
090898
065628
108316
116824
063999
052195
110041
083933
069717
035049
032151
101082
126172
026942
013418
011243
027042
032186
055687
109142
025064
061528
044742
122116
121020
112698
074036
049338
017670
027150
027114
028202
031441
092294
102372
070517
051611
096078
023509
005273
098434
106673
105239
031791
061261
130056
075164
107948
002187
044720
109000
122752
087347
032435
103805
091570
098936
108645
126528
050947
018674
094446
091490
020939
055783
033081
107162
098605
010084
002597
074925
106529
020808
103591
128857
126586
027517
104577
131228
003821
007324
106803
032156
105312
054482
102231
123994
077078
114403
071185
101232
126877
107426
019365
021258
049418
053966
013337
037029
000397
029364
035442
040253
098026
044597
131082
055881
100545
062291
067137
063700
019726
130366
042970
105134
031274
009174
077934
004608
004487
073259
021753
042151
035460
053914
058640
023545
127421
106553
058103
002330
007931
093200
094586
021155
064767
048367
079447
110213
115426
081288
037771
007169
078678
077643
036626
065510
047842
012614
058806
015950
084026
088686
019809
052430
033247
084475
102519
107049
055893
016838
106400
091704
064321
037170
048495
090746
083420
055922
114030
017481
060258
103382
026749
091253
073893
080446
121748
114373
073459
055243
056079
100858
076011
042488
062521
047154
113887
094737
048229
075834
092267
105115
001666
063218
130598
014954
076263
043545
107539
061566
048063
047889
099288
075455
020890
085196
034962
028379
108368
054521
002945
076720
131454
074796
092987
085716
020985
060628
044424
023446
067442
026470
046936
080731
015505
049130
069985
059773
069624
121724
086367
074900
131583
029348
075146
058182
125409
084255
077980
075849
066293
075861
123451
099806
075396
120436
058541
039232
129115
094312
120522
030163
059650
074380
040196
077201
119980
086792
116129
040743
096066
083156
092825
040552
130240
015937
046437
047177
026261
101135
045223
066971
127971
008052
006702
042219
104350
116871
035379
072564
128289
026423
058632
029333
085055
108078
129075
089712
129529
030429
088168
109778
056071
083892
036034
037329
033351
083432
001945
052799
080781
017116
029429
034232
084239
100331
116075
068124
130871
117338
041680
122148
033486
047632
103946
009892
100557
034137
069799
126488
128467
019362
062403
058936
131268
111487
080004
124122
086379
005983
028501
065893
065082
050249
105917
098930
047263
086610
057704
117958
050843
082070
034159
107300
081067
125982
080523
027411
079353
102965
109393
070496
025128
126106
121107
026126
065871
076420
050193
029587
097421
020047
093979
026419
019438
112256
132277
129049
105313
093520
122153
095846
065637
086385
034899
002574
021173
096443
016861
099388
077779
132919
112948
046007
092036
005929
124676
071586
057054
083299
107093
007090
012358
065268
103698
101451
067646
101678
056683
112913
116887
006414
060939
061796
026154
105556
086791
081012
037894
046966
081023
052107
104073
015624
005442
009878
042978
006209
023106
025859
005577
072894
124852
065333
033967
093727
056986
103801
132465
045490
005080
012152
063399
026930
104337
060265
006582
011039
096159
060899
093573
133780
066385
043243
013038
065662
131925
104057
027947
035633
005951
098241
049869
127780
039023
058625
131529
066831
108342
102084
028397
107019
047519
061989
102623
039048
009496
021008
064779
059648
058702
103582
089617
091871
074037
121971
022509
000996
124610
130514
110683
024496
093055
036018
121569
056870
077362
045849
065504
035422
131312
004346
098433
038067
109149
037885
012617
063504
049331
110837
084972
062282
005583
071341
037998
071440
100240
052760
089253
017883
130413
132312
092577
114652
049750
101230
083606
034521
052867
093724
060507
008786
124263
055661
001750
043261
058112
064537
026162
084915
063923
057279
009990
056333
051977
096124
069430
051607
068993
130845
041689
082873
116410
049559
082180
056487
023105
057293
093383
008007
075278
012991
081535
059409
030162
062828
099855
056739
003305
036918
108945
101046
026587
028823
091592
033520
127736
014804
110241
108216
051764
045220
076179
089239
106145
074500
032920
118326
054172
017595
105928
074523
018734
064362
065810
041156
122929
123165
107909
128306
125525
109047
065544
013114
124065
050138
023572
093978
131545
038561
087870
030881
006146
045448
091264
128274
118913
083541
039294
129392
116874
002576
012521
035202
066920
102807
123066
086384
028406
064520
088097
065455
064306
081010
081431
113772
081710
132246
067833
077224
039574
059192
072764
020333
120991
115316
034228
057776
091145
000295
057660
064509
072185
080113
003886
063655
067879
102996
054022
018583
012994
126531
078414
040920
099742
104079
058984
064605
064428
116576
112828
094395
021860
070127
106292
011761
023282
023246
124449
064044
057199
053707
006343
031315
107153
091379
062251
002039
062713
007757
117540
040106
030330
094326
073119
039383
046460
108426
006805
025450
049867
011337
053286
106556
072522
001100
095446
055170
024668
065715
011844
099662
055935
094156
004334
024380
027290
031860
018823
042541
075215
112377
013623
009580
107157
004060
064407
000389
044755
037164
101458
002492
063402
056489
117623
005904
092367
002913
031820
034341
110677
011136
025480
052743
088378
074719
131577
112093
117764
069254
075367
010545
112219
011344
127210
047417
115134
049540
102903
017127
055931
038874
095943
017087
002093
100207
100334
030464
013239
053540
130150
101293
038038
040912
105995
005183
061187
007113
043496
062951
118142
037120
089522
128523
110039
118595
051074
005153
108226
062150
064287
107720
122773
033277
000822
001395
032100
026480
067063
003051
122946
084817
057068
125656
056741
085860
065621
071781
029678
085830
115295
042090
048871
044647
026479
068004
003281
060167
127354
087919
060629
025966
070461
016673
112643
118222
063694
046847
076742
022427
046579
045264
070483
124454
044289
037094
115092
063130
005038
093376
046622
030258
036084
130701
030299
068274
078745
106186
051417
127285
115476
054887
013785
110792
062606
035198
123934
128357
010154
021443
100108
064437
057844
014323
117404
101084
035536
007357
084870
018383
089737
127600
065481
000056
120990
052968
029085
054900
060084
002948
028572
106146
058759
052515
123557
029164
004822
002957
098468
042155
021520
000625
008497
056810
066571
061492
021075
074074
069800
041912
000492
059536
088722
009840
031687
044916
055585
070969
048399
000054
068757
060088
045287
097625
049373
026946
014394
123444
098386
044622
099834
089496
001693
027492
125142
029321
080754
113725
124030
131517
050111
031649
121588
115819
129576
001922
027388
046033
017630
124561
093725
031131
011255
040621
061053
040353
062588
050757
031813
130172
070581
068780
030367
049758
119423
130906
012851
037466
065056
107490
052486
060873
059534
058137
002559
104209
009185
131978
046221
118254
027068
091373
089115
044645
127775
045194
016406
043489
099018
048042
017010
045198
029829
113237
105118
122312
025019
032771
074983
048650
040726
019337
108224
034143
104000
102237
115802
077831
115479
091722
086087
119742
004941
063991
096762
051227
014063
112437
126872
011036
063061
017393
025936
001134
062184
002290
074518
066356
058136
065457
033579
001661
057371
110153
056592
020417
111268
086935
100394
077982
032977
003231
029266
040221
041123
045274
024819
064489
064559
100565
108999
102375
072998
065320
028716
095354
086146
031298
085891
051203
049554
025686
008475
075494
119246
082295
015128
026542
058918
024869
107453
106963
080396
020666
010833
087012
118915
133158
061236
020648
126320
031898
120980
023109
092008
086858
003820
093508
111110
082246
100569
098549
102283
097930
015302
116658
107717
072219
086272
118903
120100
062742
031547
024958
041530
001324
086769
127561
009703
110788
018562
074102
010945
048942
002702
059372
055196
100491
063815
079251
003439
101930
055298
069323
105425
028150
121585
127492
080592
009619
126801
040892
127012
046312
049538
039333
124468
027080
030688
068059
058764
042431
126777
042167
076648
036722
020882
128716
089947
018441
023945
123516
132390
043873
086758
002732
054297
008821
015454
133866
094528
012444
129142
024812
009579
050132
132973
115550
002779
121639
070796
083894
071955
092278
006350
043223
025352
000939
050078
027556
026494
001459
018813
020472
072434
013471
095434
005140
020678
109070
124832
124702
072206
049166
048730
096497
033703
066544
097875
065430
119766
044888
091587
027347
060012
028845
102089
047597
041932
000866
000947
052955
121274
114419
122392
025306
010790
018170
101677
019811
093684
104813
077134
065905
044913
008025
046311
122029
084009
069504
056920
004071
121603
015204
019352
004221
008753
126933
122880
090018
126663
080832
045323
131967
002240
024030
128860
090004
091451
095927
092140
122256
062042
002650
096306
042378
035804
035717
058526
108949
027832
096059
083270
066136
128073
041624
068514
115236
020401
117086
052849
065956
095526
078569
077144
107996
059246
092205
022620
049309
122141
009186
048595
067001
045428
117241
000872
045605
050517
098357
059323
032537
081338
057523
050652
128157
019093
018550
079792
109080
122535
022859
112470
042295
025155
066469
077223
054622
014286
037961
044970
110893
040399
129119
079599
096328
045379
013675
064028
054469
044912
040042
125452
059470
074190
069203
021216
113986
009835
065381
011043
021553
003232
132052
089958
072119
122983
044395
048671
124116
058303
011179
100496
101354
035571
119015
033604
067645
015313
086756
062653
102169
067146
065680
093413
100816
069524
055114
131386
039494
020096
131782
061942
019265
074201
083422
016664
123636
059524
020539
104089
015700
024042
005302
036661
125430
073105
053870
102726
044581
079565
075389
067180
056950
053314
045527
010383
048062
101350
057872
024849
056771
057786
031937
062276
073912
051515
040780
025913
102827
127906
056989
053523
043706
006408
046493
128992
111747
037789
007252
126377
126923
083517
082166
032568
001822
008456
010672
043666
091889
032082
101507
047942
121950
011652
069615
012451
084478
006451
005379
082200
020490
066254
066432
121907
026371
059371
071657
001611
084707
045137
054267
044123
102402
059120
061433
121550
110216
050010
097232
097544
025212
040510
049444
106089
078727
050190
012744
100596
079459
059914
100787
085698
085233
077333
052125
124824
006084
110422
119091
014342
102336
016464
001296
120721
041829
006474
096902
015524
057625
085670
077949
118828
033917
013582
047544
074590
109671
015063
125700
042351
130657
091281
112528
066601
068466
125363
082890
085536
109572
015239
122224
080111
018011
095588
093749
015187
086652
069641
065854
064412
133556
065049
012406
086298
098770
077433
064201
054509
108080
000256
129346
088394
046941
040513
051630
066457
010090
077670
112523
035955
011162
077442
040752
044649
058057
125504
123233
024374
127273
118905
111663
132704
129864
034158
066246
076852
082584
007967
084052
117245
064572
110517
131721
021873
055270
003982
042215
029945
041059
101537
126150
100541
102385
023092
042259
070576
062210
111505
026707
051181
005266
052930
069606
094068
128351
044962
004202
083114
091415
097344
022166
076406
007924
069267
085821
099935
002953
038610
033658
033353
038512
064806
011897
118951
114877
003904
025716
032703
086900
089102
007643
055684
123281
027892
131554
060947
010985
036971
058237
116326
085085
070083
001001
129177
100263
094543
059484
046201
124735
081220
002150
097468
034617
011452
116586
029267
085635
072322
023076
068211
059090
038803
069482
117395
084802
056646
092600
104171
124391
042212
092718
102280
120176
073027
006583
122651
110913
070555
068520
118869
122566
076469
080914
051225
047601
100430
004265
128174
073335
131385
061740
065623
112925
072015
033557
022834
091072
003041
045451
133220
063086
030946
070331
102797
055216
031610
133111
061536
065267
123367
133183
016684
003748
066230
077559
018344
116481
009545
126742
069189
115876
104152
028208
095363
073891
133156
079451
027770
011906
015881
076799
095053
096640
098028
062875
128909
050576
040193
086822
033752
028070
115024
031903
070703
106091
092110
063587
113240
132886
046080
087783
051885
076331
094464
017621
039229
092201
001051
030595
021623
075444
052451
068181
035295
092084
010406
116552
122089
014534
069679
000561
117332
047554
125146
123660
054464
039683
084355
129714
085953
059751
008621
094772
086137
097993
029951
051594
033858
028396
109501
120691
096531
109316
050541
106775
034034
026006
031665
052109
008176
103071
053829
076207
006113
096651
064096
070326
006218
008822
027384
108010
065526
106157
011371
090630
090438
061323
066038
035558
121252
131151
046528
109081
040144
005398
041170
021484
062397
026591
050082
041103
022482
108792
019828
116777
080126
075558
089315
098677
123453
062979
069636
070804
037442
042609
090268
132541
092736
109636
090659
028166
002764
090170
043891
103497
063705
065261
052952
122172
124570
087173
094833
125642
014024
013051
103583
052791
025159
095876
001477
096989
031114
114356
064187
130189
048935
133172
039912
047773
101246
080321
021265
055708
004064
061575
050123
010365
107482
096240
034205
086816
126972
095030
031498
069581
127997
014557
065252
029999
133472
112454
002220
103969
067947
007065
046146
035701
117298
120790
087959
031030
036630
061415
114238
127578
085295
076544
056669
121091
050290
047285
073307
069330
032288
056543
101432
047187
073752
106634
063957
043849
030798
122240
070972
010432
061519
130357
017991
068339
044328
048286
004536
056975
127754
019048
058193
036806
059453
058323
098271
036883
094864
004844
083816
036180
038711
093734
112653
055822
089208
058531
123740
129910
040629
068057
040708
008938
065708
116298
043344
031999
123306
060846
084002
074353
093796
005430
049183
097882
082852
026809
124730
037350
046928
049863
107489
015508
058243
041556
072934
103427
002539
097437
105546
018445
119972
017505
012421
119843
029269
131171
080317
068766
118068
095605
034851
111918
109633
129223
056886
079752
032123
011158
083931
056708
119031
121022
131558
048630
098842
011740
039347
051496
100173
075212
075163
039499
098309
077946
090881
005315
007917
049667
051897
084523
118036
101212
072813
131775
016087
009655
118481
075545
094522
021772
039145
010868
054264
089088
004815
086347
088720
126502
028589
080645
009119
016864
084232
069943
105023
128481
100645
008143
133573
109276
046968
018711
060339
112292
127051
009350
127108
008586
062650
032248
020175
020814
115120
085167
121692
057110
098880
032146
005082
108650
073423
065991
047901
122314
011691
049293
034526
072352
091374
125511
006114
120247
106800
025233
122248
100968
030305
083134
107434
064874
062890
098189
069179
053999
005646
015196
112762
110527
112939
006818
010503
030814
042290
065440
100070
013853
097050
113904
111697
031293
025380
050490
003641
012913
068072
028443
036738
133358
023240
018766
005010
123690
034343
044705
110243
110061
056225
022170
070179
060320
033655
092808
115465
004991
084104
027843
109067
094569
081386
022558
052479
007676
004312
061445
050063
005491
069182
003826
085234
009297
037037
091151
053947
020396
092638
049908
001478
068642
029711
120585
038437
050692
043547
057948
101111
050978
124165
091657
018598
089440
071890
133171
103296
020576
052766
099996
025867
122947
073399
037057
093536
100429
076785
049457
015572
122827
025766
044810
129135
053658
002524
020051
017283
131267
026530
024868
045827
129854
127082
068713
049556
105680
063970
131049
070455
070010
032734
084344
005477
090547
081790
087879
026962
043442
115868
014301
072627
107036
091735
118285
062115
008616
028087
041284
117132
106294
061401
103351
087985
056666
043652
043388
017104
133577
055650
096717
093806
131274
079874
004810
087140
043777
133039
115192
093385
128569
130048
065941
118144
111416
085468
072568
133669
013331
037238
118949
044187
058362
082396
031366
073944
049330
070763
035004
035813
037467
114164
047168
091779
058487
124167
085350
095295
075602
080579
077766
005676
089925
072135
001163
002352
002647
040578
056491
063974
043525
020898
091759
004151
074843
074440
105925
025053
102454
017165
041098
040998
040219
107443
048371
112133
132167
019012
104568
058751
020748
000406
088830
103811
092133
117822
008097
071424
035720
051255
112477
031701
032843
085915
117010
069795
097284
000433
053804
046088
032684
078169
061339
026384
040175
012814
025751
032012
052979
109483
085946
082709
006052
083301
042220
093201
115335
110255
020997
097073
011755
089254
067265
094949
105039
091724
026178
032543
114880
125060
049069
010504
003124
023611
033393
098069
044708
057253
074859
033085
033641
131050
096941
096800
031480
010192
028401
124374
031090
004827
061889
053051
019590
000234
124031
104466
083161
049347
097554
116170
072665
109404
067978
016531
124905
003054
007043
117645
055763
023642
098797
061567
068039
000865
101752
013329
089262
012572
026801
049040
023772
028703
010936
006484
096859
084468
093557
104654
068423
071459
119427
056693
070638
059940
027159
091102
124620
099237
089802
083063
048678
084629
019847
098802
045722
037498
111480
035145
101627
108966
004691
008909
102090
010448
066865
063208
056664
105656
029685
072110
010984
003526
045240
005052
090958
026146
110598
089923
064452
018284
074730
032260
011783
008032
001928
061971
010716
050328
108205
126750
088821
092016
098762
018310
100283
080588
010267
126748
118205
045562
058478
112970
077199
107600
001457
009123
067973
061224
102311
107020
115176
044258
043743
009117
118187
103415
090788
058694
004708
125134
124274
085105
037755
105491
028294
045493
027121
016610
009083
097857
035255
118846
020811
126760
047124
115610
076889
004161
062005
024368
125587
048598
023575
116695
016031
099075
005699
076832
088575
027465
008645
106352
034041
001332
099372
076490
028463
026234
079455
069756
094440
121621
037965
005606
099930
009649
024411
098458
026538
083514
026947
056492
036615
005336
071392
096958
045080
007097
034195
059348
069703
130902
041783
042059
005296
120462
008062
058572
051365
092459
057548
063019
042098
081952
131865
123931
121660
054980
109306
113939
119495
034698
019164
000267
022018
016670
049541
045322
120408
029031
063394
085583
105364
052995
016503
055854
117134
094521
046537
023528
073589
025356
069394
012010
025799
067129
122304
133751
002626
041070
074600
064225
104919
020833
124851
067465
086784
017237
040778
018000
006577
066874
127334
009914
119388
065978
051183
083571
013693
019270
058923
014341
020314
051186
032732
078691
025055
018067
008717
006916
129598
020031
040756
009924
115461
003981
017067
129050
040498
002501
040923
101369
114251
028228
128058
116999
037484
093661
128230
063581
028721
057735
048133
092404
047212
071454
086915
040099
018223
036134
115431
068500
058765
071347
113135
077485
022916
001239
013022
077763
036044
077117
089545
042743
096899
129691
124692
030651
018249
123580
083364
057851
022205
115878
010533
029040
091347
132453
122594
076876
068838
018756
041572
052429
130940
068708
035582
033462
054810
007165
103317
100974
044633
117562
017920
099206
131985
025460
057242
063263
118399
117587
036732
109625
013399
088607
013327
008771
012999
082529
114034
106072
009829
024157
031457
052117
117370
052862
129164
129060
091544
027038
017394
121734
032074
020037
063420
010140
088171
025355
074450
111580
107338
057482
069124
023310
045633
112540
052193
033028
006130
025115
066043
099396
105904
069311
001429
125890
005773
108169
097354
105095
061411
056029
078799
030578
084245
123659
052529
089471
067379
058042
042985
112772
092260
005878
029648
064056
074311
011611
026396
058733
034771
045723
085446
103377
052721
025145
119254
122800
074006
025855
075542
098825
031170
060150
048440
130593
036263
042008
008200
127782
047567
073865
060827
127140
035013
033291
100521
021549
106094
029817
040813
009725
116888
044772
066622
012263
000285
007127
095429
100470
068724
050361
063595
070362
086790
032340
121980
068990
014436
117557
018289
066798
054038
047215
027738
076748
096028
047843
061701
122585
012201
030884
023376
110315
101407
087247
048494
125321
054507
010844
050231
051722
010818
079802
094829
114680
060922
051024
076103
075165
011584
076525
024970
051919
020747
054614
021745
027219
006259
060491
108052
128766
112332
064446
075204
107346
014667
054436
018889
038873
117486
063656
028926
087954
023175
026583
060071
011451
128924
115995
078007
058514
066363
067366
068395
127870
131128
059936
032051
082894
110168
118409
016408
005012
052992
063188
013369
024946
091078
006578
067660
056260
041084
036614
024935
073142
045625
018685
093021
103725
102503
121897
057086
108692
093636
064970
049746
061980
065815
005050
130665
033609
118508
099103
041073
045522
076491
098393
047769
119721
005136
117367
102629
125223
009311
078033
092742
018770
049780
082455
001884
107710
062295
095535
056109
089516
015348
081639
064661
028539
030499
118423
074015
082189
011529
065493
059561
035810
046479
059583
118265
065158
009907
007944
092246
039348
071782
029879
114167
113232
121867
073717
057854
117686
120658
127050
054882
021627
068487
051896
065722
059509
093705
068741
042720
081036
069997
044789
054138
067634
119019
053240
061836
044098
068920
086082
039021
028885
069433
001538
080025
098020
007594
001073
039056
083557
004415
017967
011679
091670
006791
051644
095573
068561
083568
073063
022748
052412
077510
055357
120224
032529
010705
114742
132559
087066
058084
085656
104890
049080
017504
131711
104187
108968
010850
029417
032311
065448
092211
050705
066574
096742
032820
103570
128006
059727
108056
067889
036037
001370
120083
032451
005025
096234
063063
005186
047037
047523
111878
023467
037794
087180
030692
075374
062279
077154
112358
002575
093885
093244
098604
126017
034907
068288
110855
119297
074329
063879
100873
033138
103834
047587
094213
094759
112687
014012
086980
031528
051174
063212
019534
007052
035663
035714
082889
118498
045766
044243
062901
039685
044170
007788
064354
117576
032448
027209
025191
115817
097955
052642
001772
051278
119220
119260
065231
008620
115996
121994
102676
064322
006317
122972
024902
026112
035580
101225
026562
015579
004552
113518
130459
050048
084518
005949
086498
039854
099894
113750
101509
027225
057818
030141
114982
059327
072797
008424
123499
056355
023964
130686
123234
036449
115198
098875
119629
083188
009631
092747
066179
119001
130577
063462
077808
119026
056637
079603
078612
089889
036743
030231
101787
092717
035982
113144
003699
027759
127017
063306
011023
067735
029684
014545
030294
053010
002546
128282
128624
079746
058295
006355
029841
000222
082963
011574
071684
077337
059424
026616
028422
029420
088880
093950
072826
016172
119943
021369
125424
047186
094154
054384
055174
108857
040363
058510
012464
004984
027893
098365
104511
123733
014237
007313
082611
092007
133554
070192
006155
039542
097623
090572
055924
080012
093448
044856
015036
076039
102850
029727
101788
017026
077854
021024
014399
097685
102886
086086
044085
003377
024365
049531
066968
041221
121902
014977
116614
119066
035897
058168
000114
127083
064390
046859
116143
118039
056838
131862
032857
079671
080491
103196
119571
007645
004779
107041
108469
102011
001584
131368
102355
101635
068244
008432
037999
120775
096791
128510
043643
018470
109723
033926
016242
017976
131007
032267
118393
016643
096524
054216
055611
096674
068316
030452
126927
121083
033518
030264
010305
033577
095506
056195
042060
104705
111814
080493
100437
123692
131414
118361
130178
124798
097893
094616
123212
032660
111805
006399
014899
113768
047905
048454
120339
074439
132644
024890
107328
101311
058265
048104
128067
076329
038997
045822
008679
005906
007937
065362
040460
049192
041945
070540
130488
039894
049825
009849
089266
101324
065669
094674
089894
042364
071561
059234
017951
064403
124282
115741
064540
126139
061242
066395
133261
071771
090680
005152
132003
131849
038103
044095
092653
101368
128480
052912
070043
067744
097599
040046
058451
089629
073044
072898
015079
114617
103181
017500
091939
002553
011322
070842
118019
124492
095222
013881
004800
119777
083819
051724
050928
023872
053826
021589
116339
043638
103402
006171
119149
129366
025220
017277
101887
039237
033976
034116
076483
082967
101349
061226
005006
045581
131018
051272
037349
058744
126341
032069
081342
109078
118528
085088
065919
053368
085576
036218
051959
093604
093836
120922
003553
005671
127331
061706
103962
097349
124226
062838
025771
117265
047081
117901
035780
011339
090702
062453
004763
083360
124709
082463
104150
064616
059760
038399
013395
007499
066447
011444
073107
116591
092854
103467
043723
130062
000018
106537
044642
089267
110135
012366
038200
129562
004313
041307
032899
117953
064170
074313
041935
058962
094781
075086
101134
079672
088851
120835
053835
130205
021230
128712
034528
003979
090074
111305
097817
128485
004950
102391
043710
020978
026990
081525
026896
051020
114797
023608
094838
025732
064006
133004
115797
011594
105571
107008
108604
088570
105166
130867
074614
052266
132000
045058
081931
126903
029013
132021
109693
116536
042253
033245
062892
024598
058255
064265
025218
132952
097261
071461
117203
095213
125433
021175
009807
004795
129958
007307
105077
058299
040017
047882
059723
056704
056166
127225
132094
020629
092435
088231
104594
095501
096318
089099
078302
048013
050135
098994
097716
095834
055983
111770
012129
094876
093969
124516
071354
070221
050881
016943
091545
080855
121506
132867
116163
003023
132935
018227
042080
010151
057962
031408
045820
039483
133037
005924
006037
053408
020948
039169
121098
122131
016809
088861
040416
011675
061393
041611
026244
128788
005915
121829
085190
095836
122305
021364
046439
071360
130278
076129
031184
113170
031357
064193
124921
013115
066170
016449
061600
031094
089109
124469
037987
035543
068748
044387
126503
043234
040755
030858
041808
124058
023331
125817
069532
045945
104408
112680
104323
032002
103788
050181
083100
042800
022451
045951
098952
110239
112639
064820
104136
107646
038730
077186
008892
047986
078771
026996
116082
086909
128015
092858
024792
116567
095370
007238
088542
026770
003956
128734
056677
082408
044667
087390
007966
100525
040203
062548
049600
028844
093563
035621
016067
040327
118223
062439
116236
078023
011570
056579
108959
043749
064106
013547
086809
123358
070376
019819
045672
110378
105240
055856
096041
005858
129414
088368
045716
107322
072460
119451
047545
123563
095841
080465
047277
113898
124488
009146
081583
101838
040507
040316
007955
095633
056375
073470
032874
000381
017568
027345
130409
074793
117697
053134
016201
127975
077877
046266
072815
042791
069193
086777
130896
031561
075487
081411
055043
129401
008816
031961
059761
044349
033941
103677
129595
077650
057593
002314
128216
046504
114430
072227
027265
024373
060906
119258
118980
034042
131827
080258
097943
008059
077671
009593
106804
126658
113881
043968
004519
117585
121677
070569
130268
031856
118975
035540
010351
106837
110555
111795
126040
029207
049002
033753
119132
103766
052697
069414
030703
059873
085118
105573
122549
055649
119566
120943
088960
065939
072268
074884
033879
055228
006371
027496
024686
114888
033796
111040
074656
041276
020397
063014
065270
093803
133467
062905
025586
033946
097417
054688
118058
090549
071787
031753
131294
068351
018619
001707
037725
069374
131606
048218
002504
085852
108754
024973
049456
059099
045878
054012
131632
122616
020046
076423
098923
099715
010467
116122
024760
050869
122603
033344
059556
019051
123637
075371
083889
111703
076253
093575
012249
108816
060797
103014
092985
055986
010350
077288
007007
028981
023756
044973
044185
037788
054703
111681
073884
062427
123455
061033
076802
028850
066056
115813
023934
090025
014121
039935
038839
061402
018549
002951
033532
035264
042455
111106
108396
025862
073579
101391
117079
057616
066799
008061
011076
100230
127188
014290
121865
087129
028475
104240
089899
020117
036063
077908
049987
056013
097604
020888
078930
058120
050465
092238
090790
117787
110428
028183
095420
129032
114148
029181
045081
121346
062767
047881
120782
102396
058269
019290
115135
057337
042994
132423
040725
040103
050380
018877
005444
089827
043992
027683
061799
101172
048131
089717
047221
132645
099196
061908
088083
107247
102224
025955
110014
093764
011576
017781
131252
059296
058350
037412
051765
081267
127348
092593
053963
060440
025486
041220
131996
085948
111877
061327
038125
000908
062118
025813
073622
085648
126340
012299
108341
052140
051598
125348
063204
112102
073607
130729
115107
093945
047614
100865
129892
107114
104722
053163
057863
058653
106759
021398
043868
123474
086174
117975
064532
097024
081028
002969
095393
100482
068464
133619
083719
052883
070348
025271
060896
100514
069176
109480
036202
014298
034036
010878
057911
098170
048665
088856
010357
104779
129680
099814
116008
104239
021796
126522
102191
084583
017156
007070
036840
128314
041209
019707
056682
004937
007462
081644
004139
088655
023470
050418
117685
117237
053341
015878
065946
081472
062259
020737
072948
014799
061371
088092
033037
095886
125032
063710
133657
095011
083711
076380
106502
124593
080657
114963
002034
046753
051197
082845
069465
000312
126482
116953
029931
040262
033355
004538
005382
057296
008882
069992
105141
001268
002700
053344
125710
120939
118609
087220
086648
122899
057157
087117
073492
055121
038955
130011
013346
108047
020986
012906
058187
121033
036618
000977
124006
099537
102258
049000
006929
116037
022048
029804
102805
002169
050420
114674
034644
019237
094494
018827
019626
050464
115076
022779
131215
083895
096248
091131
009858
027906
107697
055436
025038
073050
087718
125281
130526
062966
092709
100724
094775
086966
123134
075607
050859
057945
120306
059040
080561
023601
056904
054644
118871
045398
033221
043115
015335
049437
119665
109910
067806
057105
133603
083300
107657
031225
005009
131093
074516
130641
095145
058562
105482
124447
124866
057375
054356
111800
075792
114511
131286
055322
124519
057259
113753
058194
092222
035151
114754
009323
093265
131019
006724
108197
063678
038247
097928
124684
084190
097717
023015
044455
118449
046841
090520
105768
039208
058155
128061
014525
081509
095827
029785
034672
125218
112397
041982
071831
101142
010123
077252
006367
050238
050982
068119
025261
017845
097285
044117
079742
043060
090883
087306
104995
111139
133579
081082
072395
054898
061186
124751
081507
106418
034963
077235
046317
030549
019834
023399
091297
011033
107844
107408
039025
063784
034998
058252
086434
034552
118159
087886
004493
074773
068698
062017
094433
069681
064151
081561
023780
031076
042921
044902
073170
081172
118534
105610
041708
029560
064656
040612
083603
111072
024086
034284
104967
071975
099773
094370
000725
074326
057064
058669
079833
089000
107275
084254
110416
079138
092624
122652
011233
089660
015022
042157
030718
085414
065407
073475
096861
125078
063983
120499
090638
040469
035658
093911
049401
075901
073408
125018
093844
086778
113690
013898
040205
070262
097292
024362
094363
062761
127464
121932
100546
015378
024977
018533
033730
058482
082619
064761
016691
086626
062886
097028
122826
002946
016538
052798
058082
035299
041461
066832
100367
083488
133216
025628
131788
060786
054557
096408
037875
099871
033953
007880
093124
084272
106573
032755
000856
015179
106388
099326
036596
014975
112293
029822
079981
110263
036051
047254
116386
064384
133800
084987
062000
109237
030948
115368
076356
027272
020090
120233
116648
111045
052704
106855
133602
128464
008652
083508
084100
122757
023134
101422
031161
086852
022910
044547
032013
071293
018758
096498
076038
063307
028234
072865
086757
007251
007148
093752
096602
058062
090489
007336
130803
060225
022508
016793
032272
010455
130628
047080
119243
086681
010431
022255
101188
021909
110909
107197
004573
061664
034564
054672
053237
010751
128473
023090
069854
106616
049973
124479
071172
011970
094451
052908
064402
062605
081292
013721
072690
116071
114926
061922
099902
130387
095273
059352
108616
057761
010940
103828
131563
119752
005156
120747
095967
073031
027091
111844
001121
111027
037793
032958
114114
085280
058484
107343
068078
019327
124284
055555
127549
108824
133147
100475
078613
108822
058413
022906
116483
040815
004185
132988
048995
123439
080510
105685
071447
026200
119466
061458
060014
079769
073297
011785
090165
058286
061349
033217
039008
014682
053084
070947
047362
046171
073018
022489
047414
099618
025951
025915
013168
133546
032349
056363
123344
121067
105277
068299
026783
026460
036254
005207
058440
027781
005562
075099
041324
065538
131430
041133
090714
020711
044137
098570
084983
050507
101121
083913
094163
003746
131828
123693
055542
124150
099055
102080
046520
035342
105150
084874
068550
044881
098121
127817
019871
103240
116423
057883
054247
090047
128802
059501
013018
107830
062720
049589
021053
046633
063429
037017
090138
111365
006486
050057
117683
047789
127182
032990
018181
015580
000667
094758
071848
066766
023386
096412
066185
103322
103140
001514
131258
103638
090283
128913
017182
073495
025279
029265
097585
029917
008781
000899
021567
108289
104895
090397
057565
026364
115230
032400
094730
063221
057183
011957
011687
123447
043400
060591
019363
099767
133809
016336
062212
066954
115444
070622
064738
098018
045405
087804
118398
028631
109972
133691
132916
021107
077583
092264
004172
103103
123357
020966
033741
013988
054815
008320
032149
021158
132972
006411
021815
083423
098771
045340
069822
052726
047152
085559
096852
091346
101364
003364
100988
015882
049043
021771
069945
064931
068003
077090
020474
085700
115042
067228
131113
097085
095756
005107
005461
063973
116061
106139
099544
062676
133045
102863
045752
065695
065656
007356
055212
130221
084099
057566
046925
009192
046310
127672
004322
071456
106858
101431
065414
105612
082147
005076
131335
112165
076739
106456
047163
016437
041763
068936
068472
066641
002925
023974
101990
038509
106563
015727
065879
122865
039415
061059
114127
099016
120230
084464
121529
130914
000799
091170
038078
092671
080958
027392
117463
077983
105144
055383
004651
075149
052064
011505
021715
037035
118389
015325
055999
089388
065287
003192
103572
027903
072931
020192
122729
041696
128069
039408
068349
115194
060271
123703
048992
077892
036825
053475
130938
025134
010293
074507
086931
007688
061211
016332
128509
078008
073038
045596
130809
065334
034572
096337
069643
086143
087131
074192
049243
126930
061066
058209
094747
074233
114157
078138
058121
067394
094055
119500
047581
097022
047757
116749
037582
125849
077086
101356
107783
056670
109648
020026
119770
117560
013188
047857
107431
105214
027213
035028
025216
090041
083673
028126
011537
016341
039139
065560
097170
120463
071687
084720
062422
108209
023326
026734
076523
028547
035713
014292
078571
014805
059726
120506
091140
091709
071683
105933
047406
023356
093774
104870
013341
096995
087579
088069
095591
067454
087873
000990
058001
115737
039305
018372
100610
000942
070758
090120
128203
081130
033467
045955
037153
007158
070556
077094
082185
096648
004248
039601
087764
066265
068357
004355
054338
039964
072446
031764
121101
130754
088345
065748
088973
042142
103422
132036
109260
029828
015110
115405
126691
060220
055376
108392
083118
013077
038140
092767
036573
052645
056429
013412
095542
067024
035574
035210
115001
003612
043082
131382
077334
001864
032869
075589
057116
127893
099690
109392
043124
056907
028061
045388
028432
046996
101533
094953
114911
106542
004009
023298
046300
099145
050564
005541
034430
012568
026610
106476
079678
103067
023791
047202
119119
128801
095725
133606
069515
040197
106962
023660
004441
049977
065064
082790
007824
017105
077816
054618
123873
077275
059533
089225
037824
052854
082513
061136
097517
104659
064155
083697
006969
127418
058159
066570
006380
020525
081309
048699
008028
069181
034200
064745
077318
045644
084337
009726
115973
011732
095901
042353
064189
116719
105269
120417
004917
079059
075568
127085
093765
086828
096739
109279
073121
129547
125836
126029
056710
045979
103502
104985
122951
120680
106240
064615
124477
077793
112763
068623
098375
055864
018903
028801
052892
064732
033451
093709
114852
031420
057379
087930
046565
052779
007354
000039
082931
034601
064255
107345
059913
044628
072947
117610
065951
019359
101596
103676
119282
039026
109062
065001
124605
103559
088815
052488
009451
051917
107128
068583
113709
022908
016966
035758
120005
085693
018723
001213
040919
022938
011280
072439
091924
111295
006273
071038
033719
024477
128074
101592
073604
050515
049986
019123
022265
056467
113256
090530
129634
119241
039642
012558
023014
056439
012440
006372
044182
123250
047775
004171
045764
073323
040491
091917
051766
121568
029058
114182
119518
089771
089259
060332
027977
024758
029937
003969
080492
095386
048363
117382
076206
102421
107423
086736
104913
067277
074784
025000
044154
010286
027725
008128
126677
027599
110594
117852
068240
003190
002343
011393
002561
025711
075171
021586
126587
107285
052761
016042
115256
044007
044489
028493
019372
084479
087203
015570
075451
054867
057765
001727
085281
033109
108736
004926
098728
010002
012262
070392
048202
052915
007968
002934
013332
011678
122748
006745
061362
079720
133483
042339
110853
059999
073131
123192
031381
085181
035830
016276
126225
096522
050778
028822
059749
040518
072472
081315
068957
067019
099921
131980
094415
017871
115075
048312
097694
043173
054862
024956
060094
104078
052812
055771
051876
003312
021417
078880
082516
016157
073072
041407
068358
063355
027155
125880
072851
104984
058916
056610
026319
125059
050695
060929
083823
002269
066692
006767
007447
124742
105941
126775
000801
090119
117916
030783
001466
104403
010341
100832
054903
119552
040098
090521
034699
098550
029528
072445
099593
020141
053396
107293
126274
132024
065087
032308
046514
057706
010787
117659
059714
082909
020010
091084
003391
096504
098470
105945
129669
053239
078020
072309
033358
020003
009040
092010
052283
112722
065236
133414
053699
041244
090396
002986
121271
019708
080555
021460
101653
019450
129375
106304
109249
022266
041211
112499
102296
093592
056343
132924
092336
123333
047391
067727
059301
127724
013953
007808
085202
105233
102380
091174
102876
070676
074465
100480
021699
041830
098186
074237
059957
007058
101077
047257
105780
033072
082982
115924
015122
042199
102470
107819
114872
120815
070137
009781
127289
065238
047671
040939
030016
101985
040515
089669
023248
057087
019379
078487
070663
045462
117037
036035
045181
108043
014195
059098
000074
129163
132981
082140
018031
033005
026993
026957
096243
029797
064341
005408
008033
016820
116178
029700
001599
008489
008896
056617
033825
081580
045469
041843
119232
042320
110965
128047
007841
055537
019506
045959
067793
127694
118183
074283
111870
000487
046228
080026
004784
052800
039171
016051
051967
076731
012694
023883
006333
015886
002645
117356
126952
052939
040846
058662
071408
094066
076916
074454
117740
071229
056842
044828
094140
039055
059336
102299
003669
131589
015897
026471
053054
022505
064946
026130
102587
121678
067144
088288
037604
133711
094231
057581
123054
033025
093253
066051
030936
076875
000476
114634
114505
060136
059577
113235
048832
010247
053116
072192
027470
058126
026776
056414
057777
067942
012990
077027
121680
045890
003146
023466
026874
073326
008019
026407
119379
055810
121322
024214
050584
087236
012594
021498
072771
020256
066231
006861
019480
021326
085474
030871
106130
132206
077374
116039
009881
052318
084719
089372
105640
062883
070891
091605
129539
006862
026742
111932
057972
073590
013681
127797
043303
089482
094981
111002
029673
048798
014662
031227
120716
085209
084153
091667
036602
121282
008934
106149
020208
133387
064406
123643
104556
029382
019274
099828
019260
029835
121372
087651
091279
090757
091049
043757
035993
072786
083378
120552
029950
008707
121283
008655
011784
035690
102033
039178
080972
054348
058737
089639
024863
054531
091525
129768
008040
063158
103688
108485
048612
031986
019486
075820
088672
061592
094693
117333
020439
076273
057703
133349
065832
072136
092686
129765
026963
003743
025614
014708
129609
110042
015793
043093
020761
002119
070031
058561
054802
122107
012276
105018
023607
105515
000163
054807
005950
054846
104888
105696
089030
000506
002300
041851
105746
006151
121267
104650
120860
075123
107283
042456
044650
117281
037435
029860
103675
061357
066467
080597
021057
030775
044820
118925
020675
122080
044918
075382
048301
058618
096079
104477
030379
004748
067992
018347
090712
054199
102444
090529
050425
040410
073746
044832
025559
075927
131129
117804
124556
080159
130644
023049
014984
058009
108276
044957
042407
016677
129190
042024
095473
094576
077243
005941
076048
123657
085627
013377
113700
010856
019432
025143
085864
002716
073786
082791
117102
077005
072053
119143
059522
007083
102923
011738
093555
057247
023972
045065
115300
005376
090966
017495
061704
049806
026000
133491
019326
015517
097386
095589
020308
098149
040227
087827
057691
024530
123671
027973
009637
093280
133668
088943
098512
020910
056471
073043
004749
022253
119421
030401
019953
056736
001838
075368
007338
012436
057662
033798
085875
069851
100205
015983
083947
013207
001484
026313
113554
132254
024401
068164
099545
117481
012025
123082
106637
086027
017379
009238
095455
055597
112774
045653
115334
068954
070730
048225
035601
049277
127667
051303
058134
115759
041378
052184
088482
082932
033859
082767
077173
018015
026546
027021
100379
020659
131534
097193
117167
006639
106177
031912
091252
095369
060742
032915
079627
002675
024684
016104
131690
089174
020550
044914
031279
122154
019992
059692
054873
097137
094392
057024
072379
128413
089611
071321
058288
004549
039201
082249
055696
127685
111943
124081
128537
132884
007362
030291
022488
111496
038838
055596
011889
057900
057550
085189
091794
088721
119391
059917
096548
062399
116966
002531
060036
122799
114798
076650
104467
030492
100098
128886
119147
108550
076342
017526
039943
002177
058525
117625
065624
079694
117364
108586
125769
100857
127637
021828
043519
045064
115051
023718
059189
100319
046783
063862
087595
001044
104340
131146
096021
014234
111437
056608
096193
019890
008266
021813
119075
118282
052718
021790
074224
131284
077417
048600
131968
049208
105028
109965
044310
085419
031015
006044
106424
031640
061569
058358
104248
097339
047654
132318
026750
077411
133771
102636
050691
027793
074759
061333
096803
132893
005649
078133
106494
044892
051444
008824
013187
065672
131417
102184
125180
018027
103907
120874
026231
011448
132608
037455
023364
082298
100600
076196
003853
053791
090578
106758
044245
133677
014704
054080
012808
002954
056694
108571
129855
114168
086635
104714
120261
129973
110999
025359
013966
120057
010671
049115
023368
127196
016448
078435
041519
004632
001605
122560
019389
009307
131508
048256
092391
058583
098877
041563
030736
116903
056628
100474
129815
042459
058380
060280
036435
071674
059763
041988
012229
080414
054696
018434
077444
115762
016768
047293
130837
026403
123315
014566
035883
105322
035828
132363
110124
031880
129009
108410
115518
127512
125241
047065
033887
052172
087928
017290
118983
027931
113846
060292
061137
083533
121288
017925
049114
109086
010462
052833
116898
091381
124125
101950
095284
020452
092542
033892
049074
056392
059356
033748
073367
043162
086346
049011
011044
129638
124385
076203
019423
050756
034344
070793
122315
004012
070780
032548
065374
100531
010013
005520
063403
102469
000241
051019
079557
085204
032179
060128
069109
044941
100578
023167
005093
098803
003061
028545
104192
055182
059210
011485
073533
032046
010342
022551
029260
121286
119441
125232
054555
123321
085653
061044
007422
097575
098101
045795
011031
042224
043540
119654
133750
106429
058520
118115
093167
108708
100484
092765
076786
036902
051905
119259
059543
112671
128198
078666
105253
128659
000847
075145
016161
053222
067397
055469
129165
119978
009360
069977
007730
058823
060968
099155
028717
049343
018566
028690
126067
115087
061670
070342
089655
044134
065894
044010
020188
039751
133176
000128
129405
001651
115981
130236
038878
073299
096371
133067
001294
047669
043286
030083
125745
116290
060038
008508
111735
121548
116249
046267
050964
052692
043311
099178
017185
132698
004717
074844
073528
094455
052643
069312
111271
063939
025782
018368
055152
095174
059196
002882
103867
005522
042715
007993
066046
096519
052470
053410
062583
034278
038066
100520
018829
056880
133622
044536
109713
093763
030509
061145
070832
064413
109354
097322
040700
049833
049211
103506
065286
096697
047749
116388
014427
034148
006650
075417
023277
118891
052740
097465
011067
001217
081302
023658
002695
001841
092583
017984
110557
082958
041756
091121
003383
000235
053181
088326
003411
044336
016499
004590
081597
004438
101767
025506
010684
036728
029256
092325
015007
048918
100800
121493
093795
125947
110892
020453
077324
006190
015209
123312
038502
086492
126644
128667
015180
070893
059008
085839
091303
119121
004781
060206
101793
131568
096260
016181
112817
076472
106140
133412
047596
052102
118425
065479
130804
095895
130721
028049
119747
123459
009559
081349
026197
084759
011401
014973
128133
049922
023614
071976
032997
027637
029110
119841
004728
112480
083643
029209
051676
128672
053918
047501
096922
065524
057619
062214
059627
016675
089469
026540
132321
045390
031469
013843
122331
105652
115573
098370
075025
009906
114699
059641
048294
063393
068511
083543
077807
075161
040044
131123
062465
126708
105493
106792
022619
085389
111711
112070
003449
115870
068080
100990
046452
111221
062690
097454
001564
017024
030457
040081
088481
125377
049433
012899
004244
094076
044128
116159
034397
084234
013460
049984
128439
011512
060866
120659
045168
067686
051624
025683
098048
044701
046845
102458
021231
089593
069990
102657
014282
131199
059814
048149
001165
061469
080270
029234
109073
124261
013849
092394
002840
098862
125721
022575
107494
026106
076838
081328
019390
105485
092275
047846
019591
061792
108621
001896
099696
131297
033935
123576
082291
087720
017561
028434
034811
012207
004382
020338
124565
062878
009916
108774
052623
118264
107714
128882
014144
098499
068082
098187
055432
058699
060242
084462
064436
035575
046671
095312
112136
039639
032804
029947
125421
058924
055927
037241
044866
100402
000513
067702
102164
033400
085115
076012
014814
045079
010677
063843
063202
098452
017439
121437
016949
046218
108390
033980
122044
075625
129173
016824
061384
005529
091094
065463
045203
086743
061947
116438
018355
111558
014893
120157
030924
068776
061985
043455
039586
081055
043541
103343
129735
069913
061026
049811
128088
089356
122218
004056
049189
055634
000419
022230
018669
074631
064930
001637
086215
127304
042729
125812
040553
097275
026653
022653
102403
080226
051583
094102
128200
107239
058151
024667
037991
009805
085805
057641
049465
006696
110394
045990
132181
058043
101079
130329
101769
043889
078711
132187
021907
055552
032562
063791
000067
054365
074677
057074
089151
114739
082480
086410
005551
123190
114367
004055
116065
095035
021968
040190
121972
099965
012244
014127
114917
064112
077711
012157
102641
050975
106265
131183
033491
057377
107202
047423
128918
074453
018285
067170
044116
022716
133514
105199
119733
121105
068951
066163
108237
012659
026725
019803
014242
094143
082819
039976
094206
079651
090254
090821
107762
080603
009437
118935
107484
100467
084349
116864
123090
004510
076595
066759
116889
100910
107309
043804
076367
010646
096139
118604
036433
099998
090879
113954
060279
115470
007671
108676
052536
065345
013343
072369
056434
119086
085143
112144
023330
117820
114800
053223
030617
131482
065602
011557
117839
028229
025682
094734
110782
005533
115130
054715
069588
085580
052758
004539
130383
039665
091956
025412
111743
026299
053788
029853
126706
113190
099328
102555
126003
022102
118830
086061
020290
036513
039159
109002
071129
124277
081770
048970
039755
066375
036432
014991
037226
025940
040082
115745
131513
059590
095141
035600
098839
126093
102034
004180
027905
072806
131198
093887
125407
093780
127802
133240
122738
133268
100620
051978
022567
079372
130710
126547
060367
096413
103943
066651
127521
074007
027662
123427
025392
114923
097164
073130
093113
026390
054902
087118
097644
111174
092905
053775
024621
004098
116508
126510
029603
042785
064998
065114
015713
027830
117580
071590
080822
070971
114407
070834
089500
122145
099210
002981
015674
072312
044369
041709
041292
022239
007981
062959
023524
004327
131671
033837
053486
122526
051815
035565
073480
052000
016509
105577
122273
129176
007706
112830
048659
016921
022421
027485
013355
046046
118653
098515
112107
005866
083097
006438
005627
005221
101981
017268
020006
079314
108233
039047
041742
019278
008910
094374
092565
091410
057372
061178
089284
008963
029278
057319
032388
022341
053877
096850
032726
081773
030592
077166
067581
004601
037990
031198
061463
002058
056825
040313
039044
094191
028470
029050
019297
041820
097241
114038
025743
064714
122724
102415
114541
007760
099414
055651
086248
022204
048528
046022
119870
125697
112634
109562
099869
131366
068738
107715
096349
082397
101151
053925
066572
052122
008413
030289
037065
025578
036050
030176
063195
024129
034454
079563
005653
036085
072842
111902
056729
129139
008980
084064
087642
032549
015361
132171
089643
058283
011434
003105
118832
132233
061468
068283
043336
013659
099749
120999
014331
065275
105427
058577
031024
116296
035807
022491
036329
049489
087508
043185
094761
081299
095874
078179
003786
093434
058661
000554
044089
104113
119405
000279
002792
054184
006609
069316
006488
019862
050879
001486
066686
000662
087636
040405
063295
129857
098034
121501
091698
065330
129813
098838
082797
029941
030167
121371
007546
123665
078929
011951
072845
123629
109274
003388
102540
005081
072078
066165
057869
124740
023551
007413
057239
128814
084233
012416
078415
053860
041369
022882
124726
061054
047673
103806
125902
098717
096060
116897
063786
123216
085376
078259
064227
086924
001844
045873
124854
049149
014026
055334
072448
062003
095014
089926
101819
081354
105538
020732
055299
114641
131057
103096
110412
106438
086262
034966
068101
039075
029584
022248
100403
030303
039330
057203
050989
059229
045883
082629
054340
067215
128967
031306
055824
033415
105123
011500
036800
058093
042127
004285
058999
017986
048967
056482
023566
022384
016108
074858
097182
053850
023618
075877
023022
020562
052595
111075
046467
058812
022497
122413
038823
126383
003587
056707
032824
094190
102067
004794
083757
097416
018163
025870
083431
086740
072112
099413
026677
132900
034189
068245
063242
025733
053455
010474
101470
022110
041785
040771
132964
060193
040233
010456
092424
013013
032913
068448
035829
053755
118443
058591
129542
069682
033916
046037
126725
027646
059517
013809
007360
101062
046241
081314
114066
003510
003135
020193
127959
084733
103835
100177
104684
066945
121931
054268
029811
051381
024443
045071
013890
045819
067260
124514
072544
038970
015677
052633
029856
016525
123635
053484
015301
059079
062163
021464
046036
052880
012660
006605
013220
112154
030408
038258
006661
085799
066866
091484
022958
095336
018560
133016
063962
067142
011762
087223
120806
002363
077716
035759
084476
114678
031207
098298
021209
021741
091563
067384
089830
120820
115456
122429
015802
027377
024625
019508
028253
094486
116785
120011
109887
061707
005118
025177
018643
012517
036868
059899
089721
100808
006604
022098
064772
122887
098247
118885
054233
107567
070147
066315
006170
011593
092421
027389
111259
051022
029049
031805
054735
123438
068471
132633
009671
057870
127142
125747
128539
072675
055059
054197
055230
108579
072000
107704
045235
058133
059115
120677
035525
008595
075442
046186
065515
121183
054842
121644
102955
054650
105228
131117
056527
061970
065406
073728
119280
040688
118974
068651
003203
082440
016917
043360
042828
066569
101536
112275
074934
051804
128556
059691
005825
000875
059977
114139
014666
127596
042294
022946
092011
043738
030450
095838
129527
019301
043487
041218
066981
003317
072671
019235
077380
002516
119139
044915
054196
061132
020829
017212
132506
011601
125015
012014
109079
090106
003532
119505
120923
044337
078922
059902
043384
105415
095236
114248
025985
082015
088467
133355
038251
016142
064956
075413
051043
065949
016501
039212
019678
031364
099861
005970
020331
060667
082711
100603
100573
071999
125020
039515
127043
017663
067017
087902
031324
016106
004398
098872
113726
038908
052717
115351
083997
027512
052920
115376
034774
070538
002757
037920
004714
088151
126759
129987
089937
075606
131618
068431
071022
120284
130799
058878
023091
062894
089490
003691
020316
025887
096404
097500
061430
034269
063658
044692
092489
104432
129785
125074
044476
056207
045869
058215
014257
112135
028056
122246
090307
071972
096797
006331
010369
083656
120280
095335
098240
096088
058173
119591
091740
118863
121691
104482
117779
010550
037087
045666
105310
005877
118742
013661
111479
121504
005772
049417
077914
067299
038967
095815
039924
088253
088771
080228
063129
087139
100447
081324
061000
065300
048990
087884
106479
059361
100339
010645
114853
109698
046291
085185
006122
027692
045747
089772
119307
048353
058214
050559
122606
020523
115684
085652
104382
033919
109500
049510
074508
077139
044078
008823
001334
033087
009691
110977
119875
068634
123875
065053
088296
046511
078017
092400
108716
028407
078725
048340
100365
047765
099266
082795
009860
095015
025496
059185
101835
049070
008043
014288
030952
073711
004074
097224
093382
131781
032876
011073
108296
027319
108308
023885
073437
061448
082954
079967
111722
085516
080402
054230
096333
127859
124621
006957
122533
088986
097722
063601
110178
092388
101969
053048
007268
053006
115000
003831
026515
032330
108853
041859
050195
043960
090628
044707
121528
036128
028621
086991
106277
015137
044297
023676
064504
119110
026137
116212
092812
093059
012857
047091
117108
044977
014541
020582
030957
077082
096458
024454
019924
084210
048926
107634
042041
055354
004502
090490
119731
070723
128760
033776
013323
039899
055193
105690
034555
016220
047946
036866
083398
127594
090100
064031
094776
065418
025821
098871
041686
045758
120932
083112
011369
125686
014014
118657
103979
062378
060547
054462
004599
019371
023652
068029
060714
117819
056397
058464
090880
074232
057410
020817
116767
128037
089017
071037
020772
061326
090479
080139
100175
020406
063679
019068
096940
055244
084670
118408
132581
113274
047717
010001
092081
119040
060241
125130
082977
076888
072345
086789
019585
096123
073521
021147
100135
025876
070871
099024
011187
044815
009516
087871
070064
109386
035377
094558
091022
125766
110499
073339
037808
084122
049010
098853
045148
091661
086658
080490
022094
018724
070138
091990
044174
092494
096501
054940
088676
122278
105456
028691
105260
036033
014322
095462
024260
060548
083815
120250
034597
083246
016370
004522
058174
110167
005237
060936
085933
010007
000665
100146
096005
032333
020469
035249
103637
022637
070921
026387
019560
051697
049194
129332
056769
118360
001353
061321
105588
073989
002235
060696
020954
019798
078744
100245
065415
123320
015879
004774
121600
103738
133209
100657
096633
083605
126050
044153
081650
049931
088786
133543
091725
083824
116721
004673
073309
023688
051904
072311
047463
105693
093892
085501
125215
074228
034965
129292
000859
047508
011389
082465
109120
033196
035203
057887
044488
111653
028322
132296
109131
095556
011751
126346
078947
122816
004870
099112
110112
056717
002448
061462
086737
119738
055601
035265
076932
030641
072252
056460
124743
103517
102442
061514
106737
131393
117798
076512
055536
046733
064817
089599
042350
043076
055236
102436
056171
088495
020872
012061
100400
021606
124721
043622
090978
076771
112178
057194
109043
018351
014411
098066
117493
047816
045276
008720
123719
130969
078661
077625
088073
089191
048844
085861
018379
069087
030541
032908
096782
077291
050480
016690
107013
122540
040980
084209
114983
114854
067794
115487
008129
111277
098848
006976
009998
043002
087405
101441
061106
068808
070609
002952
099757
010628
002827
022763
059905
132367
054826
012160
048194
067981
079252
120281
005729
083630
061088
063937
124855
104343
000987
004028
099239
111646
009804
047082
128142
105164
130603
056189
004501
014561
035045
129129
081850
014898
117828
126924
003075
088693
018538
130712
013344
074033
055646
098059
035527
102729
056906
087909
003615
074427
106863
092860
064515
112669
036101
014673
047253
033143
059911
112066
045042
074185
048759
096460
059530
028552
063078
105165
009002
103454
031008
094883
051052
071835
021810
003226
044730
133596
127506
118666
120679
086166
083126
114261
057747
073560
096682
100689
088773
000910
086340
063254
106452
018319
111417
042164
061914
057009
083994
096177
000403
128794
072997
062069
093260
040748
000913
117745
086363
060016
096265
026324
056949
085618
125279
036549
058593
079280
114847
062327
047913
095400
116745
023029
007414
030729
090948
056367
089176
007315
092684
013206
080298
015035
092475
043434
033633
014291
013172
051836
028785
041495
053893
074506
089311
107953
067130
084816
088828
056474
050432
013845
078673
128324
085366
030430
032589
110458
071035
057278
133095
116413
090274
012304
089862
100113
040102
099592
062678
082960
058315
052256
012983
029152
047740
122394
058272
115065
074717
124579
105053
076050
035913
044305
089996
096389
000013
085212
107138
011617
044242
084948
056153
056872
010353
090455
102499
054803
032378
089523
066027
083024
118526
009264
028738
085470
080277
041028
058805
008945
093643
068160
014871
131440
117385
046245
086584
076090
115462
091700
010713
089413
123067
060485
012067
065324
126107
052975
076056
013501
106484
090372
043636
025424
049004
024389
093909
000360
127913
071014
097475
003168
012571
001886
028137
029838
095417
099114
008792
107602
047899
049371
048839
101463
011321
126899
030637
017140
097858
086730
065366
093708
120052
065090
096081
111399
012120
056832
069184
080006
052618
067986
020173
086198
041599
030043
100194
112962
002429
009802
035337
021171
048172
055753
033541
103865
036007
100244
083470
021153
054790
059180
110901
018771
083911
101337
055408
106965
093632
131804
123252
064119
057031
015601
042103
130458
122654
056667
031825
059551
005612
016924
063250
045623
020443
090113
093761
069957
125773
045786
067940
098140
022783
111565
022472
118108
071774
113286
061632
034350
089497
077696
076295
045239
065831
122960
029748
022776
113340
075013
132370
067578
025435
086144
006326
071495
087936
025933
028641
086094
056545
049458
029823
037947
066215
090157
127995
082541
014981
076071
037962
041943
079514
014988
057057
032725
062566
091663
123135
119659
006098
019367
026543
014225
014374
027069
092501
117350
112059
075080
132047
003644
110708
105426
057428
079239
006664
121768
040706
040438
019728
046251
013884
055492
117913
073118
057583
114409
018317
091564
023952
000460
016781
094630
080018
075464
120802
040798
101025
063157
032541
049532
127395
053659
075622
044449
085783
067892
063134
063321
030208
073616
107051
049046
108328
116807
097825
015557
033380
131819
102326
090944
051517
084229
095667
074847
061320
115845
084346
130540
016075
109228
085345
055427
051455
047021
068352
046795
125783
012441
037246
048887
061388
107035
054884
031482
092867
008509
027025
009670
085435
099507
074211
037995
019544
080710
005271
117883
100640
045273
007267
101779
041440
045857
118279
009275
108721
037871
103364
043713
014314
040238
010668
125770
081862
051532
103564
073452
116517
100605
128511
105480
015030
110187
091892
007479
060468
106087
015266
080742
033377
064677
058833
001983
067696
132561
016078
033456
014822
011855
116484
023110
049248
094557
132990
080125
006198
092506
051080
054806
057606
098873
002839
048801
104638
032712
047096
066264
105455
027409
027550
050980
064089
099373
125009
018033
013542
015141
071790
104419
090545
112885
118464
051554
026558
070136
059938
091986
056777
101054
065237
057135
127786
022438
022127
056862
046575
024098
071416
052922
122790
013103
056706
107362
027969
041694
050087
028210
053997
028309
014904
020463
037954
101290
129840
124760
025260
014171
001405
008343
084174
096845
083308
108806
070077
073920
116684
115047
041188
101530
016435
081140
040084
068711
033740
122398
119179
031949
034453
063153
116244
026837
020129
013335
039664
048270
105002
124598
050995
105065
069948
001006
026042
034681
092705
057578
072980
130000
045598
024053
099957
009304
045370
035483
003996
045228
055627
116602
022457
005714
123500
089194
097813
094069
027953
075048
081968
004652
130165
004008
048829
068590
048268
046257
069946
132960
034020
008635
018971
119712
109421
052599
023786
106753
059586
048776
102491
026822
009713
046844
060327
057084
110408
036553
061535
036156
002275
102239
058348
048625
122229
092795
048986
055485
108504
133270
115299
102755
013047
064176
114093
055096
040115
045998
008634
060287
063498
093645
068542
083295
120744
085671
015452
032088
045275
045901
016970
132020
030580
106746
133035
012179
124500
113490
060877
116406
107772
058053
082623
035742
022269
025014
021476
081390
082138
086416
022474
077050
058490
112679
049318
062661
046569
058335
132747
023542
116548
055363
017371
125447
059085
114876
056088
038796
040661
064640
123716
125420
038404
125716
072210
029272
028700
041933
102426
053656
026605
007498
047165
103005
070143
006360
063669
042218
110141
103108
093561
066490
113074
092423
050127
110166
034141
119608
012218
047029
108597
015870
061350
052989
007409
082837
062562
065227
018280
048733
099472
117915
080925
060553
035969
030380
003797
103882
083827
063605
102700
078400
105996
005301
065521
021418
087376
085869
014901
023589
102446
051685
032878
074200
110891
083995
112302
089418
069210
006002
070248
106747
033392
043449
116434
031617
131000
118364
073736
045844
031769
030931
009080
046436
025934
045713
128031
017886
081029
054526
120787
055657
039182
048645
065721
105102
103036
055021
109962
046048
031708
104344
122293
116305
044627
072481
044176
126327
125034
105661
026855
110632
077138
108511
125753
074217
116443
056520
046004
089453
114928
095281
046331
088910
051422
112289
048143
036520
091270
056494
105244
129801
036801
110301
024591
069578
047593
093134
070110
024467
022663
132201
048322
005088
128619
046002
124358
012272
001474
058346
028277
116047
064090
064423
029275
012298
046718
127315
076959
105275
021178
100452
079684
096241
020899
053513
125217
122846
107389
110257
086017
047028
012654
069523
103456
131191
006814
129415
056705
070051
089459
040252
025121
036022
088800
129473
065233
119317
126459
124188
128134
009274
045997
063096
009087
001618
111876
056400
064226
040839
126069
007580
082518
090148
031650
000774
056860
037441
099934
001656
018548
023788
099977
016860
111294
112412
040799
004307
094386
130897
100478
125087
035140
019347
072793
062371
023211
062841
052243
018908
093361
129501
067285
107054
035971
045226
041757
052508
004310
049041
080322
053401
008664
026637
036117
076761
101066
015706
022428
079669
097883
077903
102715
041527
114720
108225
102215
054166
087325
085578
126823
056176
036922
109578
084979
000272
021482
120804
005450
048404
074577
032401
047261
069221
021245
100563
031523
131939
111226
058213
006296
008637
108281
132454
027853
127184
010087
050340
000188
017398
098253
054493
116164
084166
113869
079419
062463
063123
077725
130105
034130
108951
115347
126694
011621
081453
079489
121369
084135
049679
083095
108068
118683
105125
097143
019604
128982
114829
092176
017938
049921
060283
052351
067458
033249
023911
033936
034565
076218
124321
076866
084314
007427
039541
078191
054178
090755
030074
006810
093805
004780
003933
017959
043457
031206
069794
089527
044824
074711
004408
059882
047970
023477
035094
030627
100513
090645
012789
031325
044729
062758
124005
099416
072566
003818
014116
094199
113273
023720
108732
045208
029109
037249
014333
073687
023702
086328
100224
119312
009534
052587
014560
105213
056797
101491
014950
027378
104664
058595
019970
095718
107534
012564
111168
046333
000073
131083
022328
034391
116678
092917
126051
053627
089587
129546
003778
096461
117654
032140
057363
067271
125620
028482
075239
075520
103639
104801
034289
104138
061902
062254
090146
086955
132088
097415
003316
131322
050682
055405
129478
056182
059080
097183
039072
050117
061441
005333
027540
073474
064681
051518
012419
059741
031899
102980
034799
044996
056602
052817
052851
089498
060429
004112
099568
025153
007269
077177
030777
089367
038575
124666
002477
070960
118715
108630
129703
011684
100831
129537
084457
049808
102881
027278
047207
044811
077916
035478
102931
012905
088708
121106
005898
095199
119749
050271
126709
124438
072428
104119
034025
030805
015779
096185
097281
096409
086187
026181
089526
066022
089997
042006
116892
007211
002756
115976
100989
088081
017094
070566
078494
043972
047166
069936
115164
058118
070413
009565
013126
102988
035267
107335
044726
109089
083163
006416
123939
015623
125899
093494
111084
097145
092284
104293
104305
124912
131345
046155
005173
077335
093790
125333
106736
056654
009345
094052
097329
022331
075049
121860
018802
062173
101351
108648
093025
015733
124440
053167
087226
031646
094890
078374
032324
118501
101482
001874
083932
023294
131680
077919
132016
085645
062136
107121
128250
092868
024125
095150
035539
125724
019316
053815
017360
069528
117564
024546
065823
026714
107840
104448
108051
086745
046710
061964
116332
007969
035918
025092
052514
010860
020078
104274
066108
129003
026393
095028
013313
007696
035189
089492
131723
054638
084975
025118
096082
122217
067152
020184
121085
035467
122802
122147
008002
042721
094754
051061
046119
095447
045432
103131
106477
073549
054468
042238
042681
091674
120583
117406
101907
102913
056033
060002
106566
130943
044865
079119
060226
050391
100151
112267
090436
016061
126123
132881
057397
009925
011108
081209
061420
119355
127534
127884
099962
099400
082950
092532
007022
090497
040392
059176
011612
000684
015592
089722
039197
043676
116697
030218
080912
040812
056569
034264
130484
065636
041739
076887
083672
088785
066282
052523
095541
060970
129124
017556
005256
036637
102019
118290
107636
091065
089080
064485
073981
036974
067021
120968
005167
048762
111588
079590
038070
043888
109938
102578
130371
026442
044093
059886
023349
116825
047097
024876
123136
038221
008546
101332
107994
069929
128810
116013
093700
109283
046045
062721
045530
095294
073347
052324
012118
046999
091273
058906
066924
057798
112333
096056
012866
030815
075065
052889
024852
070939
054905
058309
079147
095514
056738
021345
084224
098382
063940
067078
017464
124974
119165
127571
000672
117070
020913
016596
049593
045389
089858
029964
003985
007664
118203
085082
113023
049530
096798
030136
031373
049442
031452
085596
082794
110993
089056
096089
042028
065074
028256
013415
033278
055022
040431
063743
098088
093997
011418
049923
030181
021168
129417
108827
117384
045009
026161
041474
130153
089018
032353
013878
090302
043498
114287
021283
084590
063889
050587
074852
093883
107797
105681
058828
086301
084940
055505
070518
129489
123436
000537
048797
049812
060318
102400
123076
122001
090447
084595
131355
102370
012812
104540
024376
075110
033727
089938
063827
040047
094670
031203
111239
077394
105581
035667
126973
040045
107670
117184
100891
094208
019899
120453
038718
090262
127450
003184
122762
056597
109471
077630
043646
050105
051747
131031
115471
014456
016926
055365
067701
103177
115403
001516
120568
100483
006641
001305
103647
082382
030720
009462
002557
011779
113857
101822
086485
012998
029936
115482
119172
016377
054608
055231
020138
018551
017629
037183
132103
030391
009747
029522
114074
077441
121035
112429
124471
026015
069938
004910
078221
044573
059353
004955
022708
051398
023546
009095
023471
057185
077445
090115
073471
094018
082781
096442
085923
024830
060571
106431
057292
004273
127898
041405
012333
038037
051502
132182
004369
086250
058598
083493
126907
061743
067827
069170
006168
003108
034004
063439
131130
103660
001131
002166
091405
108637
056060
054409
061266
022707
063156
126929
112472
121641
119835
078944
024375
119504
071200
132872
105533
065520
078716
124037
125891
017333
103761
105626
032714
100257
110751
131170
007779
018326
099928
083619
093544
118415
065907
120921
091117
052882
101720
087984
083552
107373
035269
115638
089697
033682
010676
115997
069481
100878
116329
129738
113555
127467
043486
108653
132470
010058
058602
004888
099765
033615
074938
108651
116857
059475
108532
065034
060668
005277
086406
006449
006753
048799
115536
001797
017566
129698
060606
054974
109193
045345
044270
030224
104951
038859
119932
128315
129390
028694
070400
029288
036666
027787
034256
094712
042874
098341
130002
119746
076532
053117
106430
093918
024670
124545
004397
011353
009034
073124
125554
112130
035626
095234
085663
123140
019336
021692
092573
053764
130819
037523
046297
038898
045960
094582
064414
077602
098485
091707
117902
028675
021674
112410
046043
105154
067709
119751
127462
119740
063823
033921
020832
085801
101648
091984
094655
115132
054100
031782
110329
124503
113336
122182
056057
004811
019194
037767
040895
036402
115761
077805
054064
005857
057218
009188
109039
058002
097380
036567
129870
030023
052879
035296
017195
006193
051923
058754
049380
035426
061436
004223
127172
001759
066556
036826
076913
015084
047068
060304
047542
041845
009239
061570
130392
120438
130235
019729
018505
003688
002802
015864
020760
064639
077175
010702
042100
020604
104974
007059
115985
098490
128744
008900
022510
023459
089415
014576
012021
101100
073117
108600
087876
036181
036126
013545
083458
086680
111810
051746
123644
018070
026100
042382
104491
126949
061521
047564
076579
093472
027103
036687
102042
034656
072784
003854
024288
047582
060951
019428
123476
037027
000803
108292
063334
007829
104955
024485
050622
085557
018812
088651
021934
059516
096556
032578
063725
055316
100768
093815
116132
106482
103874
012478
107857
071553
114532
058462
049479
040029
001115
008482
094230
092901
057586
083562
055183
123283
015539
064144
109384
041500
104530
043906
124637
122366
132532
003326
017907
015588
122781
051171
050925
127712
114623
072520
095728
093901
040701
114465
016544
127113
115555
002003
056128
064107
105140
028430
101471
056758
093877
063317
028286
115212
085086
127241
117206
083766
037333
049584
124597
110758
065685
093301
020479
105404
071544
055526
015917
076582
117661
020665
056876
042888
000284
126257
060313
048742
116628
065336
077724
088834
019256
047787
028129
119458
096441
081092
098419
073489
040309
047793
129450
088217
017838
049836
126954
041887
045531
082515
114727
046717
120434
123304
107084
068497
104390
104058
061961
113177
132193
068860
093193
004734
054528
028502
026582
023610
026167
077294
128705
115265
066268
033556
006064
090058
116886
062019
084320
128098
028033
057618
131494
096662
132682
100410
049404
053049
033540
030120
083437
049482
120222
052270
005124
071784
058145
002729
067217
012625
099656
059465
056401
076956
090514
056479
025183
015172
028900
119979
050196
012802
097824
063039
130764
111836
033103
020758
121683
009795
052509
128002
133468
106151
086988
000208
113342
101030
077717
097310
122206
124513
007562
119606
038907
018365
025921
004061
133648
036924
080978
119672
096339
086125
034307
063671
075985
063947
096973
055802
040891
001199
123460
117045
008047
121295
022711
123356
072699
109343
022723
033862
051726
024170
106974
102016
116018
093538
107356
044077
056866
117467
010402
125685
093707
091765
030594
059298
053996
038305
023176
043632
002919
031966
026263
118209
029795
105446
058302
007740
093449
003044
113540
119281
048508
025258
069740
043278
097987
026567
111634
119176
026256
011564
054773
047890
113774
099903
003772
120063
096263
010006
000968
130621
007442
105459
041421
045765
002459
108154
065508
052813
096881
130668
014830
072963
087237
062231
031310
042097
032468
025535
122215
036917
033608
020182
068998
021033
061938
121970
013931
056916
131823
117961
004535
021933
096149
058752
102279
024371
031605
069923
028866
091510
027202
003919
044324
090144
113000
059921
075155
044284
026165
067684
124651
100063
092585
026110
090762
029535
072765
000787
030111
028619
059635
130825
021419
006385
103245
045657
123473
123363
011018
021235
075252
005861
111699
072639
016777
133825
093495
045526
069257
045258
059652
129252
012122
068919
056132
133632
120050
010176
026017
052970
070568
033431
088527
122795
004512
000368
065173
058080
098169
017489
004959
060361
035029
024542
122437
015929
061753
028983
020507
025528
057985
069602
004289
070020
116507
052755
108285
030529
003297
075733
123477
097056
121334
117836
036177
046185
007021
047095
037640
083319
099533
078382
024275
065942
112251
072353
017363
047543
029180
057280
113697
104121
005362
068600
058239
110623
076549
117139
004733
046082
086455
059014
107339
043994
102800
075291
082011
091729
088508
059610
126822
026925
051958
028057
050768
003307
069154
071857
128806
023113
067193
051519
011901
129131
076543
115932
076925
055296
008322
010069
000627
029341
130585
071055
073613
027056
108035
034301
048740
131898
033809
018626
048206
015824
061231
043383
116337
015026
131792
090350
025144
041140
108763
080988
097238
096680
122936
090733
117726
029796
042987
109304
006049
121060
045564
086604
072625
070121
029875
130676
114828
074043
007566
037347
009999
065769
040435
002657
132710
115436
048669
062918
133522
018064
022884
050803
079985
029504
059965
070681
072543
014992
129506
025857
041459
099216
022794
028765
133413
110059
126375
090849
080255
098184
116714
109030
049003
112682
059308
040135
050512
123280
088609
074854
010453
042277
043830
106774
071734
001552
060048
026086
066710
094385
024754
089132
093235
054443
108909
046376
127691
064244
002707
095326
103472
066060
107626
063385
127257
080880
030442
051796
048496
132415
084386
059483
025027
007087
066864
103030
105555
090500
034560
064501
129645
091553
000931
074191
032187
123232
114019
099147
000468
002425
112548
085119
104123
048672
104474
007316
013278
061471
070311
024087
067089
102526
108553
030066
092769
132880
034006
099310
005161
101043
115769
090626
049059
095583
107413
092357
092228
089658
040785
004237
035908
107870
065792
080715
074791
106779
055523
063004
050297
069964
025973
084401
051744
006494
075172
107607
004193
086747
073727
007602
047191
069345
052377
018112
050506
006073
012438
102804
114061
034741
100862
018392
108379
051139
117474
122059
016983
092721
030799
114546
022562
065356
081658
065317
076911
041828
129983
088291
126721
116499
055367
042309
095433
096281
042436
122022
050944
024701
022496
029219
023494
114215
018513
013381
002857
089664
099637
036616
129709
125390
115688
002095
117551
068521
016524
132165
055639
057011
070084
102760
118237
030237
065091
068573
037242
066950
049308
043768
030079
049496
001161
124767
031370
006684
097410
039608
088216
050346
014982
056513
032906
017658
011006
012142
090131
072983
031817
129650
019340
127248
056126
085454
110308
104048
102791
109678
049814
074786
027327
131167
055863
106674
031922
055846
052823
040083
111559
106269
075656
042068
089431
081554
110483
021726
023802
041173
083436
001771
007900
079806
132369
098484
096091
118687
118351
019876
043038
113912
049789
024101
056242
040522
044599
048836
049872
067055
119395
094033
133047
097007
013318
116722
108300
067102
046562
055572
063196
090631
118284
066464
089906
059672
055149
099980
000636
091280
077002
107591
046744
047835
090024
096787
059519
013037
032858
032753
125493
056076
088547
023297
087591
022951
036762
082604
104519
077331
033903
050448
055442
103510
039283
068036
053238
077496
054369
051403
020693
104603
131022
038864
058236
016574
109811
130489
010821
012446
104522
068077
102860
107433
039675
106622
077151
062155
066403
090710
005170
088748
029051
102435
030878
085277
011643
117049
094659
132213
001697
032297
050331
021311
121353
089501
039887
047858
059863
031715
018521
080416
062483
003114
053681
048148
062953
008605
093773
062148
034557
096236
098124
031625
068530
085361
046368
132049
133351
115085
086377
012669
050940
062312
012917
065331
070124
038074
115187
009618
001700
025630
079440
070743
114927
072389
073974
118876
020980
083810
023539
058330
004579
031039
097873
110950
002232
050197
041318
128854
102278
063126
040703
120842
014455
121784
106579
052796
080983
122955
059655
132662
100428
126116
030398
021935
036621
086898
036097
120244
036907
018258
033007
081434
058677
022332
044463
031211
057045
084277
059216
053060
066681
069346
003993
008233
047280
003195
027454
038347
126009
027207
026145
047586
128612
062821
105943
060905
126369
114464
085930
023182
097234
086559
118510
060592
112768
092992
006750
026127
102504
127927
043495
119830
017303
085497
008982
030694
103922
011146
068392
032956
024541
062822
133618
015509
010449
044613
097855
047318
013257
022961
028729
077527
072871
058356
117971
081651
115305
017808
106141
065265
117322
056117
005681
117197
108947
084968
114717
035534
035480
044392
109544
071328
010244
083926
017977
105930
055044
097616
092309
031048
046143
055768
120015
026670
047316
072772
131062
035057
091717
087938
004903
020614
129699
126153
072535
086599
056385
085919
130565
131242
038944
095424
117475
094770
061524
078674
049796
046074
123197
075290
097695
128080
002000
089956
083665
087556
069959
085117
024537
013389
009208
105467
052894
058048
123355
010059
035051
017246
031593
010381
115216
024940
039163
041740
045437
055732
113984
063057
129498
029206
055102
005091
046239
035141
117626
118309
074690
105498
019966
073840
080651
040250
093697
068657
095979
076737
069354
089457
077434
031160
129700
038914
103604
013225
031611
124775
095548
126602
119306
034645
004706
049117
030840
053861
095578
077943
125833
018053
025470
012422
131145
073749
042585
112158
089070
004392
011698
069534
130420
052957
070513
036461
018811
089118
020177
010010
026593
094854
082137
002972
113055
031254
043437
116158
019193
060286
016183
018509
066102
057513
119494
029556
109197
128433
031098
027816
021381
071406
102681
000823
058179
093993
003181
006955
117209
122269
045017
008027
041890
094865
079352
058023
054074
050709
046512
079124
124330
054809
090300
093116
010566
061203
098808
107483
100145
017367
122232
094179
098390
024450
022827
132466
101462
055839
029671
132460
113064
119595
052565
091266
033188
075120
124867
027149
046296
095675
097648
079293
012217
087041
100609
102566
106540
056884
067491
107330
024789
057556
124041
112266
096130
040168
060516
079002
055293
001907
026536
032833
115478
061892
114537
082039
122776
021199
012619
049082
122686
131610
125906
131210
044034
077971
007836
125569
090373
004812
015292
026431
100126
012691
105032
070498
004041
036058
062436
042764
024150
031716
018278
107679
113810
119351
028139
122087
011763
026806
043118
032232
122682
124338
002439
069453
008776
000462
022601
016981
003804
027395
024096
006253
053229
094114
006981
091364
111258
041335
085692
026236
105736
009165
021700
042386
003202
060408
052223
043862
004381
133267
115329
070500
035727
068488
035279
112740
000063
092432
127568
125297
096673
046843
057028
005868
057772
098376
077929
061212
058479
052526
020505
072013
057969
087882
012909
011061
062629
129068
094285
097827
030883
014194
039052
093982
031784
024124
121921
061646
003763
050407
112001
061139
090001
057806
108843
103226
063517
004938
029140
121273
031579
048137
099898
118754
109119
004677
109466
091173
034173
128030
062549
109396
103051
009921
072117
041903
070930
046263
057922
083151
014500
038905
017406
109150
018857
034234
014765
116477
069646
071849
063322
017662
122650
054165
132008
051156
113104
065633
042375
017995
025585
005429
027246
081418
077750
116932
004319
049382
128962
103275
063709
095193
082778
080666
113886
014612
057984
131230
014415
020471
005242
087982
030722
032413
094868
069976
085972
064067
124250
091133
008082
023445
097601
013925
070973
003455
132209
077570
096643
007591
114183
001537
073340
111381
010081
124683
012685
086605
126661
042483
023160
051036
007945
031092
047458
047112
002029
009250
133420
013307
122027
015748
117608
129544
076345
111673
056759
051918
011671
002995
114474
104168
092802
108467
018507
006169
111792
021791
065255
050187
133664
104688
086787
021779
000254
058804
114769
096480
062318
059151
105707
075218
029440
089406
086121
004962
059126
080928
064530
124272
099968
102087
046262
030306
089567
077581
114429
052598
114462
118544
133025
058277
079144
046899
051170
057419
121718
052819
083893
087335
009259
073481
112880
045575
010680
008580
098397
087815
045816
024838
043737
052932
080271
031673
060464
084712
018248
080643
052935
103998
015201
056584
048018
092578
102032
007882
029674
047961
062242
029257
100197
099218
053980
113480
107696
072770
007249
024920
102134
068668
072394
107039
067289
053896
085007
087103
014475
070976
046152
036811
072938
023047
063715
058276
011809
095043
064293
095146
020992
111130
095654
128759
018049
087340
119490
076529
007024
132366
088865
074048
074731
015771
009448
098513
057044
064733
128724
119353
073157
023144
125989
121822
092088
078913
118330
103999
109574
104375
032185
035812
105490
063729
032797
032433
117326
021285
115662
012347
030363
088665
063354
099084
042963
110421
085211
082854
083518
017939
073098
010476
095586
050427
108903
096141
055981
050359
008344
045423
131765
029779
064049
068958
097738
110214
121996
112551
002883
112614
026561
048195
059251
039689
065373
100165
064690
070149
012450
091554
017978
049421
060735
021050
032327
076623
060775
113423
052076
114900
063803
124069
029529
098701
124552
105649
133341
012239
024223
079569
099214
040495
090160
070682
112147
047210
026669
103522
079779
083584
045401
102295
129522
004175
013549
071824
051680
072521
129397
077168
076564
043542
058140
018644
011610
110221
031305
131412
126128
065442
115527
116910
028278
084835
119017
015617
030773
096073
030439
059770
019745
059314
094889
022745
092722
025206
078416
132329
023744
132418
043110
069748
074857
058989
051070
004981
033102
098864
030510
029052
053840
112131
114094
064973
077443
081056
105520
119643
016468
080691
048152
001102
082524
094861
039524
006807
021275
093422
127276
038925
133195
046253
105547
063107
021579
133663
021197
049875
081811
033274
023159
119460
036976
124825
055921
113604
071634
057245
092197
108385
106488
075998
082190
004705
040506
120907
054125
077778
072662
095290
074257
038750
072628
054490
108484
109292
119088
017098
012987
110292
055974
072838
057408
117876
090102
083942
112808
047503
031526
078004
052037
060055
055089
073051
043678
059343
132527
105678
089677
102735
065766
041581
003148
060946
041984
053950
046160
113536
034332
008191
007856
119739
128775
033455
068567
058690
083451
099358
039427
033697
007771
083710
045463
077513
046243
131559
064601
093865
033299
027519
089467
057287
106594
092219
070430
024545
013442
046015
001505
128337
007950
059138
109221
130487
074361
121351
088313
114398
099188
102842
090143
051596
063223
000824
008214
054961
034120
016195
009692
030400
063271
010046
089089
012006
113728
132912
051265
066518
013091
042380
069545
078719
114919
076217
102287
010088
027768
008726
042526
120426
091493
107509
058943
105138
016752
129021
079858
115488
125723
058555
123646
133354
093125
006100
082851
028868
068841
104760
097516
106878
036262
063113
018042
103381
108592
123937
003990
067834
022666
089874
010781
009483
017458
016045
092033
008867
056690
118628
006978
022195
019955
052636
004455
126670
063992
010659
024372
048041
026589
067623
099717
062289
073212
106751
050192
126705
045301
030295
120249
018006
055325
108596
040366
084062
068303
116964
104269
047943
060600
112646
068941
018083
129536
092681
095403
030861
050624
131051
096698
007301
010714
100641
051449
118574
088052
107267
105804
056296
086392
069984
017602
057590
080136
084058
091647
038729
027574
043041
037976
025576
048241
099019
117430
067838
057731
104723
066619
024718
101374
131226
130627
056012
014166
028440
131143
099421
102232
059250
031534
088835
054595
065251
009696
124482
009092
128751
057459
066731
008140
035365
090681
054305
012676
014714
029290
014876
095677
088046
117191
032460
016082
119056
041831
070510
127668
110536
053208
020121
101334
067798
075512
093054
051806
124524
002151
061056
133770
058070
072620
082626
058749
101117
048639
093876
119138
072863
096942
115273
061163
061991
026895
107031
054537
041627
068381
112489
025996
028562
051693
055588
090933
096279
052993
104115
025596
100672
037778
041587
061067
000053
022057
029722
092811
108182
061958
068329
128908
011145
070023
025658
037591
107353
037049
009291
004188
069579
048464
104247
093194
076291
070629
037345
057450
116042
065613
095285
105049
018161
070170
072356
089282
056567
097658
017404
105156
108329
100760
113990
066004
059846
054399
043901
009115
055970
107749
097447
013897
085394
110158
101088
072698
062988
017706
092477
117220
132917
056993
105977
059995
018791
124681
089614
114608
040656
041401
074009
117741
062578
084920
107429
116361
016047
022775
124142
065789
054446
024534
083241
013024
073743
032849
106658
119439
070506
001873
129304
015761
055169
107558
011606
079845
108156
004014
108155
030806
089543
054503
128772
043538
085963
016134
072839
031778
021974
066320
021938
025688
028598
057333
028149
055285
106213
063531
054433
059357
042463
006452
067308
029101
059482
015591
085452
118752
059790
072852
034754
012570
039929
062272
058341
037900
092442
053109
005360
002154
123126
048016
044869
037531
077851
064959
061508
115494
061888
087977
119901
063641
101423
076382
077660
066769
038010
037253
045763
026594
028513
052914
113719
061878
012653
067460
105542
056476
092013
121856
087188
055637
014947
020789
024580
009284
021787
100970
097135
098188
128642
108722
027309
044829
110756
022123
114399
056235
052463
026958
053828
089773
128483
075023
064232
004484
067147
126414
059537
056523
002283
065358
056581
050941
116570
132607
041561
069775
116090
119137
114942
112588
066967
130440
038754
023785
127887
114793
131224
092138
133000
053446
087369
109175
124755
063103
022360
029431
086436
045147
053339
002571
074312
059824
026739
082562
100459
036894
073435
032974
097034
065163
034620
001318
111364
013504
031064
127586
056976
035544
066421
006157
004875
112779
051827
132127
061531
029907
003154
103966
035851
041120
113151
047445
069651
025194
088155
110195
010694
124694
049995
021632
052663
094233
130401
008323
060342
122701
117035
029759
054897
019894
034056
103318
072773
099628
062539
039293
084225
117805
052240
011876
091913
035939
024276
010909
044418
011453
111723
104910
101494
088161
121561
096683
068563
120429
065492
062032
026905
102006
004189
102314
003849
098892
127556
058797
023133
066408
066126
051115
097222
015132
086332
043602
035388
121572
103751
092831
116020
008522
013006
079984
032540
101566
098032
133749
116921
090385
069612
085787
029009
106578
033639
022091
083675
060957
060978
013121
001359
129787
021157
117814
073908
072435
049112
120025
084356
095940
085955
039944
052287
096147
121417
128382
102055
083718
080256
065084
048176
083164
057510
059947
118482
048381
049925
121744
062233
028255
101226
043780
079429
041915
004401
026215
114352
064064
122687
032200
073500
120102
046242
081619
002691
035881
042005
072557
116272
046240
018552
076425
027256
111974
048321
023851
125728
110130
019712
061762
080315
110110
111809
031461
062203
044086
108915
066062
030386
076547
076084
038976
064448
009636
020344
004116
039949
017982
024785
003557
128674
020981
056557
023441
132775
005166
077515
118788
046855
054389
072781
127902
100395
057587
094449
081101
098079
034040
076618
070956
076569
070534
030582
090751
124690
053219
132437
009478
089320
123132
019038
045513
066011
083356
096112
071910
042866
013546
058241
097268
030511
022713
069580
114018
128875
092819
097564
057078
105020
108055
045642
045387
031849
063720
019622
121331
056595
088946
051025
108367
061711
102214
040242
093504
021518
098544
066225
119683
086888
102626
049081
033756
122875
108522
046576
095601
108549
054888
039361
113556
098920
129470
036751
022191
111835
124758
057356
005598
109848
068300
047934
080421
091414
126462
109428
061122
027971
131149
019465
086788
127951
063702
015451
099952
128254
128248
122716
097469
016191
108515
035072
050542
133766
072390
089591
051508
059767
001610
088992
014049
043976
075868
052864
054858
011714
104270
003589
115050
052327
094492
094609
114146
093282
112159
106077
005280
126243
070070
022493
133294
116099
080840
096331
088614
117702
049113
101496
071212
031141
010276
027584
090248
047308
113875
056632
081983
041279
033118
042115
062846
056521
068834
083549
049585
113272
087881
104494
010325
084341
008887
081637
083985
005566
030275
023903
125689
056744
131929
067962
000263
034242
005053
112527
125429
098024
002566
021066
066050
039580
033690
078586
071181
106638
031997
056464
059715
016205
071034
112591
049012
112411
007642
072951
006773
057780
059732
041902
101022
046886
093531
072598
077432
047134
013397
074078
083898
068474
122183
039302
110634
126533
009830
070184
096560
050799
020200
015783
003569
091416
092529
070731
082163
132079
109104
054771
037468
088658
077102
066390
082457
055338
084830
058565
091144
031231
096788
028528
020793
102119
101703
004776
053719
021176
068458
045707
025361
129066
056895
130160
063152
096532
047397
040033
084861
032761
116539
015775
129718
115460
027307
004271
089921
079379
133495
043702
016199
131107
069618
127216
052286
121235
068625
115726
001432
021711
112812
056438
003759
035662
003440
125844
123573
031627
124551
088902
043284
036740
080734
017004
042977
069488
109297
039582
096196
009440
073701
025777
046075
005920
078935
080808
124029
096816
091387
132032
036685
050961
033218
052017
118057
039709
095408
012361
069765
092903
123667
060644
011421
019160
097849
127360
125056
041860
011463
085850
109765
021016
087354
129657
047670
084927
056900
061863
070507
131557
095626
035346
001472
029661
112987
122864
108268
058606
057736
122204
066776
089831
104697
003282
112745
072697
119446
107488
044863
094256
019813
089346
094769
112271
012073
055617
118394
088169
089637
066210
070057
071665
072555
001397
107460
056879
047598
030544
078699
088608
061929
131091
002871
119713
025514
113812
061197
070945
071621
103565
005352
065562
009788
105451
093247
025423
121250
063419
060384
130198
045940
125324
004282
061995
062950
000543
084335
079098
005814
093509
131507
063614
027678
112883
030640
015479
028305
110161
121967
066029
042136
112378
104440
104342
040472
133391
041715
115266
073818
005532
101128
124229
077277
116580
052002
114179
055496
013419
005095
005261
094185
072365
099509
094378
127125
010366
097487
050369
069233
039487
073866
063980
083674
041442
085172
096855
109310
047514
029530
078182
023582
016471
011665
057530
017631
076037
128722
131213
068109
009791
025954
021453
061745
074968
045028
003838
031290
046387
005850
096685
126720
024354
001313
098331
103812
121289
096509
068335
028251
006947
028215
087624
009572
046284
118591
129824
043481
121115
004528
104547
055048
093940
075398
076407
059766
011099
090042
039557
118367
125617
082362
083401
031786
073714
080669
069320
012876
063997
028119
112539
035972
025272
055855
094027
094725
025277
129788
050479
090096
130517
023365
011681
016179
112813
085595
103589
026239
003301
085899
127670
013010
040782
067141
121038
040368
008520
042139
039581
061810
069609
082972
086414
065886
118175
097853
048434
024314
057794
080577
028486
057639
129348
035900
011495
052917
011737
119136
052667
082235
021465
111229
018321
036970
104237
077837
092910
117957
008797
056407
067472
044965
006324
060747
052628
118893
108911
125166
025192
129888
084981
115049
070497
116321
079880
067941
085826
074058
127220
002266
053964
009114
097569
107264
109129
079520
056219
046958
127295
020788
021301
031078
103659
096659
070453
044422
103291
075136
038765
016059
003473
129622
045762
032129
114860
069912
043398
016485
080058
111825
095580
048774
127120
116283
027586
054860
092590
001855
113778
043247
031691
043626
132629
132343
123354
103567
019378
012344
045797
033420
010009
006301
105401
035902
081563
127507
060986
087874
073992
091235
042961
013958
133675
019291
070374
056747
119925
001780
062963
073799
112258
100951
117109
081559
089843
125264
121553
045037
087443
094243
078084
063073
096307
036462
131957
076387
026318
126489
026109
001801
098060
120265
025061
097740
015521
090303
056104
007057
008916
045260
079467
057126
100203
042156
069583
099492
120193
094391
109598
012209
080449
095832
123059
015694
090118
121456
012003
023098
112980
006952
064624
016083
012274
086851
129725
051447
065853
001150
062555
126065
035096
017641
112570
019835
043776
100427
080654
035739
043846
070009
040791
131317
092416
034627
101638
070938
116119
095411
034152
033583
009411
131127
080508
012171
111999
016169
023968
092439
107946
102614
038491
026868
102284
064635
083138
075255
044531
093894
029852
079463
001227
095241
013540
119315
048735
004957
002434
032791
073816
127973
035880
026615
065153
061849
086831
053434
076083
003324
020440
048604
036199
061257
131047
068758
067316
014236
063635
058195
126870
044715
039928
023403
020553
022999
071430
004183
056763
079798
072465
089045
048939
001556
057334
009927
106732
033588
081558
106239
028755
035933
118812
019036
108194
035968
056169
083828
004600
012512
032094
047066
097300
003485
114408
008501
015536
042251
114950
018315
007633
097891
118790
105794
085935
129594
031993
047653
029074
122605
033542
035960
128698
092269
023221
047583
046314
061695
106098
120848
120267
025320
044196
084363
001055
013778
123679
043880
072891
045777
012427
003072
117873
102531
039235
042025
123921
132459
042979
033586
042029
009459
125220
017310
099456
042445
022065
060514
014834
060045
121845
125499
059077
013879
100590
034044
082403
065346
027355
062673
114417
029523
073360
120414
048732
059257
011875
053906
034121
023438
026846
095892
093452
063718
028107
023411
040391
012063
036978
042200
059018
037879
051123
017944
090056
059573
074898
093437
065914
028006
048215
029004
041396
095220
126583
104484
033987
058801
012566
009071
041857
080612
013302
081978
031444
111014
072203
120992
028438
081502
077966
012693
101910
099596
001254
005786
084852
031096
010065
065958
085868
095365
093548
036767
047888
116251
044171
068156
066966
010643
060239
008336
065989
129258
081290
064297
097836
102186
111577
126166
006535
114044
057416
128898
104053
042000
008519
066289
111270
079450
102705
117380
002828
062016
004664
116297
133312
100718
106313
128280
050545
065190
120455
092321
068493
117712
133347
133505
073932
045014
005439
042532
098488
035937
130523
090633
017775
028412
115670
085229
091696
033874
041806
073999
021774
058257
054222
114718
118972
033723
063441
070499
063782
077554
133578
013823
004468
042527
011437
022623
022578
040796
050593
012177
106601
035585
062510
050402
035040
098986
083229
110164
085291
073070
120945
094653
058312
053577
129200
008709
063249
071429
011710
096623
044924
081455
011504
110596
104024
128472
132711
059335
024302
057176
061787
095206
096419
003463
077704
039879
097188
105701
124596
012224
028978
094193
048347
115962
080935
001331
019621
028847
035441
090297
055076
036108
107397
065335
006849
130741
015154
098694
009530
070450
040280
007382
103989
003089
060914
133342
099620
128469
074212
078010
133102
059480
013696
031792
008104
036073
108258
068669
098613
126703
127101
034127
075569
091037
124089
081513
044438
055578
077651
030259
112128
017501
018300
058109
091527
102364
130538
027834
075401
004399
044266
011252
065948
015160
104676
074381
042738
076775
115168
112696
108977
010613
121214
072403
034054
025918
037317
000845
059445
023409
116098
001740
032778
107172
011768
043389
133647
060647
125487
014345
107188
026922
034240
038779
013479
043288
052828
001157
071970
001803
071944
109247
101867
128617
021023
076030
015010
131025
030384
002892
065097
072127
105106
098807
072763
101384
021769
044974
077348
007225
050886
041940
047822
114334
045078
044978
106090
080445
009776
049690
018962
075351
112035
070696
125485
127341
065872
064430
065537
004644
054157
073940
082788
014284
109711
109960
117949
023722
074065
131124
115796
024720
061162
131520
046140
044045
058615
069426
099345
053544
124827
105686
085699
086738
057488
089126
001368
041400
107410
002673
117284
038108
101395
109038
021797
047412
071931
068875
034411
092521
052035
120329
085188
067227
041000
049107
004146
035566
021217
049017
073134
009922
096622
059901
061994
090037
034111
039300
101352
100176
108696
039158
041346
068347
103452
114740
056113
047418
060860
060670
000984
087656
011454
100450
020114
083062
107660
012508
059520
086585
119531
123514
064667
110150
121347
068172
085314
101543
023037
103174
109966
050220
117162
022632
127232
027283
098160
059225
032730
026246
066953
076570
021354
123273
051823
104945
056897
101060
025363
058355
117742
118233
049961
052616
081213
111078
018902
059513
049879
021600
018544
034333
001492
068379
062946
026166
010916
008846
023286
063164
080906
047083
004578
019240
100935
064233
111087
044079
122676
052844
099003
116312
103821
061356
127001
123628
002222
026418
065419
130950
064659
015351
067890
014807
060862
035697
131033
064917
083131
026352
131627
125551
044326
117572
084392
008113
075648
030816
132061
030940
059998
028727
101186
069975
051927
111682
054604
017993
040191
102743
007037
126976
019772
011262
029561
006878
107867
099745
001372
081273
132391
000418
024624
060026
094765
015370
057788
040241
062089
102934
060101
023554
112255
048408
078526
119022
131991
045794
004773
130181
022376
076085
120718
021863
092826
106688
111561
065630
102260
127127
053790
099589
010683
052856
069754
007644
098799
089486
099570
002079
093928
127846
031273
095205
055066
002351
080916
100444
060061
031466
070276
029467
006376
076354
133680
107955
128443
080845
080632
061580
010564
002369
027836
060599
013085
010484
029258
121256
016098
052069
133592
096020
069103
128299
092648
083981
104566
116422
054450
044728
098907
094704
121975
001733
027046
033192
001325
087087
022781
050563
104749
072850
090177
101668
063114
065617
131710
055234
105346
011706
097338
067818
026164
086875
117923
114903
112409
009047
100495
064000
011986
056958
107420
110273
061314
046743
054879
083653
118400
067449
029876
036804
124387
031696
086766
000533
020936
022676
079813
055788
048487
103876
124522
093018
068412
003539
072670
112610
096303
020045
040261
104529
086344
113775
098264
103633
020477
080230
051558
040049
048283
096865
129647
000445
109565
111179
062679
069005
113572
123450
121103
118056
043242
123965
111088
018413
057889
013400
053487
117875
070014
022103
063180
059730
081279
092725
009237
086957
045584
071974
062058
051495
034154
046440
071967
126521
009267
069793
108277
043246
010327
107663
042731
028059
036829
082148
119974
092670
087716
044812
014927
106308
095372
096478
007826
043037
121782
066465
014122
032559
085041
064730
049845
042171
131196
109546
122756
127174
109172
101156
057113
075481
051072
094334
122404
077107
032182
032991
057743
099927
056214
102347
062200
108185
060691
067841
058317
027684
032788
101982
092422
005712
070007
096836
084040
097949
082293
076685
044434
065005
099000
049103
111042
116574
029047
030616
110883
101574
083453
044192
097027
075131
012071
015020
037449
009286
090048
114871
113739
030657
060940
133598
040890
085255
111905
057999
025612
119452
061565
053926
011065
097646
046280
038629
021697
072689
015046
029361
033098
057928
063187
080463
085966
129643
132915
047966
043552
016381
065417
100829
086269
064875
108303
014730
057758
063955
072810
097476
069961
096491
109137
125878
107435
108243
066770
118414
030412
058542
065995
039015
032970
035463
051926
051805
095329
092146
032986
094731
018480
098614
067726
049368
089144
023281
057115
057158
100611
035698
008337
098291
100473
077705
005313
056398
110101
011272
117947
036216
000850
045474
109167
081374
054061
023850
087918
020385
117344
119267
030999
066629
070474
066135
131391
055389
074112
081538
027798
097471
025569
005229
017199
074580
025187
045453
066280
103687
094021
085407
072323
068499
000463
078718
133350
021048
106538
083645
129388
098644
091005
133031
008790
130826
031576
093600
106982
115758
130582
116130
116092
068756
078739
026140
079473
024967
109180
099381
104421
083361
035500
002984
114682
130015
077915
047389
087590
068174
081814
093776
119268
032150
062538
026886
103618
045834
099384
028466
006369
110535
036042
048631
112385
108627
011365
012164
003907
084319
033269
092713
015636
075247
101050
032085
117196
060521
016376
117866
081480
102789
081440
128625
095928
047107
045731
093144
002622
016489
046145
001754
013888
099257
022799
084283
042278
043439
026738
027601
110321
071444
065023
031016
071832
077208
042479
022668
012854
103460
084681
000328
013645
025668
101609
106371
083611
030819
119146
004683
095809
120382
056912
124507
019637
044891
129515
114000
073593
052705
119205
075006
038984
123102
052513
073634
068367
096273
038757
074366
086868
086881
100583
124163
020300
003068
084416
035121
046381
019143
075873
101623
004557
049810
000427
018645
031115
085067
030300
116035
107694
097317
127424
049279
017107
033891
087903
032763
107056
001913
034021
113475
094170
122534
118947
002261
005279
123710
040100
116373
032911
114320
020009
127080
030179
025734
017250
003036
132081
055862
054890
100465
030645
052450
021763
046084
040349
066862
067456
098761
059498
012387
032552
072406
089414
111055
059673
127264
132173
017499
027186
024552
060931
109931
046295
122770
019225
118769
050519
130755
055112
099782
123151
035668
097537
042021
039001
056932
129406
105226
052292
111287
016618
031910
102045
013977
073716
104324
132180
129676
012170
067438
019814
026155
051494
044450
031722
024822
008615
069352
083238
027386
096751
064744
017950
072154
085571
115583
080859
085144
118211
076197
048786
067398
111418
118663
121754
079236
026302
123738
027537
054227
091408
049292
072251
026992
122896
021950
021641
093849
067324
038882
111050
039143
020299
049975
070565
133702
039885
053772
085632
124712
005521
074660
008037
111832
114901
059647
019157
081441
082494
047012
009729
033220
077691
005390
105871
133315
085543
104548
009738
025282
086345
032573
091993
124874
057234
055154
056110
024764
052260
026659
050469
054504
046580
036082
121974
128795
125277
053737
091706
130791
052641
103120
060085
079896
094534
048563
045848
076776
089280
087648
114857
035998
098112
026185
099352
032005
073368
077918
077326
058745
133715
029608
008703
018348
015747
085416
052549
042242
100810
022285
046586
072466
129183
017512
105760
058085
013703
009750
065210
053579
083375
107384
006789
075329
085904
019317
031145
069416
026893
022212
009928
066076
020466
044367
003852
031798
106511
131448
050984
092131
023354
090054
062502
121134
107246
100867
009542
126916
039261
055613
002367
131048
042503
041815
090556
040835
007258
029135
039770
070303
069995
009824
017164
060482
085393
090686
086278
036170
119605
036186
132064
084675
054960
012158
079486
025582
090735
014917
059313
087073
021355
119361
091543
023072
054615
114683
100647
071184
091124
115144
009454
030930
089412
045929
057047
124804
107758
060208
028402
104137
078320
031977
087146
107578
001194
040244
079503
052018
103549
091754
006217
092401
037407
014187
118328
118208
121175
018735
078572
077729
114351
053547
027675
101415
071609
025288
029306
043005
086256
098041
006423
100388
091957
111780
117747
093576
045815
027600
007630
108120
101756
059407
053124
091367
101885
052624
119219
121127
058870
053692
012885
045738
090979
131643
032786
069410
100441
106749
122039
066075
029878
054448
001906
078803
057800
002437
100537
053960
071458
132077
127932
035414
041896
037090
089671
107038
040400
011441
083982
035749
077697
126053
056114
074022
095881
084998
107476
107280
123078
028616
081008
097489
087635
129727
103888
124636
111275
062610
000169
117310
000007
035226
036833
019126
013842
098542
021100
080424
068516
007050
033033
069502
123691
052400
023873
060357
043077
084866
015905
102930
026334
040760
106973
128958
034146
092465
092535
058175
127413
065474
131544
131626
033889
012134
006267
108297
052964
041341
007391
075036
052398
010744
118771
015803
025178
044887
104940
050518
057311
044767
123715
084469
075098
000807
011268
014657
055961
074045
063222
061335
051749
131175
044082
093435
051205
065511
093770
071171
054122
046747
013854
102647
082949
031393
087592
041354
016751
088074
115466
027176
123933
103577
020058
085360
050595
128383
035027
039360
031698
051106
078603
068204
009449
078011
020937
132452
034475
051710
059476
019420
003286
047325
048187
097071
057238
060021
116578
043187
053573
007653
000688
049072
027061
110846
092430
116505
133149
111579
100621
008657
031864
003732
055688
125457
070134
027493
083998
050888
004719
027403
113646
087197
015019
116814
024268
101028
027730
098173
116364
127960
104509
062907
047311
101747
070282
048773
132876
034331
108538
007727
039578
048186
054220
122834
036794
003770
091355
050919
030448
023391
011895
032030
011455
015040
110197
095139
022307
035653
021263
042226
085980
066279
044600
002605
053728
101119
054694
046347
068169
114939
010864
096512
116956
041228
091366
106419
076004
069620
071961
078413
019805
115193
131479
029728
107378
109586
089152
085885
016164
045697
052987
122417
130778
103990
057431
051439
004126
024666
115707
000425
027565
100412
122556
129763
094679
042504
019653
043863
056470
030004
030232
023413
112865
054486
050165
122840
002486
095779
113780
049989
101357
086160
001235
059589
113770
030535
043492
064409
033367
049639
063674
005530
086130
094067
015298
071362
075675
105340
048781
054662
124580
051118
050927
117567
129627
044922
089528
061763
109147
092353
119488
133394
074850
101453
081020
056361
105807
104626
065857
010741
091092
062823
054078
032323
123176
010321
083409
035946
040793
093838
127650
090097
001927
089398
006548
116016
126732
059459
084252
001621
108280
095317
047916
080534
041345
073060
110038
032614
130167
072968
059253
124238
100615
038387
002327
102286
132461
074042
002879
028346
012138
085344
018592
011615
064399
073846
058779
082142
131760
037110
116021
073443
065937
063662
045918
094741
011364
092548
106443
001667
010964
129881
095784
030223
060006
028692
064492
124527
076645
114348
002971
030623
081498
076703
032403
125730
122579
084593
054289
048614
126374
086768
091940
039179
052314
116452
090982
003471
062559
082228
019866
013209
053634
082641
005015
115764
117781
094920
026183
110008
065379
035519
041450
106667
129782
097851
119403
057243
033485
117831
124910
070736
001038
020122
041104
051559
033994
125699
053228
007901
038358
006284
113733
007904
063404
018394
043145
057362
071314
040977
062197
048607
026834
030686
047504
074367
098725
097177
125228
114810
110172
123429
072885
111793
099096
068732
031737
053451
106387
050604
098969
017168
113701
063162
064873
080276
009656
066611
054599
055729
072050
100763
040490
021108
030950
019554
080755
129760
101625
129656
037570
023874
029174
094525
122425
049013
005205
021441
015134
001284
064647
123923
050747
055391
095347
059629
105472
047589
110491
049976
008321
021603
018708
093874
062106
133051
096118
004507
096668
052038
026195
026152
073446
114906
045497
109380
113189
018312
105036
047874
091727
020455
092915
055003
029139
012033
028829
033915
044698
047608
087222
065250
020635
020426
103763
001072
065112
027232
067479
060746
055107
115390
068415
036714
088509
086370
038985
060985
127067
054590
074170
046515
107170
046661
132392
024927
031637
085483
065716
004111
132283
110438
132785
008511
011417
131125
083251
117051
023061
041067
002345
063644
018023
056280
109810
118418
035410
033899
125332
102156
104543
035562
087981
121693
064978
060018
048028
047462
119151
083652
016693
036123
105273
120262
082869
114764
074757
100555
055662
104311
075925
120981
016884
124764
044910
110057
034126
117845
116852
046060
043772
000962
091811
127563
046740
003783
095453
043973
107510
022917
105599
059074
061380
106334
053373
008803
116569
077051
059611
045248
066040
066149
008848
013801
114361
069168
012365
119677
066691
077648
070606
011712
019617
053302
028507
080578
093535
042140
098537
071757
066948
005270
126015
009097
079214
085592
020247
133458
107684
002241
077732
000430
065797
092514
101544
085664
048126
055880
060787
100047
035530
035118
017902
039328
032226
124422
038677
095736
094942
115384
016488
036412
006014
040740
101440
055677
004152
104517
004678
133324
040038
016729
006580
006010
055095
063719
064416
004143
033920
118632
100868
128328
097816
015169
025903
025864
114527
118477
009901
016536
044646
061397
034201
022627
045361
046301
061389
112262
076817
020552
067938
117628
132102
097879
086242
107301
078889
038176
017128
075348
043040
119437
110181
082391
027294
055996
110043
084978
024069
004287
023845
031447
096322
122093
082936
004469
034978
111053
126451
131489
032819
107441
054139
085215
061130
066974
033739
073522
081709
105064
046907
000862
065380
122076
127217
016759
099535
024700
094029
050466
107705
060266
043860
058443
000274
118292
058446
051695
004584
039674
105261
114260
023178
014278
105270
126505
072449
114237
120778
129970
005739
119900
033306
087224
040183
068614
076783
118999
003133
104950
082461
038626
095359
080686
013092
018588
057233
026341
126668
118267
050145
123695
104409
118987
020831
088376
010391
108841
021887
125040
014782
092230
117267
017633
116184
130341
130587
097723
036695
126735
052780
125386
006598
056871
069590
130416
030364
116100
028569
059114
026115
063787
017007
099600
013139
120909
016168
010538
127116
094778
073738
050299
130724
073139
053978
034035
045902
080605
079488
010724
100072
036211
121697
124840
117173
009600
123488
035383
105494
105506
069719
087929
056791
066427
116173
046120
055000
014902
043834
038643
065048
070641
018001
002660
007045
114026
043262
065682
090532
036742
022670
017812
040667
063159
017261
046897
032087
086522
007638
083020
054098
077401
110199
123181
122710
057623
107134
041219
122167
123985
013526
069753
076305
018330
120003
010525
008138
012687
050347
086543
118219
105243
057838
106051
050612
019670
070589
130046
022765
008593
039444
003792
085412
102658
029080
098360
067991
043446
131359
032480
041210
094340
070502
025696
039175
087198
056970
119774
018596
049878
133046
129565
105507
109774
110119
016779
133558
004190
044375
020968
003196
108514
065877
109281
009852
119102
098531
016960
097459
101439
049153
038965
036021
057467
027514
094965
004275
024664
079428
027002
081393
025662
083460
024968
072188
124490
116488
101486
019495
029393
015489
107654
108738
108335
113767
029262
109922
128034
021761
081372
093007
103447
025700
060138
001062
098866
012066
062223
042717
046154
108371
035218
070177
064033
070514
009898
108167
066411
061072
130975
005066
074620
108014
077313
004747
081107
102265
127708
132289
124295
031474
033422
110399
049435
089837
124988
100250
070515
112809
099681
115472
000860
012080
108488
038654
058552
107152
116252
016272
049853
101052
052487
077128
023532
043054
052108
066630
072149
104545
034254
056911
004662
030417
005921
075981
020268
109486
087221
115274
007990
057543
025445
063984
104812
008872
039327
094684
033040
053316
027112
041707
018009
017609
064953
119141
003217
080085
064220
057104
001047
067336
050639
119520
109309
057187
073290
083880
061256
058127
080244
110603
033350
069384
116166
069956
000995
106879
132303
126066
060794
057407
094564
032880
034781
130001
079286
024152
090389
128109
045524
040402
084651
105145
062063
014262
080275
114657
122405
011661
092598
031146
118379
027529
065340
041392
080144
028140
011234
094836
007501
000883
093858
048505
000596
126124
050217
035087
087589
115102
040528
010522
037199
121843
055477
012730
044167
132801
015716
066307
013451
005072
082647
050903
022893
132087
031913
126608
066039
033529
083681
073141
119824
032070
059515
053340
058320
108108
115137
019829
035806
065635
022440
021855
095582
114292
068018
031180
082547
064511
093766
015555
014296
123963
024818
117090
059382
102357
083760
129678
004075
127958
023540
040806
130106
060011
003444
081437
085274
109048
113955
030160
062849
032811
044620
121695
132976
089650
057465
049349
086211
002490
034529
026955
118729
113143
072614
116344
033342
035074
020076
121097
092873
112116
067375
112666
126876
079810
079032
103672
108158
102040
119871
034315
096278
079536
133605
066012
081582
085532
048338
123318
069814
050041
026676
089857
034507
071620
005290
002427
019686
011673
048344
099739
032476
060022
063235
076770
078030
017992
048480
061414
009913
082887
123658
083444
062400
026114
053518
034830
085021
108115
126484
005800
090077
110553
031562
069455
015708
017266
015770
116161
033914
100466
004592
070086
005389
050955
099569
101063
114221
108366
005830
068551
097218
091918
129872
113925
020007
073754
109752
029368
042402
118207
000734
013891
050079
075122
043774
047955
127100
119614
029282
070328
016526
047883
125838
104565
100360
030792
096992
115695
127367
010230
085488
032430
119467
117531
010795
059910
119363
110196
074408
077039
093726
049970
099221
068750
109008
007689
037832
125834
074522
099744
019332
065684
064397
003824
065612
025021
011170
042996
016425
072506
058052
073764
117334
058177
113229
120190
109420
012023
080876
121225
022594
105875
123193
023424
093607
075257
094914
130875
100814
018495
010266
130615
031866
011398
029392
102773
098388
080246
090121
080990
090569
092447
091925
096411
080537
056650
105428
077886
131947
003246
128384
110053
101953
048880
049549
026321
027820
032867
074386
019349
108666
057505
057300
015576
094561
000575
053754
091085
044882
064199
007948
038300
050502
069228
088904
058528
036411
043708
005404
069429
070056
064184
105315
016956
059596
009306
089616
073684
058287
108961
085916
059861
060192
069206
065523
107575
011407
031902
012206
003128
000088
106628
099164
069541
013817
043996
078313
125847
113616
123704
054908
004062
122671
086521
071446
039027
070190
031595
124655
090767
105176
017918
113974
076024
111205
102785
042302
032598
032556
045455
054775
101786
045813
099945
023638
107268
056990
130347
051648
047211
025895
028428
002519
009816
069006
122261
069487
122715
024225
010515
034403
003924
121789
036244
119645
067136
018584
100435
082590
078615
062479
108075
076025
065498
007867
121729
088154
000192
048243
047141
055486
009090
004690
124068
030866
058638
045651
015608
034748
018944
010888
077624
071389
131654
044190
019666
052648
009977
064631
067650
014258
130562
011657
033492
066127
092280
056853
011538
075005
030307
047274
067074
040903
048310
012392
126498
011865
006800
001956
131548
121862
030593
118630
046991
092224
013359
049051
067957
098067
125030
080668
077062
086237
121765
068460
057821
127402
002759
119380
045162
101531
043245
130197
050988
077439
048851
114140
052128
132583
031967
107515
093420
027920
102536
092896
092680
095746
002207
006358
036510
094913
035287
013498
120908
090355
097838
100942
015471
010518
028159
125196
009866
009216
122920
019183
102395
040546
081157
075045
113674
024810
055018
101515
132255
008218
114129
032747
097718
083264
041475
084832
061045
117549
117342
074054
102317
056604
114651
102517
046020
097139
000143
122436
090563
095291
128448
106629
110337
017832
000179
096893
121356
132600
045832
036212
015660
111242
088459
101872
005103
054527
120884
091039
100916
026684
126692
044834
053320
014641
105907
108717
117455
086343
023213
041370
104464
010169
052238
050769
124273
054277
092971
124667
096418
099268
008918
100781
125169
103606
028580
058326
053057
111739
068175
094434
085063
083695
053474
018479
067355
027342
024933
098199
050631
068045
109491
045049
102007
030046
086731
005305
074766
017914
130495
003050
041483
038007
041927
116093
105008
108720
032325
023333
041659
066747
105282
091340
093174
034833
103236
062840
085276
088940
025130
072778
074067
056330
041604
029981
010728
092111
059793
085977
071222
039469
048877
028759
091746
100806
117005
059985
010710
059448
117725
064725
107221
002165
094364
078535
017131
032397
037956
071371
080326
032735
019424
004280
103708
098961
016041
010778
033465
007491
129792
130663
050179
092604
112685
046603
115189
116756
020107
055159
036628
121128
045709
098548
116514
053447
119772
007221
091926
049763
033301
033264
083106
127087
041480
084826
071645
067697
041786
056627
053130
051082
026811
092518
043685
095568
035840
022317
124989
030681
024514
037376
129171
099197
058519
007118
043534
113740
099247
049247
045772
094964
060145
123980
005689
098984
052379
004777
084098
041138
030057
050579
008972
086285
070133
019456
046290
132552
059570
020336
096136
116073
012823
113208
036206
092380
058349
123448
036112
092702
030922
119177
044046
031953
035207
034402
060962
108163
113517
103183
046328
030129
129631
106498
015165
012155
115946
125925
128013
096120
034190
108933
119331
058739
109748
112641
017392
094253
020087
033654
115201
019264
109496
071564
074514
133066
031623
026385
061833
004181
107208
040430
100120
068775
084256
007673
121479
001351
010177
121129
114528
089521
091321
029702
058119
070291
003903
007769
061018
034168
047766
062807
023366
029738
024364
033999
078319
063816
068422
043616
009929
094450
064250
003179
035999
005940
065912
070310
109635
106427
107276
015853
037528
098209
048392
128512
083105
121721
125389
009895
088023
062215
116233
094393
033381
080536
003182
084559
127244
101895
022072
026556
061418
124995
047085
089548
061512
059347
027320
048840
115255
081688
129103
085275
096691
096113
018529
020554
003329
012291
027263
001730
035949
117575
127706
024846
098299
066840
108817
064964
110587
065889
015314
088240
012258
124753
006708
047405
113919
016062
020669
010377
095752
018224
008854
045829
081257
050394
006354
051999
008806
072513
089370
082768
068309
101051
081883
029653
128587
022749
008092
020873
023747
011199
080354
104934
093975
058196
061912
067211
000198
097406
084227
048824
062505
086486
130543
014546
106934
129806
133054
047998
042102
000713
022638
027182
110773
023636
075433
072832
044096
087321
045209
122872
115094
027051
112706
058692
015662
121947
101413
109163
009082
131301
034305
026382
131856
042003
029202
035003
021541
000068
096905
101269
018386
087622
091528
105126
055694
131663
041414
051002
049161
114865
109427
029203
049234
047467
081236
026353
038119
042315
108559
066573
006544
074171
057106
109379
039446
014829
060979
033129
095328
001485
038413
130881
127454
003462
073572
077597
114966
008167
098025
113965
083651
107402
024041
032557
030734
042775
105152
095482
051023
116853
073267
043367
078892
104854
025146
127908
130148
080874
066904
114422
020701
055295
126604
127335
084942
061783
006912
017209
036915
089505
026525
015374
085847
015368
061860
094468
124435
019619
049120
123092
049030
092525
030301
085169
018424
129923
006407
055326
018729
031140
129521
081725
055191
060612
120731
028556
110930
043515
012483
106555
059107
104609
080227
074084
121040
095374
065940
061307
102880
041388
017981
126255
001684
022641
057046
117155
120797
019985
103535
112481
032981
063190
097877
087596
093443
012895
042875
053660
086373
050863
099770
031541
009075
088391
058648
127294
034186
101183
108631
002619
040364
049497
023832
032955
111930
074208
130140
077622
125895
087257
010197
026844
026344
000357
028266
013052
094774
097523
123539
125819
007652
032882
011756
081930
012002
070347
016405
007798
063133
049777
020984
093095
071825
002228
022122
113839
009595
045313
050743
022323
040279
060328
034423
049764
106903
107752
029134
053901
018682
116405
043125
075439
016548
000356
119245
056731
007977
106500
120912
004666
127742
077251
054186
000446
130344
122998
016520
021656
056038
112127
062124
128833
131088
059123
099597
037415
039147
030713
128496
129784
034013
029133
099309
050339
009535
001394
113836
049862
011969
121006
116728
067082
029370
105502
081587
061692
086076
130477
003084
027357
130177
100826
046749
069136
018345
090237
015487
030972
033585
093187
075449
065763
125047
006108
046602
046041
085484
125370
104593
113433
023048
078581
004679
092174
015221
104098
047833
130659
090442
059523
111345
007669
133787
014419
129730
133676
096415
114423
101657
047512
080054
123210
067154
018370
089443
084977
107782
111720
013808
031442
040302
019733
072169
059205
088105
081271
129898
058601
090272
056760
020056
108512
056304
043342
123681
102431
122041
033975
104574
107929
006914
029771
079722
057327
011147
120798
125542
100807
119097
049736
076632
034336
018109
056856
105932
131706
031549
078208
112153
085586
030862
133407
039031
045060
060334
029642
046836
091920
008675
120297
008228
090388
118294
027689
022342
048393
075042
022486
074744
095902
064174
100856
037967
082901
075144
061017
014913
095747
106472
115612
110028
074923
100721
078375
116126
055795
006759
078764
128470
091914
073293
058204
133457
022460
119014
124285
121042
008188
017597
076818
105712
086281
117706
091023
055175
048349
096508
123094
089331
128884
085696
008502
034923
100725
071412
023989
015272
106619
116239
052966
011587
028373
133062
001915
127929
079689
030476
078562
084867
085482
114460
096397
009871
023921
106048
033032
055923
020689
113028
075359
103955
046979
111763
000085
100299
090103
132903
056937
007839
043536
056925
017396
061748
062039
061023
095362
005834
094989
122672
106161
048561
049094
119635
033713
100561
026755
076927
067618
092377
107451
004077
128366
108184
016173
033770
127324
057260
125555
070981
100706
054215
063109
065283
085558
120001
071948
042180
131303
104856
098521
106049
119020
085528
064878
092021
077360
063988
068533
050356
097506
056232
070727
033414
099318
043310
044544
123428
021962
093733
035642
039916
095559
063069
098679
000378
084351
130295
086476
072087
109661
094217
066875
016835
111702
033341
131060
044495
080176
016754
090611
010939
066592
130901
050771
063793
029960
016940
048632
014759
127404
011749
005573
039927
119880
046126
040463
114627
071636
027430
130673
127338
057275
079427
054261
097596
005992
096403
056917
073813
053981
022410
098022
086671
080380
021547
039307
059242
015145
007155
029044
093114
021086
028990
053179
088766
034274
031511
126400
116512
092217
002372
118146
125603
103927
009748
020035
125715
053323
061583
113252
077685
056065
015828
107552
038088
000585
116666
093218
004091
020563
007433
037204
126704
057859
072070
043766
082136
023988
114701
053297
047245
048420
108288
131983
038219
065607
011688
030523
116654
107393
098505
029572
011603
013654
116506
099493
099548
108336
116149
066525
013094
075604
125675
130846
121052
022058
057508
113425
023469
130578
126980
093882
111170
079642
052273
075931
056301
108202
057197
070464
111824
056991
073907
000041
009497
000366
117884
074278
042261
090749
064608
076810
058597
081726
100468
011562
061813
089931
027314
121345
033317
017625
127465
114437
063142
099020
083649
003006
074965
129466
129449
024596
071138
077804
096462
087292
125010
065453
000082
015358
085411
003734
125037
063137
017518
058581
031513
029789
016727
020166
030518
081626
021713
048760
096591
101919
048960
125820
090236
002386
086196
026397
094688
058926
010181
111833
116850
050883
124082
057354
083920
116111
032737
018164
130293
047590
121851
123935
069684
132023
089726
097257
128275
117780
004403
062110
056316
052113
094723
119675
015948
029014
038826
016954
102257
108801
075836
026333
062893
027331
019262
121834
018102
038653
122906
065909
100954
066540
020528
066431
090362
063698
021526
071165
089823
068974
053983
132892
025253
131560
031326
056703
072307
065880
068959
017399
061288
099229
084970
076849
128731
020935
029388
006748
037804
104884
012017
111637
067439
002435
059326
129455
024936
114738
122073
024891
008120
104019
065151
113686
026081
085249
104806
011191
121173
041821
024644
091017
131962
057384
103938
106806
065207
066023
098200
023185
042158
043902
011038
128359
116331
049237
045611
084744
062040
013378
130491
040548
044802
108926
098262
098305
122317
012413
006395
045205
053913
088465
041873
076795
079171
020500
129950
003132
060519
063538
102450
041316
129574
072415
027518
124342
057810
011959
013109
132997
074924
014115
011653
014909
042169
075170
021922
030656
032916
015634
008297
027840
036447
063950
054194
109124
053778
059634
060798
030904
074504
060064
105662
020950
116313
083262
084282
096433
046303
076998
009077
070218
108707
030140
074763
033777
027023
000232
028021
115454
044184
107352
003261
067067
029007
069405
045580
012498
072862
120503
068546
033130
076307
129067
090481
025924
070223
058146
064011
128399
062469
091139
034285
114285
103315
014134
112324
051877
044048
035847
065725
014096
108204
031507
091538
073397
102585
129654
088695
105536
107616
016702
102455
019210
100877
026655
111475
108642
051903
051840
111963
099260
050235
125793
006975
069194
017213
061245
084215
075004
106814
104455
075629
079177
095077
006890
006738
103875
026408
130992
001355
020481
014820
026498
029212
123765
014724
130080
112620
030220
051393
005523
123458
036011
080405
076375
063233
041832
022282
018882
005064
017494
040922
065368
010126
100890
129360
055079
057627
116437
013067
077315
069779
005808
025669
070045
110222
115235
000970
094682
052804
042069
028995
068159
048831
124002
033225
124028
090076
063122
035660
083150
018909
036561
086530
065850
131338
116581
068494
016386
097528
129002
025527
061325
004219
106010
079956
024524
123204
096402
064211
115822
020022
016816
068435
004404
030058
121059
058908
119567
028566
010934
121292
089919
043759
010968
116940
044652
001283
120548
018005
132944
125795
114314
075500
022679
122689
011486
093203
070041
126365
030929
012261
106467
022767
133667
113492
090854
065078
022471
039004
060253
076521
002038
036115
009351
064425
062802
073741
126737
108207
090137
116076
020408
033806
079836
039372
048160
048110
089618
068449
120478
098982
073979
015692
064499
009251
034335
062183
087065
068986
003583
116958
101414
080417
083481
079530
010697
073682
069671
001033
017307
126779
054530
028054
111899
087675
073074
035273
087047
023073
053606
123309
092029
110937
061829
056764
022402
127807
091635
070810
118331
068372
091947
128016
051963
041100
057188
054465
042004
129759
033371
048705
065050
132628
018616
107631
105122
004263
055202
002710
089417
056289
036130
064962
121873
071747
096080
129523
035911
093746
100471
046572
045589
037414
093516
126286
109308
006421
075420
124756
057797
071823
132247
016991
006009
106412
095065
119199
079618
093017
082585
112498
125292
034660
063288
125885
048700
130411
131155
037493
014259
015152
045329
032852
083098
063396
039122
075085
062426
014542
070493
014212
014568
089915
093044
089648
076202
025589
040598
054452
034994
057650
092541
008014
045903
064486
064296
093427
120235
005619
074701
055482
008406
126960
019361
111494
089076
025724
015473
013948
003911
034287
004453
126520
103115
050746
001507
042181
109634
112356
129789
083529
052857
120008
122466
009202
125883
133870
052810
032198
019519
104580
125435
081322
024445
127208
013125
125405
086490
056226
085629
009529
032839
000438
083634
051808
088170
112867
090525
104844
047384
029045
131752
043871
012894
015711
093567
059718
033046
089917
062888
051801
128749
051789
053910
117574
103939
061029
039177
091977
116242
050440
111398
069630
101469
057912
035306
036237
096740
098099
101049
080029
119911
007666
074059
109554
064164
036309
007246
055607
101768
008876
099405
104388
077888
115442
055446
113031
118641
114415
052339
106222
025110
017344
022503
097256
122431
118032
056075
078009
046785
021604
086634
127185
121396
076576
086041
124353
082263
005817
010661
016518
106506
059236
096432
002234
074520
119653
101377
001920
086651
099851
116069
052507
003946
041869
085174
050074
109162
127864
099426
127940
091567
085217
045804
117303
065714
094631
012651
007254
127077
001043
025074
003000
007436
103086
035919
068008
063917
109273
038911
087725
112689
003594
132686
128105
016422
079361
068731
015667
063673
052058
022167
085894
090963
069477
066106
106093
091134
046738
058858
100440
106336
109949
082165
010473
089602
096313
051857
057452
055957
133343
002885
057121
043174
004354
085236
056553
015426
023334
001036
099578
104439
079879
081336
053234
012175
029649
003799
121638
055310
058406
054187
126727
014528
004417
045806
033088
051852
014488
030702
070733
094063
110250
018108
047403
053970
066478
120926
094210
057041
059919
001449
114344
056940
057264
043760
086883
096540
024581
021997
040693
054171
002812
105059
007346
012583
030069
131173
133254
126736
120442
041468
114097
087128
044338
000893
111394
089073
114193
059617
064291
102948
026733
061946
112647
110537
026796
133415
080942
055218
004597
105031
110234
040787
115095
111914
043370
105210
025039
018052
014243
007978
046165
030894
004987
004826
048117
128514
014632
015055
066073
031546
026202
047258
050374
036054
075896
035632
118794
013637
022053
124411
106543
010738
037132
070080
040975
129766
008435
071405
130250
095770
101452
037167
085395
040937
042574
089303
101386
128743
128855
081122
055654
122335
100922
093173
045612
104438
076496
089149
006215
069971
005144
021578
043621
024285
015738
027030
006943
111000
057834
053939
039374
035958
092876
116610
006351
086387
089078
052719
069533
094339
049831
032096
018462
086403
011109
036059
023684
069331
032339
059684
125742
123471
015189
120428
035723
081069
065983
119223
120274
083136
080987
005068
039376
072626
075405
084950
007739
054224
011613
022686
060277
097206
031970
021059
086701
008112
101893
016211
081159
026920
069505
067222
117960
051675
034170
112642
058328
047067
004195
116346
092440
048811
044133
059661
010706
023417
108548
083412
122659
099146
043876
082813
010679
081855
076979
100024
126421
133148
095271
005675
073067
049760
008993
061344
066287
016692
066257
121758
032342
066258
105060
106332
086400
121124
119570
059039
069743
067399
050951
042083
064685
026290
123096
006931
074132
096793
078992
046086
097850
060531
028708
086188
070526
124985
026417
009751
029170
126311
037877
089793
073140
049873
086022
014940
104422
002036
094226
011988
084352
056910
063819
056068
082344
116387
047849
130972
029070
009531
092995
123008
131478
102821
116572
033346
009567
000330
072236
001885
010563
099723
132083
034326
113969
000400
115490
017362
060777
069191
121068
003267
066361
051649
112636
013493
067840
104310
049926
071350
118522
086675
094028
128486
024603
050064
091676
037023
060944
011745
044909
094738
051762
076061
074978
053864
014053
033417
125636
060996
021755
121299
024258
130128
095012
047076
010185
055721
101780
111757
039840
036518
041871
046315
111583
017805
099997
068774
031797
007590
119626
036668
057986
022259
027027
097116
014559
014101
004083
111359
040634
108753
093539
028558
084964
116607
036936
125572
088630
044084
053571
061755
081545
036064
068648
000133
099387
053905
077731
118045
076724
056614
099227
061974
090747
061935
098705
101289
068902
127180
072835
043745
101897
100532
130848
054308
085256
016588
007042
126885
072209
107597
096486
042471
007913
110625
037598
074101
001200
034602
088258
125904
029225
019228
090456
118889
019671
018540
111817
052019
022113
092166
083096
023111
101072
055423
011514
062256
115923
132537
063887
051536
044464
132066
011195
078206
041508
028199
132495
002307
030257
096100
076694
098050
097802
040137
122333
093629
031353
047718
123744
121630
122702
076757
074684
109622
074245
084271
007248
017040
125677
047342
124759
065058
040649
048512
099037
061859
089015
112146
015955
127811
042435
045946
119679
103431
056349
108741
094676
102534
026720
110964
060980
020053
102159
083882
069778
017334
079264
037938
092737
046362
045185
092880
032432
054585
093334
060355
057549
062703
108842
104159
042332
042967
003881
094533
053088
050009
042081
002692
125285
005865
128326
009313
092994
033311
010380
096974
048276
059613
116263
101804
104226
038996
063818
045613
050104
083979
031155
124473
094873
032197
120931
119694
034775
036920
117584
088380
003344
032702
031606
118128
053331
075060
091009
065220
015914
066961
043798
061682
074325
085152
105576
010481
043967
047580
026420
043253
018684
126545
111227
081630
132031
050214
085128
089601
040249
107131
013673
060989
086854
071239
053050
076885
018718
009953
066944
120891
076683
122301
022119
003874
060450
121310
023730
042040
098094
059182
010480
024321
004405
002563
074266
019351
098272
027275
063089
061225
070415
129928
007434
075781
049864
106040
084466
008429
092991
045400
112478
033474
129052
082191
024207
045956
061222
070081
121132
063102
027462
057061
071304
022175
129083
030095
117644
017337
075477
027009
055577
051173
117418
085995
116621
026577
043736
117085
128629
084872
030241
088053
026547
003315
023108
123689
052265
072155
068612
065033
035289
026416
051443
016398
128285
005384
112613
105646
057246
072812
097036
026932
059444
106289
051033
049246
087554
021029
070274
049805
057027
047885
094048
124210
092037
026368
014683
036146
042475
120996
106959
011192
056058
133728
110997
023327
007428
048999
131094
124066
062697
057954
114561
132169
053157
073987
110585
033598
065232
076826
072530
021693
092980
092512
120521
071139
096707
045008
059331
123384
036148
123906
077108
082167
125610
058821
112663
088268
088896
047416
009058
093588
003372
040346
056563
102174
031563
130874
004934
097927
025230
017607
073692
063764
080683
055967
062092
020556
078555
039650
021963
011449
103353
051862
052186
033127
085368
046021
085475
094013
093566
005274
062480
089842
022715
017828
024455
062186
099115
100953
008691
021999
029293
020781
081591
116625
115865
050381
025672
008700
045510
074634
100105
036026
113957
125044
074130
044857
097832
061057
045746
043305
121719
115349
004923
107991
024171
039891
060267
126675
119986
055058
023162
010527
026786
034502
006145
099415
074382
070079
056781
035564
063801
026998
047330
133151
131131
034545
121401
102950
123654
008078
086043
040470
089918
091826
121377
021403
081313
080112
028461
093663
075037
062770
076411
003736
099760
122396
016682
026590
074931
058517
083908
009201
004081
000465
107133
105487
010120
106595
021739
023896
010796
130664
034080
050607
007756
094262
075379
102386
075426
092289
125676
013707
038388
057229
110031
041349
099629
052860
012969
114219
114036
098823
110942
069921
052924
093249
091664
022263
127611
056420
095758
084961
035275
075678
126171
128858
100075
001041
074075
048299
074668
048499
099610
023434
060784
048711
020584
052047
093987
012264
015653
065157
130051
071875
085542
106272
010343
032731
124677
121883
094080
032883
025343
047975
121533
125782
017251
130933
050371
032850
112331
026089
065925
061140
074967
032960
109561
004182
124416
129842
036512
094194
126058
082029
071445
030288
059976
124518
100813
040406
130320
118631
012161
000704
023995
018442
058261
031950
015966
062158
078391
130486
072930
006579
086640
110020
050729
082087
086099
031044
107618
043904
046769
034431
047709
051761
081676
062815
072231
025008
097886
041884
060288
052387
004474
003620
105660
072735
041754
023958
060229
069309
022903
123751
101083
133303
128545
010458
013976
031389
074051
043762
035948
066511
035643
062441
039112
072124
024833
109694
086596
053802
012001
010299
057026
102556
008021
122118
021092
061404
129721
074960
080355
021708
034905
117330
039266
012552
029132
096515
050775
067980
054866
083477
114174
105458
129895
072629
034984
101873
057165
058656
047638
028542
006769
129350
029414
111959
074774
108948
019192
027562
131384
095926
097490
029576
048587
087291
092678
067325
001389
117301
048894
097595
129737
032571
084328
036678
090964
040281
057582
083324
118857
015033
051582
095256
030810
098940
024904
023432
086264
069920
006053
106290
011866
022016
007260
049022
035672
126241
023237
020387
130684
011468
021385
074529
067739
031808
016402
099839
049099
037276
106554
124766
085023
106339
041340
133146
085651
010396
005123
022347
115166
033402
107647
061341
111669
013179
101943
097513
074953
045507
014161
056697
022911
107596
052490
014520
057980
081679
116783
131324
116551
014494
101456
001962
116278
113983
101942
130204
121753
105479
053605
097617
027418
025127
063714
028416
035941
096924
064688
128969
064649
115275
065551
039355
120942
116869
095828
033070
059463
100552
048755
003675
025882
102183
004643
131928
019830
059359
130611
013652
115089
105745
082606
085719
072014
061540
023884
070845
031283
033373
032184
088847
074298
081025
012491
034505
077118
075466
059920
022742
030742
126361
039520
102303
072533
002280
020988
017962
011699
089868
133143
012369
038262
098606
036062
080938
126534
129093
000453
124177
093583
043477
128232
009784
023235
014231
001660
048707
130408
085914
048870
129117
016517
066800
071308
029956
117612
037068
062447
018206
076479
108388
010044
092975
051018
100456
077721
089542
078197
101541
002186
074221
050097
021939
108802
047260
035055
062180
061340
026323
055535
036133
053987
048532
080320
009541
017423
036168
024592
082747
061538
044963
110036
031210
033888
007582
130732
020055
047595
078851
091452
108987
045382
058633
100658
072099
061077
007811
066013
105230
060331
028219
025409
115186
075032
106966
062874
124333
061015
007049
039852
075134
074236
074515
060865
091916
011778
120602
124885
025124
005754
075162
019759
108938
025687
065503
048285
026513
133376
109185
118185
095885
045073
122322
127250
111925
052768
038523
058154
077343
078951
089739
107586
128877
062686
028819
026412
053469
114861
033795
101784
106815
036398
128065
002838
120739
027425
033820
075436
034408
093339
077359
052570
045837
012420
028952
050295
054052
098168
046763
040192
130017
106367
025780
095218
112417
027500
117425
047902
116847
044782
083471
043513
021243
022241
047242
074259
099798
127631
056167
078549
090463
083064
106193
015887
036910
028071
039073
035605
044442
126075
062431
019468
016203
107094
065166
031982
082871
094703
033510
055457
129925
082814
092234
042387
066017
079394
055320
026274
075853
056960
089371
125252
125414
013916
119274
090342
129827
030316
034972
072381
089550
021412
075676
075289
092351
030468
017202
096883
070613
047050
040737
122051
048099
096571
042489
066110
040077
084105
030812
064580
019339
121756
130816
026199
065344
053915
098004
043131
063461
116238
025018
073612
065459
021800
014526
125478
032178
067837
127899
062085
100923
006817
069415
064680
010463
045311
130715
025615
068781
094034
077162
089724
074436
132444
123666
121349
045271
063789
024871
090421
056606
078304
126252
124932
026032
085949
117305
054670
060224
114171
133337
006058
067797
004712
092862
089401
066290
051277
096332
109111
065512
043548
079510
069941
033790
131989
016260
130047
074527
131153
040962
016141
063053
104460
044156
026508
011726
133744
081955
103389
123974
076417
011278
027712
118196
056455
081286
088525
005935
028221
036400
091909
063054
064589
110867
037403
104724
059195
042153
019840
048729
047098
075372
054457
025462
034151
018366
043775
013550
000195
001369
115926
117954
001535
089816
040940
043292
059616
120242
099002
127237
111199
048547
044921
051873
061254
068739
104877
067499
115319
133418
101796
122297
019188
028630
083056
024752
083654
046652
027201
025750
129690
035472
077783
116682
094649
028624
038876
013100
101979
025583
063886
117462
030704
036921
049866
064214
106507
006946
057790
092484
131912
031814
064245
098270
112459
035309
098110
063663
066515
109246
097948
009602
093255
129752
132300
106422
061599
129744
039693
060479
102851
100673
003514
065960
034629
003715
116150
041283
029296
107210
015757
096129
100040
032295
078532
101777
127928
047013
068938
123456
104622
090299
086974
125473
047600
034243
092233
060756
087819
004792
125731
026060
089810
029398
069838
102725
021407
074041
094662
119397
061457
055115
126553
132803
101078
041216
052516
050468
006589
043485
090002
064967
040705
126112
067502
049824
070580
037791
119063
129897
118776
112584
093958
041685
109610
132276
131103
033270
036028
018017
091896
091428
004883
009941
005919
118907
040554
054872
118214
052702
045930
027721
102642
051655
047999
047584
101467
111154
012898
020042
048979
086767
088775
065209
100571
092663
087064
102003
090368
118931
118927
107158
005321
095224
021932
020492
089849
090937
077987
008504
021490
072162
090326
119857
086376
028254
132433
032762
080857
098159
133109
009418
065692
043202
107213
001128
133441
117351
051989
033765
093231
088543
121535
080720
044466
132304
013075
029509
105142
062036
041347
058983
055307
080620
013410
108228
040660
119364
056050
051980
120952
011774
038081
021601
052742
072040
077925
071388
031530
033659
129549
095790
030808
016180
005894
024907
105570
125530
101896
040373
092656
061533
049527
111223
031951
043084
118979
004729
044908
047786
054439
011375
081006
125133
077584
086136
117093
121058
117065
132918
011764
007244
109127
026851
054999
047541
117797
054278
005753
013062
030336
130332
072636
026237
104966
117696
069463
031309
004694
068987
069680
059939
125614
069285
069611
030548
046391
079932
016487
127525
064395
052289
098258
104992
014582
102166
021469
040618
102447
039934
080295
059015
112473
063206
119492
098919
006529
073122
022673
079843
010447
065805
068603
122786
010445
027564
002821
083397
023639
064342
057181
103620
131456
047548
015043
120401
032477
085259
110003
016368
127179
028162
125687
042876
063785
010469
084167
054158
099848
079435
100142
109108
107113
130728
130345
023710
031502
103359
095343
020504
095618
015056
130979
077777
105178
039214
021450
112697
046643
014771
073559
077700
097111
085352
066365
058067
043657
051579
043639
103621
115441
016854
048800
013741
097411
015564
116585
098223
025664
051600
048731
023860
125320
057049
047875
023959
009081
107625
118664
012168
070644
080209
132668
056982
112325
126285
094310
104911
038892
027095
102345
036972
093042
086588
122721
112208
119411
099256
124169
106709
023270
015680
096983
048156
039947
070215
007523
108958
081317
082915
012036
130253
089377
002024
018230
041650
016049
057707
083647
086218
081592
107266
087901
100487
104592
049317
103820
003234
055772
101477
044127
041014
009873
097982
053687
014989
034039
116993
046882
022675
030453
030234
020803
122805
081011
020021
102302
026565
058796
029475
129099
034204
097551
121961
007124
102971
124199
096341
042015
042270
039604
102476
102922
091430
121092
109173
058449
053849
005119
061625
045282
119464
070140
129461
096446
127983
088967
008302
114076
119730
021347
105431
074307
024511
118997
070161
042531
009827
009872
027722
073354
124373
077904
099277
118607
123750
076337
040417
119996
109637
108869
020799
115432
077164
112005
105014
008001
050276
118993
038220
069475
006397
029647
102756
094040
003073
123702
048481
018737
102669
052601
040166
084172
133650
080199
053224
045976
083573
107251
023750
093085
005084
010910
080311
046641
078495
109229
093370
099108
052306
063645
070876
100804
095219
123887
072945
087655
092835
109009
129947
094211
053690
078952
064890
042765
033468
096362
114190
111585
060898
074758
098980
096652
076104
077364
118261
030624
104850
124877
090711
028712
018567
050317
021349
098519
037487
103991
108564
051520
060969
124911
024204
100507
071122
103002
113212
077049
005061
043942
084487
054576
080549
124077
130760
078437
002032
045876
081848
098316
051253
090370
060907
128398
124306
068895
020869
057681
057144
093854
019727
104766
082714
028456
113721
101428
102277
066596
065908
022603
097157
095785
013059
058225
091357
058044
042506
122262
075223
052980
105171
005004
021145
032382
111784
108241
038229
132758
032842
128834
026825
075821
050459
108814
123496
093615
047019
114402
046005
042530
069234
104627
127014
009867
064036
110190
013903
068574
083077
034458
109531
082707
010147
107022
041150
050221
003651
044867
024274
108819
133374
131052
099006
053413
080933
116661
126776
054258
092856
009327
125908
000504
094640
127415
071958
029076
083227
010537
097217
050853
066188
068596
008667
058486
019015
056216
012255
089261
027983
095038
047550
040818
080783
024444
071783
085643
121258
073946
101038
003252
091449
128284
053800
084726
125204
119005
043244
006230
006730
054296
018693
065992
090322
094348
094605
040258
005608
012904
057331
095750
081588
077568
110675
013644
057111
001683
055163
115383
127925
106375
011905
034398
128458
123952
130997
035728
003017
104525
094613
029478
101880
121050
028965
032097
014254
121317
001356
119842
047920
034231
098401
084329
106639
096770
084957
075594
086062
106437
020664
021662
107289
006075
017613
066977
097932
114611
095897
040040
076283
048976
009296
036333
020777
060894
113852
031344
009942
125579
039703
110456
121414
085889
095394
113877
107472
037450
094834
063340
087175
019254
086239
075210
090399
126359
125641
077165
040375
117279
092420
038356
032270
075980
065666
125570
105127
029948
052737
130082
104397
081835
113343
033008
058516
092482
066070
045941
095560
015090
092982
097110
105621
016156
083991
108848
109697
078399
004476
022029
095488
038521
115173
035568
046712
128349
053934
048883
116315
035816
070242
110343
012729
132899
114173
103690
074103
024289
122612
099710
099726
020398
020727
029032
024117
059150
068905
034197
018024
073783
013330
124696
102727
045254
065911
027579
050713
084562
026054
095276
000182
015949
045826
002603
089683
117662
016566
048997
043066
064421
027371
096392
048876
014485
118533
024820
026436
005931
046959
102194
086655
058987
028907
083076
085654
117510
027240
030410
129580
025308
023017
124868
026306
112832
059585
131543
083914
010442
055337
059041
030577
096134
097507
127842
069733
128901
004617
109884
086193
079832
022459
014260
023457
087975
121450
020942
109595
057878
061012
014449
091656
079439
051429
012984
031991
074940
023384
039275
107650
030106
126898
023798
121624
115709
035470
089517
091101
007548
069914
092207
085551
015751
048262
128818
111738
045594
054284
094642
055901
119839
041981
066708
035508
055049
096391
075518
031885
055575
011051
049191
010665
000338
060487
085083
097560
073445
032110
034193
030094
109178
049714
052852
048597
123373
058156
035399
016052
113653
033082
111600
115609
074628
021104
092643
007230
075988
048292
119052
064229
051620
125093
109606
109642
044195
032742
026754
031770
054516
015039
119018
027752
115551
051909
020405
088990
050309
126979
113262
047836
082040
117829
129966
041980
039519
075229
131086
017963
052876
057256
064391
044151
038082
072703
104242
100498
005101
015060
036160
006657
046605
012989
076870
126152
048074
126305
091930
048379
029128
132258
002184
113239
023787
054508
036631
014602
027020
119462
047868
111644
002188
133356
107375
093811
019521
072570
049337
029353
069915
062012
058530
009721
129222
007420
100056
064311
098681
060099
027811
029813
031560
117315
083638
126753
102150
064933
074686
076829
001345
088531
129077
070536
087706
089636
022047
084113
082453
000130
069368
059329
045577
121694
100568
076370
079320
048692
072392
064674
065450
008698
102195
008890
023290
122684
065341
013769
035637
035696
003916
001218
042144
024257
082076
086785
050034
063861
106763
120642
133808
100330
004264
070838
127205
045480
014903
045833
041609
093058
053441
084458
104692
099385
061895
055395
132909
038118
079084
022236
041867
041914
118515
088152
032246
103913
128292
105544
034623
059135
020168
009926
043313
116475
021785
077519
081712
105372
045125
001210
022522
029968
021290
033624
012388
028750
000755
076312
106902
095421
057987
020139
054182
118463
053619
045259
072878
128970
069202
133570
084517
090768
026327
028541
009460
124456
058748
090059
061359
071009
010063
111293
106116
006115
129909
002081
058411
101583
008777
019125
062322
066053
100505
038748
088214
116398
053603
025681
022778
115824
058769
029283
052727
007239
124920
059903
106298
132942
119705
007192
045479
022370
003531
005354
098030
058161
070549
084996
085343
007511
052594
030497
046067
124776
111193
060529
027067
064228
057069
096252
129497
013984
065932
069454
130863
011115
040936
019162
047732
119883
132753
013531
065895
128208
053310
125900
116045
018671
116541
044474
071477
116180
003437
054901
080119
060523
048642
007191
071103
019557
034273
023842
044246
097655
112490
072361
101089
085042
096988
040908
082589
107119
091255
117457
104901
062756
126026
126138
035583
037577
074865
099250
011406
003085
071010
025200
089855
073558
101295
012172
066743
048826
101643
041157
066492
038919
101457
064308
059462
022856
033049
114774
086366
032795
047569
062471
106545
022006
120437
005968
000855
121633
060276
000369
043103
069160
044797
112902
026048
090888
041841
081277
087448
125052
003884
030848
084473
031300
117776
001081
072575
098782
131402
060217
063236
022124
097518
127599
111316
106693
080609
086914
002236
070662
032812
114271
056348
006417
042322
041053
096993
023650
009116
109584
118221
035350
126508
073394
114181
122070
021818
096705
123701
082424
008946
120388
060646
017622
048603
058333
051634
077746
102616
042737
112460
051976
084396
077862
010438
061080
039677
086621
107641
105234
047373
036420
030897
074274
098498
086639
048938
074932
107329
089556
068420
008111
121162
082099
079835
033961
044843
122698
007953
044032
083567
070078
017606
129695
076288
092981
037063
129886
031762
009574
117695
036286
129325
007469
017130
077789
004478
061155
004148
088812
083986
057109
022762
025223
075603
006450
089751
020646
055173
108641
073862
112684
116866
061990
042054
098462
116513
122932
114300
085084
094600
044135
055189
042606
071648
075446
025752
055518
067844
023980
020743
082740
123454
035732
063985
010805
028568
047099
131607
056130
036242
115843
074394
094611
029664
117069
005090
077799
043051
038940
091828
016697
054087
017496
014895
042948
060486
028814
026091
127409
039673
122892
089685
079031
032957
063811
126371
113352
129889
117277
095538
018051
058258
079917
126894
015048
073867
018987
024711
004834
000166
041485
037469
040041
078891
102600
076790
106095
061318
117033
118329
053750
096345
034412
102646
068807
076043
119754
047303
120805
129798
056719
073697
045529
091487
112781
022232
057603
132009
066453
090380
017906
101697
070102
014701
042206
063689
124460
054511
006825
065897
132301
020389
100313
115873
078013
068432
033530
059614
012524
011853
069539
015689
025579
061238
007325
068187
062181
120765
073101
078749
062934
092642
054563
116465
132240
115750
061180
117956
022800
000842
112638
127141
027864
114091
061666
118698
120883
040447
115579
026402
030525
061250
085219
058310
115501
042027
132274
062010
105918
028742
090531
095751
090230
051298
080989
128861
013495
053375
131748
064029
014157
014453
122731
102430
097165
075300
026619
036585
026118
027617
063540
017668
076224
106101
102975
076022
108859
065248
132039
008503
108201
108188
022208
048549
066057
055866
113562
047453
008801
018506
018195
115457
022879
007187
026514
030569
132108
115243
028973
131229
092658
026094
008131
118121
064592
104170
011530
029516
024476
125540
009258
019511
058455
083910
070678
063522
077003
132904
131409
085726
030298
003100
042150
102456
011310
046494
058045
008961
023876
059579
020983
032133
021981
058039
024442
079029
112257
074077
009822
088911
096034
063166
081844
011692
020403
020497
108602
118579
021401
049238
118743
016494
068341
045053
050319
063606
021928
093122
026789
099682
106309
129750
123155
066879
048227
132730
013518
069315
000160
116579
010479
062339
066623
030655
036144
049835
080784
064717
108922
064450
122002
102145
133021
044425
104957
086295
002525
028158
065610
088454
126072
010633
030980
013798
067318
020216
116006
014169
065852
039443
076831
042283
076541
114411
068886
064381
048849
025284
018367
012378
108943
055238
085240
072939
070183
050987
132590
016053
040600
058512
048746
132029
021154
121909
051161
008107
039297
080712
080023
119791
120967
014595
018305
047305
033718
093690
031833
040482
046880
034504
053415
039514
112906
090156
114267
042446
082367
068348
047317
054438
048676
062644
011622
072442
090932
119701
103562
066952
063289
098767
130361
052104
051129
118968
051708
014465
022669
005774
064405
120285
052617
027018
123258
043635
008762
108820
118156
101673
053832
002949
065813
133564
071703
034268
019510
007326
080986
009162
051807
086409
098383
058527
063981
111842
079170
012045
041317
001005
015162
055843
119082
051210
130289
002212
017005
077817
034510
126314
115062
082014
030558
125125
021784
100000
108393
054630
130497
130096
002097
028303
119192
068638
060948
017356
097929
092194
053056
091672
023190
049372
093998
017573
029966
034498
065405
108657
030127
122134
080595
079082
006614
111740
010031
107055
021690
043796
067354
039468
057808
068037
055355
060080
045215
056201
095345
021402
063550
128304
018586
047123
096947
044710
093970
108293
066760
061526
064710
031981
027270
029043
108524
005936
097181
001425
089991
057298
041978
089162
132938
006644
082649
025350
040684
013875
086863
049520
055157
108557
129620
095277
023479
125021
116230
042780
087708
058292
018301
124057
072833
042193
056066
108664
079517
041649
055120
056725
064473
084073
004974
104560
033989
090962
081123
068387
111847
031928
090003
073854
045761
061861
096550
005440
009876
054359
027449
011550
030121
083435
005707
091868
115249
042716
043315
050673
100567
092492
107462
062556
036196
079407
059330
037727
047030
050789
028483
131271
019437
064692
017569
122804
055305
040263
131081
101021
130756
062614
041885
000297
037878
114907
048339
075380
084655
073598
071094
081081
128616
081164
014629
043623
000630
028353
056394
014511
016919
067817
033897
128139
077345
029644
126650
129746
014396
019820
109721
053862
025107
066224
048744
010688
040111
105512
028448
003737
029850
037222
029042
056103
025627
086451
037374
095337
009112
045051
108096
010691
114315
062492
125749
013906
007647
130229
018559
073090
128827
108517
100987
112894
047220
109632
132528
021021
051832
069996
083023
060576
009402
069927
122239
034167
100055
053359
050487
014599
121376
066543
062543
030521
086510
048102
094244
065811
086025
132440
034632
089619
028665
127356
060504
033558
052816
120836
116597
050865
110121
029231
094991
077718
032374
064626
000440
015295
027163
076419
122003
099853
014686
128160
003443
042437
031119
094629
041922
010978
051030
073252
078107
060549
075945
072023
003002
093502
088833
060270
106207
013763
127406
051721
070457
127004
024648
106624
057168
031527
097372
040085
057553
047873
048386
002051
048872
128635
003223
112991
085282
018205
083987
078025
110783
100742
034955
032506
064268
063093
101739
104807
114616
093703
116190
119360
000777
041213
113564
095700
043072
035778
064432
018191
040635
057066
072216
001811
048972
010953
129307
118084
026262
124581
048026
122493
108036
086520
096916
091034
065115
109624
001034
071317
053166
037547
115464
125450
029846
088769
085660
063080
130470
131328
032902
120241
090791
130227
107590
040719
108234
029715
045553
086987
017376
010499
030951
097649
017520
117593
034608
131457
111253
005169
049669
111071
112884
010704
035560
027573
052861
065075
052179
093091
044269
103563
069556
025414
085409
026428
062287
105663
016998
098845
127028
023210
080357
074116
127307
053700
065665
028998
058267
078637
064508
068684
037038
032555
012415
054394
042995
033452
033233
081391
050321
057207
098164
004560
101856
059067
019292
071281
074710
108908
037454
017800
133478
101501
026705
093169
076560
121375
000033
052826
102586
085417
046629
030335
045438
074146
065847
080693
009576
093299
065036
094590
005126
041395
039953
060752
098139
002939
090553
105575
111803
105104
029729
120641
122310
090108
030626
023735
072802
055407
096438
002303
073404
000362
002045
008733
056322
095330
001387
009094
107156
129125
028813
018387
028069
058532
050889
042399
050601
047279
092406
104127
129820
023853
115264
056140
004238
093895
024851
121857
105723
047762
010737
030415
125043
046255
098047
026191
053177
045991
013200
118268
089091
054392
099307
126034
059038
073115
014097
002148
052897
043509
104954
114735
116698
015809
087398
077431
120038
022171
020987
077790
096503
001565
058521
004907
026689
052376
088948
047182
029122
049636
099009
081715
124448
029553
016937
001202
108714
120746
008944
051882
011907
045748
030067
037163
057757
095371
008478
113305
016679
086944
082935
050599
108585
099680
036980
015065
098951
001346
048281
103832
109387
065518
036667
106004
021444
095428
077988
122349
108849
008079
121307
010526
009732
001558
046419
059754
098596
096068
026439
107366
116053
058567
063104
109645
086055
003248
023232
086071
042544
012153
033276
016105
003976
045655
020734
088762
109816
005625
062570
096013
088277
044365
030820
117674
016034
109909
097501
118807
100077
045525
096233
092513
064331
010048
108745
055372
024682
132677
041430
123128
048584
088836
012805
129279
009577
108591
013007
026527
022504
019353
077676
116784
060607
024844
048713
010265
065808
108242
007231
129146
118437
046861
098318
088458
098349
073822
031818
009300
081568
021309
084630
129491
067802
111103
033725
008011
106708
082078
076440
034085
115060
103586
028561
073258
090110
112247
096426
040117
057053
078024
116411
015336
066048
060874
110194
088654
129795
033375
050717
052937
017922
094724
090981
095837
001933
125516
045242
031598
068468
060059
058717
114724
131575
094020
073967
131077
116611
011460
030065
092113
018322
085009
066030
114121
073995
024466
093511
095496
111718
004846
003451
064021
045193
128945
019633
027376
066358
028374
064805
088324
088424
043565
065063
019810
062109
110549
122942
093916
042976
132166
096764
077149
126083
000606
091304
112860
042075
035952
074778
104326
015821
115696
096261
031017
068977
094932
003777
080519
071679
069133
034647
113011
120282
098289
117926
045622
070959
042760
093650
008400
012523
131263
117837
069223
116121
008757
057977
000157
008349
097866
053462
132030
108179
055251
130425
085106
079799
043786
107455
071110
023553
056735
129556
031771
078207
130316
036809
124813
092815
019163
122891
065668
084170
048052
018612
006422
100971
098153
092751
079891
056425
016267
035799
104531
038188
030857
108139
044877
068569
047747
046574
026502
127982
046500
045306
084057
006107
064248
048387
072952
087864
007314
127727
097227
025767
061709
049478
128125
028843
079461
012684
103929
044774
007388
031705
009025
086469
102132
067295
022872
028674
024154
110359
026762
092302
037052
055116
022499
092723
097407
096190
068830
094976
111289
020815
042607
100997
070586
025551
115152
090344
016699
024910
024293
086026
086497
009432
103400
001612
040423
077109
029297
026098
108231
005131
065343
124945
061890
105903
057605
128902
085791
089488
121418
112797
030085
009819
060966
039260
106393
011501
018026
008359
053186
047116
041230
067829
089910
038692
013583
092545
106632
024290
031690
111491
104072
132779
047551
056678
115751
007162
100287
004603
085769
021074
094753
106657
089510
028339
031538
026375
071697
105761
056416
037635
116701
094192
117753
080219
033940
131269
072001
011520
002285
124703
014664
000253
092543
106865
105594
067305
095419
027242
100740
034019
020652
047497
050677
064231
088330
025605
077152
103810
090550
016454
085356
092129
124070
109484
014252
130948
072641
104245
048855
035963
099829
065890
103993
098183
002898
063936
008016
013079
047121
101954
108172
067720
113206
070482
027360
009838
038137
025941
090798
052023
031963
012486
123457
105742
020018
104949
117559
007960
047498
123559
008203
021802
076009
101570
075486
058065
097970
060067
072830
113732
095468
128978
058240
091719
106363
053640
011261
005972
010771
063739
025305
108644
028231
047093
093189
055579
129701
001048
014106
009991
072171
091705
047636
016217
080810
000830
059564
130607
133473
021457
115283
087329
111568
118760
073319
080919
034654
058024
093541
024673
086175
090741
126356
096417
105777
056851
018422
045982
025797
096589
109582
084653
077156
023626
125203
040050
083147
121562
101852
006291
057481
059654
063832
073113
105572
112572
107437
062981
132977
124841
011361
074502
127130
113714
095467
057727
035482
043155
096114
013317
111376
024839
030823
077068
130124
051839
045295
039603
032663
040448
043526
005314
089201
067452
109563
001046
004429
124678
114910
005880
074671
096282
125155
023172
107023
034198
083157
044629
079152
035144
133079
008722
060702
004461
078931
129891
061594
080634
086236
014716
035914
097757
024669
106890
065477
114686
133520
037188
063972
035651
113092
038756
050629
130391
020465
108128
055287
013980
002820
129085
078738
133597
014831
020769
061449
118186
131890
060140
039022
131824
127000
051400
001699
107091
021196
083817
020638
017794
049904
014011
072847
101328
084511
034235
074136
090132
009588
025063
060505
079803
071998
119961
049783
024369
034648
089860
096863
055080
132069
013861
008567
070357
117803
107355
075027
023932
066142
072316
047367
007404
082802
097984
008791
093488
039607
109088
031626
047387
060261
035222
127628
015192
009142
015037
006462
116068
104869
077105
029025
132177
040642
004823
043122
114223
096178
114396
011456
015974
089597
020510
076506
047307
116273
089903
104956
129603
104781
107516
097138
095830
104298
114514
008901
058971
042486
006431
058324
087112
089020
019028
132967
126074
079636
045457
102448
047770
035743
058889
129459
119098
008996
077631
115869
031863
053718
078056
047774
101202
027380
103737
059254
067842
066295
050969
119812
062980
083224
108412
124137
029889
045871
108728
108283
000796
081166
057050
044018
019150
073111
089924
120854
090598
077621
075852
003836
039485
074497
095266
062108
011414
055773
086411
094369
055227
104309
098849
096725
035889
049262
108636
015749
047707
075928
120398
059219
090570
052419
034392
093976
081283
072222
001406
056283
131969
066414
029292
076728
098816
104721
002807
046938
121983
092059
027552
126401
025572
029168
056633
018072
034206
026618
056684
060770
129374
101465
051458
043869
062691
099286
085180
028919
113584
018390
002500
117189
059636
049675
085661
118640
060533
117232
007051
130061
133512
068653
036913
000542
026189
122280
119127
123662
125376
073620
040477
066037
125646
068935
005607
115510
072524
101095
095401
098827
131323
090434
078903
027064
050774
018473
072366
026296
092950
104492
128322
044727
077951
020853
009278
088311
043120
037184
116341
001431
112210
126959
076089
022396
024809
017137
105345
017338
093136
116944
012591
078529
027567
045120
076500
057174
100972
071209
060960
046742
077412
126782
089936
105596
119858
095701
020204
008051
111603
029193
133654
003596
036538
052597
106635
112924
035113
004434
059900
020508
042771
062057
064670
092622
065993
091035
014129
097370
042476
127072
051947
028679
107028
068943
098012
132951
062825
036032
057783
017915
062035
099200
033369
060816
042421
098489
031450
123664
072025
055288
019369
108312
051514
077635
067342
123319
080240
075081
114360
046527
075117
089184
124158
022747
087774
048608
128746
039998
083445
096014
111829
119465
009865
087674
113445
047334
070601
049553
020456
106512
053055
068107
069973
086527
107155
044813
096544
085845
061050
120394
009005
021565
100955
072656
004880
057320
086290
060572
117095
099038
055857
109921
117000
005307
124547
072141
132613
128108
025083
093545
055275
005872
024948
068904
119474
026687
127489
035792
000379
052940
128391
057032
026373
007227
094342
051110
032440
044139
117204
056408
011733
117900
106100
091363
030444
105580
049744
035552
006060
048257
059771
023062
085346
021439
067121
125683
069137
003794
010206
041106
028319
044790
052331
039584
100544
069432
045768
105700
093242
085429
087777
008127
026692
098602
086819
039272
045342
080358
081346
028233
068582
058289
103218
013414
056435
123310
107939
013764
099638
130226
113640
020886
040224
024551
029360
126579
095647
070050
129000
018333
036441
102199
068411
107024
114479
120796
067766
022502
026252
107581
110077
059788
115032
098478
001739
103239
057952
023984
106669
037479
016942
067755
021617
033893
026858
004936
100794
063220
129221
114150
128765
107845
099280
029059
056157
003682
077306
108301
129811
017187
082779
061925
100642
036867
013846
058834
049985
070058
023492
026915
098238
112475
077796
109660
092361
002927
064526
072346
085568
085195
097804
062211
071791
083167
050162
057210
015153
114941
107810
018092
015491
127036
051526
022297
012738
121367
089199
046908
034155
009279
092986
002915
088049
064687
106971
041385
005571
071887
006286
092989
101935
039974
013621
008973
035364
086921
036438
004504
089895
089215
131314
075795
115321
026873
128188
034596
101071
021569
120901
126111
051623
118041
060497
080590
041047
102664
053494
067477
105800
026736
096951
106164
074708
065052
099107
055870
105866
085051
089645
006734
053358
006700
125594
042498
083146
047328
009433
085945
091935
060618
061270
065160
040235
048833
062656
108864
041025
118770
067600
115339
024997
017576
102035
033786
071997
086997
017574
128778
011040
126496
022453
073973
090356
086632
013960
070128
082608
125552
056461
032090
126024
089704
054162
000290
049859
058280
065101
049226
081935
128229
068120
060597
104443
117976
063151
014509
123225
116087
058576
119368
047478
083192
100228
037731
003096
046963
061221
066144
063052
060046
037892
063686
110170
093738
032112
103328
105657
036642
010584
046519
105306
027337
033086
047300
045040
080010
107629
051621
020871
122270
123706
061757
019608
076567
081343
119154
117101
084669
089019
030086
026173
114143
030903
021613
089511
100523
033623
070680
067175
089233
055600
019940
033957
109252
045375
068353
095353
071822
063491
097972
012484
100697
002247
122968
042031
092087
094672
047997
129772
096998
126685
072861
109564
080060
077782
076886
020611
061076
021625
085960
045720
013108
048425
056357
055628
059066
054201
086091
040388
027311
011247
046986
124554
068767
119971
045321
004547
118888
045063
023419
014764
008506
056119
057359
121607
083265
073103
127497
133445
058212
036239
030018
050042
112164
072204
000327
005155
048943
060459
112833
113346
103485
065778
056262
121430
128869
053990
002499
058370
093989
118043
028051
073851
068859
055629
058811
091136
041874
047024
055030
107947
112985
113334
070777
102266
007858
128103
133662
045628
017615
110182
072212
104798
010270
047011
018380
111249
094368
093846
066202
131717
011350
068051
057802
030238
094224
118982
091316
008281
112711
026300
126012
053530
051431
097643
100938
048714
079225
041265
063160
090308
083028
097477
094760
015620
075689
017822
023849
101535
007310
071911
066278
024847
094700
069546
002123
092349
036930
124231
088449
064958
115227
114519
126958
094142
049817
129439
097276
042971
029027
035504
063751
000525
097147
088725
091976
019013
117656
108152
006109
121126
016372
107935
106754
131310
043649
011419
082096
088968
063144
103116
094026
085683
081837
088796
053175
008911
120571
012477
067345
018515
052041
103314
051705
067453
109976
052974
049776
031848
083108
006434
118461
101629
084573
054137
060489
052728
037480
006504
097671
022612
120070
098811
076115
046169
084235
064269
082323
069635
024757
125950
035498
083272
025755
068155
101424
051786
089598
058507
010160
016093
057149
038744
126278
108928
078053
061319
008942
099364
080736
036957
012873
083475
052503
083068
022809
066795
092144
058049
085371
047647
090429
049829
090449
132200
090522
039019
044639
011034
045809
081858
102921
128152
017430
012040
131488
112693
053664
119173
102427
086329
091652
028492
023808
056096
056537
112282
027363
028361
132858
080735
092297
028567
112973
071322
117144
027138
006237
113039
076633
110019
047314
060035
016952
030345
090515
131966
006921
017206
027408
028315
025465
108362
129988
101468
049045
070275
063423
020592
081305
009988
045134
084823
065068
019882
057013
087042
068336
084338
051491
046273
108626
123472
077398
090662
061087
109652
085617
017836
016782
057909
132176
110246
065296
101305
101394
024123
131041
132005
060435
020889
039204
047286
110752
098726
091995
090044
067118
102394
009882
117896
129167
086049
044300
116672
113897
050553
048376
016994
006208
050924
001917
117004
093627
128243
119080
018323
106112
107787
045399
073535
103162
056877
081914
057062
050043
094643
108384
069823
092650
022788
103881
098254
129858
058608
088414
106534
053215
060987
079437
081280
030433
107936
092250
058311
047486
097270
131641
097290
084191
054169
122590
133790
015028
086799
015603
090426
024622
074000
073557
097353
102620
090486
128213
123881
012671
054565
041017
093594
100702
113302
054519
009026
089106
015161
104355
056381
042321
037301
009265
052027
119753
108991
095461
126989
086523
128693
124639
084876
111764
122758
008796
119783
034494
133692
002786
083012
122173
063848
046846
097387
012542
057421
084372
072846
061965
002198
058753
058216
123341
044389
013128
058050
001327
070882
109487
133201
051213
017974
099296
006366
079311
116248
107937
047702
093355
059620
092561
010457
012535
037020
050126
054965
099685
008383
091293
082552
093470
065141
128302
095796
022717
132842
069591
024005
014133
097118
076008
081845
037684
072292
046418
033649
094762
082959
019549
101379
083357
010905
075249
088574
093591
039668
089255
053507
096641
107817
056642
119516
105583
044871
128138
128262
070614
022722
121170
074379
045737
103608
125434
089656
045023
097479
023187
031262
034491
118251
068426
116353
054859
001825
065466
071451
126149
062308
065327
122427
045396
019695
119572
057816
108715
121899
026788
081301
027786
055517
107129
088317
002118
057525
028540
008891
070951
071425
048878
080118
014912
034419
115798
117340
125618
074410
056607
085481
033466
015652
126895
045999
132869
027547
053881
083087
103573
045327
053649
101122
041826
052840
073969
082488
040800
034579
029939
126071
041736
056784
073648
032467
038705
092291
022190
124658
089013
081265
111388
066750
057102
085213
124722
031117
125664
067440
076286
076297
083283
051271
091665
043806
027267
090270
057781
040199
095760
131375
098195
065851
099599
041648
032984
105650
119806
102809
110672
012811
100361
125398
015852
121653
067081
086365
102461
119203
052596
102178
002602
116301
032832
040478
003684
074920
133306
095817
025739
064224
013048
022238
012846
129532
092682
133321
033693
007389
121487
024066
121707
027620
093266
001887
045024
064027
004414
133509
019941
086943
066405
097842
070042
037126
128964
109425
070819
108317
085613
083701
025065
105683
034817
099363
064460
034969
127117
127788
083347
074449
014737
021595
101436
040080
133666
035783
006316
106445
065199
007271
075825
057931
040385
047777
105737
067462
048813
097963
041274
083110
068171
017816
001304
040893
031481
069207
035375
058424
001031
035312
085005
036950
028131
080653
076035
011333
035214
065298
012072
131142
105181
043361
057738
084471
037206
009270
050852
058506
107316
056727
010530
035944
119459
069552
068440
014263
108483
009836
012461
132492
002164
056112
003504
114218
058605
098926
075991
131834
046227
124697
092371
050753
086048
003319
016576
073099
088958
127829
029830
119275
032407
106225
120464
070608
118252
024110
031425
053921
011556
111557
066159
055321
086352
085682
026124
007095
039189
062018
129551
005757
101211
053965
057369
016514
043903
104786
067495
105162
001107
020319
014850
095333
064359
001382
013084
060578
085772
052733
018111
102882
049185
048171
064941
047213
008141
049438
053763
084303
129590
020105
069256
111420
119499
097996
132451
024412
061096
052843
017011
047026
085942
013035
001067
095529
084398
124258
048295
043069
047780
052629
118476
042043
015014
130369
076213
124043
126495
075227
069420
077077
051730
115508
030826
017563
016946
040517
102135
009476
100582
052291
105163
097624
085874
026409
007339
051198
094375
006808
127175
131541
105076
006846
055562
048750
073900
111734
079472
087052
061556
028807
017652
034023
085093
063070
040314
061079
012656
060959
119625
040762
098089
114416
045047
054617
029162
058469
045943
095879
100158
031725
057231
037248
089667
069404
046673
094589
087324
049378
086123
082625
050777
046069
124123
030313
085767
082965
030019
065545
102429
116125
044020
097686
033403
112668
126155
059688
044695
051622
038609
097246
080583
016120
128737
090091
117055
086976
049370
096931
129588
026339
005420
096003
040022
045511
024155
007529
035038
044320
069449
032961
031659
080875
029677
090732
106733
006004
127031
032455
107895
084038
032550
017382
092020
004778
069644
055144
015973
030262
114128
086533
042067
004029
042275
030297
032828
104646
099342
016352
038474
126676
009575
089635
041397
040086
023280
081467
056011
009167
023379
118906
013786
131562
061118
062764
085786
074993
029787
067501
021140
027583
047848
085373
047248
057779
048814
043966
002667
016573
050409
114137
041778
011553
074709
111662
088489
132380
100841
089502
098023
111639
056281
117473
074994
130348
046453
031244
011886
007373
119750
130796
080157
094276
087912
007883
054619
118900
042016
068641
086097
073709
051461
086139
088098
014731
063432
133155
070899
115245
052781
071884
114698
023646
050458
017666
023089
104437
058500
116147
088257
117624
025512
113586
008044
091427
004022
104068
132755
023523
013017
121246
116601
075753
098578
072134
055118
070171
084591
034437
017934
019826
072869
056891
118049
032172
002787
024508
048923
054683
050788
066878
114366
013742
094638
107387
052909
127619
059457
058376
037955
060680
070578
062722
018295
009302
083199
062902
056540
111542
005835
057163
016938
010429
068688
056101
031018
119396
027585
085469
008384
091045
007807
112717
118721
011410
089551
083101
000364
085785
010544
126550
058985
054581
126667
055949
022867
048977
055964
109390
072834
063774
035324
049994
015142
124817
046039
050866
057040
040123
132802
005470
131289
010750
132294
116494
060335
107856
063545
043186
026257
101112
048057
008971
076789
035402
053008
111452
104614
081832
044149
018461
040189
118662
021723
088795
103191
019323
105056
115694
021025
105913
113936
002203
131784
091164
102832
133041
012038
094002
022023
003681
099374
021071
071259
072844
104206
072317
060861
103455
100761
045067
110055
016196
104481
079080
106561
002421
108189
070246
108578
066283
081435
044925
007273
011209
052610
053898
047190
052951
080518
015724
086833
061343
111676
041619
059631
103613
036103
049461
088951
026510
026608
090754
118937
000967
015241
097431
006061
126439
116817
131144
051606
055932
072004
109151
053030
098065
026360
083891
028196
096754
053724
074002
047217
130629
037813
013358
092524
020424
066267
028975
095644
114316
116716
115947
020001
123080
106328
021169
078729
083473
086853
101903
073487
043422
132014
062524
106690
050532
056210
120396
096783
101144
035896
094065
038719
084059
030311
031212
046142
055450
043900
010171
054073
048888
132070
047733
003173
095502
133081
004001
100321
114102
090590
100192
104205
101408
057390
042739
038888
122649
024635
098163
065369
036905
105504
098958
122323
069791
098997
070370
029137
121655
125505
132270
130770
118844
127645
097053
083944
053457
080104
048021
123609
097830
076376
070765
129365
030165
019005
106671
031410
023907
086483
096562
125004
071091
131747
054612
026018
078317
059270
012408
111961
117304
064114
057837
029407
048795
064721
099716
054473
021022
106935
086642
062553
114246
065863
035731
074948
073680
120027
002050
006468
100248
030975
036464
096396
049439
123183
092855
116991
002796
082188
041424
022804
112114
060559
044129
127235
055179
020093
130749
096032
012793
027642
041384
006282
007321
103928
099489
001352
105509
026446
049868
004952
027511
057684
064966
077344
013074
053218
117589
026572
022349
094766
026356
040509
057480
105147
018199
033993
114937
048083
094347
008538
015780
092933
088576
121580
112393
092972
118037
045643
062182
060351
046212
132011
096444
048383
026477
123725
070141
115861
038414
068085
035523
118810
051813
049999
032243
132134
133145
103697
106833
016997
021344
099508
020901
042287
101136
014373
082938
116369
065718
061147
064604
005392
039245
085216
030690
023568
020700
119296
006206
001551
057134
126376
086447
117785
077179
086070
101399
038139
110235
049067
022231
015682
076580
074435
130808
014124
072694
030282
058732
051802
121054
104997
026509
088091
042873
121976
104579
019230
003951
010468
031243
033767
105526
111623
129367
056115
100773
129853
012666
064633
066581
068836
068857
106969
110082
090383
090658
075591
027744
102465
102896
058871
122595
122619
048068
062177
026328
061568
102959
046062
010593
112578
001396
007255
024841
007710
120920
105798
097299
010487
113748
058968
114933
115286
073554
056441
072574
081335
003273
002319
061794
026627
070766
050484
076353
040816
126921
064997
027129
063891
072569
003360
029119
040583
040057
062884
122223
066266
066728
053793
074922
083140
123730
068644
118867
040177
056841
066449
046194
125105
053325
132870
025591
085410
000060
012743
010632
122079
035150
020060
076374
059838
085918
047087
115143
012283
030776
044631
083923
092412
044766
088613
081522
069409
133272
048538
033066
119700
003275
041226
100879
011258
077580
056526
051079
037252
120269
050212
008793
084807
036684
027220
059765
125355
107719
125615
038617
015029
000341
062835
127442
062164
105202
096658
049914
025377
034089
120686
100752
029506
039744
117067
119233
118655
077271
085910
024370
125879
120809
041177
117632
102487
013819
125619
007785
063435
130231
083399
116409
082198
056044
027709
039002
061716
047204
073324
050546
081549
076857
099458
004413
055527
104575
047577
045615
076184
131132
083421
058336
112691
118002
125090
014055
130499
012506
004556
023567
089916
073493
116330
107142
031522
100577
096062
095699
028458
051280
006547
036057
032331
061584
128741
097460
068434
057155
101312
100777
033902
117230
058639
112017
083036
125544
056347
092562
056303
097578
051451
018080
060251
004153
020044
101182
054034
113364
064668
064386
011984
004157
091936
016343
045403
010106
031767
041174
033847
073750
118783
005364
005308
030958
025818
061324
107614
047490
114964
043157
086398
000358
107661
067819
060452
047390
118098
114406
033488
084763
109753
055621
039303
074735
124707
103915
002287
030139
093760
101840
119108
112300
096906
052971
125029
027985
026093
100562
043535
012143
054312
096634
044942
047031
097847
001620
093704
019661
035640
006949
045310
082013
049855
025499
089087
066263
023598
091636
071438
019189
000333
011426
095208
045084
008878
131904
132648
051642
126931
007907
064536
041936
111818
065522
108318
000405
028743
119392
092934
125330
064691
018360
072899
122868
094751
074779
088551
092897
023661
124594
071258
001465
003605
028882
052553
012302
067352
132665
062986
083091
113154
042385
007276
053733
100273
004686
078758
060565
070784
013064
065724
121087
008174
012019
063527
014247
096835
055842
072303
103804
083917
102801
009373
055522
117335
004915
069930
131952
062298
038104
027333
040174
100503
118656
052859
031199
013147
057268
085408
093414
039442
128845
086438
046402
049413
131133
096180
009763
126317
025786
024690
102171
084350
093156
133332
050199
127305
009846
098850
065812
133353
029912
021113
011909
074753
062449
078675
012649
064130
081859
076100
007100
090411
079817
099104
001861
110621
092852
118047
127992
010019
043356
014743
086021
016945
106404
021964
010767
099666
003851
014690
119126
047357
101698
013920
107101
067029
024816
028429
043791
066036
040456
049320
039306
069235
024642
103397
045319
102946
091008
121532
017412
089631
085001
122611
064500
028560
094452
029144
125329
120817
056573
102313
073447
072964
013453
132737
103732
079244
079237
107137
127118
000727
065363
038869
076877
080263
044178
039602
111989
029145
069647
080127
101513
033469
076091
066899
023268
003288
007126
090062
049374
004407
008924
053880
040380
099193
026132
122863
133368
036925
083620
044152
126504
103011
079876
085316
021162
095989
087664
093532
126114
070130
133175
024832
035304
044333
002535
045424
119342
036723
011910
024009
085717
030358
047332
058642
008170
002990
040335
016811
107357
003695
068559
067117
004267
001482
065488
051130
120504
098480
126110
111592
069960
130740
073556
075830
010157
105360
035292
065891
041281
072836
089305
105516
018090
091821
025556
048615
000797
095450
098308
000012
057100
080252
045251
014735
098985
045427
123668
045870
101904
069747
032287
095018
094652
008024
066534
021396
026682
103297
055366
007569
063574
026193
128965
068912
005368
095621
045464
083788
125445
067698
054995
014249
114770
008414
117216
086106
047776
033963
021558
053374
022556
002041
088887
070025
070827
124348
058454
091288
122104
024489
031297
056032
133714
016535
106469
015893
004736
129228
118981
126761
020437
122162
133380
097708
073530
043959
090957
090055
112805
092523
061354
081618
087483
124865
043680
013165
109978
054294
063732
098881
132488
021047
116868
131853
117371
011822
066972
069472
037102
119628
069934
030579
059735
076871
056994
089136
086896
061157
127045
060690
125325
027179
063535
129520
095691
109242
055369
047409
111372
091959
038040
068505
042168
104771
015520
112156
094075
095776
133769
027484
023615
009196
111408
044904
052259
124055
072874
058658
024259
012273
032754
026712
111269
082656
001493
090969
047566
109202
018076
023324
046014
001257
057799
121441
073057
132026
021905
028398
110125
031314
114042
117658
048118
092286
042138
115663
102235
070744
014828
108628
091753
085016
131948
047259
113861
098706
022153
108067
082880
103689
018945
003276
006927
076137
031700
020059
070361
055176
006648
008122
026221
069922
068570
027118
021252
043293
096163
127998
069558
039180
028405
008602
110291
050876
118761
028252
008487
130551
018496
122626
089230
070144
075406
130421
035817
045316
109599
009694
065266
096513
108632
011202
078589
090884
112037
108002
107827
051767
002728
133029
092787
108287
022054
097211
034605
057304
121622
017502
078468
052606
058361
045865
061078
032309
035577
095349
072887
018113
018275
127431
068129
036895
005309
028718
087199
057734
027643
010215
038785
119799
093457
067031
076634
098947
103426
120902
069348
110151
071883
057048
124236
008269
102798
018801
118451
061837
016676
056716
123322
009079
015107
109638
132947
023743
072304
124771
007745
058452
085892
074964
050845
115611
021621
069397
017604
125294
047356
103634
011359
046459
076357
074855
002974
065353
089055
056524
080011
089999
086849
122032
074883
021013
014794
096843
101123
029703
106012
122226
113699
118436
116291
050449
020692
085431
026386
049773
051709
030977
067013
075683
065354
000546
089798
081331
053154
041090
016578
056118
057454
087688
123465
047976
061999
061358
097573
067580
104508
058966
100575
001753
087869
103833
098395
032953
043747
088563
056091
078857
032988
063291
091500
016335
012689
112211
108346
090393
054349
045076
104122
089797
075485
102597
046581
120017
097405
126453
032927
096994
045702
065874
009170
063148
066579
106122
074505
125094
121383
023821
046034
061095
011968
069551
120604
013173
110126
094502
020728
119714
033189
088094
106167
051672
035550
016925
089416
128220
022840
053630
090466
043549
097841
028369
000978
052176
117142
093574
089856
047271
081979
040569
122914
034018
102836
110540
020273
129911
095599
014300
068507
088801
023147
096239
095714
100534
102477
121709
119029
058181
068280
059633
080059
096757
006983
111936
035339
119211
063672
013761
084846
111188
001237
017948
118866
120899
115118
052838
123986
096794
058445
088310
071288
100179
032947
032728
055033
088761
034488
103873
115375
092070
029222
060323
116316
099109
098242
097801
002912
006754
086581
008075
070554
116036
128205
130216
091634
061199
060129
005434
011518
028966
036720
072495
073773
066925
004199
099758
108775
040157
049905
035721
031013
091797
115760
019421
096308
129666
119823
051302
125163
005833
094572
031743
057023
097229
081009
081278
065279
044475
073204
004513
094187
042602
001600
057240
131245
074755
069621
097237
109835
097811
071136
003087
040864
094677
009635
083771
020601
017327
066021
063370
110707
032118
027557
045692
008517
132922
116420
028032
123435
104796
121943
000671
029533
126697
117788
112796
043391
085612
081846
049525
019029
053991
131381
065627
021031
013194
075399
091888
081015
108018
036247
075768
041099
048589
043845
058963
018361
079643
045650
003865
100326
046784
006031
047635
085441
031205
066612
123673
088822
031789
013864
071234
018530
121336
028520
083670
099007
076002
036036
124680
022643
004802
117210
114915
094921
077307
001403
083053
030660
039117
005194
089865
128785
022225
092554
060992
090415
085171
071735
025017
090588
117865
023018
047146
043671
076313
095831
095009
108635
110957
019344
031719
037781
071845
086350
091539
005802
077074
129794
130645
079515
001453
025937
086748
120415
085397
003467
117166
118650
059576
078216
055946
064415
096953
018623
122832
082636
131105
044848
104792
051962
051841
062045
119445
109275
011412
055563
059841
035007
052591
117874
113205
005214
026208
078251
049840
102196
087393
075422
006081
114368
123051
110159
124816
116257
020813
100181
107068
013692
091103
070965
013270
057015
015131
116976
115524
055348
042944
093875
041187
006616
105116
093128
104114
009349
130005
115949
098817
100543
069230
100851
119734
032173
081018
055308
025993
127025
119131
030463
055464
062858
119103
072657
015100
007556
062759
049816
062991
055441
119711
036404
045721
130500
129548
048726
071755
042510
095016
040113
127582
023093
095057
026516
048686
124352
010532
024743
054276
126091
050904
101584
049728
107081
035376
086552
072410
104690
041589
111307
040654
124241
099721
057683
116380
010072
127937
125666
033079
084250
118637
116845
039638
125539
089220
091257
014047
099727
048076
002975
097355
029072
040248
032870
127760
122604
111962
005045
073720
053602
031520
085065
073725
052820
106493
015023
070106
060785
031794
097976
035389
057201
039662
113254
077319
014723
011159
015549
058617
011135
066830
003738
009412
014406
004582
097536
052020
018881
049278
045783
014060
093789
069319
054456
025067
086305
023813
131346
022969
055037
122564
114875
097348
108230
086531
036459
121827
090259
075440
112589
107124
007349
103553
061107
123023
117773
026621
045860
076972
015664
108089
132804
100076
055324
067077
062204
132071
112577
036124
090145
088866
019548
051395
124293
047106
035775
083103
039461
062755
133678
028612
022365
121272
095859
012749
053519
055603
011903
112780
038234
080520
091069
051711
045207
106381
077174
073885
108539
084246
110278
094779
009475
083922
022538
115129
031245
081482
109829
058270
131302
014132
122720
065625
096286
097399
044816
111212
097158
095135
089692
025418
030137
103129
107702
048308
123253
127233
090555
001371
035277
020495
012737
106385
067682
065427
044850
016718
061390
016097
043277
116731
036129
009429
000058
041870
042943
097016
025785
121223
116549
112737
017090
037686
007439
017118
097236
040523
075057
042154
112226
044587
080756
104442
042084
122213
057751
031484
127557
052491
006443
066063
029943
029022
120988
021729
064583
048453
019364
098879
087632
072452
046329
120288
130084
043709
008859
093685
090408
041143
076788
046777
034479
010320
108299
090365
096735
000711
046879
033295
119933
127008
086847
021966
091187
128298
116046
041706
092327
000763
111619
032713
129323
053483
117880
115404
087878
118817
126532
038201
080494
055711
061789
089976
031780
045621
020346
027382
094383
073268
124908
119678
100199
033273
035310
029756
039645
073296
131701
070107
050436
096695
037807
022660
035673
015772
100607
033009
010819
105499
089554
117084
059916
050893
030251
101070
048838
028686
006046
037822
002797
037606
046236
055274
079763
035956
065945
065304
109858
129302
095508
091175
107499
023173
036586
053346
102230
112645
092273
031572
096929
001990
034396
077806
001494
131637
042011
093275
089904
040396
023288
123169
119161
024286
088931
081519
024908
064557
002332
025906
005652
083348
003650
056571
105920
070677
100656
062820
083613
129275
068281
121949
031483
101722
026799
004047
027741
030331
080187
062481
026219
083102
036105
038605
050725
014734
068495
030813
025898
016936
094341
015467
068386
000809
060863
007929
020855
023316
064927
077776
026347
102078
051058
130149
054221
036656
005371
129500
117720
048988
042173
122662
062355
127818
118809
028332
094875
081581
131565
116266
045913
048618
047725
100550
088252
118864
012554
127103
088642
060421
000069
000756
053444
043362
027447
057538
039137
097045
059747
004928
046151
052524
065002
006945
082872
083569
086949
115159
090046
083109
005818
053153
053421
053554
046058
075488
115816
075040
128603
088814
006353
007837
080826
059548
070151
065239
009004
129024
080824
079022
022429
113901
067447
092997
129114
095531
069217
074169
063778
086044
070200
063588
048030
078263
077938
007896
075434
046588
088793
061165
071284
006907
033281
059125
027090
085127
054054
007438
093510
080294
073205
019294
127229
100209
062493
086331
081967
044458
004251
048191
046638
114957
100928
071455
125152
116371
064625
108001
015794
066006
105460
030670
023728
035964
011972
002822
117365
006867
020953
069527
087855
017820
104685
036827
030315
099303
118674
106133
077253
027001
064040
004093
046692
002578
117018
114195
111716
091697
012602
097381
057828
105247
115423
002070
108620
073986
000415
088634
072211
045944
082633
100171
117296
053846
031734
117376
097047
047301
130127
004765
126922
041726
121546
119011
096976
077473
054163
087789
071449
008937
037753
055633
052614
132455
092241
094214
057059
092179
094764
029777
093995
066775
055186
106633
018107
096888
059694
060255
131254
071274
003014
017197
126781
088788
065136
056915
053231
054027
112700
088359
108854
045297
105911
088891
101586
023513
104067
073811
007038
043721
009608
053716
075021
036985
010485
089234
014139
057516
095595
116906
063599
105521
088878
080411
092104
106923
077968
026102
027739
062306
113019
013303
090038
110415
128028
122247
020371
068096
085640
037478
104923
102704
032520
113474
089483
087005
006575
026636
040341
042066
048957
083798
104704
044928
041142
091989
093373
098045
082170
113558
064614
059619
029077
074323
065727
040651
072021
040387
116951
027510
128936
041243
092696
053497
092134
067393
022423
093177
099768
008477
118497
002791
033966
107126
069928
116534
047637
105702
109155
084923
032608
035752
066238
054030
057929
061593
020993
000758
033836
089967
014833
012592
019236
052046
055358
120427
065687
007342
102831
076836
004351
020198
071302
036901
053894
045654
108133
030252
041823
120471
033882
044592
066399
132568
075233
003274
036043
068944
017369
007119
109107
041683
131516
100653
061675
100652
131015
012739
107865
072068
035000
072884
125954
028247
028172
120826
063830
077122
096914
063186
003450
121671
055241
048497
091420
042197
061674
108222
055832
039517
098172
093953
080631
020183
119507
045119
085367
095744
043395
124609
034107
050540
120264
033421
006050
062975
075235
133820
083152
124537
119699
091368
128883
034294
065947
065968
074197
130857
038870
073001
024029
075365
018060
120869
088569
093491
070968
106357
129347
070112
130748
102947
097279
022346
110586
076138
077997
074613
058245
096499
014506
086337
102160
040160
011797
012482
046390
025426
091731
059593
052293
063664
002312
061788
097335
028523
069649
105000
004740
098378
032439
050146
022257
127605
006888
033535
056692
132110
080941
003509
090031
110785
080160
010733
050586
055083
105550
032904
081031
051650
099759
106338
128735
116450
086532
029055
031363
054411
108615
110457
063228
117757
096424
013868
054453
039746
039527
128853
024120
017091
052752
016139
000496
010808
021912
127447
003309
132027
058029
013049
050269
113226
025889
026411
131622
076691
100948
025548
057661
118202
077798
116327
076029
053537
093140
075159
076744
027169
061410
071290
044679
065634
076057
121911
029039
025526
014025
054132
080521
131247
098503
056714
112220
065611
088855
073531
123656
090542
014952
068360
034604
128259
077332
116256
048323
116896
108251
001106
044481
051463
073361
072528
062142
006466
058220
050875
077883
025533
131644
027049
099074
042189
012988
103920
012903
065626
128518
072071
086855
010517
018078
047971
064494
093581
018589
100929
003043
112476
006223
096131
040352
042141
033835
035805
093356
010826
127579
046973
126148
018193
030822
085030
045045
117213
069718
070596
010610
112273
050298
032060
026843
029002
027829
103924
055085
123930
051684
027886
126956
107727
081443
101980
007991
092752
024383
086079
032516
116476
011304
081515
061432
116448
063388
019047
055733
075651
102742
108622
067061
056362
062193
100542
020402
018822
007306
001187
011151
086774
001025
108649
114604
017210
063620
100713
012370
126378
125660
123570
133610
077984
014543
116557
111700
115475
096729
009604
086999
054240
090794
030522
043984
011465
031032
114381
031367
022055
131184
107584
119277
008307
031525
091919
122709
009785
062529
075664
055660
130481
036529
050787
060401
061121
024071
062046
073009
030419
081348
036256
049101
034580
045211
119053
106092
064424
116577
076504
026461
046840
067443
024464
057507
119314
050337
069986
078788
105597
006392
108227
036752
108603
036869
118745
008864
074458
012530
026258
014692
012442
108777
001236
121769
000919
061081
056319
084980
105586
006612
098477
128440
021046
048419
049270
064034
025694
106756
122950
007975
011591
100397
072123
075352
051385
062151
121958
074216
132385
026022
106354
089110
042058
003066
029419
001880
068976
069225
123195
102167
090527
045782
066222
100588
096323
063117
044322
111773
050431
019575
006213
018388
126665
041570
121889
075207
028243
083577
128920
097026
078432
008904
132588
033905
101461
021808
069224
023997
048788
115175
007481
084624
030695
032840
019690
024236
011355
014499
033075
074485
065698
088929
025705
106761
121524
041482
085959
060263
002107
095344
097700
101460
122043
122587
119509
051785
073975
027236
003314
045985
065955
129235
115155
060278
086161
072676
033131
004347
102220
096346
072991
126407
005383
000079
111831
011614
061241
048356
075878
074052
121690
039138
038601
085014
002206
023729
033968
125054
069585
060561
118352
001713
004040
080229
005944
024126
039244
054854
124219
047923
003646
119828
045442
057286
086191
096108
086220
132160
044919
078453
084387
065525
010475
121296
057963
126672
046755
098840
006884
013372
075704
067836
012972
073772
116027
040786
030949
033199
023250
050694
035581
056550
112640
122704
004396
022387
065348
112395
017983
132672
087108
076883
114445
129525
062474
092213
045010
096342
122095
074026
062879
029081
071789
050583
044437
125422
063699
093386
002992
132060
015832
119811
027543
020603
051450
030610
010179
132033
012799
087950
086179
012469
027412
089836
021943
012022
058450
050795
005763
084461
087841
119386
002170
014823
048014
106745
007344
034621
117358
109042
062217
132987
012340
108552
088375
070410
045648
049640
035593
058234
038891
109287
107972
089665
065629
121498
131032
122836
053946
040754
050294
092483
084348
024971
088327
029274
083327
037707
059101
095629
108712
073473
030778
038576
021276
068130
120751
125732
103274
019388
104082
105139
045315
046054
102598
071776
113160
048702
108886
056615
002538
107284
051692
026938
011806
031328
075809
116495
023422
066273
024408
016757
094384
103538
041961
132333
032508
113751
032258
065620
046389
043184
046772
057395
002333
000594
108395
125734
098655
081699
008293
028261
000230
018717
031894
064547
102046
089891
019121
000412
129726
051626
056163
064585
032492
089216
045369
112892
008912
070924
124959
122845
108659
121232
113859
000864
122660
028344
010258
127934
066024
065147
038646
040401
042543
126679
123441
088284
017027
125694
037155
020377
104643
048764
039233
080146
018088
103434
049903
089821
054317
073798
020295
118097
024779
049210
090413
036017
030938
077325
007786
109253
050163
128154
104604
092871
012305
041862
029424
094892
041732
124672
040749
131937
124829
085283
061917
057202
109631
052335
042147
105639
005990
129241
048377
117938
021239
086330
058217
074321
013039
083454
069589
066682
001176
077101
029339
125141
133335
046677
009379
076448
108472
010213
052695
077999
067852
087344
031237
008715
103558
012289
010482
111366
057029
118028
074004
096669
103996
015094
059775
014694
092172
083925
076518
018668
045745
003846
013422
049890
066251
049029
112995
045847
133489
045817
014008
006717
101960
031200
009474
008080
021698
034347
011963
127114
073026
106397
065257
056231
107701
098646
013561
016950
029864
129846
049006
000015
116289
097870
103997
091891
068222
114006
019338
050568
117796
030721
015049
095318
049379
071011
093985
083092
125528
069940
120953
121172
117278
041481
132860
067801
085418
077759
027495
078223
063229
108889
087210
002007
100734
007219
004668
040804
044119
020534
101065
023408
097661
130368
099293
063167
025211
029639
008747
000359
076414
053298
001245
008201
113803
036587
010401
004479
097235
083225
045124
108302
106539
132525
045302
029054
045210
112758
047205
092674
072467
064506
033035
053227
073609
058670
060577
131707
025154
132834
082071
129038
031723
006633
060301
094022
022574
117862
005027
048656
107079
024205
095673
058347
023571
048405
074781
061220
033201
019133
077095
028592
018691
120882
012041
128318
019204
041380
130966
108995
106262
068689
036045
055510
095544
093492
025949
038463
033263
009105
130099
056205
099057
094983
049336
077357
007636
071581
084214
048073
018730
086142
025364
045325
094648
033734
102949
040096
041246
115389
080408
080829
062119
120640
100387
093842
125744
083671
126142
100908
105043
041018
131623
087661
088927
032052
122275
101591
115492
111777
019306
035641
006690
008680
070821
030422
063209
102127
001335
105892
025505
124171
108178
075450
105927
128300
090594
003840
019417
037985
026850
082634
126543
090465
103857
085732
090580
130839
035986
110210
119430
065885
001966
103883
038939
054314
032682
081152
019900
003300
113158
115557
058142
120824
114029
129592
015980
131065
032896
121088
010634
118859
065071
072516
045156
016135
016238
103235
065868
008087
013597
051751
088907
039105
015936
062409
108072
108940
108159
031455
069392
018332
104495
104458
105021
043661
095214
074459
050930
016125
077669
124234
056036
076400
016119
028594
092366
013247
004114
109385
038752
097010
110162
036721
038453
088661
007131
007848
043368
076546
024957
127297
093798
031597
021404
091938
011789
012385
097140
060010
063716
099110
045149
005150
059772
057151
087581
033089
116342
086780
075419
076798
040487
133784
020818
101459
127729
013196
092761
075533
026875
029325
038484
129710
024238
051933
099890
124233
071450
000408
027652
085224
029577
092060
091812
132429
001444
032538
003280
086327
038706
029033
057336
048226
088899
010385
064969
059833
072979
036710
125287
066557
011725
002808
014746
012790
018384
124346
004861
062171
042683
118673
058735
007005
046876
097724
015360
002586
083065
033582
128544
030873
076134
056148
019555
111251
039922
047730
012865
021003
099056
092639
095998
008630
053616
104669
106159
073784
079849
072213
117733
100227
032116
105566
101757
036192
064208
016446
117308
034991
098619
070225
074990
107376
118129
012047
077734
065938
069536
033901
100691
128767
103489
001467
108743
132589
077327
042265
035436
077963
130054
018517
114007
037046
026410
016561
046281
103809
090568
058930
025410
023580
105300
000992
061369
052675
059582
042192
003242
038880
062572
006662
089154
011912
057905
011198
098129
129749
119217
108803
112864
010768
026524
069842
056984
053372
035313
096933
132319
058316
053288
088221
007377
046087
089673
021322
067729
133658
072094
085045
054395
063110
063219
005502
099551
071348
084854
033184
031519
121046
055161
020949
061630
100730
086587
047394
094844
101040
116828
095821
092080
016516
014299
058432
041787
031108
056561
125800
115263
013814
130813
070594
020094
083090
065161
056019
056826
087245
131255
094711
030723
093179
015477
066418
004164
007352
033500
056914
118738
076784
114529
047936
016837
108307
082648
083636
077979
097705
111594
058230
104596
033255
002837
125948
031426
054108
016210
040204
007703
051201
061170
085278
053190
114413
001758
122407
044896
054203
048289
075677
039637
120002
013955
024076
013167
003822
049428
064470
077976
127966
028787
075472
031208
062144
035747
011469
071959
019324
064728
116837
024301
035677
029618
051729
027211
085123
115728
065004
127868
127871
077629
012037
048444
017119
045798
062873
060005
093748
075456
056822
125840
038275
104377
027468
072220
014798
055494
052615
051720
133301
026711
014623
039722
014378
085941
132402
041839
083242
050992
009332
008915
003913
046566
122282
093037
029840
099929
094106
124811
100766
057705
132307
021592
111607
120723
075840
105200
092706
051874
059560
049951
085544
060308
082742
093769
034820
009150
060238
024543
063422
046607
085079
035930
045994
114882
047763
054202
009896
033483
106562
054543
054480
122008
033934
011157
119195
096063
030378
115698
074802
011384
000530
050797
074588
089957
070026
009294
132849
009260
132378
105541
133389
096569
125080
133218
037108
096452
096684
050426
078500
125512
000680
106343
047771
085467
126787
089720
123966
018989
041849
131982
065824
003339
074225
018568
012658
090952
074014
125893
015450
051075
104322
110192
039610
103967
123278
004881
110286
016029
073034
060598
068728
111671
107610
026069
094035
006418
091042
054567
028495
035268
092148
052604
123537
107502
079513
063584
033907
126596
072444
032010
121888
044903
107637
017340
042819
059937
040053
123510
116829
058682
069947
116131
027398
122249
072037
040054
036194
055335
042572
062694
006457
094201
029564
002362
080744
111816
031454
097620
097852
110186
057515
111744
045821
102282
062952
091319
074700
107642
090897
066551
051636
046158
126497
122220
044798
012589
080233
090717
091123
070579
089237
086960
047607
053169
004551
067113
015484
055177
107768
056204
108503
056483
025461
109581
113285
123142
062965
006248
026010
129262
120643
117619
129132
127640
013885
010555
048863
063013
076412
132770
062379
114149
066316
030352
061255
065138
064523
119515
128167
109845
020038
066779
026430
029873
061718
060664
058274
030945
055979
070397
044874
043953
095503
040874
000384
080968
105332
041710
064512
030362
018983
018207
010554
128975
118912
129092
129871
133756
074238
128166
009704
088974
050874
019956
052512
040540
086971
068346
087660
098204
028842
058459
060763
090424
042129
131403
111649
020564
093558
075756
114736
053312
017616
103501
039849
121556
027085
108912
068473
106064
043637
117291
114816
026511
009389
030880
076531
050870
102318
026816
047145
018357
031091
011497
075461
009779
048629
009416
046316
028611
107354
106085
099622
005914
029232
113339
023948
044791
036267
069661
093046
092149
035405
023099
064609
099376
083564
073914
042441
066014
127585
082916
075856
084680
013185
015940
035895
093582
071409
085611
064646
048835
122140
105582
059187
083303
100149
052886
066433
006557
032136
098355
052080
064008
053736
052846
114891
130736
077634
072009
068350
078034
055747
066836
080751
109213
000127
006642
133607
039877
035462
116516
039472
100382
016353
024263
029273
019683
041046
063335
054515
112761
105682
062113
023904
108507
098506
003861
046675
023309
026492
077575
046856
108186
015946
011042
116926
016436
036135
128415
014634
103424
112394
024797
037166
092803
034474
028687
131087
011753
016745
106504
024299
121228
115965
116038
065011
129729
060624
021081
133670
018510
109278
094580
034703
061979
116712
004674
088797
069648
072469
097296
031083
016088
060623
085237
006832
016753
116402
115978
086986
082708
092330
043427
055835
029086
070202
001315
097619
002537
122234
118872
011549
025779
068643
112661
004230
081623
092332
094658
025329
050880
038392
003619
107645
043224
093204
013176
039466
125992
124950
046000
043283
060153
119914
016928
101573
069462
037305
022226
083066
081528
037844
132782
021859
026779
056529
051641
073715
021428
101773
027777
044849
100141
065301
026196
050265
026649
108506
027647
076992
124728
065186
132004
024766
098551
034487
015249
047103
021750
027939
086238
069259
130117
007870
115215
048828
048318
048586
016826
060110
024939
007202
037124
006086
119693
020865
002931
118446
000410
104571
008967
123648
085305
035143
003125
007905
083822
012116
072224
074754
130333
119418
101382
065028
096505
095662
003116
080610
068087
047886
075115
097141
012382
024034
099134
036104
089238
023910
025032
120022
060904
103352
077605
064379
055069
024038
011217
055993
114955
088637
057077
098814
021087
036853
116187
091294
061058
013214
040834
012027
009060
010834
101502
059311
071830
008884
091955
107313
001845
075539
054761
112715
015138
035764
013744
042959
015098
057284
092911
035344
133263
039060
043918
070797
045980
030061
099370
069700
082252
051894
012488
009415
053020
072603
129686
102740
047159
115093
123147
115270
053478
035572
080448
059845
078592
015458
101828
131134
076568
043462
055292
035820
017336
046042
040702
071618
025023
094695
035659
008653
119788
107852
027821
062457
004205
108877
037930
093781
069660
062088
020943
010748
025208
034671
061120
009242
116978
019999
016951
007279
015005
045293
116247
128297
123298
044611
013063
027446
039223
100614
055625
102663
053555
110035
133465
131605
041939
011358
103525
072648
122586
121028
056881
099812
044036
041068
120910
051464
008855
018222
112692
015261
028680
089670
057052
063590
128971
075742
115922
001643
021105
059408
111661
053337
062960
021795
000510
066212
011524
003381
053416
022793
050258
113431
095891
065205
006489
028896
055331
005740
041449
064623
032284
076745
122680
073625
067470
128060
003438
046538
101057
088555
021679
081103
026849
107255
034095
009810
044643
069489
071489
000470
131496
101048
014240
017373
128501
021492
073877
008929
102908
127776
048221
102779
067689
091975
121662
126085
028514
080815
024660
103963
019824
120620
052510
129269
115864
097441
097831
064010
048034
030287
023739
012242
096176
068345
104056
099982
038622
124961
107392
058493
074513
014346
014996
116851
108212
089368
006879
024614
010784
046852
077715
063284
022995
022905
129283
064943
030672
070467
007358
086693
130419
050794
004753
125662
039939
055105
029757
128144
032408
065212
044845
036994
069962
014753
007588
075250
089427
057404
042268
007453
132393
098467
071952
004951
042480
119725
057785
023733
014196
084175
073037
042484
077814
080457
132131
068952
069322
009869
038627
092973
100168
068535
086697
043450
036096
038455
023442
099393
007171
037295
070775
114897
076117
035801
007864
077067
116081
092331
081323
062891
059081
060023
010125
049901
029073
115974
031057
004924
095047
032461
015776
053397
039409
005211
020178
107569
000965
000244
131783
092299
032234
130327
014283
029300
062851
079728
068070
096183
104875
056603
056519
112573
084086
056021
015465
034845
050293
126945
110393
014925
117755
018675
021370
011307
088757
008677
008843
040682
018580
040681
069741
042801
057843
100727
096222
001040
023443
120547
094661
069632
014784
123663
010268
025638
108963
059217
066299
123932
115302
084857
015577
114100
009801
019802
096052
002592
005455
009444
104810
120240
036650
102369
019069
072083
059369
109470
109827
022101
092414
046628
046463
066919
129028
033401
046265
082964
064385
065030
080563
008885
036563
038763
009236
094926
066402
047930
132050
031228
015691
115468
122742
013952
011589
056795
067592
086764
013368
083132
124201
007014
084723
103037
121070
043941
030112
036474
004759
116726
018870
053575
015503
102828
006325
011281
118793
041559
039930
055789
053682
069353
099858
095844
055439
025075
050543
093130
101696
040011
040808
086159
125222
099615
047948
090402
018764
103438
116969
052435
119762
012011
043546
124693
027318
100492
031604
061517
063691
039626
129333
071846
107394
128014
054229
026970
086293
109128
129948
072769
102335
047249
113999
088723
006152
090446
076985
050285
076664
069563
028477
083722
023416
035068
115195
018325
009152
005568
006757
057114
032930
093871
077661
004534
035979
091996
027251
067145
127993
116128
063890
045117
050333
044602
021204
014405
046011
005083
117089
101490
035461
097918
006891
095439
055447
103741
119822
093139
046561
112201
104476
113234
108238
070563
095006
006621
026665
001101
022296
058736
048092
110067
021458
069155
090769
049231
089185
049407
042598
046896
031956
081282
044660
107286
057877
052317
126606
072093
079396
128474
085905
104988
094024
054637
035710
040427
015045
062248
058166
033107
131121
104811
120377
078724
082233
072264
072640
111765
025707
021568
108821
125796
081017
108791
102682
090354
028489
031236
047392
034184
000761
054697
019341
006080
048051
019335
055155
018155
060761
079502
033447
025723
052732
085514
090773
066785
029652
010853
054214
041986
001858
090249
057335
065371
018834
069185
124003
108383
009364
005918
024601
133824
021822
102837
068557
058318
079754
109402
132811
046837
050275
045759
054393
056857
042956
102829
018282
129751
076701
054823
090107
012412
000393
125235
108847
043435
028333
094756
050202
121785
097729
064368
005189
047492
130815
014674
128403
017126
011056
107990
061786
042092
108531
032873
022180
079783
015755
114362
004388
115814
021843
010082
009566
128201
033990
094722
058794
130317
109986
088110
068246
114758
060109
031086
005859
038822
061235
007919
130883
042070
109071
001221
128281
005077
018237
098106
040026
047645
115142
045402
031684
118378
060438
028930
070520
089841
052298
050240
003922
131119
131055
058056
086878
061317
089515
006565
085808
070705
063982
034303
026406
123783
036612
046961
108173
075019
041771
018327
126965
099058
008525
117940
097683
103421
040139
054600
073125
092223
096115
050679
048743
129420
092227
025076
056724
049158
126978
018769
075515
047988
130903
101534
012414
077878
035938
083414
075626
027029
106599
111813
075752
090440
036217
021931
113879
044549
039301
078101
034589
108174
053412
082764
089449
102478
059676
084751
016932
126669
057822
092865
005468
114252
045942
126541
010557
098231
131005
034704
111719
027084
081788
100628
130397
066286
058034
118077
058223
051167
025100
105543
014192
130660
125226
059792
096857
013970
008329
085176
117077
021269
028481
060240
025454
027658
090775
079449
071356
012476
094713
040862
133575
000959
088578
068613
001585
078255
112398
013273
073983
001615
082598
044172
068170
063548
032254
002467
002795
004160
096892
029151
050798
085235
017610
072038
023879
052441
056372
082184
073444
021500
108946
067875
000034
084875
048300
033316
004867
102234
068416
114489
107358
116311
118200
106544
087877
124457
065338
001908
119787
124566
094618
126270
001676
075839
105317
112834
054161
065376
107492
030817
035497
036175
097580
046250
013286
013068
018125
028536
076978
102546
072459
115930
124367
103869
045656
075612
082615
007147
119860
132845
107756
091265
011277
091497
026468
034439
112701
118824
087638
005437
083763
038500
122621
046585
120984
007046
044801
112464
008226
016460
048530
085968
045509
075020
015124
120493
111073
042538
044261
005021
030394
101113
007456
099273
021527
108278
075553
126598
089819
054377
046926
045224
011747
094047
091981
068461
079850
050877
014650
029365
107421
097215
003749
008813
091677
073599
006112
029669
023118
045429
111304
086617
061601
110903
062563
040484
063813
031975
020034
066735
027532
092580
006526
031819
103753
092173
050201
053695
081785
106970
130734
112471
118050
122268
060727
030230
043465
094212
076566
016619
092433
011400
023181
100817
056198
045810
030508
009744
030103
006256
049874
005223
045196
129266
120312
105801
081497
017216
026350
104155
106649
019072
001638
118368
006816
053560
007472
100501
104035
099246
036397
057349
069729
126749
112736
028525
037797
008694
004154
067881
109479
031495
073747
010869
103844
037500
129728
109592
026808
061705
121745
034272
006824
082865
005552
025622
054474
043507
025713
060210
015092
026620
000569
065858
114144
074086
054593
056709
036937
105254
105492
124623
091809
022611
013735
030334
104759
061921
032328
083684
013930
024084
129688
101106
102688
073724
084770
070074
085365
009778
127540
074795
112683
023234
022531
054014
001658
012465
064602
031235
096174
032117
019207
015375
116085
118055
102974
088219
032613
007449
038619
130328
028124
110907
108902
025997
104043
064243
057093
018339
006234
106183
069383
054489
056278
106128
034110
103742
077800
089163
019440
046546
079335
094536
051410
031392
034046
027560
058342
101755
004757
085194
111502
015461
133768
126224
059232
106687
003600
112458
068389
128184
012034
023169
028838
126943
049870
077639
121333
096093
005399
131700
079717
024407
096834
018843
004007
082430
026531
105474
090161
103523
024685
015004
057580
068218
100809
073712
061891
079364
128626
086396
043126
073356
006103
007557
093378
113422
003294
120037
102788
000478
043354
112590
054391
053546
018926
036797
037443
088026
003285
044189
074703
082350
003931
050676
132348
115293
099640
017796
000124
069673
119104
096493
091411
092405
085647
076758
097174
007704
125586
074533
085003
060262
127701
023541
098100
117387
047622
117180
046804
021788
029730
015762
020546
057815
127427
027013
047744
087775
101129
092392
118766
030620
070335
045845
068508
080564
099836
073021
012518
004477
039033
115713
042490
031333
022424
055511
127366
000455
044616
015117
127270
003673
111704
108614
107195
017443
040925
018234
122238
059731
106630
009164
028386
096002
003031
015594
001300
064720
044335
039505
090524
001718
099304
131636
044513
019429
060448
114145
107861
125776
034171
075476
120587
080464
045164
031678
071118
047201
064636
028591
060792
132075
101145
003604
102733
120872
083660
086172
006530
017702
106009
043230
048765
054513
044852
083818
100958
027901
119469
004350
112993
133388
002784
039190
083509
025030
106574
113809
009189
035278
081326
054529
079918
097269
102102
105919
106217
108709
056634
052593
130576
097003
109123
126140
114833
122647
086622
027157
036906
085271
099212
117347
132106
129860
097422
128195
035569
057842
109224
010915
106143
040797
034072
095456
106598
099301
132202
127471
100719
017714
034320
010086
001636
026398
119071
003279
105238
075114
104748
000146
013887
055386
005454
070575
061982
107563
062346
118210
006658
000140
077531
018820
064724
061873
001138
028358
067743
113514
043557
104516
128986
133405
018825
091318
100036
087176
060364
112420
095550
064247
076803
075007
051063
100448
069326
020383
047162
091496
006235
124170
073305
064505
126154
018337
017937
103743
098976
053399
013940
082914
020248
072985
048963
108607
045592
039635
068529
010626
097618
101868
133120
036746
061522
006430
031020
031301
070046
125088
017461
099786
014792
128762
092707
099039
083677
133661
066620
044717
124063
098346
031895
003486
077956
031832
130398
133323
047624
129503
020549
012046
088687
043452
100692
037042
018498
130363
130138
006263
115690
123758
043692
055618
015481
095822
017342
130029
124515
101881
089512
022947
083338
054780
111916
062159
079395
029791
059603
045357
102547
102874
044253
075613
089451
046923
068956
089998
051281
029036
074306
077897
008433
119115
036706
026820
124819
065952
009317
063294
005159
024040
067138
122575
076741
133091
003311
010433
002380
127994
091507
105944
032863
071016
065930
118511
098109
124733
029291
015975
082750
073753
112888
080273
070640
046156
099542
005603
091654
017123
010516
093833
086244
057953
050204
013506
117809
034574
036001
051838
032909
102803
028951
032736
129991
015665
070261
045459
063935
065825
058008
099517
127284
011506
040499
076031
040878
071410
013926
062464
028563
050606
113007
054591
050068
065264
014416
100803
038805
106641
126810
066410
069019
128922
082637
056687
131380
034630
016984
112497
020755
113307
101605
106175
033593
083187
070028
038123
088671
029430
131120
129949
058504
080122
069314
008639
033744
035814
051698
111727
033972
039110
103624
018680
112010
087155
063670
069537
040446
002573
013489
023423
066738
130790
115139
089524
034975
053803
129145
068654
018106
096258
046302
118696
074359
026848
007143
109865
119028
057230
088332
101029
044640
092474
032386
105708
086266
103842
022293
083193
022494
073421
011408
051337
081281
133722
107337
023361
070769
098556
056844
111550
075090
120795
098671
049163
057602
099811
033906
019241
021998
060256
126581
074702
106744
020770
117152
081633
076986
058113
015876
037651
021531
068755
067298
123647
074003
086407
029038
055525
035655
061376
070292
127587
130234
115123
123753
096125
043483
092237
126710
049928
053551
071646
123159
116961
012400
065517
133793
104130
046464
012362
064627
060782
007008
015701
051737
035961
085807
059695
101551
000950
060044
102373
019275
050474
060359
085297
101928
057228
075231
039666
009808
100011
080096
091370
044247
019329
046441
081417
072736
087969
038352
049823
004302
107818
112928
082144
027606
116646
110156
107257
018526
002921
058436
098775
025141
097254
090551
018833
043969
070550
094454
010034
096900
084982
023633
124318
025981
060243
082811
078687
025254
111717
028697
030824
044691
103518
006264
125807
062660
055119
013839
061074
072677
131420
051831
094934
023803
007597
087447
010749
114760
077302
105518
090601
002976
095239
020622
081350
063329
041182
012007
112739
020558
065822
121366
061392
018244
095860
033484
027751
121056
117853
045868
125031
093060
112681
075714
008812
096704
129105
131566
102201
006611
095441
019821
084946
052714
121300
060029
033568
006045
104651
046388
126655
086661
131759
043524
076290
096745
101846
117769
060228
072388
019003
077190
074845
130891
064241
027857
056353
058301
048823
104971
129014
073102
123287
068869
043962
048590
040088
007743
114227
103649
074088
066276
050680
114867
002440
049302
049034
034482
113035
002153
063286
061455
005805
063138
069802
116669
022150
107518
011309
046965
128983
065449
060446
003340
031755
121555
091245
015790
125997
086456
027334
101936
076047
077632
122995
043624
112872
071426
119041
016623
127136
064898
113204
022199
003083
053317
032207
035674
086286
026860
092820
032359
075222
008287
049261
070156
133226
040724
040010
043521
044880
050721
088993
007559
006758
053783
045380
096007
014335
045290
081316
073814
051983
035398
108520
001112
113069
077555
065446
016855
005013
038824
022651
095029
022340
085348
117190
054621
063532
059856
001028
115378
077419
097990
109970
054271
046532
057096
052325
067803
021348
083260
086382
113777
036713
068598
001875
092413
048198
064337
009370
062459
059346
064807
131785
119744
105324
110548
029803
125764
021184
010250
095407
025968
132458
106364
024393
005225
045886
022506
064513
009133
132514
102507
099688
094885
035252
089701
075786
009367
013850
056919
057885
127480
005620
122171
066858
066393
050088
032008
094871
007857
007625
098774
003888
004818
047737
126549
073161
084171
050296
024836
060908
061021
004304
122207
101080
045803
005985
034208
077007
091051
079505
029243
080841
110175
077773
118803
061461
099632
116390
115026
053723
107693
072257
058579
011303
037363
107729
119674
092372
116000
124017
021238
062402
125381
123941
113729
016798
068321
059429
049148
129717
093419
020237
041506
060919
063688
013972
107923
016171
008305
079399
056437
075430
040232
068534
004149
016996
116320
069837
037406
069970
063946
096405
096663
074524
127513
100540
132028
051736
001078
101817
118545
002092
028421
073486
129972
057164
130653
034028
028403
122048
065222
007593
102064
114052
079564
037760
069431
035366
053449
126711
056560
098727
050555
025890
052370
054834
093921
072133
129770
102624
065077
108372
122928
085019
051707
046078
065253
018534
045020
053456
009182
063108
078066
115250
067382
085372
022752
025932
094675
061391
017941
096351
077225
006337
010891
119818
022684
017215
114638
047219
066271
010561
021005
022937
040318
103539
013186
131162
066018
013409
001244
036830
121314
070505
130810
080254
069413
100698
089959
021884
091972
131218
110425
077714
074849
004465
117254
072260
051811
088898
008775
037494
099534
103053
009181
062685
070349
053333
125224
116227
117859
084318
074176
051485
029940
131212
030432
078733
100464
120024
036912
016877
051660
051165
053629
102869
069542
107881
070439
007583
056883
059728
054657
112206
107592
066718
070372
127281
118266
052782
057792
013034
025290
064829
001243
051595
078392
002891
088346
115310
106080
062169
048691
057132
037221
081569
119847
131186
090149
070588
059597
025179
039951
030377
035280
058162
117478
101508
011253
077521
066105
012510
046728
044890
097967
050704
102606
105227
081984
015135
028452
048174
124182
095366
097258
051658
040122
092576
070857
064789
113731
097750
111396
107678
012800
127408
103463
090629
012433
034176
063120
055891
085245
074752
104521
046003
026345
104503
108618
073910
103791
031515
051274
095196
015550
124083
118890
093991
121089
098481
028825
052297
077478
048044
073605
105010
107683
036443
083993
070798
078291
007507
044374
123012
127730
014681
066880
114513
089022
021807
005335
094681
011902
052954
053827
101884
013783
027494
127698
020131
102539
101762
117885
086608
128840
086995
100572
083359
126784
058201
023635
131933
072873
031218
011131
031843
111998
050232
035620
013841
102679
110122
027460
132232
086067
115392
023426
014727
058967
022487
026301
113654
049486
083544
068656
033018
116920
019529
003808
024717
022356
068547
028764
061373
030559
096074
001326
009995
088085
031503
029307
114883
009033
102255
132168
045070
029178
094493
094717
023753
072999
133274
129237
014603
094260
124884
005781
110051
052332
005733
088750
020628
049729
129435
118741
010739
063621
103937
104046
051867
058660
081284
065443
100270
092279
113363
095532
063554
040573
122379
041232
097833
119782
034913
021332
083459
088484
048043
118973
115074
013250
056131
089681
088813
004976
127173
013244
080825
022838
027370
072541
017372
097184
100527
133406
067156
093267
124801
076492
096552
098757
018014
048182
090997
013339
042279
087110
112775
070250
020933
133369
100472
051012
005435
043225
091166
118327
000736
041695
002599
025281
120203
031761
002101
117878
065788
032036
017305
085886
120327
048124
019725
047090
072140
108723
091710
034499
065468
086351
103179
018226
050266
099859
112891
014659
073861
122254
122613
075385
054549
026104
023104
053370
116028
053392
050373
110056
131981
083787
053214
100528
051166
083633
081986
034440
040763
017589
113489
029906
077801
128988
116924
124036
043203
106836
132851
123567
077649
007229
126216
030937
030633
132567
089137
043030
133595
095889
022041
051880
099043
130709
117375
122573
075755
091082
096944
116382
133515
076999
013289
132349
068517
066261
044361
091662
023390
063626
060154
082462
101488
021701
077742
120071
038436
059606
125490
025336
014621
058544
073412
014997
087038
129025
045977
073405
096937
086439
032949
093960
101855
069379
041533
105029
093889
118897
100269
072438
034319
108706
116641
065959
005405
124902
115242
026203
035967
058178
014297
021177
011313
061134
107060
132663
126957
047281
131079
017154
095267
124880
069931
050094
042301
126699
036622
065431
119436
050840
067214
055764
067494
047735
043353
081027
076688
016185
101417
100683
017178
093120
071540
118565
057759
064664
091593
023444
006131
083051
060567
031664
124862
068727
102140
095561
105486
045440
103493
079145
106666
057146
009782
014653
113029
022198
098915
054330
013146
072197
039428
103952
001126
083588
126962
022243
032109
075933
025031
030504
055004
064286
081426
008619
053706
110154
117495
086733
015625
080677
122209
111633
011599
099581
011100
070178
131197
084971
038222
081594
129929
006815
052196
094683
049801
082265
072411
091566
014573
038439
058051
000409
030135
086992
033810
042474
078489
049761
119197
013962
016931
095486
021971
104590
005246
007203
054958
131762
044711
016948
004808
049533
046977
062546
073597
059987
025477
075663
001175
111746
024922
117325
002659
120145
031955
047108
043633
004462
126313
092741
052040
124835
100015
044806
027227
077316
017841
096758
105960
065178
011466
123502
027162
105148
094620
095689
120940
133599
022974
003194
013825
128396
065965
028308
130065
118105
078522
018417
042123
093857
062351
092571
033665
109083
007048
065913
018290
075601
102175
037886
028977
100629
122747
086704
116952
020621
031157
032745
049913
038889
110198
010551
050685
029390
130475
006110
102439
075200
068439
081655
115459
003666
047884
076186
108679
083332
003302
031800
067105
051557
105129
022674
063526
131204
091796
028756
062985
111532
044610
075452
027958
062994
004286
108363
072659
100634
007759
119263
062885
064638
075008
054588
102734
023858
036047
061909
043865
083279
027152
106433
093608
116419
123146
129309
048437
019045
014585
007930
004645
111468
106710
045246
005490
065834
023145
008688
074699
090269
079055
079852
110437
064147
013078
041911
088524
128499
004325
108623
022579
093840
116086
050740
127980
104025
000775
018425
060461
027146
115621
062596
015807
045874
086127
019196
107989
109658
009289
131397
119651
059222
032268
046571
073927
007723
025029
021516
119023
098514
105449
070543
082080
054524
044124
070427
129817
088497
085695
089625
094570
091172
023447
019289
014281
109924
022934
022169
016502
102382
015255
074222
020436
027693
069625
125638
072302
109429
043560
022490
065323
131463
014711
085926
090483
048208
045760
095942
083240
026002
127358
019630
089359
124356
050224
132153
013373
106351
126054
043895
032174
048741
098773
119247
045897
075283
041535
114116
096363
104065
077991
131080
025626
077552
002582
079789
083655
088928
086882
130981
060924
088070
025540
044053
105180
085925
037637
121019
011055
062294
061802
085059
128604
080061
096343
029226
087124
023157
048236
031930
015666
051372
086093
052863
068162
077178
002183
015622
029345
076743
016918
101032
018563
058655
031183
119094
094380
101444
131351
030071
053702
021819
032809
060398
049731
035619
117464
004785
106480
082903
080489
089462
097473
118296
088883
040751
133160
114191
093312
038740
118206
109144
013663
015071
008458
130151
005134
013379
014178
074282
031781
048782
107382
043324
109337
029781
069473
112416
109603
064202
071462
004197
087063
052022
108744
080960
124459
012424
093810
072473
114792
015365
065111
063921
108060
098475
035091
025611
122382
001705
048263
033030
132522
024481
056794
003713
041032
070699
121374
117461
097526
046842
044461
053847
003983
046867
022772
050824
006300
111260
124549
013023
094912
095603
033267
072792
026278
004113
058684
050901
061981
023648
129968
088862
018639
044446
049312
006280
043912
011476
126326
006679
127405
100551
026038
073573
049953
063648
068307
029062
077781
077000
113142
074988
014607
042009
102645
086981
051872
012772
112811
133590
019205
027589
057733
124115
065159
020544
070018
051185
047295
020960
125876
109761
128574
086092
035704
119598
062903
133755
116841
000275
038079
121270
071244
067162
088362
062955
102240
029228
027873
070560
055444
013928
001189
060902
007860
089946
016825
103516
119006
098035
045911
118083
099088
047663
088096
068518
099574
009755
115768
056768
031375
117195
088108
044267
050960
015070
054031
110894
081817
036019
001872
027329
036109
001633
105703
086020
094520
035282
048287
124870
007461
116077
036114
107557
027808
012124
044029
077985
074082
036337
126700
015441
074748
091619
001197
065293
022610
130086
030333
043993
059572
129810
102025
096416
051911
009672
115912
093323
068442
051843
044262
120016
039339
100038
020974
111097
044893
061564
080854
071210
075299
119362
085369
077797
105699
129306
121293
118786
085074
093240
053600
007787
109735
052060
089913
059316
126362
000298
130753
051696
014128
008416
009894
028318
034024
113228
085246
055710
098918
103545
089838
061192
108499
088487
018286
038546
092171
081716
062601
130294
074099
129423
055980
132059
029667
006801
014450
054141
091712
121523
131298
024778
098804
019248
033340
041876
022134
041720
056878
084917
102772
114161
119344
073594
010489
047591
074762
093019
002010
056807
013342
007933
053646
005540
045393
088562
026781
075101
091659
013491
042778
003702
117100
063594
096734
078026
118605
096084
013521
063631
056674
011885
102730
020509
025429
031926
118883
058564
116957
061749
118963
082620
052825
102243
120823
010246
086633
012529
070649
016801
073990
018449
077723
092373
093486
115443
020656
068610
029396
052578
109663
131257
108852
015210
056722
011188
067950
021752
120754
030075
070120
010223
055351
042418
128736
073054
074729
121925
100669
083663
067956
132252
061470
121388
004762
129550
031777
043130
044906
129596
023115
017930
097689
099619
116026
068317
089310
008856
126722
101396
057840
080544
046016
029255
112729
077200
082966
058706
044779
064991
009560
130926
016246
126767
041705
018298
067018
094893
047206
010130
107140
058061
037047
025893
052174
090504
110827
099030
050943
124927
040439
026012
118726
121973
100888
080837
081310
129319
049319
062444
073857
109850
107108
081370
066045
046794
015714
114687
013539
020142
116052
086482
126614
011708
087889
047912
120501
014437
121681
083052
033384
107274
059562
065609
053787
065701
014707
127119
121875
055508
101355
076592
043097
001587
067030
119171
036592
071759
048511
057600
039870
084703
118806
120858
022590
009756
049528
112500
084529
012690
017001
064949
100393
102717
048846
060675
115281
083111
067075
108662
049813
062766
030290
032888
001642
068455
008826
071625
068015
092381
065447
116724
108656
123555
015212
111386
082899
084724
129399
089318
060849
055336
091502
074972
055387
112103
118374
100405
047602
133759
069627
021827
029088
003386
022825
105304
034823
000029
101967
099899
121021
083988
129736
128102
050050
054155
062571
063081
124402
053604
120283
082422
059601
097185
026288
036792
106231
057056
014877
012453
049326
089905
067283
102324
013734
042307
005797
099983
076949
126310
061640
124700
052462
121030
035502
018765
038148
000271
031259
060524
107360
065039
055435
034353
073303
022658
047117
128062
116240
089814
047272
050336
004365
100005
088241
116960
051331
096984
126915
068332
110665
087885
110908
098643
024980
045394
044948
068552
085437
056164
026079
061204
106366
007707
108975
018553
016077
131619
104191
002994
095585
119190
080318
063821
063105
031763
015526
043248
107042
131429
078527
086739
001829
116002
058955
039116
091431
079805
074406
116931
011964
025214
056997
024395
043004
064366
111098
037165
095721
080835
018421
093248
077188
000021
045450
105906
015061
028689
042289
059550
005034
120543
089343
054304
042969
043551
111159
005762
017096
010162
126493
000242
050049
107700
022513
104615
108904
083730
062437
110044
030347
057261
009742
055902
004797
002936
113421
110842
127570
011425
119390
049327
086326
108930
106104
089540
093086
111840
019050
096781
011580
060767
126113
096072
019445
120301
029670
116760
075230
081917
014401
125720
105758
070341
071315
007463
053419
072300
038107
078089
119527
057964
011273
114401
087693
020774
101952
127186
080993
131943
094692
020451
063185
086891
008178
041436
004525
074629
049201
044331
046481
122627
011632
110016
067874
015518
002604
053740
087428
005838
030051
089001
057437
130763
118241
061959
070163
015930
002907
110310
032679
061545
044666
004563
123432
093948
086069
059494
006716
057939
130588
042122
062460
031773
015739
035545
022271
037207
119604
013208
035318
014250
065903
039504
065121
031695
060755
127369
017366
113260
080655
120773
017060
102180
017701
032845
042248
027105
003277
100193
036568
002884
013589
117777
101915
003057
027077
036686
082632
086580
002701
128224
054088
005563
061055
056403
118930
076854
039678
016212
086598
073817
103512
110485
058047
058791
087023
012404
054518
133532
049376
111678
017926
036060
112323
045483
028575
117582
119856
012334
059102
037033
057090
026866
039734
108257
037239
004231
132879
024938
105192
000839
042379
043641
052830
048423
047852
082467
089833
002577
018241
017801
063704
100401
083104
096390
102964
017578
046933
000733
108913
116352
057055
060234
021792
020884
028590
085846
063211
068953
057083
027161
109003
033391
100960
037056
129773
115525
062024
029558
024206
102316
033146
029539
008788
015696
101688
081161
025037
116182
101813
029006
039513
050703
085264
076614
088644
089134
023691
027089
088709
053665
073935
065454
002193
027701
100469
084916
132445
113606
003240
085507
014720
123229
069983
050608
048458
036772
072883
115022
002562
073209
014293
038501
131308
118046
126744
127771
067181
081415
089192
091025
056042
130899
072680
035122
094171
076173
041532
008877
033648
029281
131115
056901
065694
118458
041521
114866
097375
038885
098896
076830
029585
125415
028677
126344
120201
058781
092715
100638
127416
008921
090564
047063
065762
115495
021119
018605
133112
028389
016030
119565
050805
042545
039003
003088
114839
018385
024937
074464
129261
103914
006330
031136
006586
128729
006227
046552
027949
098627
052602
055181
133551
133646
066922
045166
034441
096804
087964
050303
125178
086872
080257
123463
099729
064607
054603
097559
133517
050306
030403
094735
129310
039911
048015
065322
109362
005482
062230
096826
042727
110626
002964
065256
077894
053315
119789
060912
002163
011035
129166
072821
028091
013169
043916
031901
064928
114395
096529
015822
097439
099981
092508
091854
037025
011954
111827
027328
090374
045027
116011
107080
013733
023592
119489
120810
078355
091409
049591
014504
081766
016035
086225
053058
042458
036041
130428
042177
000196
101805
027548
091978
071152
075395
076980
028546
120062
047192
070907
042249
127143
095903
066555
083607
044799
067703
044188
007998
024169
120781
084570
084965
079665
082855
077083
000706
127301
123522
130656
016445
107282
133322
038881
095217
012977
068777
012601
089922
114662
061899
043691
128209
117449
000292
131709
001380
115526
108013
068213
027818
037681
005236
036442
040884
072758
117847
062561
073128
001984
050379
030527
047526
105250
115507
069937
064223
026404
000342
005272
001601
100312
011513
011367
125443
073163
090528
090267
108187
008693
009665
083019
004877
054243
132494
097669
063333
089890
092407
107263
093568
084932
006413
053810
007921
025970
052709
072783
029173
025420
096987
032009
117815
049068
041441
083555
037240
005777
021967
130566
085924
058824
102732
022965
102187
092979
108389
079332
028767
092714
048696
116043
025045
051521
022597
022261
036593
048623
080961
092431
061061
035119
038504
124475
003186
095549
108765
113928
063659
049552
037952
006189
129894
053928
119831
033480
035921
095713
097797
064063
067835
057012
132382
096475
085982
056979
100337
072576
035413
016656
086212
100432
033763
075943
004133
114763
019767
050489
017657
047341
026840
064514
058820
060707
055678
036179
006453
047133
124828
043951
114245
052311
022089
006834
086311
013709
090832
047599
033904
088492
078050
095360
097077
067934
122388
093549
031319
060683
054601
119573
092711
064065
046432
101518
050850
121332
127852
033834
000683
123316
039806
132563
129994
122764
082658
067090
075381
022359
109106
131684
090158
077146
008126
013662
108808
003742
096488
028134
050205
038029
103885
002272
012546
101429
108989
111801
067313
030829
059013
090043
012199
095554
006649
072949
021583
101886
089752
000973
130259
113771
068588
010843
112355
024323
129290
065616
002999
102984
096546
096523
127682
099624
018826
117244
004385
040675
018773
114794
099351
046081
064976
101552
004569
082426
103848
050419
084704
062229
052124
131399
095630
041817
080749
129887
018274
091713
112854
015274
080629
002053
072490
085355
098805
079721
025482
013569
110180
061060
081272
081300
027788
102261
024788
011694
115964
003129
126287
055670
127265
066044
062964
067740
043500
023191
101776
033958
013392
062185
037224
004786
061634
095590
093205
066386
078683
105532
001069
015053
124347
095459
103870
100461
001567
086779
070111
107632
023644
040194
010165
098019
096647
052994
082146
021170
058332
015760
030674
029944
098464
082085
046282
129833
065009
026719
069002
072484
022592
127139
023299
070365
071594
070814
004575
024297
022507
034203
063942
107224
096317
049340
015139
007061
110705
061494
108934
101690
044150
045392
030625
123737
007164
043843
097521
016570
064345
016451
021668
095693
067364
062361
092533
074445
117597
108247
033337
016121
033737
011879
089600
028597
107703
123942
081413
037080
121518
037041
084628
036579
050529
033771
095495
033647
071397
024360
010388
132596
068833
074616
131174
063604
123236
034325
017084
040409
073049
127721
098809
112143
038253
025714
065156
013682
001259
029064
000226
075822
034600
102198
100054
035879
010498
106499
027576
018306
025285
057492
023749
050633
033932
115308
012995
007135
047188
106054
115257
001174
131526
022152
040512
015506
023150
092469
002381
010190
090416
096959
068602
078700
009889
047102
062418
114025
109353
121011
004854
090936
016964
102935
108773
033362
129493
104204
089269
084944
060509
083765
023220
074496
109174
030780
086016
104932
127847
053162
031154
119235
131028
054646
015472
027885
064043
045288
108198
103849
044615
098082
088627
022768
103860
084258
033992
131435
032688
001690
091324
053342
066166
014938
050323
049408
040063
118117
129705
034093
050619
075586
056726
056681
042055
046457
015899
072646
097209
103365
016099
049091
132843
122518
115213
021219
068083
107249
123117
009453
061998
061090
093467
009128
070752
005268
030634
031889
042734
117716
039687
110823
119603
043550
011446
019185
036430
002690
061983
093968
017395
118485
057265
045604
086749
007023
080652
059414
132056
084160
059693
022790
129480
065329
028503
130098
032286
095534
063976
128549
016577
068241
035977
129780
068099
095537
128192
088554
038810
115437
016273
011251
022164
039972
133217
051276
088752
017313
029706
071427
109979
133729
084423
101687
100322
028298
116843
035008
050368
070637
070479
103230
041682
014920
016992
117633
048384
101285
027156
030962
030512
010359
038069
004994
074335
025088
084860
076330
093100
056675
122531
109896
074761
035486
026389
076102
043196
033628
055615
049240
017813
073448
014700
010949
120660
022185
012303
057127
046885
061068
102479
074214
022935
133672
027285
013113
010512
024235
035321
127303
092586
026614
035529
077092
131211
011264
097818
129724
127453
020475
060627
072519
049979
017417
001053
084087
095634
009825
094656
039161
098368
096357
065999
032011
017582
097280
013704
076032
056002
133275
104936
074961
076987
045995
030246
115588
026388
086578
029448
116977
027555
075383
097260
056077
093599
097981
130252
108136
090740
119321
005438
118269
043415
063593
112837
051425
094742
000646
048766
132243
105476
053549
049809
038875
041161
001799
060294
124218
010242
110169
098833
045268
046124
096738
026190
029433
032900
069850
086202
122584
074681
048841
049567
022741
069342
001756
006581
022373
095680
044878
033470
015208
094445
019676
071422
057305
066413
004412
091283
103724
064538
039317
122888
064896
019488
111641
105634
085022
129507
103178
022521
095216
052013
058590
007303
047051
002313
021786
007116
123526
093051
072215
018810
131445
013374
004309
058886
092093
113033
087960
026059
001260
040663
085541
066031
083685
061643
091937
027955
053838
094583
114671
073874
011731
085608
089198
127496
079992
117759
071026
044837
109156
105635
016117
048830
103231
072889
113773
069375
132012
058927
058165
071905
044595
002917
046715
131275
067229
014610
054586
002509
055969
005146
015668
045521
116060
131085
022135
087641
059805
011849
104236
104544
072733
125195
045992
107582
004268
009341
099041
072505
066047
111533
056218
071398
093820
128078
011813
053780
001717
125233
040714
057248
128797
074001
053110
011894
039730
098953
068792
010642
052276
046556
017924
100717
041152
039657
046298
081274
058697
076721
065516
059948
055123
001921
004869
110281
013678
021900
063800
007096
114180
127644
036831
118582
070868
090060
019845
008714
112432
086751
025201
008860
061811
043201
051671
032102
115289
075599
097328
008098
105351
132040
096856
015566
004239
022252
059600
128856
095898
074120
073781
093454
028757
047049
073902
120425
064465
124744
026927
106892
002540
093374
002587
085562
059461
033564
131531
081624
055060
086360
021161
105337
033812
110147
096285
121343
083726
128081
068231
007112
059925
104970
031103
131072
075166
122409
024665
072401
098215
046542
127168
052114
108786
131703
094862
026545
101781
066841
023404
131089
126696
008889
074915
013019
068690
126975
026829
053715
084219
102125
056861
043339
005412
130549
059319
022644
047452
076060
059502
042393
074005
091128
035773
031264
051853
048989
111549
094547
072201
076081
101659
128726
060740
094622
096948
016899
108116
032601
025784
052527
054801
009277
074856
066291
053968
016094
117821
100386
092403
100317
074109
000964
084414
061515
064755
065177
090392
090614
054996
018565
095491
069944
050272
017572
129553
017253
007661
087006
007302
098990
059009
048769
067064
044699
013385
089987
001518
014176
122170
009853
070135
050455
122115
073460
011150
077423
030469
009372
110602
077545
046723
087412
022056
113914
104914
028390
064839
037051
104709
057340
077342
102661
041479
112253
048337
005158
038969
096930
015845
072556
079878
064347
095327
061496
086616
120564
109485
012637
106791
133302
008029
058932
044598
011787
064238
045452
060927
127861
067826
030654
124818
029399
055167
016218
089864
026349
030902
065482
085404
110295
023293
106656
132606
123360
100311
003599
123440
122610
077616
126158
086050
102607
048718
072350
061213
074587
020541
128330
058226
105611
046499
047649
072935
077644
097166
057923
091390
016540
012353
039938
086219
100398
036550
015497
048184
049009
084347
129054
045465
086964
052478
106286
023570
111543
077693
099668
095019
039401
042998
126739
004770
130894
125237
048523
128342
121486
013227
094105
056465
074716
044803
088816
121084
029612
090974
111444
097390
027312
059907
022025
064812
085173
051453
119311
020434
010107
053461
037109
090053
115834
106750
028730
030762
125574
065772
046205
025525
015453
113157
057498
011447
098334
003806
125803
089642
060272
072487
077749
065223
073490
087949
065295
035514
126917
034354
049894
007655
095833
100081
113607
003122
129327
062573
062534
112360
005190
074921
064951
024991
042388
020225
068515
061175
059972
061943
110306
000035
035557
128720
076034
063792
026633
105357
089504
071678
117075
025774
095536
028300
106776
098917
004989
079889
051835
089108
074862
032006
084377
106460
034614
106956
129400
089207
009517
003445
025399
068502
076489
055139
009052
118529
106623
070890
082478
027279
092362
011177
055962
035276
128055
066583
026228
065416
090105
119519
033978
034277
044014
118926
000690
022516
117041
012198
119377
052155
111782
052288
060744
131063
058144
105311
042176
054781
060159
056432
118354
018215
000917
018209
006819
001357
060385
124705
059441
106825
059604
071788
011081
003816
014709
039146
070970
045704
121231
119997
119790
102205
070592
092034
040873
067036
080314
022028
038102
076201
014143
011351
055222
032801
028579
107832
006571
102628
023687
058901
098846
114170
077187
009707
090610
121071
020148
061591
126160
100008
123661
014728
127514
004050
060469
031652
017669
133224
015494
083989
049930
129043
121400
005933
083609
034297
010687
113715
058832
128503
128690
011314
059021
040092
007242
058719
117331
058433
116755
064934
087778
005815
028950
008213
084727
008669
045472
043693
123482
054266
003811
084169
026534
051294
002815
068265
083992
129745
117807
025558
029984
091687
089621
072816
099272
105248
054786
042257
015038
083968
035657
028831
069484
076899
037996
130666
132769
078376
019141
073951
028329
042252
030737
008412
120803
089494
089448
086489
059177
093048
010382
038138
101197
112424
105770
116442
122730
012449
031545
018204
057435
013350
001672
012986
014422
101317
037150
041681
047256
043493
132107
074851
099336
028164
006005
077695
132416
006532
011604
017192
120457
050589
104551
100163
079508
023000
067659
080447
119743
002052
047613
080234
082582
014461
123650
049305
061486
003453
094006
015013
025891
122690
072856
051428
048924
129156
110155
035524
085893
052328
110001
021538
073045
066058
115521
133393
004527
094624
053221
098507
123680
038959
061926
131418
092685
032119
066949
133064
030424
018356
037905
063131
015346
056713
076550
085623
020705
081060
047466
125039
068637
095530
125881
090093
120403
019524
103886
016923
018085
128009
097621
003735
090596
127498
076384
023291
003408
000905
029676
035995
038510
011301
094617
042425
109550
010745
070942
047594
121027
089939
118792
013311
043107
097731
100206
105208
070870
014107
047100
045909
058960
016817
094666
053087
045249
008483
111730
019447
088506
068106
024529
019988
099105
105773
101626
041030
100346
087637
131253
031821
060082
035303
017979
045706
080120
023028
077384
106524
096964
071801
027895
069584
048265
040415
045590
027024
010008
124984
060041
114095
099090
050286
097761
076348
123605
062170
091764
098096
055719
064212
088583
059997
064487
124719
021007
048950
023761
050283
031289
072305
050636
112674
018993
053345
051015
084824
090870
094773
069540
075410
060222
003893
047719
052053
010867
043662
003078
087922
117767
085951
041578
018235
104167
052081
106675
124437
122779
055545
047183
058509
040297
129057
014819
072183
090959
133836
056040
026685
023793
015825
055944
084664
077072
064498
067076
035112
066876
068840
023094
041582
047459
108974
085650
002585
128565
026951
125867
050360
050817
046363
125894
073748
054863
066269
061500
030828
120737
111155
081260
119060
072565
036061
093652
025078
125541
046971
045908
026076
124689
055375
074512
077143
005658
101376
104088
009955
013160
024782
027704
062363
009547
062961
122053
082352
042949
033309
056422
100016
078600
094685
132694
052637
076244
100801
057295
091359
059275
118113
119804
042377
132585
109166
040108
098054
056069
092753
097419
110060
038514
086728
013902
022367
086227
040772
042274
062530
010797
042817
055390
096595
011420
009510
104793
114421
035401
096025
056963
074243
015058
094820
085672
106592
021556
116084
081475
129962
047877
052497
110839
019166
010014
091985
087714
078759
115153
005848
132058
109992
027433
019875
100162
070740
061604
020135
092511
128681
032925
069199
113662
059011
065292
031175
066242
041029
093879
132512
018328
036460
055451
021223
115141
027141
007603
099222
092893
074897
114410
090589
003790
077815
133516
126770
043890
109834
105429
129740
021599
035406
089620
016103
077075
094785
089473
044175
126120
048389
008204
036463
016383
052031
052977
039855
129908
038821
126304
019908
101206
045328
061342
044294
057018
008810
133340
030360
015158
012174
065412
089615
100586
039534
066420
027424
121770
064468
117934
038618
001419
002785
099182
050367
121510
116116
127765
065421
015938
123955
049946
021619
110276
114819
089606
118166
028806
041979
119593
010322
016510
083462
110232
055797
065424
064686
002961
096065
121819
053379
027079
043769
068548
083275
104976
005338
132132
131547
127711
002278
039681
099362
099594
077185
008415
098902
090104
130838
075066
094877
048279
110176
074919
005561
087842
089850
037873
084128
133040
125736
040790
132231
027366
032527
029095
106801
057745
110921
049586
131708
071704
078386
126624
113478
107311
124628
054505
001626
127147
114803
010660
022766
107943
123077
085859
052564
039502
046458
106767
008114
098457
047696
033024
053855
083173
055373
076708
043267
102148
055829
103504
060734
032831
058964
043698
122809
027039
079871
114414
005014
107052
095679
011730
118419
100714
117842
124875
045144
050959
078533
044907
070189
078036
121276
086727
043369
062014
115402
020975
085858
115746
006221
063375
054797
061544
067131
080483
095628
079834
072511
108768
061801
050129
092058
043266
127145
053318
062240
007300
073776
012265
021728
087905
051486
099900
017954
094651
004349
076918
098768
013502
023082
086180
106369
050248
031374
125738
019552
077658
130115
093079
080495
071574
075154
077652
024055
044064
024266
040497
053075
121771
031677
018961
044780
114444
059677
113896
075339
049597
060879
075128
108502
015072
000428
101672
060432
126284
046384
084472
119924
114321
075047
105246
064192
130359
084995
107517
031323
099990
066533
054954
024334
058738
001812
069773
124319
018960
014848
121634
114856
051829
085242
056371
103895
094545
051498
006166
014540
026876
104935
112152
051673
122037
027874
085687
084822
129996
056721
027508
080269
113132
047482
065622
043714
074242
114461
011517
003989
113027
021737
052368
096688
125189
091141
084265
060458
011780
033973
119191
120553
026950
116947
004019
062047
091630
032546
109299
006394
068498
057474
027142
108112
070675
116135
089495
061216
112004
068475
102698
112030
012031
038186
046123
103224
132417
123683
076984
030691
049902
089508
117192
086972
003209
029061
070712
131905
000631
099111
055185
052725
070148
085018
007101
001989
021895
095209
071316
104131
086183
031616
069372
089690
013658
131405
075948
055716
008015
025229
096642
022769
052555
048179
092621
026954
125353
121113
053720
060558
127803
081456
071549
109756
030696
010752
109639
133628
046529
130179
049897
090703
106597
050384
084592
130074
009554
020963
071435
061613
068788
073264
099709
031936
012126
064050
092581
116819
133069
056016
005310
061703
074073
094951
017840
016613
050186
082660
108862
090029
045461
019238
087072
055565
114090
016177
094174
060247
098138
006377
129526
098154
034547
029688
007011
020567
109715
028673
123433
117359
107677
002403
043897
045796
099784
056730
011696
069050
037997
046759
127352
104711
015934
130648
114229
013691
102530
071032
070741
051713
007332
105113
065700
090571
059682
068950
002998
074083
045269
028072
023871
014577
065495
095513
027330
027401
064431
022007
000890
051834
069480
004707
013532
084180
042260
027660
070927
104356
040454
023103
107486
129626
025567
043031
008046
061444
056789
026815
027666
041673
103110
110798
041725
050447
032347
001427
102039
016136
051382
132062
068486
036158
112825
127213
035708
036609
014906
005601
082012
071772
095289
016249
108790
060780
095402
111051
036020
128007
080207
011254
051064
073401
038550
051788
071303
037868
084792
121993
020213
058742
027269
057302
050949
076782
023307
124830
043566
116968
024149
114944
048219
105452
006725
040811
096896
041632
026898
042542
049020
083457
060369
049700
084925
101870
108354
068618
103884
083702
091736
030514
054470
057038
029600
058200
100052
059890
070354
030591
085415
052347
105274
098055
124633
032595
068626
107211
043719
108236
068209
044535
032729
096133
032746
105739
007712
065693
095069
047650
059675
113769
064396
127187
117283
099331
040503
030680
036509
055548
019310
079363
089360
010735
014721
129956
042324
099823
008317
086154
129144
104777
112486
026710
119955
021576
050898
040838
115171
006643
048193
021109
024025
121714
019603
097730
039791
066071
119120
130572
112474
092904
029418
058494
092519
009562
127060
040317
056097
063414
129823
115408
014009
037950
072147
074303
032566
091419
031554
011670
015758
042104
102031
116489
104841
016506
133401
089437
020067
055554
052978
030653
114176
065361
085164
059240
094891
097059
027796
070599
055209
072944
032068
052315
000180
009362
064394
000150
096067
103571
040526
105436
065935
131979
123876
069450
039231
011633
109465
054280
049717
102138
012648
112605
020228
101680
010290
040824
048822
067822
069190
116689
021930
098776
086683
049677
067032
132192
132687
021593
080213
124256
074728
034346
012219
056909
070012
067821
119803
127491
052519
038059
095231
068632
020400
073737
101554
041094
100772
104953
057200
027502
080970
079869
020820
030809
002881
050372
069699
077606
047427
009582
027332
122126
118750
041144
076654
006409
097099
052694
038860
092589
012497
081026
056006
104998
100793
100805
115205
030556
068793
102893
059580
001104
103995
010078
090573
005602
024043
041687
028189
048694
093992
101702
121549
044230
015847
119069
001127
015062
046269
098781
030566
001358
010439
049214
060119
049856
099774
121320
090664
011431
094202
087799
094880
021277
051615
104184
016130
016233
062737
099389
091950
016167
083044
105979
068524
093872
044943
045395
121490
131426
127015
032569
063956
068562
082812
040163
011507
063926
068501
108955
034464
105276
013867
047950
037530
084311
052956
000895
076574
025538
018536
045292
044946
049225
024273
053321
115252
032780
088377
042787
018196
099270
003337
108565
011705
039862
057323
094046
104896
000066
030479
117786
091980
020136
072057
066032
024471
119807
052668
038122
030727
059245
055679
099889
111893
029815
042763
116873
056269
110723
077404
037939
025488
019136
022662
027204
118991
112555
003974
031736
051436
123506
011693
048067
038080
055088
064880
016866
076065
030123
054427
114905
082731
129285
057841
057562
035334
068523
058972
027833
067087
093087
107944
064426
059704
014423
105211
070778
022251
072007
028295
104431
092018
084713
057659
026383
107012
108746
102488
051007
038359
030772
121318
025712
108809
106789
060550
017560
063536
058689
005367
018293
049207
018359
022004
108107
016701
024740
129934
069631
008238
044197
056549
059447
028092
045715
062270
086579
026885
124235
090716
116677
007674
049271
115581
043910
096435
008881
065632
031055
031224
101193
113448
120489
067473
026035
083175
085054
020836
111958
050393
056311
074648
066675
012996
101972
051268
098029
012494
004541
115157
086750
013566
079484
082197
115044
015463
013117
052305
094907
076016
127073
043451
031054
053995
124120
050036
101941
078525
074442
046558
039753
076044
035479
002481
020169
003829
012068
112675
045595
053711
097495
125616
084044
107594
014027
095672
122303
095490
072326
062681
124981
127057
026698
010074
034233
037806
104243
094867
035439
089257
016221
024108
020064
107858
112457
098885
074383
086184
051608
129753
065798
048395
086932
065795
122021
041745
021295
128373
119204
060845
051084
022397
002987
120482
016549
050688
033886
036578
127093
003304
093469
076434
058897
099641
111363
026438
010397
081270
060340
050300
049369
075473
110030
032851
106293
125045
007140
064968
047185
042430
031776
005776
027970
109495
073534
055497
059525
127434
035314
061353
049876
058291
039357
072932
068745
054091
130251
055602
070627
039028
084107
131326
028932
090343
030942
011914
015791
027097
031172
021580
078538
108703
008925
055313
105025
027006
121248
104163
036949
056308
016652
049195
061370
102091
056172
068233
075694
090405
077735
103089
030853
066107
083130
035906
095160
082987
007216
095708
102176
106857
092026
043751
119483
053552
005255
035297
100511
078271
000437
010043
100028
031047
098815
059258
071003
133093
083916
023226
004927
122708
004454
017998
107718
130910
129321
061752
070823
126951
036517
006192
012256
058405
072673
006996
128392
115427
089743
076311
099630
032757
096394
087145
107130
049087
009051
039824
100084
019167
003785
026601
107192
022434
018331
033331
040668
091108
002570
085471
068773
123011
046631
084780
133314
102920
096140
058314
094602
112890
126909
071688
010717
115988
017990
043325
098180
050089
026226
087951
007374
013614
058827
083174
101581
100788
015995
041408
132025
068627
084288
081661
019449
046229
119218
128057
128836
034735
041198
107053
129312
027171
051779
035123
124020
064443
122185
061156
011397
098970
055063
110134
047485
108595
036138
036717
065303
027057
113895
047198
046762
005590
058569
028055
038573
055754
048460
112688
091016
035541
009570
016806
068006
002116
112380
088675
006513
074783
039671
081533
061409
071162
111622
043892
089281
129786
047176
012835
002311
039851
064726
040788
088618
123021
058416
045659
106513
123437
100057
030675
026456
007564
092106
086844
059051
096482
086155
094042
051856
018494
012584
002048
058942
066454
099532
064630
102030
023100
021982
119047
068527
002776
094257
093047
062235
042460
107240
041086
063368
065254
125085
047331
051285
004741
107116
114060
007794
063717
008505
010033
048336
125167
004848
055370
106300
047426
053615
040426
059825
070309
053542
129552
120801
024265
016068
040058
114995
126011
132655
062976
022492
088095
091825
087039
108088
006028
102972
035661
092196
095592
015743
001609
132546
065195
059979
085420
057993
006594
065490
009910
090364
108540
026597
090052
089974
097360
113477
102467
123366
064377
086859
105258
000237
003593
093358
126323
080477
108364
058498
056849
001122
111512
023353
011330
108804
049558
002962
071093
070768
001850
057092
087771
049160
042291
052096
001314
042467
119612
101208
104917
058221
097480
109971
125238
022740
118442
130651
105184
006383
008253
016818
011697
098841
092883
081562
069638
079075
065342
046118
054475
125994
129974
088404
031412
076088
062968
125149
116861
061273
016930
026441
080917
115149
055262
092338
016672
063651
117864
020828
082745
007080
070001
095757
010297
054379
133142
075950
092827
043981
129508
100795
088777
124062
014521
105153
065355
107242
084989
068617
040530
022073
023071
094526
101484
027954
119836
125755
065423
094290
035803
068450
071583
103303
103112
013180
103619
010155
087116
098557
074023
041738
003518
081127
040161
125284
047553
002202
091278
113743
128773
051301
064682
104296
048768
125698
055054
075616
044265
053851
125423
123152
129212
021921
050383
043213
011735
012468
111892
113920
118439
004640
087971
087311
062168
100148
083413
007657
088159
095430
111387
033977
111712
039274
041463
050662
061454
044168
064369
046555
088382
088328
119189
068749
065678
084259
056778
067319
010378
050958
062125
023649
128340
071310
074977
121598
057500
027539
003890
097311
075190
015387
059988
069968
104999
064977
072470
056081
055294
127800
005779
108979
061141
069277
091429
060575
121344
071132
041844
133157
075054
121571
113718
051378
099665
074334
081504
095232
010707
131500
061094
023771
121502
066253
043950
014457
014835
112571
070519
024617
076428
049427
131774
048912
060356
070004
005651
079911
046848
124831
061046
104105
096393
058891
072288
113424
041145
079877
022712
030644
005749
048725
123301
010970
014638
004225
124929
052965
083383
058701
088932
120491
006400
057099
094372
043803
101971
030332
127988
003094
090715
080259
004766
023283
051026
111382
092724
091943
021054
081919
119265
035924
058233
125526
083070
008670
075957
096090
051206
007754
109627
109182
023468
045532
027223
029386
059328
051138
002359
032971
103968
014496
070061
132427
022088
082241
120084
105508
047137
098538
107639
125358
064597
107648
040260
030538
011362
094229
043642
061459
088577
046174
132152
008861
121073
046139
073061
057180
063703
035741
066398
003417
088837
001596
077645
026160
111068
112910
097466
048375
025297
118646
091730
104151
074782
005770
070989
126682
054036
046554
102211
002270
031318
034652
114358
078728
065906
103921
042457
120078
054211
007599
080533
062906
005585
118791
008808
013784
092805
126143
131595
101775
129033
014038
091535
025574
023983
004965
102351
074675
072194
007906
128137
103060
127784
078000
096559
044183
117181
012341
107651
002596
027773
020062
065024
112414
062620
132609
070544
018341
019140
069659
125154
030219
124589
061676
003927
026448
018667
119853
126121
036508
129869
008041
098203
057192
077668
002956
103866
047677
104132
078001
006677
044264
131771
025651
032064
064641
076908
038155
092177
078241
029270
117444
133089
055361
025640
115506
040625
056589
006362
101176
040582
068790
025728
085556
046307
103554
002094
116262
108965
016802
065388
002997
118226
093206
092703
054520
085436
032312
026800
018003
038085
017793
013674
125905
091343
046976
133501
039937
091632
068182
080297
083614
046639
044417
107154
129571
132666
072929
022001
105161
126044
093097
050349
097548
131075
013510
029098
036501
078904
028830
000952
111632
067085
045619
054021
034210
069408
119305
089506
091669
057196
040198
005554
036834
061587
046960
075102
060660
042511
107359
060543
004394
107321
059495
030679
105587
109726
047197
107570
022865
117748
016557
117813
084427
068735
008484
116056
090977
062937
007721
039528
041907
129859
097134
055998
129769
119493
003977
106856
101074
095845
044712
008589
117417
131219
083402
086920
051663
045601
020478
089564
125227
055472
051577
059500
058946
073211
095254
126695
030323
127673
097529
003009
049023
024990
061217
028023
015457
122411
015011
008711
065280
054445
068553
047652
020682
022850
069713
039345
035929
107609
097342
104528
108724
023319
066370
046767
109100
035078
036999
116140
003653
083041
119620
085684
048211
072943
016076
091263
093468
004318
064453
035147
038849
082196
047621
015581
081433
124000
118363
027849
022260
000664
091447
051928
033198
014581
057479
128380
097915
083551
007466
043703
132273
045494
010291
092202
056829
080345
119618
064387
066010
133184
103854
046766
080991
078384
128352
024799
017987
057789
052235
063444
032004
020422
124012
086973
116803
091371
043831
090474
081163
107021
002277
011000
048372
111492
057626
095527
098929
008274
045872
065146
079732
099966
068165
005355
062688
092732
108065
056712
124688
094636
122060
000020
043894
031662
081291
017788
065404
116264
028290
098174
027703
030939
016828
119950
065180
102993
126603
081815
113932
029634
097240
063643
082744
115406
016927
133591
122593
049167
123699
111308
005971
104219
006922
005928
093096
125313
071965
062494
023828
035006
129764
018554
079666
107709
091721
054510
079925
081769
046233
069371
043893
033848
085332
047290
038121
064566
119868
083876
111378
006698
065339
132554
129499
020958
082460
009842
108917
066133
089140
091165
084976
122086
035491
096414
055556
038238
009740
072150
012254
070256
036171
105453
059690
012248
006329
133199
094005
013116
078991
048417
125983
032739
114786
131179
099215
053685
090646
107911
031596
032163
118277
099172
016784
116106
037687
084585
033948
129791
121117
106813
018423
122878
050971
060017
092828
029646
124789
079700
014555
108275
112111
087952
090689
037522
016905
064461
048138
025972
010729
056889
032269
100871
082725
047243
052329
082994
009893
023472
122320
016541
103980
074111
095670
013894
015377
030383
023777
034443
132820
051366
105658
090409
045498
046438
011063
110877
015829
070168
091162
052622
068734
004699
092132
104470
074363
098663
112287
019046
044057
114035
105167
004368
068173
061047
123359
094573
051297
127643
065037
022633
130292
108474
059274
078173
088101
064110
053026
102137
051546
022201
041784
014689
125623
058945
060839
091154
022327
079315
105121
082264
030440
062167
050921
020483
085491
082787
121249
078726
133253
123072
089177
024092
011716
111440
121352
129896
131027
060083
042790
011450
101634
018121
081059
074081
109776
026095
002655
101794
132161
063386
065272
133435
009463
129029
106587
029861
118928
011197
116407
049311
019546
099970
051535
008662
053920
054244
057764
093300
127488
034008
070160
041242
054397
122994
120880
024326
002958
058027
001586
059674
130498
017664
001481
060694
089380
002609
019195
021015
076840
072664
054547
030308
000948
028654
125550
079893
016054
113113
059990
045153
102563
090050
051540
092555
108639
074107
114043
069819
060517
094936
067378
122031
127558
059859
014172
110776
073318
083789
033252
016885
002904
027498
016800
078928
009918
006871
074230
027335
024947
024672
123345
114178
112101
033019
059943
064166
094853
118224
096846
086402
024261
072674
107491
020976
061291
131524
065631
108310
027469
000689
001619
103008
024964
084438
035846
048370
075028
121319
001671
000472
073301
004323
076372
066255
059223
129954
007976
063760
046604
054218
069710
108244
065118
052552
118170
050802
092520
061847
058951
013036
107427
066829
030728
060227
046895
083171
006525
037348
002579
040065
039455
074670
021867
057306
082912
014480
003756
054334
089871
061035
068716
049165
041404
040720
042485
094729
024992
118080
124757
115326
011269
076287
077336
122212
009944
122122
026588
075807
026157
104941
097577
023941
111889
015334
065316
065696
064035
055892
067807
072762
128453
113368
095476
099463
122763
031581
125639
114273
133439
055104
019492
047184
025660
014295
010521
024773
106983
033569
101820
088511
056064
070356
066161
064971
127618
093698
002769
072315
021721
034351
011721
096748
016547
118692
048667
004743
123270
016100
057058
083696
092024
083921
039085
019430
027147
061534
096044
001846
054083
009806
079007
005820
103425
025644
080915
031858
012807
042776
094023
103581
015347
011544
051715
118111
129487
064398
073608
098342
097820
083086
035333
098837
027448
009246
064954
109351
115577
049807
008617
081792
039370
028925
065246
070076
012650
090141
092807
098391
120855
026142
060295
052378
130454
115450
022495
093560
123150
036246
020719
097679
003362
012704
043003
013503
131767
042988
121901
090260
108132
093117
035509
057152
054840
031517
008177
074928
048048
031187
031874
053420
050401
099262
125926
060958
083961
123772
129483
008540
001376
065761
010692
092949
107371
030376
000422
117581
074229
114228
124294
102480
133651
106938
008625
102425
097919
043340
019267
059787
074798
108223
017095
117309
107635
076880
111839
073377
032040
004837
108733
100481
027385
057213
041464
052982
097690
062929
035819
109590
078014
036407
128003
019751
118025
051215
057609
058275
047216
087817
019331
032263
109157
026959
131202
048278
076879
107066
012646
030166
043861
116486
014757
055086
028799
077647
075895
129601
044786
061483
090410
024118
121984
041361
015669
125826
046232
123915
058483
003717
071920
088028
129671
130254
092248
093347
054782
026651
031241
047861
097974
019972
121385
018757
089373
083758
076245
048250
010743
122082
120868
107071
005553
009578
126928
121075
125055
069560
093133
053689
028067
026813
107122
094159
093513
045576
063328
129091
015077
070406
037749
047549
051137
076497
118782
123785
096344
026729
079325
035586
061997
000442
073970
042951
004545
093216
035421
029149
019380
115131
117664
026212
096635
087666
047910
027210
000881
086555
011366
078027
123569
056152
103150
106496
028052
022292
011997
085728
052402
004721
101576
031742
074949
056155
022621
010746
124615
002077
059966
038218
006747
027167
032015
104587
098836
104817
089559
058260
008485
124375
038060
116001
001162
117751
041048
126684
051028
117390
039940
030876
049562
110328
045229
090140
043443
123968
064555
072563
013458
122769
081039
058281
044035
025046
076141
062581
011597
026330
002652
115119
068649
128177
000027
000638
123655
037419
050245
082718
015240
018208
009070
113447
076421
116797
029185
095157
056100
048388
058536
099261
106425
079856
062659
120618
003247
129353
007452
049996
123006
000277
125210
112637
075441
001948
060476
010450
085027
132498
133132
069586
085883
047014
094053
060711
050264
084477
000280
106391
050241
009014
073478
101505
002497
039577
077286
126070
072351
002179
053756
115251
085302
041080
070790
006346
133785
091455
104515
110544
000884
122194
082905
072937
051763
104407
104715
105158
112439
076477
110298
054323
086983
086821
018007
042960
118406
084284
132946
031873
098306
027473
068939
009489
065953
094559
110660
104907
099369
070914
004562
086623
044177
063624
006755
018389
131244
051011
042770
046085
016441
062406
111978
059823
083899
079444
061741
115748
098435
105978
066897
010066
007783
041729
005007
074509
005460
036754
020606
097667
074979
061944
045367
122341
005747
007161
056220
008196
040395
014584
023670
017973
022886
083329
094074
031600
091766
121566
029148
004200
132037
052543
022939
074935
050878
115311
032296
104282
042576
034712
080100
089801
033749
097428
060343
027645
106396
061352
122993
108846
058631
093801
054170
094597
030329
109014
088051
111093
023971
039271
049245
006150
132821
104546
133832
018046
128781
033927
002746
087067
060115
101665
096736
022441
019657
072364
007446
109573
111449
123449
008031
095657
011341
007163
030082
055053
086846
015970
094153
040101
010976
016814
100748
110509
057130
044125
112465
052028
021203
080055
023407
125007
053378
065357
096594
100559
000420
094306
011438
063915
046338
133150
121804
034446
062745
082497
119044
125065
097622
057746
123543
091384
099948
006299
005070
027230
078874
098665
056332
133330
104389
095198
042174
013394
069403
100485
094189
045022
086905
110341
060676
080724
023332
029251
063450
078633
133018
111395
081419
132930
094496
119049
120431
018803
108601
131090
121589
099783
073651
081182
121072
090257
095321
106787
005939
015556
107004
016116
028629
028858
124887
121301
010452
019319
005447
119707
097762
115138
041403
092203
073655
069382
092419
126698
061028
029654
129739
050399
120832
118566
074206
124836
019628
049232
033594
132262
116294
019199
010239
015915
033063
023107
129452
109968
072831
056099
083415
091887
132446
077812
121904
063318
099536
035120
088374
098680
093906
003213
110982
127530
018156
092379
123130
007237
094847
106980
095664
063613
091922
076180
126068
072030
124949
032572
035885
118829
013880
015670
002144
039185
086842
089649
058123
124821
008462
056291
044426
099162
116867
111938
089640
031382
047140
021882
046776
022546
036803
093166
026716
130214
011026
049462
046768
064319
020730
002893
105362
120734
063071
037595
039994
109391
074227
017148
002040
001728
064569
036964
095510
019416
120270
001434
084030
064122
007863
048178
056256
028326
028093
106961
129771
097978
019257
093547
070829
113103
050150
009960
003817
015585
023994
011662
061144
075894
064093
036787
098313
023863
121688
105823
047546
114850
043537
126358
029322
065973
078539
119522
002982
106765
085073
069310
045618
127590
051913
015097
077052
087602
116271
100453
028828
132330
016807
031202
097308
099863
002433
133336
039000
033444
072437
032661
103655
062015
104661
123442
095987
025365
076712
001802
080971
007285
019664
068337
048224
083148
103201
004261
116080
093929
101667
008943
088553
099290
025478
047464
057774
079650
026232
050052
065717
087549
127977
044060
018600
054843
038904
111787
001866
040722
108038
113407
020838
124015
117826
037888
050700
040372
057237
064007
124933
132839
052194
073071
058688
096388
102771
024219
006874
111402
065467
010356
122371
057131
061636
010662
036887
110514
037352
069592
107711
125448
131367
058795
030923
062855
086096
106125
015889
048483
077008
011062
127181
124893
007475
005443
018581
082192
117598
101410
007802
059587
030545
005056
011857
095212
102818
117471
070873
120792
059986
071898
086860
133191
122081
018210
061091
070928
104445
096256
129845
068746
068707
046798
076644
114863
113454
016342
092977
102502
020303
065608
078692
020896
046730
116916
128101
038758
082882
035942
124320
108742
047088
006442
002966
011676
067949
035411
058157
090016
080827
015480
009148
099118
102061
009091
005645
110952
005811
005600
086270
123549
065881
055841
105353
003363
069195
114354
001336
050422
130465
035044
118061
007400
014163
133821
032810
053001
009564
093188
006180
096043
020687
043914
101807
076837
010935
011458
002929
032919
043728
027908
051719
084717
045899
046839
119778
014428
054090
110113
038524
077500
070238
082888
078147
023600
107136
050133
058910
032131
064972
029662
061052
095458
011683
003144
054135
062128
061555
070068
033962
098755
100660
035047
059736
117556
016387
092814
131956
069474
031022
121362
104289
132188
020291
065683
094432
084221
116318
011978
084465
118917
060296
123705
029780
005046
029409
005248
085581
110106
039599
116891
089265
048438
124359
040093
009053
122639
095572
068478
056974
056290
085771
003290
098113
056541
037907
013086
098699
057968
095162
053194
016129
124778
095840
097488
094237
027417
008494
026179
043532
028415
002810
116779
063194
061363
085134
010604
117732
071336
010175
058835
066497
061509
102350
129774
056359
085175
120289
050045
052084
043867
057517
120622
125072
022329
061346
014942
043684
064694
106829
045812
049924
084954
126028
007927
023164
025166
064708
064087
039804
007477
107671
093938
102819
133411
037611
108326
015464
044099
054316
001975
081276
060526
057934
088859
053279
040240
113989
043215
095706
024107
128517
032837
058438
084228
006361
101365
102449
104084
006398
033231
002933
105733
073586
056352
062376
062760
108394
027297
011949
048962
090707
115982
086335
008601
077665
116792
123069
118325
006908
083050
099241
015054
098874
086163
041319
009780
056699
060796
055728
036162
053343
126716
024800
003007
036613
018189
133326
112930
052827
111178
119085
013813
052496
062744
061759
101699
005378
027937
099093
049106
132926
116816
010363
113991
009235
119615
077140
045255
047758
114481
128462
074958
020186
129128
013260
011800
047764
008928
061034
058668
048763
026853
131141
101260
088022
064392
130070
009653
040696
071613
034782
078943
071985
092082
004144
107092
064948
006740
097767
118218
035645
132426
004345
098522
036521
010229
119095
121941
118521
068055
068702
091068
102298
065367
020197
025646
045383
013217
102115
044568
000436
084103
129882
097297
011578
048572
068930
131899
125648
099872
133384
130965
119585
132163
032750
067461
013548
062567
073603
116732
099612
041085
090439
122695
067964
012084
077409
090554
006942
131794
113378
062832
060416
107889
117176
023664
072105
078924
057763
007480
067808
042684
003649
118988
000031
111029
076418
080423
128637
126523
010540
032289
077694
101127
029833
049084
096970
063433
011823
109006
028705
058888
044142
093465
010956
020355
129963
092003
112611
083664
086380
032319
013525
105625
014537
015552
058511
009624
016033
114059
097844
025150
066842
006306
008981
023034
025060
049927
114425
109074
108785
022435
128409
077176
102097
040104
054536
063145
086115
117586
115832
024404
129930
108200
078936
095492
048378
129856
003856
059544
067776
101818
061290
023757
091762
040051
062135
111728
108856
111436
038615
008794
017056
107673
099541
091171
075457
121305
095651
023969
009654
067224
058554
012593
121078
006603
042211
033283
071127
058557
024715
015561
058708
016564
076309
036395
007176
087772
053784
106171
095207
057568
069253
068134
036053
092509
092150
003876
016081
060917
050375
102120
093143
054501
037061
119135
034450
047982
040009
046053
059926
052333
127652
032685
085299
107501
103430
093209
011052
003284
090232
121196
057669
058553
101362
057461
013821
008686
012907
072471
008121
098555
093534
043756
005483
128526
108044
117002
017557
101716
072936
025963
025347
030740
109133
072330
103628
089866
069911
023400
000326
043932
122567
117937
034199
055024
067474
024895
024446
085902
085932
043343
007236
066292
021356
112530
001293
082939
123984
117064
014553
017942
090162
083969
124004
074053
045266
105461
028410
067694
095292
077189
010057
033750
066270
056882
001133
028490
027957
047932
107199
064246
080713
086009
111299
124134
074168
093507
076364
023482
050071
101118
001572
007526
084055
047302
085938
127063
044499
123712
081484
098647
008512
029949
103887
038893
094314
042818
112670
128104
106888
059010
074864
071108
027052
101326
091077
033186
128670
078712
073782
044396
130913
123241
047960
072027
057711
013522
115783
024604
008730
071764
021590
099843
117522
014502
093902
055798
024710
006634
025193
117073
056320
007195
009271
121507
045585
066396
106760
103552
073886
059847
041894
118304
053708
056977
018796
061024
119745
010967
116275
074751
048175
104682
034666
099121
054177
103816
037811
023829
102963
091160
077843
057312
053417
013363
019296
107269
093794
047772
127449
042132
018126
053824
127211
099279
027099
128347
121095
081861
024548
057063
057348
008296
025093
068153
025546
046248
068577
115825
133640
115452
059174
034420
003678
042821
072633
094124
123553
027538
097350
082722
039323
013622
036027
002521
040707
005203
104799
067148
028135
116504
051102
093850
011246
073503
131277
098610
018008
059280
055915
051454
120433
063728
045802
089222
007915
036775
062257
089902
101889
052290
089158
064173
122977
114126
020160
040362
040094
090159
008259
129443
082010
035206
106830
003459
116345
022234
088153
114773
030971
041151
115322
098165
124857
122743
078517
017711
062433
130276
054649
056018
066026
003877
005048
055317
017269
021858
112786
125041
102849
095567
046725
103117
091651
117577
021506
029867
022699
038023
002900
023350
065297
043980
000754
036898
007512
105117
002711
047174
122410
045647
109838
117328
031535
037842
033998
126108
133141
052334
064190
022392
074417
101579
120013
000837
133731
055930
012466
017117
009113
130639
104541
085947
058322
000171
047659
014048
050237
023887
062930
095749
075936
025035
049858
002515
049105
036708
010434
080517
032037
061243
083434
128079
089696
093653
123443
025148
012567
089131
018362
052079
126122
085116
001155
028097
049123
006986
085876
075228
032687
129384
127883
091287
066049
120531
018721
087705
087558
011204
074987
121558
067500
026380
003800
041478
053324
096016
056386
050320
095650
039512
043386
065299
052416
116241
058321
028130
072532
009045
068249
121642
075498
025508
045434
122515
000687
031066
039896
090770
053074
126731
041571
055623
109710
005002
058055
009057
089852
057487
029385
054764
066452
092191
106285
054899
079150
041768
031544
056249
055425
088047
034957
107723
035561
083442
108399
088845
124704
071452
060515
066277
095184
086052
039670
006720
063534
096700
033207
089863
130685
089686
038747
001399
035625
102293
068447
022398
126254
079132
012216
004165
069279
009343
032531
065332
052005
021185
084374
041255
111756
113761
062011
017830
016639
071492
090028
040524
069582
102523
004227
116862
089513
126379
114936
014310
010501
033950
046208
110045
037652
033473
075214
078065
069378
080878
005823
047033
071385
039636
047209
033944
023322
090163
098854
001821
077502
088286
084873
043896
044641
101955
124168
035978
079786
118747
074254
035496
126023
124531
033020
021442
079844
025588
094051
097839
077363
097878
033261
067496
099181
008042
094485
111952
022213
107370
094916
072052
121043
014244
116446
097278
026103
023253
089411
012762
042124
066274
081445
009587
004930
051034
125417
106432
093880
004745
033478
131860
002422
010471
039319
045407
017046
104718
032544
126321
078969
057141
010594
052541
018039
050242
001010
001322
069810
131464
129152
039150
006500
112105
068966
104588
026718
095980
096936
120875
017407
027553
059061
031012
088643
040374
001075
084421
012296
023869
127411
031992
033918
009770
076001
086513
052077
089204
133331
084112
035014
108988
102238
035323
050149
119829
030947
119862
131691
021811
086989
055403
111284
109220
124583
080142
102315
042499
029211
085113
085900
051128
008004
084155
054111
056665
054263
031830
017675
093533
094726
077565
115307
026378
129395
082907
125752
104922
103707
040690
118465
119109
086861
050675
045884
017380
091250
101963
031618
061777
096266
055082
008763
003918
117688
100198
070866
103847
104379
011066
016922
032794
002935
129985
104649
098324
090817
099097
124761
130091
118886
015935
027109
125503
058435
100156
049932
113394
072630
132135
127820
025466
104835
056671
026147
051949
058463
091603
068597
003206
086362
012432
065325
109077
004000
119264
040239
025050
060884
100251
024122
041822
072214
084045
102393
003418
129599
076982
015353
059815
025056
079304
043767
075819
048810
131035
089142
086487
077748
015927
028894
108780
011041
058705
018824
046017
111209
007361
091728
053002
089930
025584
001195
042740
072888
014190
011976
032564
030211
028681
040519
121133
001238
068189
128260
119619
130525
131530
062877
023174
008719
022409
100127
117946
020499
113696
059333
051678
099322
086958
022314
085383
107174
032392
031824
088944
080509
006768
057896
009915
051234
038187
028789
008100
030669
099230
087225
074750
078330
110313
100812
006629
014114
070295
107438
100053
097640
123461
028190
035035
110770
057657
125549
093528
079675
040761
033911
132128
090448
098071
071669
048005
037086
064014
015784
098148
129001
066143
133377
043300
069411
044897
123302
043742
111628
121316
007793
129720
071780
129391
016546
003256
064491
009777
076082
133053
081512
069739
124734
039160
095826
085078
001402
027847
061807
045593
094755
034958
114980
065364
089026
108535
105284
038820
081539
116091
048945
064596
001889
034292
095233
109177
117955
133297
023593
115297
013435
098119
090142
090394
106136
035614
116110
008023
016552
007538
045549
095570
037951
059795
044255
108572
005244
095661
017169
002215
030420
034414
042145
064561
067799
007403
070191
098235
006570
052676
123978
002376
062987
107695
075079
124262
028467
034493
052237
029221
049800
112008
057073
099274
129320
093914
094495
005028
004140
030180
017772
034309
057315
060937
040842
016214
033069
092516
029215
104096
000515
031727
064360
095286
036187
117480
008599
109985
030821
010896
014756
042366
091562
025781
081659
112569
129965
022200
027120
010693
098999
050646
097301
125573
049090
038937
098097
115756
130281
081442
097872
106565
128748
059354
023329
091931
054444
093881
120736
071019
080215
062889
130596
002819
068715
110302
095745
093436
076522
130467
098491
083966
099199
070648
098518
061782
077161
031371
039407
108333
022431
130927
074209
050348
121928
116498
078303
055951
096267
031852
018272
050847
133266
018153
088572
030044
119820
102227
014808
044905
029959
127693
043911
008978
044637
086458
014497
023314
095493
063591
043631
098333
010338
114331
001842
069926
037062
024880
028852
123951
106353
121604
126027
057019
091807
015565
124378
052139
068640
055050
101649
089193
085347
084463
089952
061992
051182
031645
069683
086165
000092
112990
066867
111629
056003
022924
011214
078735
091708
023922
007032
096251
094922
131859
086450
071399
029066
016747
132125
040436
049521
060706
026939
083294
099960
040539
117484
097881
094539
031706
007175
057974
083259
093115
063500
047716
126953
056462
110900
103699
131725
082640
015047
056396
094462
121321
058014
086824
007585
011841
087130
132787
119394
119222
097452
049484
047435
119370
089304
092570
102434
102520
128408
029383
071323
076753
082969
100020
026207
107644
036747
037889
095674
043794
109271
050776
016528
061229
112818
076435
104873
029849
005622
046040
097553
075387
063216
115268
103890
122263
100946
131789
049815
043036
076511
053052
021151
106465
005016
001506
063788
087773
109535
097603
069125
000564
005213
102165
010241
025689
091302
039121
104378
030161
102667
028817
105668
085895
051487
100802
045546
124506
109282
049917
098016
008632
127565
037925
079558
026305
050255
031142
104335
125449
058206
130750
102297
038686
055734
035417
026243
072402
008631
099655
070757
023977
028897
012782
011312
095302
107144
022548
009964
056700
007825
125354
089235
129866
076862
022870
068676
097826
101883
098261
058814
086140
054460
032092
093395
058842
017538
067066
125808
065954
022986
018082
114298
073415
106126
047938
062816
072108
042784
064404
112723
057439
017076
044817
065438
100091
008935
002191
107125
115894
039923
101705
032020
117676
001603
042540
058306
120349
105623
027888
131951
004339
075350
049952
010988
129479
127088
092801
119319
103858
115248
033544
038415
067302
022512
129667
072283
132487
082456
048489
085354
057376
065986
107327
101199
072462
097005
113973
098143
063165
029380
014544
032683
029046
098068
124873
066468
123722
092359
019168
033686
016055
088230
124340
046789
020738
097123
045634
063147
124379
045928
132053
093792
056732
035465
130324
063341
005538
107440
092189
119159
102489
102754
047715
073075
079411
059975
063766
054189
088868
071962
052991
025459
008681
077317
111919
036167
083443
083667
099476
101571
050900
104695
033560
090766
066964
086388
103111
003745
015818
054346
085015
015778
093180
060528
049733
025360
060057
089647
031348
002908
099316
095332
019976
078925
018288
054798
059598
100359
087644
063323
039412
068816
125756
050485
029415
113844
044579
080290
015792
093311
085987
055847
100754
073015
007698
107025
036916
062489
010212
052506
107016
011707
079853
078796
043781
130381
128482
076735
018432
122077
000879
051770
044920
064410
003208
020162
114878
069398
042592
075438
106580
045257
047432
067713
070087
113186
133271
046073
075688
058698
028471
033284
049199
027343
133049
061085
101500
116181
117373
065916
039571
010304
129741
013248
108689
104493
038213
030941
068710
110081
080611
006302
108794
057742
046860
125181
088638
038549
126253
003991
058879
071706
124269
048177
044551
088233
020334
050151
075698
121740
025581
084060
007587
124397
096853
064961
034026
090605
063638
010105
068670
133544
112877
095562
065664
057427
020447
066739
106491
050547
115223
058775
107179
035654
033925
012884
102325
007909
122838
133601
116095
013877
124725
028352
036634
118693
007979
038276
044126
037499
070619
060596
110336
051499
070408
119025
014213
017482
119613
115493
090264
000681
108633
063173
102884
083185
069626
044138
100750
051426
056031
127886
002880
046679
081156
033789
081394
053183
002493
020098
127882
071729
068835
050289
064206
002788
003109
081262
120260
115447
131451
068378
105540
094736
005117
133815
000798
056576
097997
015728
007270
012615
041406
066524
068572
012792
058841
091417
092323
032640
002684
124826
122083
070132
080565
074532
058740
108910
007555
107050
043773
063287
106567
010398
018238
042159
029120
100039
076920
017628
039140
069128
125068
080852
116670
050430
022137
001566
093168
025393
065996
084644
022168
012287
119358
093241
043478
132425
024262
043559
095904
000846
099470
081318
130533
083666
061431
006587
123905
063987
060541
019846
074632
130164
005956
023685
096121
026595
086164
133717
029686
014363
104862
108324
047139
030309
120456
093809
078685
089324
010135
091509
132569
005044
084959
113251
127097
033348
015875
043995
089016
123339
042162
010765
028136
131400
024798
114151
032813
063121
015069
048345
054435
132449
117613
015554
092415
066748
022784
001657
053362
005793
121806
013069
021992
080400
045233
016224
027929
034293
072301
052926
026703
064699
105003
086755
045197
067967
125051
112785
042026
020589
060040
037351
019996
060070
033345
044609
060317
091048
050686
089117
013477
007257
099661
057133
054114
108936
062512
034015
110721
104653
011727
010903
024602
024298
005234
009153
122299
045072
067221
016447
090533
088864
070013
075574
133203
065230
111165
050329
059022
072297
120500
092974
069402
020519
053464
053786
037451
068525
022529
090818
056302
065786
041083
122433
083190
058560
071635
056924
024264
035553
014529
046210
098508
007084
058160
075127
070059
081947
089848
102353
128106
119253
074645
030964
001894
027976
066034
065615
070583
020161
030128
005079
115448
133431
044732
074240
085243
009295
023035
026478
046635
060716
035407
020030
106470
099591
090345
123462
124664
119116
034245
076864
058875
094565
042664
002013
103987
076135
003796
056636
037869
097512
088415
094878
058499
002096
044718
086641
006195
072263
032694
001333
085290
017155
029311
063290
003932
113472
096808
103164
127896
039113
123185
101222
114676
055362
085072
009633
120720
116655
105929
043603
079957
040110
002755
036113
101216
124859
102177
066580
057477
103932
010418
002085
009041
087662
073135
024699
126055
103916
008550
099231
055543
075760
116496
052296
078717
048275
083699
037823
063990
090541
081689
058417
083507
025209
095229
128039
051530
100995
126733
044706
093955
106135
041379
076957
010488
046433
119150
066406
095563
114956
070098
027081
044739
043290
051416
063387
066172
104090
120069
011048
034550
042792
057385
008000
052720
116074
035680
095066
001994
026520
075709
063551
060812
031430
005531
094632
111715
097385
132190
030245
100460
043875
058673
115920
050110
073889
070881
114306
101001
025147
099252
127646
049885
056136
029160
072248
082984
042149
033877
013668
065785
120444
059628
031007
077260
127804
119582
020763
127835
092151
017776
024926
071748
045118
094203
051677
044345
032437
022704
131675
120039
035373
129731
008888
045608
074188
057251
003368
102338
041833
028258
029012
027561
088075
054033
053361
019152
088334
051824
058596
024584
069932
049047
012082
092108
116376
069593
108059
062284
127919
075857
130476
066104
069282
051654
067681
027250
111544
011474
047954
001377
115549
120861
097462
065377
065032
067124
088234
037327
060259
084728
117601
041141
075397
031802
042667
111752
085499
021751
008086
070863
031935
108183
106838
031027
045291
058637
111811
121645
116821
088942
132205
022692
078787
030997
050444
008591
034161
001910
019435
055261
086018
088080
098492
041476
128374
027136
118861
095137
045602
050760
016148
096036
108105
006485
095280
104535
050194
025249
063036
118413
097312
066055
041367
029534
112002
106267
117778
107292
068433
038708
075632
115122
008192
109571
062093
027254
035549
128194
034577
034707
008862
124360
102233
024988
096207
015763
127269
045824
027981
007174
102216
096778
130342
065391
089725
102952
110794
086440
053028
011143
030049
119058
025939
006901
071400
109984
099439
109095
090748
041197
014919
069020
088050
010760
120812
012667
075573
090955
086199
039620
019444
118870
075003
102457
043227
024775
044984
012271
119174
121001
083809
087154
031552
111964
104670
101589
078205
017971
011777
008689
012462
022215
125520
036530
043612
079276
006502
082659
083176
042216
077135
015885
058475
103513
004715
097192
130595
124428
059959
063512
002567
051809
025052
038871
044358
055235
062970
053569
114975
123262
108813
001090
116696
123507
067184
047089
003150
000426
009467
128865
046179
053774
055207
052803
009149
041247
063183
118377
002977
024915
058570
070525
040107
077160
069192
100843
015115
012514
102581
127374
056711
080747
100169
109947
020956
025796
031990
082423
035437
118580
113359
081907
049715
083915
069991
017375
080940
048258
000386
083550
094943
115800
040551
013800
025122
001593
040825
085349
063125
132381
068136
098137
101383
083948
076476
131396
027651
119898
096428
093628
083331
023271
073950
102741
035542
129648
056137
016138
027521
095032
011634
029660
125145
038451
042372
023478
132234
072244
014999
049542
059309
018378
131891
015981
080241
057150
050800
013967
094497
129291
117154
039569
097330
025069
129936
132057
127193
095406
047706
112764
044445
124535
084652
058947
064097
017989
111028
091756
050511
104520
002265
068491
006761
093322
044788
021424
035396
012657
096624
036094
098278
102305
114486
029798
093524
023695
103167
005325
108170
109017
031368
131411
116408
023596
018309
042946
073733
066256
093630
068549
133320
102668
063405
126501
075107
057089
106636
032724
017562
098250
085248
069501
004709
131398
086053
065289
107938
028079
048361
037854
051432
052815
117343
040091
113156
066869
091631
132442
090099
055247
114801
013211
014945
100256
128750
005977
011918
120483
107077
104134
034434
132322
122332
095108
111476
052931
067395
026777
021505
066455
104230
127306
037989
115337
077261
128350
027760
034461
005841
083657
035877
029217
041019
005380
009461
022764
026254
023762
000903
045591
095026
060880
131354
072208
045278
085095
031456
027050
026367
072857
076271
069183
101932
071980
007487
009062
129955
040055
118644
011719
128454
109346
060441
123129
121015
036961
075722
109497
022902
027205
013768
056836
097029
068373
021198
097049
089309
129088
084157
022196
036000
044412
105108
012048
011999
014207
099958
123970
000070
039142
110791
126046
102259
108994
034209
104399
095880
035606
077071
071460
012163
044884
089450
082968
015327
033797
075490
011311
032157
089851
054874
040398
130642
015073
032385
022235
133310
060932
023233
121010
009357
058982
067083
128151
129322
076981
042395
080718
026107
032798
118541
103896
009620
023102
108468
084402
068864
100463
028848
048571
075962
130589
050130
009569
035597
074207
013743
095528
026557
111079
128695
035499
132043
016920
018545
053246
093251
017627
018426
020212
025132
007750
046972
106768
113742
084011
089031
062130
090499
047287
046286
037060
000624
073137
072860
109608
085871
011743
022952
015449
025413
117433
127131
042983
008951
093281
117443
107583
107806
037119
054307
109472
109520
065691
060774
009190
115830
019943
034329
116007
006865
071956
093642
098326
112384
079392
045381
116185
102321
091723
121309
082609
105288
056987
044722
041473
086808
032473
026122
006739
100381
030700
104120
060118
129901
007946
032741
059553
008108
018050
092558
073507
032776
051456
014702
013261
059360
083198
114154
017242
054835
034181
067959
058647
057017
010507
090743
062967
025468
056847
110755
080920
121269
016170
079927
070006
095426
055836
031785
045050
036294
074659
078049
098466
048432
073532
093578
088892
062234
069041
034086
102433
083659
096977
060699
110403
032772
000464
106950
063967
117936
049880
065931
011331
021324
009044
049709
084856
107270
103056
132518
091533
117558
127764
039270
097903
107320
052797
097946
073314
127795
048767
085802
067052
065026
085244
035307
092945
064610
076005
063440
013393
100509
116883
094093
035915
095551
122581
101542
119444
027237
084485
133057
016961
012574
091911
057204
008999
009573
133221
001736
048679
024153
076856
049604
025269
086902
090593
082449
023421
089706
114103
005260
064938
034045
085066
001299
002906
003283
084467
093907
019496
091741
017605
056125
014065
005441
094874
128020
023678
133162
071053
114021
061200
055487
061896
061230
061857
053998
052021
104943
076242
008139
091046
061615
010673
062316
073321
007030
110080
075349
093523
025274
042497
052065
064642
027872
039349
086226
122926
116509
041101
126527
030168
033119
129907
129250
119859
039676
120007
003764
032580
091071
105109
054299
003189
110177
017624
102057
023321
009862
041827
038295
018364
091588
045556
013876
086969
086268
119491
005286
062178
008450
033141
133500
115523
115083
048866
071270
037296
039737
059974
006913
113210
045441
011071
002508
088897
036080
013840
028081
129336
097414
040255
035371
029605
072440
062007
088889
018194
102907
007039
039579
010404
