id,SMILES,canon_SMILES,specific_rotation,specific_rotation_computed,specific_rotation_computed_abs,specific_rotation_abs,specific_rotation_power,specific_rotation_power_abs,specific_rotation_computed_power,specific_rotation_computed_power_abs,point_group,is_point_group_chiral,point_group_noH,is_point_group_noH_chiral,specific_rotation_sign,specific_rotation_computed_sign
15406,COC(=O)[C@@H]1OC(C)(C)O[C@H]1C(=O)OC,COC(=O)[C@@H]1OC(C)(C)O[C@H]1C(=O)OC,-36.0,-195.98,195.98,36.0,-78.55379999999998,78.55379999999998,-427.63815899999986,427.63815899999986,C2,True,C2,True,-1.0,-1.0
79778,C[C@@H]1CCCN1,C[C@@H]1CCCN1,-32.1,-82.08,82.08,32.1,-27.333150000000003,27.333150000000003,-69.89112,69.89112,C1,True,C1,True,-1.0,-1.0
81750,[H][C@](C)(O)[C@@]1([H])O[C@]2([H])OC(C)(C)O[C@]2([H])[C@H]1O,C[C@@H](O)[C@H]1O[C@@H]2OC(C)(C)O[C@@H]2[C@H]1O,-10.43,-4.54,4.54,10.43,-21.300354599999995,21.300354599999995,-9.2716788,9.2716788,C1,True,C1,True,-1.0,-1.0
83472,[H][C@]12O[C@]3([H])[C@@H](C)OC(C)(C)O[C@]3([H])[C@@]1([H])OC(C)(C)O2,C[C@H]1OC(C)(C)O[C@@H]2[C@H]3OC(C)(C)O[C@H]3O[C@@H]21,34.43,106.66,106.66,34.43,84.10801409999998,84.10801409999998,260.5565141999999,260.5565141999999,C1,True,C1,True,1.0,1.0
83899,COC1=C(OC)C=C2[C@H](C)NCCC2=C1,COc1cc2c(cc1OC)[C@H](C)NCC2,-45.4,-212.51,212.51,45.4,-94.10194199999998,94.10194199999998,-440.4758522999999,440.4758522999999,C1,True,C1,True,-1.0,-1.0
84221,COC1=C(OC)C=C2[C@H](C)N(C)CCC2=C1,COc1cc2c(cc1OC)[C@H](C)N(C)CC2,-27.5,13.37,13.37,27.5,-60.85749999999999,60.85749999999999,29.58780999999999,29.58780999999999,C1,True,C1,True,-1.0,1.0
84655,COC(=O)[C@@H]1C[C@@H](O)CN1C(C)=O,COC(=O)[C@@H]1C[C@@H](O)CN1C(C)=O,-89.9,-56.18,56.18,89.9,-168.28830499999995,168.28830499999995,-105.16615099999997,105.16615099999997,C1,True,C1,True,-1.0,-1.0
84954,C[C@@H]1OC=C[C@H](OC(C)=O)[C@H]1OC(C)=O,CC(=O)O[C@H]1[C@H](C)OC=C[C@@H]1OC(C)=O,65.0,-33.28,33.28,65.0,139.24105,139.24105,-71.29141759999999,71.29141759999999,C1,True,C1,True,1.0,-1.0
85031,CC(=O)O[C@@H]1COC=C[C@@H]1OC(C)=O,CC(=O)O[C@H]1C=COC[C@H]1OC(C)=O,200.0,-146.21,146.21,200.0,400.37999999999994,400.37999999999994,-292.697799,292.697799,C1,True,C1,True,1.0,-1.0
85171,[H][C@]1(COC(C)(C)O1)[C@]1([H])OC(C)(C)O[C@H]1C=O,CC1(C)O[C@@H]([C@@H]2COC(C)(C)O2)[C@H](C=O)O1,10.0,93.72,93.72,10.0,23.026,23.026,215.799672,215.799672,C1,True,C1,True,1.0,1.0
88579,OC(=O)[C@@H]1CCCN1C(=O)OCC1=CC=CC=C1,O=C(O)[C@@H]1CCCN1C(=O)OCc1ccccc1,-105.3,-38.28,38.28,105.3,-262.477098,262.477098,-95.4190248,95.4190248,C1,True,C1,True,-1.0,-1.0
1237942,C[C@H]1OC(=O)CCC1=O,C[C@H]1OC(=O)CCC1=O,277.0,254.69,254.69,277.0,354.91178999999994,354.91178999999994,326.32665629999997,326.32665629999997,C1,True,C1,True,1.0,1.0
1280129,[H][C@]1(C)CCCO1,C[C@H]1CCCO1,19.5,143.21,143.21,19.5,16.79613,16.79613,123.3525014,123.3525014,C1,True,C1,True,1.0,1.0
1280146,C[C@@H]1CC[C@@H](C)O1,C[C@@H]1CC[C@@H](C)O1,-30.3,-121.24,121.24,30.3,-30.348782999999997,30.348782999999997,-121.43519639999998,121.43519639999998,C2,True,C2,True,-1.0,-1.0
1306064,CO[C@@H]1O[C@H](CO)[C@@H](O)[C@H]1OC,CO[C@@H]1O[C@H](CO)[C@@H](O)[C@H]1OC,-39.9,39.83,39.83,39.9,-71.095416,71.095416,70.97068719999999,70.97068719999999,C1,True,C1,True,-1.0,1.0
1310260,[H][C@@](O)(C(=O)CO)[C@@]1([H])COC(C)(C)O1,CC1(C)OC[C@H]([C@H](O)C(=O)CO)O1,-30.1,209.96,209.96,30.1,-57.24869499999999,57.24869499999999,399.3334219999999,399.3334219999999,C1,True,C1,True,-1.0,1.0
1344287,C[C@@H]1[C@H](OC1=O)C1=CC=C(Cl)C=C1,C[C@H]1C(=O)O[C@@H]1c1ccc(Cl)cc1,25.5,-15.31,15.31,25.5,50.141414999999995,50.141414999999995,-30.104512299999996,30.104512299999996,C1,True,C1,True,1.0,-1.0
1345025,[H][C@]12CCCC[C@@]1([H])NC1=C(C2)C=CC=C1,c1ccc2c(c1)C[C@H]1CCCC[C@H]1N2,26.6,-10.1,10.1,26.6,49.81807599999999,49.81807599999999,-18.915885999999997,18.915885999999997,C1,True,C1,True,1.0,-1.0
1345099,[H][C@]1(O[C@@]1([H])C1=CC=CC=C1)C(=O)C1=CC=CC=C1,O=C(c1ccccc1)[C@@H]1O[C@H]1c1ccccc1,-204.0,-101.51,101.51,204.0,-457.48835999999994,457.48835999999994,-227.6453109,227.6453109,C1,True,C1,True,-1.0,-1.0
1361916,CCCC[C@H]1O[C@@H]1CCCC,CCCC[C@H]1O[C@@H]1CCCC,26.7,130.4,130.4,26.7,41.723822999999996,41.723822999999996,203.77477599999997,203.77477599999997,C1,True,C1,True,1.0,1.0
1423051,CC(C)=CCC[C@]1(C)O[C@H]1CO,CC(C)=CCC[C@]1(C)O[C@H]1CO,-2.1,-107.16,107.16,2.1,-3.5752920000000006,3.5752920000000006,-182.4420432,182.4420432,C1,True,C1,True,-1.0,-1.0
1428230,CO[C@H]1O[C@H](C)C(=O)[C@H]2OC(C)(C)O[C@@H]12,CO[C@H]1O[C@H](C)C(=O)[C@H]2OC(C)(C)O[C@@H]12,65.4,254.56,254.56,65.4,141.416382,141.416382,550.4427248,550.4427248,C1,True,C1,True,1.0,1.0
1464743,[H][C@@]1(CO)CCCN1C(=O)OCC1=CC=CC=C1,O=C(OCc1ccccc1)N1CCC[C@H]1CO,-40.1,78.35,78.35,40.1,-94.34848299999997,94.34848299999997,184.34423049999995,184.34423049999995,C1,True,C1,True,-1.0,1.0
1621057,O=C1C[C@@H](C2=CC=CC=C2)C2=CC=CC=C2O1,O=C1C[C@@H](c2ccccc2)c2ccccc2O1,55.7,295.4,295.4,55.7,124.912263,124.912263,662.4610859999999,662.4610859999999,C1,True,C1,True,1.0,1.0
1624200,[H][C@@]12[C@H]3OC(=O)[C@@H](C)[C@@H]3CCC(C)=C1C(=O)C=C2C,CC1=CC(=O)C2=C(C)CC[C@@H]3[C@H](OC(=O)[C@H]3C)[C@@H]12,61.7,-71.6,71.6,61.7,151.970802,151.970802,-176.35509599999997,176.35509599999997,C1,True,C1,True,1.0,-1.0
1652900,CC(=O)O[C@@H]1C=CO[C@H](CN=N#N)[C@H]1OC(C)=O,CC(=O)O[C@H]1[C@H](OC(C)=O)C=CO[C@@H]1CN=[N+]=[N-],-46.0,337.74,337.74,46.0,-117.4058,117.4058,862.0138019999999,862.0138019999999,C1,True,C1,True,-1.0,1.0
1680160,[H][C@@]12CC[C@H](CCCC)N1[C@H](C)CCC2,CCCC[C@H]1CC[C@H]2CCC[C@@H](C)N21,-35.5,1.32,1.32,35.5,-69.34924999999998,69.34924999999998,2.5786199999999995,2.5786199999999995,C1,True,C1,True,-1.0,1.0
1718809,[H][C@](C)(CC)CO,CC[C@H](C)CO,-1.7,-23.68,23.68,1.7,-1.4985499999999998,1.4985499999999998,-20.87392,20.87392,C1,True,C1,True,-1.0,-1.0
1718955,[H][C@@](C)(CO)C(C)C,CC(C)[C@H](C)CO,4.35,83.35,83.35,4.35,4.4446995,4.4446995,85.16452949999999,85.16452949999999,C1,True,C1,True,1.0,1.0
1719281,[H][C@@](CC)(CO)CCCC,CCCC[C@H](CC)CO,1.75,44.85,44.85,1.75,2.2790425,2.2790425,58.4086035,58.4086035,C1,True,C1,True,1.0,1.0
1719324,[H][C@](C)(O)CCCCCC,CCCCCC[C@@H](C)O,-9.4,-53.55,53.55,9.4,-12.241714,12.241714,-69.7387005,69.7387005,C1,True,C1,True,-1.0,-1.0
1719329,[H][C@@](C)(Cl)CCCCCC,CCCCCC[C@H](C)Cl,34.6,-70.25,70.25,34.6,51.44224199999999,51.44224199999999,-104.4455925,104.4455925,C1,True,C1,True,1.0,-1.0
1720889,[H][C@](C)(CC)C(=O)OCC,CCOC(=O)[C@@H](C)CC,24.5,42.98,42.98,24.5,31.895815,31.895815,55.954372599999985,55.954372599999985,C1,True,C1,True,1.0,1.0
1720989,[H][C@](C)(CC=C)C(O)=O,C=CC[C@H](C)C(=O)O,9.6,63.52,63.52,9.6,10.957823999999999,10.957823999999999,72.50426879999999,72.50426879999999,C1,True,C1,True,1.0,1.0
1723417,[H][C@@](O)(CCCCCCC)CC(O)=O,CCCCCCC[C@@H](O)CC(=O)O,-16.4,-51.15,51.15,16.4,-30.875787999999996,30.875787999999996,-96.29857049999998,96.29857049999998,C1,True,C1,True,-1.0,-1.0
1723731,[H][C@@](O)(CCCCCCC)CC(=O)OC,CCCCCCC[C@@H](O)CC(=O)OC,-17.35,24.41,24.41,17.35,-35.098009000000005,35.098009000000005,49.37996539999999,49.37996539999999,C1,True,C1,True,-1.0,1.0
1934136,[H][C@](C)(C(O)=O)[C@]([H])(O)CCCCCC,CCCCCC[C@@H](O)[C@@H](C)C(=O)O,5.0,-40.48,40.48,5.0,9.413349999999998,9.413349999999998,-76.21048159999998,76.21048159999998,C1,True,C1,True,1.0,-1.0
1962763,[H][C@@](NC(=O)OC(C)(C)C)(C(O)=O)C(C)(C)C,CC(C)(C)OC(=O)N[C@H](C(=O)O)C(C)(C)C,-2.8,1.4,1.4,2.8,-6.476175999999999,6.476175999999999,3.2380879999999994,3.2380879999999994,C1,True,C1,True,-1.0,1.0
1967907,[H][C@@]12C[C@H](O)C(=C)[C@]1(O)[C@@]1([H])C(C)(C)CC[C@@]1(C)C2,C=C1[C@@H](O)C[C@H]2C[C@]3(C)CCC(C)(C)[C@@H]3[C@@]12O,40.8,-61.75,61.75,40.8,96.43283999999998,96.43283999999998,-145.9492125,145.9492125,C1,True,C1,True,1.0,-1.0
2038251,C[C@H]1CCC(=O)C1,C[C@H]1CCC(=O)C1,-10.8,-218.82,218.82,10.8,-10.599660000000002,10.599660000000002,-214.760889,214.760889,C1,True,C1,True,-1.0,-1.0
2038599,O[C@@H]1CCCC=C1,O[C@H]1C=CCCC1,11.55,-108.58,108.58,11.55,11.335747500000002,11.335747500000002,-106.565841,106.565841,C1,True,C1,True,1.0,-1.0
2039797,[H][C@@](C)(O)C1=CC=CC=C1,C[C@H](O)c1ccccc1,-23.6,-72.49,72.49,23.6,-28.83141199999999,28.83141199999999,-88.55885829999995,88.55885829999995,C1,True,C1,True,-1.0,-1.0
2040677,CC1=CC=C(C=C1)[S@@](C)=O,Cc1ccc([S@@](C)=O)cc1,127.0,360.05,360.05,127.0,195.87718,195.87718,555.319517,555.319517,C1,True,C1,True,1.0,1.0
2042028,[H][C@@](C)(O)C1=CC=C(Cl)C=C1,C[C@H](O)c1ccc(Cl)cc1,-33.3,-70.24,70.24,33.3,-52.151796,52.151796,-110.00426879999999,110.00426879999999,C1,True,C1,True,-1.0,-1.0
2042396,[H][C@@](C)(O)C1=CC2=C(C=CC=C2)C=C1,C[C@H](O)c1ccc2ccccc2c1,-21.9,-15.62,15.62,21.9,-37.717712999999996,37.717712999999996,-26.901857399999994,26.901857399999994,C1,True,C1,True,-1.0,-1.0
2042986,[H][C@](O)(C(C)C)C1=CC=CC=C1,CC(C)[C@H](O)c1ccccc1,-26.07,-46.63,46.63,26.07,-39.16261469999999,39.16261469999999,-70.0480523,70.0480523,C1,True,C1,True,-1.0,-1.0
2047702,C[C@@H]1CCC2=C(C=CC=C2)[C@@H]1O,C[C@@H]1CCc2ccccc2[C@@H]1O,65.83,105.11,105.11,65.83,106.79732559999998,106.79732559999998,170.52205519999995,170.52205519999995,C1,True,C1,True,1.0,1.0
2047993,C[C@H]1CCC2=C1C[C@@H](CC[C@@H]2C)C(C)(C)O,C[C@H]1CC[C@@H](C(C)(C)O)CC2=C1CC[C@@H]2C,-22.0,-46.21,46.21,22.0,-48.92183999999998,48.92183999999998,-102.75810119999997,102.75810119999997,C1,True,C1,True,-1.0,-1.0
2048296,[H][C@](O)(C1CCCCC1)C1=CC=CC=C1,O[C@H](c1ccccc1)C1CCCCC1,-20.92,-43.15,43.15,20.92,-39.80783119999999,39.80783119999999,-82.10840899999995,82.10840899999995,C1,True,C1,True,-1.0,-1.0
2049261,[H][C@]1(CC(=O)C2=CC=CC=C12)C1=CC=CC=C1,O=C1C[C@@H](c2ccccc2)c2ccccc21,64.9,194.57,194.57,64.9,135.16074,135.16074,405.21148199999993,405.21148199999993,C1,True,C1,True,1.0,1.0
2050108,[H][C@]1(O)C2=CC=CC=C2C[C@@]1([H])C1=CC=CC=C1,O[C@H]1c2ccccc2C[C@H]1c1ccccc1,105.71,243.89,243.89,105.71,222.2827596,222.2827596,512.8421364000001,512.8421364000001,C1,True,C1,True,1.0,1.0
2050827,CC(=O)\C=C\[C@@]1(O)C(C)=CC(=O)CC1(C)C,CC(=O)/C=C/[C@@]1(O)C(C)=CC(=O)CC1(C)C,221.6,140.09,140.09,221.6,492.5813439999999,492.5813439999999,311.39765559999995,311.39765559999995,C1,True,C1,True,1.0,1.0
2208227,OC[C@H]1C[C@@H]1C1=CC=CC=C1,OC[C@H]1C[C@@H]1c1ccccc1,73.75,178.92,178.92,73.75,109.3011875,109.3011875,265.16838599999994,265.16838599999994,C1,True,C1,True,1.0,1.0
2251978,CC(C)[C@@](O)(CO)C1=CC=CC=C1,CC(C)[C@@](O)(CO)c1ccccc1,-19.0,68.32,68.32,19.0,-34.24693,34.24693,123.14475039999998,123.14475039999998,C1,True,C1,True,-1.0,1.0
2323323,C[C@H]1CCCC(=O)C1,C[C@H]1CCCC(=O)C1,-9.7,-16.01,16.01,9.7,-10.880683999999999,10.880683999999999,-17.9587372,17.9587372,C1,True,C1,True,-1.0,-1.0
2323817,O=C1CC[C@@H]2CC[C@H]12,O=C1CC[C@@H]2CC[C@H]12,329.0,398.11,398.11,329.0,362.41324000000003,362.41324000000003,438.5420516,438.5420516,C1,True,C1,True,1.0,1.0
2324133,O[C@@H]1CCCCCC=C1,O[C@H]1C=CCCCCC1,6.4,317.84,317.84,6.4,8.076736,8.076736,401.1109016,401.1109016,C1,True,C1,True,1.0,1.0
2326819,CC[C@@](O)(CO)C1=CC=CC=C1,CC[C@@](O)(CO)c1ccccc1,-2.0,49.86,49.86,2.0,-3.3244,3.3244,82.877292,82.877292,C1,True,C1,True,-1.0,1.0
2329658,[H][C@@](O)(C1=CC=CC=C1)C1=CC=C(C)C=C1,Cc1ccc([C@H](O)c2ccccc2)cc1,16.35,338.47,338.47,16.35,32.41632750000001,32.41632750000001,671.0675455000002,671.0675455000002,C1,True,C1,True,1.0,1.0
2330153,[H][C@@](O)(C1CCCCC1)C1=CC=C(C)C=C1,Cc1ccc([C@H](O)C2CCCCC2)cc1,28.0,45.99,45.99,28.0,57.20763999999999,57.20763999999999,93.96354869999999,93.96354869999999,C1,True,C1,True,1.0,1.0
2331265,O[C@@H]1[C@@H](CCC2=C1C=CC=C2)C1=CC=CC=C1,O[C@H]1c2ccccc2CC[C@H]1c1ccccc1,162.0,53.58,53.58,162.0,363.37086000000005,363.37086000000005,120.1815474,120.1815474,C1,True,C1,True,1.0,1.0
2365204,[H][C@@]12C[C@@H](CCC(C)=C1CC[C@@H]2C)C(C)(C)O,CC1=C2CC[C@H](C)[C@@H]2C[C@H](C(C)(C)O)CC1,2.0,0.76,0.76,2.0,4.447439999999999,4.447439999999999,1.6900271999999998,1.6900271999999998,C1,True,C1,True,1.0,1.0
2408992,[H][C@@](N)(C#N)C(C)C,CC(C)[C@H](N)C#N,-8.3,-38.78,38.78,8.3,-8.146367000000001,8.146367000000001,-38.0621822,38.0621822,C1,True,C1,True,-1.0,-1.0
2413051,CC[S@@](=O)C1=CC=C(C)C=C1,CC[S@@](=O)c1ccc(C)cc1,145.0,467.11,467.11,145.0,243.97845,243.97845,785.9639571,785.9639571,C1,True,C1,True,1.0,1.0
2416152,C[C@H]([C@@H](O)C1=CC=CC=C1)N(=O)=O,C[C@H]([C@@H](O)c1ccccc1)[N+](=O)[O-],1.1,-32.81,32.81,1.1,1.9931009999999998,1.9931009999999998,-59.4487671,59.4487671,C1,True,C1,True,1.0,-1.0
2416728,[H][C@](O)(C1=CC=C(Cl)C=C1)[C@@]([H])(C)N(=O)=O,C[C@H]([C@@H](O)c1ccc(Cl)cc1)[N+](=O)[O-],3.7,-18.0,18.0,3.7,7.978532,7.978532,-38.814479999999996,38.814479999999996,C1,True,C1,True,1.0,-1.0
2418567,[H][C@](O)(C1=C(OC)C=CC=C1)[C@@]([H])(C)N(=O)=O,COc1ccccc1[C@H](O)[C@@H](C)[N+](=O)[O-],0.9,129.14,129.14,0.9,1.900953,1.900953,272.76563379999993,272.76563379999993,C1,True,C1,True,1.0,1.0
2444570,CC(C)[C@H]1CC[C@H](C)C[C@@H]1OC(N)=S,CC(C)[C@H]1CC[C@H](C)C[C@@H]1OC(N)=S,98.2,165.37,165.37,98.2,211.48548399999999,211.48548399999999,356.1441394,356.1441394,C1,True,C1,True,1.0,1.0
2500176,[H][C@@](C)(CO)C1=CC=CC=C1,C[C@H](CO)c1ccccc1,-10.2,-47.81,47.81,10.2,-13.891787999999996,13.891787999999996,-65.11435139999999,65.11435139999999,C1,True,C1,True,-1.0,-1.0
2523675,CC1(C)CCC[C@@]1(C)C1=CC=C(CO)C=C1,CC1(C)CCC[C@@]1(C)c1ccc(CO)cc1,-89.0,122.0,122.0,89.0,-194.32260000000002,194.32260000000002,266.3748,266.3748,C1,True,C1,True,-1.0,1.0
2554147,[H][C@@](CC)(CO)C1=CC=CC=C1,CC[C@H](CO)c1ccccc1,-6.5,58.51,58.51,6.5,-9.764364999999998,9.764364999999998,87.89430709999999,87.89430709999999,C1,True,C1,True,-1.0,1.0
2554409,C[C@@](O)(CO)C1=CC=CC=C1,C[C@@](O)(CO)c1ccccc1,6.0,22.34,22.34,6.0,9.13158,9.13158,33.9999162,33.9999162,C1,True,C1,True,1.0,1.0
2554415,[H][C@@](C)(O)C1=CC=C(OC)C=C1,COc1ccc([C@H](C)O)cc1,-8.15,20.38,20.38,8.15,-12.403729499999999,12.403729499999999,31.016933399999992,31.016933399999992,C1,True,C1,True,-1.0,1.0
2555977,O[C@H]1CCCC[C@@H]1SC1=CC=CC=C1,O[C@H]1CCCC[C@@H]1Sc1ccccc1,61.0,316.84,316.84,61.0,127.07886000000002,127.07886000000002,660.0600984,660.0600984,C1,True,C1,True,1.0,1.0
2562645,O[C@@H]1[C@H](CC2=CC=CC=C2)CCC2=CC=CC=C12,O[C@H]1c2ccccc2CC[C@H]1Cc1ccccc1,83.73,49.82,49.82,83.73,199.55370899999997,199.55370899999997,118.736006,118.736006,C1,True,C1,True,1.0,1.0
2612996,C[C@]1(C[C@H]1C=O)C1=CC=CC=C1,C[C@@]1(c2ccccc2)C[C@H]1C=O,-114.3,72.52,72.52,114.3,-183.12688799999995,183.12688799999995,116.18864319999999,116.18864319999999,C1,True,C1,True,-1.0,1.0
2615578,[H][C@](C)(CC(=O)CC(C)C)C1=CC=C(C)C=C1,Cc1ccc([C@@H](C)CC(=O)CC(C)C)cc1,30.3,68.74,68.74,30.3,66.15702,66.15702,150.08691599999997,150.08691599999997,C1,True,C1,True,1.0,1.0
2616742,COC(=O)[C@@]1(Br)C[C@H]1C1=CC=CC=C1,COC(=O)[C@@]1(Br)C[C@H]1c1ccccc1,-115.9,-107.88,107.88,115.9,-295.67364900000007,295.67364900000007,-275.2137468,275.2137468,C1,True,C1,True,-1.0,-1.0
2690704,CC(C)[C@@H]1CC[C@@H](C)C[C@H]1C(O)=O,CC(C)[C@@H]1CC[C@@H](C)C[C@H]1C(=O)O,-1.35,-55.45,55.45,1.35,-2.4877665,2.4877665,-102.18270550000001,102.18270550000001,C1,True,C1,True,-1.0,-1.0
2693607,[H][C@@](C)(CCCCCC)OC(=O)C1=CC=CC=C1,CCCCCC[C@@H](C)OC(=O)c1ccccc1,-33.0,-57.08,57.08,33.0,-77.33187,77.33187,-133.7607012,133.7607012,C1,True,C1,True,-1.0,-1.0
2802804,[H][C@@](CO)(CC1=CC=CC=C1)N(C)C,CN(C)[C@H](CO)Cc1ccccc1,-17.0,36.19,36.19,17.0,-30.47471,30.47471,64.87527970000001,64.87527970000001,C1,True,C1,True,-1.0,1.0
2937193,[H][C@]1(CC(C)=O)[C@@]([H])(CC(=O)OC)C1(C)C,COC(=O)C[C@@H]1[C@H](CC(C)=O)C1(C)C,-21.7,110.44,110.44,21.7,-43.02285399999999,43.02285399999999,218.96055279999996,218.96055279999996,C1,True,C1,True,-1.0,1.0
2976336,COC(=O)[C@](C)(N)CC1=CC=C2C=CC=CC2=C1,COC(=O)[C@](C)(N)Cc1ccc2ccccc2c1,-30.3,-317.83,317.83,30.3,-73.72171800000001,73.72171800000001,-773.2994598,773.2994598,C1,True,C1,True,-1.0,-1.0
3118129,O[C@@H]1CCCC[C@H]1NC1=CC=CC=C1,O[C@@H]1CCCC[C@H]1Nc1ccccc1,-72.7,-260.18,260.18,72.7,-139.05619800000002,139.05619800000002,-497.65669320000006,497.65669320000006,C1,True,C1,True,-1.0,-1.0
3126377,CC1(C)[C@@H](CC(O)=O)CCC1=C,C=C1CC[C@H](CC(=O)O)C1(C)C,1.69,64.99,64.99,1.69,2.843188399999999,2.843188399999999,109.33657639999996,109.33657639999996,C1,True,C1,True,1.0,1.0
3126390,[H][C@](C)(CCCC(C)C)C1=CC=C(C)C=C1,Cc1ccc([C@@H](C)CCCC(C)C)cc1,25.2,26.75,26.75,25.2,51.497964,51.497964,54.6654975,54.6654975,C1,True,C1,True,1.0,1.0
3126437,CC1(C)[C@@H]2CC[C@@]1(C)[C@@](O)(CC#C)C2,C#CC[C@@]1(O)C[C@H]2CC[C@]1(C)C2(C)C,-3.6,7.98,7.98,3.6,-6.922871999999999,6.922871999999999,15.345699599999998,15.345699599999998,C1,True,C1,True,-1.0,1.0
3138117,[H][C@@](CO)(CC1=CC=CC=C1)NCC1=CC=CC=C1,OC[C@H](Cc1ccccc1)NCc1ccccc1,-23.8,-233.86,233.86,23.8,-57.437492,57.437492,-564.3836924000001,564.3836924000001,C1,True,C1,True,-1.0,-1.0
3193875,[H][C@](C)(O)C1CCCCC1,C[C@@H](O)C1CCCCC1,-2.7,-54.69,54.69,2.7,-3.4618050000000005,3.4618050000000005,-70.1207835,70.1207835,C1,True,C1,True,-1.0,-1.0
3195575,[H][C@](O)(CC=C)C1=CC=CC=C1,C=CC[C@H](O)c1ccccc1,-17.1,-118.31,118.31,17.1,-25.343055,25.343055,-175.34133549999999,175.34133549999999,C1,True,C1,True,-1.0,-1.0
3195628,[H][C@@](C)(Br)CC1=CC=CC=C1,C[C@H](Br)Cc1ccccc1,16.3,6.73,6.73,16.3,32.45183300000001,32.45183300000001,13.398824300000003,13.398824300000003,C1,True,C1,True,1.0,1.0
3196267,CC1(C)[C@@H]2CC[C@@]1(C)[C@@](O)(CC=C)C2,C=CC[C@@]1(O)C[C@H]2CC[C@]1(C)C2(C)C,9.6,85.53,85.53,9.6,18.654527999999996,18.654527999999996,166.20018539999998,166.20018539999998,C1,True,C1,True,1.0,1.0
3196449,OC(=O)[C@@H]1C[C@H]2C[C@@H]1C=C2,O=C(O)[C@@H]1C[C@@H]2C=C[C@H]1C2,134.0,123.84,123.84,134.0,185.14243999999997,185.14243999999997,171.10477439999994,171.10477439999994,C1,True,C1,True,1.0,1.0
3196464,[H][C@@](C)(O)C1=C(OC)C=CC=C1,COc1ccccc1[C@H](C)O,-14.1,-139.43,139.43,14.1,-21.459212999999995,21.459212999999995,-212.20269989999997,212.20269989999997,C1,True,C1,True,-1.0,-1.0
3196954,[H][C@@](O)(CC)CCC1=CC=CC=C1,CC[C@@H](O)CCc1ccccc1,-23.45,-133.65,133.65,23.45,-38.516156,38.516156,-219.51745200000005,219.51745200000005,C1,True,C1,True,-1.0,-1.0
3198944,[H][C@@](C)(N(C)C)[C@@]([H])(O)C1=CC=CC=C1,C[C@@H]([C@@H](O)c1ccccc1)N(C)C,45.3,37.88,37.88,45.3,81.20613899999998,81.20613899999998,67.9048244,67.9048244,C1,True,C1,True,1.0,1.0
3202124,[H][C@@](O)(C1=CC=CC=C1)C1=CC=CC2=C1C=CC=C2,O[C@H](c1ccccc1)c1cccc2ccccc12,40.32,184.58,184.58,40.32,94.4689536,94.4689536,432.4672484,432.4672484,C1,True,C1,True,1.0,1.0
3202444,[H][C@](O)(C1=CC=CC=C1)C1=CC=C(OC)C=C1,COc1ccc([C@@H](O)c2ccccc2)cc1,-6.43,443.46,443.46,6.43,-13.777175199999999,13.777175199999999,950.1751343999999,950.1751343999999,C1,True,C1,True,-1.0,1.0
3204824,[H][C@](C)(OC1=CC=C(Cl)C=C1)C(=O)OCC,CCOC(=O)[C@@H](C)Oc1ccc(Cl)cc1,32.6,156.52,156.52,32.6,74.54805,74.54805,357.92211000000003,357.92211000000003,C1,True,C1,True,1.0,1.0
3537186,C[C@@H](O)C1=NC=CC=C1,C[C@@H](O)c1ccccn1,19.5,38.26,38.26,19.5,24.015224999999997,24.015224999999997,47.11910299999999,47.11910299999999,C1,True,C1,True,1.0,1.0
3538362,C[C@@H](CCO)CC\C=C(/C)CCC=C(C)C,CC(C)=CCC/C(C)=C/CC[C@@H](C)CCO,-26.4,-418.81,418.81,26.4,-59.23843199999998,59.23843199999998,-939.7593827999997,939.7593827999997,C1,True,C1,True,-1.0,-1.0
3542667,CC(C)(C)OC(=O)N1CCC[C@H]1CO,CC(C)(C)OC(=O)N1CCC[C@H]1CO,-36.8,-10.9,10.9,36.8,-74.06588799999997,74.06588799999997,-21.937994,21.937994,C1,True,C1,True,-1.0,-1.0
3545149,CC1(C)OC[C@H](O1)[C@@H](CO)N=N#N,CC1(C)OC[C@@H]([C@@H](CO)N=[N+]=[N-])O1,10.2,74.37,74.37,10.2,19.094298,19.094298,139.21989630000002,139.21989630000002,C1,True,C1,True,1.0,1.0
3549668,COC(=O)[C@@H]1CCCN1C(=O)OC(C)(C)C,COC(=O)[C@@H]1CCCN1C(=O)OC(C)(C)C,-54.3,-58.95,58.95,54.3,-124.49686799999998,124.49686799999998,-135.158202,135.158202,C1,True,C1,True,-1.0,-1.0
3552683,O=C1C[C@@H](CC2=CC=C3OCOC3=C2)CO1,O=C1C[C@@H](Cc2ccc3c(c2)OCO3)CO1,46.8,-125.08,125.08,46.8,103.06483199999997,103.06483199999997,-275.45617919999995,275.45617919999995,C1,True,C1,True,1.0,-1.0
3587898,C[C@H](O)C1=CC=CO1,C[C@H](O)c1ccco1,-7.69,56.4,56.4,7.69,-8.622643199999997,8.622643199999997,63.24019199999998,63.24019199999998,C1,True,C1,True,-1.0,1.0
3588145,CC1(C)OC[C@@H](O1)[C@@H]1O[C@H]1CO,CC1(C)OC[C@H]([C@@H]2O[C@H]2CO)O1,-19.5,-57.44,57.44,19.5,-33.968219999999995,33.968219999999995,-100.05818239999999,100.05818239999999,C1,True,C1,True,-1.0,-1.0
3588203,C[C@H](CO[Si](C)(C)C(C)(C)C)C=O,C[C@@H](C=O)CO[Si](C)(C)C(C)(C)C,-33.5,-197.01,197.01,33.5,-67.79395,67.79395,-398.6891369999999,398.6891369999999,C1,True,C1,True,-1.0,-1.0
3588594,C1CN[C@H](C1)C1=CC=CC=C1,c1ccc([C@H]2CCCN2)cc1,64.30000000000001,89.23,89.23,64.30000000000001,94.663103,94.663103,131.3652983,131.3652983,C1,True,C1,True,1.0,1.0
3588749,CCCCC[C@H](O)C1=CC=CO1,CCCCC[C@H](O)c1ccco1,-10.7,115.91,115.91,10.7,-18.001251999999997,18.001251999999997,195.0023476,195.0023476,C1,True,C1,True,-1.0,1.0
3588754,CC[C@H](O)C1=CC=CC=C1OC,CC[C@H](O)c1ccccc1OC,-14.4,-58.31,58.31,14.4,-23.935679999999998,23.935679999999998,-96.92288199999999,96.92288199999999,C1,True,C1,True,-1.0,-1.0
3589112,CCC(=O)C[C@@H](C)C1=CC=CC=C1,CCC(=O)C[C@@H](C)c1ccccc1,-40.0,-173.53,173.53,40.0,-70.5036,70.5036,-305.8622427,305.8622427,C1,True,C1,True,-1.0,-1.0
3589405,O[C@H](C1CCCCC1)C1=CC=CO1,O[C@@H](c1ccco1)C1CCCCC1,15.5,166.12,166.12,15.5,27.938284999999986,27.938284999999986,299.4263163999999,299.4263163999999,C1,True,C1,True,1.0,1.0
3591067,COC1=CC2=C(C=C1)C=C(C=C2)[C@H](C)C(O)=O,COc1ccc2cc([C@H](C)C(=O)O)ccc2c1,61.1,-16.69,16.69,61.1,140.69069299999998,140.69069299999998,-38.430894699999996,38.430894699999996,C1,True,C1,True,1.0,-1.0
3591296,CC(C)(C)OC(=O)N[C@@H](CC1=CC=CC=C1)C=O,CC(C)(C)OC(=O)N[C@H](C=O)Cc1ccccc1,41.6,52.53,52.53,41.6,103.71296000000001,103.71296000000001,130.962543,130.962543,C1,True,C1,True,1.0,1.0
3591420,CC(C)(C)OC(=O)N1CCC[C@H]1\C=C/CO,CC(C)(C)OC(=O)N1CCC[C@H]1/C=C\CO,43.7,69.01,69.01,43.7,99.331848,99.331848,156.86249039999998,156.86249039999998,C1,True,C1,True,1.0,1.0
3592912,CC(=O)OC[C@H]1O[C@H](CC=C)C=C[C@@H]1OC(C)=O,C=CC[C@@H]1C=C[C@H](OC(C)=O)[C@@H](COC(C)=O)O1,78.9,184.88,184.88,78.9,200.62849799999995,200.62849799999995,470.11656159999984,470.11656159999984,C1,True,C1,True,1.0,1.0
3601189,OC[C@@H]1O[C@H]1C1CCCCC1,OC[C@@H]1O[C@H]1C1CCCCC1,-25.6,-105.29,105.29,25.6,-39.993599999999994,39.993599999999994,-164.48930249999998,164.48930249999998,C1,True,C1,True,-1.0,-1.0
3601898,CO[C@@H](CC=C)C[C@H](O)CO,C=CC[C@@H](C[C@H](O)CO)OC,65.0,195.06,195.06,65.0,104.13844999999999,104.13844999999999,312.51147779999997,312.51147779999997,C1,True,C1,True,1.0,1.0
3603779,[H][C@@](Cl)(CO)CC1=CC=CC=C1,OC[C@@H](Cl)Cc1ccccc1,-18.2,-44.18,44.18,18.2,-31.056298,31.056298,-75.3883102,75.3883102,C1,True,C1,True,-1.0,-1.0
3606512,C[C@@H](CC(=O)C=C(C)C)C1=CC=C(C)C=C1,CC(C)=CC(=O)C[C@H](C)c1ccc(C)cc1,60.3,325.41,325.41,60.3,130.443372,130.443372,703.9399284000001,703.9399284000001,C1,True,C1,True,1.0,1.0
3614875,O=C[C@@H]1CCCN1C(=O)OCC1=CC=CC=C1,O=C[C@@H]1CCCN1C(=O)OCc1ccccc1,-24.0,-219.3,219.3,24.0,-55.984080000000006,55.984080000000006,-511.55453100000005,511.55453100000005,C1,True,C1,True,-1.0,-1.0
3647990,BrC[C@@H]1CCCO1,BrC[C@@H]1CCCO1,-9.4,-169.37,169.37,9.4,-15.512819999999998,15.512819999999998,-279.511311,279.511311,C1,True,C1,True,-1.0,-1.0
3647994,C[C@@H]1CNCCN1,C[C@@H]1CNCCN1,-17.0,-11.1,11.1,17.0,-17.02805,17.02805,-11.118315,11.118315,C1,True,C1,True,-1.0,-1.0
3648625,O[C@H](CC=C)C1CCCCC1,C=CC[C@@H](O)C1CCCCC1,2.9,-94.54,94.54,2.9,4.473336999999998,4.473336999999998,-145.83078619999998,145.83078619999998,C1,True,C1,True,1.0,-1.0
3648741,CC[S@@](=O)C1=CC=CC=C1,CC[S@@](=O)c1ccccc1,262.0,491.51,491.51,262.0,404.09308,404.09308,758.0755333999998,758.0755333999998,C1,True,C1,True,1.0,1.0
3648959,O[C@@H]1CC=CC2=CC=CC=C12,O[C@@H]1CC=Cc2ccccc21,30.96,-58.06,58.06,30.96,45.26011439999999,45.26011439999999,-84.87733339999998,84.87733339999998,C1,True,C1,True,1.0,-1.0
3648988,[H][C@@](O)(CCl)C1=CC=CC=C1,O[C@H](CCl)c1ccccc1,36.0,56.7,56.7,36.0,56.380320000000005,56.380320000000005,88.79900400000001,88.79900400000001,C1,True,C1,True,1.0,1.0
3649064,COC1=CC(=CC=C1)[C@@H](C)O,COc1cccc([C@@H](C)O)c1,18.8,73.14,73.14,18.8,28.612284,28.612284,111.31396019999998,111.31396019999998,C1,True,C1,True,1.0,1.0
3649226,CC(C)CC1=CC=C(C=C1)[C@H](C)O,CC(C)Cc1ccc([C@H](C)O)cc1,-27.6,-35.25,35.25,27.6,-49.2039,49.2039,-62.84193749999999,62.84193749999999,C1,True,C1,True,-1.0,-1.0
3649445,O=C1CC[C@@H](O1)C1=CC=CC=C1,O=C1CC[C@H](c2ccccc2)O1,24.1,79.01,79.01,24.1,39.087308,39.087308,128.1447388,128.1447388,C1,True,C1,True,1.0,1.0
3649607,OC[C@@H]1O[C@H]1C1=CC=CC=C1,OC[C@@H]1O[C@H]1c1ccccc1,-54.0,16.81,16.81,54.0,-81.09558,81.09558,25.244753699999997,25.244753699999997,C1,True,C1,True,-1.0,1.0
3650249,BrC1=CC=C(C=C1)[C@H]1CCC(=O)O1,O=C1CC[C@H](c2ccc(Br)cc2)O1,16.5,43.63,43.63,16.5,39.778859999999995,39.778859999999995,105.18494919999999,105.18494919999999,C1,True,C1,True,1.0,1.0
3650269,O[C@H](CCCOCC1=CC=CC=C1)CC=C,C=CC[C@H](O)CCCOCc1ccccc1,7.7,235.63,235.63,7.7,16.964024000000002,16.964024000000002,519.1211656,519.1211656,C1,True,C1,True,1.0,1.0
3650700,COC1=CC=C(C=C1)[C@H]1CCC(=O)O1,COc1ccc([C@H]2CCC(=O)O2)cc1,3.1,-28.5,28.5,3.1,5.958634000000001,5.958634000000001,-54.78099,54.78099,C1,True,C1,True,1.0,-1.0
3651197,COC(=O)C[C@H](C)SC1=CC=C(C)C=C1,COC(=O)C[C@H](C)Sc1ccc(C)cc1,26.9,-243.97,243.97,26.9,60.343424999999996,60.343424999999996,-547.2857025000001,547.2857025000001,C1,True,C1,True,1.0,-1.0
3652004,[H][C@@](CO)(CC1=CC=CC=C1)NC(=O)OC(C)(C)C,CC(C)(C)OC(=O)N[C@H](CO)Cc1ccccc1,-22.6,-51.32,51.32,22.6,-56.799676,56.799676,-128.98050320000002,128.98050320000002,C1,True,C1,True,-1.0,-1.0
4177659,[H][C@@]12C=CC(=O)[C@]1([H])[C@H]1C[C@@H]2C=C1,O=C1C=C[C@@H]2[C@H]1[C@@H]1C=C[C@H]2C1,-124.6,-26.12,26.12,124.6,-182.15149399999996,182.15149399999996,-38.18456679999999,38.18456679999999,C1,True,C1,True,-1.0,-1.0
4188366,COC(=O)[C@](C)(N)CC1=CNC2=C1C=CC=C2,COC(=O)[C@](C)(N)Cc1c[nH]c2ccccc12,9.65,159.12,159.12,9.65,22.415309500000003,22.415309500000003,369.60870960000005,369.60870960000005,C1,True,C1,True,1.0,1.0
4190216,[H][C@@](C)(N=C=N[C@@]([H])(C)C1=CC=CC=C1)C1=CC=CC=C1,C[C@H](N=C=N[C@@H](C)c1ccccc1)c1ccccc1,11.1,-419.56,419.56,11.1,27.788295,27.788295,-1050.3474820000001,1050.3474820000001,C1,True,C1,True,1.0,-1.0
4229674,[H][C@](C)(CO)CCO,C[C@@H](CO)CCO,24.0,-111.83,111.83,24.0,24.99576,24.99576,-116.4698267,116.4698267,C1,True,C1,True,1.0,-1.0
4229757,CCC[C@H]1O[C@@H]1CO,CCC[C@H]1O[C@@H]1CO,31.7,6.36,6.36,31.7,36.82272,36.82272,7.387775999999999,7.387775999999999,C1,True,C1,True,1.0,1.0
4229970,[H][C@@]12CCCN1[C@H](CCC)CCC2,CCC[C@@H]1CCC[C@@H]2CCCN21,-104.4,-104.17,104.17,104.4,-174.657024,174.657024,-174.27224320000002,174.27224320000002,C1,True,C1,True,-1.0,-1.0
4230303,[H][C@@]12CCCN1[C@H](CCCCCC)CCC2,CCCCCC[C@@H]1CCC[C@@H]2CCCN12,-77.44999999999999,-105.62,105.62,77.44999999999999,-162.16248649999994,162.16248649999994,-221.14398739999996,221.14398739999996,C1,True,C1,True,-1.0,-1.0
4230722,O=C1N[C@H]2C[C@@H]1C=C2,O=C1N[C@@H]2C=C[C@H]1C2,562.0,540.73,540.73,562.0,613.29936,613.29936,590.0878343999999,590.0878343999999,C1,True,C1,True,1.0,1.0
4232146,[H][C@](C)(O)C1=CC=CC(=C1)C(F)(F)F,C[C@@H](O)c1cccc(C(F)(F)F)c1,22.7,34.14,34.14,22.7,43.16722799999999,43.16722799999999,64.92198959999999,64.92198959999999,C1,True,C1,True,1.0,1.0
4232765,CC[C@@H](CC(=O)C1=CC=CC=C1)C1=CC=CC=C1,CC[C@@H](CC(=O)c1ccccc1)c1ccccc1,5.3,28.18,28.18,5.3,12.631490000000001,12.631490000000001,67.161394,67.161394,C1,True,C1,True,1.0,1.0
4232913,[H][C@@]1(CC2=CC=CC=C2)NC(=O)N(C)C1=O,CN1C(=O)N[C@@H](Cc2ccccc2)C1=O,-191.23,-197.93,197.93,191.23,-390.54711669999995,390.54711669999995,-404.2304597,404.2304597,C1,True,C1,True,-1.0,-1.0
4235094,COC(=O)[C@H](O)CC1=CC=C(OC)C(OC)=C1,COC(=O)[C@H](O)Cc1ccc(OC)c(OC)c1,10.1,96.25,96.25,10.1,24.265754999999995,24.265754999999995,231.24543749999998,231.24543749999998,C1,True,C1,True,1.0,1.0
4241981,[H][C@@](O)(CO)C=C,C=C[C@H](O)CO,-123.9,93.96,93.96,123.9,-109.16333399999999,109.16333399999999,82.78439759999999,82.78439759999999,C1,True,C1,True,-1.0,1.0
4246216,CCOC(=O)C[C@@H](C)O[Si](C)(C)C(C)(C)C,CCOC(=O)C[C@@H](C)O[Si](C)(C)C(C)(C)C,-26.0,21.76,21.76,26.0,-64.06997999999999,64.06997999999999,53.62164479999999,53.62164479999999,C1,True,C1,True,-1.0,1.0
4250168,COC1=CC=C(COC[C@H](C)C=O)C=C1,COc1ccc(COC[C@H](C)C=O)cc1,30.7,153.61,153.61,30.7,63.934898999999994,63.934898999999994,319.9035777,319.9035777,C1,True,C1,True,1.0,1.0
4250381,C[Si](C)(C)C#C[C@H](O)COCC1=CC=CC=C1,C[Si](C)(C)C#C[C@H](O)COCc1ccccc1,3.9,323.28,323.28,3.9,9.687522,9.687522,803.0210543999998,803.0210543999998,C1,True,C1,True,1.0,1.0
4251271,CC(C)(C)OC(=O)N[C@@H](CC1=CC=CC=C1)C=C,C=C[C@H](Cc1ccccc1)NC(=O)OC(C)(C)C,30.0,369.95,369.95,30.0,74.20139999999999,74.20139999999999,915.0269309999999,915.0269309999999,C1,True,C1,True,1.0,1.0
4254653,COC(=O)[C@@H](C)COCC1=CC=C(OC)C=C1,COC(=O)[C@@H](C)COCc1ccc(OC)cc1,-12.0,-180.22,180.22,12.0,-28.593959999999996,28.593959999999996,-429.4336225999999,429.4336225999999,C1,True,C1,True,-1.0,-1.0
4291281,C[C@H](CC=O)O[Si](C)(C)C(C)(C)C,C[C@H](CC=O)O[Si](C)(C)C(C)(C)C,-13.6,172.62,172.62,13.6,-27.522319999999993,27.522319999999993,349.33109399999995,349.33109399999995,C1,True,C1,True,-1.0,1.0
4291465,C=CC[S@@](=O)C1=CC=CC=C1,C=CC[S@@](=O)c1ccccc1,136.5,688.31,688.31,136.5,226.92442499999999,226.92442499999999,1144.2809594999997,1144.2809594999997,C1,True,C1,True,1.0,1.0
4291770,O[C@H](CBr)C1=CC=CC=C1,O[C@H](CBr)c1ccccc1,55.3,28.56,28.56,55.3,111.187839,111.187839,57.42359280000001,57.42359280000001,C1,True,C1,True,1.0,1.0
4291936,C[C@@H](O)C#CC1=CC=CC=C1,C[C@@H](O)C#Cc1ccccc1,35.0,104.85,104.85,35.0,51.166149999999995,51.166149999999995,153.2791665,153.2791665,C1,True,C1,True,1.0,1.0
4293587,COC(=O)[C@]1(O)CC(OC)=CC1=O,COC(=O)[C@]1(O)CC(OC)=CC1=O,80.1,248.41,248.41,80.1,149.11656299999996,149.11656299999996,462.4475083,462.4475083,C1,True,C1,True,1.0,1.0
4294180,CC1(C)OC[C@H](O1)[C@H](O)[C@H]1CCCC(=O)O1,CC1(C)OC[C@@H]([C@H](O)[C@H]2CCCC(=O)O2)O1,-23.1,-63.89,63.89,23.1,-53.19005999999999,53.19005999999999,-147.11311399999994,147.11311399999994,C1,True,C1,True,-1.0,-1.0
4306272,CO[C@@H]1OC(=O)C=C1,CO[C@H]1C=CC(=O)O1,-124.0,-151.75,151.75,124.0,-141.484,141.484,-173.14675,173.14675,C1,True,C1,True,-1.0,-1.0
4312818,COC1=C(C=CC=C1)[C@@H](O)C1=CC=CC=C1,COc1ccccc1[C@@H](O)c1ccccc1,-43.010000000000005,123.48,123.48,43.010000000000005,-92.15494640000001,92.15494640000001,264.5731872,264.5731872,C1,True,C1,True,-1.0,1.0
4316347,CC1=CC[C@H](CC1)C(=O)N1CCOC1=O,CC1=CC[C@@H](C(=O)N2CCOC2=O)CC1,-24.2,-197.54,197.54,24.2,-50.637289999999986,50.637289999999986,-413.3425729999999,413.3425729999999,C1,True,C1,True,-1.0,-1.0
4349351,CCCC[C@@H](C)CO,CCCC[C@@H](C)CO,10.3,-8.37,8.37,10.3,11.969011999999998,11.969011999999998,-9.726274799999997,9.726274799999997,C1,True,C1,True,1.0,-1.0
4349389,[H][C@]1(CO1)[C@]1([H])CO1,C1O[C@@H]1[C@@H]1CO1,27.5,-196.71,196.71,27.5,23.67475,23.67475,-169.34763900000002,169.34763900000002,C2,True,C2,True,1.0,-1.0
4349780,OC[C@@H]1O[C@H]1C=C,C=C[C@@H]1O[C@H]1CO,-19.8,83.03,83.03,19.8,-19.823166,19.823166,83.12714509999999,83.12714509999999,C1,True,C1,True,-1.0,1.0
4350013,C[C@@H](CCCC#C)O[Si](C)(C)C(C)(C)C,C#CCCC[C@H](C)O[Si](C)(C)C(C)(C)C,13.8,7.87,7.87,13.8,31.248168,31.248168,17.820513199999997,17.820513199999997,C1,True,C1,True,1.0,1.0
4350247,C[C@@H](O)C1=CC=C(F)C=C1,C[C@@H](O)c1ccc(F)cc1,24.1,71.53,71.53,24.1,33.777837,33.777837,100.25430209999999,100.25430209999999,C1,True,C1,True,1.0,1.0
4350901,OCC[C@@H](CO)C1=CC=CC=C1,OCC[C@@H](CO)c1ccccc1,-6.85,-45.23,45.23,6.85,-11.38607,11.38607,-75.18130599999999,75.18130599999999,C1,True,C1,True,-1.0,-1.0
4351371,O[C@@H](C1=CC=CO1)C1=CC=CC=C1,O[C@H](c1ccccc1)c1ccco1,6.23,10.55,10.55,6.23,10.852597699999999,10.852597699999999,18.3779945,18.3779945,C1,True,C1,True,1.0,1.0
4352082,COC(=O)[C@@H](O)CC1=CC=CC=C1,COC(=O)[C@@H](O)Cc1ccccc1,-11.9,-31.11,31.11,11.9,-21.444157,21.444157,-56.061153299999994,56.061153299999994,C1,True,C1,True,-1.0,-1.0
4352236,C[C@H](C(O)=O)C1=CNC2=C1C=CC=C2,C[C@H](C(=O)O)c1c[nH]c2ccccc12,42.6,200.14,200.14,42.6,80.605164,80.605164,378.6928995999999,378.6928995999999,C1,True,C1,True,1.0,1.0
4352318,O[C@H](C1=CC=CC2=CC=CC=C12)C(F)(F)F,O[C@H](c1cccc2ccccc12)C(F)(F)F,-14.6,-93.49,93.49,14.6,-33.02476199999999,33.02476199999999,-211.47157529999993,211.47157529999993,C1,True,C1,True,-1.0,-1.0
4354925,O=C1CCCC[C@H]1[C@@H](CN(=O)=O)C1=CC=CC=C1,O=C1CCCC[C@H]1[C@@H](C[N+](=O)[O-])c1ccccc1,-19.75,-28.23,28.23,19.75,-48.840565000000005,48.840565000000005,-69.81109620000001,69.81109620000001,C1,True,C1,True,-1.0,-1.0
4369137,C[C@H](CCC=C(C)C)C(=C)C=O,C=C(C=O)[C@H](C)CCC=C(C)C,5.3,-40.84,40.84,5.3,8.811991999999998,8.811991999999998,-67.9022176,67.9022176,C1,True,C1,True,1.0,-1.0
4375419,[H][C@](C)(CC)C(=O)C1=CC=CS1,CC[C@H](C)C(=O)c1cccs1,12.3,129.13,129.13,12.3,20.696103000000004,20.696103000000004,217.27542929999998,217.27542929999998,C1,True,C1,True,1.0,1.0
4377004,CN1CCC[C@H]1CC(O)=O,CN1CCC[C@H]1CC(=O)O,-45.0,-148.76,148.76,45.0,-64.4337,64.4337,-213.0034936,213.0034936,C1,True,C1,True,-1.0,-1.0
4386953,C[C@@H](CO)CSC1=CC=CC=C1,C[C@@H](CO)CSc1ccccc1,8.25,113.62,113.62,8.25,15.038760000000003,15.038760000000003,207.11562560000004,207.11562560000004,C1,True,C1,True,1.0,1.0
4430609,COC(=O)[C@@H]1CCCN1CC1=CC=CC=C1,COC(=O)[C@@H]1CCCN1Cc1ccccc1,-65.0,-71.0,71.0,65.0,-142.5346,142.5346,-155.69164,155.69164,C1,True,C1,True,-1.0,-1.0
4447541,CC(C)[C@H](N)C(O)(C1=CC=CC=C1)C1=CC=CC=C1,CC(C)[C@H](N)C(O)(c1ccccc1)c1ccccc1,-119.8,-278.34,278.34,119.8,-305.922478,305.922478,-710.7718074,710.7718074,C1,True,C1,True,-1.0,-1.0
4652344,C[C@H](CO)C(C)(C)C,C[C@H](CO)C(C)(C)C,35.4,96.9,96.9,35.4,41.136216,41.136216,112.60167600000001,112.60167600000001,C1,True,C1,True,1.0,1.0
4652503,CCCCCC[C@@H](C)CO,CCCCCC[C@@H](C)CO,7.1,-152.63,152.63,7.1,10.242318000000001,10.242318000000001,-220.1809854,220.1809854,C1,True,C1,True,1.0,-1.0
4652613,OCC[C@@H]1CO1,OCC[C@@H]1CO1,33.2,16.42,16.42,33.2,29.251192000000007,29.251192000000007,14.467005200000003,14.467005200000003,C1,True,C1,True,1.0,1.0
4652825,CC#C[C@H](C)O,CC#C[C@H](C)O,-29.1,95.65,95.65,29.1,-24.478337999999997,24.478337999999997,80.458867,80.458867,C1,True,C1,True,-1.0,1.0
4652882,[H][C@]1(CC)O[C@@]1([H])CO,CC[C@H]1O[C@H]1CO,13.0,-111.68,111.68,13.0,13.277289999999999,13.277289999999999,-114.06213439999998,114.06213439999998,C1,True,C1,True,1.0,-1.0
4655366,CC[C@H]1CCC(=O)C1,CC[C@H]1CCC(=O)C1,-71.4,-258.47,258.47,71.4,-80.09080800000001,80.09080800000001,-289.93096840000004,289.93096840000004,C1,True,C1,True,-1.0,-1.0
4658178,CCCCCCCC[C@H](O)CC(C)=C,C=C(C)C[C@@H](O)CCCCCCCC,-8.0,-25.04,25.04,8.0,-15.867999999999995,15.867999999999995,-49.666839999999986,49.666839999999986,C1,True,C1,True,-1.0,-1.0
4659557,O[C@@H](CC=C)C1=CC=CO1,C=CC[C@H](O)c1ccco1,23.11,55.0,55.0,23.11,31.93016259999999,31.93016259999999,75.99129999999998,75.99129999999998,C1,True,C1,True,1.0,1.0
4660477,COC(=O)CC[C@H]1CO1,COC(=O)CC[C@H]1CO1,-17.1,-171.21,171.21,17.1,-22.254453,22.254453,-222.81783030000003,222.81783030000003,C1,True,C1,True,-1.0,-1.0
4660551,CC(=C)C[C@@H](O)C1CCCCC1,C=C(C)C[C@@H](O)C1CCCCC1,-5.0,100.71,100.71,5.0,-8.413999999999998,8.413999999999998,169.47478799999993,169.47478799999993,C1,True,C1,True,-1.0,1.0
4661357,[H][C@@]12CCCN1C(=O)CCC2,O=C1CCC[C@@H]2CCCN12,-6.5,-17.32,17.32,6.5,-9.04787,9.04787,-24.1090936,24.1090936,C1,True,C1,True,-1.0,-1.0
4661507,CC(C)[S@@](=O)C1=CC=CC=C1,CC(C)[S@@](=O)c1ccccc1,139.0,332.58,332.58,139.0,233.88279000000003,233.88279000000003,559.6024338000001,559.6024338000001,C1,True,C1,True,1.0,1.0
4663826,O=C1CC[C@@H](C1)C1=CC=CC=C1,O=C1CC[C@H](c2ccccc2)C1,-90.3,363.05,363.05,90.3,-144.67504799999998,144.67504799999998,581.664188,581.664188,C1,True,C1,True,-1.0,1.0
4665714,C[C@@H](O)C1=CC=C(C=C1)N(=O)=O,C[C@@H](O)c1ccc([N+](=O)[O-])cc1,26.7,95.75,95.75,26.7,44.63278799999999,44.63278799999999,160.05953,160.05953,C1,True,C1,True,1.0,1.0
4666413,CCCC[S@@](=O)C1=CC=C(C)C=C1,CCCC[S@@](=O)c1ccc(C)cc1,94.0,473.28,473.28,94.0,184.5361,184.5361,929.119632,929.119632,C1,True,C1,True,1.0,1.0
4667573,COC(=O)[C@@H](O)CC1CCCCC1,COC(=O)[C@@H](O)CC1CCCCC1,0.3,45.93,45.93,0.3,0.5587529999999997,0.5587529999999997,85.54508429999996,85.54508429999996,C1,True,C1,True,1.0,1.0
4667824,C[C@@H](OC(C)=O)\C=C\C1=CC=CC=C1,CC(=O)O[C@H](C)/C=C/c1ccccc1,123.84,164.56,164.56,123.84,235.59569280000002,235.59569280000002,313.06223520000003,313.06223520000003,C1,True,C1,True,1.0,1.0
4668498,O=[S@](CC1=CC=CC=C1)C1=CC=CC=C1,O=[S@](Cc1ccccc1)c1ccccc1,98.0,527.03,527.03,98.0,211.97889999999998,211.97889999999998,1139.9922414999999,1139.9922414999999,C1,True,C1,True,1.0,1.0
4669499,C[C@H]([C@@H](O)C1=CC=CC=C1)C(C)=O,CC(=O)[C@H](C)[C@@H](O)c1ccccc1,17.0,41.97,41.97,17.0,30.299269999999996,30.299269999999996,74.8035507,74.8035507,C1,True,C1,True,1.0,1.0
4669646,C\C=C/[C@H](C)OC(=O)N(C(C)C)C(C)C,C/C=C\[C@H](C)OC(=O)N(C(C)C)C(C)C,73.3,61.21,61.21,73.3,156.364293,156.364293,130.57378409999998,130.57378409999998,C1,True,C1,True,1.0,1.0
4675518,C[Si](C)(C)C#C[C@H](O)C1=CC=CO1,C[Si](C)(C)C#C[C@H](O)c1ccco1,13.8,115.43,115.43,13.8,26.814228,26.814228,224.2874158,224.2874158,C1,True,C1,True,1.0,1.0
4676393,CS(=O)(=O)OC[C@@H]1CCC(=O)O1,CS(=O)(=O)OC[C@@H]1CCC(=O)O1,33.3,-141.24,141.24,33.3,64.67126399999998,64.67126399999998,-274.2993792,274.2993792,C1,True,C1,True,1.0,-1.0
4677104,CCOC(=O)[C@@H](C)OC1=CC=CC=C1,CCOC(=O)[C@@H](C)Oc1ccccc1,35.3,151.08,151.08,35.3,68.56319,68.56319,293.44268400000004,293.44268400000004,C1,True,C1,True,1.0,1.0
4677304,C[C@@H]1O[C@H](C[C@@H](O)[C@H]1O)OCC1=CC=CC=C1,C[C@@H]1O[C@@H](OCc2ccccc2)C[C@@H](O)[C@H]1O,-112.0,3.45,3.45,112.0,-266.87696000000005,266.87696000000005,8.2207635,8.2207635,C1,True,C1,True,-1.0,1.0
4681027,OC[C@@]1(O[C@H]1C1=CC=CC=C1)C1=CC=CC=C1,OC[C@]1(c2ccccc2)O[C@H]1c1ccccc1,-65.2,16.93,16.93,65.2,-147.5313,147.5313,38.3083575,38.3083575,C1,True,C1,True,-1.0,1.0
4752666,[H][C@@]12CCC(C)=C3C(=O)C=C(C)[C@]3([H])[C@@]1([H])OC(=O)C2=C,C=C1C(=O)O[C@@H]2[C@H]3C(C)=CC(=O)C3=C(C)CC[C@@H]12,48.98,-94.77,94.77,48.98,119.65324199999995,119.65324199999995,-231.51363299999994,231.51363299999994,C1,True,C1,True,1.0,-1.0
4781304,C[C@H]1CCCCC(=O)C1,C[C@H]1CCCCC(=O)C1,-4.0,-206.34,206.34,4.0,-5.04796,5.04796,-260.3990166,260.3990166,C1,True,C1,True,-1.0,-1.0
4781977,CCCC[S@@](=O)C1=CC=CC=C1,CCCC[S@@](=O)c1ccccc1,150.0,494.25,494.25,150.0,273.432,273.432,900.9584400000001,900.9584400000001,C1,True,C1,True,1.0,1.0
4782740,O[C@@H](\C=C\C1=CC=CC=C1)C1=CC=CC=C1,O[C@@H](/C=C/c1ccccc1)c1ccccc1,-9.91,-310.24,310.24,9.91,-20.8383516,20.8383516,-652.3602624,652.3602624,C1,True,C1,True,-1.0,-1.0
4783524,O[C@H](C1=CC=CC=C1)C1=CC2=CC=CC=C2C=C1,O[C@H](c1ccccc1)c1ccc2ccccc2c1,-9.9,-42.08,42.08,9.9,-23.195502,23.195502,-98.59259839999999,98.59259839999999,C1,True,C1,True,-1.0,-1.0
4798442,C[C@@H](O)C1=CC=C(Br)C=C1,C[C@@H](O)c1ccc(Br)cc1,18.0,57.52,57.52,18.0,36.19134,36.19134,115.65143760000001,115.65143760000001,C1,True,C1,True,1.0,1.0
4799288,CC(C)C[C@@H](O)C1=CC=CC=C1,CC(C)C[C@@H](O)c1ccccc1,45.0,67.24,67.24,45.0,73.91159999999999,73.91159999999999,110.44035519999997,110.44035519999997,C1,True,C1,True,1.0,1.0
4800112,C[C@H](N(C)C)C1=CC(O)=CC=C1,C[C@@H](c1cccc(O)c1)N(C)C,-52.4,-161.23,161.23,52.4,-86.58366399999997,86.58366399999997,-266.4100027999999,266.4100027999999,C1,True,C1,True,-1.0,-1.0
4800623,NC[C@@H]1CCCN1CC1=CC=CC=C1,NC[C@@H]1CCCN1Cc1ccccc1,-54.0,-231.4,231.4,54.0,-102.75660000000003,102.75660000000003,-440.33106000000015,440.33106000000015,C1,True,C1,True,-1.0,-1.0
4839766,CCCCCCCC[C@@H](O)CO,CCCCCCCC[C@@H](O)CO,-0.31,-63.35,63.35,0.31,-0.5402804,0.5402804,-110.40891400000001,110.40891400000001,C1,True,C1,True,-1.0,-1.0
4840961,CC1(C)OC2=CC=CC=C2[C@H]2O[C@@H]12,CC1(C)Oc2ccccc2[C@H]2O[C@H]21,20.0,86.69,86.69,20.0,35.242999999999995,35.242999999999995,152.76078349999997,152.76078349999997,C1,True,C1,True,1.0,1.0
4841730,CC1(C)OC2=CC=C(C=C2[C@H]2O[C@@H]12)C#N,CC1(C)Oc2ccc(C#N)cc2[C@H]2O[C@H]21,85.0,114.55,114.55,85.0,171.04125,171.04125,230.50323749999998,230.50323749999998,C1,True,C1,True,1.0,1.0
4857766,OCC[C@H](CO)C1CCCCC1,OCC[C@H](CO)C1CCCCC1,-3.0,-66.52,66.52,3.0,-5.168039999999999,5.168039999999999,-114.59267359999996,114.59267359999996,C1,True,C1,True,-1.0,-1.0
4858162,CC(C)[C@H]1C[C@H](O)[C@H](C[C@@H]1O)C(C)C,CC(C)[C@H]1C[C@H](O)[C@@H](C(C)C)C[C@@H]1O,36.1,82.17,82.17,36.1,72.31624199999999,72.31624199999999,164.60458739999999,164.60458739999999,C1,True,C1,True,1.0,1.0
4860800,CCCC[C@@](C)(O)C1=CC=CC=C1,CCCC[C@@](C)(O)c1ccccc1,11.33,23.74,23.74,11.33,20.198557500000003,20.198557500000003,42.322485,42.322485,C1,True,C1,True,1.0,1.0
4864279,C[C@@]1(N)CC[C@H](NC(=O)C2=CC=CC=C2)C1(C)C,CC1(C)[C@@H](NC(=O)c2ccccc2)CC[C@@]1(C)N,80.0,279.46,279.46,80.0,197.08319999999995,197.08319999999995,688.4608883999998,688.4608883999998,C1,True,C1,True,1.0,1.0
4904332,COC1=CC=C(C=C1)[S@@](C)=O,COc1ccc([S@@](C)=O)cc1,66.0,218.05,218.05,66.0,112.35378,112.35378,371.1930565,371.1930565,C1,True,C1,True,1.0,1.0
4905166,COC(=O)\C=C/[C@@H]1COC(C)(C)O1,COC(=O)/C=C\[C@@H]1COC(C)(C)O1,-46.4,-273.68,273.68,46.4,-86.40004799999998,86.40004799999998,-509.6113175999999,509.6113175999999,C1,True,C1,True,-1.0,-1.0
5004664,CC(=C)C[C@@H](O)CCOCC1=CC=CC=C1,C=C(C)C[C@@H](O)CCOCc1ccccc1,-2.0,-131.59,131.59,2.0,-4.4062399999999995,4.4062399999999995,-289.9085608,289.9085608,C1,True,C1,True,-1.0,-1.0
5008943,COC(=O)[C@@H](C)NC1=C(C)C=CC=C1C,COC(=O)[C@@H](C)Nc1c(C)cccc1C,18.8,-64.65,64.65,18.8,38.967324,38.967324,-134.0019945,134.0019945,C1,True,C1,True,1.0,-1.0
5030593,CO[C@H]1O[C@H](CO)[C@H](O)[C@@H]1OCC1=CC=CC=C1,CO[C@H]1O[C@H](CO)[C@H](O)[C@@H]1OCc1ccccc1,33.3,-215.62,215.62,33.3,84.675906,84.675906,-548.2828484,548.2828484,C1,True,C1,True,1.0,-1.0
5054827,[H][C@]1(C)CN(CCO1)S(=O)(=O)C1=CC=C(C)C=C1,Cc1ccc(S(=O)(=O)N2CCO[C@@H](C)C2)cc1,29.8,49.35,49.35,29.8,76.091022,76.091022,126.0097965,126.0097965,C1,True,C1,True,1.0,1.0
5239672,CCCCC[C@H](O)CC=C,C=CC[C@@H](O)CCCCC,8.0,198.0,198.0,8.0,11.379359999999998,11.379359999999998,281.63915999999995,281.63915999999995,C1,True,C1,True,1.0,1.0
5241406,O[C@@H]1CCCC[C@@]11CCCNC1,O[C@@H]1CCCC[C@@]12CCCNC2,21.4,-2.71,2.71,21.4,36.223352,36.223352,-4.5871628,4.5871628,C1,True,C1,True,1.0,-1.0
5248382,C[C@@H](O)CCC1=CC=CC=C1,C[C@@H](O)CCc1ccccc1,-33.3,-104.04,104.04,33.3,-50.023593,50.023593,-156.2899284,156.2899284,C1,True,C1,True,-1.0,-1.0
5250853,CCOC(=O)\C=C\[C@H](C)[C@@H](O)CC,CCOC(=O)/C=C/[C@H](C)[C@@H](O)CC,-45.4,-198.97,198.97,45.4,-84.557954,84.557954,-370.58361469999994,370.58361469999994,C1,True,C1,True,-1.0,-1.0
5251125,O[C@@H](C1=CC=CC=C1)C(F)(F)F,O[C@@H](c1ccccc1)C(F)(F)F,14.4,12.11,12.11,14.4,25.36372799999999,25.36372799999999,21.330190699999992,21.330190699999992,C1,True,C1,True,1.0,1.0
5251348,[H][C@@]1(COC(C)=O)CCC(=O)N1,CC(=O)OC[C@@H]1CCC(=O)N1,21.4,162.91,162.91,21.4,33.634166,33.634166,256.0440179,256.0440179,C1,True,C1,True,1.0,1.0
5252232,OC[C@@]1(COCC2=CC=CC=C2)CO1,OC[C@@]1(COCc2ccccc2)CO1,-13.1,-108.67,108.67,13.1,-25.44413,25.44413,-211.069741,211.069741,C1,True,C1,True,-1.0,-1.0
5252266,COC1=CC2=C(C=C1)C=C(C=C2)[C@@H](C)O,COc1ccc2cc([C@@H](C)O)ccc2c1,26.7,17.79,17.79,26.7,54.00155099999999,54.00155099999999,35.9808087,35.9808087,C1,True,C1,True,1.0,1.0
5253010,CC[C@H](C)C(=O)C1=CC=C(OC)C=C1,CC[C@H](C)C(=O)c1ccc(OC)cc1,27.3,125.47,125.47,27.3,52.486434,52.486434,241.22611259999996,241.22611259999996,C1,True,C1,True,1.0,1.0
5253149,CC1=CC=C(C=C1)[C@H]1CCC(=O)C1,Cc1ccc([C@H]2CCC(=O)C2)cc1,-80.2,347.07,347.07,80.2,-139.742886,139.742886,604.7451801,604.7451801,C1,True,C1,True,-1.0,1.0
5253376,O[C@@H](CCC1=CC=CC=C1)CC=C,C=CC[C@@H](O)CCc1ccccc1,-15.6,-370.1,370.1,15.6,-27.496404000000002,27.496404000000002,-652.3345590000001,652.3345590000001,C1,True,C1,True,-1.0,-1.0
5263175,C[C@H](N)C(O)(C1=CC=CC=C1)C1=CC=CC=C1,C[C@H](N)C(O)(c1ccccc1)c1ccccc1,-55.0,-271.56,271.56,55.0,-125.01885,125.01885,-617.2748892,617.2748892,C1,True,C1,True,-1.0,-1.0
5266605,[H][C@@](N)(CC1=CC=C2C=CC=CC2=C1)C(=O)OC,COC(=O)[C@H](N)Cc1ccc2ccccc2c1,53.0,22.96,22.96,53.0,121.51787000000002,121.51787000000002,52.6424584,52.6424584,C1,True,C1,True,1.0,1.0
5269036,CCOC(=O)[C@@H](O)[C@@H](O)C1=CC=CC=C1,CCOC(=O)[C@@H](O)[C@@H](O)c1ccccc1,-31.32,-152.17,152.17,31.32,-65.84372280000001,65.84372280000001,-319.9054693,319.9054693,C1,True,C1,True,-1.0,-1.0
5270768,COC(=O)C[C@H](C)C1=CNC2=C1C=CC=C2,COC(=O)C[C@H](C)c1c[nH]c2ccccc12,3.5,-52.22,52.22,3.5,7.60438,7.60438,-113.4573496,113.4573496,C1,True,C1,True,1.0,-1.0
5271646,C[C@H](C(O)=O)C1=CC=CC(=C1)C(=O)C1=CC=CC=C1,C[C@H](C(=O)O)c1cccc(C(=O)c2ccccc2)c1,18.9,562.31,562.31,18.9,48.059865,48.059865,1429.8699834999998,1429.8699834999998,C1,True,C1,True,1.0,1.0
5330533,[H][C@]12OC(C)(C)O[C@@]1([H])[C@H](O)CC=C2,CC1(C)O[C@H]2[C@H](O)CC=C[C@H]2O1,-158.0,-145.85,145.85,158.0,-268.92864000000003,268.92864000000003,-248.24836799999997,248.24836799999997,C1,True,C1,True,-1.0,-1.0
5336691,C[C@@H]1O[C@@H](OCC2=CC=CC=C2)C=C[C@H]1O,C[C@@H]1O[C@@H](OCc2ccccc2)C=C[C@H]1O,-32.0,104.21,104.21,32.0,-70.48576000000001,70.48576000000001,229.5412828,229.5412828,C1,True,C1,True,-1.0,1.0
5339107,CC(=O)N[C@@]1(C)CC[C@H]2C[C@@H]1C(C)=NC2(C)C,CC(=O)N[C@@]1(C)CC[C@H]2C[C@@H]1C(C)=NC2(C)C,108.0,203.55,203.55,108.0,255.26771999999997,255.26771999999997,481.10874449999994,481.10874449999994,C1,True,C1,True,1.0,1.0
5376273,CCCCCC[C@@H]1O[C@H]1CO,CCCCCC[C@@H]1O[C@H]1CO,-30.55,-0.85,0.85,30.55,-48.3426255,48.3426255,-1.3450484999999999,1.3450484999999999,C1,True,C1,True,-1.0,-1.0
5376816,CC(C)(C)[C@H](O)C1=CC=CN=C1,CC(C)(C)[C@H](O)c1cccnc1,-21.84,-33.57,33.57,21.84,-36.0875424,36.0875424,-55.46972519999999,55.46972519999999,C1,True,C1,True,-1.0,-1.0
5377724,CC[C@@H](NC(C)=O)C1=CC=CC=C1,CC[C@@H](NC(C)=O)c1ccccc1,120.4,173.11,173.11,120.4,213.40538800000002,213.40538800000002,306.83228170000007,306.83228170000007,C1,True,C1,True,1.0,1.0
5377855,C[C@@H](CO)COC(=O)C1=CC=CC=C1,C[C@@H](CO)COC(=O)c1ccccc1,1.08,-55.23,55.23,1.08,2.0976840000000005,2.0976840000000005,-107.27322900000001,107.27322900000001,C1,True,C1,True,1.0,-1.0
5378025,O=C1CC[C@@H](O1)C#CC1=CC=CC=C1,O=C1CC[C@H](C#Cc2ccccc2)O1,-17.5,-109.38,109.38,17.5,-32.58675,32.58675,-203.67649799999998,203.67649799999998,C1,True,C1,True,-1.0,-1.0
5426888,[H][C@]12O[C@@]1([H])[C@@H]1OC(C)(C)O[C@@H]1C=C2,CC1(C)O[C@H]2[C@@H]3O[C@@H]3C=C[C@H]2O1,-22.3,-17.98,17.98,22.3,-37.50681599999999,37.50681599999999,-30.240921599999997,30.240921599999997,C1,True,C1,True,-1.0,-1.0
5427610,[H][C@@](O)(C1=CC=CC=C1)C1=CC=CC=C1C,Cc1ccccc1[C@H](O)c1ccccc1,-2.7,447.74,447.74,2.7,-5.353155,5.353155,887.711711,887.711711,C1,True,C1,True,-1.0,1.0
5428528,CCCCC(=O)O[C@H](C)C1=CC=CC=C1,CCCCC(=O)O[C@H](C)c1ccccc1,69.1,99.75,99.75,69.1,142.54293499999997,142.54293499999997,205.7692875,205.7692875,C1,True,C1,True,1.0,1.0
5434174,OC[C@@H]1O[C@H]1C1=CC=C(C=C1)N(=O)=O,O=[N+]([O-])c1ccc([C@@H]2O[C@H]2CO)cc1,-28.2,-333.79,333.79,28.2,-55.039067999999986,55.039067999999986,-651.4712946,651.4712946,C1,True,C1,True,-1.0,-1.0
5435928,O=CC[C@@H]1CCCN1C(=O)OCC1=CC=CC=C1,O=CC[C@@H]1CCCN1C(=O)OCc1ccccc1,-16.45,73.19,73.19,16.45,-40.679863,40.679863,180.9944786,180.9944786,C1,True,C1,True,-1.0,1.0
5476433,CCOC(=O)C[C@H](C)N,CCOC(=O)C[C@H](C)N,10.2,-36.81,36.81,10.2,13.379849999999998,13.379849999999998,-48.2855175,48.2855175,C1,True,C1,True,1.0,-1.0
5477445,C[C@H](C#N)C1=CC2=C(C=CC=C2)C=C1,C[C@H](C#N)c1ccc2ccccc2c1,-26.0,-103.87,103.87,26.0,-47.121880000000004,47.121880000000004,-188.2519106,188.2519106,C1,True,C1,True,-1.0,-1.0
5478400,O[C@H](C1=CC=CC=C1)C1=CC=CC=C1F,O[C@H](c1ccccc1)c1ccccc1F,-9.82,-229.22,229.22,9.82,-19.858789599999998,19.858789599999998,-463.54702159999994,463.54702159999994,C1,True,C1,True,-1.0,-1.0
5491717,COC[C@@H]1C[C@H](CN1)OC,COC[C@@H]1C[C@@H](OC)CN1,17.2,201.52,201.52,17.2,24.974744,24.974744,292.6110704,292.6110704,C1,True,C1,True,1.0,1.0
5514418,C[C@H](NC(C)=O)C1=CC2=CC=CC=C2C=C1,CC(=O)N[C@@H](C)c1ccc2ccccc2c1,-132.95,-376.52,376.52,132.95,-283.55575999999996,283.55575999999996,-803.0418559999999,803.0418559999999,C1,True,C1,True,-1.0,-1.0
5727720,CC[C@H]1CCCC(=O)C1,CC[C@H]1CCCC(=O)C1,-11.2,-40.92,40.92,11.2,-14.134288,14.134288,-51.6406308,51.6406308,C1,True,C1,True,-1.0,-1.0
5728796,[H][C@]12CC[C@@]1(C)CC=CC2=O,C[C@]12CC=CC(=O)[C@H]1CC2,25.9,55.5,55.5,25.9,35.27424599999999,35.27424599999999,75.58766999999999,75.58766999999999,C1,True,C1,True,1.0,1.0
5728802,C[C@@]12CC[C@@H]1C(=O)CCC2,C[C@]12CCCC(=O)[C@H]1CC2,139.0,133.35,133.35,139.0,192.1119,192.1119,184.303035,184.303035,C1,True,C1,True,1.0,1.0
5731766,O[C@H](CC=C)C1=CC=C(Cl)C=C1,C=CC[C@@H](O)c1ccc(Cl)cc1,36.8,61.48,61.48,36.8,67.21519999999998,67.21519999999998,112.29321999999998,112.29321999999998,C1,True,C1,True,1.0,1.0
5733451,CO[C@H]1O[C@@H](C)[C@@H](O)[C@H]2OC(C)(C)O[C@@H]12,CO[C@H]1O[C@@H](C)[C@@H](O)[C@H]2OC(C)(C)O[C@@H]12,136.4,100.28,100.28,136.4,297.69163599999996,297.69163599999996,218.86009719999998,218.86009719999998,C1,True,C1,True,1.0,1.0
5733597,[H][C@]12C[C@@H](CC[C@]1(C)CCC[C@]2(C)O)C(C)=C,C=C(C)[C@@H]1CC[C@]2(C)CCC[C@](C)(O)[C@H]2C1,11.9,-8.77,8.77,11.9,26.462267999999995,26.462267999999995,-19.502024399999996,19.502024399999996,C1,True,C1,True,1.0,-1.0
5734179,COC1=C(C=CC=C1)[C@H](O)CC=C,C=CC[C@@H](O)c1ccccc1OC,42.0,188.51,188.51,42.0,74.85701999999998,74.85701999999998,335.98325809999994,335.98325809999994,C1,True,C1,True,1.0,1.0
5735455,[H][C@@](O)(C1=CC=C(C)C=C1)C(F)(F)F,Cc1ccc([C@@H](O)C(F)(F)F)cc1,-12.7,-11.78,11.78,12.7,-24.150827999999997,24.150827999999997,-22.4013192,22.4013192,C1,True,C1,True,-1.0,-1.0
5737256,O[C@H](C1=CC=C(Cl)C=C1)C(F)(F)F,O[C@H](c1ccc(Cl)cc1)C(F)(F)F,-8.3,-57.68,57.68,8.3,-17.478305999999996,17.478305999999996,-121.46369759999997,121.46369759999997,C1,True,C1,True,-1.0,-1.0
5737258,O[C@H](C1=CC=C(Br)C=C1)C(F)(F)F,O[C@H](c1ccc(Br)cc1)C(F)(F)F,-11.5,-6.88,6.88,11.5,-29.328795,29.328795,-17.546270399999997,17.546270399999997,C1,True,C1,True,-1.0,-1.0
5738147,COC1=CC=C(C=C1)[C@@H](O)C(F)(F)F,COc1ccc([C@@H](O)C(F)(F)F)cc1,-13.6,15.53,15.53,13.6,-28.03816799999999,28.03816799999999,32.01711389999999,32.01711389999999,C1,True,C1,True,-1.0,1.0
5738219,CC1(C)OC[C@@H](O1)[C@H](O)C(=C)[Si](C)(C)C,C=C([C@@H](O)[C@H]1COC(C)(C)O1)[Si](C)(C)C,-10.4,-60.15,60.15,10.4,-23.959519999999998,23.959519999999998,-138.57357,138.57357,C1,True,C1,True,-1.0,-1.0
5738326,C[C@@H](Cl)C1=NN=C([C@@H](C)Cl)N1N,C[C@@H](Cl)c1nnc([C@@H](C)Cl)n1N,-216.5,-659.39,659.39,216.5,-452.6582,452.6582,-1378.652612,1378.652612,C1,True,C1,True,-1.0,-1.0
5738462,O[C@@H](CC=C)C1=CC=C(C=C1)N(=O)=O,C=CC[C@H](O)c1ccc([N+](=O)[O-])cc1,-30.9,-5.86,5.86,30.9,-59.69941799999999,59.69941799999999,-11.321637199999998,11.321637199999998,C1,True,C1,True,-1.0,-1.0
5742085,CO[C@H]1O[C@@H](C)C(=O)[C@H]2OC(C)(C)O[C@@H]12,CO[C@H]1O[C@@H](C)C(=O)[C@H]2OC(C)(C)O[C@@H]12,-16.9,102.91,102.91,16.9,-36.54337699999999,36.54337699999999,222.52538029999997,222.52538029999997,C1,True,C1,True,-1.0,1.0
5742273,COC1=CC2=C(C=C1OC)[C@H](CO)NCC2,COc1cc2c(cc1OC)[C@H](CO)NCC2,-31.4,66.4,66.4,31.4,-70.10740799999999,70.10740799999999,148.25260799999998,148.25260799999998,C1,True,C1,True,-1.0,1.0
5749188,COC(=O)C[C@H](O)CCOCC1=CC=CC=C1,COC(=O)C[C@H](O)CCOCc1ccccc1,-5.9,124.65,124.65,5.9,-14.058697,14.058697,297.0197595,297.0197595,C1,True,C1,True,-1.0,1.0
5789456,[H][C@@](CC)(CO)CC(C)C,CC[C@H](CO)CC(C)C,2.7,30.43,30.43,2.7,3.5162369999999994,3.5162369999999994,39.62929329999999,39.62929329999999,C1,True,C1,True,1.0,1.0
5802689,[H][C@@](C)(CC\C=C(/C)CCC=C(C)C)CC(=O)OC,COC(=O)C[C@H](C)CC/C=C(\C)CCC=C(C)C,4.1,-108.3,108.3,4.1,10.348317999999997,10.348317999999997,-273.34703399999995,273.34703399999995,C1,True,C1,True,1.0,-1.0
5849031,CC(C)[C@H](O)CN(=O)=O,CC(C)[C@H](O)C[N+](=O)[O-],30.5,5.0,5.0,30.5,40.609835,40.609835,6.657349999999999,6.657349999999999,C1,True,C1,True,1.0,1.0
5849623,CCCC[C@@H](O)\C=C\C1=CC=CC=C1,CCCC[C@@H](O)/C=C/c1ccccc1,-9.5,-75.98,75.98,9.5,-18.077170000000002,18.077170000000002,-144.5793028,144.5793028,C1,True,C1,True,-1.0,-1.0
5849930,CC1=C(C=CC=C1)[C@@H](O)C#N,Cc1ccccc1[C@@H](O)C#N,26.6,-161.24,161.24,26.6,39.149082,39.149082,-237.30819480000002,237.30819480000002,C1,True,C1,True,1.0,-1.0
5849961,O[C@H](CN(=O)=O)C1CCCCC1,O=[N+]([O-])C[C@@H](O)C1CCCCC1,17.5,29.19,29.19,17.5,30.312099999999987,30.312099999999987,50.560582799999985,50.560582799999985,C1,True,C1,True,1.0,1.0
5850049,C1CC[C@@H](NC1)C1=CC=CC=C1,c1ccc([C@H]2CCCCN2)cc1,27.2,-57.25,57.25,27.2,43.859456,43.859456,-92.31448,92.31448,C1,True,C1,True,1.0,-1.0
5850060,CO[C@H]1O[C@H](C)[C@@H](O)[C@@H]2OC(C)(C)O[C@@H]12,CO[C@H]1O[C@H](C)[C@@H](O)[C@@H]2OC(C)(C)O[C@@H]12,137.8,141.36,141.36,137.8,300.747122,300.747122,308.5167864,308.5167864,C1,True,C1,True,1.0,1.0
5850405,C[C@@H](O)C1=CC=C(C=C1)C(F)(F)F,C[C@@H](O)c1ccc(C(F)(F)F)cc1,38.6,51.04,51.04,38.6,73.40330399999999,73.40330399999999,97.0597056,97.0597056,C1,True,C1,True,1.0,1.0
5851236,[H][C@](O)(CC(C)C)C(=O)OCC1=CC=CC=C1,CC(C)C[C@H](O)C(=O)OCc1ccccc1,-18.4,-51.94,51.94,18.4,-40.90025599999999,40.90025599999999,-115.4543096,115.4543096,C1,True,C1,True,-1.0,-1.0
5851445,O[C@@H](CCC1=CC=CC=C1)CN(=O)=O,O=[N+]([O-])C[C@@H](O)CCc1ccccc1,-14.3,135.3,135.3,14.3,-27.916174000000005,27.916174000000005,264.12995400000005,264.12995400000005,C1,True,C1,True,-1.0,1.0
5861041,CC[C@@H](O)[C@H](C)C(=O)N(C)OC,CC[C@@H](O)[C@H](C)C(=O)N(C)OC,7.3,-21.73,21.73,7.3,12.791643999999998,12.791643999999998,-38.0770444,38.0770444,C1,True,C1,True,1.0,-1.0
5861487,O[C@@H](CC=C)C1=NC=CC=C1,C=CC[C@H](O)c1ccccn1,-42.9,-67.2,67.2,42.9,-64.00379699999999,64.00379699999999,-100.257696,100.257696,C1,True,C1,True,-1.0,-1.0
5862068,C[C@@]1(CO)O[C@H]1C1=CC=CC=C1,C[C@@]1(CO)O[C@H]1c1ccccc1,9.4,2.38,2.38,9.4,15.435176000000002,15.435176000000002,3.9080552,3.9080552,C1,True,C1,True,1.0,1.0
5863172,O=C1CCC[C@@H](C1)C1=CC=CC=C1,O=C1CCC[C@H](c2ccccc2)C1,-12.1,-111.08,111.08,12.1,-21.083402999999997,21.083402999999997,-193.5491244,193.5491244,C1,True,C1,True,-1.0,-1.0
5907057,CCOC(=O)[C@@]1(CC=C)CCCCC1=O,C=CC[C@]1(C(=O)OCC)CCCCC1=O,111.2,212.16,212.16,111.2,233.82357599999992,233.82357599999992,446.1151967999998,446.1151967999998,C1,True,C1,True,1.0,1.0
5908336,O[C@H](COC1=CC=CC2=C1C=CC=C2)CN(=O)=O,O=[N+]([O-])C[C@H](O)COc1cccc2ccccc12,-17.59,120.98,120.98,17.59,-43.491275,43.491275,299.12305000000003,299.12305000000003,C1,True,C1,True,-1.0,1.0
5908424,O=C(CC1=CC=CC=C1)O[C@@H](C#N)C1=CC=CC=C1,N#C[C@H](OC(=O)Cc1ccccc1)c1ccccc1,-0.37,-112.21,112.21,0.37,-0.9297545,0.9297545,-281.9668985,281.9668985,C1,True,C1,True,-1.0,-1.0
6056823,FC1=CC=C(C=C1)[C@H]1CCC(=O)O1,O=C1CC[C@H](c2ccc(F)cc2)O1,13.8,71.63,71.63,13.8,24.864563999999994,24.864563999999994,129.06150139999997,129.06150139999997,C1,True,C1,True,1.0,1.0
6058211,CC(C)(C)OC(=O)C(=C)[C@@H](O)C1=CC=CC=C1,C=C(C(=O)OC(C)(C)C)[C@@H](O)c1ccccc1,38.6,189.88,189.88,38.6,90.43787,90.43787,444.879346,444.879346,C1,True,C1,True,1.0,1.0
6059286,C[C@H](NC(=O)[C@@H]1CCCN1)C1=CC=CC=C1,C[C@H](NC(=O)[C@@H]1CCCN1)c1ccccc1,-91.8,-394.64,394.64,91.8,-200.39939999999999,200.39939999999999,-861.49912,861.49912,C1,True,C1,True,-1.0,-1.0
6140992,OC[C@@H]1CC1(C1=CC=CC=C1)C1=CC=CC=C1,OC[C@@H]1CC1(c1ccccc1)c1ccccc1,21.1,-191.37,191.37,21.1,47.32793300000001,47.32793300000001,-429.2486511000001,429.2486511000001,C1,True,C1,True,1.0,-1.0
6174521,CCCCCCC[C@H](O)CC=C,C=CC[C@@H](O)CCCCCCC,-7.1,-149.84,149.84,7.1,-12.091015999999998,12.091015999999998,-255.17152639999998,255.17152639999998,C1,True,C1,True,-1.0,-1.0
6175631,O[C@H](CN(=O)=O)C1=CC=CC=C1,O=[N+]([O-])C[C@@H](O)c1ccccc1,37.2,-75.54,75.54,37.2,62.185007999999996,62.185007999999996,-126.2756856,126.2756856,C1,True,C1,True,1.0,-1.0
6176366,O[C@H](C1=CC2=CC=CC=C2C=C1)C(F)(F)F,O[C@H](c1ccc2ccccc2c1)C(F)(F)F,-24.7,-78.49,78.49,24.7,-55.87065899999999,55.87065899999999,-177.54202529999995,177.54202529999995,C1,True,C1,True,-1.0,-1.0
6270648,CC(C)[C@H](O)CC(=O)C1=CC=CC=C1,CC(C)[C@H](O)CC(=O)c1ccccc1,6.3,113.94,113.94,6.3,12.112254,12.112254,219.0587652,219.0587652,C1,True,C1,True,1.0,1.0
6271537,C[C@H]1C[C@@H](OC1=O)C1=CC=CC=C1,C[C@H]1C[C@H](c2ccccc2)OC1=O,-1.0,6.26,6.26,1.0,-1.7621499999999997,1.7621499999999997,11.031058999999997,11.031058999999997,C1,True,C1,True,-1.0,1.0
6271538,C[C@@H]1C[C@@H](OC1=O)C1=CC=CC=C1,C[C@@H]1C[C@H](c2ccccc2)OC1=O,-24.0,120.44,120.44,24.0,-42.291599999999995,42.291599999999995,212.23334599999998,212.23334599999998,C1,True,C1,True,-1.0,1.0
6271739,COC1=CC2=C(C=C1)C=C(C=C2)[C@H](C)C=O,COc1ccc2cc([C@H](C)C=O)ccc2c1,62.2,385.49,385.49,62.2,133.27220799999998,133.27220799999998,825.9662936,825.9662936,C1,True,C1,True,1.0,1.0
6274499,O[C@H](C1=CC=CC=C1)C1=CC=C(C=C1)N(=O)=O,O=[N+]([O-])c1ccc([C@H](O)c2ccccc2)cc1,-57.02,-332.63,332.63,57.02,-130.709797,130.709797,-762.5043805,762.5043805,C1,True,C1,True,-1.0,-1.0
6367777,CCC[C@H](O)[C@@H](C)C(O)=O,CCC[C@H](O)[C@@H](C)C(=O)O,-12.5,25.28,25.28,12.5,-18.273249999999997,18.273249999999997,36.9558208,36.9558208,C1,True,C1,True,-1.0,1.0
6368251,C[C@@H]1CCC[C@H](CC(C)=O)N1,CC(=O)C[C@H]1CCC[C@@H](C)N1,-25.0,56.27,56.27,25.0,-38.81025,38.81025,87.35411070000002,87.35411070000002,C1,True,C1,True,-1.0,1.0
6368598,[H][C@@]12C=CC(=O)[C@]1([H])[C@@H]1C[C@H]2C=C1,O=C1C=C[C@@H]2[C@H]1[C@H]1C=C[C@@H]2C1,-77.6,-138.53,138.53,77.6,-113.44266399999997,113.44266399999997,-202.51562169999994,202.51562169999994,C1,True,C1,True,-1.0,-1.0
6368908,O[C@@H](C1=CC=CC=C1)C1=CC=NC=C1,O[C@@H](c1ccccc1)c1ccncc1,36.25,320.4,320.4,36.25,67.144425,67.144425,593.4641039999999,593.4641039999999,C1,True,C1,True,1.0,1.0
6482011,O=C1O[C@@H]2CO[C@H](O[C@H]2C=C1)C1=CC=CC=C1,O=C1C=C[C@@H]2O[C@H](c3ccccc3)OC[C@H]2O1,17.6,20.83,20.83,17.6,40.873360000000005,40.873360000000005,48.3745505,48.3745505,C1,True,C1,True,1.0,1.0
6483042,CC(C)(C)OC(=O)[C@H]1N=CO[C@@H]1C1=CC=CC=C1,CC(C)(C)OC(=O)[C@H]1N=CO[C@@H]1c1ccccc1,73.05,160.21,160.21,73.05,180.648267,180.648267,396.1897174,396.1897174,C1,True,C1,True,1.0,1.0
6505482,CC(C)(C)[C@H]1COC(=N1)C1=NC=CC=C1,CC(C)(C)[C@H]1COC(c2ccccn2)=N1,-72.7,-61.41,61.41,72.7,-148.50647100000003,148.50647100000003,-125.4440493,125.4440493,C1,True,C1,True,-1.0,-1.0
6582523,[H][C@@](O)(C1=CC(Br)=CC=C1)C(F)(F)F,O[C@H](c1cccc(Br)c1)C(F)(F)F,-7.3,33.41,33.41,7.3,-18.617408999999995,18.617408999999995,85.20652529999998,85.20652529999998,C1,True,C1,True,-1.0,1.0
6593207,CC(=C)C[C@@H](O)\C=C\C1=CC=CC=C1,C=C(C)C[C@@H](O)/C=C/c1ccccc1,24.0,-184.11,184.11,24.0,45.184799999999996,45.184799999999996,-346.623897,346.623897,C1,True,C1,True,1.0,-1.0
6633685,CCOC(=O)[C@@H](C)OC1=CC=CC=C1Cl,CCOC(=O)[C@@H](C)Oc1ccccc1Cl,32.1,182.48,182.48,32.1,73.40467500000001,73.40467500000001,417.28614,417.28614,C1,True,C1,True,1.0,1.0
6635021,CCOC(=O)[C@@H](C)OC1=CC=C(C=C1)N(=O)=O,CCOC(=O)[C@@H](C)Oc1ccc([N+](=O)[O-])cc1,38.9,112.87,112.87,38.9,93.059303,93.059303,270.0155149,270.0155149,C1,True,C1,True,1.0,1.0
6635492,CCOC(=O)[C@@H](C)OC1=CC=CC(=C1)N(=O)=O,CCOC(=O)[C@@H](C)Oc1cccc([N+](=O)[O-])c1,36.3,148.82,148.82,36.3,86.839401,86.839401,356.0176214,356.0176214,C1,True,C1,True,1.0,1.0
6644812,CC[C@@](O)(CO)COCC1=CC=CC=C1,CC[C@@](O)(CO)COCc1ccccc1,-8.5,124.4,124.4,8.5,-17.873205,17.873205,261.579612,261.579612,C1,True,C1,True,-1.0,1.0
6649029,C[C@H](NC(=O)C1=NC=CC=C1)C1=CC=CC=C1,C[C@H](NC(=O)c1ccccn1)c1ccccc1,7.715,-216.68,216.68,7.715,17.45742485,17.45742485,-490.3013372,490.3013372,C1,True,C1,True,1.0,-1.0
6683156,C[C@@H](O)CCCCCCCC#C,C#CCCCCCCC[C@@H](C)O,-4.0,54.04,54.04,4.0,-6.731200000000001,6.731200000000001,90.938512,90.938512,C1,True,C1,True,-1.0,1.0
6683556,CC(C)[C@@H]1CCC(C=O)=C[C@H]1O,CC(C)[C@@H]1CCC(C=O)=C[C@H]1O,-17.0,-0.74,0.74,17.0,-28.60012,28.60012,-1.2449464000000001,1.2449464000000001,C1,True,C1,True,-1.0,-1.0
6768831,CN1[C@@H](CC2=CC=CC=C2)C(=O)N(C)C1=O,CN1C(=O)[C@H](Cc2ccccc2)N(C)C1=O,-45.93,0.6,0.6,45.93,-100.2449808,100.2449808,1.309536,1.309536,C1,True,C1,True,-1.0,1.0
6792160,CCC[C@H](C)NC(=O)C1=CC=CC=C1,CCC[C@H](C)NC(=O)c1ccccc1,20.0,273.64,273.64,20.0,38.2548,38.2548,523.4021736,523.4021736,C1,True,C1,True,1.0,1.0
6792347,CC(C)C[C@H](C)NC(=O)C1=CC=CC=C1,CC(C)C[C@H](C)NC(=O)c1ccccc1,20.0,169.8,169.8,20.0,41.0602,41.0602,348.60109800000004,348.60109800000004,C1,True,C1,True,1.0,1.0
6792468,CCCCC[C@H](C)NC(=O)C1=CC=CC=C1,CCCCC[C@H](C)NC(=O)c1ccccc1,3.0,-181.02,181.02,3.0,6.579840000000001,6.579840000000001,-397.0275456,397.0275456,C1,True,C1,True,1.0,-1.0
6798149,C[C@@H](O)C1=C(O)C=CC=C1,C[C@@H](O)c1ccccc1O,22.2,-16.01,16.01,22.2,30.672851999999992,30.672851999999992,-22.120376599999997,22.120376599999997,C1,True,C1,True,1.0,-1.0
6799031,COC1=C(C=C(C)C=C1)[C@H](C)O,COc1ccc(C)cc1[C@H](C)O,-25.0,-61.52,61.52,25.0,-41.555,41.555,-102.258544,102.258544,C1,True,C1,True,-1.0,-1.0
6799727,C[C@@H](CO)CCCC1=CC=CC=C1,C[C@@H](CO)CCCc1ccccc1,10.2,17.43,17.43,10.2,18.184050000000003,18.184050000000003,31.073332500000006,31.073332500000006,C1,True,C1,True,1.0,1.0
6801353,COC(=O)C[C@@H](N)C1=CC=CC=C1,COC(=O)C[C@@H](N)c1ccccc1,10.5,-9.05,9.05,10.5,18.817995000000003,18.817995000000003,-16.219319500000005,16.219319500000005,C1,True,C1,True,1.0,-1.0
6802229,O[C@@H](C#CC1=CC=CC=C1)C1=CC=CC=C1,O[C@@H](C#Cc1ccccc1)c1ccccc1,3.65,7.38,7.38,3.65,7.60149,7.60149,15.369587999999998,15.369587999999998,C1,True,C1,True,1.0,1.0
6803701,C[C@@H](O)[C@@H]1O[C@H]1\C=C\[C@@H]1O[C@H]1[C@H](O)C=C,C=C[C@@H](O)[C@@H]1O[C@H]1/C=C/[C@@H]1O[C@H]1[C@@H](C)O,-31.1,432.29,432.29,31.1,-66.008195,66.008195,917.5139105,917.5139105,C1,True,C1,True,-1.0,1.0
6811135,O[C@@H](C#CC1=CC=CC=C1)C1=CC=C(C=C1)N(=O)=O,O=[N+]([O-])c1ccc([C@@H](O)C#Cc2ccccc2)cc1,10.9,11.38,11.38,10.9,27.605013000000003,27.605013000000003,28.820646600000003,28.820646600000003,C1,True,C1,True,1.0,1.0
6845112,COC1=CC=C(C=C1)[C@H]1CCC(=O)C1,COc1ccc([C@H]2CCC(=O)C2)cc1,-14.0,253.92,253.92,14.0,-26.633879999999998,26.633879999999998,483.06248639999995,483.06248639999995,C1,True,C1,True,-1.0,1.0
6845934,C1CCC2(CC1)OC1=C(C=CC=C1)[C@H]1O[C@@H]21,c1ccc2c(c1)OC1(CCCCC1)[C@@H]1O[C@H]21,12.0,-22.89,22.89,12.0,25.95359999999999,25.95359999999999,-49.50649199999999,49.50649199999999,C1,True,C1,True,1.0,-1.0
6890340,CCCCC[C@H](OC(C)=O)C=C,C=C[C@H](CCCCC)OC(C)=O,-15.1,-17.96,17.96,15.1,-25.708052,25.708052,-30.5772592,30.5772592,C1,True,C1,True,-1.0,-1.0
6897822,[H][C@@](CC)(CO)C1CCCCC1,CC[C@H](CO)C1CCCCC1,4.5,102.59,102.59,4.5,7.032104999999998,7.032104999999998,160.31636709999995,160.31636709999995,C1,True,C1,True,1.0,1.0
6955514,C[C@@]1(O)[C@@H](O)COC1=O,C[C@]1(O)C(=O)OC[C@@H]1O,-69.0,-43.4,43.4,69.0,-91.15935000000002,91.15935000000002,-57.33791,57.33791,C1,True,C1,True,-1.0,-1.0
6956059,CC(C)[C@@H](O)[C@@H](N=N#N)C(O)=O,CC(C)[C@@H](O)[C@@H](N=[N+]=[N-])C(=O)O,42.0,28.83,28.83,42.0,72.73224,72.73224,49.9254876,49.9254876,C1,True,C1,True,1.0,1.0
6965128,CC(C)(C)[Si](C)(C)OC[C@H]1CO1,CC(C)(C)[Si](C)(C)OC[C@H]1CO1,-3.44,30.1,30.1,3.44,-6.478999199999999,6.478999199999999,56.69124299999999,56.69124299999999,C1,True,C1,True,-1.0,1.0
6970493,COC1=CC=C2C[C@H]3C[C@](C)(CN3C)C2=C1,COc1ccc2c(c1)[C@]1(C)C[C@H](C2)N(C)C1,-7.8,-55.33,55.33,7.8,-16.950335999999997,16.950335999999997,-120.23872959999997,120.23872959999997,C1,True,C1,True,-1.0,-1.0
6998355,CC1=CC=C(C=C1)[C@H](O)CC=C,C=CC[C@@H](O)c1ccc(C)cc1,45.7,83.67,83.67,45.7,74.140024,74.140024,135.73951439999996,135.73951439999996,C1,True,C1,True,1.0,1.0
6998692,O[C@@H](C#N)C1=C(Cl)C=CC=C1,N#C[C@H](O)c1ccccc1Cl,3.42,-113.6,113.6,3.42,5.731748999999999,5.731748999999999,-190.38791999999995,190.38791999999995,C1,True,C1,True,1.0,-1.0
7013539,[H][C@]12CC[C@@]1(C)CCC2=O,C[C@]12CCC(=O)[C@H]1CC2,284.0,294.63,294.63,284.0,352.6797199999999,352.6797199999999,365.8803729,365.8803729,C1,True,C1,True,1.0,1.0
7014534,[H][C@@](O)(C1=CC=CC=C1)C1=CC=CC=C1Cl,O[C@H](c1ccccc1)c1ccccc1Cl,15.26,-285.23,285.23,15.26,33.3710258,33.3710258,-623.7495209,623.7495209,C1,True,C1,True,1.0,-1.0
7022720,CC(C)[C@H]1COC(=N1)C1=CC=CC=C1,CC(C)[C@H]1COC(c2ccccc2)=N1,-61.1,-98.56,98.56,61.1,-115.636638,115.636638,-186.53268480000003,186.53268480000003,C1,True,C1,True,-1.0,-1.0
7023076,C[C@H](CC1=CC=CC=C1)C(=O)C1=CC=CC=C1,C[C@H](Cc1ccccc1)C(=O)c1ccccc1,-89.5,-176.85,176.85,89.5,-200.75118499999996,200.75118499999996,-396.6798554999999,396.6798554999999,C1,True,C1,True,-1.0,-1.0
7024072,CC(C)(C)OC(=O)N1CCC[C@H]1CC#N,CC(C)(C)OC(=O)N1CCC[C@H]1CC#N,-46.45,-84.15,84.15,46.45,-97.67366649999998,97.67366649999998,-176.9480955,176.9480955,C1,True,C1,True,-1.0,-1.0
7036041,COC(=O)[C@]12CO[C@@H](N1C(=O)CC2=O)C(C)(C)C,COC(=O)[C@]12CO[C@H](C(C)(C)C)N1C(=O)CC2=O,111.3,25.16,25.16,111.3,284.11551,284.11551,64.22593199999999,64.22593199999999,C1,True,C1,True,1.0,1.0
7073421,CC1=CC=CC=C1[C@H](O)CC=C,C=CC[C@@H](O)c1ccccc1C,61.7,303.39,303.39,61.7,100.09714399999999,100.09714399999999,492.19566479999986,492.19566479999986,C1,True,C1,True,1.0,1.0
7074110,C[C@@H](N)[C@H](O)CC1=CC=CC=C1,C[C@@H](N)[C@H](O)Cc1ccccc1,18.9,53.92,53.92,18.9,31.229603999999995,31.229603999999995,89.0952512,89.0952512,C1,True,C1,True,1.0,1.0
7074356,CC1=CC=CC=C1[S@@](=O)C1=CC=CC=C1,Cc1ccccc1[S@@](=O)c1ccccc1,-58.3,-421.94,421.94,58.3,-126.105815,126.105815,-912.677317,912.677317,C1,True,C1,True,-1.0,-1.0
7075283,O[C@H](C1=CC=CC=C1)C1=C(O)C=CC=C1,Oc1ccccc1[C@H](O)c1ccccc1,-35.1,-508.63,508.63,35.1,-70.283187,70.283187,-1018.4654531,1018.4654531,C1,True,C1,True,-1.0,-1.0
7091422,CC1=CC=CC=C1[C@H](O)CN(=O)=O,Cc1ccccc1[C@H](O)C[N+](=O)[O-],48.4,-87.62,87.62,48.4,87.69644399999999,87.69644399999999,-158.7595542,158.7595542,C1,True,C1,True,1.0,-1.0
7112042,C[C@@H]([C@@H](O)C1=CC=CC=C1C)N(=O)=O,Cc1ccccc1[C@H](O)[C@H](C)[N+](=O)[O-],22.7,3.86,3.86,22.7,44.314485999999995,44.314485999999995,7.5354148,7.5354148,C1,True,C1,True,1.0,1.0
7112043,C[C@H]([C@@H](O)C1=CC=CC=C1C)N(=O)=O,Cc1ccccc1[C@H](O)[C@@H](C)[N+](=O)[O-],-9.7,25.58,25.58,9.7,-18.936145999999997,18.936145999999997,49.936764399999994,49.936764399999994,C1,True,C1,True,-1.0,1.0
7112264,COC(=O)[C@@]1(CC=C)CC2=C(C=CC=C2)C1=O,C=CC[C@]1(C(=O)OC)Cc2ccccc2C1=O,-138.9,-123.01,123.01,138.9,-319.835307,319.835307,-283.24651629999994,283.24651629999994,C1,True,C1,True,-1.0,-1.0
7132404,CC1(C)O[C@H]2[C@@H](O1)[C@@H](C=C[C@@H]2O)N=N#N,CC1(C)O[C@@H]2[C@H](O1)[C@@H](O)C=C[C@H]2N=[N+]=[N-],-36.7,38.9,38.9,36.7,-77.51810700000001,77.51810700000001,82.164969,82.164969,C1,True,C1,True,-1.0,1.0
7165585,C=C[C@@H](CC=O)C1=CC=CC=C1,C=C[C@@H](CC=O)c1ccccc1,-3.01,412.63,412.63,3.01,-4.822501599999999,4.822501599999999,661.0992808,661.0992808,C1,True,C1,True,-1.0,1.0
7166174,C[C@H](C#N)C1=CC=CC2=C1C=CC=C2,C[C@H](C#N)c1cccc2ccccc12,-44.0,-191.48,191.48,44.0,-79.74472,79.74472,-347.0345224,347.0345224,C1,True,C1,True,-1.0,-1.0
7168383,[H][C@@](N)(CC1=CC=CC=C1)C(=O)NCC1=CC=CC=C1,N[C@H](Cc1ccccc1)C(=O)NCc1ccccc1,63.3,70.17,70.17,63.3,160.992789,160.992789,178.4654661,178.4654661,C1,True,C1,True,1.0,1.0
7168553,COC1=CC=C2NC(=O)[C@]3(CCN(C)C3)C2=C1,COc1ccc2c(c1)[C@@]1(CCN(C)C1)C(=O)N2,58.0,-29.98,29.98,58.0,134.72413999999998,134.72413999999998,-69.63844339999999,69.63844339999999,C1,True,C1,True,1.0,-1.0
7183806,[H][C@@](O)(C1CCCCC1)C1=C(C)C=CC=C1,Cc1ccccc1[C@H](O)C1CCCCC1,29.6,120.96,120.96,29.6,60.47664799999998,60.47664799999998,247.1370047999999,247.1370047999999,C1,True,C1,True,1.0,1.0
7202137,COC(=O)[C@H]1N=C1C1=CC=CC=C1,COC(=O)[C@H]1N=C1c1ccccc1,26.8,730.38,730.38,26.8,46.95011600000001,46.95011600000001,1279.5308106000002,1279.5308106000002,C1,True,C1,True,1.0,1.0
7208064,O=C(NC1=C2C=CC=CC2=CC=C1)[C@@H]1CCCN1,O=C(Nc1cccc2ccccc12)[C@@H]1CCCN1,-14.6,66.53,66.53,14.6,-35.08467599999999,35.08467599999999,159.87558179999996,159.87558179999996,C1,True,C1,True,-1.0,1.0
7209353,O[C@H](C1=CC=CC=C1)C1=CC=C(C=C1)C(F)(F)F,O[C@H](c1ccccc1)c1ccc(C(F)(F)F)cc1,-26.3,-275.35,275.35,26.3,-66.33780499999999,66.33780499999999,-694.5290724999999,694.5290724999999,C1,True,C1,True,-1.0,-1.0
7250729,CCCC[C@@H](CN(=O)=O)C1=CC=CC=C1,CCCC[C@@H](C[N+](=O)[O-])c1ccccc1,9.33,54.93,54.93,9.33,19.3385709,19.3385709,113.85505890000002,113.85505890000002,C1,True,C1,True,1.0,1.0
7253027,[H][C@](C)(OC1=C(OC)C=CC=C1OC)C(=O)OCC,CCOC(=O)[C@@H](C)Oc1c(OC)cccc1OC,29.3,268.85,268.85,29.3,74.504626,74.504626,683.637157,683.637157,C1,True,C1,True,1.0,1.0
7266152,COC(=O)C[C@H](C)CCC1=CC=CC=C1,COC(=O)C[C@H](C)CCc1ccccc1,18.5,-214.41,214.41,18.5,38.162725,38.162725,-442.29566850000003,442.29566850000003,C1,True,C1,True,1.0,-1.0
7281558,COC1=CC(=CC=C1)[C@H]1CCC(=O)O1,COc1cccc([C@H]2CCC(=O)O2)c1,12.0,133.93,133.93,12.0,23.065679999999997,23.065679999999997,257.4322102,257.4322102,C1,True,C1,True,1.0,1.0
7288163,C[C@](CCC1=CC=CC=C1)(C=C)C=O,C=C[C@@](C)(C=O)CCc1ccccc1,26.7,383.53,383.53,26.7,50.26809,50.26809,722.0719310000001,722.0719310000001,C1,True,C1,True,1.0,1.0
7334307,ClC[C@@H]1CNC(=O)O1,O=C1NC[C@@H](CCl)O1,12.5,-49.15,49.15,12.5,16.94375,16.94375,-66.622825,66.622825,C1,True,C1,True,1.0,-1.0
7367370,CCC[C@H]1CCCC(C)=N1,CCC[C@H]1CCCC(C)=N1,4.0,-3.21,3.21,4.0,5.56968,5.56968,-4.4696682,4.4696682,C1,True,C1,True,1.0,-1.0
7369668,[H][C@@]12CC[C@H](CCCC)N1C(=O)CCC2,CCCC[C@H]1CC[C@H]2CCCC(=O)N21,45.48,69.54,69.54,45.48,88.82516879999997,88.82516879999997,135.81579239999996,135.81579239999996,C1,True,C1,True,1.0,1.0
7371685,CC(C)(C)OC(=O)N[C@H](CC=C)C(O)=O,C=CC[C@@H](NC(=O)OC(C)(C)C)C(=O)O,3.3,135.9,135.9,3.3,7.103216999999998,7.103216999999998,292.52339099999995,292.52339099999995,C1,True,C1,True,1.0,1.0
7412313,CCC[C@@H]1[C@H]2CC[C@@H](C[C@@H]1C1=CC=CC=C1)N2C,CCC[C@H]1[C@@H](c2ccccc2)C[C@@H]2CC[C@H]1N2C,-96.0,-108.65,108.65,96.0,-233.65823999999992,233.65823999999992,-264.44758099999996,264.44758099999996,C1,True,C1,True,-1.0,-1.0
7424944,[H][C@@]12CCCN1[C@H](CC(=O)OCC)CCC2,CCOC(=O)C[C@@H]1CCC[C@@H]2CCCN21,-52.2,-108.42,108.42,52.2,-110.30120999999997,110.30120999999997,-229.09688099999997,229.09688099999997,C1,True,C1,True,-1.0,-1.0
7425989,CC(C)(C)OC(=O)N[C@@H](CCC=C)C(O)=O,C=CCC[C@H](NC(=O)OC(C)(C)C)C(=O)O,-1.18,48.65,48.65,1.18,-2.7054567999999994,2.7054567999999994,111.54277399999997,111.54277399999997,C1,True,C1,True,-1.0,1.0
7427636,OC[C@H](C=C)N1C(=O)C2=C(C=CC=C2)C1=O,C=C[C@@H](CO)N1C(=O)c2ccccc2C1=O,-72.2,-213.58,213.58,72.2,-156.835728,156.835728,-463.9470192,463.9470192,C1,True,C1,True,-1.0,-1.0
7462028,C[C@@H](O)C1=CC=CC(F)=C1,C[C@@H](O)c1cccc(F)c1,17.8,59.25,59.25,17.8,24.947945999999998,24.947945999999998,83.04302249999999,83.04302249999999,C1,True,C1,True,1.0,1.0
7462244,CC[C@H](CO)CC1=CC=CC=C1,CC[C@H](CO)Cc1ccccc1,1.1,40.97,40.97,1.1,1.806728,1.806728,67.2924056,67.2924056,C1,True,C1,True,1.0,1.0
7464339,C[C@@H]([C@@H](O)CCC1=CC=CC=C1)N(=O)=O,C[C@@H]([C@@H](O)CCc1ccccc1)[N+](=O)[O-],-19.5,201.61,201.61,19.5,-40.802775000000004,40.802775000000004,421.85884450000003,421.85884450000003,C1,True,C1,True,-1.0,1.0
7464340,C[C@H]([C@@H](O)CCC1=CC=CC=C1)N(=O)=O,C[C@H]([C@@H](O)CCc1ccccc1)[N+](=O)[O-],-16.1,155.74,155.74,16.1,-33.688445,33.688445,325.87816300000003,325.87816300000003,C1,True,C1,True,-1.0,1.0
7464725,CC[C@@H]([C@@H](O)CCC1=CC=CC=C1)N(=O)=O,CC[C@@H]([C@@H](O)CCc1ccccc1)[N+](=O)[O-],-22.8,-23.46,23.46,22.8,-50.90601600000001,50.90601600000001,-52.37961120000001,52.37961120000001,C1,True,C1,True,-1.0,-1.0
7513708,CCCCCCCC[C@H](CC)CO,CCCCCCCC[C@H](CC)CO,-1.3,55.11,55.11,1.3,-2.4224069999999998,2.4224069999999998,102.69142289999998,102.69142289999998,C1,True,C1,True,-1.0,1.0
7516898,[H][C@](COC)(NC(C)=O)C(=O)NCC1=CC=CC=C1,COC[C@@H](NC(C)=O)C(=O)NCc1ccccc1,16.1,86.14,86.14,16.1,40.297978,40.297978,215.6066972,215.6066972,C1,True,C1,True,1.0,1.0
7525835,C[C@@]1(CO)C[C@H]1C1=CC=CC=C1,C[C@@]1(CO)C[C@H]1c1ccccc1,-23.7,24.29,24.29,23.7,-38.448984,38.448984,39.4061528,39.4061528,C1,True,C1,True,-1.0,1.0
7530224,CON(C)C(=O)[C@@H](O)CC1=CC=CC=C1,CON(C)C(=O)[C@@H](O)Cc1ccccc1,-52.9,-99.06,99.06,52.9,-110.69060499999998,110.69060499999998,-207.27809699999997,207.27809699999997,C1,True,C1,True,-1.0,-1.0
7533045,COC(=O)[C@@H](NC1=CC=CC=C1)C1=CC=CC=C1,COC(=O)[C@@H](Nc1ccccc1)c1ccccc1,93.7,128.57,128.57,93.7,226.08873000000003,226.08873000000003,310.226553,310.226553,C1,True,C1,True,1.0,1.0
7568437,CC1=CC=C(C=C1)[C@H]1O[C@@H]1C1=CC=C(C)C=C1,Cc1ccc([C@H]2O[C@@H]2c2ccc(C)cc2)cc1,182.0,126.37,126.37,182.0,408.2314600000001,408.2314600000001,283.45170110000004,283.45170110000004,C2,True,C2,True,1.0,1.0
7578901,CC(C)(C)[Si](C)(C)OC[C@H](N)C=C,C=C[C@@H](N)CO[Si](C)(C)C(C)(C)C,22.8,147.67,147.67,22.8,45.91600799999999,45.91600799999999,297.38670619999994,297.38670619999994,C1,True,C1,True,1.0,1.0
7579093,CCCCC[C@H](O)CCCCCCCCCC#C,C#CCCCCCCCCC[C@@H](O)CCCCC,1.1,74.74,74.74,1.1,2.776862,2.776862,188.67515079999993,188.67515079999993,C1,True,C1,True,1.0,1.0
7579787,CCCCCCCCCC#C[C@@H](O)CCCCC,CCCCCCCCCC#C[C@@H](O)CCCCC,-0.11,9.04,9.04,0.11,-0.27768619999999994,0.27768619999999994,22.820756799999995,22.820756799999995,C1,True,C1,True,-1.0,1.0
7582319,COC1=CC=C(CO[C@H](C)CC=O)C=C1,COc1ccc(CO[C@H](C)CC=O)cc1,-29.5,-140.96,140.96,29.5,-61.43581499999999,61.43581499999999,-293.5590672,293.5590672,C1,True,C1,True,-1.0,-1.0
7587045,COC(=O)C[C@@H](C)OCC1=CC=C(OC)C=C1,COC(=O)C[C@@H](C)OCc1ccc(OC)cc1,-23.6,-285.22,285.22,23.6,-56.234788,56.234788,-679.6307726,679.6307726,C1,True,C1,True,-1.0,-1.0
7620731,CC[C@@H]1CC(=O)CCC1(C)C,CC[C@@H]1CC(=O)CCC1(C)C,-16.6,3.94,3.94,16.6,-25.605998,25.605998,6.077568199999999,6.077568199999999,C1,True,C1,True,-1.0,1.0
7621502,C[Si](C)(C)O[C@@H](CCC1=CC=CC=C1)CC=C,C=CC[C@H](CCc1ccccc1)O[Si](C)(C)C,-8.9,-181.72,181.72,8.9,-22.111338,22.111338,-451.46880239999996,451.46880239999996,C1,True,C1,True,-1.0,-1.0
7623988,ClCC(=O)N1[C@H](CC2=CC=CC=C2)COC1=O,O=C(CCl)N1C(=O)OC[C@H]1Cc1ccccc1,-86.3,23.19,23.19,86.3,-218.93015499999998,218.93015499999998,58.82955150000001,58.82955150000001,C1,True,C1,True,-1.0,1.0
7624070,COC(=O)C[C@@H]1COC2=CC=CC=C2C1=O,COC(=O)C[C@@H]1COc2ccccc2C1=O,-13.0,140.19,140.19,13.0,-28.629120000000004,28.629120000000004,308.73202560000004,308.73202560000004,C1,True,C1,True,-1.0,1.0
7633648,CC(=O)NC[C@@H](CCl)OC(C)=O,CC(=O)NC[C@@H](CCl)OC(C)=O,-9.8,-79.75,79.75,9.8,-18.975740000000002,18.975740000000002,-154.419925,154.419925,C1,True,C1,True,-1.0,-1.0
7640246,[H][C@@]12CCCN1C(=O)C[C@@H]2NCC1=CC=CC=C1,O=C1C[C@H](NCc2ccccc2)[C@@H]2CCCN12,-36.0,-44.95,44.95,36.0,-82.91196,82.91196,-103.52479449999998,103.52479449999998,C1,True,C1,True,-1.0,-1.0
7640345,O[C@H](COCC1=CC=CC=C1)[C@@H]1CCOC1=O,O=C1OCC[C@H]1[C@H](O)COCc1ccccc1,-7.9,-16.8,16.8,7.9,-18.665093,18.665093,-39.692856,39.692856,C1,True,C1,True,-1.0,-1.0
7687124,CC(=C)C[C@@H](O)C1=CC=C(Br)C=C1,C=C(C)C[C@@H](O)c1ccc(Br)cc1,45.0,88.98,88.98,45.0,108.50759999999998,108.50759999999998,214.55569439999996,214.55569439999996,C1,True,C1,True,1.0,1.0
7687379,C[C@@H](O)[C@H](C)[C@@H](O)C1=CC=CC=C1,C[C@@H]([C@@H](C)O)[C@@H](O)c1ccccc1,22.9,59.26,59.26,22.9,41.276562999999996,41.276562999999996,106.81437219999998,106.81437219999998,C1,True,C1,True,1.0,1.0
7687630,CCCC[C@@H](O)C1=C2C=CC=CC2=CC=C1,CCCC[C@@H](O)c1cccc2ccccc12,48.0,291.96,291.96,48.0,102.86784,102.86784,625.6936367999999,625.6936367999999,C1,True,C1,True,1.0,1.0
7687840,CC(=O)O[C@H](CC=C)C1=CC=C(C)C=C1,C=CC[C@@H](OC(C)=O)c1ccc(C)cc1,-14.5,-84.78,84.78,14.5,-29.619005,29.619005,-173.1792582,173.1792582,C1,True,C1,True,-1.0,-1.0
7688068,CC(=O)O[C@H](CC=C)C1=CC=C(Cl)C=C1,C=CC[C@@H](OC(C)=O)c1ccc(Cl)cc1,-25.0,-90.18,90.18,25.0,-56.17175,56.17175,-202.62273660000002,202.62273660000002,C1,True,C1,True,-1.0,-1.0
7688219,CC(=O)O[C@H](CC=C)C1=C(Cl)C=CC=C1,C=CC[C@@H](OC(C)=O)c1ccccc1Cl,-68.8,107.17,107.17,68.8,-154.584656,154.584656,240.7970579,240.7970579,C1,True,C1,True,-1.0,1.0
7702800,O[C@@H](C=C)C#CC#CC\C=C/CCCCCC=C,C=CCCCCC/C=C\CC#CC#C[C@@H](O)C=C,11.0,256.59,256.59,11.0,26.659819999999996,26.659819999999996,621.8766557999999,621.8766557999999,C1,True,C1,True,1.0,1.0
7712239,COC1=C(O[C@@H](CC#N)C2=CC=CC=C2)C=CC=C1,COc1ccccc1O[C@@H](CC#N)c1ccccc1,-49.4,-454.6,454.6,49.4,-125.13069399999999,125.13069399999999,-1151.5063460000001,1151.5063460000001,C1,True,C1,True,-1.0,-1.0
7745428,CCN(CC)[C@@H](C)[C@@H](O)C1=CC=CC=C1,CCN(CC)[C@@H](C)[C@@H](O)c1ccccc1,77.4,117.67,117.67,77.4,160.46335800000003,160.46335800000003,243.94991390000004,243.94991390000004,C1,True,C1,True,1.0,1.0
7756358,C[C@H]1C[C@H](O)[C@@H](C)C[C@@H]1O,C[C@H]1C[C@H](O)[C@@H](C)C[C@@H]1O,32.9,-8.63,8.63,32.9,47.446405999999996,47.446405999999996,-12.4456682,12.4456682,C1,True,C1,True,1.0,-1.0
7757558,C[S@](=O)CC(=O)C1=CC=CC=C1,C[S@](=O)CC(=O)c1ccccc1,5.1,-331.59,331.59,5.1,9.294444,9.294444,-604.3028796,604.3028796,C1,True,C1,True,1.0,-1.0
7758450,CC1=CC=C(C=C1)[S@](=O)C(F)F,Cc1ccc([S@](=O)C(F)F)cc1,224.0,275.24,275.24,224.0,426.07936,426.07936,523.5450136000001,523.5450136000001,C1,True,C1,True,1.0,1.0
7764405,[H][C@]12O[C@@]1([H])C1(CCCCC1)OC1=C2C=C(C=C1)C#N,N#Cc1ccc2c(c1)[C@H]1O[C@H]1C1(CCCCC1)O2,35.0,-53.96,53.96,35.0,84.45149999999995,84.45149999999995,-130.20008399999995,130.20008399999995,C1,True,C1,True,1.0,-1.0
7802858,CC[C@H](CO)O[Si](C)(C)C(C)(C)C,CC[C@H](CO)O[Si](C)(C)C(C)(C)C,-4.8,32.3,32.3,4.8,-9.810527999999998,9.810527999999998,66.01667799999998,66.01667799999998,C1,True,C1,True,-1.0,1.0
7854167,C1COC2(CCC[C@H]3O[C@@H]23)O1,C1C[C@H]2O[C@H]2C2(C1)OCCO2,3.6,33.19,33.19,3.6,5.622515999999999,5.622515999999999,51.836473899999994,51.836473899999994,C1,True,C1,True,1.0,1.0
7856185,O=C1[C@@H](CCC2=CC=CC=C12)C1=CC=CC=C1,O=C1c2ccccc2CC[C@H]1c1ccccc1,28.0,-138.42,138.42,28.0,62.24036,62.24036,-307.68966539999997,307.68966539999997,C1,True,C1,True,1.0,-1.0
7856802,CCC[C@@H]1[C@H]2CC[C@@H](C[C@H]1C1=CC=CC=C1)N2C,CCC[C@@H]1[C@H]2CC[C@@H](C[C@H]1c1ccccc1)N2C,-50.0,26.49,26.49,50.0,-121.69700000000003,121.69700000000003,64.47507060000001,64.47507060000001,C1,True,C1,True,-1.0,1.0
7875788,CCN(C)C(=O)OC1=CC=CC(=C1)[C@H](C)N(C)C,CCN(C)C(=O)Oc1cccc([C@H](C)N(C)C)c1,-33.0,-59.12,59.12,33.0,-82.61286,82.61286,-148.0021904,148.0021904,C1,True,C1,True,-1.0,-1.0
7905435,[H][C@]12C[C@@]1(C(=O)OCC)C(=O)OC2,CCOC(=O)[C@@]12C[C@@H]1COC2=O,134.81,69.62,69.62,134.81,229.39808839999998,229.39808839999998,118.4681768,118.4681768,C1,True,C1,True,1.0,1.0
7905649,COC(=O)[C@H]1CCN1CC1=CC=CC=C1,COC(=O)[C@H]1CCN1Cc1ccccc1,118.0,-60.27,60.27,118.0,242.20326000000006,242.20326000000006,-123.70839390000003,123.70839390000003,C1,True,C1,True,1.0,-1.0
7905910,C[C@@](O)(C1=CC=CC=C1)C1=CC2=CC=CC=C2C=C1,C[C@@](O)(c1ccccc1)c1ccc2ccccc2c1,13.815,-21.78,21.78,13.815,34.30609875,34.30609875,-54.085185,54.085185,C1,True,C1,True,1.0,-1.0
7920255,CC(C)(C)OC(=O)N1CCC[C@H]1CC=O,CC(C)(C)OC(=O)N1CCC[C@H]1CC=O,-13.0,-147.88,147.88,13.0,-27.726009999999995,27.726009999999995,-315.39402759999996,315.39402759999996,C1,True,C1,True,-1.0,-1.0
7975127,[H][C@]12OC(C)(C)O[C@@]1([H])C(=O)O[C@H]2CN=N#N,CC1(C)O[C@@H]2[C@H](CN=[N+]=[N-])OC(=O)[C@@H]2O1,-74.0,-219.98,219.98,74.0,-157.76282,157.76282,-468.98196139999993,468.98196139999993,C1,True,C1,True,-1.0,-1.0
7986896,C=CC[C@@H]1COC(=O)N1,C=CC[C@@H]1COC(=O)N1,8.4,27.3,27.3,8.4,10.680012,10.680012,34.710038999999995,34.710038999999995,C1,True,C1,True,1.0,1.0
7991354,C([C@@H]1CO1)C1=CC=C2OCOC2=C1,c1cc2c(cc1C[C@@H]1CO1)OCO2,11.7,-47.88,47.88,11.7,20.847878999999992,20.847878999999992,-85.31593559999997,85.31593559999997,C1,True,C1,True,1.0,-1.0
8037970,OC[C@H](O)CC1=CC=C2OCOC2=C1,OC[C@H](O)Cc1ccc2c(c1)OCO2,21.7,-67.28,67.28,21.7,42.57583399999999,42.57583399999999,-132.00470559999997,132.00470559999997,C1,True,C1,True,1.0,-1.0
8050350,CC1=CC[C@@H](CC1)C(O)=O,CC1=CC[C@H](C(=O)O)CC1,101.0,8.9,8.9,101.0,141.58382,141.58382,12.476198,12.476198,C1,True,C1,True,1.0,1.0
8060557,[H][C@]12CN([C@H](C(O)=O)[C@@]1([H])C2(C)C)C(=O)OC(C)(C)C,CC(C)(C)OC(=O)N1C[C@H]2[C@@H]([C@H]1C(=O)O)C2(C)C,23.77,-67.12,67.12,23.77,60.68813779999999,60.68813779999999,-171.3667568,171.3667568,C1,True,C1,True,1.0,-1.0
8110342,C[C@H](O[Si](C)(C)C(C)(C)C)[C@H](O)C=C,C=C[C@@H](O)[C@H](C)O[Si](C)(C)C(C)(C)C,19.6,14.31,14.31,19.6,42.413812,42.413812,30.966410699999997,30.966410699999997,C1,True,C1,True,1.0,1.0
8114413,[H][C@]12CC[C@](C)(C3=C1N=C(C#N)C(=N3)C#N)C2(C)C,CC1(C)[C@H]2CC[C@]1(C)c1nc(C#N)c(C#N)nc12,-22.4,-23.66,23.66,22.4,-53.377855999999994,53.377855999999994,-56.3803604,56.3803604,C1,True,C1,True,-1.0,-1.0
8137861,[H][C@@]12CN(=O)=C[C@]1([H])OC(C)(C)O2,CC1(C)O[C@H]2C=[N+]([O-])C[C@H]2O1,-25.9,-18.46,18.46,25.9,-40.706770999999996,40.706770999999996,-29.0133974,29.0133974,C1,True,C1,True,-1.0,-1.0
8138635,CC1(C)O[C@@H]2C[C@@H](O)C=C[C@@H]2O1,CC1(C)O[C@H]2C=C[C@H](O)C[C@H]2O1,7.5,104.79,104.79,7.5,12.765599999999997,12.765599999999997,178.36096319999996,178.36096319999996,C1,True,C1,True,1.0,1.0
8140225,C[C@H](NC1CCCC1)C1=CC=CC=C1,C[C@H](NC1CCCC1)c1ccccc1,-52.0,-183.41,183.41,52.0,-98.43704000000004,98.43704000000004,-347.1987982000001,347.1987982000001,C1,True,C1,True,-1.0,-1.0
8143172,[H][C@@]12CCC(=O)N1[C@H](CCC)CCC2,CCC[C@@H]1CCC[C@@H]2CCC(=O)N12,-97.3,-16.11,16.11,97.3,-176.384467,176.384467,-29.204046899999998,29.204046899999998,C1,True,C1,True,-1.0,-1.0
8198303,CC(=O)O[C@H]1CCCC=C1,CC(=O)O[C@@H]1C=CCCC1,-20.3,24.95,24.95,20.3,-28.456946,28.456946,34.97540899999999,34.97540899999999,C1,True,C1,True,-1.0,1.0
8201355,ClC1=CC=C(C=C1)[C@H]1CCC(=O)C1,O=C1CC[C@H](c2ccc(Cl)cc2)C1,-79.0,309.49,309.49,79.0,-153.78218999999999,153.78218999999999,602.4563288999999,602.4563288999999,C1,True,C1,True,-1.0,1.0
8209950,COC1=CC=C(COCC[C@H](O)[C@H](C)C=C)C=C1,C=C[C@@H](C)[C@@H](O)CCOCc1ccc(OC)cc1,-22.5,-158.6,158.6,22.5,-56.326049999999995,56.326049999999995,-397.03606799999994,397.03606799999994,C1,True,C1,True,-1.0,-1.0
8253533,C[C@@H]1O[C@@H](O)C=CC1=O,C[C@@H]1O[C@@H](O)C=CC1=O,44.0,110.18,110.18,44.0,56.37587999999999,56.37587999999999,141.1703286,141.1703286,C1,True,C1,True,1.0,1.0
8255688,O[C@H](C1=CC=CC=C1)C1=CC=C(Cl)C=C1,O[C@H](c1ccccc1)c1ccc(Cl)cc1,-12.5,-323.64,323.64,12.5,-27.335375,27.335375,-707.7456611999999,707.7456611999999,C1,True,C1,True,-1.0,-1.0
8256986,COC1=C(OC)C=C(C=C1)[C@H](C)C(O)=O,COc1ccc([C@H](C)C(=O)O)cc1OC,70.0,110.88,110.88,70.0,147.16029999999998,147.16029999999998,233.10191519999998,233.10191519999998,C1,True,C1,True,1.0,1.0
8261740,CCCCCC[C@@H]1O[C@H]1C(=O)C1=CC=CC=C1,CCCCCC[C@@H]1O[C@H]1C(=O)c1ccccc1,-12.0,50.64,50.64,12.0,-27.878760000000003,27.878760000000003,117.64836720000001,117.64836720000001,C1,True,C1,True,-1.0,1.0
8263385,CCOC(=O)[C@@H]1CS[C@@]2(C)CCCC(=O)N12,CCOC(=O)[C@@H]1CS[C@@]2(C)CCCC(=O)N12,-123.3,-117.31,117.31,123.3,-300.0234239999999,300.0234239999999,-285.44807679999997,285.44807679999997,C1,True,C1,True,-1.0,-1.0
8263412,[H][C@@]12C=C(CCCC)C(=O)[C@]1([H])[C@@H]1C[C@H]2C=C1,CCCCC1=C[C@@H]2[C@H](C1=O)[C@H]1C=C[C@@H]2C1,-137.3,16.17,16.17,137.3,-277.753781,277.753781,32.7114249,32.7114249,C1,True,C1,True,-1.0,1.0
8263712,[H][C@]1(CCCCC1=O)[C@@H](CN(=O)=O)C1=CC=CS1,O=C1CCCC[C@H]1[C@@H](C[N+](=O)[O-])c1cccs1,-15.1,-115.13,115.13,15.1,-38.251773,38.251773,-291.6507699,291.6507699,C1,True,C1,True,-1.0,-1.0
8312953,O[C@H](COC1=CC=CC=C1)C1=CC=CC=C1,O[C@H](COc1ccccc1)c1ccccc1,35.4,1.97,1.97,35.4,75.849456,75.849456,4.2210008,4.2210008,C1,True,C1,True,1.0,1.0
8314965,C[C@H](CC=O)N1C(=O)C2=CC=CC=C2C1=O,C[C@H](CC=O)N1C(=O)c2ccccc2C1=O,3.4,-101.86,101.86,3.4,7.385616,7.385616,-221.2643664,221.2643664,C1,True,C1,True,1.0,-1.0
8315514,CC(C)[C@H](NC(=O)OC(C)(C)C)C(=O)C#C,C#CC(=O)[C@@H](NC(=O)OC(C)(C)C)C(C)C,55.3,184.2,184.2,55.3,124.58426399999999,124.58426399999999,414.9804959999999,414.9804959999999,C1,True,C1,True,1.0,1.0
8318351,C[C@]1(CC=C)CCC2=CC=CC=C2C1=O,C=CC[C@@]1(C)CCc2ccccc2C1=O,26.6,43.79,43.79,26.6,53.27474599999999,53.27474599999999,87.70304989999998,87.70304989999998,C1,True,C1,True,1.0,1.0
8318841,C\C=C\C[C@@]1(C)CCC2=CC=CC=C2C1=O,C/C=C/C[C@@]1(C)CCc2ccccc2C1=O,17.4,26.77,26.77,17.4,37.289592,37.289592,57.3702516,57.3702516,C1,True,C1,True,1.0,1.0
8404950,CC[C@H]1CCCCC(=O)C1,CC[C@H]1CCCCC(=O)C1,-35.8,-157.4,157.4,35.8,-50.200908,50.200908,-220.71572400000002,220.71572400000002,C1,True,C1,True,-1.0,-1.0
8406546,O[C@@H](CCl)C1=CC=C(Cl)C(Cl)=C1,O[C@@H](CCl)c1ccc(Cl)c(Cl)c1,-32.7,2.03,2.03,32.7,-73.739154,73.739154,4.5776905999999995,4.5776905999999995,C1,True,C1,True,-1.0,1.0
8408359,O[C@@H](CC=C)C1=CC2=CC=CC=C2C=C1,C=CC[C@H](O)c1ccc2ccccc2c1,-23.6,-188.56,188.56,23.6,-46.79054,46.79054,-373.8484839999999,373.8484839999999,C1,True,C1,True,-1.0,-1.0
8410230,C[C@@H]([C@@H](O)C1=CC=CC=C1)N1CCCC1,C[C@@H]([C@@H](O)c1ccccc1)N1CCCC1,22.8,103.4,103.4,22.8,46.80862799999999,46.80862799999999,212.28123399999993,212.28123399999993,C1,True,C1,True,1.0,1.0
8411496,COC(=O)CCCC[C@H](O)CC(=O)OC,COC(=O)CCCC[C@H](O)CC(=O)OC,14.3,134.3,134.3,14.3,31.209607000000002,31.209607000000002,293.108407,293.108407,C1,True,C1,True,1.0,1.0
8416387,[H][C@]1(CCCCC1=O)[C@@H](CN(=O)=O)C1=CC=CO1,O=C1CCCC[C@H]1[C@@H](C[N+](=O)[O-])c1ccco1,-8.35,-46.8,46.8,8.35,-19.810792499999998,19.810792499999998,-111.03533999999999,111.03533999999999,C1,True,C1,True,-1.0,-1.0
8485892,[H][C@@]12C=C(C(=O)[C@]1([H])[C@@H]1C[C@H]2C=C1)C(C)(C)O,CC(C)(O)C1=C[C@@H]2[C@H](C1=O)[C@H]1C=C[C@@H]2C1,-51.5,22.14,22.14,51.5,-105.19853499999999,105.19853499999999,45.2251566,45.2251566,C1,True,C1,True,-1.0,1.0
8543928,C[C@H](O)[C@H](C)[C@@H](O)C1=CC=CC=C1,C[C@@H]([C@H](C)O)[C@@H](O)c1ccccc1,25.5,0.25,0.25,25.5,45.962984999999996,45.962984999999996,0.45061749999999995,0.45061749999999995,C1,True,C1,True,1.0,1.0
8547762,C[C@@H](CO)N1C=NC2=C1N=CN=C2N,C[C@@H](CO)n1cnc2c(N)ncnc21,8.2,-64.97,64.97,8.2,15.843219999999997,15.843219999999997,-125.52853699999997,125.52853699999997,C1,True,C1,True,1.0,-1.0
8548156,[H][C@@]12NC3=CC=CC=C3[C@]1(O)CCO2,O[C@@]12CCO[C@@H]1Nc1ccccc12,-111.0,-147.39,147.39,111.0,-196.69532999999998,196.69532999999998,-261.17950169999995,261.17950169999995,C1,True,C1,True,-1.0,-1.0
8555907,CC[C@@H](CC(O)=O)NC(=O)OCC1=CC=CC=C1,CC[C@@H](CC(=O)O)NC(=O)OCc1ccccc1,-21.8,-19.77,19.77,21.8,-54.779475999999995,54.779475999999995,-49.67845139999999,49.67845139999999,C1,True,C1,True,-1.0,-1.0
8615243,C\C=C\[C@@H](O)C#C[Si](C)(C)C,C/C=C/[C@@H](O)C#C[Si](C)(C)C,-21.2,100.58,100.58,21.2,-35.682143999999994,35.682143999999994,169.28820959999996,169.28820959999996,C1,True,C1,True,-1.0,1.0
8615422,O=C1CCC[C@H](CN(=O)=O)C1,O=C1CCC[C@H](C[N+](=O)[O-])C1,-7.4,-34.75,34.75,7.4,-11.630506,11.630506,-54.616227499999994,54.616227499999994,C1,True,C1,True,-1.0,-1.0
8616327,CCCCCC[C@H](CC)CO,CCCCCC[C@H](CC)CO,1.2,-79.46,79.46,1.2,1.8994199999999999,1.8994199999999999,-125.77326099999999,125.77326099999999,C1,True,C1,True,1.0,-1.0
8619969,CC(C)(C)[Si](C)(C)OC[C@H](O)C1=CC=CO1,CC(C)(C)[Si](C)(C)OC[C@H](O)c1ccco1,-15.4,-58.21,58.21,15.4,-37.328213999999996,37.328213999999996,-141.0958011,141.0958011,C1,True,C1,True,-1.0,-1.0
8621136,COC(=O)C[C@@H](CCO)C1=CC=C(F)C=C1,COC(=O)C[C@@H](CCO)c1ccc(F)cc1,-16.0,-111.58,111.58,16.0,-36.19952,36.19952,-252.4464026,252.4464026,C1,True,C1,True,-1.0,-1.0
8622160,COC(=O)C(=C)[C@@H](O)C1CCCCC1,C=C(C(=O)OC)[C@@H](O)C1CCCCC1,-4.36,-31.75,31.75,4.36,-8.644223199999997,8.644223199999997,-62.948184999999974,62.948184999999974,C1,True,C1,True,-1.0,-1.0
8680533,CC(C)[C@H](O)C1=C(C)COC1=O,CC1=C([C@@H](O)C(C)C)C(=O)OC1,-34.3,-22.95,22.95,34.3,-58.381343999999984,58.381343999999984,-39.062735999999994,39.062735999999994,C1,True,C1,True,-1.0,-1.0
8681935,OC(=O)C[C@H](CC=C)C1=CC=CC=C1,C=CC[C@@H](CC(=O)O)c1ccccc1,-20.0,238.17,238.17,20.0,-38.0484,38.0484,453.0993714,453.0993714,C1,True,C1,True,-1.0,1.0
8682333,COC1=CC(=CC=C1)[C@H](O)C1=CC=CC=C1,COc1cccc([C@H](O)c2ccccc2)c1,-15.23,432.25,432.25,15.23,-32.6324072,32.6324072,926.15614,926.15614,C1,True,C1,True,-1.0,1.0
8684015,O=C1CCCC[C@@H](C1)C1=CC=CC=C1,O=C1CCCC[C@H](c2ccccc2)C1,-10.0,40.94,40.94,10.0,-18.827,18.827,77.077738,77.077738,C1,True,C1,True,-1.0,1.0
8684336,CC(C)(C)[C@H](N)C1=CC=CC2=CC=CC=C12,CC(C)(C)[C@H](N)c1cccc2ccccc12,-59.1,-106.67,106.67,59.1,-126.07448400000001,126.07448400000001,-227.55271080000003,227.55271080000003,C1,True,C1,True,-1.0,-1.0
8685033,C[C@H]1OC(C)(C)O[C@@H]1C[C@@H](O)CC#C,C#CC[C@H](O)C[C@H]1OC(C)(C)O[C@@H]1C,44.0,95.04,95.04,44.0,87.23527999999999,87.23527999999999,188.42820479999997,188.42820479999997,C1,True,C1,True,1.0,1.0
8688978,C[C@H](NCC1=CC=CC=N1)[C@@H](O)C1=CC=CC=C1,C[C@H](NCc1ccccn1)[C@@H](O)c1ccccc1,92.1,-224.49,224.49,92.1,223.17856199999997,223.17856199999997,-543.9886578,543.9886578,C1,True,C1,True,1.0,-1.0
8689360,CSC1=NC[C@]2(S1)C(=O)NC1=C2C=CC=C1,CSC1=NC[C@]2(S1)C(=O)Nc1ccccc12,-135.5,-547.21,547.21,135.5,-339.22154,339.22154,-1369.9292908000002,1369.9292908000002,C1,True,C1,True,-1.0,-1.0
8690614,C[Si](C)(C)O[C@@]1(CCC2=C1C=CC=C2)C#N,C[Si](C)(C)O[C@]1(C#N)CCc2ccccc21,10.4,-10.36,10.36,10.4,24.062583999999998,24.062583999999998,-23.970035599999996,23.970035599999996,C1,True,C1,True,1.0,-1.0
8695282,[H][C@@]12CCCN1[C@H](CCC)CC[C@H]2CCC,CCC[C@@H]1CC[C@@H](CCC)N2CCC[C@@H]12,-89.0,-116.54,116.54,89.0,-186.34553,186.34553,-244.0079558,244.0079558,C1,True,C1,True,-1.0,-1.0
8760827,C[C@@H](O)CCCCC=C,C=CCCCC[C@@H](C)O,7.1,-170.82,170.82,7.1,9.103264999999999,9.103264999999999,-219.01686299999994,219.01686299999994,C1,True,C1,True,1.0,-1.0
8760997,C[C@H](O)C1=CC=CC(=C1)N(=O)=O,C[C@H](O)c1cccc([N+](=O)[O-])c1,-34.9,-88.2,88.2,34.9,-58.340236,58.340236,-147.438648,147.438648,C1,True,C1,True,-1.0,-1.0
8761870,CC[C@@H]1CC(=O)C2=C1C=CC=C2,CC[C@@H]1CC(=O)c2ccccc21,-8.3,-56.4,56.4,8.3,-13.297927999999999,13.297927999999999,-90.36182399999998,90.36182399999998,C1,True,C1,True,-1.0,-1.0
8761920,O[C@@H](CC=C)C1=CC=CC(Br)=C1,C=CC[C@H](O)c1cccc(Br)c1,-41.6,-10.68,10.68,41.6,-94.47401599999999,94.47401599999999,-24.2543868,24.2543868,C1,True,C1,True,-1.0,-1.0
8762774,C[C@@H](O)C1=CC=C(C=C1)C1=CC=CC=C1,C[C@@H](O)c1ccc(-c2ccccc2)cc1,46.2,245.86,245.86,46.2,91.59843000000001,91.59843000000001,487.4543290000001,487.4543290000001,C1,True,C1,True,1.0,1.0
8763867,CC(C)[C@H]1CC(=O)C2=C(S1)C=CC=C2,CC(C)[C@H]1CC(=O)c2ccccc2S1,-74.26249999999999,-198.68,198.68,74.26249999999999,-153.21096374999996,153.21096374999996,-409.896708,409.896708,C1,True,C1,True,-1.0,-1.0
8764438,[H][C@@]12C=C(F)C(=O)[C@]1([H])[C@H]2C(=O)OCC,CCOC(=O)[C@H]1[C@@H]2C=C(F)C(=O)[C@@H]21,-96.75,-219.16,219.16,96.75,-178.18060499999996,178.18060499999996,-403.61820559999995,403.61820559999995,C1,True,C1,True,-1.0,-1.0
8764495,CC[C@@H]1CNCC[C@@H]1C1=CC=CC=C1,CC[C@@H]1CNCC[C@@H]1c1ccccc1,-96.1,-99.67,99.67,96.1,-181.91922200000002,181.91922200000002,-188.67730340000003,188.67730340000003,C1,True,C1,True,-1.0,-1.0
8765995,[H][C@@]12[C@H]3O[C@H]3C(=O)[C@]1([H])[C@H]2C(=O)OCC,CCOC(=O)[C@@H]1[C@H]2C(=O)[C@@H]3O[C@@H]3[C@@H]12,12.23,7.36,7.36,12.23,22.280002500000002,22.280002500000002,13.40808,13.40808,C1,True,C1,True,1.0,1.0
8766377,C[C@@](O)(CC=C)C1=CC2=C(C=CC=C2)C=C1,C=CC[C@@](C)(O)c1ccc2ccccc2c1,43.1,349.28,349.28,43.1,91.49785199999998,91.49785199999998,741.4934975999998,741.4934975999998,C1,True,C1,True,1.0,1.0
8767731,[H][C@@]12C=C(CO)C(=O)[C@]1([H])[C@@H]1C[C@H]2C=C1,O=C1C(CO)=C[C@@H]2[C@H]1[C@H]1C=C[C@@H]2C1,-84.6,-26.43,26.43,84.6,-149.07788999999997,149.07788999999997,-46.573624499999994,46.573624499999994,C1,True,C1,True,-1.0,-1.0
8767738,[H][C@@]12CCC(=O)N1[C@@H](CCC)CCC2,CCC[C@H]1CCC[C@@H]2CCC(=O)N21,48.2,-12.97,12.97,48.2,87.376478,87.376478,-23.5118863,23.5118863,C1,True,C1,True,1.0,-1.0
8769783,[H][C@@]12C=C(F)C(=O)[C@]1([H])[C@H]2C(=O)OCCO,O=C(OCCO)[C@H]1[C@@H]2C=C(F)C(=O)[C@@H]21,-181.3,-247.18,247.18,181.3,-362.899145,362.899145,-494.7678469999999,494.7678469999999,C1,True,C1,True,-1.0,-1.0
8830208,O[C@@H](C#N)C1=CC=CC=C1F,N#C[C@H](O)c1ccccc1F,26.6,-39.14,39.14,26.6,40.203239999999994,40.203239999999994,-59.15619599999998,59.15619599999998,C1,True,C1,True,1.0,-1.0
8830415,O[C@@H]1C=CCN2[C@H]1COC2=O,O=C1OC[C@H]2[C@H](O)C=CCN12,18.2,142.74,142.74,18.2,28.23784599999999,28.23784599999999,221.46539219999994,221.46539219999994,C1,True,C1,True,1.0,1.0
8836223,CCOC(=O)[C@@H](C)OC1=C(C)C=C(Cl)C=C1,CCOC(=O)[C@@H](C)Oc1ccc(Cl)cc1C,28.2,216.01,216.01,28.2,68.441964,68.441964,524.2605902,524.2605902,C1,True,C1,True,1.0,1.0
8837618,CC(C)([C@@H]1CCC(=C1)C(O)=O)C(O)=O,CC(C)(C(=O)O)[C@H]1C=C(C(=O)O)CC1,19.1,74.41,74.41,19.1,37.85963799999999,37.85963799999999,147.49401379999995,147.49401379999995,C1,True,C1,True,1.0,1.0
8839010,CCCCS[C@H](C)CC(=O)N1CCOC1=O,CCCCS[C@H](C)CC(=O)N1CCOC1=O,7.0,65.62,65.62,7.0,17.174079999999993,17.174079999999993,160.99473279999995,160.99473279999995,C1,True,C1,True,1.0,1.0
8899571,C1CO[C@H](C1)C1=CC=CC=C1,c1ccc([C@H]2CCCO2)cc1,27.1,148.24,148.24,27.1,40.163555,40.163555,219.699092,219.699092,C1,True,C1,True,1.0,1.0
8899905,CC[S@@](=O)C1=CC=C(Br)C=C1,CC[S@@](=O)c1ccc(Br)cc1,69.0,348.42,348.42,69.0,160.8597,160.8597,812.2715460000001,812.2715460000001,C1,True,C1,True,1.0,1.0
8903294,CC(C)(C)[Si](C)(C)OC[C@@H]1O[C@H]1C=C,C=C[C@@H]1O[C@H]1CO[Si](C)(C)C(C)(C)C,-29.2,74.09,74.09,29.2,-62.599251999999986,62.599251999999986,158.8348829,158.8348829,C1,True,C1,True,-1.0,1.0
8907714,CCC(=O)C(C)(C)[C@@H](O)CC(=O)OC(C)(C)C,CCC(=O)C(C)(C)[C@@H](O)CC(=O)OC(C)(C)C,-33.3,-50.34,50.34,33.3,-81.36222299999997,81.36222299999997,-122.99622539999999,122.99622539999999,C1,True,C1,True,-1.0,-1.0
8918062,COC1=CC=C(C)C=C1[C@@]1(C)CCC[C@@]1(C)CO,COc1ccc(C)cc1[C@@]1(C)CCC[C@@]1(C)CO,-12.0,-5.9,5.9,12.0,-29.80391999999999,29.80391999999999,-14.653593999999996,14.653593999999996,C1,True,C1,True,-1.0,-1.0
8974024,CC(C)[C@H](O)C1=CC=CN=C1,CC(C)[C@H](O)c1cccnc1,-2.1,-49.03,49.03,2.1,-3.1753889999999996,3.1753889999999996,-74.13777269999999,74.13777269999999,C1,True,C1,True,-1.0,-1.0
8975262,C[C@H](OC(C)=O)\C=C/C(O)=O,CC(=O)O[C@@H](C)/C=C\C(=O)O,18.85,-1.31,1.31,18.85,29.8118405,29.8118405,-2.0718043,2.0718043,C1,True,C1,True,1.0,-1.0
8975683,C[C@H](O)C1=CC(F)=CC(F)=C1,C[C@H](O)c1cc(F)cc(F)c1,-34.8,-39.83,39.83,34.8,-55.035155999999986,55.035155999999986,-62.989950099999994,62.989950099999994,C1,True,C1,True,-1.0,-1.0
8975966,C[C@@H](O)C1=CC=C(C=C1)S(C)(=O)=O,C[C@@H](O)c1ccc(S(C)(=O)=O)cc1,17.6,66.92,66.92,17.6,35.245584,35.245584,134.0133228,134.0133228,C1,True,C1,True,1.0,1.0
8976760,C[C@@](O)(CC=C)C1=CC(Br)=CC=C1,C=CC[C@@](C)(O)c1cccc(Br)c1,36.1,94.46,94.46,36.1,87.047208,87.047208,227.76950879999993,227.76950879999993,C1,True,C1,True,1.0,1.0
9042806,CC(C)(C)[C@H](O)CN(=O)=O,CC(C)(C)[C@H](O)C[N+](=O)[O-],27.15,58.98,58.98,27.15,39.95774099999999,39.95774099999999,86.80322519999999,86.80322519999999,C1,True,C1,True,1.0,1.0
9042822,CC(C)C[C@@H](O)CN(=O)=O,CC(C)C[C@@H](O)C[N+](=O)[O-],2.18,43.24,43.24,2.18,3.2083931999999997,3.2083931999999997,63.6380376,63.6380376,C1,True,C1,True,1.0,1.0
9043093,CCC(CC)[C@@H](O)CN(=O)=O,CCC(CC)[C@@H](O)C[N+](=O)[O-],-18.4,-47.77,47.77,18.4,-29.66098399999999,29.66098399999999,-77.00571769999999,77.00571769999999,C1,True,C1,True,-1.0,-1.0
9043992,C[C@@H](OC(C)=O)C#CC(O)=O,CC(=O)O[C@H](C)C#CC(=O)O,139.1,18.83,18.83,139.1,217.186567,217.186567,29.400597099999995,29.400597099999995,C1,True,C1,True,1.0,1.0
9044757,CC1=CC=C(C=C1)[C@H](O)CN(=O)=O,Cc1ccc([C@H](O)C[N+](=O)[O-])cc1,26.950000000000003,-61.92,61.92,26.950000000000003,48.8309745,48.8309745,-112.19346720000001,112.19346720000001,C1,True,C1,True,1.0,-1.0
9049997,O[C@H](CN(=O)=O)C1=CC=CC2=CC=CC=C12,O=[N+]([O-])C[C@@H](O)c1cccc2ccccc12,26.0,87.43,87.43,26.0,56.47824,56.47824,189.9189432,189.9189432,C1,True,C1,True,1.0,1.0
9050080,COC1=CC=C(C=C1OC)[C@H](O)CN(=O)=O,COc1ccc([C@H](O)C[N+](=O)[O-])cc1OC,25.85,-182.38,182.38,25.85,58.73533599999999,58.73533599999999,-414.3965407999999,414.3965407999999,C1,True,C1,True,1.0,-1.0
9050971,O[C@@H](C#CC1=CC=CC=C1)C1=CC=C(F)C=C1,O[C@@H](C#Cc1ccccc1)c1ccc(F)cc1,5.2,19.55,19.55,5.2,11.765,11.765,44.231875,44.231875,C1,True,C1,True,1.0,1.0
9051880,COC1=CC=CC=C1[C@@H](O)C#CC1=CC=CC=C1,COc1ccccc1[C@@H](O)C#Cc1ccccc1,-4.7,-197.64,197.64,4.7,-11.199442000000001,11.199442000000001,-470.9484504,470.9484504,C1,True,C1,True,-1.0,-1.0
9052382,COC1=CC(=CC=C1)[C@@H](O)C#CC1=CC=CC=C1,COc1cccc([C@@H](O)C#Cc2ccccc2)c1,1.4,523.3,523.3,1.4,3.336004,3.336004,1246.9506379999998,1246.9506379999998,C1,True,C1,True,1.0,1.0
9052671,C[C@H](CC1=CC=CC=C1)C(=O)NCC1=CC=CC=C1,C[C@H](Cc1ccccc1)C(=O)NCc1ccccc1,6.3,-104.25,104.25,6.3,15.960734999999998,15.960734999999998,-264.11216249999995,264.11216249999995,C1,True,C1,True,1.0,-1.0
9058728,[H][C@@]12CCCN1[C@H](CCC)[C@H](CC)C[C@H]2CC,CCC[C@@H]1[C@H](CC)C[C@@H](CC)[C@@H]2CCCN12,-27.3,-66.06,66.06,27.3,-60.989291999999985,60.989291999999985,-147.58068239999997,147.58068239999997,C1,True,C1,True,-1.0,-1.0
9125300,O=C([C@H]1N[C@H]1C1=CC=CC=C1)C1=CC=CC=C1,O=C(c1ccccc1)[C@H]1N[C@H]1c1ccccc1,-111.0,-423.5,423.5,111.0,-247.83525,247.83525,-945.5696250000001,945.5696250000001,C1,True,C1,True,-1.0,-1.0
9189702,C[C@H](OCC=C)[C@@H](O)C=C,C=CCO[C@@H](C)[C@@H](O)C=C,41.8,242.92,242.92,41.8,59.43876399999997,59.43876399999997,345.4273815999999,345.4273815999999,C1,True,C1,True,1.0,1.0
9200146,CC1(C)[C@@H]2CC[C@@]1(C)[C@](O)(C2)C(=O)C=C,C=CC(=O)[C@@]1(O)C[C@H]2CC[C@]1(C)C2(C)C,-34.5,91.76,91.76,34.5,-71.86384499999998,71.86384499999998,191.13699759999997,191.13699759999997,C1,True,C1,True,-1.0,1.0
9204932,COC(=C=C)[C@@]1(O)C[C@H]2CC[C@]1(C)C2(C)C,C=C=C(OC)[C@@]1(O)C[C@H]2CC[C@]1(C)C2(C)C,38.0,86.54,86.54,38.0,84.48463999999998,84.48463999999998,192.40265119999995,192.40265119999995,C1,True,C1,True,1.0,1.0
9257466,COC1=CC=C(C=C1)[C@@H](O)CC#C,C#CC[C@H](O)c1ccc(OC)cc1,-27.1,-10.35,10.35,27.1,-47.754265,47.754265,-18.238252499999998,18.238252499999998,C1,True,C1,True,-1.0,-1.0
9257879,O[C@H](C1=CC=CC=C1)C1=CC=CC(Cl)=C1,O[C@H](c1ccccc1)c1cccc(Cl)c1,-29.36,-146.43,146.43,29.36,-64.2053288,64.2053288,-320.2175169,320.2175169,C1,True,C1,True,-1.0,-1.0
9260114,CC1=CC=C(C=C1)[C@H](O)C#CC1=CC=CC=C1,Cc1ccc([C@H](O)C#Cc2ccccc2)cc1,-1.7,38.09,38.09,1.7,-3.7788790000000008,3.7788790000000008,84.66911830000002,84.66911830000002,C1,True,C1,True,-1.0,1.0
9262885,COC1=CC=C(C=C1)[C@H](O)C#CC1=CC=CC=C1,COc1ccc([C@H](O)C#Cc2ccccc2)cc1,-5.35,-221.03,221.03,5.35,-12.748301,12.748301,-526.6835458,526.6835458,C1,True,C1,True,-1.0,-1.0
9263527,CCOC(=O)C[C@@H]1COC2=CC=CC=C2C1=O,CCOC(=O)C[C@@H]1COc2ccccc2C1=O,-11.55,196.15,196.15,11.55,-27.055990500000004,27.055990500000004,459.4833365,459.4833365,C1,True,C1,True,-1.0,1.0
9264936,O[C@@H](C#CC1=CC=CC=C1)C1=CC=CC=C1N(=O)=O,O=[N+]([O-])c1ccccc1[C@@H](O)C#Cc1ccccc1,-12.8,-531.44,531.44,12.8,-32.416896,32.416896,-1345.9090008000003,1345.9090008000003,C1,True,C1,True,-1.0,-1.0
9266158,CCOC(=O)C[C@@H]1COC2=C(C)C=CC=C2C1=O,CCOC(=O)C[C@@H]1COc2c(C)cccc2C1=O,-13.325,244.93,244.93,13.325,-33.0830435,33.0830435,608.1073054,608.1073054,C1,True,C1,True,-1.0,1.0
9268649,CCOC(=O)C[C@@H]1COC2=CC=C(C)C=C2C1=O,CCOC(=O)C[C@@H]1COc2ccc(C)cc2C1=O,-13.5,153.73,153.73,13.5,-33.517529999999994,33.517529999999994,381.6777694,381.6777694,C1,True,C1,True,-1.0,1.0
9322007,CC[C@@H](CC1=CC=CC=C1)C=C,C=C[C@@H](CC)Cc1ccccc1,1.2,45.57,45.57,1.2,1.92312,1.92312,73.03048199999999,73.03048199999999,C1,True,C1,True,1.0,1.0
9322337,CCCCC[C@H](CC)CO,CCCCC[C@H](CC)CO,1.7,13.19,13.19,1.7,2.452386,2.452386,19.0276302,19.0276302,C1,True,C1,True,1.0,1.0
9322824,CC1=CC=C(C=C1)[C@](C)(O)CO,Cc1ccc([C@](C)(O)CO)cc1,11.0,15.37,15.37,11.0,18.284200000000002,18.284200000000002,25.548014000000002,25.548014000000002,C1,True,C1,True,1.0,1.0
9323102,CC[C@H]([C@@H](O)C1=CC=CC=C1)N(=O)=O,CC[C@H]([C@@H](O)c1ccccc1)[N+](=O)[O-],-9.7,-8.33,8.33,9.7,-18.936145999999997,18.936145999999997,-16.2616594,16.2616594,C1,True,C1,True,-1.0,-1.0
9323303,CC1=CC=CC(=C1)[C@](C)(O)CC=C,C=CC[C@@](C)(O)c1cccc(C)c1,56.9,267.83,267.83,56.9,100.29137099999998,100.29137099999998,472.07447969999987,472.07447969999987,C1,True,C1,True,1.0,1.0
9323720,C[C@H]([C@@H](O)C1=CC=C(F)C=C1)N(=O)=O,C[C@H]([C@@H](O)c1ccc(F)cc1)[N+](=O)[O-],-22.47,-26.45,26.45,22.47,-44.7559707,44.7559707,-52.6833745,52.6833745,C1,True,C1,True,-1.0,-1.0
9324676,O[C@H](C#CC1=CC=CC=C1)C1=CC=CO1,O[C@H](C#Cc1ccccc1)c1ccco1,-19.2,-83.92,83.92,19.2,-38.058431999999996,38.058431999999996,-166.34706319999998,166.34706319999998,C1,True,C1,True,-1.0,-1.0
9326889,C[C@@H]1CNCCN1C1=C(Cl)N=CC=N1,C[C@@H]1CNCCN1c1nccnc1Cl,-43.0,-419.64,419.64,43.0,-91.45412,91.45412,-892.5071376000001,892.5071376000001,C1,True,C1,True,-1.0,-1.0
9327428,O=C1CC[C@@H](O1)C1=CC=C2C=CC=CC2=C1,O=C1CC[C@H](c2ccc3ccccc3c2)O1,14.9,223.8,223.8,14.9,31.624951999999997,31.624951999999997,475.011024,475.011024,C1,True,C1,True,1.0,1.0
9329990,C[C@@](O)(CC=C)C1=CC(=CC=C1)C(F)(F)F,C=CC[C@@](C)(O)c1cccc(C(F)(F)F)c1,31.0,64.65,64.65,31.0,71.37098999999998,71.37098999999998,148.84304849999998,148.84304849999998,C1,True,C1,True,1.0,1.0
9387688,O[C@H](CC=C)C1=CC=CC=C1Cl,C=CC[C@@H](O)c1ccccc1Cl,65.6,178.34,178.34,65.6,119.81839999999998,119.81839999999998,325.73801,325.73801,C1,True,C1,True,1.0,1.0
9390217,C[C@@H]1O[C@@H](OCC2=CC=CC=C2)C=CC1=O,C[C@@H]1O[C@@H](OCc2ccccc2)C=CC1=O,46.0,-264.7,264.7,46.0,100.39592,100.39592,-577.713044,577.713044,C1,True,C1,True,1.0,-1.0
9391387,CCOC(=O)C(=[N]#N)[C@@H](O)C1=CC=CC=C1,CCOC(=O)C(=[N+]=[N-])[C@@H](O)c1ccccc1,29.51,630.47,630.47,29.51,64.98928280000001,64.98928280000001,1388.4714716000003,1388.4714716000003,C1,True,C1,True,1.0,1.0
9394056,CC(=O)[C@]1(CC(C)(C)OC1=O)C1=CC=CC=C1,CC(=O)[C@@]1(c2ccccc2)CC(C)(C)OC1=O,138.0,-394.04,394.04,138.0,320.5450199999999,320.5450199999999,-915.2721715999999,915.2721715999999,C1,True,C1,True,1.0,-1.0
9399211,O[C@H]1CCN(C(=O)OCC2=CC=CC=C2)C1=O,O=C(OCc1ccccc1)N1CC[C@H](O)C1=O,-63.9,85.08,85.08,63.9,-150.31772099999998,150.31772099999998,200.14134119999994,200.14134119999994,C1,True,C1,True,-1.0,1.0
9401443,C[Si](C)(C)O[C@@]1(CCCC2=C1C=CC=C2)C#N,C[Si](C)(C)O[C@]1(C#N)CCCc2ccccc21,11.5,-107.15,107.15,11.5,28.220769999999998,28.220769999999998,-262.94395699999995,262.94395699999995,C1,True,C1,True,1.0,-1.0
9477270,CCCC[C@@H](O)CN(=O)=O,CCCC[C@@H](O)C[N+](=O)[O-],-8.4,12.96,12.96,8.4,-12.362615999999997,12.362615999999997,19.073750399999998,19.073750399999998,C1,True,C1,True,-1.0,1.0
9478362,COC1=C(C=CC=C1)[C@H](O)CN(=O)=O,COc1ccccc1[C@H](O)C[N+](=O)[O-],43.4,0.91,0.91,43.4,85.58045999999999,85.58045999999999,1.7944289999999998,1.7944289999999998,C1,True,C1,True,1.0,1.0
9478644,O[C@H](CN(=O)=O)C1=CC=C(Cl)C=C1,O=[N+]([O-])C[C@@H](O)c1ccc(Cl)cc1,28.0,-60.3,60.3,28.0,56.45052,56.45052,-121.57022699999997,121.57022699999997,C1,True,C1,True,1.0,-1.0
9478648,O[C@H](CN(=O)=O)C1=CC=C(F)C=C1,O=[N+]([O-])C[C@@H](O)c1ccc(F)cc1,37.05,-64.54,64.54,37.05,68.59955699999999,68.59955699999999,-119.49839159999999,119.49839159999999,C1,True,C1,True,1.0,-1.0
9478663,O[C@H](CN(=O)=O)C1=C(Cl)C=CC=C1,O=[N+]([O-])C[C@@H](O)c1ccccc1Cl,45.5,305.62,305.62,45.5,91.73209499999999,91.73209499999999,616.1574257999999,616.1574257999999,C1,True,C1,True,1.0,1.0
9479264,CC[C@@H]1CCC2=CC=CC=C2N1,CC[C@@H]1CCc2ccccc2N1,48.9,107.83,107.83,48.9,78.85027199999999,78.85027199999999,173.8737184,173.8737184,C1,True,C1,True,1.0,1.0
9479677,O[C@@H]([C@H](O)C1=CC=CO1)C1=CC=CO1,O[C@H](c1ccco1)[C@H](O)c1ccco1,32.5,-17.15,17.15,32.5,63.11044999999999,63.11044999999999,-33.302899,33.302899,C1,True,C1,True,1.0,-1.0
9480657,CCCCCC[C@@H](O)[C@@H](C)CO,CCCCCC[C@@H](O)[C@@H](C)CO,16.1,77.13,77.13,16.1,28.059723999999996,28.059723999999996,134.42524919999997,134.42524919999997,C1,True,C1,True,1.0,1.0
9480946,OC[C@@H](NC1=CC=CC=C1)C1=CC=CC=C1,OC[C@@H](Nc1ccccc1)c1ccccc1,-26.2,313.54,313.54,26.2,-55.87936,55.87936,668.7181120000001,668.7181120000001,C1,True,C1,True,-1.0,1.0
9481029,O[C@H](CN(=O)=O)C1=C(C=CC=C1)N(=O)=O,O=[N+]([O-])C[C@@H](O)c1ccccc1[N+](=O)[O-],-141.45,-159.42,159.42,141.45,-300.10173449999996,300.10173449999996,-338.2270661999999,338.2270661999999,C1,True,C1,True,-1.0,-1.0
9481069,O[C@H](CN(=O)=O)C1=CC=C(C=C1)N(=O)=O,O=[N+]([O-])C[C@@H](O)c1ccc([N+](=O)[O-])cc1,28.255000000000003,-4.42,4.42,28.255000000000003,59.94609055,59.94609055,-9.377516199999999,9.377516199999999,C1,True,C1,True,1.0,-1.0
9482856,C1CC2=CC=CC=C2N[C@@H]1C1=CC=CC=C1,c1ccc([C@@H]2CCc3ccccc3N2)cc1,-44.3,-155.43,155.43,44.3,-92.71635600000002,92.71635600000002,-325.30255560000006,325.30255560000006,C1,True,C1,True,-1.0,-1.0
9484729,C[C@@]1(CC=C)C(=O)CCC2=CC=CC=C12,C=CC[C@]1(C)C(=O)CCc2ccccc21,-38.0,101.81,101.81,38.0,-76.10678,76.10678,203.90608609999998,203.90608609999998,C1,True,C1,True,-1.0,1.0
9485289,COC(=O)C[C@H](C)C1=CC=C(C=C1OC)N(C)C,COC(=O)C[C@H](C)c1ccc(N(C)C)cc1OC,20.1,13.25,13.25,20.1,50.516526000000006,50.516526000000006,33.300695,33.300695,C1,True,C1,True,1.0,1.0
9485495,O[C@@H](CN(=O)=O)C1=CC=C(C=C1)C1=CC=CC=C1,O=[N+]([O-])C[C@H](O)c1ccc(-c2ccccc2)cc1,-39.7,266.87,266.87,39.7,-96.57501400000001,96.57501400000001,649.1932994,649.1932994,C1,True,C1,True,-1.0,1.0
9486217,C=CC[C@@]1(CCCCC1=O)C1=CC=CC=C1,C=CC[C@]1(c2ccccc2)CCCCC1=O,232.8,328.67,328.67,232.8,498.9090239999998,498.9090239999998,704.3661035999997,704.3661035999997,C1,True,C1,True,1.0,1.0
9488382,CCCCCCCC[C@@H](O)[C@@H](C)C(O)=O,CCCCCCCC[C@@H](O)[C@@H](C)C(=O)O,1.9,-2.4,2.4,1.9,4.110099,4.110099,-5.191704,5.191704,C1,True,C1,True,1.0,-1.0
9550304,CC(C)[C@@](C)(O)C1=CC=CC=C1,CC(C)[C@@](C)(O)c1ccccc1,8.11,54.98,54.98,8.11,13.3205128,13.3205128,90.30355039999999,90.30355039999999,C1,True,C1,True,1.0,1.0
9554949,C[C@@](O)(C1=CCCCC1)C1=CC=CC=C1,C[C@@](O)(C1=CCCCC1)c1ccccc1,-7.18,187.24,187.24,7.18,-14.524924600000002,14.524924600000002,378.78090280000004,378.78090280000004,C1,True,C1,True,-1.0,1.0
9559059,C[C@@H](O)CCCCCO[Si](C)(C)C(C)(C)C,C[C@@H](O)CCCCCO[Si](C)(C)C(C)(C)C,8.0,43.4,43.4,8.0,19.71736,19.71736,106.96667799999999,106.96667799999999,C1,True,C1,True,1.0,1.0
9619440,CC(C)(C)[Si](C)(C)OC[C@@H](O)C=C,C=C[C@H](O)CO[Si](C)(C)C(C)(C)C,-332.4,-104.75,104.75,332.4,-672.6778799999998,672.6778799999998,-211.98257499999997,211.98257499999997,C1,True,C1,True,-1.0,-1.0
9622755,CC(C)(C)C(=O)OCC[C@H](O)CC#C,C#CC[C@@H](O)CCOC(=O)C(C)(C)C,-10.7,76.75,76.75,10.7,-21.214033999999998,21.214033999999998,152.16608499999998,152.16608499999998,C1,True,C1,True,-1.0,1.0
9623846,CC1=NC(=CC=C1)N1O[C@@H]2CCC[C@H]1C=C2,Cc1cccc(N2O[C@H]3C=C[C@@H]2CCC3)n1,-167.0,-144.37,144.37,167.0,-361.19428,361.19428,-312.2492108,312.2492108,C1,True,C1,True,-1.0,-1.0
9695956,O[C@@H](C1=CC=CC=C1)C1=CC=CN=C1,O[C@@H](c1ccccc1)c1cccnc1,-3.64,394.82,394.82,3.64,-6.742226400000001,6.742226400000001,731.3092932,731.3092932,C1,True,C1,True,-1.0,1.0
9696054,COC1=CC=C(C=C1)[C@@H](O)CN(=O)=O,COc1ccc([C@@H](O)C[N+](=O)[O-])cc1,-33.55,16.05,16.05,33.55,-66.15724499999999,66.15724499999999,31.648994999999996,31.648994999999996,C1,True,C1,True,-1.0,1.0
9709273,[H][C@@]12CCC(C)=C1[C@H](O)[C@@]1(CC[C@@]2(C)O1)C(C)C,CC1=C2[C@@H](CC1)[C@@]1(C)CC[C@](C(C)C)(O1)[C@H]2O,11.6,9.81,9.81,11.6,27.41718,27.41718,23.1864255,23.1864255,C1,True,C1,True,1.0,1.0
9757124,CC[C@H](O)CN(=O)=O,CC[C@H](O)C[N+](=O)[O-],16.1,32.27,32.27,16.1,19.178320000000003,19.178320000000003,38.440024,38.440024,C1,True,C1,True,1.0,1.0
9757343,CCC[C@@H](O)CN(=O)=O,CCC[C@@H](O)C[N+](=O)[O-],-9.04,48.12,48.12,9.04,-12.036488799999997,12.036488799999997,64.0703364,64.0703364,C1,True,C1,True,-1.0,1.0
9757744,CCOC(=O)C[C@@H](O)C=C,C=C[C@H](O)CC(=O)OCC,6.7,58.32,58.32,6.7,9.65939,9.65939,84.079944,84.079944,C1,True,C1,True,1.0,1.0
9758654,O[C@H](CC1=CC=CC=C1)CN(=O)=O,O=[N+]([O-])C[C@H](O)Cc1ccccc1,15.7,-23.29,23.29,15.7,28.446987000000004,28.446987000000004,-42.1993839,42.1993839,C1,True,C1,True,1.0,-1.0
9759885,CC(C)(C=O)[C@@H](CN(=O)=O)C1=CC=CC=C1,CC(C)(C=O)[C@@H](C[N+](=O)[O-])c1ccccc1,-1.5,-1.27,1.27,1.5,-3.3188400000000002,3.3188400000000002,-2.8099512000000004,2.8099512000000004,C1,True,C1,True,-1.0,-1.0
9765416,C[C@@H]1OC(C)(C)O[C@H]1\C=C\C(=O)C1=CC=CO1,C[C@@H]1OC(C)(C)O[C@H]1/C=C/C(=O)c1ccco1,-17.0,-106.97,106.97,17.0,-40.165389999999995,40.165389999999995,-252.73480989999996,252.73480989999996,C1,True,C1,True,-1.0,-1.0
9768910,COC1=C(N[C@@H]2CCCC[C@H]2O)C=CC=C1,COc1ccccc1N[C@@H]1CCCC[C@H]1O,-62.1,-34.99,34.99,62.1,-137.42729999999997,137.42729999999997,-77.43286999999998,77.43286999999998,C1,True,C1,True,-1.0,-1.0
9770393,C[C@@H]1OC(C)(C)O[C@H]1CC[C@@H]1OC(=O)C=CC1=O,C[C@@H]1OC(C)(C)O[C@H]1CC[C@@H]1OC(=O)C=CC1=O,-54.0,-247.83,247.83,54.0,-137.31228,137.31228,-630.1870806,630.1870806,C1,True,C1,True,-1.0,-1.0
9777830,CCOC(=O)C1=C(C)OC(=C1)[C@H](O)[C@H](O)CO,CCOC(=O)c1cc([C@H](O)[C@H](O)CO)oc1C,13.0,56.31,56.31,13.0,31.751589999999997,31.751589999999997,137.5332333,137.5332333,C1,True,C1,True,1.0,1.0
9846157,C[C@@]1(CC=C)CCCCC1=O,C=CC[C@]1(C)CCCCC1=O,-9.2,194.09,194.09,9.2,-14.005803999999998,14.005803999999998,295.4767933,295.4767933,C1,True,C1,True,-1.0,1.0
9846405,O[C@H](CN(=O)=O)C1=C(Br)C=CC=C1,O=[N+]([O-])C[C@@H](O)c1ccccc1Br,38.1,281.26,281.26,38.1,93.74885999999998,93.74885999999998,692.0683559999999,692.0683559999999,C1,True,C1,True,1.0,1.0
9846413,O[C@H](CN(=O)=O)C1=C(F)C=CC=C1,O=[N+]([O-])C[C@@H](O)c1ccccc1F,36.400000000000006,230.93,230.93,36.400000000000006,67.396056,67.396056,427.5761321999999,427.5761321999999,C1,True,C1,True,1.0,1.0
9846497,COC1=C(OC)C=C(C[C@H](C)O)C=C1,COc1ccc(C[C@H](C)O)cc1OC,26.4,-39.29,39.29,26.4,51.80894399999999,51.80894399999999,-77.10505339999999,77.10505339999999,C1,True,C1,True,1.0,-1.0
9848229,CCCCCC[C@H](CO)CCO,CCCCCC[C@H](CO)CCO,2.5,-85.08,85.08,2.5,4.3571,4.3571,-148.28082719999998,148.28082719999998,C1,True,C1,True,1.0,-1.0
9848430,O[C@H](CN(=O)=O)C1=CC=C(Cl)C=C1Cl,O=[N+]([O-])C[C@@H](O)c1ccc(Cl)cc1Cl,45.5,255.08,255.08,45.5,107.40456999999998,107.40456999999998,602.1265431999999,602.1265431999999,C1,True,C1,True,1.0,1.0
9849718,CCCCC\C=N\N1[C@H](C)CC[C@H]1C,CCCCC/C=N/N1[C@H](C)CC[C@H]1C,-16.3,-89.04,89.04,16.3,-32.003094,32.003094,-174.8193552,174.8193552,C1,True,C1,True,-1.0,-1.0
9849734,CCOC(=O)[C@@H](O)[C@@H](C)C(=O)C1=CC=CC=C1,CCOC(=O)[C@@H](O)[C@@H](C)C(=O)c1ccccc1,20.6,-42.6,42.6,20.6,48.671002,48.671002,-100.649742,100.649742,C1,True,C1,True,1.0,-1.0
9849735,CCOC(=O)[C@@H](O)[C@H](C)C(=O)C1=CC=CC=C1,CCOC(=O)[C@@H](O)[C@H](C)C(=O)c1ccccc1,7.6,5.21,5.21,7.6,17.956291999999998,17.956291999999998,12.3095107,12.3095107,C1,True,C1,True,1.0,1.0
9851673,CCOC(=O)[C@@H](O)[C@@H](CC)C(=O)C1=CC=CC=C1,CCOC(=O)[C@@H](O)[C@@H](CC)C(=O)c1ccccc1,53.8,76.88,76.88,53.8,134.65817199999998,134.65817199999998,192.4260272,192.4260272,C1,True,C1,True,1.0,1.0
9851674,CCOC(=O)[C@@H](O)[C@H](CC)C(=O)C1=CC=CC=C1,CCOC(=O)[C@@H](O)[C@H](CC)C(=O)c1ccccc1,-16.8,-133.47,133.47,16.8,-42.049392,42.049392,-334.0674018,334.0674018,C1,True,C1,True,-1.0,-1.0
9854919,CC(=O)[C@H]1O[C@@H]2OC(=O)C[C@@H]2[C@@H]1C(=C)C(C)(C)C,C=C([C@H]1[C@H]2CC(=O)O[C@H]2O[C@@H]1C(C)=O)C(C)(C)C,9.18,-60.42,60.42,9.18,23.162058,23.162058,-152.44570199999998,152.44570199999998,C1,True,C1,True,1.0,-1.0
9899792,O=C([C@H]1CO1)C1=CC=CC=C1,O=C(c1ccccc1)[C@H]1CO1,53.7,-46.65,46.65,53.7,79.56245699999998,79.56245699999998,-69.11710649999998,69.11710649999998,C1,True,C1,True,1.0,-1.0
9900844,CC1=CC=CC(=C1)[C@H](O)CC=C,C=CC[C@@H](O)c1cccc(C)c1,43.9,38.75,38.75,43.9,71.21984799999998,71.21984799999998,62.86489999999999,62.86489999999999,C1,True,C1,True,1.0,1.0
9901371,O[C@@H](CC=C)C1=CC(Cl)=CC=C1,C=CC[C@H](O)c1cccc(Cl)c1,46.2,-132.0,132.0,46.2,84.3843,84.3843,-241.09799999999996,241.09799999999996,C1,True,C1,True,1.0,-1.0
9902158,O[C@H](CN(=O)=O)\C=C\C1=CC=CC=C1,O=[N+]([O-])C[C@@H](O)/C=C/c1ccccc1,12.7,-438.17,438.17,12.7,24.536654,24.536654,-846.5532034,846.5532034,C1,True,C1,True,1.0,-1.0
9903047,O[C@H](CC=C)C1=CC=C(C=C1)C#N,C=CC[C@@H](O)c1ccc(C#N)cc1,17.7,148.03,148.03,17.7,30.659054999999995,30.659054999999995,256.41016449999995,256.41016449999995,C1,True,C1,True,1.0,1.0
9904445,CCCCCC[C@H]1O[C@]1(C)CO,CCCCCC[C@H]1O[C@]1(C)CO,16.2,-48.55,48.55,16.2,27.907415999999994,27.907415999999994,-83.63611399999998,83.63611399999998,C1,True,C1,True,1.0,-1.0
9906627,O[C@H]1CCC(=O)N[C@H]1C1=CC=CC=C1,O=C1CC[C@H](O)[C@H](c2ccccc2)N1,42.7,146.01,146.01,42.7,81.65521000000001,81.65521000000001,279.214923,279.214923,C1,True,C1,True,1.0,1.0
9906940,CCCCCC[C@@H](C)C[C@H](C)CO,CCCCCC[C@@H](C)C[C@H](C)CO,-17.3,12.31,12.31,17.3,-32.236647000000005,32.236647000000005,22.9383309,22.9383309,C1,True,C1,True,-1.0,1.0
9908298,O[C@H](CN(=O)=O)C1=CC2=C(C=CC=C2)C=C1,O=[N+]([O-])C[C@@H](O)c1ccc2ccccc2c1,28.3,-212.24,212.24,28.3,61.474391999999995,61.474391999999995,-461.03621760000004,461.03621760000004,C1,True,C1,True,1.0,-1.0
9910492,O[C@@H](\C=C\C1=CC=CC=C1)C#CC1=CC=CC=C1,O[C@H](C#Cc1ccccc1)/C=C/c1ccccc1,-2.1,452.1,452.1,2.1,-4.9202580000000005,4.9202580000000005,1059.261258,1059.261258,C1,True,C1,True,-1.0,1.0
9911024,O[C@@H](\C=C\C1=CC=CC=C1)C1CCCCC1,O[C@@H](/C=C/c1ccccc1)C1CCCCC1,-22.8,-485.56,485.56,22.8,-49.321871999999985,49.321871999999985,-1050.3828143999997,1050.3828143999997,C1,True,C1,True,-1.0,-1.0
9918473,[H][C@]12C[C@]1([C@@H](O)[C@@]1([H])OC(C)(C)O[C@@]21[H])C(=O)OCC,CCOC(=O)[C@@]12C[C@@H]1[C@@H]1OC(C)(C)O[C@@H]1[C@@H]2O,72.0,81.09,81.09,72.0,174.43511999999998,174.43511999999998,196.4575539,196.4575539,C1,True,C1,True,1.0,1.0
9918900,[H][C@]12C[C@@]1(C(=O)OCC)[C@@]1([H])OC(C)(C)O[C@@]1([H])[C@H]2O,CCOC(=O)[C@@]12C[C@@H]1[C@H](O)[C@@H]1OC(C)(C)O[C@@H]12,124.0,143.96,143.96,124.0,300.41604,300.41604,348.7733316,348.7733316,C1,True,C1,True,1.0,1.0
9994985,CCC[C@H](OC(C)=O)C=C,C=C[C@H](CCC)OC(C)=O,-4.4,-3.53,3.53,4.4,-6.256712,6.256712,-5.019589399999998,5.019589399999998,C1,True,C1,True,-1.0,-1.0
9995387,C[C@@H]1[C@H](OC1=O)C1=CC=CC=C1,C[C@H]1C(=O)O[C@@H]1c1ccccc1,46.6,-38.27,38.27,46.6,75.579608,75.579608,-62.0693476,62.0693476,C1,True,C1,True,1.0,-1.0
9996183,O[C@@H](C#N)C1=CC=CC=C1N(=O)=O,N#C[C@H](O)c1ccccc1[N+](=O)[O-],26.6,273.25,273.25,26.6,47.387102,47.387102,486.78667749999994,486.78667749999994,C1,True,C1,True,1.0,1.0
9997713,CC1=CC(=CC=C1)[C@H]1CCC(=O)C1,Cc1cccc([C@H]2CCC(=O)C2)c1,-89.0,307.2,307.2,89.0,-155.07627,155.07627,535.274496,535.274496,C1,True,C1,True,-1.0,1.0
9999889,CC(C)(C)[Si](C)(C)OC[C@H]1OC(=O)CC=C1,CC(C)(C)[Si](C)(C)OC[C@@H]1C=CCC(=O)O1,-71.0,-120.83,120.83,71.0,-172.09760999999997,172.09760999999997,-292.8810453,292.8810453,C1,True,C1,True,-1.0,-1.0
10000027,CCOC(=O)[C@H](CC)[C@@H](O)C1=CC=CC=C1,CCOC(=O)[C@H](CC)[C@@H](O)c1ccccc1,-3.56,48.77,48.77,3.56,-7.9133104,7.9133104,108.40790680000002,108.40790680000002,C1,True,C1,True,-1.0,1.0
10000290,C[C@H]1CC(=O)OC2=C1C(=O)OC(C)=C2,Cc1cc2c(c(=O)o1)[C@@H](C)CC(=O)O2,8.1,84.19,84.19,8.1,15.729065999999996,15.729065999999996,163.48519339999996,163.48519339999996,C1,True,C1,True,1.0,1.0
10002805,CC1=CC=C2C(=O)C[C@H](C2=C1)C1=CC=CC=C1,Cc1ccc2c(c1)[C@H](c1ccccc1)CC2=O,20.3,87.39,87.39,20.3,45.124261,45.124261,194.25660929999998,194.25660929999998,C1,True,C1,True,1.0,1.0
10003794,C[C@H]1CC(=O)OC2=C1C(=O)CC(C)(C)C2,C[C@H]1CC(=O)OC2=C1C(=O)CC(C)(C)C2,-5.0,-80.31,80.31,5.0,-10.412849999999999,10.412849999999999,-167.25119669999995,167.25119669999995,C1,True,C1,True,-1.0,-1.0
10004360,[H][C@@]12C[C@@]([H])(C=C1)[C@]1([H])C(=O)C(=C[C@]21[H])[Si](C)(C)C,C[Si](C)(C)C1=C[C@H]2[C@@H](C1=O)[C@@H]1C=C[C@H]2C1,47.35,-41.9,41.9,47.35,103.39914199999997,103.39914199999997,-91.49786799999998,91.49786799999998,C1,True,C1,True,1.0,-1.0
10005271,CC[C@H]1CC(=O)OC2=C1C(=O)CC(C)(C)C2,CC[C@H]1CC(=O)OC2=C1C(=O)CC(C)(C)C2,4.6,-114.13,114.13,4.6,10.225063999999996,10.225063999999996,-253.69272919999992,253.69272919999992,C1,True,C1,True,1.0,-1.0
10006686,C[C@H]1CC(=O)OC2=C1C(=O)OC1=C2C=CC=C1,C[C@H]1CC(=O)Oc2c1c(=O)oc1ccccc21,-19.2,16.16,16.16,19.2,-44.202048,44.202048,37.203390399999996,37.203390399999996,C1,True,C1,True,-1.0,1.0
10007813,CCC[C@H]1CC(=O)OC2=C1C(=O)CC(C)(C)C2,CCC[C@H]1CC(=O)OC2=C1C(=O)CC(C)(C)C2,1.7,-26.85,26.85,1.7,4.017286999999999,4.017286999999999,-63.44950349999999,63.44950349999999,C1,True,C1,True,1.0,-1.0
10063941,O=C[C@@H](COCC1=CC=CC=C1)N=N#N,[N-]=[N+]=N[C@@H](C=O)COCc1ccccc1,-10.0,-192.91,192.91,10.0,-20.5217,20.5217,-395.8841147,395.8841147,C1,True,C1,True,-1.0,-1.0
10064352,O[C@@H](CC=C)C1=CC=CC(=C1)N(=O)=O,C=CC[C@H](O)c1cccc([N+](=O)[O-])c1,-19.8,-215.04,215.04,19.8,-38.253996,38.253996,-415.4615807999999,415.4615807999999,C1,True,C1,True,-1.0,-1.0
10065683,C[C@@H]1O[C@@H](OC(=O)OC(C)(C)C)C=CC1=O,C[C@@H]1O[C@@H](OC(=O)OC(C)(C)C)C=CC1=O,98.0,373.93,373.93,98.0,223.67911999999995,223.67911999999995,853.4727892,853.4727892,C1,True,C1,True,1.0,1.0
10069787,C[C@@H](CC(=O)C1=NC=CN1C)C1=CC=CN1,C[C@@H](CC(=O)c1nccn1C)c1ccc[nH]1,77.5,-27.71,27.71,77.5,168.3858,168.3858,-60.2060712,60.2060712,C1,True,C1,True,1.0,-1.0
10075119,C[C@@H](O)C#CCCCO[Si](C)(C)C(C)(C)C,C[C@@H](O)C#CCCCO[Si](C)(C)C(C)(C)C,16.0,187.07,187.07,16.0,38.78959999999999,38.78959999999999,453.5231544999999,453.5231544999999,C1,True,C1,True,1.0,1.0
10075749,[H][C@@]12C[C@@]([H])(C(C=NC3=CC=C(OC)C=C3)=CC1)C2(C)C,COc1ccc(N=CC2=CC[C@H]3C[C@@H]2C3(C)C)cc1,33.2,2575.24,2575.24,33.2,84.779852,84.779852,6576.158616399999,6576.158616399999,C1,True,C1,True,1.0,1.0
10076575,[H][C@@]12CCCN1[C@H](CCCCC)CCC2,CCCCC[C@@H]1CCC[C@@H]2CCCN12,-95.6,-159.95,159.95,95.6,-186.75459999999995,186.75459999999995,-312.4623249999999,312.4623249999999,C1,True,C1,True,-1.0,-1.0
10152432,O[C@H](CN(=O)=O)C1=CC=CO1,O=[N+]([O-])C[C@@H](O)c1ccco1,34.9,-178.94,178.94,34.9,54.836624999999984,54.836624999999984,-281.15947499999993,281.15947499999993,C1,True,C1,True,1.0,-1.0
10153645,O[C@@H](CN(=O)=O)C1CCCC1,O=[N+]([O-])C[C@H](O)C1CCCC1,-3.18,-24.18,24.18,3.18,-5.062082999999999,5.062082999999999,-38.490932999999984,38.490932999999984,C1,True,C1,True,-1.0,-1.0
10153651,CCCCC[C@@H](O)CN(=O)=O,CCCCC[C@@H](O)C[N+](=O)[O-],-10.2,12.08,12.08,10.2,-16.442501999999994,16.442501999999994,19.473080799999995,19.473080799999995,C1,True,C1,True,-1.0,1.0
10155092,CC(C)[C@@H](CO)NCC1=NC=CN1C,CC(C)[C@@H](CO)NCc1nccn1C,19.0,339.56,339.56,19.0,37.48358,37.48358,669.8907592,669.8907592,C1,True,C1,True,1.0,1.0
10156205,CN1C=CN=C1CN[C@H](CO)C(C)(C)C,Cn1ccnc1CN[C@H](CO)C(C)(C)C,5.0,-14.23,14.23,5.0,10.565449999999998,10.565449999999998,-30.069270699999997,30.069270699999997,C1,True,C1,True,1.0,-1.0
10163381,CN1CCC[C@H]1C1=CN=CC=C1[Si](C)(C)C,CN1CCC[C@H]1c1cnccc1[Si](C)(C)C,-124.1,-120.61,120.61,124.1,-290.913979,290.913979,-282.73275590000003,282.73275590000003,C1,True,C1,True,-1.0,-1.0
10167382,C[C@H](CCCCCOCC1=CC=CC=C1)C(O)=O,C[C@H](CCCCCOCc1ccccc1)C(=O)O,-6.0,-38.74,38.74,6.0,-15.020280000000003,15.020280000000003,-96.98094120000002,96.98094120000002,C1,True,C1,True,-1.0,-1.0
10167547,CN1CCC[C@H]1C1=CN=CC(CC2=CC=CC=C2)=C1,CN1CCC[C@H]1c1cncc(Cc2ccccc2)c1,-26.0,545.27,545.27,26.0,-65.61386,65.61386,1376.0488247,1376.0488247,C1,True,C1,True,-1.0,1.0
10170049,[H][C@]12CCCN1CCC1=CC(OC)=C(OC)C=C21,COc1cc2c(cc1OC)[C@H]1CCCN1CC2,90.4,231.39,231.39,90.4,210.91314399999996,210.91314399999996,539.8583228999997,539.8583228999997,C1,True,C1,True,1.0,1.0
10245116,O=C[C@H]1C[C@@H]1C1=CC=CO1,O=C[C@H]1C[C@@H]1c1ccco1,320.0,347.86,347.86,320.0,435.67999999999995,435.67999999999995,473.61139,473.61139,C1,True,C1,True,1.0,1.0
10246461,COC1=CC=C(C=C1)[C@H]1C[C@@H]1C=O,COc1ccc([C@H]2C[C@@H]2C=O)cc1,228.0,415.21,415.21,228.0,401.77020000000005,401.77020000000005,731.6623015,731.6623015,C1,True,C1,True,1.0,1.0
10247079,O=C[C@H]1C[C@@H]1C1=C(C=CC=C1)N(=O)=O,O=C[C@H]1C[C@@H]1c1ccccc1[N+](=O)[O-],109.0,-717.1,717.1,109.0,208.39273999999997,208.39273999999997,-1370.9948059999997,1370.9948059999997,C1,True,C1,True,1.0,-1.0
10247936,CC[C@](C)(CC1=CC=CC=C1)C(O)=O,CC[C@](C)(Cc1ccccc1)C(=O)O,-37.5,50.67,50.67,37.5,-72.09674999999999,72.09674999999999,97.4171286,97.4171286,C1,True,C1,True,-1.0,1.0
10248024,CN1CCC[C@H]1C1=CN=C(Br)C=C1,CN1CCC[C@H]1c1ccc(Br)nc1,-135.0,-162.51,162.51,135.0,-325.52819999999997,325.52819999999997,-391.8636132,391.8636132,C1,True,C1,True,-1.0,-1.0
10248854,CC(C)(C)OC(=O)NC[C@H](O)CCl,CC(C)(C)OC(=O)NC[C@H](O)CCl,-22.0,87.7,87.7,22.0,-46.12806,46.12806,183.88322099999996,183.88322099999996,C1,True,C1,True,-1.0,1.0
10249932,O[C@H](CN(=O)=O)C1=CC=C(C=C1)C#N,N#Cc1ccc([C@H](O)C[N+](=O)[O-])cc1,42.4,-84.1,84.1,42.4,81.481776,81.481776,-161.61833399999998,161.61833399999998,C1,True,C1,True,1.0,-1.0
10250340,C[C@H]1COC(=N1)C(C)(C)C1=N[C@@H](C)CO1,C[C@H]1COC(C(C)(C)C2=N[C@@H](C)CO2)=N1,-119.0,-41.88,41.88,119.0,-250.22962999999996,250.22962999999996,-88.06400759999998,88.06400759999998,C2,True,C2,True,-1.0,-1.0
10250973,O[C@H](C1=CC=CC=C1)C1=C(C=CC=C1)N(=O)=O,O=[N+]([O-])c1ccccc1[C@H](O)c1ccccc1,79.63499999999999,397.43,397.43,79.63499999999999,182.55129225000002,182.55129225000002,911.0486605000001,911.0486605000001,C1,True,C1,True,1.0,1.0
10253051,CN1C2=C(C=CC=C2)[C@@](C)(C1=O)C1=CC=CC=C1,CN1C(=O)[C@@](C)(c2ccccc2)c2ccccc21,-81.55,213.44,213.44,81.55,-193.519781,193.519781,506.49738880000007,506.49738880000007,C1,True,C1,True,-1.0,1.0
10260093,COC(=O)N1C=C(CC(=C1)[C@@H]1CCCN1C)C=O,COC(=O)N1C=C(C=O)CC([C@@H]2CCCN2C)=C1,-51.7,42.59,42.59,51.7,-129.40406599999997,129.40406599999997,106.60191819999999,106.60191819999999,C1,True,C1,True,-1.0,1.0
10335655,C[C@H](CC=C)C(=O)C1=CC=CC=C1,C=CC[C@@H](C)C(=O)c1ccccc1,-36.3,-148.56,148.56,36.3,-63.250209,63.250209,-258.8554008,258.8554008,C1,True,C1,True,-1.0,-1.0
10336449,CC(C)[C@H](OCC1=CC=CC=C1F)C=O,CC(C)[C@@H](C=O)OCc1ccccc1F,-77.0,-313.14,313.14,77.0,-161.89096,161.89096,-658.3705872,658.3705872,C1,True,C1,True,-1.0,-1.0
10336598,CC[C@H](CC=C)C(=O)C1=CC=CC=C1,C=CC[C@@H](CC)C(=O)c1ccccc1,-26.0,101.47,101.47,26.0,-48.9502,48.9502,191.037569,191.037569,C1,True,C1,True,-1.0,1.0
10337065,CC[C@H]1CC(=O)C2=CC=CC=C2O1,CC[C@H]1CC(=O)c2ccccc2O1,-75.5,-105.89,105.89,75.5,-133.04232499999998,133.04232499999998,-186.59406349999998,186.59406349999998,C1,True,C1,True,-1.0,-1.0
10337141,CCCCCC[C@H]1O[C@H]1CO,CCCCCC[C@H]1O[C@H]1CO,-2.9,36.84,36.84,2.9,-4.588989,4.588989,58.295984399999995,58.295984399999995,C1,True,C1,True,-1.0,1.0
10337340,CCCCCC[C@@H](O)CN(=O)=O,CCCCCC[C@@H](O)C[N+](=O)[O-],-10.97,-35.88,35.88,10.97,-19.222511599999997,19.222511599999997,-62.8718064,62.8718064,C1,True,C1,True,-1.0,-1.0
10338317,CC(C)[C@H](OCC1=CC=CC=C1)\C=C\N(=O)=O,CC(C)[C@@H](/C=C/[N+](=O)[O-])OCc1ccccc1,-33.7,-55.1,55.1,33.7,-79.29037100000001,79.29037100000001,-129.64093300000002,129.64093300000002,C1,True,C1,True,-1.0,-1.0
10338982,COC(=O)[C@@H](OCC1=C(F)C=CC=C1)C(C)C,COC(=O)[C@@H](OCc1ccccc1F)C(C)C,-64.9,-50.02,50.02,64.9,-155.93782600000003,155.93782600000003,-120.18505480000002,120.18505480000002,C1,True,C1,True,-1.0,-1.0
10339744,CC(C)[C@@H](CN(=O)=O)NC(=O)OC(C)(C)C,CC(C)[C@@H](C[N+](=O)[O-])NC(=O)OC(C)(C)C,-21.5,-51.36,51.36,21.5,-49.9402,49.9402,-119.29900799999997,119.29900799999997,C1,True,C1,True,-1.0,-1.0
10339875,CC[C@H](C)[C@H](OCC1=CC=CC=C1)C(=O)OC,CC[C@H](C)[C@H](OCc1ccccc1)C(=O)OC,-66.7,-281.25,281.25,66.7,-157.619437,157.619437,-664.6246875,664.6246875,C1,True,C1,True,-1.0,-1.0
10340371,CC(C)[C@H](OCC1=C(F)C=CC=C1F)C=O,CC(C)[C@@H](C=O)OCc1c(F)cccc1F,-73.1,-145.4,145.4,73.1,-166.84197799999998,166.84197799999998,-331.85805199999993,331.85805199999993,C1,True,C1,True,-1.0,-1.0
10343305,CC(C)(C)OC(=O)C[C@@H](CO)CC1=CC=CO1,CC(C)(C)OC(=O)C[C@@H](CO)Cc1ccco1,1.32,57.9,57.9,1.32,3.1719468,3.1719468,139.133121,139.133121,C1,True,C1,True,1.0,1.0
10343566,CC(C)[C@@H](CN(=O)=O)C1=CNC2=C1C=CC=C2,CC(C)[C@@H](C[N+](=O)[O-])c1c[nH]c2ccccc12,11.5,-52.17,52.17,11.5,26.712545000000006,26.712545000000006,-121.18204110000002,121.18204110000002,C1,True,C1,True,1.0,-1.0
10343968,CC[C@H](C)[C@H](OCC1=CC=CC=C1)\C=C\N(=O)=O,CC[C@H](C)[C@@H](/C=C/[N+](=O)[O-])OCc1ccccc1,-20.1,198.54,198.54,20.1,-50.111309999999996,50.111309999999996,494.98007399999995,494.98007399999995,C1,True,C1,True,-1.0,1.0
10344048,CC(C)[C@H](OCC1=CC=CC=C1F)\C=C\N(=O)=O,CC(C)[C@@H](/C=C/[N+](=O)[O-])OCc1ccccc1F,-27.2,-40.6,40.6,27.2,-68.890256,68.890256,-102.82883799999999,102.82883799999999,C1,True,C1,True,-1.0,-1.0
10345752,CC[C@H](C)[C@H](OCC1=CC(F)=CC(F)=C1)C=O,CC[C@H](C)[C@@H](C=O)OCc1cc(F)cc(F)c1,-65.9,-118.28,118.28,65.9,-159.652635,159.652635,-286.55104199999994,286.55104199999994,C1,True,C1,True,-1.0,-1.0
10345944,CC[C@H](C)[C@H](OCC1=CC=CC(F)=C1F)C=O,CC[C@H](C)[C@@H](C=O)OCc1cccc(F)c1F,-64.7,72.4,72.4,64.7,-156.745455,156.745455,175.39985999999996,175.39985999999996,C1,True,C1,True,-1.0,1.0
10346901,CC(=C)C[C@@]1(C)CCC2=CC=CC=C2C1=O,C=C(C)C[C@@]1(C)CCc2ccccc2C1=O,45.3,84.27,84.27,45.3,97.08152399999999,97.08152399999999,180.5973516,180.5973516,C1,True,C1,True,1.0,1.0
10423922,O[C@@H](CCl)C1=NC=CC=C1,O[C@@H](CCl)c1ccccn1,-39.0,-5.07,5.07,39.0,-61.464,61.464,-7.9903200000000005,7.9903200000000005,C1,True,C1,True,-1.0,-1.0
10424106,CNC[C@@H](O)C1=CC=CN=C1,CNC[C@@H](O)c1cccnc1,70.0,91.19,91.19,70.0,106.5379,106.5379,138.78844429999998,138.78844429999998,C1,True,C1,True,1.0,1.0
10424260,CNC[C@@H](O)C1=NC=CC=C1,CNC[C@@H](O)c1ccccn1,47.5,157.17,157.17,47.5,72.29357499999999,72.29357499999999,239.20802489999994,239.20802489999994,C1,True,C1,True,1.0,1.0
10424553,CN1C[C@H](OC1=O)C1=CC=CO1,CN1C[C@@H](c2ccco2)OC1=O,107.5,-26.95,26.95,107.5,179.70129999999997,179.70129999999997,-45.05069799999998,45.05069799999998,C1,True,C1,True,1.0,-1.0
10426303,CNC(=O)O[C@@H](CCl)C1=CC=CO1,CNC(=O)O[C@@H](CCl)c1ccco1,-96.5,-9.35,9.35,96.5,-196.498125,196.498125,-19.0389375,19.0389375,C1,True,C1,True,-1.0,-1.0
10426626,CC(=O)C[C@H](C#C)C1=CC=CC=C1,C#C[C@@H](CC(C)=O)c1ccccc1,7.81,142.37,142.37,7.81,13.450928699999999,13.450928699999999,245.19957990000003,245.19957990000003,C1,True,C1,True,1.0,1.0
10427453,CCCC[C@@H](O)C1=CC=CC(Cl)=C1,CCCC[C@@H](O)c1cccc(Cl)c1,20.0,122.86,122.86,20.0,39.7386,39.7386,244.1142198,244.1142198,C1,True,C1,True,1.0,1.0
10427947,CCCC[C@@H](O)C#CC(=O)OC,CCCC[C@@H](O)C#CC(=O)OC,2.3,-209.05,209.05,2.3,3.914783999999999,3.914783999999999,-355.8198239999999,355.8198239999999,C1,True,C1,True,1.0,-1.0
10428264,C[C@H]([C@@H](CN(=O)=O)C1=CC=CC=C1)N(=O)=O,C[C@H]([C@@H](C[N+](=O)[O-])c1ccccc1)[N+](=O)[O-],8.6,30.57,30.57,8.6,19.282576,19.282576,68.5428312,68.5428312,C1,True,C1,True,1.0,1.0
10428509,CC1=CC=C(C=C1)[C@@](C)(O)C1=CC=CC=C1,Cc1ccc([C@@](C)(O)c2ccccc2)cc1,-7.5,-228.62,228.62,7.5,-15.921900000000003,15.921900000000003,-485.34197040000004,485.34197040000004,C1,True,C1,True,-1.0,-1.0
10428716,CC1=CC[C@@H](CC1=O)C(=C)CO,C=C(CO)[C@H]1CC=C(C)C(=O)C1,108.9,372.72,372.72,108.9,181.01357999999996,181.01357999999996,619.535184,619.535184,C1,True,C1,True,1.0,1.0
10428768,CC[C@@H](CN(=O)=O)NC(=O)OC(C)(C)C,CC[C@@H](C[N+](=O)[O-])NC(=O)OC(C)(C)C,-38.0,9.59,9.59,38.0,-82.93613999999998,82.93613999999998,20.930462699999993,20.930462699999993,C1,True,C1,True,-1.0,1.0
10430328,CC[C@H]([C@@H](CN(=O)=O)C1=CC=CC=C1)N(=O)=O,CC[C@H]([C@@H](C[N+](=O)[O-])c1ccccc1)[N+](=O)[O-],10.6,37.11,37.11,10.6,25.253758,25.253758,88.4119773,88.4119773,C1,True,C1,True,1.0,1.0
10430856,COC1=CC=C(C=C1)[C@@H](O)C1=CC=CC=C1F,COc1ccc([C@@H](O)c2ccccc2F)cc1,-15.41,105.52,105.52,15.41,-35.790341399999996,35.790341399999996,245.07442079999998,245.07442079999998,C1,True,C1,True,-1.0,1.0
10433136,O[C@H]1C[C@H](C2=CC=CC=C12)C1=CC=CC=C1,O[C@H]1C[C@@H](c2ccccc2)c2ccccc21,16.1,-38.97,38.97,16.1,33.854436,33.854436,-81.9445572,81.9445572,C1,True,C1,True,1.0,-1.0
10436616,CCCCCCC[C@@H](O)C#CC(=O)OC,CCCCCCC[C@@H](O)C#CC(=O)OC,6.95,-218.16,218.16,6.95,14.754085499999999,14.754085499999999,-463.1296823999999,463.1296823999999,C1,True,C1,True,1.0,-1.0
10439796,CO[C@@]1(C[C@H]2CC[C@]1(C)C2(C)C)C(=O)C=C,C=CC(=O)[C@@]1(OC)C[C@H]2CC[C@]1(C)C2(C)C,27.0,114.06,114.06,27.0,60.02855999999999,60.02855999999999,253.58731679999994,253.58731679999994,C1,True,C1,True,1.0,1.0
10529888,O[C@H](CN(=O)=O)C1=CC=CN=C1,O=[N+]([O-])C[C@@H](O)c1cccnc1,31.0,-13.46,13.46,31.0,52.12712,52.12712,-22.633259199999998,22.633259199999998,C1,True,C1,True,1.0,-1.0
10530893,C[C@@H]([C@@H](O)C1=CC=CC=C1)N(=O)=O,C[C@@H]([C@@H](O)c1ccccc1)[N+](=O)[O-],47.2,-54.01,54.01,47.2,85.52215199999999,85.52215199999999,-97.86125909999998,97.86125909999998,C1,True,C1,True,1.0,-1.0
10531445,CCCCCC[C@@H]1C[C@H]1C=O,CCCCCC[C@@H]1C[C@H]1C=O,-26.0,-194.69,194.69,26.0,-40.105779999999996,40.105779999999996,-300.31516569999997,300.31516569999997,C1,True,C1,True,-1.0,-1.0
10532705,[H][C@@]12CCCN1C(=O)CN=C2OC,COC1=NCC(=O)N2CCC[C@@H]12,102.0,-137.75,137.75,102.0,171.55991999999998,171.55991999999998,-231.68999,231.68999,C1,True,C1,True,1.0,-1.0
10536196,O[C@@H]1CCCC[C@@H]1SC1=CC=CC=C1,O[C@@H]1CCCC[C@@H]1Sc1ccccc1,19.7,-96.5,96.5,19.7,41.040222,41.040222,-201.03459000000004,201.03459000000004,C1,True,C1,True,1.0,-1.0
10539332,COC(=O)[C@]1(Cl)CC2=C(C=CC=C2)C1=O,COC(=O)[C@]1(Cl)Cc2ccccc2C1=O,33.5,43.81,43.81,33.5,75.25540500000001,75.25540500000001,98.41609830000002,98.41609830000002,C1,True,C1,True,1.0,1.0
10654831,CC(=C)C[C@@H](O)CO,C=C(C)C[C@@H](O)CO,-2.7,-96.9,96.9,2.7,-3.1363199999999996,3.1363199999999996,-112.55903999999997,112.55903999999997,C1,True,C1,True,-1.0,-1.0
10654928,COC1=CC(=O)N[C@H]1C(C)C,COC1=CC(=O)N[C@H]1C(C)C,9.0,46.48,46.48,9.0,13.967729999999996,13.967729999999996,72.13556559999998,72.13556559999998,C1,True,C1,True,1.0,1.0
10655167,O[C@H](CN(=O)=O)C1=CC=CS1,O=[N+]([O-])C[C@@H](O)c1cccs1,17.6,-19.34,19.34,17.6,30.481968000000002,30.481968000000002,-33.49552619999999,33.49552619999999,C1,True,C1,True,1.0,-1.0
10655480,C[C@@H]1C[C@@H](O)[C@H](O)CO1,C[C@@H]1C[C@@H](O)[C@H](O)CO1,-34.0,-62.22,62.22,34.0,-44.93406,44.93406,-82.2293298,82.2293298,C1,True,C1,True,-1.0,-1.0
10655481,C[C@@H]1C[C@@H](O)[C@@H](O)CO1,C[C@@H]1C[C@@H](O)[C@@H](O)CO1,-24.55,33.31,33.31,24.55,-32.4450345,32.4450345,44.022162900000005,44.022162900000005,C1,True,C1,True,-1.0,1.0
10655482,C[C@@H]1C[C@H](O)[C@@H](O)CO1,C[C@@H]1C[C@H](O)[C@@H](O)CO1,43.2,56.73,56.73,43.2,57.092687999999995,57.092687999999995,74.9738007,74.9738007,C1,True,C1,True,1.0,1.0
10656183,O[C@@H](CN(=O)=O)C=CC1=CC=CC=C1,O=[N+]([O-])C[C@H](O)C=Cc1ccccc1,-9.5,-68.36,68.36,9.5,-18.35419,18.35419,-132.0728872,132.0728872,C1,True,C1,True,-1.0,-1.0
10657043,COC1=CC=C(C=C1)[C@@H]1O[C@H]1CO,COc1ccc([C@@H]2O[C@H]2CO)cc1,-12.7,-59.23,59.23,12.7,-22.885780999999998,22.885780999999998,-106.73423689999998,106.73423689999998,C1,True,C1,True,-1.0,-1.0
10657104,O[C@H](CN(=O)=O)C1=CC=CC(Cl)=C1,O=[N+]([O-])C[C@@H](O)c1cccc(Cl)c1,37.1,7.16,7.16,37.1,74.796939,74.796939,14.435204399999998,14.435204399999998,C1,True,C1,True,1.0,1.0
10658406,O[C@H](CN(=O)=O)C1=CC=CC(O)=C1,O=[N+]([O-])C[C@@H](O)c1cccc(O)c1,27.5,-128.31,128.31,27.5,50.36982499999999,50.36982499999999,-235.0164453,235.0164453,C1,True,C1,True,1.0,-1.0
10658644,C=CC[C@H](OCC#C)C1=CC=CO1,C#CCO[C@@H](CC=C)c1ccco1,-78.5,-260.85,260.85,78.5,-138.328775,138.328775,-459.6568275000001,459.6568275000001,C1,True,C1,True,-1.0,-1.0
10659253,CC(C)([C@@H](CN(=O)=O)C1=CC=CC=C1)N(=O)=O,CC(C)([C@@H](C[N+](=O)[O-])c1ccccc1)[N+](=O)[O-],14.5,-14.06,14.06,14.5,34.545235000000005,34.545235000000005,-33.496965800000005,33.496965800000005,C1,True,C1,True,1.0,-1.0
10660562,[H][C@@]12CN3C(=O)OC[C@]3([H])[C@]1([H])OC(C)(C)O2,CC1(C)O[C@H]2[C@H]3COC(=O)N3C[C@H]2O1,-19.8,-31.35,31.35,19.8,-39.442788,39.442788,-62.451081,62.451081,C1,True,C1,True,-1.0,-1.0
10660724,O[C@H](CN(=O)=O)C1=CC=CC(=C1)N(=O)=O,O=[N+]([O-])C[C@@H](O)c1cccc([N+](=O)[O-])c1,30.8,-38.61,38.61,30.8,65.34558799999999,65.34558799999999,-81.91536209999998,81.91536209999998,C1,True,C1,True,1.0,-1.0
10661880,COC1=CC=C(C=C1)[C@@H](O)C1=CC=CC=C1C,COc1ccc([C@@H](O)c2ccccc2C)cc1,-12.03,658.57,658.57,12.03,-27.4634073,27.4634073,1503.4560387000001,1503.4560387000001,C1,True,C1,True,-1.0,1.0
10663452,CCCCC(=O)O[C@H](C)C1=CC=C(C)C=C1,CCCCC(=O)O[C@H](C)c1ccc(C)cc1,71.3,135.83,135.83,71.3,157.08245599999998,157.08245599999998,299.2497896,299.2497896,C1,True,C1,True,1.0,1.0
10664286,CCCCC(=O)O[C@H](C)C1=CC=C(OC)C=C1,CCCCC(=O)O[C@H](C)c1ccc(OC)cc1,95.7,185.68,185.68,95.7,226.149627,226.149627,438.78226479999995,438.78226479999995,C1,True,C1,True,1.0,1.0
10664546,COC1=CC=C(C=C1)[C@H](O)C1CCCCC1,COc1ccc([C@H](O)C2CCCCC2)cc1,24.1,88.51,88.51,24.1,53.09519199999999,53.09519199999999,194.99815119999997,194.99815119999997,C1,True,C1,True,1.0,1.0
10675912,C=C1CCC[C@@]11CCC2=CC=CC=C2C1=O,C=C1CCC[C@@]12CCc1ccccc1C2=O,4.0,-81.19,81.19,4.0,8.49168,8.49168,-172.3598748,172.3598748,C1,True,C1,True,1.0,-1.0
10677419,O[C@H](C1CCCCC1)C1=CC=C2C=CC=CC2=C1,O[C@@H](c1ccc2ccccc2c1)C1CCCCC1,29.0,164.72,164.72,29.0,69.70033999999998,69.70033999999998,395.8979311999999,395.8979311999999,C1,True,C1,True,1.0,1.0
11006775,C[C@H](CCC1=CC=CC=C1)CC=O,C[C@@H](CC=O)CCc1ccccc1,22.8,-114.39,114.39,22.8,40.187052,40.187052,-201.62267010000002,201.62267010000002,C1,True,C1,True,1.0,-1.0
11007916,[H][C@]12CC(C)(C)[C@@]1([H])CCCC2=O,CC1(C)C[C@@H]2C(=O)CCC[C@@H]21,163.0,202.38,202.38,163.0,248.14630999999997,248.14630999999997,308.09724059999996,308.09724059999996,C1,True,C1,True,1.0,1.0
11025267,O[C@@H](CC=C)[C@H]1CO1,C=CC[C@H](O)[C@H]1CO1,26.5,219.9,219.9,26.5,30.248159999999995,30.248159999999995,251.00265599999994,251.00265599999994,C1,True,C1,True,1.0,1.0
11044228,CCCCCCC[C@@H](O)CN(=O)=O,CCCCCCC[C@@H](O)C[N+](=O)[O-],-5.3,116.47,116.47,5.3,-10.030515,10.030515,220.4252985,220.4252985,C1,True,C1,True,-1.0,1.0
11044588,COC(=O)[C@@H]1CC(=C)C(=O)N1C(=O)OC(C)(C)C,C=C1C[C@@H](C(=O)OC)N(C(=O)OC(C)(C)C)C1=O,-17.5,-37.2,37.2,17.5,-44.67224999999999,44.67224999999999,-94.96044,94.96044,C1,True,C1,True,-1.0,-1.0
11064638,COC(CN[C@@H](CO)C(=O)OC)OC,COC(=O)[C@H](CO)NCC(OC)OC,-5.8,-52.2,52.2,5.8,-12.019108,12.019108,-108.17197199999998,108.17197199999998,C1,True,C1,True,-1.0,-1.0
11080510,CC(=O)N[C@H](CN(=O)=O)C1=CC=CC=C1,CC(=O)N[C@H](C[N+](=O)[O-])c1ccccc1,73.0,-17.63,17.63,73.0,151.99841,151.99841,-36.7086571,36.7086571,C1,True,C1,True,1.0,-1.0
11081893,C[C@H]1CC2=C(O1)C=CC=C2,C[C@H]1Cc2ccccc2O1,-11.8,-44.62,44.62,11.8,-15.833003999999995,15.833003999999995,-59.87022359999998,59.87022359999998,C1,True,C1,True,-1.0,-1.0
11083822,COC1=C(C=CC=C1)[C@@H](O)C1=CC=C(C)C=C1,COc1ccccc1[C@@H](O)c1ccc(C)cc1,40.56,70.9,70.9,40.56,92.59482960000001,92.59482960000001,161.85831900000002,161.85831900000002,C1,True,C1,True,1.0,1.0
11083825,COC1=CC=C(C=C1)[C@@H](O)C1=CC=C(C)C=C1,COc1ccc([C@@H](O)c2ccc(C)cc2)cc1,-8.15,431.73,431.73,8.15,-18.6057165,18.6057165,985.6007343,985.6007343,C1,True,C1,True,-1.0,1.0
11088542,[H][C@@]12CS[C@@H](OC(C)=O)[C@]1([H])OC(C)(C)O2,CC(=O)O[C@@H]1SC[C@H]2OC(C)(C)O[C@@H]12,-258.15,-181.5,181.5,258.15,-563.4743309999999,563.4743309999999,-396.16731,396.16731,C1,True,C1,True,-1.0,-1.0
11088556,[H][C@@]12CS[C@@]([H])([C@@H](O)CO)[C@]1([H])OC(C)(C)O2,CC1(C)O[C@H]2[C@H]([C@@H](O)CO)SC[C@H]2O1,-96.04,-42.21,42.21,96.04,-211.56651599999998,211.56651599999998,-92.98440899999997,92.98440899999997,C1,True,C1,True,-1.0,-1.0
11100875,O[C@H](CN(=O)=O)C1=CC=C(C=C1)C(F)(F)F,O=[N+]([O-])C[C@@H](O)c1ccc(C(F)(F)F)cc1,31.8,-43.09,43.09,31.8,74.78119799999999,74.78119799999999,-101.33087489999998,101.33087489999998,C1,True,C1,True,1.0,-1.0
11101893,C[C@H](CC(=O)N1CCOC1=O)SCCO,C[C@H](CC(=O)N1CCOC1=O)SCCO,7.8,-48.16,48.16,7.8,18.196542,18.196542,-112.35198239999998,112.35198239999998,C1,True,C1,True,1.0,-1.0
11134524,COC1=CC(=CC=C1)[C@H](O)CN(=O)=O,COc1cccc([C@H](O)C[N+](=O)[O-])c1,35.7,66.69,66.69,35.7,70.39683,70.39683,131.50601099999997,131.50601099999997,C1,True,C1,True,1.0,1.0
11134526,CC1=CC(=CC=C1)[C@H](O)CN(=O)=O,Cc1cccc([C@H](O)C[N+](=O)[O-])c1,35.2,-0.06,0.06,35.2,63.77923199999999,63.77923199999999,-0.10871459999999997,0.10871459999999997,C1,True,C1,True,1.0,-1.0
11140695,CCO[C@@H]1OC(C(=O)OCC)=C(C)C[C@@H]1C,CCOC(=O)C1=C(C)C[C@H](C)[C@H](OCC)O1,-117.0,-199.58,199.58,117.0,-267.09695999999997,267.09695999999997,-455.61719039999997,455.61719039999997,C1,True,C1,True,-1.0,-1.0
11140751,[H][C@@](CC)(O[C@]([H])(CC=C)C(=O)N(C)C)[C@@H](O)CC=C,C=CC[C@@H](O[C@@H](CC)[C@@H](O)CC=C)C(=O)N(C)C,69.9,-182.91,182.91,69.9,178.49524199999996,178.49524199999996,-467.0753177999999,467.0753177999999,C1,True,C1,True,1.0,-1.0
11140752,[H][C@@](CC)(O[C@@]([H])(CC=C)C(=O)N(C)C)[C@@H](O)CC=C,C=CC[C@H](O[C@@H](CC)[C@@H](O)CC=C)C(=O)N(C)C,-13.9,78.61,78.61,13.9,-35.494761999999994,35.494761999999994,200.73692379999997,200.73692379999997,C1,True,C1,True,-1.0,1.0
11140783,CC[C@H](OCC(=O)N(C)C)[C@@H](O)CC=C,C=CC[C@H](O)[C@H](CC)OCC(=O)N(C)C,72.4,25.02,25.02,72.4,155.872132,155.872132,53.86630859999998,53.86630859999998,C1,True,C1,True,1.0,1.0
11150316,CC[Si](CC)(CC)O[C@@H]1C[C@H](O)C=C1,CC[Si](CC)(CC)O[C@H]1C=C[C@@H](O)C1,17.2,-50.13,50.13,17.2,36.873532,36.873532,-107.46919530000001,107.46919530000001,C1,True,C1,True,1.0,-1.0
11150317,CC[Si](CC)(CC)O[C@@H]1CC(=O)C=C1,CC[Si](CC)(CC)O[C@H]1C=CC(=O)C1,41.3,45.96,45.96,41.3,87.706745,87.706745,97.602954,97.602954,C1,True,C1,True,1.0,1.0
11159928,COC1=CC=C2[C@@H](CC(=O)C2=C1)C1=CC=CC=C1,COc1ccc2c(c1)C(=O)C[C@H]2c1ccccc1,43.4,264.35,264.35,43.4,103.416124,103.416124,629.9090410000001,629.9090410000001,C1,True,C1,True,1.0,1.0
11167172,CCCCCCCC[C@@H](O)CN(=O)=O,CCCCCCCC[C@@H](O)C[N+](=O)[O-],-5.5,-82.04,82.04,5.5,-11.18051,11.18051,-166.7725528,166.7725528,C1,True,C1,True,-1.0,-1.0
11170259,CO[C@@H](C=C)[C@@H](C)C(\OC)=C/C(=O)OC,C=C[C@H](OC)[C@@H](C)/C(=C\C(=O)OC)OC,147.33,329.32,329.32,147.33,315.67073129999994,315.67073129999994,705.6043251999998,705.6043251999998,C1,True,C1,True,1.0,1.0
11206645,[H][C@@]12CC(=O)O[C@@]([H])(C1)[C@@H](O)[C@H](O2)C1=CC=CC=C1,O=C1C[C@@H]2C[C@H](O1)[C@@H](O)[C@@H](c1ccccc1)O2,-41.0,78.93,78.93,41.0,-96.04291,96.04291,184.89431430000002,184.89431430000002,C1,True,C1,True,-1.0,1.0
11222204,CC(=O)OC[C@H]1O[C@H](C[C@@H]1OC(C)=O)C#C,C#C[C@H]1C[C@H](OC(C)=O)[C@@H](COC(C)=O)O1,58.3,100.33,100.33,58.3,131.89092399999996,131.89092399999996,226.97455239999996,226.97455239999996,C1,True,C1,True,1.0,1.0
11222207,CC(=O)OC[C@H]1O[C@@H](C[C@@H]1OC(C)=O)C#C,C#C[C@@H]1C[C@H](OC(C)=O)[C@@H](COC(C)=O)O1,35.69,-9.18,9.18,35.69,80.74077319999998,80.74077319999998,-20.767730399999994,20.767730399999994,C1,True,C1,True,1.0,-1.0
11224141,[H][C@]12CCC(=O)N1CCC1=CC(OC)=C(OC)C=C21,COc1cc2c(cc1OC)[C@H]1CCC(=O)N1CC2,171.9,358.29,358.29,171.9,425.0983859999999,425.0983859999999,886.0296725999998,886.0296725999998,C1,True,C1,True,1.0,1.0
11227656,COC1=CC=C(C=C1)[C@@H]1CC(=O)C2=C1C=CC=C2,COc1ccc([C@@H]2CC(=O)c3ccccc32)cc1,59.1,146.15,146.15,59.1,140.82702600000002,140.82702600000002,348.25498899999997,348.25498899999997,C1,True,C1,True,1.0,1.0
11227657,ClC1=CC=C(C=C1)[C@@H]1CC(=O)C2=C1C=CC=C2,O=C1C[C@@H](c2ccc(Cl)cc2)c2ccccc21,48.5,193.95,193.95,48.5,117.71192500000001,117.71192500000001,470.7263475,470.7263475,C1,True,C1,True,1.0,1.0
11252472,COC1=CC=C(CO[C@H]2O[C@H](C)C(=O)C=C2)C=C1,COc1ccc(CO[C@@H]2C=CC(=O)[C@@H](C)O2)cc1,-53.0,326.99,326.99,53.0,-131.58734,131.58734,811.8442322,811.8442322,C1,True,C1,True,-1.0,1.0
11252473,COC1=CC=C(CO[C@H]2O[C@H](C)[C@@H](O)C=C2)C=C1,COc1ccc(CO[C@@H]2C=C[C@H](O)[C@@H](C)O2)cc1,21.4,268.13,268.13,21.4,53.562915999999994,53.562915999999994,671.1133022,671.1133022,C1,True,C1,True,1.0,1.0
11276464,[H][C@]12CCC(C)=C(C1)CCCC2=O,CC1=C2CCCC(=O)[C@@H](CC1)C2,24.1,12.76,12.76,24.1,39.58376799999999,39.58376799999999,20.958044799999993,20.958044799999993,C1,True,C1,True,1.0,1.0
11287951,CC[C@@H]([C@@H](O)C1=CC=CC=C1)N(=O)=O,CC[C@@H]([C@@H](O)c1ccccc1)[N+](=O)[O-],36.8,-27.08,27.08,36.8,71.84022399999999,71.84022399999999,-52.86503439999999,52.86503439999999,C1,True,C1,True,1.0,-1.0
11287958,C[C@@H]([C@@H](O)C1=CC=C(Cl)C=C1)N(=O)=O,C[C@@H]([C@@H](O)c1ccc(Cl)cc1)[N+](=O)[O-],33.1,-51.18,51.18,33.1,71.375516,71.375516,-110.36250480000001,110.36250480000001,C1,True,C1,True,1.0,-1.0
11298638,CCOC(=O)\C=C\[C@H](C)[C@H](CC)OC,CCOC(=O)/C=C/[C@H](C)[C@H](CC)OC,-30.75,-48.42,48.42,30.75,-61.58548499999999,61.58548499999999,-96.97460759999998,96.97460759999998,C1,True,C1,True,-1.0,-1.0
11591710,CCOC(=O)[C@@H](C)OC1=CC=C(Cl)C(C)=C1,CCOC(=O)[C@@H](C)Oc1ccc(Cl)c(C)c1,27.65,135.71,135.71,27.65,67.107103,67.107103,329.3708842,329.3708842,C1,True,C1,True,1.0,1.0
11757382,OCCOC(=O)[C@H]1[C@@H]2C[C@H](F)C(=O)[C@H]12,O=C(OCCO)[C@H]1[C@@H]2C[C@H](F)C(=O)[C@@H]21,-9.98,-31.96,31.96,9.98,-20.177663799999994,20.177663799999994,-64.61704759999999,64.61704759999999,C1,True,C1,True,-1.0,-1.0
11885307,OC[C@@H]1CSC2=CC=CC=C2O1,OC[C@@H]1CSc2ccccc2O1,38.1,-18.2,18.2,38.1,69.434964,69.434964,-33.168408,33.168408,C1,True,C1,True,1.0,-1.0
12372530,[H][C@@]12CCCC[C@@]([H])(C=C1)N(O2)C1=CC=CC(C)=N1,Cc1cccc(N2O[C@H]3C=C[C@@H]2CCCC3)n1,-77.0,38.19,38.19,77.0,-177.33947,177.33947,87.95577089999999,87.95577089999999,C1,True,C1,True,-1.0,1.0
13167772,O[C@@H]1COC[C@H]1Br,O[C@@H]1COC[C@H]1Br,-27.6,-98.91,98.91,27.6,-46.092552000000005,46.092552000000005,-165.1816782,165.1816782,C1,True,C1,True,-1.0,-1.0
13435889,O=C1NN[C@H]([C@@H]1C1=CC=CC=C1)C1=CC=CC=C1,O=C1NN[C@@H](c2ccccc2)[C@@H]1c1ccccc1,106.7,173.12,173.12,106.7,254.25543000000002,254.25543000000002,412.52764800000006,412.52764800000006,C1,True,C1,True,1.0,1.0
13501777,C[C@@H](O)C1=CC(F)=C(F)C=C1,C[C@@H](O)c1ccc(F)c(F)c1,27.4,56.32,56.32,27.4,43.332277999999995,43.332277999999995,89.06839039999998,89.06839039999998,C1,True,C1,True,1.0,1.0
13768931,COC1=CC=C(C=C1)N1C[C@@](C)(CO)OC1=O,COc1ccc(N2C[C@@](C)(CO)OC2=O)cc1,11.3,8.51,8.51,11.3,26.809815000000004,26.809815000000004,20.1904005,20.1904005,C1,True,C1,True,1.0,1.0
14318500,CC(C)[C@@H](N)C(=O)NCCC1=CC=CC=C1,CC(C)[C@@H](N)C(=O)NCCc1ccccc1,32.9,81.9,81.9,32.9,72.483964,72.483964,180.438804,180.438804,C1,True,C1,True,1.0,1.0
14318522,CC(C)[C@@H](N)C(=O)NC1=CC=CC=C1,CC(C)[C@@H](N)C(=O)Nc1ccccc1,82.5,21.74,21.74,82.5,158.61615,158.61615,41.797758800000004,41.797758800000004,C1,True,C1,True,1.0,1.0
14613045,ClC1=CC2=C(C=C1)[C@@H](CC2=O)C1=CC=CC=C1,O=C1C[C@@H](c2ccccc2)c2ccc(Cl)cc21,55.6,225.63,225.63,55.6,134.94397999999998,134.94397999999998,547.6152914999999,547.6152914999999,C1,True,C1,True,1.0,1.0
15036307,OCCC[C@@H](O)C1=CC=C(F)C=C1,OCCC[C@@H](O)c1ccc(F)cc1,44.1,111.94,111.94,44.1,81.23660999999998,81.23660999999998,206.20467399999998,206.20467399999998,C1,True,C1,True,1.0,1.0
15561734,CN1CCC[C@H]1C1=CN=C2OC3=C(C=CC=C3)C2=C1,CN1CCC[C@H]1c1cnc2oc3ccccc3c2c1,-131.0,-171.65,171.65,131.0,-330.53527,330.53527,-433.10213050000004,433.10213050000004,C1,True,C1,True,-1.0,-1.0
15630896,C[C@@H](N)C1=CC=C(Br)C=N1,C[C@@H](N)c1ccc(Br)cn1,13.7,8.87,8.87,13.7,27.546179,27.546179,17.834642899999995,17.834642899999995,C1,True,C1,True,1.0,1.0
15744384,O[C@@H](CN(=O)=O)C1=COC=C1,O=[N+]([O-])C[C@H](O)c1ccoc1,-18.2,63.96,63.96,18.2,-28.596749999999993,28.596749999999993,100.49714999999998,100.49714999999998,C1,True,C1,True,-1.0,1.0
15744901,[H][C@]12COC(=O)N1[C@H](CO)C=C2,O=C1OC[C@@H]2C=C[C@@H](CO)N12,-169.0,-94.88,94.88,169.0,-262.20857,262.20857,-147.2091664,147.2091664,C1,True,C1,True,-1.0,-1.0
15746539,C[C@]12CCCC(=O)N1CCC1=C2NC2=CC=CC=C12,C[C@]12CCCC(=O)N1CCc1c2[nH]c2ccccc12,157.7,260.93,260.93,157.7,401.083141,401.083141,663.6310969000001,663.6310969000001,C1,True,C1,True,1.0,1.0
15753297,CC[C@H](CC=O)N1C(=O)CCC1=O,CC[C@H](CC=O)N1C(=O)CCC1=O,17.5,-48.95,48.95,17.5,32.06122499999999,32.06122499999999,-89.67982649999998,89.67982649999998,C1,True,C1,True,1.0,-1.0
15753301,CCC[C@H](CC=O)N1C(=O)CCC1=O,CCC[C@H](CC=O)N1C(=O)CCC1=O,17.5,153.3,153.3,17.5,34.51595,34.51595,302.359722,302.359722,C1,True,C1,True,1.0,1.0
15753309,CC\C=C/CC[C@H](CC=O)N1C(=O)CCC1=O,CC/C=C\CC[C@H](CC=O)N1C(=O)CCC1=O,27.3,-26.77,26.77,27.3,64.78262699999999,64.78262699999999,-63.524942299999985,63.524942299999985,C1,True,C1,True,1.0,-1.0
15759719,C=CCCCC#CN1[C@@H](COC1=O)C1=CC=CC=C1,C=CCCCC#CN1C(=O)OC[C@H]1c1ccccc1,-123.0,71.69,71.69,123.0,-314.03991,314.03991,183.03675729999998,183.03675729999998,C1,True,C1,True,-1.0,1.0
15765539,COC1=CC=C(C=C1)[C@@H](O)C1=CC=C(Cl)C=C1,COc1ccc([C@@H](O)c2ccc(Cl)cc2)cc1,-34.09,-359.03,359.03,34.09,-84.7848981,84.7848981,-892.9399226999999,892.9399226999999,C1,True,C1,True,-1.0,-1.0
15802390,O[C@@H](C#N)C1=C(Br)C=CC=C1,N#C[C@H](O)c1ccccc1Br,-4.6,-109.35,109.35,4.6,-9.754115999999998,9.754115999999998,-231.87230099999994,231.87230099999994,C1,True,C1,True,-1.0,-1.0
15806196,CC(C)C[C@@H](CN(=O)=O)NC(=O)OC(C)(C)C,CC(C)C[C@@H](C[N+](=O)[O-])NC(=O)OC(C)(C)C,-40.0,-29.72,29.72,40.0,-98.52279999999999,98.52279999999999,-73.2024404,73.2024404,C1,True,C1,True,-1.0,-1.0
15807826,CCOC(=O)[C@](O)(CN(=O)=O)C(C)C,CCOC(=O)[C@](O)(C[N+](=O)[O-])C(C)C,17.9,-146.95,146.95,17.9,36.732589999999995,36.732589999999995,-301.55609499999997,301.55609499999997,C1,True,C1,True,1.0,-1.0
15807838,CCOC(=O)[C@](O)(CN(=O)=O)C1CCCCC1,CCOC(=O)[C@](O)(C[N+](=O)[O-])C1CCCCC1,17.3,-62.57,62.57,17.3,42.432574999999986,42.432574999999986,-153.46856749999995,153.46856749999995,C1,True,C1,True,1.0,-1.0
15820000,[2H]C1=C([2H])C([2H])=C(C([2H])=C1[2H])[S@](=O)C1=CC=CC=C1,[2H]c1c([2H])c([2H])c([S@](=O)c2ccccc2)c([2H])c1[2H],3.5,0.1,0.1,3.5,7.25579781115,7.25579781115,0.20730850889,0.20730850889,Cs,False,Cs,False,1.0,1.0
15820192,[H][C@]1(CCCCC1=O)[C@@H](CN(=O)=O)C1=COC=C1,O=C1CCCC[C@H]1[C@@H](C[N+](=O)[O-])c1ccoc1,-15.2,87.65,87.65,15.2,-36.06276,36.06276,207.95400750000002,207.95400750000002,C1,True,C1,True,-1.0,1.0
15821103,OCC[C@H](CN(=O)=O)C1=CC=CC=C1,O=[N+]([O-])C[C@@H](CCO)c1ccccc1,-13.8,-42.72,42.72,13.8,-26.940084000000002,26.940084000000002,-83.39712960000001,83.39712960000001,C1,True,C1,True,-1.0,-1.0
15822294,CC(C)[C@@H](CN(=O)=O)C1=CC=CN1,CC(C)[C@@H](C[N+](=O)[O-])c1ccc[nH]1,10.6,19.31,19.31,10.6,19.315638000000003,19.315638000000003,35.1872613,35.1872613,C1,True,C1,True,1.0,1.0
15822306,COC1=CC=C(C=C1)[C@@H](CN(=O)=O)C1=CC=CN1,COc1ccc([C@@H](C[N+](=O)[O-])c2ccc[nH]2)cc1,-54.0,-306.17,306.17,54.0,-132.98364,132.98364,-753.9926122000002,753.9926122000002,C1,True,C1,True,-1.0,-1.0
15876462,CCCCC1=N[C@H](CO1)C(C)C,CCCCC1=N[C@@H](C(C)C)CO1,-64.9,-52.48,52.48,64.9,-109.85493199999999,109.85493199999999,-88.83184639999998,88.83184639999998,C1,True,C1,True,-1.0,-1.0
15876463,CC(C)[C@H]1COC(CCCO)=N1,CC(C)[C@H]1COC(CCCO)=N1,-49.5,-144.06,144.06,49.5,-84.7638,84.7638,-246.68834400000003,246.68834400000003,C1,True,C1,True,-1.0,-1.0
15876466,CC(C)[C@H]1COC(CCCCO)=N1,CC(C)[C@H]1COC(CCCCO)=N1,-43.3,44.55,44.55,43.3,-80.22061099999999,80.22061099999999,82.53644849999999,82.53644849999999,C1,True,C1,True,-1.0,1.0
15876467,CC(C)[C@H]1COC(CCCCCO)=N1,CC(C)[C@H]1COC(CCCCCO)=N1,-46.0,-199.48,199.48,46.0,-91.67523999999999,91.67523999999999,-397.55167119999993,397.55167119999993,C1,True,C1,True,-1.0,-1.0
15876471,CC(C)(C)[C@H]1COC(=N1)C1=CC(=CC=C1)C#N,CC(C)(C)[C@H]1COC(c2cccc(C#N)c2)=N1,-59.5,10.83,10.83,59.5,-135.83552500000002,135.83552500000002,24.7243485,24.7243485,C1,True,C1,True,-1.0,1.0
18173347,[H][C@@](C)(N1CCOCC1)[C@@]([H])(O)C1=CC=CC=C1,C[C@@H]([C@@H](O)c1ccccc1)N1CCOCC1,55.1,79.73,79.73,55.1,121.93629999999996,121.93629999999996,176.44248999999996,176.44248999999996,C1,True,C1,True,1.0,1.0
18394954,[H][C@@]1(COC(C)(C)O1)[C@@H](O)[C@](C)(F)C(=O)OCC,CCOC(=O)[C@@](C)(F)[C@H](O)[C@H]1COC(C)(C)O1,11.0,44.69,44.69,11.0,27.52926,27.52926,111.8438754,111.8438754,C1,True,C1,True,1.0,1.0
18394956,[H][C@@]1(COC(C)(C)O1)[C@@H](O)[C@@](C)(F)C(=O)OCC,CCOC(=O)[C@](C)(F)[C@H](O)[C@H]1COC(C)(C)O1,16.7,-36.85,36.85,16.7,41.794422,41.794422,-92.223021,92.223021,C1,True,C1,True,1.0,-1.0
18481284,[H][C@@]12CS[C@H](OC(C)=O)[C@]1([H])OC(C)(C)O2,CC(=O)O[C@H]1SC[C@H]2OC(C)(C)O[C@H]21,-258.15,-151.88,151.88,258.15,-563.4743309999999,563.4743309999999,-331.51455119999997,331.51455119999997,C1,True,C1,True,-1.0,-1.0
18552076,CON(C)C(=O)[C@@H](C)CC=C,C=CC[C@H](C)C(=O)N(C)OC,27.3,210.74,210.74,27.3,42.919149,42.919149,331.3106762,331.3106762,C1,True,C1,True,1.0,1.0
18565400,C[C@@H]1CC2=C(N[C@@H]1C1=CC=CC=C1)C=CC=C2,C[C@@H]1Cc2ccccc2N[C@@H]1c1ccccc1,17.8,-253.03,253.03,17.8,39.750782,39.750782,-565.0640657,565.0640657,C1,True,C1,True,1.0,-1.0
18578153,CC1=CC=CC=C1[C@H](O)C1=CN=CC=C1,Cc1ccccc1[C@H](O)c1cccnc1,24.46,419.69,419.69,24.46,48.73728380000001,48.73728380000001,836.2449157,836.2449157,C1,True,C1,True,1.0,1.0
18578155,CC1=CC=C(C=C1)[C@H](O)C1=CN=CC=C1,Cc1ccc([C@H](O)c2cccnc2)cc1,13.33,389.98,389.98,13.33,26.5604249,26.5604249,777.0468494,777.0468494,C1,True,C1,True,1.0,1.0
18628308,COC1=CC=C(C=C1)[C@H](O)[C@@H](C)N(=O)=O,COc1ccc([C@H](O)[C@@H](C)[N+](=O)[O-])cc1,-3.6,23.61,23.61,3.6,-7.603812,7.603812,49.868333699999994,49.868333699999994,C1,True,C1,True,-1.0,1.0
18822222,CC(C)(C)[S@](=O)N=CC1=CC=CC=C1,CC(C)(C)[S@](=O)N=Cc1ccccc1,92.53,-263.53,263.53,92.53,193.6782442,193.6782442,-551.6051842,551.6051842,C1,True,C1,True,1.0,-1.0
18824767,CCOC(=O)[C@](O)(CN(=O)=O)C1=CC=CS1,CCOC(=O)[C@](O)(C[N+](=O)[O-])c1cccs1,-17.0,-184.47,184.47,17.0,-41.69352,41.69352,-452.42374320000005,452.42374320000005,C1,True,C1,True,-1.0,-1.0
18824769,CCOC(=O)[C@](O)(CN(=O)=O)C1=CC=C(C)C=C1,CCOC(=O)[C@](O)(C[N+](=O)[O-])c1ccc(C)cc1,-16.6,23.55,23.55,16.6,-42.040164000000004,42.040164000000004,59.641317,59.641317,C1,True,C1,True,-1.0,1.0
18828264,C[C@H](O)CCCC1(CCCC=C)OCCO1,C=CCCCC1(CCC[C@H](C)O)OCCO1,6.7,110.27,110.27,6.7,15.298243999999997,15.298243999999997,251.78169639999996,251.78169639999996,C1,True,C1,True,1.0,1.0
18839510,[H][C@@]12C[C@H](CC[C@]1(C=O)C=CC(=O)C2)C(C)=C,C=C(C)[C@H]1CC[C@]2(C=O)C=CC(=O)C[C@@H]2C1,147.1,403.34,403.34,147.1,321.1134159999999,321.1134159999999,880.4750863999999,880.4750863999999,C1,True,C1,True,1.0,1.0
18839511,[H][C@@]12C[C@H](CC[C@]1(C=C)C=CC(=O)C2)C(C)=C,C=C[C@@]12C=CC(=O)C[C@@H]1C[C@@H](C(=C)C)CC2,91.2,107.48,107.48,91.2,197.28748799999994,197.28748799999994,232.50503519999995,232.50503519999995,C1,True,C1,True,1.0,1.0
18843636,COC(=O)[C@H](CCSC)N=CC(F)(F)F,COC(=O)[C@H](CCSC)N=CC(F)(F)F,-73.3,-34.67,34.67,73.3,-178.30225,178.30225,-84.334775,84.334775,C1,True,C1,True,-1.0,-1.0
18843703,COC(=O)[C@H]1NC(=O)C[C@@H]1C1=CC=C(Cl)C=C1,COC(=O)[C@H]1NC(=O)C[C@@H]1c1ccc(Cl)cc1,61.8,-107.13,107.13,61.8,156.77733,156.77733,-271.7727405,271.7727405,C1,True,C1,True,1.0,-1.0
18843765,C[C@@H]1CCCCC[C@@H](O)C(=O)\C=C\C(=O)O1,C[C@@H]1CCCCC[C@@H](O)C(=O)/C=C/C(=O)O1,-23.0,-48.17,48.17,23.0,-52.042559999999995,52.042559999999995,-108.9952224,108.9952224,C1,True,C1,True,-1.0,-1.0
18844935,[H][C@]12CC[C@@]3(C=CC(=O)C[C@]3([H])C1)[C@@H](O)[C@@]2(C)O,C[C@]1(O)[C@H]2CC[C@@]3(C=CC(=O)C[C@@H]3C2)[C@H]1O,40.4,94.41,94.41,40.4,89.80273599999998,89.80273599999998,209.8583244,209.8583244,C1,True,C1,True,1.0,1.0
18844936,[H][C@]12CC[C@@]3(C=CC(=O)C[C@]3([H])C1)[C@@H](OC(C)=O)C2=C,C=C1[C@H]2CC[C@@]3(C=CC(=O)C[C@@H]3C2)[C@H]1OC(C)=O,96.2,79.43,79.43,96.2,236.94637199999997,236.94637199999997,195.6408558,195.6408558,C1,True,C1,True,1.0,1.0
18848468,CC[C@H]([C@@H](CN(=O)=O)C1=CC=C(C)C=C1)N(=O)=O,CC[C@H]([C@@H](C[N+](=O)[O-])c1ccc(C)cc1)[N+](=O)[O-],14.35,-9.94,9.94,14.35,36.200745000000005,36.200745000000005,-25.075637999999998,25.075637999999998,C1,True,C1,True,1.0,-1.0
18853525,[H][C@]12CC[C@](C)(C1(C)C)[C@@](CC=C)(C2)OCC#C,C#CCO[C@]1(CC=C)C[C@H]2CC[C@]1(C)C2(C)C,3.6,-71.0,71.0,3.6,8.365212,8.365212,-164.98056999999997,164.98056999999997,C1,True,C1,True,1.0,-1.0
18884863,COC(=O)[C@]1(C)C[C@H]1C=O,COC(=O)[C@]1(C)C[C@H]1C=O,-109.7,-487.04,487.04,109.7,-155.942938,155.942938,-692.3468416000001,692.3468416000001,C1,True,C1,True,-1.0,-1.0
18884872,C[C@]1(C[C@H]1C=O)C1=CC=C(Cl)C=C1,C[C@@]1(c2ccc(Cl)cc2)C[C@H]1C=O,-137.8,36.71,36.71,137.8,-268.242858,268.242858,71.46005310000001,71.46005310000001,C1,True,C1,True,-1.0,1.0
18884876,C[C@]1(C[C@H]1C=O)C1=CC=C(F)C=C1,C[C@@]1(c2ccc(F)cc2)C[C@H]1C=O,-138.7,62.34,62.34,138.7,-247.17172199999996,247.17172199999996,111.0936204,111.0936204,C1,True,C1,True,-1.0,1.0
18884880,CC1=CC=C(C=C1)[C@]1(C)C[C@H]1C=O,Cc1ccc([C@]2(C)C[C@H]2C=O)cc1,-137.8,55.96,55.96,137.8,-240.10685400000006,240.10685400000006,97.50638280000001,97.50638280000001,C1,True,C1,True,-1.0,1.0
18884886,CC(C)(OCC1=CC=CC=C1)[C@]1(C)C[C@H]1C=O,CC(C)(OCc1ccccc1)[C@]1(C)C[C@H]1C=O,-24.6,-107.25,107.25,24.6,-57.151458000000005,57.151458000000005,-249.1664175,249.1664175,C1,True,C1,True,-1.0,-1.0
18884889,CC(C)(OCC1=CC=CC=C1)[C@]1(C)C[C@H]1CO,CC(C)(OCc1ccccc1)[C@]1(C)C[C@H]1CO,-9.2,-59.9,59.9,9.2,-21.559187999999995,21.559187999999995,-140.369061,140.369061,C1,True,C1,True,-1.0,-1.0
18888189,CCC[C@H]1CC(C)=CC(=O)C1,CCC[C@@H]1CC(=O)C=C(C)C1,24.6,76.77,76.77,24.6,37.45030199999999,37.45030199999999,116.87234489999997,116.87234489999997,C1,True,C1,True,1.0,1.0
18907139,CCC[C@H](CN(=O)=O)C1=CNC2=CC=CC=C12,CCC[C@H](C[N+](=O)[O-])c1c[nH]c2ccccc12,-36.7,-127.22,127.22,36.7,-85.24786100000003,85.24786100000003,-295.51043260000006,295.51043260000006,C1,True,C1,True,-1.0,-1.0
18911902,COC1=CC=C(C=N[S@@](=O)C(C)(C)C)C=C1,COc1ccc(C=N[S@@](=O)C(C)(C)C)cc1,45.4,-537.03,537.03,45.4,108.66035999999998,108.66035999999998,-1285.3276019999998,1285.3276019999998,C1,True,C1,True,1.0,-1.0
18995442,C[C@H](OC(C)=O)C=CC(O)=O,CC(=O)O[C@@H](C)C=CC(=O)O,18.1,55.06,55.06,18.1,28.625693000000002,28.625693000000002,87.0790418,87.0790418,C1,True,C1,True,1.0,1.0
19002024,O[C@@H](CN(=O)=O)C1=CC=C(Br)C=C1,O=[N+]([O-])C[C@H](O)c1ccc(Br)cc1,-34.95,47.02,47.02,34.95,-85.99797000000001,85.99797000000001,115.697412,115.697412,C1,True,C1,True,-1.0,1.0
19005659,C[C@@H](CO)CC1=CC=CN1C,C[C@@H](CO)Cc1cccn1C,38.7,-195.82,195.82,38.7,59.29807499999999,59.29807499999999,-300.0451949999999,300.0451949999999,C1,True,C1,True,1.0,-1.0
19005664,C[C@H](CC1=CC=CN1)C(=O)N1OCCC1=O,C[C@H](Cc1ccc[nH]1)C(=O)N1OCCC1=O,-6.8,-160.09,160.09,6.8,-15.112591999999996,15.112591999999996,-355.79041959999995,355.79041959999995,C1,True,C1,True,-1.0,-1.0
19005667,C[C@H](CC1=CC=CN1C)C(=O)N1OCCC1=O,C[C@H](Cc1cccn1C)C(=O)N1OCCC1=O,-5.8,83.21,83.21,5.8,-13.703717999999995,13.703717999999995,196.6010990999999,196.6010990999999,C1,True,C1,True,-1.0,1.0
19005668,C[C@H](CC1=CC=CN1C)C(=O)N1CCOC1=O,C[C@H](Cc1cccn1C)C(=O)N1CCOC1=O,-21.1,-25.85,25.85,21.1,-49.853180999999985,49.853180999999985,-61.076053499999986,61.076053499999986,C1,True,C1,True,-1.0,-1.0
19005671,C[C@H](CC1=CC=CN1C)C(=O)NC(=O)C(C)(C)C,C[C@H](Cc1cccn1C)C(=O)NC(=O)C(C)(C)C,-4.9,-91.58,91.58,4.9,-12.266758,12.266758,-229.26320359999994,229.26320359999994,C1,True,C1,True,-1.0,-1.0
19005672,CCN1C=CC=C1C[C@@H](C)C(=O)N1OCCC1=O,CCn1cccc1C[C@@H](C)C(=O)N1OCCC1=O,-92.5,-126.4,126.4,92.5,-231.52564999999996,231.52564999999996,-316.376672,316.376672,C1,True,C1,True,-1.0,-1.0
19005673,CC[C@H](CC1=CC=CN1C)C(=O)N1OCCC1=O,CC[C@H](Cc1cccn1C)C(=O)N1OCCC1=O,-23.2,86.49,86.49,23.2,-58.069135999999986,58.069135999999986,216.48274019999994,216.48274019999994,C1,True,C1,True,-1.0,1.0
19005677,CCC1=CC=C(C[C@@H](C)C(=O)N2OCCC2=O)N1,CCc1ccc(C[C@@H](C)C(=O)N2OCCC2=O)[nH]1,-346.3,177.08,177.08,346.3,-866.7819739999999,866.7819739999999,443.22769839999995,443.22769839999995,C1,True,C1,True,-1.0,1.0
19008871,O[C@H](CN(=O)=O)C1=CSC=C1,O=[N+]([O-])C[C@@H](O)c1ccsc1,50.0,-75.57,75.57,50.0,86.59649999999999,86.59649999999999,-130.88195009999998,130.88195009999998,C1,True,C1,True,1.0,-1.0
19008872,COC1=CC=C(C=C1)[C@H](O)[C@H](C)N(=O)=O,COc1ccc([C@H](O)[C@H](C)[N+](=O)[O-])cc1,38.2,-32.82,32.82,38.2,80.684894,80.684894,-69.3214194,69.3214194,C1,True,C1,True,1.0,-1.0
19008874,COC1=C(C=CC=C1)[C@H](O)[C@H](C)N(=O)=O,COc1ccccc1[C@H](O)[C@H](C)[N+](=O)[O-],37.8,-13.4,13.4,37.8,79.840026,79.840026,-28.303078,28.303078,C1,True,C1,True,1.0,-1.0
19008875,CC[C@@H]([C@@H](O)C1=C(C)C=CC=C1)N(=O)=O,CC[C@@H]([C@@H](O)c1ccccc1C)[N+](=O)[O-],34.1,37.89,37.89,34.1,71.35254499999999,71.35254499999999,79.28293049999999,79.28293049999999,C1,True,C1,True,1.0,1.0
19008876,CC[C@H]([C@@H](O)C1=C(C)C=CC=C1)N(=O)=O,CC[C@H]([C@@H](O)c1ccccc1C)[N+](=O)[O-],0.2,71.9,71.9,0.2,0.41849,0.41849,150.447155,150.447155,C1,True,C1,True,1.0,1.0
19008879,CC[C@@H]([C@@H](O)C1=CC=C(Cl)C=C1)N(=O)=O,CC[C@@H]([C@@H](O)c1ccc(Cl)cc1)[N+](=O)[O-],66.5,-20.98,20.98,66.5,152.72589499999998,152.72589499999998,-48.1832974,48.1832974,C1,True,C1,True,1.0,-1.0
19008880,CC[C@H]([C@@H](O)C1=CC=C(Cl)C=C1)N(=O)=O,CC[C@H]([C@@H](O)c1ccc(Cl)cc1)[N+](=O)[O-],-9.2,3.77,3.77,9.2,-21.128995999999997,21.128995999999997,8.658295099999998,8.658295099999998,C1,True,C1,True,-1.0,1.0
19008883,C[C@@H]([C@@H](O)C1=CC=C(C=C1)N(=O)=O)N(=O)=O,C[C@@H]([C@@H](O)c1ccc([N+](=O)[O-])cc1)[N+](=O)[O-],19.6,47.17,47.17,19.6,44.332848000000006,44.332848000000006,106.6928796,106.6928796,C1,True,C1,True,1.0,1.0
19008884,C[C@H]([C@@H](O)C1=CC=C(C=C1)N(=O)=O)N(=O)=O,C[C@H]([C@@H](O)c1ccc([N+](=O)[O-])cc1)[N+](=O)[O-],-0.37,14.76,14.76,0.37,-0.8368956,0.8368956,33.385348799999996,33.385348799999996,C1,True,C1,True,-1.0,1.0
19008886,CC[C@H]([C@@H](O)CCC1=CC=CC=C1)N(=O)=O,CC[C@H]([C@@H](O)CCc1ccccc1)[N+](=O)[O-],-17.4,27.76,27.76,17.4,-38.849328,38.849328,61.980307200000006,61.980307200000006,C1,True,C1,True,-1.0,1.0
19008887,CC[C@@H]([C@@H](O)C1=CC=C(OC)C=C1)N(=O)=O,CC[C@@H]([C@@H](O)c1ccc(OC)cc1)[N+](=O)[O-],45.8,17.49,17.49,45.8,103.16175199999998,103.16175199999998,39.395175599999995,39.395175599999995,C1,True,C1,True,1.0,1.0
19008888,CC[C@H]([C@@H](O)C1=CC=C(OC)C=C1)N(=O)=O,CC[C@H]([C@@H](O)c1ccc(OC)cc1)[N+](=O)[O-],-10.5,45.91,45.91,10.5,-23.65062,23.65062,103.40952039999998,103.40952039999998,C1,True,C1,True,-1.0,1.0
19008890,CC[C@@H]([C@@H](O)C1=C(OC)C=CC=C1)N(=O)=O,CC[C@@H]([C@@H](O)c1ccccc1OC)[N+](=O)[O-],24.0,43.69,43.69,24.0,54.05856,54.05856,98.40910359999998,98.40910359999998,C1,True,C1,True,1.0,1.0
19008891,CC[C@H]([C@@H](O)C1=C(OC)C=CC=C1)N(=O)=O,CC[C@H]([C@@H](O)c1ccccc1OC)[N+](=O)[O-],-17.6,130.05,130.05,17.6,-39.642944,39.642944,292.929822,292.929822,C1,True,C1,True,-1.0,1.0
19008892,CC[C@@H]([C@@H](O)C1=CC=C(C=C1)N(=O)=O)N(=O)=O,CC[C@@H]([C@@H](O)c1ccc([N+](=O)[O-])cc1)[N+](=O)[O-],40.9,112.19,112.19,40.9,98.24793499999998,98.24793499999998,269.4972085,269.4972085,C1,True,C1,True,1.0,1.0
19008893,CC[C@H]([C@@H](O)C1=CC=C(C=C1)N(=O)=O)N(=O)=O,CC[C@H]([C@@H](O)c1ccc([N+](=O)[O-])cc1)[N+](=O)[O-],-19.9,70.92,70.92,19.9,-47.80278499999999,47.80278499999999,170.360478,170.360478,C1,True,C1,True,-1.0,1.0
19008899,CCCCCCCCC[C@H](O)CN(=O)=O,CCCCCCCCC[C@H](O)C[N+](=O)[O-],4.9,-64.05,64.05,4.9,10.648141,10.648141,-139.18641449999998,139.18641449999998,C1,True,C1,True,1.0,-1.0
19028546,[H][C@]12CC(C[C@]([H])(C=C1)C(=O)C=C2)=CC#N,N#CC=C1C[C@@H]2C=CC(=O)[C@@H](C=C2)C1,-100.1,57.37,57.37,100.1,-185.41122599999994,185.41122599999994,106.26415619999997,106.26415619999997,C1,True,C1,True,-1.0,1.0
19029946,CC1=CC(=CC=C1)[C@]1(C)CCCC(=O)C1,Cc1cccc([C@]2(C)CCCC(=O)C2)c1,-59.8,79.72,79.72,59.8,-120.97360599999998,120.97360599999998,161.27116839999997,161.27116839999997,C1,True,C1,True,-1.0,1.0
19029947,CC1=CC=C(C=C1)[C@]1(C)CCCC(=O)C1,Cc1ccc([C@]2(C)CCCC(=O)C2)cc1,-60.9,62.96,62.96,60.9,-123.198873,123.198873,127.36619119999999,127.36619119999999,C1,True,C1,True,-1.0,1.0
19033525,[H][C@]12C[C@@H](C)OC(=O)[C@@]1([H])[C@@H](O)[C@H](O)[C@H](O2)\C=C\C,C/C=C/[C@H]1O[C@H]2C[C@@H](C)OC(=O)[C@H]2[C@@H](O)[C@@H]1O,-27.6,-65.97,65.97,27.6,-66.86679600000001,66.86679600000001,-159.8261787,159.8261787,C1,True,C1,True,-1.0,-1.0
19036585,[H][C@]12[C@H](O)[C@@H](O)CN1[C@@H](CO)CC[C@H]2O,OC[C@H]1CC[C@@H](O)[C@H]2[C@H](O)[C@@H](O)CN12,0.82,13.47,13.47,0.82,1.6665516,1.6665516,27.376158600000004,27.376158600000004,C1,True,C1,True,1.0,1.0
19038222,[H][C@]1(COC(C)(C)O1)[C@@H](O)\C=C/C=C,C=C/C=C\[C@H](O)[C@@H]1COC(C)(C)O1,-17.0,18.79,18.79,17.0,-31.319949999999995,31.319949999999995,34.61775649999999,34.61775649999999,C1,True,C1,True,-1.0,1.0
19091405,CC[C@]1(CCOC1=O)C1=CC=CC=C1,CC[C@@]1(c2ccccc2)CCOC1=O,-51.6,-72.13,72.13,51.6,-98.16487199999996,98.16487199999996,-137.22155459999993,137.22155459999993,C1,True,C1,True,-1.0,-1.0
19092100,O[C@H](C1=CC=CN=C1)C1=C(Cl)C=CC=C1,O[C@H](c1cccnc1)c1ccccc1Cl,3.84,-162.08,162.08,3.84,8.4353664,8.4353664,-356.04275680000006,356.04275680000006,C1,True,C1,True,1.0,-1.0
19099727,C[C@H](OCC=C)[C@@H](O)CC=C,C=CCO[C@@H](C)[C@@H](O)CC=C,35.8,-165.15,165.15,35.8,55.92854999999999,55.92854999999999,-258.0055875,258.0055875,C1,True,C1,True,1.0,-1.0
19099735,C[C@@H]1OC=CCC[C@@H]1O[Si](C)(C)C(C)(C)C,C[C@@H]1OC=CCC[C@@H]1O[Si](C)(C)C(C)(C)C,-53.9,-38.68,38.68,53.9,-130.672465,130.672465,-93.77385799999998,93.77385799999998,C1,True,C1,True,-1.0,-1.0
19107469,CC[C@H]1OC(=O)[C@@H](N)[C@H]1OC,CC[C@H]1OC(=O)[C@@H](N)[C@H]1OC,4.0,-170.54,170.54,4.0,6.367399999999999,6.367399999999999,-271.47409899999997,271.47409899999997,C1,True,C1,True,1.0,-1.0
19149500,CC[C@@H](C)OSSO[C@H](C)CC,CC[C@@H](C)OSSO[C@H](C)CC,9.65,-766.05,766.05,9.65,20.300126,20.300126,-1611.4934219999998,1611.4934219999998,C1,True,C1,True,1.0,-1.0
19158175,CCCCCC[C@H](C)C[C@H](C)CO,CCCCCC[C@H](C)C[C@H](C)CO,-1.9,-3.84,3.84,1.9,-3.5404409999999995,3.5404409999999995,-7.1554176,7.1554176,C1,True,C1,True,-1.0,-1.0
19158176,CCCCCC[C@H](C)[C@@H](O)[C@@H](C)C=C,C=C[C@H](C)[C@H](O)[C@@H](C)CCCCCC,1.1,-112.36,112.36,1.1,2.181849999999999,2.181849999999999,-222.8660599999999,222.8660599999999,C1,True,C1,True,1.0,-1.0
19158180,CCCCCC[C@H](C)C[C@H](C)[C@@H](O)[C@@H](C)C=C,C=C[C@H](C)[C@H](O)[C@@H](C)C[C@@H](C)CCCCCC,2.0,21.06,21.06,2.0,4.808619999999998,4.808619999999998,50.63476859999998,50.63476859999998,C1,True,C1,True,1.0,1.0
19173510,C[C@H](NC=O)C12OCC(C)(CO1)CO2,C[C@H](NC=O)C12OCC(C)(CO1)CO2,-54.3,-122.37,122.37,54.3,-109.26354599999996,109.26354599999996,-246.23536139999996,246.23536139999996,C1,True,C1,True,-1.0,-1.0
19176171,C[C@](O)(C[C@@H]1OC(=O)C=C1)C#C,C#C[C@@](C)(O)C[C@H]1C=CC(=O)O1,9.6,116.36,116.36,9.6,15.952895999999996,15.952895999999996,193.36239359999996,193.36239359999996,C1,True,C1,True,1.0,1.0
19176173,[H][C@@]12C(=C)[C@@]3([H])[C@]1([H])[C@]([H])(C[C@]3(C)O)OC2=O,C=C1[C@H]2C(=O)O[C@H]3C[C@](C)(O)[C@@H]1[C@@H]23,-34.4,-50.39,50.39,34.4,-61.989832,61.989832,-90.8042917,90.8042917,C1,True,C1,True,-1.0,-1.0
19176174,C[C@@](C[C@@H]1OC(=O)C=C1)(O[Si](C)(C)C)C#C,C#C[C@](C)(C[C@H]1C=CC(=O)O1)O[Si](C)(C)C,11.9,-6.16,6.16,11.9,28.364720999999996,28.364720999999996,-14.682914399999998,14.682914399999998,C1,True,C1,True,1.0,-1.0
19176175,C[C@@](C[C@@H]1OC(=O)C=C1)(O[Si](C)(C)C)C=C=C,C=C=C[C@](C)(C[C@H]1C=CC(=O)O1)O[Si](C)(C)C,46.2,75.52,75.52,46.2,116.60233199999999,116.60233199999999,190.60190719999994,190.60190719999994,C1,True,C1,True,1.0,1.0
19176176,C[C@]1(C[C@@H](CO)O[C@H](O1)C1=CC=CC=C1)C#C,C#C[C@]1(C)C[C@@H](CO)O[C@@H](c2ccccc2)O1,22.2,-28.94,28.94,22.2,51.565937999999996,51.565937999999996,-67.2215426,67.2215426,C1,True,C1,True,1.0,-1.0
19176177,[H][C@@]12C(=C)[C@@]3([H])[C@]1([H])[C@]([H])(C[C@]3(C)O[Si](C)(C)C)OC2=O,C=C1[C@H]2C(=O)O[C@H]3C[C@](C)(O[Si](C)(C)C)[C@@H]1[C@@H]23,-23.4,-22.32,22.32,23.4,-59.05832399999999,59.05832399999999,-56.332555199999994,56.332555199999994,C1,True,C1,True,-1.0,-1.0
19187883,CCCCC(O)(CCCC)[C@@H]1CCCN1,CCCCC(O)(CCCC)[C@@H]1CCCN1,-31.4,-6.31,6.31,31.4,-66.99660999999998,66.99660999999998,-13.463331499999997,13.463331499999997,C1,True,C1,True,-1.0,-1.0
19192403,CCCCO[C@H]1CO[C@H](CO)[C@@H]1O,CCCCO[C@H]1CO[C@H](CO)[C@@H]1O,-8.74,163.76,163.76,8.74,-16.6268886,16.6268886,311.5353864,311.5353864,C1,True,C1,True,-1.0,1.0
19205227,C[C@H]1[C@H](C2=CC=CC=C2)[C@](CC=C)(C#C)N1C,C#C[C@@]1(CC=C)[C@@H](c2ccccc2)[C@H](C)N1C,-64.0,219.46,219.46,64.0,-144.2144,144.2144,494.52019100000007,494.52019100000007,C1,True,C1,True,-1.0,1.0
19220812,CCCC[C@@H](O)CC[C@H]1CCCC(=O)N1,CCCC[C@@H](O)CC[C@H]1CCCC(=O)N1,2.55,-108.14,108.14,2.55,5.439685499999999,5.439685499999999,-230.68532939999994,230.68532939999994,C1,True,C1,True,1.0,-1.0
19220813,CCCC[C@@H]1CC[C@H](NO1)\C=C\CC(=O)OC,CCCC[C@@H]1CC[C@@H](/C=C/CC(=O)OC)NO1,-16.6,153.45,153.45,16.6,-40.060946,40.060946,370.3224194999999,370.3224194999999,C1,True,C1,True,-1.0,1.0
19225132,C\C=C(/C)[C@H](O)[C@H](C)[C@H](O)C(C)C,C/C=C(\C)[C@H](O)[C@H](C)[C@H](O)C(C)C,7.7,-3.03,3.03,7.7,14.344714999999997,14.344714999999997,-5.644738499999999,5.644738499999999,C1,True,C1,True,1.0,-1.0
19225774,C[C@@H]1CCCCC[C@@H](O)C(=O)\C=C/C(=O)O1,C[C@@H]1CCCCC[C@@H](O)C(=O)/C=C\C(=O)O1,4.0,-103.48,103.48,4.0,9.05088,9.05088,-234.1462656,234.1462656,C1,True,C1,True,1.0,-1.0
19225775,C[C@@H]1CCCCC[C@H](O)C(=O)\C=C/C(=O)O1,C[C@@H]1CCCCC[C@H](O)C(=O)/C=C\C(=O)O1,-57.0,-243.42,243.42,57.0,-128.97503999999998,128.97503999999998,-550.7913024,550.7913024,C1,True,C1,True,-1.0,-1.0
19225776,C[C@@H]1CCCCC[C@H](O)C(=O)\C=C\C(=O)O1,C[C@@H]1CCCCC[C@H](O)C(=O)/C=C/C(=O)O1,-10.0,62.25,62.25,10.0,-22.6272,22.6272,140.85432,140.85432,C1,True,C1,True,-1.0,1.0
19301665,CC(C)[C@H](CCC(O)=O)C1=C(O)C=CC(C)=C1,Cc1ccc(O)c([C@@H](CCC(=O)O)C(C)C)c1,19.7,-25.19,25.19,19.7,46.553267,46.553267,-59.52674089999999,59.52674089999999,C1,True,C1,True,1.0,-1.0
19301900,COC(=O)C#C[C@H](O)C(C)C,COC(=O)C#C[C@H](O)C(C)C,7.2,-45.22,45.22,7.2,11.245031999999998,11.245031999999998,-70.6250482,70.6250482,C1,True,C1,True,1.0,-1.0
19303326,CCOC(=O)C(=[N]#N)[C@@H](O)C1=CC=CO1,CCOC(=O)C(=[N+]=[N-])[C@@H](O)c1ccco1,-25.98,183.31,183.31,25.98,-54.60710220000001,54.60710220000001,385.29745590000005,385.29745590000005,C1,True,C1,True,-1.0,1.0
19303328,CCOC(=O)C(=[N]#N)[C@@H](O)C1=CC(Cl)=CC=C1,CCOC(=O)C(=[N+]=[N-])[C@@H](O)c1cccc(Cl)c1,30.06,-276.61,276.61,30.06,76.55470380000001,76.55470380000001,-704.4509853000002,704.4509853000002,C1,True,C1,True,1.0,-1.0
19303329,CCOC(=O)C(=[N]#N)[C@@H](O)C1=C(Cl)C=CC=C1,CCOC(=O)C(=[N+]=[N-])[C@@H](O)c1ccccc1Cl,92.94,-196.67,196.67,92.94,236.69308620000004,236.69308620000004,-500.8653891,500.8653891,C1,True,C1,True,1.0,-1.0
19303333,CCOC(=O)C(=[N]#N)[C@@H](O)C1=CC=C(Cl)C=C1,CCOC(=O)C(=[N+]=[N-])[C@@H](O)c1ccc(Cl)cc1,18.04,-108.27,108.27,18.04,45.943009200000006,45.943009200000006,-275.73445710000004,275.73445710000004,C1,True,C1,True,1.0,-1.0
19303336,CCOC(=O)C(=[N]#N)[C@@H](O)\C=C\C1=CC=CC=C1,CCOC(=O)C(=[N+]=[N-])[C@@H](O)/C=C/c1ccccc1,-4.1,350.03,350.03,4.1,-10.096906,10.096906,862.0048798,862.0048798,C1,True,C1,True,-1.0,1.0
19303337,CCOC(=O)C(=[N]#N)[C@@H](O)CCC1=CC=CC=C1,CCOC(=O)C(=[N+]=[N-])[C@@H](O)CCc1ccccc1,-4.1,-29.73,29.73,4.1,-10.179561999999999,10.179561999999999,-73.81423860000001,73.81423860000001,C1,True,C1,True,-1.0,-1.0
19303793,CC(C)(C)C1=CC=C(C=C1)[C@H]1O[C@@H]1C1=CC=CC=C1,CC(C)(C)c1ccc([C@H]2O[C@@H]2c2ccccc2)cc1,134.0,118.57,118.57,134.0,338.15838,338.15838,299.2196949,299.2196949,C1,True,C1,True,1.0,1.0
19303808,CC1=CC(=CC=C1)[C@H]1O[C@@H]1C1=CC(C)=CC=C1,Cc1cccc([C@H]2O[C@@H]2c2cccc(C)c2)c1,71.0,128.76,128.76,71.0,159.25512999999998,159.25512999999998,288.81254279999996,288.81254279999996,C1,True,C1,True,1.0,1.0
19304514,CC#CCO[C@@H](C=C)C1=CC=CC=C1,C=C[C@H](OCC#CC)c1ccccc1,-31.6,-724.69,724.69,31.6,-58.85626400000001,58.85626400000001,-1349.7641126000003,1349.7641126000003,C1,True,C1,True,-1.0,-1.0
19304518,C=CCC#CCO[C@@H](C=C)C1=CC=CC=C1,C=CCC#CCO[C@@H](C=C)c1ccccc1,-23.4,-297.86,297.86,23.4,-49.67632799999999,49.67632799999999,-632.3329511999999,632.3329511999999,C1,True,C1,True,-1.0,-1.0
19304523,[H][C@@]12CC(=O)C(C)=C1CO[C@H]2C1=CC=CC=C1,CC1=C2CO[C@@H](c3ccccc3)[C@@H]2CC1=O,29.2,172.06,172.06,29.2,62.565087999999996,62.565087999999996,368.6626384,368.6626384,C1,True,C1,True,1.0,1.0
19304547,[H][C@@]12CC(=O)C(CC=C)=C1CO[C@H]2C1=CC=CC=C1,C=CCC1=C2CO[C@@H](c3ccccc3)[C@@H]2CC1=O,63.95,334.35,334.35,63.95,153.67312900000002,153.67312900000002,803.449737,803.449737,C1,True,C1,True,1.0,1.0
19339449,[H][C@@]1(COC(C)(C)O1)C(=O)[C@@](C)(F)C(=O)OCC,CCOC(=O)[C@](C)(F)C(=O)[C@H]1COC(C)(C)O1,13.3,-24.01,24.01,13.3,33.01725,33.01725,-59.604825,59.604825,C1,True,C1,True,1.0,-1.0
19339450,[H][C@@]1(COC(C)(C)O1)[C@H](O)[C@@](C)(F)C(=O)OCC,CCOC(=O)[C@](C)(F)[C@@H](O)[C@H]1COC(C)(C)O1,-5.7,12.57,12.57,5.7,-14.265162,14.265162,31.4584362,31.4584362,C1,True,C1,True,-1.0,1.0
19350348,C[C@H]1CC[C@H](C)N1S(=O)(=O)C1=CC=C(C)C=C1,Cc1ccc(S(=O)(=O)N2[C@@H](C)CC[C@@H]2C)cc1,39.3,9.22,9.22,39.3,99.57323099999999,99.57323099999999,23.360437400000002,23.360437400000002,C1,True,C1,True,1.0,1.0
19356884,C[C@H](COC(=O)C1=CC=CC=C1)CC#N,C[C@@H](CC#N)COC(=O)c1ccccc1,-14.65,-113.88,113.88,14.65,-29.774806500000004,29.774806500000004,-231.4508508,231.4508508,C1,True,C1,True,-1.0,-1.0
19356885,C[C@H](COC(=O)C1=CC=CC=C1)CN=N#N,C[C@@H](CN=[N+]=[N-])COC(=O)c1ccccc1,-19.85,-109.19,109.19,19.85,-43.51993400000001,43.51993400000001,-239.39252360000003,239.39252360000003,C1,True,C1,True,-1.0,-1.0
19356887,CC[C@@H](CO)COC(=O)C1=CC=CC=C1,CC[C@@H](CO)COC(=O)c1ccccc1,-1.89,42.8,42.8,1.89,-3.9360573,3.9360573,89.13399599999998,89.13399599999998,C1,True,C1,True,-1.0,1.0
19356889,O=C(OC[C@@H]1COC=CC1)C1=CC=CC=C1,O=C(OC[C@H]1CC=COC1)c1ccccc1,-4.5,-178.13,178.13,4.5,-9.82134,9.82134,-388.77228759999997,388.77228759999997,C1,True,C1,True,-1.0,-1.0
19356890,OC[C@@H](COC(=O)C1=CC=CC=C1)CC=C,C=CC[C@@H](CO)COC(=O)c1ccccc1,-5.17,-109.36,109.36,5.17,-11.3878556,11.3878556,-240.88508480000002,240.88508480000002,C1,True,C1,True,-1.0,-1.0
19356895,O=C(OC[C@H]1CCC(=O)OC1)C1=CC=CC=C1,O=C1CC[C@H](COC(=O)c2ccccc2)CO1,-2.88,-51.34,51.34,2.88,-6.7464288,6.7464288,-120.26446340000001,120.26446340000001,C1,True,C1,True,-1.0,-1.0
19356897,OC[C@@H](COC(=O)C1=CC=CC=C1)CC#C,C#CC[C@@H](CO)COC(=O)c1ccccc1,-2.81,-163.12,163.12,2.81,-6.132881200000001,6.132881200000001,-356.01266240000007,356.01266240000007,C1,True,C1,True,-1.0,-1.0
19356902,CC[C@@H](CO)COC(=O)C1=C(OC)C=CC=C1,CC[C@@H](CO)COC(=O)c1ccccc1OC,-4.57,-224.26,224.26,4.57,-10.889533100000001,10.889533100000001,-534.3734558,534.3734558,C1,True,C1,True,-1.0,-1.0
19356904,CC[C@@H](CO)COC(=O)C1=CC=C(OC)C=C1,CC[C@@H](CO)COC(=O)c1ccc(OC)cc1,-5.63,-91.4,91.4,5.63,-13.4153329,13.4153329,-217.790662,217.790662,C1,True,C1,True,-1.0,-1.0
19385731,C[C@@]1(O[C@@H]1CCC1=CC=CC=C1)C=C,C=C[C@@]1(C)O[C@@H]1CCc1ccccc1,16.15,32.1,32.1,16.15,30.405605,30.405605,60.434670000000004,60.434670000000004,C1,True,C1,True,1.0,1.0
19386876,C[C@H]1N[C@H](C)C2=C(C=CC=C2)C2=C1C=CC=C2,C[C@H]1N[C@H](C)c2ccccc2-c2ccccc21,-81.0,49.29,49.29,81.0,-180.88839,180.88839,110.0739351,110.0739351,C1,True,C1,True,-1.0,1.0
19412505,NCC[C@@H](C1=CNC2=CC=CC=C12)C1=CC=CC=C1,NCC[C@H](c1ccccc1)c1c[nH]c2ccccc12,-20.63,599.74,599.74,20.63,-51.646173499999996,51.646173499999996,1501.419103,1501.419103,C1,True,C1,True,-1.0,1.0
19416685,CC1=CC=C(C=C1)[C@H](O)COC1=CC=CC=C1,Cc1ccc([C@H](O)COc2ccccc2)cc1,38.6,88.91,88.91,38.6,88.120326,88.120326,202.9735281,202.9735281,C1,True,C1,True,1.0,1.0
19418773,C[C@@H]1CCC[C@]1(O)C#C[Si](C)(C)C,C[C@@H]1CCC[C@]1(O)C#C[Si](C)(C)C,12.4,33.0,33.0,12.4,24.349383999999997,24.349383999999997,64.80077999999999,64.80077999999999,C1,True,C1,True,1.0,1.0
19418776,C[C@@H]1CCC[C@]1(O)C#CC1=CC=CC=C1,C[C@@H]1CCC[C@]1(O)C#Cc1ccccc1,8.4,47.99,47.99,8.4,16.823604,16.823604,96.11485190000002,96.11485190000002,C1,True,C1,True,1.0,1.0
19418778,CCCCCCC#C[C@@]1(O)CCC[C@H]1C,CCCCCCC#C[C@@]1(O)CCC[C@H]1C,4.2,-127.03,127.03,4.2,8.75049,8.75049,-264.66065349999997,264.66065349999997,C1,True,C1,True,1.0,-1.0
19434244,CC1=NOC(=C1)C(=O)N1CCN2[C@@H](CCC2=O)C1,Cc1cc(C(=O)N2CCN3C(=O)CC[C@H]3C2)on1,-26.7,275.77,275.77,26.7,-66.55508999999998,66.55508999999998,687.4118789999998,687.4118789999998,C1,True,C1,True,-1.0,1.0
19436703,C[C@@]1(CO)O[C@H]1C1=CC=C(Br)C=C1,C[C@@]1(CO)O[C@H]1c1ccc(Br)cc1,10.6,4.61,4.61,10.6,25.768599999999996,25.768599999999996,11.20691,11.20691,C1,True,C1,True,1.0,1.0
19436705,C[C@@]1(CO)O[C@H]1C1=CC=C(F)C=C1,C[C@@]1(CO)O[C@H]1c1ccc(F)cc1,8.4,-0.52,0.52,8.4,15.304295999999999,15.304295999999999,-0.9474088,0.9474088,C1,True,C1,True,1.0,-1.0
19436708,C[C@@]1(CO)O[C@H]1C1=CC=C2C=CC=CC2=C1,C[C@@]1(CO)O[C@H]1c1ccc2ccccc2c1,14.5,161.45,161.45,14.5,31.06828,31.06828,345.929228,345.929228,C1,True,C1,True,1.0,1.0
19436711,C[C@@]1(CO)O[C@H]1C1=CC=CC2=C1C=CC=C2,C[C@@]1(CO)O[C@H]1c1cccc2ccccc12,-73.4,309.65,309.65,73.4,-157.269776,157.269776,663.4684759999999,663.4684759999999,C1,True,C1,True,-1.0,1.0
19436712,C[C@@]1(CO)O[C@H]1C1=CC=C(C=C1)C(F)(F)F,C[C@@]1(CO)O[C@H]1c1ccc(C(F)(F)F)cc1,7.8,-84.14,84.14,7.8,18.111677999999998,18.111677999999998,-195.37392139999997,195.37392139999997,C1,True,C1,True,1.0,-1.0
19457404,O=C1CC[C@@H](C1)C=CC1=CC=CC=C1,O=C1CC[C@H](C=Cc2ccccc2)C1,-69.8,-153.51,153.51,69.8,-130.005292,130.005292,-285.91851539999993,285.91851539999993,C1,True,C1,True,-1.0,-1.0
19457405,CC1=CC=CC=C1[C@H]1CCC(=O)C1,Cc1ccccc1[C@H]1CCC(=O)C1,-72.0,451.13,451.13,72.0,-125.45495999999997,125.45495999999997,786.0624458999998,786.0624458999998,C1,True,C1,True,-1.0,1.0
19459503,OC[C@@H]1C[C@H]1C1=CC=CC=C1N(=O)=O,O=[N+]([O-])c1ccccc1[C@@H]1C[C@H]1CO,25.1,-312.13,312.13,25.1,48.49370199999999,48.49370199999999,-603.0414026,603.0414026,C1,True,C1,True,1.0,-1.0
19459504,CCCCCCC[C@@H]1C[C@H]1CO,CCCCCCC[C@@H]1C[C@H]1CO,-17.200000000000003,-103.1,103.1,17.200000000000003,-29.290912000000002,29.290912000000002,-175.575176,175.575176,C1,True,C1,True,-1.0,-1.0
19459506,[H][C@@]12CO[C@@H](O[C@]1([H])[C@@]1([H])OC(C)(C)O[C@@]1([H])O2)\C=C\C,C/C=C/[C@H]1OC[C@H]2O[C@@H]3OC(C)(C)O[C@@H]3[C@H]2O1,-6.2,20.81,20.81,6.2,-15.020801999999998,15.020801999999998,50.416595099999995,50.416595099999995,C1,True,C1,True,-1.0,1.0
19462659,C[C@@H](O)[C@H](C)NC1=CC=CC=C1,C[C@H](Nc1ccccc1)[C@@H](C)O,-50.1,-90.33,90.33,50.1,-82.78323599999997,82.78323599999997,-149.25767879999995,149.25767879999995,C1,True,C1,True,-1.0,-1.0
19474582,C[C@H](CCC=C(C)C)[C@]12C[C@H]1C(C)=CC2,CC(C)=CCC[C@@H](C)[C@@]12CC=C(C)[C@@H]1C2,29.4,-104.03,104.03,29.4,60.08095799999999,60.08095799999999,-212.59258709999997,212.59258709999997,C1,True,C1,True,1.0,-1.0
19474918,C[C@H]1COC(=O)C[C@@H]1C1=CC=CC=C1,C[C@H]1COC(=O)C[C@@H]1c1ccccc1,-2.5,90.46,90.46,2.5,-4.75605,4.75605,172.0929132,172.0929132,C1,True,C1,True,-1.0,1.0
19474921,CCCC[C@@H](CO)[C@H](C)C1=CC=CC=C1,CCCC[C@@H](CO)[C@H](C)c1ccccc1,-7.8,31.11,31.11,7.8,-16.093662,16.093662,64.18895189999999,64.18895189999999,C1,True,C1,True,-1.0,1.0
19474928,C[C@H]1COC(=O)C[C@@H]1C1=CC=C(C)C=C1,Cc1ccc([C@H]2CC(=O)OC[C@@H]2C)cc1,16.9,81.52,81.52,16.9,34.521461,34.521461,166.52008880000002,166.52008880000002,C1,True,C1,True,1.0,1.0
19474929,C[C@H]1COC(=O)C[C@@H]1C1=CC=C(Cl)C=C1,C[C@H]1COC(=O)C[C@@H]1c1ccc(Cl)cc1,19.41,-165.88,165.88,19.41,43.611746700000005,43.611746700000005,-372.7107956,372.7107956,C1,True,C1,True,1.0,-1.0
19474934,CCCC[C@H]1COC(=O)C[C@@H]1C1=CC=CC=C1,CCCC[C@H]1COC(=O)C[C@@H]1c1ccccc1,-3.9,-131.78,131.78,3.9,-9.060597,9.060597,-306.1552494,306.1552494,C1,True,C1,True,-1.0,-1.0
19476548,CC[C@H](O)[C@@H](C)[C@@H](OC(=O)C(C)C)C(C)C,CC[C@H](O)[C@@H](C)[C@@H](OC(=O)C(C)C)C(C)C,1.55,14.12,14.12,1.55,3.570394,3.570394,32.5251376,32.5251376,C1,True,C1,True,1.0,1.0
19476549,CC[C@H](O)[C@H](C)[C@@H](OC(=O)C(C)C)C(C)C,CC[C@H](O)[C@H](C)[C@@H](OC(=O)C(C)C)C(C)C,-10.9,-20.9,20.9,10.9,-25.107932,25.107932,-48.142731999999995,48.142731999999995,C1,True,C1,True,-1.0,-1.0
19476562,CCC(=O)[C@@H](C)[C@H](O)[C@H]1COC(C)(C)O1,CCC(=O)[C@@H](C)[C@H](O)[C@H]1COC(C)(C)O1,-5.3,-14.71,14.71,5.3,-11.462680999999996,11.462680999999996,-31.81434669999999,31.81434669999999,C1,True,C1,True,-1.0,-1.0
19491985,BrC1=CC=C(C=C1)[C@H]1CCCN1,Brc1ccc([C@H]2CCCN2)cc1,52.0,65.41,65.41,52.0,117.58084,117.58084,147.90312969999997,147.90312969999997,C1,True,C1,True,1.0,1.0
19505095,CC1=C(C=O)[C@H](CO)CC1=O,CC1=C(C=O)[C@H](CO)CC1=O,58.5,193.96,193.96,58.5,90.186525,90.186525,299.01843399999996,299.01843399999996,C1,True,C1,True,1.0,1.0
19505107,OC[C@@H]1CC(=O)C(CC=C)=C1C=O,C=CCC1=C(C=O)[C@H](CO)CC1=O,55.55,286.24,286.24,55.55,100.10276649999996,100.10276649999996,515.8130671999999,515.8130671999999,C1,True,C1,True,1.0,1.0
19505109,OC[C@@H]1CC(=O)C(=C1C=O)C1=CC=CC=C1,O=CC1=C(c2ccccc2)C(=O)C[C@H]1CO,65.4,1020.65,1020.65,65.4,141.41834399999996,141.41834399999996,2207.012733999999,2207.012733999999,C1,True,C1,True,1.0,1.0
19505114,OC[C@@H]1CC(=O)C(=C1C=O)C1=CC=C(Cl)C=C1,O=CC1=C(c2ccc(Cl)cc2)C(=O)C[C@H]1CO,64.4,-989.01,989.01,64.4,161.43856399999999,161.43856399999999,-2479.2601580999994,2479.2601580999994,C1,True,C1,True,1.0,-1.0
19505116,CC1=CC=C(C=C1)C1=C(C=O)[C@H](CO)CC1=O,Cc1ccc(C2=C(C=O)[C@H](CO)CC2=O)cc1,70.9,1104.17,1104.17,70.9,163.256467,163.256467,2542.4949671,2542.4949671,C1,True,C1,True,1.0,1.0
19532615,CC1=CC(=CC(C)=C1)[C@@H](O)C1=CC=CC=C1,Cc1cc(C)cc([C@@H](O)c2ccccc2)c1,-1.67,313.88,313.88,1.67,-3.5452763999999997,3.5452763999999997,666.3421296,666.3421296,C1,True,C1,True,-1.0,1.0
19532618,O[C@H](C1=CC=CC=C1)C1=CC(=CC=C1)N(=O)=O,O=[N+]([O-])c1cccc([C@H](O)c2ccccc2)c1,-42.31,-176.92,176.92,42.31,-96.98932850000001,96.98932850000001,-405.56256199999996,405.56256199999996,C1,True,C1,True,-1.0,-1.0
19579450,C[C@]12C[C@H]1OC[C@H](NC2=O)C1=CC=CC=C1,C[C@]12C[C@H]1OC[C@@H](c1ccccc1)NC2=O,43.2,-13.89,13.89,43.2,93.85977600000002,93.85977600000002,-30.178525200000003,30.178525200000003,C1,True,C1,True,1.0,-1.0
19580232,C[C@@H]1OC1(C1=CC=C(F)C=C1)C1=CC=C(F)C=C1,C[C@@H]1OC1(c1ccc(F)cc1)c1ccc(F)cc1,-19.1,-121.45,121.45,19.1,-47.03489600000001,47.03489600000001,-299.07791199999997,299.07791199999997,C1,True,C1,True,-1.0,-1.0
19601598,CCCCN([C@@H](C)C1=CC=CC=C1)C(C)=O,CCCCN(C(C)=O)[C@@H](C)c1ccccc1,-66.3,-120.12,120.12,66.3,-145.41446399999998,145.41446399999998,-263.4567936,263.4567936,C1,True,C1,True,-1.0,-1.0
19606330,C[C@H](O)CC1=CC=CS1,C[C@H](O)Cc1cccs1,20.0,163.21,163.21,20.0,28.444599999999994,28.444599999999994,232.12215829999997,232.12215829999997,C1,True,C1,True,1.0,1.0
19627574,O=C1C[C@@H](N(CC2=CC=CC=C2)N1)C1=CC=CC=C1,O=C1C[C@H](c2ccccc2)N(Cc2ccccc2)N1,71.2,246.2,246.2,71.2,179.649704,179.649704,621.2044539999999,621.2044539999999,C1,True,C1,True,1.0,1.0
19634730,C[C@H](O)C(=O)CC=C,C=CCC(=O)[C@H](C)O,60.0,-283.05,283.05,60.0,68.48639999999997,68.48639999999997,-323.08459199999993,323.08459199999993,C1,True,C1,True,1.0,-1.0
19655741,CCCCCC[C@H](Cl)CO,CCCCCC[C@H](Cl)CO,-36.7,-101.35,101.35,36.7,-60.436092,60.436092,-166.89912599999997,166.89912599999997,C1,True,C1,True,-1.0,-1.0
19669725,FC1=CC=C(C=C1)[C@@H]1CCCCN1,Fc1ccc([C@@H]2CCCCN2)cc1,-45.1,-106.17,106.17,45.1,-80.83633800000001,80.83633800000001,-190.29698460000003,190.29698460000003,C1,True,C1,True,-1.0,-1.0
19697424,CC[C@@H](O)C1=C(O)C=CC=C1,CC[C@@H](O)c1ccccc1O,23.75,-35.54,35.54,23.75,36.1458375,36.1458375,-54.08939219999999,54.08939219999999,C1,True,C1,True,1.0,-1.0
19712177,C[C@H](CCO)C#CC1=CC=CC=C1,C[C@@H](C#Cc1ccccc1)CCO,-13.2,-179.72,179.72,13.2,-23.00007599999999,23.00007599999999,-313.14951959999985,313.14951959999985,C1,True,C1,True,-1.0,-1.0
19727612,[H][C@]1(CC11CC1)N1[C@H](COC1=O)C(C)C,CC(C)[C@H]1COC(=O)N1[C@@H]1CC12CC2,-47.6,-71.68,71.68,47.6,-92.94471199999998,92.94471199999998,-139.96380159999998,139.96380159999998,C1,True,C1,True,-1.0,-1.0
19727613,CC(C)[C@H]1COC(=O)N1[C@H]1CC11CC1,CC(C)[C@H]1COC(=O)N1[C@H]1CC12CC2,-8.8,36.72,36.72,8.8,-17.183055999999997,17.183055999999997,71.70020639999998,71.70020639999998,C1,True,C1,True,-1.0,1.0
19727619,[H][C@]1(CC11CC1)N1[C@H](COC1=O)C1=CC=CC=C1,O=C1OC[C@H](c2ccccc2)N1[C@@H]1CC12CC2,26.8,40.75,40.75,26.8,61.44677199999998,61.44677199999998,93.43119249999998,93.43119249999998,C1,True,C1,True,1.0,1.0
19727621,O=C1OC[C@@H](N1[C@H]1CC11CC1)C1=CC=CC=C1,O=C1OC[C@H](c2ccccc2)N1[C@H]1CC12CC2,20.6,13.71,13.71,20.6,47.23147399999999,47.23147399999999,31.434150899999995,31.434150899999995,C1,True,C1,True,1.0,1.0
19727626,[H][C@]1(CC11CC1)N1[C@H](C)[C@@H](OC1=O)C1=CC=CC=C1,C[C@@H]1[C@H](c2ccccc2)OC(=O)N1[C@@H]1CC12CC2,54.6,96.89,96.89,54.6,132.84507599999998,132.84507599999998,235.73918339999992,235.73918339999992,C1,True,C1,True,1.0,1.0
19727627,C[C@@H]1[C@@H](OC(=O)N1[C@H]1CC11CC1)C1=CC=CC=C1,C[C@@H]1[C@H](c2ccccc2)OC(=O)N1[C@H]1CC12CC2,60.4,94.1,94.1,60.4,146.95682399999995,146.95682399999995,228.95094599999993,228.95094599999993,C1,True,C1,True,1.0,1.0
19743561,CC(C)(C)OC[C@H]1C[C@H](O)C=C1,CC(C)(C)OC[C@@H]1C=C[C@@H](O)C1,-219.25,-234.89,234.89,219.25,-373.27750999999995,373.27750999999995,-399.9049227999999,399.9049227999999,C1,True,C1,True,-1.0,-1.0
19751044,CC[C@H](O)[C@H](CC=C)OCC1=CC=CC=C1,C=CC[C@H](OCc1ccccc1)[C@@H](O)CC,36.8,243.31,243.31,36.8,81.074816,81.074816,536.0411272,536.0411272,C1,True,C1,True,1.0,1.0
19769153,O[C@@H](CC1=CC=CO1)CN(=O)=O,O=[N+]([O-])C[C@@H](O)Cc1ccco1,33.5,-114.03,114.03,33.5,57.33592000000001,57.33592000000001,-195.16462560000002,195.16462560000002,C1,True,C1,True,1.0,-1.0
19769156,O[C@@H](CN(=O)=O)C1=CC=CC(Br)=C1,O=[N+]([O-])C[C@H](O)c1cccc(Br)c1,-33.6,-18.38,18.38,33.6,-82.67616,82.67616,-45.22582799999999,45.22582799999999,C1,True,C1,True,-1.0,-1.0
19783557,CCC[C@H](O)[C@@H](C=C=C)C1=CC=CC=C1,C=C=C[C@@H](c1ccccc1)[C@@H](O)CCC,-15.1,396.73,396.73,15.1,-30.546846999999993,30.546846999999993,802.5728881,802.5728881,C1,True,C1,True,-1.0,1.0
19788905,[H][C@@]12OC(C)(C)O[C@@]1([H])C(=O)C=C[C@@H]2N=N#N,CC1(C)O[C@H]2[C@@H](N=[N+]=[N-])C=CC(=O)[C@@H]2O1,232.0,-42.3,42.3,232.0,485.35560000000004,485.35560000000004,-88.493715,88.493715,C1,True,C1,True,1.0,-1.0
19788906,[H][C@@]12OC(C)(C)O[C@@]1([H])[C@H](C=C[C@@H]2O)N=N#N,CC1(C)O[C@@H]2[C@@H](O1)[C@@H](O)C=C[C@@H]2N=[N+]=[N-],188.6,1.55,1.55,188.6,398.36280600000003,398.36280600000003,3.2739255000000007,3.2739255000000007,C1,True,C1,True,1.0,1.0
19788907,[H][C@@]12OC(C)(C)O[C@@]1([H])[C@@H](O)[C@@H](C=C2)N=N#N,CC1(C)O[C@H]2[C@@H](O)[C@H](N=[N+]=[N-])C=C[C@@H]2O1,-174.3,104.49,104.49,174.3,-368.158203,368.158203,220.7048229,220.7048229,C1,True,C1,True,-1.0,1.0
19788908,[H][C@@]12OC(C)(C)O[C@@]1([H])C(=O)C(CO)=C[C@@H]2N=N#N,CC1(C)O[C@H]2[C@@H](N=[N+]=[N-])C=C(CO)C(=O)[C@@H]2O1,205.0,-9.43,9.43,205.0,490.42355,490.42355,-22.559483299999997,22.559483299999997,C1,True,C1,True,1.0,-1.0
19788981,CCOC(=O)CC[C@@H]1OC(C)(C)O[C@@H]1\C=C/C,C/C=C\[C@H]1OC(C)(C)O[C@H]1CCC(=O)OCC,-55.8,-78.04,78.04,55.8,-135.21176999999997,135.21176999999997,-189.102626,189.102626,C1,True,C1,True,-1.0,-1.0
19879363,C[C@]1(O[C@@H]1CCC1=CC=CC=C1)C=C,C=C[C@]1(C)O[C@@H]1CCc1ccccc1,41.5,-367.56,367.56,41.5,78.13205,78.13205,-692.005212,692.005212,C1,True,C1,True,1.0,-1.0
19879365,C[C@@]1(CO)O[C@@H]1CCC1=CC=CC=C1,C[C@@]1(CO)O[C@@H]1CCc1ccccc1,-10.2,-217.55,217.55,10.2,-19.610316,19.610316,-418.25727900000015,418.25727900000015,C1,True,C1,True,-1.0,-1.0
19879366,C[C@H](COCC1=CC=CC=C1)\C=C(\C)CO,C/C(=C/[C@H](C)COCc1ccccc1)CO,-21.6,-105.48,105.48,21.6,-47.58739200000001,47.58739200000001,-232.38509760000005,232.38509760000005,C1,True,C1,True,-1.0,-1.0
19879368,[H][C@@]1(O[C@@]1(C)C=C)[C@H](C)COCC1=CC=CC=C1,C=C[C@]1(C)O[C@@H]1[C@H](C)COCc1ccccc1,68.1,256.44,256.44,68.1,158.21196299999997,158.21196299999997,595.7691011999999,595.7691011999999,C1,True,C1,True,1.0,1.0
19879370,[H][C@@]1(O[C@@]1(C)CO)[C@H](C)COCC1=CC=CC=C1,C[C@H](COCc1ccccc1)[C@H]1O[C@@]1(C)CO,20.0,29.35,29.35,20.0,47.26219999999999,47.26219999999999,69.35727849999999,69.35727849999999,C1,True,C1,True,1.0,1.0
19885489,C(NC1CC1)[C@]1(COCC2=CC=CC=C2)CO1,c1ccc(COC[C@@]2(CNC3CC3)CO2)cc1,9.9,-222.79,222.79,9.9,23.097789,23.097789,-519.7935769,519.7935769,C1,True,C1,True,1.0,-1.0
19885677,CC(C)(C)OC(=O)C[C@H]1CCCCN1,CC(C)(C)OC(=O)C[C@H]1CCCCN1,-6.8,42.85,42.85,6.8,-13.551991999999995,13.551991999999995,85.39747899999999,85.39747899999999,C1,True,C1,True,-1.0,1.0
19897940,O[C@H](C=C)[C@H](OCC#C)C=C,C#CCO[C@H](C=C)[C@H](O)C=C,-106.8,-233.74,233.74,106.8,-162.54212399999994,162.54212399999994,-355.73591819999996,355.73591819999996,C1,True,C1,True,-1.0,-1.0
19897942,CC(=C)C1=C[C@@H](O)[C@H](OC1)C=C,C=C[C@H]1OCC(C(=C)C)=C[C@H]1O,-246.4,96.89,96.89,246.4,-409.56608000000006,409.56608000000006,161.05055800000002,161.05055800000002,C1,True,C1,True,-1.0,1.0
19897947,COC(=O)C#CCO[C@H](C=C)[C@H](O)C=C,C=C[C@@H](O)[C@@H](C=C)OCC#CC(=O)OC,-82.3,79.89,79.89,82.3,-173.01846699999996,173.01846699999996,167.95194809999998,167.95194809999998,C1,True,C1,True,-1.0,1.0
19925357,CC(C)(C)[Si](C)(C)OCC[C@@H](O)CCC=C,C=CCC[C@H](O)CCO[Si](C)(C)C(C)(C)C,-12.6,-52.22,52.22,12.6,-30.800825999999994,30.800825999999994,-127.65231219999998,127.65231219999998,C1,True,C1,True,-1.0,-1.0
19931850,C[C@](O)(C1=CC=CO1)C1=COC=C1,C[C@@](O)(c1ccoc1)c1ccco1,4.7,49.19,49.19,4.7,8.374789,8.374789,87.65018529999999,87.65018529999999,C1,True,C1,True,1.0,1.0
19931851,C[C@@](O)(C=CC1=CC=CC=C1)C1=COC=C1,C[C@@](O)(C=Cc1ccccc1)c1ccoc1,2.7,-80.92,80.92,2.7,5.785128000000001,5.785128000000001,-173.3824288,173.3824288,C1,True,C1,True,1.0,-1.0
19931853,C[C@@](O)(C1=COC=C1)C1=CC=CC=C1,C[C@](O)(c1ccccc1)c1ccoc1,-16.0,-278.02,278.02,16.0,-30.116159999999994,30.116159999999994,-523.3059251999999,523.3059251999999,C1,True,C1,True,-1.0,-1.0
19931854,CC1=CC=CC=C1[C@](C)(O)C1=COC=C1,Cc1ccccc1[C@](C)(O)c1ccoc1,2.3,51.17,51.17,2.3,4.651819,4.651819,103.49286010000002,103.49286010000002,C1,True,C1,True,1.0,1.0
19931858,COC1=CC=CC=C1[C@](C)(O)C1=COC=C1,COc1ccccc1[C@](C)(O)c1ccoc1,1.6,43.45,43.45,1.6,3.492032,3.492032,94.830494,94.830494,C1,True,C1,True,1.0,1.0
19931859,C[C@@](O)(C1=COC=C1)C1=CC=C(Cl)C=C1,C[C@](O)(c1ccc(Cl)cc1)c1ccoc1,-18.7,-245.81,245.81,18.7,-41.639477,41.639477,-547.3475851,547.3475851,C1,True,C1,True,-1.0,-1.0
19931860,COC1=CC=C(C=C1)[C@](C)(O)C1=COC=C1,COc1ccc([C@](C)(O)c2ccoc2)cc1,-6.2,-347.56,347.56,6.2,-13.531624,13.531624,-758.5566512,758.5566512,C1,True,C1,True,-1.0,-1.0
19931861,C[C@@](O)(C1=COC=C1)C1=CC=CC=C1Cl,C[C@@](O)(c1ccoc1)c1ccccc1Cl,-15.7,-175.9,175.9,15.7,-34.959347,34.959347,-391.678289,391.678289,C1,True,C1,True,-1.0,-1.0
19931862,C[C@@](O)(C1=COC=C1)C1=CC=CC(Cl)=C1,C[C@@](O)(c1ccoc1)c1cccc(Cl)c1,-24.3,-140.22,140.22,24.3,-54.109053,54.109053,-312.22927619999996,312.22927619999996,C1,True,C1,True,-1.0,-1.0
19931863,CC1=CC(=CC=C1)[C@](C)(O)C1=COC=C1,Cc1cccc([C@](C)(O)c2ccoc2)c1,-10.5,-200.11,200.11,10.5,-21.236565,21.236565,-404.72847830000006,404.72847830000006,C1,True,C1,True,-1.0,-1.0
19931864,CC1=CC=C(C=C1)[C@](C)(O)C1=COC=C1,Cc1ccc([C@](C)(O)c2ccoc2)cc1,-9.3,-251.39,251.39,9.3,-18.809529,18.809529,-508.4438167,508.4438167,C1,True,C1,True,-1.0,-1.0
19931865,O[C@@](CCl)(C1=COC=C1)C1=CC=CC=C1,O[C@](CCl)(c1ccccc1)c1ccoc1,-3.6,226.34,226.34,3.6,-8.016156,8.016156,503.99354139999997,503.99354139999997,C1,True,C1,True,-1.0,1.0
19931866,COC1=CC(=CC=C1)[C@](C)(O)C1=COC=C1,COc1cccc([C@](C)(O)c2ccoc2)c1,-14.2,-436.42,436.42,14.2,-30.991784,30.991784,-952.4953784,952.4953784,C1,True,C1,True,-1.0,-1.0
19931873,C[C@@](O)(C1=COC=C1)C1=CC=C(C=C1)N(=O)=O,C[C@](O)(c1ccc([N+](=O)[O-])cc1)c1ccoc1,-25.3,-219.23,219.23,25.3,-59.005419,59.005419,-511.2947829,511.2947829,C1,True,C1,True,-1.0,-1.0
19931874,C[C@@](O)(C1=COC=C1)C1=C2C=CC=CC2=CC=C1,C[C@@](O)(c1ccoc1)c1cccc2ccccc12,-3.3,37.04,37.04,3.3,-7.8634379999999995,7.8634379999999995,88.26113439999999,88.26113439999999,C1,True,C1,True,-1.0,1.0
19931875,C[C@@](O)(C1=COC=C1)C1=CC=C2C=CC=CC2=C1,C[C@@](O)(c1ccoc1)c1ccc2ccccc2c1,-27.3,-97.75,97.75,27.3,-65.052078,65.052078,-232.924565,232.924565,C1,True,C1,True,-1.0,-1.0
19961714,O=C1C[C@H](C2=CC=CC=C2)C2=C(CCCC2=O)O1,O=C1C[C@H](c2ccccc2)C2=C(CCCC2=O)O1,80.8,-390.73,390.73,80.8,195.75739199999992,195.75739199999992,-946.6372001999996,946.6372001999996,C1,True,C1,True,1.0,-1.0
19962072,C[C@@H](Cl)[C@H](Cl)[C@@H](O)[C@H](Cl)CO,C[C@@H](Cl)[C@H](Cl)[C@@H](O)[C@H](Cl)CO,7.3,-11.98,11.98,7.3,16.170303,16.170303,-26.537017799999997,26.537017799999997,C1,True,C1,True,1.0,-1.0
19962297,C[C@@H]1C[C@H](CCO)OC(=O)C1,C[C@H]1CC(=O)O[C@@H](CCO)C1,-38.2,-43.08,43.08,38.2,-60.431253999999996,60.431253999999996,-68.15126759999998,68.15126759999998,C1,True,C1,True,-1.0,-1.0
19962304,CC1=CC(=O)O[C@@H](CCOCC2=CC=CC=C2)C1,CC1=CC(=O)O[C@@H](CCOCc2ccccc2)C1,77.43,218.3,218.3,77.43,190.71473580000003,190.71473580000003,537.6859979999999,537.6859979999999,C1,True,C1,True,1.0,1.0
19971273,CC1(C)C=CCO[C@H]1C1=CC=C(C=C1)N(=O)=O,CC1(C)C=CCO[C@H]1c1ccc([N+](=O)[O-])cc1,143.1,174.76,174.76,143.1,333.8050769999999,333.8050769999999,407.65740919999996,407.65740919999996,C1,True,C1,True,1.0,1.0
19971279,[H][C@@]12CO[C@@H](C3=CC=C(C=C3)C#N)C(C)(C)[C@]1([H])O2,CC1(C)[C@@H]2O[C@@H]2CO[C@H]1c1ccc(C#N)cc1,61.0,88.3,88.3,61.0,139.86019,139.86019,202.45335699999998,202.45335699999998,C1,True,C1,True,1.0,1.0
19972538,OC[C@H](C=C)N1C=CC=CC1=O,C=C[C@@H](CO)n1ccccc1=O,-23.8,-59.52,59.52,23.8,-39.315695999999996,39.315695999999996,-98.3222784,98.3222784,C1,True,C1,True,-1.0,-1.0
19979510,C[C@@H](O)C[C@@H](O)C1=CC=C(C)C=C1,Cc1ccc([C@H](O)C[C@@H](C)O)cc1,48.0,35.39,35.39,48.0,86.51856,86.51856,63.78941330000001,63.78941330000001,C1,True,C1,True,1.0,1.0
19979511,C[C@@H](O)C[C@H](O)C1=CC=C(C)C=C1,Cc1ccc([C@@H](O)C[C@@H](C)O)cc1,-80.0,-33.06,33.06,80.0,-144.19760000000002,144.19760000000002,-59.58965820000001,59.58965820000001,C1,True,C1,True,-1.0,-1.0
19979512,C[C@H](O)C[C@@H](O)C1=CC=C(Cl)C=C1,C[C@H](O)C[C@@H](O)c1ccc(Cl)cc1,54.0,18.24,18.24,54.0,108.3591,108.3591,36.601296,36.601296,C1,True,C1,True,1.0,1.0
19979513,C[C@@H](O)C[C@@H](O)C1=CC=C(Cl)C=C1,C[C@@H](O)C[C@@H](O)c1ccc(Cl)cc1,40.0,20.44,20.44,40.0,80.26599999999999,80.26599999999999,41.015926,41.015926,C1,True,C1,True,1.0,1.0
19979787,C[C@@H]1CCCCCC(=O)C(=O)\C=C/C(=O)O1,C[C@@H]1CCCCCC(=O)C(=O)/C=C\C(=O)O1,2.0,-124.33,124.33,2.0,4.48512,4.48512,-278.8174848,278.8174848,C1,True,C1,True,1.0,-1.0
19983247,CC1=C(CC=C)[C@@H](OC1=O)C1=CC=CC=C1,C=CCC1=C(C)C(=O)O[C@H]1c1ccccc1,4.6,516.97,516.97,4.6,9.856143999999999,9.856143999999999,1107.6806008,1107.6806008,C1,True,C1,True,1.0,1.0
20019239,[H][C@]1(O[C@@H](CC=C1)OCC)[C@@H](C)O,CCO[C@@H]1CC=C[C@H]([C@@H](C)O)O1,72.0,73.15,73.15,72.0,124.00128,124.00128,125.98185600000001,125.98185600000001,C1,True,C1,True,1.0,1.0
20055547,CC[C@@H](NNC(=O)C1=CC=C(C=C1)N(=O)=O)C#N,CC[C@H](C#N)NNC(=O)c1ccc([N+](=O)[O-])cc1,80.0,-191.0,191.0,80.0,198.5936,198.5936,-474.14222,474.14222,C1,True,C1,True,1.0,-1.0
20090727,C[C@@H](Cl)C1=NC(=NN1)[C@@H](C)Cl,C[C@@H](Cl)c1n[nH]c([C@@H](C)Cl)n1,52.0,173.56,173.56,52.0,100.91380000000001,100.91380000000001,336.81921400000004,336.81921400000004,C1,True,C1,True,1.0,1.0
20090729,C[C@H](OC(C)=O)C1=NC(=NN1)[C@H](C)OC(C)=O,CC(=O)O[C@@H](C)c1n[nH]c([C@H](C)OC(C)=O)n1,-156.0,-134.68,134.68,156.0,-376.34532,376.34532,-324.9114596,324.9114596,C1,True,C1,True,-1.0,-1.0
20114105,[H][C@@]1(CO1)[C@@H](NCC1=CC=CC=C1)C1=CC=CC=C1,c1ccc(CN[C@@H](c2ccccc2)[C@H]2CO2)cc1,57.8,-65.92,65.92,57.8,138.325804,138.325804,-157.7584256,157.7584256,C1,True,C1,True,1.0,-1.0
20124545,CC1=CC=CC=C1[C@@H]1O[C@H]1CO,Cc1ccccc1[C@@H]1O[C@H]1CO,0.63,64.41,64.41,0.63,1.0344851999999998,1.0344851999999998,105.76379639999998,105.76379639999998,C1,True,C1,True,1.0,1.0
20124548,CC1=CC=C(C=C1)[C@H]1O[C@@H]1CO,Cc1ccc([C@H]2O[C@@H]2CO)cc1,40.2,-6.79,6.79,40.2,66.01000800000001,66.01000800000001,-11.149451599999999,11.149451599999999,C1,True,C1,True,1.0,-1.0
20124767,[H][C@]12CCCC(=O)N1[C@@H](CO)[C@H](O)[C@H](O)C2,O=C1CCC[C@@H]2C[C@@H](O)[C@@H](O)[C@H](CO)N12,12.0,12.34,12.34,12.0,25.82988,25.82988,26.561726599999997,26.561726599999997,C1,True,C1,True,1.0,1.0
20124768,[H][C@]12CCCC(=O)N1[C@@H](CO)[C@@H](O)[C@H](O)C2,O=C1CCC[C@@H]2C[C@@H](O)[C@H](O)[C@H](CO)N12,-6.0,149.51,149.51,6.0,-12.91494,12.91494,321.8187799,321.8187799,C1,True,C1,True,-1.0,1.0
20124769,[H][C@@]12CCCC(=O)N1[C@@H](CO)[C@H](O)[C@H](O)C2,O=C1CCC[C@H]2C[C@@H](O)[C@@H](O)[C@H](CO)N12,11.0,65.4,65.4,11.0,23.67739,23.67739,140.77284600000002,140.77284600000002,C1,True,C1,True,1.0,1.0
20124770,[H][C@@]12CCCC(=O)N1[C@@H](CO)[C@@H](O)[C@H](O)C2,O=C1CCC[C@H]2C[C@@H](O)[C@H](O)[C@H](CO)N12,12.0,-31.41,31.41,12.0,25.82988,25.82988,-67.6097109,67.6097109,C1,True,C1,True,1.0,-1.0
20124771,[H][C@@]12C[C@@H](O)[C@@H](O)[C@H](CO)N1C(=O)[C@H](O)[C@H](O)C2,O=C1[C@H](O)[C@H](O)C[C@@H]2C[C@@H](O)[C@@H](O)[C@H](CO)N12,13.0,-93.24,93.24,13.0,32.14211,32.14211,-230.53310280000002,230.53310280000002,C1,True,C1,True,1.0,-1.0
20124772,[H][C@@]12C[C@@H](O)[C@H](O)[C@H](CO)N1C(=O)[C@H](O)[C@H](O)C2,O=C1[C@H](O)[C@H](O)C[C@@H]2C[C@@H](O)[C@H](O)[C@H](CO)N12,12.0,-27.09,27.09,12.0,29.66964,29.66964,-66.9792123,66.9792123,C1,True,C1,True,1.0,-1.0
20124774,[H][C@]12C[C@@H](O)[C@H](O)[C@H](CO)N1C(=O)[C@H](O)[C@H](O)C2,O=C1[C@H](O)[C@H](O)C[C@H]2C[C@@H](O)[C@H](O)[C@H](CO)N12,-16.0,17.49,17.49,16.0,-39.55952,39.55952,43.243500299999994,43.243500299999994,C1,True,C1,True,-1.0,1.0
20126125,CCCC[C@@](C)(O)CC=C,C=CC[C@](C)(O)CCCC,1.0,-112.0,112.0,1.0,1.4224199999999998,1.4224199999999998,-159.31104,159.31104,C1,True,C1,True,1.0,-1.0
20126251,[H][C@]12COC(=O)C[C@@]1([H])C2(C)C,CC1(C)[C@@H]2CC(=O)OC[C@@H]21,-89.07,-140.29,140.29,89.07,-124.8601074,124.8601074,-196.6613278,196.6613278,C1,True,C1,True,-1.0,-1.0
20129489,C[C@]1(CC=C)CC2=C(C=CC=C2)C1=O,C=CC[C@@]1(C)Cc2ccccc2C1=O,49.6,-145.9,145.9,49.6,92.38198399999997,92.38198399999997,-271.74458599999997,271.74458599999997,C1,True,C1,True,1.0,-1.0
20146278,[H][C@@]12CC3=C(C)C(=O)NC3=C[C@@]1(C)CCCC2=C,C=C1CCC[C@]2(C)C=C3NC(=O)C(C)=C3C[C@@H]12,104.3,289.23,289.23,104.3,239.18388899999994,239.18388899999994,663.2709129,663.2709129,C1,True,C1,True,1.0,1.0
20146279,[H][C@]12C[C@@]3(C)CCCC(=C)[C@]3([H])CC1=C(C)C(=O)N2,C=C1CCC[C@]2(C)C[C@@H]3NC(=O)C(C)=C3C[C@@H]12,205.9,339.94,339.94,205.9,476.32700099999994,476.32700099999994,786.4137966,786.4137966,C1,True,C1,True,1.0,1.0
20146280,[H][C@]12CC3=C(C)C(=O)N[C@]3(O)C[C@]1(C)CCCC2=C,C=C1CCC[C@@]2(C)C[C@@]3(O)NC(=O)C(C)=C3C[C@H]12,101.2,-286.41,286.41,101.2,250.30605599999998,250.30605599999998,-708.4007658,708.4007658,C1,True,C1,True,1.0,-1.0
20158562,COC(=O)C[C@H]1[C@H](CO)[C@H](C)C2=C1C=CC=C2,COC(=O)C[C@@H]1c2ccccc2[C@@H](C)[C@H]1CO,-9.0,42.89,42.89,9.0,-21.08655,21.08655,100.48912549999999,100.48912549999999,C1,True,C1,True,-1.0,1.0
20197552,COC1=CC(Cl)=NC=C1[C@@H]1CCCN1C,COc1cc(Cl)ncc1[C@@H]1CCCN1C,-189.0,-250.4,250.4,189.0,-428.47623,428.47623,-567.6743280000001,567.6743280000001,C1,True,C1,True,-1.0,-1.0
20197553,COC1=NC=C([C@@H]2CCCN2C)C(OC)=C1,COc1cc(OC)c([C@@H]2CCCN2C)cn1,-165.0,-230.23,230.23,165.0,-366.77519999999987,366.77519999999987,-511.77366239999986,511.77366239999986,C1,True,C1,True,-1.0,-1.0
20197566,CN1CCC[C@H]1C1=CN=C(Cl)C(CCO)=C1,CN1CCC[C@H]1c1cnc(Cl)c(CCO)c1,-126.0,-122.93,122.93,126.0,-303.32484,303.32484,-295.9343062,295.9343062,C1,True,C1,True,-1.0,-1.0
20197569,CN1CCC[C@H]1C1=CN=C(Cl)C(CCCO)=C1,CN1CCC[C@H]1c1cnc(Cl)c(CCCO)c1,-100.0,-148.75,148.75,100.0,-254.761,254.761,-378.95698749999997,378.95698749999997,C1,True,C1,True,-1.0,-1.0
20197572,CN1CCC[C@H]1C1=CN=CC2=C1OC1=CC=CC=C21,CN1CCC[C@H]1c1cncc2c1oc1ccccc12,-138.0,-177.86,177.86,138.0,-348.19746,348.19746,-448.7710162,448.7710162,C1,True,C1,True,-1.0,-1.0
20202250,CC1=CC=C(C=C1)[S@@](=O)CC1=CC=C(C=C1)C#N,Cc1ccc([S@@](=O)Cc2ccc(C#N)cc2)cc1,-129.0,1044.94,1044.94,129.0,-329.39118,329.39118,2668.1706948000005,2668.1706948000005,C1,True,C1,True,-1.0,1.0
20203046,CC[C@](C)(CO)CCC1=CC=CC=C1,CC[C@](C)(CO)CCc1ccccc1,-12.205,56.91,56.91,12.205,-23.470459100000003,23.470459100000003,109.43906820000001,109.43906820000001,C1,True,C1,True,-1.0,1.0
20211217,O[C@H](C1CCCCC1)C1=CC=CC=C1F,O[C@@H](c1ccccc1F)C1CCCCC1,16.0,55.93,55.93,16.0,33.324159999999985,33.324159999999985,116.48876679999995,116.48876679999995,C1,True,C1,True,1.0,1.0
20213034,FC1=CC([C@H]2CCCN2)=C(F)C=C1,Fc1ccc(F)c([C@H]2CCCN2)c1,58.22,104.48,104.48,58.22,106.6596222,106.6596222,191.4084048,191.4084048,C1,True,C1,True,1.0,1.0
20223594,O=C[C@H]1[C@@H]2CC[C@@H](C=C2)[C@@H]1C1=CC=CC=C1,O=C[C@@H]1[C@@H](c2ccccc2)[C@@H]2C=C[C@H]1CC2,82.0,66.89,66.89,82.0,174.07944,174.07944,142.00211879999998,142.00211879999998,C1,True,C1,True,1.0,1.0
20223596,CC=CC(=O)[C@@]1(O)C[C@H]2CC[C@]1(C)C2(C)C,CC=CC(=O)[C@@]1(O)C[C@H]2CC[C@]1(C)C2(C)C,-54.0,72.02,72.02,54.0,-120.05711999999998,120.05711999999998,160.12062559999995,160.12062559999995,C1,True,C1,True,-1.0,1.0
20236175,CC\C=C/C[C@@H](O)CO,CC/C=C\C[C@@H](O)CO,-9.0,33.29,33.29,9.0,-11.71683,11.71683,43.3392523,43.3392523,C1,True,C1,True,-1.0,1.0
20236176,CCCCC\C=C\C[C@@H](O)CO,CCCCC/C=C/C[C@@H](O)CO,-1.2,-164.9,164.9,1.2,-2.0672159999999997,2.0672159999999997,-284.069932,284.069932,C1,True,C1,True,-1.0,-1.0
20236177,CC\C=C/C[C@@H](O)COC(=O)C(C)(C)C,CC/C=C\C[C@@H](O)COC(=O)C(C)(C)C,-5.2,366.94,366.94,5.2,-11.14386,11.14386,786.3707669999999,786.3707669999999,C1,True,C1,True,-1.0,1.0
20236181,CC\C=C/C[C@H](CO)O[Si](C)(C)C(C)(C)C,CC/C=C\C[C@H](CO)O[Si](C)(C)C(C)(C)C,-18.5,162.01,162.01,18.5,-45.22343499999999,45.22343499999999,396.03506509999994,396.03506509999994,C1,True,C1,True,-1.0,1.0
20236493,C[C@@](O)(CC=C)C=CC1=CC=CC=C1,C=CC[C@@](C)(O)C=Cc1ccccc1,34.8,681.35,681.35,34.8,65.51795999999999,65.51795999999999,1282.777645,1282.777645,C1,True,C1,True,1.0,1.0
20260788,CCCC[C@H](CO)CCO,CCCC[C@H](CO)CCO,1.3,-7.29,7.29,1.3,1.90099,1.90099,-10.660167,10.660167,C1,True,C1,True,1.0,-1.0
20264535,C\C=C/[C@@H](C)[C@@H](O)C1CCCCC1,C/C=C\[C@@H](C)[C@@H](O)C1CCCCC1,14.4,62.44,62.44,14.4,26.252207999999992,26.252207999999992,113.83249079999996,113.83249079999996,C1,True,C1,True,1.0,1.0
20264540,CCCC[C@H](\C=C/C)[C@@H](O)C1=CC=CC=C1,C/C=C\[C@@H](CCCC)[C@@H](O)c1ccccc1,-19.2,108.04,108.04,19.2,-41.92128,41.92128,235.89453600000004,235.89453600000004,C1,True,C1,True,-1.0,1.0
20264554,CCCC[C@H](O)[C@H](C)\C=C/CCC1=CC=CC=C1,CCCC[C@H](O)[C@H](C)/C=C\CCc1ccccc1,19.5,-382.41,382.41,19.5,48.04683,48.04683,-942.2352954,942.2352954,C1,True,C1,True,1.0,-1.0
20265313,ClC1=CC=C(C=C1)[C@@H]1CCCN1,Clc1ccc([C@@H]2CCCN2)cc1,-41.0,-74.18,74.18,41.0,-74.48306,74.48306,-134.7598388,134.7598388,C1,True,C1,True,-1.0,-1.0
20285994,[H][C@]1(COC(CC)(CC)O1)[C@@H](O)CO,CCC1(CC)OC[C@@H]([C@@H](O)CO)O1,-2.0,0.94,0.94,2.0,-3.8047799999999996,3.8047799999999996,1.7882465999999997,1.7882465999999997,C1,True,C1,True,-1.0,1.0
20310590,CC[C@](C)(CC=O)\C=C\C1=CC=CC=C1,CC[C@@](C)(/C=C/c1ccccc1)CC=O,-13.64,291.16,291.16,13.64,-27.593310799999994,27.593310799999994,589.0079452,589.0079452,C1,True,C1,True,-1.0,1.0
20319855,[H][C@]12CC[C@]11OC3=C(C=CC(Cl)=N3)[C@]1([H])CN2,Clc1ccc2c(n1)O[C@@]13CC[C@@H]1NC[C@@H]23,-73.5,-153.07,153.07,73.5,-163.666125,163.666125,-340.8486225,340.8486225,C1,True,C1,True,-1.0,-1.0
20353053,CCOC(=O)[C@@H]1OC(C)(C)O[C@H]1CCC#C,C#CCC[C@@H]1OC(C)(C)O[C@H]1C(=O)OCC,-23.5,-121.09,121.09,23.5,-53.17391999999999,53.17391999999999,-273.9927648,273.9927648,C1,True,C1,True,-1.0,-1.0
20360546,[H][C@]12CC[C@@]3(CS(=O)(=O)NN=C3C1)C2(C)C,CC1(C)[C@H]2CC[C@@]13CS(=O)(=O)NN=C3C2,12.5,-194.8,194.8,12.5,28.539625,28.539625,-444.76151600000003,444.76151600000003,C1,True,C1,True,1.0,-1.0
20373194,O[C@H](CC(=O)C1=CC=CC=C1)C(=O)C1=CC=CO1,O=C(C[C@@H](O)C(=O)c1ccco1)c1ccccc1,5.0,-119.26,119.26,5.0,12.2123,12.2123,-291.2877796,291.2877796,C1,True,C1,True,1.0,-1.0
20373196,O[C@H](CC(=O)C1=CC=CC=C1)C(=O)C1=CC=CC=C1,O=C(C[C@@H](O)C(=O)c1ccccc1)c1ccccc1,12.2,-33.38,33.38,12.2,31.02277,31.02277,-84.88033300000001,84.88033300000001,C1,True,C1,True,1.0,-1.0
20406196,CC[C@]1(C(=O)N(C)C2=CC=CC=C12)C1=CC=CC=C1,CC[C@@]1(c2ccccc2)C(=O)N(C)c2ccccc21,-110.3,211.97,211.97,110.3,-277.21588699999995,277.21588699999995,532.7420812999999,532.7420812999999,C1,True,C1,True,-1.0,1.0
20406207,CN1C2=CC(F)=CC=C2[C@@](C)(C1=O)C1=CC=CC=C1,CN1C(=O)[C@@](C)(c2ccccc2)c2ccc(F)cc21,-67.82,229.38,229.38,67.82,-173.13903439999999,173.13903439999999,585.5887896,585.5887896,C1,True,C1,True,-1.0,1.0
20409727,CCCCCCC[C@@H](O)C#CC#CCOC(C)=O,CCCCCCC[C@@H](O)C#CC#CCOC(C)=O,-5.8,231.75,231.75,5.8,-14.519603999999998,14.519603999999998,580.1583149999999,580.1583149999999,C1,True,C1,True,-1.0,1.0
20431951,COC1=CC=C(C=C1)[C@@H](O)C1=CC(=CC=C1)C#N,COc1ccc([C@@H](O)c2cccc(C#N)c2)cc1,-61.84,-514.29,514.29,61.84,-147.96704160000002,147.96704160000002,-1230.5622546,1230.5622546,C1,True,C1,True,-1.0,-1.0
20452101,CC(C)(C)C(=O)OCC[C@H]1CC(=C)C[C@H](O1)C=C,C=C[C@@H]1CC(=C)C[C@H](CCOC(=O)C(C)(C)C)O1,-19.8,-14.39,14.39,19.8,-49.96609199999999,49.96609199999999,-36.313740599999996,36.313740599999996,C1,True,C1,True,-1.0,-1.0
20452116,CCCC[C@H](O)\C=C\[C@@H](C)O,CCCC[C@H](O)/C=C/[C@@H](C)O,60.0,-15.81,15.81,60.0,94.94459999999998,94.94459999999998,-25.017902099999993,25.017902099999993,C1,True,C1,True,1.0,-1.0
20452126,C[C@@H](O)\C=C\[C@@H](O)C1CCCCC1,C[C@@H](O)/C=C/[C@@H](O)C1CCCCC1,8.0,50.42,50.42,8.0,14.742319999999992,14.742319999999992,92.91347179999995,92.91347179999995,C1,True,C1,True,1.0,1.0
20504370,CC[C@H](N)[C@@H](O)CC1=CC=CC=C1,CC[C@H](N)[C@@H](O)Cc1ccccc1,-20.6,5.63,5.63,20.6,-36.928178,36.928178,10.0925069,10.0925069,C1,True,C1,True,-1.0,1.0
20504379,CCCCC[C@H](NC1=CC=C(OC)C=C1)[C@H](C)O,CCCCC[C@H](Nc1ccc(OC)cc1)[C@H](C)O,6.8,-98.16,98.16,6.8,17.09316,17.09316,-246.744792,246.744792,C1,True,C1,True,1.0,-1.0
20532624,CC[C@@H]([C@@H](O)C1CCCCC1)N(=O)=O,CC[C@@H]([C@@H](O)C1CCCCC1)[N+](=O)[O-],-4.0,-110.71,110.71,4.0,-8.050639999999998,8.050639999999998,-222.82158859999996,222.82158859999996,C1,True,C1,True,-1.0,-1.0
20542849,C[C@@H](CC=C)C(=O)C1=NC=CN1C,C=CC[C@H](C)C(=O)c1nccn1C,20.8,108.19,108.19,20.8,37.072880000000005,37.072880000000005,192.8324465,192.8324465,C1,True,C1,True,1.0,1.0
20548391,[H][C@@]12CC[C@](C)(O)[C@@]1([H])C=C(C)[C@@H](C)CCC2=C,C=C1CC[C@H](C)C(C)=C[C@H]2[C@H]1CC[C@]2(C)O,110.0,27.74,27.74,110.0,242.39159999999995,242.39159999999995,61.12675439999999,61.12675439999999,C1,True,C1,True,1.0,1.0
20549199,CC(C)[C@H](O)C(C)(C)CO,CC(C)[C@H](O)C(C)(C)CO,-9.5,-3.44,3.44,9.5,-13.89185,13.89185,-5.0303119999999995,5.0303119999999995,C1,True,C1,True,-1.0,-1.0
20549200,COCC(C)(C)[C@H](O)C(C)C,COCC(C)(C)[C@H](O)C(C)C,16.950000000000003,58.84,58.84,16.950000000000003,27.1635615,27.1635615,94.29521879999999,94.29521879999999,C1,True,C1,True,1.0,1.0
20549203,COCC(C)(C)[C@@H](O)CC(C)C,COCC(C)(C)[C@@H](O)CC(C)C,-9.0,-80.44,80.44,9.0,-15.685559999999995,15.685559999999995,-140.19404959999997,140.19404959999997,C1,True,C1,True,-1.0,-1.0
20549204,CC[C@H](C)[C@@H](O)C(C)(C)COC,CC[C@H](C)[C@@H](O)C(C)(C)COC,1.2,24.38,24.38,1.2,2.0914079999999995,2.0914079999999995,42.49043919999998,42.49043919999998,C1,True,C1,True,1.0,1.0
20549207,COC[C@@H](C(C)C)[C@@H](O)CC(C)C,COC[C@@H](C(C)C)[C@@H](O)CC(C)C,-13.2,-66.51,66.51,13.2,-24.857051999999996,24.857051999999996,-125.24564609999999,125.24564609999999,C1,True,C1,True,-1.0,-1.0
20549210,CC[C@H](C)OCC(C)(C)[C@@H](O)C(C)C,CC[C@H](C)OCC(C)(C)[C@@H](O)C(C)C,-4.5,8.24,8.24,4.5,-9.10521,9.10521,16.6726512,16.6726512,C1,True,C1,True,-1.0,1.0
20549211,CC[C@](C)(COC)[C@@H](O)CC(C)C,CC[C@](C)(COC)[C@@H](O)CC(C)C,-16.5,-38.97,38.97,16.5,-31.071314999999995,31.071314999999995,-73.38479669999998,73.38479669999998,C1,True,C1,True,-1.0,-1.0
20549214,CC(C)C[C@H](O)[C@@H](CO)C(C)C,CC(C)C[C@H](O)[C@@H](CO)C(C)C,-5.7,7.86,7.86,5.7,-9.934188,9.934188,13.6987224,13.6987224,C1,True,C1,True,-1.0,1.0
20549217,CC[C@@H](C)[C@H](O)[C@](C)(CC)CO,CC[C@@H](C)[C@H](O)[C@](C)(CC)CO,-12.3,-2.42,2.42,12.3,-21.436932,21.436932,-4.217672799999999,4.217672799999999,C1,True,C1,True,-1.0,-1.0
20549224,COCC(C)(C)[C@H](O)C1CCCCC1,COCC(C)(C)[C@H](O)C1CCCCC1,3.6,51.82,51.82,3.6,7.211591999999997,7.211591999999997,103.80686039999995,103.80686039999995,C1,True,C1,True,1.0,1.0
20549236,COCC1(CCCCC1)[C@H](O)C1CCCCC1,COCC1([C@H](O)C2CCCCC2)CCCCC1,10.1,44.64,44.64,10.1,24.279086999999986,24.279086999999986,107.30875679999994,107.30875679999994,C1,True,C1,True,1.0,1.0
20549239,OCC1(CCCCC1)[C@@H](O)C1CCCCC1,OCC1([C@@H](O)C2CCCCC2)CCCCC1,-13.2,-28.69,28.69,13.2,-29.879519999999985,29.879519999999985,-64.94268399999997,64.94268399999997,C1,True,C1,True,-1.0,-1.0
20595674,CC1=C2C=CC=CC2=C(C=C1)[C@H]1CC=CC(=O)O1,Cc1ccc([C@H]2CC=CC(=O)O2)c2ccccc12,485.0,584.57,584.57,485.0,1155.6871,1155.6871,1392.9484702000002,1392.9484702000002,C1,True,C1,True,1.0,1.0
20598716,C[C@@H]1[C@H](OC1=O)C1=CC=C(Br)C=C1,C[C@H]1C(=O)O[C@@H]1c1ccc(Br)cc1,28.3,-8.57,8.57,28.3,68.226772,68.226772,-20.6608988,20.6608988,C1,True,C1,True,1.0,-1.0
20598717,C[C@@H]1[C@H](OC1=O)C1=CC=C(C=C1)C#N,C[C@H]1C(=O)O[C@@H]1c1ccc(C#N)cc1,25.6,-17.89,17.89,25.6,47.922688,47.922688,-33.489722199999996,33.489722199999996,C1,True,C1,True,1.0,-1.0
20598720,CCC[C@@H]1[C@H](OC1=O)C1=CC=CC=C1,CCC[C@H]1C(=O)O[C@@H]1c1ccccc1,23.2,-8.57,8.57,23.2,44.136144,44.136144,-16.3037394,16.3037394,C1,True,C1,True,1.0,-1.0
20598721,C[C@@H]1[C@H](OC1=O)C1=CC=C(C=C1)N(=O)=O,C[C@H]1C(=O)O[C@@H]1c1ccc([N+](=O)[O-])cc1,14.2,-26.59,26.59,14.2,29.420269999999995,29.420269999999995,-55.09049149999999,55.09049149999999,C1,True,C1,True,1.0,-1.0
20598722,CCC[C@@H]1[C@H](OC1=O)C1=CC=C(Cl)C=C1,CCC[C@H]1C(=O)O[C@@H]1c1ccc(Cl)cc1,13.5,10.06,10.06,13.5,30.332745,30.332745,22.6035122,22.6035122,C1,True,C1,True,1.0,1.0
20598728,CCC[C@@H]1[C@H](OC1=O)C1=CC=C(C=C1)N(=O)=O,CCC[C@H]1C(=O)O[C@@H]1c1ccc([N+](=O)[O-])cc1,9.0,76.69,76.69,9.0,21.171509999999998,21.171509999999998,180.4047891,180.4047891,C1,True,C1,True,1.0,1.0
20598730,CCC[C@@H]1[C@H](OC1=O)C1=CC=C(C=C1)C#N,CCC[C@H]1C(=O)O[C@@H]1c1ccc(C#N)cc1,16.7,19.67,19.67,16.7,35.947084,35.947084,42.34006840000001,42.34006840000001,C1,True,C1,True,1.0,1.0
20598733,C[C@@H]1[C@H](OC1=O)C1=CC=C(C=C1)C(F)(F)F,C[C@H]1C(=O)O[C@@H]1c1ccc(C(F)(F)F)cc1,12.1,-20.59,20.59,12.1,27.852384999999995,27.852384999999995,-47.39509149999999,47.39509149999999,C1,True,C1,True,1.0,-1.0
20600866,CC1=CC=C(N[C@H](C#N)C2=CC=CC=C2)C=C1,Cc1ccc(N[C@H](C#N)c2ccccc2)cc1,8.6,-49.51,49.51,8.6,19.117026000000003,19.117026000000003,-110.05627410000002,110.05627410000002,C1,True,C1,True,1.0,-1.0
20600884,CC1(C)O[C@H](CC=O)[C@](C)(O1)C=C,C=C[C@@]1(C)OC(C)(C)O[C@@H]1CC=O,-22.6,254.98,254.98,22.6,-41.63711,41.63711,469.76240299999995,469.76240299999995,C1,True,C1,True,-1.0,1.0
20600885,CC(=O)C[C@H]1OC(C)(C)O[C@]1(C)C=C,C=C[C@@]1(C)OC(C)(C)O[C@@H]1CC(C)=O,-22.6,119.23,119.23,22.6,-44.807212,44.807212,236.38778259999998,236.38778259999998,C1,True,C1,True,-1.0,1.0
20600887,CC1(C)O[C@H](CCO)[C@](C)(O1)C=C,C=C[C@@]1(C)OC(C)(C)O[C@@H]1CCO,-3.1,-0.59,0.59,3.1,-5.773780999999999,5.773780999999999,-1.0988808999999997,1.0988808999999997,C1,True,C1,True,-1.0,-1.0
20612022,[H][C@@]1(CC2=C(N1)C=CC=C2)[C@@]1([H])CC2=C(N1)C=CC=C2,c1ccc2c(c1)C[C@H]([C@H]1Cc3ccccc3N1)N2,-14.0,67.95,67.95,14.0,-33.084520000000005,33.084520000000005,160.57808100000003,160.57808100000003,C2,True,C2,True,-1.0,1.0
20641646,CCCC[C@H](CC(C)=O)C1=CC=CC=C1,CCCC[C@H](CC(C)=O)c1ccccc1,-6.9,0.97,0.97,6.9,-14.097597000000002,14.097597000000002,1.9818361000000002,1.9818361000000002,C1,True,C1,True,-1.0,1.0
20645165,CC(C)CC(=O)[C@@H](O)CC1=CC=C(O)C=C1,CC(C)CC(=O)[C@@H](O)Cc1ccc(O)cc1,16.6,342.08,342.08,16.6,36.899144,36.899144,760.3891072,760.3891072,C1,True,C1,True,1.0,1.0
20653215,CC(C)(O[Si](C)(C)C)[C@@H]1C[C@@H](O)CN1,CC(C)(O[Si](C)(C)C)[C@@H]1C[C@@H](O)CN1,-10.2,117.49,117.49,10.2,-22.17327,22.17327,255.40563649999996,255.40563649999996,C1,True,C1,True,-1.0,1.0
20669473,C[Si](C)(C)[C@H](C=C)[C@@H](O)CCC1=CC=CC=C1,C=C[C@H]([C@@H](O)CCc1ccccc1)[Si](C)(C)C,13.3,-68.72,68.72,13.3,33.042786,33.042786,-170.72934239999998,170.72934239999998,C1,True,C1,True,1.0,-1.0
20669474,C[Si](C)(C)[C@H](C=C)[C@@H](O)\C=C\C1=CC=CC=C1,C=C[C@H]([C@@H](O)/C=C/c1ccccc1)[Si](C)(C)C,38.8,-395.49,395.49,38.8,95.61328799999997,95.61328799999997,-974.5901873999999,974.5901873999999,C1,True,C1,True,1.0,-1.0
20687792,CC(=O)C[C@@H]1CCCN1C(=O)OC(C)(C)C,CC(=O)C[C@@H]1CCCN1C(=O)OC(C)(C)C,-36.5,-146.64,146.64,36.5,-82.96596,82.96596,-333.31858559999995,333.31858559999995,C1,True,C1,True,-1.0,-1.0
20696239,CC(C)[C@@H](O)C1=CC=CC=C1O,CC(C)[C@@H](O)c1ccccc1O,24.1,-89.91,89.91,24.1,40.05902,40.05902,-149.44840199999996,149.44840199999996,C1,True,C1,True,1.0,-1.0
20696241,CC(C)(C)[C@@H](O)C1=CC=CC=C1O,CC(C)(C)[C@@H](O)c1ccccc1O,10.25,-86.5,86.5,10.25,18.4753175,18.4753175,-155.91365499999998,155.91365499999998,C1,True,C1,True,1.0,-1.0
20696244,C[C@@H](O)C1=CC=CC=C1O[C@@H](C)C1=CC=CC=C1,C[C@H](Oc1ccccc1[C@@H](C)O)c1ccccc1,75.3,-202.12,202.12,75.3,182.465454,182.465454,-489.7731415999999,489.7731415999999,C1,True,C1,True,1.0,-1.0
20700586,C\C(=C/C1=CC=CC=C1)[C@@H](O)CN(=O)=O,C/C(=C\c1ccccc1)[C@@H](O)C[N+](=O)[O-],-9.6,-388.75,388.75,9.6,-19.893983999999996,19.893983999999996,-805.6027374999998,805.6027374999998,C1,True,C1,True,-1.0,-1.0
20701999,CC(C)[C@@](C)(O)C1=CC=C(Cl)C=C1,CC(C)[C@@](C)(O)c1ccc(Cl)cc1,28.5,48.21,48.21,28.5,56.62750499999999,56.62750499999999,95.78989529999998,95.78989529999998,C1,True,C1,True,1.0,1.0
20702003,CC(C)[C@@](C)(O)C1=CC=CC=C1F,CC(C)[C@@](C)(O)c1ccccc1F,15.9,52.17,52.17,15.9,28.975841999999997,28.975841999999997,95.0735646,95.0735646,C1,True,C1,True,1.0,1.0
20702018,C[C@@](O)(C1CCCCC1)C1=CC=C(F)C=C1,C[C@](O)(c1ccc(F)cc1)C1CCCCC1,16.2,-38.04,38.04,16.2,36.01308599999999,36.01308599999999,-84.56406119999998,84.56406119999998,C1,True,C1,True,1.0,-1.0
20706175,CCC[C@@H](NC(=O)C1=CC=CC=C1)C1=CC=CC=C1,CCC[C@@H](NC(=O)c1ccccc1)c1ccccc1,-9.2,-89.91,89.91,9.2,-23.30774,23.30774,-227.7824895,227.7824895,C1,True,C1,True,-1.0,-1.0
20706749,[H][C@@]12CS[C@@]([H])([C@H](O)CO)[C@]1([H])OC(C)(C)O2,CC1(C)O[C@H]2[C@H]([C@H](O)CO)SC[C@H]2O1,-52.38,-127.77,127.77,52.38,-115.387902,115.387902,-281.46453299999996,281.46453299999996,C1,True,C1,True,-1.0,-1.0
20709809,CC1=CC=C(C=C1)[C@H](CN(=O)=O)C1=CC=CC=C1,Cc1ccc([C@H](C[N+](=O)[O-])c2ccccc2)cc1,1.29,340.63,340.63,1.29,3.112641000000001,3.112641000000001,821.9061270000001,821.9061270000001,C1,True,C1,True,1.0,1.0
20709812,FC1=CC=C(C=C1)[C@@H](CN(=O)=O)C1=CC=CC=C1,O=[N+]([O-])C[C@@H](c1ccccc1)c1ccc(F)cc1,-7.31,329.12,329.12,7.31,-17.927994299999998,17.927994299999998,807.1766736,807.1766736,C1,True,C1,True,-1.0,1.0
20749408,[H][C@]12CCC(=O)C1=C(C)CC2(C#N)C#N,CC1=C2C(=O)CC[C@@H]2C(C#N)(C#N)C1,-11.3,-210.22,210.22,11.3,-21.042181999999997,21.042181999999997,-391.4590707999999,391.4590707999999,C1,True,C1,True,-1.0,-1.0
20749409,[H][C@@]12CCCC(=O)C1=C(C)CC2(C#N)C#N,CC1=C2C(=O)CCC[C@H]2C(C#N)(C#N)C1,7.4,103.5,103.5,7.4,14.817834,14.817834,207.24943499999998,207.24943499999998,C1,True,C1,True,1.0,1.0
20749412,O=C1CCC[C@@H](C1)C(CC#C)(C#N)C#N,C#CCC(C#N)(C#N)[C@H]1CCCC(=O)C1,-17.1,-73.11,73.11,17.1,-34.24121099999999,34.24121099999999,-146.39619509999994,146.39619509999994,C1,True,C1,True,-1.0,-1.0
20749415,[H][C@]12CC(C)(C)CC(=O)C1=C(C)CC2(C#N)C#N,CC1=C2C(=O)CC(C)(C)C[C@@H]2C(C#N)(C#N)C1,-11.0,-125.87,125.87,11.0,-25.112449999999995,25.112449999999995,-287.35491649999994,287.35491649999994,C1,True,C1,True,-1.0,-1.0
20749416,[H][C@]12CCC[C@@H](O)C1=C(C)CC2(C#N)C#N,CC1=C2[C@H](O)CCC[C@@H]2C(C#N)(C#N)C1,9.1,-27.18,27.18,9.1,18.405386999999997,18.405386999999997,-54.973452599999995,54.973452599999995,C1,True,C1,True,1.0,-1.0
20749421,[H][C@]12CCCC(=O)C1=C(C)CCC2(C#N)C#N,CC1=C2C(=O)CCC[C@@H]2C(C#N)(C#N)CC1,-29.0,-94.55,94.55,29.0,-62.13771999999999,62.13771999999999,-202.59039399999997,202.59039399999997,C1,True,C1,True,-1.0,-1.0
20753129,CCCCCCC[C@H](CO)CCO,CCCCCCC[C@H](CO)CCO,1.1,46.27,46.27,1.1,2.071421,2.071421,87.1314997,87.1314997,C1,True,C1,True,1.0,1.0
20754302,O[C@H](CN(=O)=O)C1=C(O)C=CC=C1,O=[N+]([O-])C[C@@H](O)c1ccccc1O,4.9,47.68,47.68,4.9,8.974987,8.974987,87.3321184,87.3321184,C1,True,C1,True,1.0,1.0
20782291,COC(=O)\C=C\C[C@H]1CCC=N1=O,COC(=O)/C=C/C[C@H]1CCC=[N+]1[O-],5.75,47.12,47.12,5.75,10.534402499999999,10.534402499999999,86.32713839999998,86.32713839999998,C1,True,C1,True,1.0,1.0
20803061,CC(C)COC(=O)C[C@H](O)CC=C,C=CC[C@@H](O)CC(=O)OCC(C)C,-17.6,98.29,98.29,17.6,-32.780176,32.780176,183.0661079,183.0661079,C1,True,C1,True,-1.0,1.0
20803062,CC(C)COC(=O)[C@H](C)[C@H](O)CC=C,C=CC[C@@H](O)[C@@H](C)C(=O)OCC(C)C,-11.2,-63.4,63.4,11.2,-22.43113599999999,22.43113599999999,-126.97625199999997,126.97625199999997,C1,True,C1,True,-1.0,-1.0
20803066,CC[Si](CC)(CC)O[C@H](CC=C)[C@@H](C)C=O,C=CC[C@@H](O[Si](CC)(CC)CC)[C@@H](C)C=O,-37.5,-13.26,13.26,37.5,-90.91312499999998,90.91312499999998,-32.14688099999999,32.14688099999999,C1,True,C1,True,-1.0,-1.0
20807158,CC(C)N1C(=O)C[C@H](CC(C)=O)C1=O,CC(=O)C[C@H]1CC(=O)N(C(C)C)C1=O,6.4,-109.15,109.15,6.4,12.622976,12.622976,-215.28091099999997,215.28091099999997,C1,True,C1,True,1.0,-1.0
20807159,CCCN1C(=O)C[C@H](CC(C)=O)C1=O,CCCN1C(=O)C[C@H](CC(C)=O)C1=O,-2.8,-117.7,117.7,2.8,-5.522551999999998,5.522551999999998,-232.14441799999994,232.14441799999994,C1,True,C1,True,-1.0,-1.0
20807163,CC(=O)C[C@H]1CC(=O)N(C1=O)C1=CC=C(C)C=C1,CC(=O)C[C@H]1CC(=O)N(c2ccc(C)cc2)C1=O,11.7,-18.45,18.45,11.7,28.697525999999996,28.697525999999996,-45.253791,45.253791,C1,True,C1,True,1.0,-1.0
20816290,CC(C)(C=O)[C@H]1CC(=O)N(C1=O)C1=CC=CC=C1,CC(C)(C=O)[C@H]1CC(=O)N(c2ccccc2)C1=O,6.2,52.21,52.21,6.2,15.207236,15.207236,128.0596438,128.0596438,C1,True,C1,True,1.0,1.0
20862987,CCOC(=O)[C@@H](C)OC1=C(C)C(C)=CC(C)=C1,CCOC(=O)[C@@H](C)Oc1cc(C)cc(C)c1C,24.1,177.0,177.0,24.1,56.950950999999996,56.950950999999996,418.27047,418.27047,C1,True,C1,True,1.0,1.0
20870375,C[C@H](CC=C)C(=O)NCC1=CC=CC=C1,C=CC[C@@H](C)C(=O)NCc1ccccc1,8.5,-153.75,153.75,8.5,17.279225,17.279225,-312.55068750000004,312.55068750000004,C1,True,C1,True,1.0,-1.0
20914749,CCCC[C@H]([C@H](C)C(C)=O)C1=CC=CC=C1,CCCC[C@@H](c1ccccc1)[C@H](C)C(C)=O,20.3,71.43,71.43,20.3,44.32302,44.32302,155.960262,155.960262,C1,True,C1,True,1.0,1.0
20914757,CCCC[C@H](CC(C)=O)C1=CC=C(Cl)C=C1,CCCC[C@H](CC(C)=O)c1ccc(Cl)cc1,-1.7,-7.02,7.02,1.7,-4.058886,4.058886,-16.7608116,16.7608116,C1,True,C1,True,-1.0,-1.0
20914758,CCCC[C@H]([C@H](C)C(=O)C(C)C)C1=CC=CC=C1,CCCC[C@@H](c1ccccc1)[C@H](C)C(=O)C(C)C,75.9,21.54,21.54,75.9,187.013046,187.013046,53.07326759999999,53.07326759999999,C1,True,C1,True,1.0,1.0
20914762,CCCC[C@H]([C@H](C)C(=O)CC)C1=CC=CC=C1,CCCC[C@@H](c1ccccc1)[C@H](C)C(=O)CC,45.1,54.61,54.61,45.1,104.79751699999998,104.79751699999998,126.89561869999997,126.89561869999997,C1,True,C1,True,1.0,1.0
20914768,COC[C@@H]1CCCN1\N=C1/CCCCC=C1,COC[C@@H]1CCCN1/N=C1/C=CCCCC1,863.8,145.42,145.42,863.8,1920.5038159999997,1920.5038159999997,323.31519439999994,323.31519439999994,C1,True,C1,True,1.0,1.0
20928593,CC(C)CC(=O)[C@@H](O)CC1=CC=CC=C1,CC(C)CC(=O)[C@@H](O)Cc1ccccc1,41.5,-62.26,62.26,41.5,85.60827499999999,85.60827499999999,-128.433041,128.433041,C1,True,C1,True,1.0,-1.0
20928594,CCCCC(=O)[C@@H](O)CC1=CC=CC=C1,CCCCC(=O)[C@@H](O)Cc1ccccc1,35.5,361.09,361.09,35.5,73.23117500000001,73.23117500000001,744.8745064999999,744.8745064999999,C1,True,C1,True,1.0,1.0
21018578,C[C@@H](C=C)[C@@H](CO)C1=CC=CC=C1,C=C[C@H](C)[C@@H](CO)c1ccccc1,0.01,188.81,188.81,0.01,0.0176259,0.0176259,332.7946179,332.7946179,C1,True,C1,True,1.0,1.0
21018580,CC[C@H](CO)[C@H](C=C)C1=CC=CC=C1,C=C[C@H](c1ccccc1)[C@H](CC)CO,-87.1,-193.17,193.17,87.1,-165.73910599999996,165.73910599999996,-367.5754661999999,367.5754661999999,C1,True,C1,True,-1.0,-1.0
21018586,CC[C@@H]([C@H](C=C)C1=CC=CC=C1)C(=O)OC,C=C[C@H](c1ccccc1)[C@H](CC)C(=O)OC,-65.3,308.2,308.2,65.3,-142.54728799999995,142.54728799999995,672.7882719999997,672.7882719999997,C1,True,C1,True,-1.0,1.0
21018588,C[C@@H]([C@H](C=C)C1=CC=CO1)C(=O)[Si](C)(C)C,C=C[C@H](c1ccco1)[C@H](C)C(=O)[Si](C)(C)C,-15.5,-62.6,62.6,15.5,-36.63998499999999,36.63998499999999,-147.97826199999997,147.97826199999997,C1,True,C1,True,-1.0,-1.0
21018590,CCC[C@H](CO)[C@H](C=C)C1=CC=CC=C1,C=C[C@H](c1ccccc1)[C@@H](CO)CCC,-81.0,-168.62,168.62,81.0,-165.49352999999996,165.49352999999996,-344.5125805999999,344.5125805999999,C1,True,C1,True,-1.0,-1.0
21018592,CC[C@@H]([C@H](C=C)C1=CC=CC=C1)C(=O)CC,C=C[C@H](c1ccccc1)[C@H](CC)C(=O)CC,-52.1,-14.46,14.46,52.1,-112.70480399999997,112.70480399999997,-31.280450399999992,31.280450399999992,C1,True,C1,True,-1.0,-1.0
21018595,C[C@@H]([C@H](C=C)C1=CC=CC=C1)C(=O)[Si](C)(C)C,C=C[C@H](c1ccccc1)[C@H](C)C(=O)[Si](C)(C)C,-9.6,-30.94,30.94,9.6,-23.656895999999996,23.656895999999996,-76.24420439999999,76.24420439999999,C1,True,C1,True,-1.0,-1.0
21018597,C[C@@H](C=C)[C@@H](C(=O)[Si](C)(C)C)C1=CC=CC=C1,C=C[C@H](C)[C@@H](C(=O)[Si](C)(C)C)c1ccccc1,-309.3,-400.14,400.14,309.3,-762.195618,762.195618,-986.0489963999999,986.0489963999999,C1,True,C1,True,-1.0,-1.0
21025691,COC(=O)[C@](O)(CN(=O)=O)C1=CC=CC=C1,COC(=O)[C@](O)(C[N+](=O)[O-])c1ccccc1,-4.8,64.09,64.09,4.8,-10.8096,10.8096,144.33068,144.33068,C1,True,C1,True,-1.0,1.0
21034118,CC(C)=CCC\C(C)=C\[C@H](O)CC(C)=C,C=C(C)C[C@@H](O)/C=C(\C)CCC=C(C)C,13.0,14.2,14.2,13.0,27.084849999999992,27.084849999999992,29.58498999999999,29.58498999999999,C1,True,C1,True,1.0,1.0
21034285,[H][C@@]1(CC=C(C=C1)C(O)=O)[C@H](C)CCC=C(C)C,CC(C)=CCC[C@@H](C)[C@@H]1C=CC(C(=O)O)=CC1,-87.0,-676.1,676.1,87.0,-203.87492999999998,203.87492999999998,-1584.365979,1584.365979,C1,True,C1,True,-1.0,-1.0
21034286,[H][C@@]1(CC=C(C=C1)C(O)=O)[C@@H](C)CCC=C(C)C,CC(C)=CCC[C@H](C)[C@@H]1C=CC(C(=O)O)=CC1,-51.0,-578.87,578.87,51.0,-119.51289000000001,119.51289000000001,-1356.5181693,1356.5181693,C1,True,C1,True,-1.0,-1.0
21037121,C[C@@H]1CC2=C(C(C)=N1)C(O)=CC=C2C1=CC=CC=C1,CC1=N[C@H](C)Cc2c(-c3ccccc3)ccc(O)c21,99.8,-429.14,429.14,99.8,250.82634200000004,250.82634200000004,-1078.5532706000001,1078.5532706000001,C1,True,C1,True,1.0,-1.0
21076512,C[C@H]1CC[C@@H]2O[C@@]22CCC(=O)[C@@H](C(C)=O)[C@]12C,CC(=O)[C@@H]1C(=O)CC[C@]23O[C@H]2CC[C@H](C)[C@@]13C,-33.0,-38.33,38.33,33.0,-77.98262999999999,77.98262999999999,-90.57800629999998,90.57800629999998,C1,True,C1,True,-1.0,-1.0
21087342,C=CC[C@@H](OC(=O)C=C)C1=CC=C2C=CC=CC2=C1,C=CC[C@@H](OC(=O)C=C)c1ccc2ccccc2c1,67.46,251.09,251.09,67.46,170.21034980000002,170.21034980000002,633.5327117,633.5327117,C1,True,C1,True,1.0,1.0
21096896,CCO[C@@H]1CC[C@@H](O1)C1=CC=CC=C1,CCO[C@@H]1CC[C@H](c2ccccc2)O1,148.7,176.57,176.57,148.7,285.88764599999996,285.88764599999996,339.4699506,339.4699506,C1,True,C1,True,1.0,1.0
21096902,FC1=CC=C(C=C1)[C@H]1CCCO1,Fc1ccc([C@H]2CCCO2)cc1,37.9,134.77,134.77,37.9,62.98790500000001,62.98790500000001,223.98100150000005,223.98100150000005,C1,True,C1,True,1.0,1.0
21096917,CCO[C@@H]1CC[C@H](O1)C1=CC=C(F)C=C1,CCO[C@@H]1CC[C@@H](c2ccc(F)cc2)O1,59.1,28.99,28.99,59.1,124.25656799999999,124.25656799999999,60.9508952,60.9508952,C1,True,C1,True,1.0,1.0
21096918,CCO[C@@H]1CC[C@@H](O1)C1=CC=C(F)C=C1,CCO[C@@H]1CC[C@H](c2ccc(F)cc2)O1,137.1,149.84,149.84,137.1,288.250008,288.250008,315.0356032,315.0356032,C1,True,C1,True,1.0,1.0
21096930,CCO[C@@H]1CC[C@@](C)(O1)C1=CC=C(C)C=C1,CCO[C@@H]1CC[C@](C)(c2ccc(C)cc2)O1,102.8,58.71,58.71,102.8,226.480736,226.480736,129.3451752,129.3451752,C1,True,C1,True,1.0,1.0
21096938,CCOC(CC[C@H](O)C1=CC=CC=C1)OCC,CCOC(CC[C@H](O)c1ccccc1)OCC,-31.2,-91.5,91.5,31.2,-74.358024,74.358024,-218.069205,218.069205,C1,True,C1,True,-1.0,-1.0
21141874,[H][C@]12OC(C)(C)O[C@@]1([H])C(CO)=CC=C2,CC1(C)O[C@@H]2C=CC=C(CO)[C@@H]2O1,-75.0,50.54,50.54,75.0,-136.66424999999998,136.66424999999998,92.09348259999999,92.09348259999999,C1,True,C1,True,-1.0,1.0
21141875,[H][C@]12OC(C)(C)O[C@@]1([H])C(=CC=C2)C(=O)OC,COC(=O)C1=CC=C[C@H]2OC(C)(C)O[C@@H]12,-108.0,-318.63,318.63,108.0,-227.04731999999996,227.04731999999996,-669.8526626999998,669.8526626999998,C1,True,C1,True,-1.0,-1.0
21149135,C[C@@H](OC(C)=O)C#CCO,CC(=O)O[C@H](C)C#CCO,162.4,52.51,52.51,162.4,230.85809600000002,230.85809600000002,74.6450654,74.6450654,C1,True,C1,True,1.0,1.0
21149145,CC1(C)C[C@](C)(O)[C@H](O)[C@H](O1)C=C,C=C[C@H]1OC(C)(C)C[C@](C)(O)[C@@H]1O,52.8,11.17,11.17,52.8,98.34052799999999,98.34052799999999,20.8042367,20.8042367,C1,True,C1,True,1.0,1.0
21154449,C[C@H](CCCO)COCC1=CC=CC=C1,C[C@H](CCCO)COCc1ccccc1,4.0,-97.11,97.11,4.0,8.332040000000001,8.332040000000001,-202.2811011,202.2811011,C1,True,C1,True,1.0,-1.0
21156616,O[C@H](CN(=O)=O)C1=CC=C(O)C=C1,O=[N+]([O-])C[C@@H](O)c1ccc(O)cc1,5.5,-44.54,44.54,5.5,10.073965,10.073965,-81.5808002,81.5808002,C1,True,C1,True,1.0,-1.0
21163294,O[C@H](CC=C)C1=CC=CC=C1C#N,C=CC[C@@H](O)c1ccccc1C#N,9.2,222.36,222.36,9.2,15.935779999999998,15.935779999999998,385.160874,385.160874,C1,True,C1,True,1.0,1.0
21163924,COC1=C(O)C=CC=C1[C@H](O)[C@H](C)CC=C,C=CC[C@@H](C)[C@@H](O)c1cccc(O)c1OC,4.1,167.6,167.6,4.1,9.113643999999999,9.113643999999999,372.54798399999993,372.54798399999993,C1,True,C1,True,1.0,1.0
21163930,[H][C@]12CC(C)=C[C@@]11CC[C@@]([H])(C2)C(=O)C1(OC)OC,COC1(OC)C(=O)[C@H]2CC[C@@]13C=C(C)C[C@@H]3C2,-15.0,63.15,63.15,15.0,-35.44664999999999,35.44664999999999,149.23039649999998,149.23039649999998,C1,True,C1,True,-1.0,1.0
21163940,[H][C@@]12C[C@@H](C)[C@@H](O)[C@]11C=C[C@]([H])(C2)C(=O)C1(OC)OC,COC1(OC)C(=O)[C@@H]2C=C[C@@]13[C@H](C2)C[C@@H](C)[C@H]3O,-138.0,-253.37,253.37,138.0,-348.1878,348.1878,-639.277847,639.277847,C1,True,C1,True,-1.0,-1.0
21163941,[H][C@]12C[C@@H](C)[C@@H](O)[C@@]11C=C[C@@]([H])(C2)C(=O)C1(OC)OC,COC1(OC)C(=O)[C@H]2C=C[C@]13[C@H](C[C@@H](C)[C@H]3O)C2,2.0,208.72,208.72,2.0,5.0462,5.0462,526.6214319999999,526.6214319999999,C1,True,C1,True,1.0,1.0
21163951,[H][C@@]12C[C@@H](C)[C@@H](O)[C@]11CC[C@]([H])(C2)C(=O)C1(OC)OC,COC1(OC)C(=O)[C@@H]2CC[C@@]13[C@H](C2)C[C@@H](C)[C@H]3O,9.2,43.47,43.47,9.2,23.397991999999995,23.397991999999995,110.55551219999998,110.55551219999998,C1,True,C1,True,1.0,1.0
21163952,[H][C@]12C[C@@H](C)[C@@H](O)[C@@]11CC[C@@]([H])(C2)C(=O)C1(OC)OC,COC1(OC)C(=O)[C@H]2CC[C@]13[C@@H](C2)C[C@@H](C)[C@H]3O,-33.5,-92.13,92.13,33.5,-85.19920999999998,85.19920999999998,-234.31054379999995,234.31054379999995,C1,True,C1,True,-1.0,-1.0
21169291,CCC[C@@H](NCCC1=CC=CC=C1)\C=C\C,C/C=C/[C@@H](CCC)NCCc1ccccc1,-1.3,178.42,178.42,1.3,-2.8256280000000005,2.8256280000000005,387.8065752,387.8065752,C1,True,C1,True,-1.0,1.0
21170754,[H][C@@]1(COC(C)(C)O1)[C@@H](O)CC(=O)C1=CC=CC=C1,CC1(C)OC[C@H]([C@@H](O)CC(=O)c2ccccc2)O1,-45.9,109.91,109.91,45.9,-114.88494599999999,114.88494599999999,275.09813539999993,275.09813539999993,C1,True,C1,True,-1.0,1.0
21205028,CC(C)[C@@H]1OC=N[C@H]1C(=O)OC(C)(C)C,CC(C)[C@@H]1OC=N[C@H]1C(=O)OC(C)(C)C,-28.2,-146.74,146.74,28.2,-60.14411399999999,60.14411399999999,-312.96266979999996,312.96266979999996,C1,True,C1,True,-1.0,-1.0
21207859,BrCC#C[C@H](OCC#C)C1=COC=C1,C#CCO[C@@H](C#CCBr)c1ccoc1,73.5,297.94,297.94,73.5,186.024825,186.024825,754.071243,754.071243,C1,True,C1,True,1.0,1.0
21207860,OCC#C[C@H](OCC#C)C1=COC=C1,C#CCO[C@@H](C#CCO)c1ccoc1,78.3,-107.8,107.8,78.3,148.92503399999998,148.92503399999998,-205.03344399999997,205.03344399999997,C1,True,C1,True,1.0,-1.0
21218731,C[C@@H](O)CN1CSCSC1,C[C@@H](O)CN1CSCSC1,-46.49,-26.08,26.08,46.49,-83.36121899999998,83.36121899999998,-46.764047999999995,46.764047999999995,C1,True,C1,True,-1.0,-1.0
21261918,O=S1(=O)N[C@@H](C2=CC=CC=C12)C1=CC=CC=C1,O=S1(=O)N[C@H](c2ccccc2)c2ccccc21,-27.4,15.05,15.05,27.4,-67.213022,67.213022,36.918101500000006,36.918101500000006,C1,True,C1,True,-1.0,1.0
21263986,COC(=O)C[C@@H](N[C@H](C)C1=CC=CC=C1)C(C)C,COC(=O)C[C@@H](N[C@H](C)c1ccccc1)C(C)C,26.1,-121.69,121.69,26.1,65.081394,65.081394,-303.4388826,303.4388826,C1,True,C1,True,1.0,-1.0
21263990,FC(F)(F)C1=CC=C(C=C1)[C@H]1CC(=O)N1,O=C1C[C@H](c2ccc(C(F)(F)F)cc2)N1,61.0,90.44,90.44,61.0,131.25614,131.25614,194.60336559999996,194.60336559999996,C1,True,C1,True,1.0,1.0
21294299,CCC[C@@H](C=C)B1OC(C)(C)C(C)(C)O1,C=C[C@H](CCC)B1OC(C)(C)C(C)(C)O1,11.1,72.93,72.93,11.1,23.323985999999994,23.323985999999994,153.2448918,153.2448918,C1,True,C1,True,1.0,1.0
21311289,CC[C@H](CC(OC)OC)\C=C\C(=O)OC,CC[C@@H](/C=C/C(=O)OC)CC(OC)OC,-19.7,167.08,167.08,19.7,-42.60656899999999,42.60656899999999,361.3556116,361.3556116,C1,True,C1,True,-1.0,1.0
21311294,CC[C@H](CC(OC)OC)\C=C\C(=O)N(C)OC,CC[C@@H](/C=C/C(=O)N(C)OC)CC(OC)OC,-17.2,269.1,269.1,17.2,-42.194867999999985,42.194867999999985,660.1534289999998,660.1534289999998,C1,True,C1,True,-1.0,1.0
21311299,CCCC[C@H](CC(OC)OC)\C=C\C(=O)OC,CCCC[C@@H](/C=C/C(=O)OC)CC(OC)OC,-7.5,-124.29,124.29,7.5,-18.324824999999993,18.324824999999993,-303.67899989999995,303.67899989999995,C1,True,C1,True,-1.0,-1.0
21311305,CCCC[C@H](CC(O)=O)\C=C\C(=O)OC,CCCC[C@@H](/C=C/C(=O)OC)CC(=O)O,-5.4,109.89,109.89,5.4,-11.570093999999997,11.570093999999997,235.45141289999992,235.45141289999992,C1,True,C1,True,-1.0,1.0
21314065,COC1=CC(C)=CC2=C1CC[C@@](C)(CC=C)C2=O,C=CC[C@]1(C)CCc2c(OC)cc(C)cc2C1=O,-8.9,23.32,23.32,8.9,-21.745726,21.745726,56.97868879999999,56.97868879999999,C1,True,C1,True,-1.0,1.0
21325994,O[C@@](CN(=O)=O)(C=O)C1=CC=CS1,O=C[C@@](O)(C[N+](=O)[O-])c1cccs1,-29.6,-290.31,290.31,29.6,-59.55608800000001,59.55608800000001,-584.1124293,584.1124293,C1,True,C1,True,-1.0,-1.0
21326003,O[C@@](CN(=O)=O)(C=O)C1=CC=CC=C1,O=C[C@@](O)(C[N+](=O)[O-])c1ccccc1,-72.7,-350.16,350.16,72.7,-141.89149800000004,141.89149800000004,-683.4212784000001,683.4212784000001,C1,True,C1,True,-1.0,-1.0
21326009,OC[C@@](O)(CN(=O)=O)C1=CC=CC=C1,O=[N+]([O-])C[C@](O)(CO)c1ccccc1,-7.0,-67.08,67.08,7.0,-13.803300000000002,13.803300000000002,-132.27505200000002,132.27505200000002,C1,True,C1,True,-1.0,-1.0
21326018,CC1=CC=C(C=C1)[C@](O)(CN(=O)=O)C=O,Cc1ccc([C@@](O)(C=O)C[N+](=O)[O-])cc1,-96.6,-354.35,354.35,96.6,-202.08816599999997,202.08816599999997,-741.3037435,741.3037435,C1,True,C1,True,-1.0,-1.0
21326022,O[C@@](CN(=O)=O)(C=O)C1=CC=C(Cl)C=C1,O=C[C@@](O)(C[N+](=O)[O-])c1ccc(Cl)cc1,-75.6,-326.61,326.61,75.6,-173.59196400000002,173.59196400000002,-749.9586159000002,749.9586159000002,C1,True,C1,True,-1.0,-1.0
21326028,O[C@@](CN(=O)=O)(C=O)C1=CC=C(F)C=C1,O=C[C@@](O)(C[N+](=O)[O-])c1ccc(F)cc1,-79.5,-292.51,292.51,79.5,-169.46538,169.46538,-623.5260164,623.5260164,C1,True,C1,True,-1.0,-1.0
21326034,COC(OC)[C@@](O)(CN(=O)=O)C1=CC=CC=C1,COC(OC)[C@@](O)(C[N+](=O)[O-])c1ccccc1,17.3,74.96,74.96,17.3,41.735039,41.735039,180.83575279999997,180.83575279999997,C1,True,C1,True,1.0,1.0
21326037,O[C@@](CN(=O)=O)(C=O)C1=CC=C(C=C1)N(=O)=O,O=C[C@@](O)(C[N+](=O)[O-])c1ccc([N+](=O)[O-])cc1,-14.2,-237.8,237.8,14.2,-34.104282000000005,34.104282000000005,-571.1266380000001,571.1266380000001,C1,True,C1,True,-1.0,-1.0
21326041,O[C@@](CN(=O)=O)(C=O)C1=CC=C2C=CC=CC2=C1,O=C[C@@](O)(C[N+](=O)[O-])c1ccc2ccccc2c1,-42.0,384.88,384.88,42.0,-102.99828000000001,102.99828000000001,943.8566192000002,943.8566192000002,C1,True,C1,True,-1.0,1.0
21327393,C=C[C@H]1OC(O[C@@H]1C=C)C1=CC=CC=C1,C=C[C@H]1OC(c2ccccc2)O[C@@H]1C=C,-0.1,-3.57,3.57,0.1,-0.20225300000000002,0.20225300000000002,-7.220432099999999,7.220432099999999,C1,True,C1,True,-1.0,-1.0
21327929,CC(C)C[C@@]1(CCCC(=O)C1)C#CC(C)(C)C,CC(C)C[C@]1(C#CC(C)(C)C)CCCC(=O)C1,39.4,-2.88,2.88,39.4,92.34690199999997,92.34690199999997,-6.750230399999998,6.750230399999998,C1,True,C1,True,1.0,-1.0
21342464,CC1(C)OC[C@@H](O1)[C@@H](O)C(=O)CO,CC1(C)OC[C@H]([C@@H](O)C(=O)CO)O1,-27.3,-226.62,226.62,27.3,-51.923235,51.923235,-431.01990899999987,431.01990899999987,C1,True,C1,True,-1.0,-1.0
21353137,[H][C@]1(CCC(=O)O1)[C@H](N)C1=CC=C(Cl)C=C1,N[C@H](c1ccc(Cl)cc1)[C@@H]1CCC(=O)O1,-92.9,-52.58,52.58,92.9,-209.65207499999997,209.65207499999997,-118.65991499999997,118.65991499999997,C1,True,C1,True,-1.0,-1.0
21367363,O=C[C@@H]1CCC[C@H]1CN(=O)=O,O=C[C@@H]1CCC[C@H]1C[N+](=O)[O-],3.0,42.01,42.01,3.0,4.715070000000001,4.715070000000001,66.02669689999999,66.02669689999999,C1,True,C1,True,1.0,1.0
21374834,CCCCCCCC[C@@H](O)[C@@H](C)CO,CCCCCCCC[C@@H](O)[C@@H](C)CO,22.7,35.74,35.74,22.7,45.93072599999999,45.93072599999999,72.3156012,72.3156012,C1,True,C1,True,1.0,1.0
21379219,CC1=CC=CC=C1[C@@H](O)CC#C,C#CC[C@H](O)c1ccccc1C,-63.2,-183.04,183.04,63.2,-101.25651199999999,101.25651199999999,-293.2593664,293.2593664,C1,True,C1,True,-1.0,-1.0
21379220,CC1=CC=C(C=C1)[C@H](O)CC#C,C#CC[C@@H](O)c1ccc(C)cc1,32.900000000000006,50.97,50.97,32.900000000000006,52.71106400000001,52.71106400000001,81.66209519999998,81.66209519999998,C1,True,C1,True,1.0,1.0
21379222,O[C@@H](CC#C)C1=CC=C(Br)C=C1,C#CC[C@H](O)c1ccc(Br)cc1,-28.4,-35.19,35.19,28.4,-63.92413999999999,63.92413999999999,-79.20741149999999,79.20741149999999,C1,True,C1,True,-1.0,-1.0
21379226,O[C@@H](CC#C)C1=CC=C(F)C=C1,C#CC[C@H](O)c1ccc(F)cc1,-26.3,-61.84,61.84,26.3,-43.179077,43.179077,-101.5282936,101.5282936,C1,True,C1,True,-1.0,-1.0
21379278,COC1=C(C=CC=C1)[C@@H](C)C1=CC=CC=C1,COc1ccccc1[C@@H](C)c1ccccc1,-40.5,-378.7,378.7,40.5,-85.97826,85.97826,-803.949804,803.949804,C1,True,C1,True,-1.0,-1.0
21395139,CCOC(=O)\C=C\C[C@@H](O)C(C)(C)C,CCOC(=O)/C=C/C[C@@H](O)C(C)(C)C,37.0,112.56,112.56,37.0,74.10285999999998,74.10285999999998,225.43291679999996,225.43291679999996,C1,True,C1,True,1.0,1.0
21395141,CCOC(=O)\C=C\C[C@@H](O)C1(C)COC1,CCOC(=O)/C=C/C[C@@H](O)C1(C)COC1,6.0,21.69,21.69,6.0,12.855659999999995,12.855659999999995,46.473210899999984,46.473210899999984,C1,True,C1,True,1.0,1.0
21395142,CCOC(=O)\C=C\C[C@@H](O)C1CCCC1,CCOC(=O)/C=C/C[C@@H](O)C1CCCC1,-41.0,213.42,213.42,41.0,-87.03848999999997,87.03848999999997,453.06718379999984,453.06718379999984,C1,True,C1,True,-1.0,1.0
21395144,CCOC(=O)\C=C\C[C@@H](O)C1=C(OC)C=CC=C1,CCOC(=O)/C=C/C[C@@H](O)c1ccccc1OC,25.0,3.81,3.81,25.0,62.573499999999996,62.573499999999996,9.5362014,9.5362014,C1,True,C1,True,1.0,1.0
21395146,CCOC(=O)\C=C\C[C@@H](O)C1CCCCC1,CCOC(=O)/C=C/C[C@@H](O)C1CCCCC1,-11.0,-88.07,88.07,11.0,-24.89475999999999,24.89475999999999,-199.31650119999992,199.31650119999992,C1,True,C1,True,-1.0,-1.0
21412785,[H][C@@]12C[C@@]([H])(C(C=NC(C)C)=CC1)C2(C)C,CC(C)N=CC1=CC[C@H]2C[C@@H]1C2(C)C,21.4,41.47,41.47,21.4,40.94205199999999,40.94205199999999,79.33957459999998,79.33957459999998,C1,True,C1,True,1.0,1.0
21412790,[H][C@@]12C[C@@]([H])(C(C=NC3=CC=C(C)C=C3)=CC1)C2(C)C,Cc1ccc(N=CC2=CC[C@H]3C[C@@H]2C3(C)C)cc1,25.3,-111.11,111.11,25.3,60.558586000000005,60.558586000000005,-265.9551182,265.9551182,C1,True,C1,True,1.0,-1.0
21419709,CO[C@H]1C[C@@H](OCC2=CC=CC=C2)C=CO1,CO[C@H]1C[C@@H](OCc2ccccc2)C=CO1,-10.0,-417.56,417.56,10.0,-22.0268,22.0268,-919.7510608000001,919.7510608000001,C1,True,C1,True,-1.0,-1.0
21419711,CO[C@H]1OC=CC[C@H]1OCC1=CC=CC=C1,CO[C@H]1OC=CC[C@H]1OCc1ccccc1,96.6,-20.9,20.9,96.6,212.778888,212.778888,-46.036012,46.036012,C1,True,C1,True,1.0,-1.0
21419722,[2H][C@@H]1O[C@H](OC)[C@@H](C[C@H]1O)OCC1=CC=CC=C1,[2H][C@@H]1O[C@H](OC)[C@H](OCc2ccccc2)C[C@H]1O,197.0,74.43,74.43,197.0,471.39953050265996,471.39953050265996,178.1028784533654,178.1028784533654,C1,True,C1,True,1.0,1.0
21419723,[2H][C@H]1O[C@H](C[C@@H](OCC2=CC=CC=C2)[C@@H]1O)OC,[2H][C@H]1O[C@@H](OC)C[C@@H](OCc2ccccc2)[C@@H]1O,3.5,-332.3,332.3,3.5,8.37511856223,8.37511856223,-795.157685208294,795.157685208294,C1,True,C1,True,1.0,-1.0
21431527,O[C@H](COC1=CC=CC=C1)C1=CC=C(Cl)C=C1,O[C@H](COc1ccccc1)c1ccc(Cl)cc1,35.8,78.18,78.18,35.8,89.03782199999999,89.03782199999999,194.44069620000002,194.44069620000002,C1,True,C1,True,1.0,1.0
21431958,CCC[C@@H](O)CCCC=C,C=CCCC[C@H](O)CCC,-1.97,-120.25,120.25,1.97,-2.8021673999999996,2.8021673999999996,-171.046005,171.046005,C1,True,C1,True,-1.0,-1.0
21431960,O[C@@H](CCCC=C)CC=C,C=CCCC[C@H](O)CC=C,-8.72,-213.86,213.86,8.72,-12.227707199999998,12.227707199999998,-299.88732359999995,299.88732359999995,C1,True,C1,True,-1.0,-1.0
21431962,CCC[C@@H](CCCC=C)N=N#N,C=CCCC[C@H](CCC)N=[N+]=[N-],1.37,278.56,278.56,1.37,2.2914072,2.2914072,465.90831360000004,465.90831360000004,C1,True,C1,True,1.0,1.0
21431963,CCC[C@@H](CCCC(C)=O)N=N#N,CCC[C@@H](CCCC(C)=O)N=[N+]=[N-],3.19,3.61,3.61,3.19,5.8458345000000005,5.8458345000000005,6.6155055,6.6155055,C1,True,C1,True,1.0,1.0
21431964,CC(=O)CCC[C@H](CC(C)=O)N=N#N,CC(=O)CCC[C@H](CC(C)=O)N=[N+]=[N-],-10.02,102.83,102.83,10.02,-19.7632476,19.7632476,202.81983540000002,202.81983540000002,C1,True,C1,True,-1.0,1.0
21431965,CS(=O)(=O)O[C@@H](CCCC=C)CC=C,C=CCCC[C@@H](CC=C)OS(C)(=O)=O,-18.5,67.57,67.57,18.5,-40.38883,40.38883,147.5174726,147.5174726,C1,True,C1,True,-1.0,1.0
21431966,CCC[C@H](CCCC=C)OS(C)(=O)=O,C=CCCC[C@@H](CCC)OS(C)(=O)=O,3.82,-209.04,209.04,3.82,8.416758799999998,8.416758799999998,-460.5861935999999,460.5861935999999,C1,True,C1,True,1.0,-1.0
21433934,O[C@H]([C@@H](C=C)C(F)(F)F)C1=CC=CO1,C=C[C@H]([C@@H](O)c1ccco1)C(F)(F)F,15.0,42.56,42.56,15.0,30.92444999999999,30.92444999999999,87.74297279999998,87.74297279999998,C1,True,C1,True,1.0,1.0
21433937,C[C@H](C=C)[C@@H](O)CCNC(=O)OC(C)(C)C,C=C[C@@H](C)[C@@H](O)CCNC(=O)OC(C)(C)C,-7.14,71.17,71.17,7.14,-16.373447999999996,16.373447999999996,163.207044,163.207044,C1,True,C1,True,-1.0,1.0
21433938,O[C@@H](CCC1=CC=CC=C1)[C@@H](C=C)C(F)(F)F,C=C[C@H]([C@@H](O)CCc1ccccc1)C(F)(F)F,-15.01,-261.25,261.25,15.01,-36.6628256,36.6628256,-638.1187999999999,638.1187999999999,C1,True,C1,True,-1.0,-1.0
21433939,O[C@@H](\C=C\C1=CC=CC=C1)[C@@H](C=C)C(F)(F)F,C=C[C@H]([C@@H](O)/C=C/c1ccccc1)C(F)(F)F,-23.64,-264.19,264.19,23.64,-57.26553599999999,57.26553599999999,-639.9738559999998,639.9738559999998,C1,True,C1,True,-1.0,-1.0
21433943,O[C@H]([C@@H](C=C)C(F)(F)F)C1CCCCC1,C=C[C@H]([C@@H](O)C1CCCCC1)C(F)(F)F,-27.35,-38.69,38.69,27.35,-60.78537499999999,60.78537499999999,-85.98852499999997,85.98852499999997,C1,True,C1,True,-1.0,-1.0
21433949,CCCCCCCC[C@H](O)[C@@H](C=C)C(F)(F)F,C=C[C@H]([C@@H](O)CCCCCCCC)C(F)(F)F,-29.29,89.98,89.98,29.29,-73.90452799999998,73.90452799999998,227.03753599999996,227.03753599999996,C1,True,C1,True,-1.0,1.0
21434871,[H][C@]1(OC(C)(C)O[C@H]1C)[C@H](O)C(=O)CO,C[C@@H]1OC(C)(C)O[C@H]1[C@H](O)C(=O)CO,-22.2,160.48,160.48,22.2,-45.33728399999999,45.33728399999999,327.7354655999999,327.7354655999999,C1,True,C1,True,-1.0,1.0
21434872,[H][C@]1(OC(C)(C)O[C@H]1C)[C@@H](O)C(=O)CO,C[C@@H]1OC(C)(C)O[C@H]1[C@@H](O)C(=O)CO,-48.7,-198.97,198.97,48.7,-99.45611399999999,99.45611399999999,-406.3405133999999,406.3405133999999,C1,True,C1,True,-1.0,-1.0
21434875,C[C@@H](OCC1=CC=CC=C1)[C@@H](O)CC(C)=O,CC(=O)C[C@H](O)[C@@H](C)OCc1ccccc1,-36.0,-133.22,133.22,36.0,-80.02224,80.02224,-296.1267448,296.1267448,C1,True,C1,True,-1.0,-1.0
21434876,C[C@@H](OCC1=CC=CC=C1)[C@H](O)C(=O)CO,C[C@@H](OCc1ccccc1)[C@H](O)C(=O)CO,-9.0,144.81,144.81,9.0,-20.183039999999995,20.183039999999995,324.74511359999997,324.74511359999997,C1,True,C1,True,-1.0,1.0
21434877,C[C@@H](OCC1=CC=CC=C1)[C@@H](O)C(=O)CO,C[C@@H](OCc1ccccc1)[C@@H](O)C(=O)CO,-34.5,-254.56,254.56,34.5,-77.36832,77.36832,-570.8660735999999,570.8660735999999,C1,True,C1,True,-1.0,-1.0
21434879,CC(C)C(=O)C[C@H](O)[C@@H](C)OCC1=CC=CC=C1,CC(C)C(=O)C[C@H](O)[C@@H](C)OCc1ccccc1,-39.3,-171.16,171.16,39.3,-98.38283399999999,98.38283399999999,-428.4785207999999,428.4785207999999,C1,True,C1,True,-1.0,-1.0
21446838,COC(=O)[C@]1(O)C=CC=C(Br)[C@H]1O,COC(=O)[C@]1(O)C=CC=C(Br)[C@H]1O,-40.0,-483.88,483.88,40.0,-99.624,99.624,-1205.1515279999999,1205.1515279999999,C1,True,C1,True,-1.0,-1.0
21446842,[H][C@]12OC(C)(C)O[C@]1(C=CC=C2C#C)C(=O)OC,C#CC1=CC=C[C@]2(C(=O)OC)OC(C)(C)O[C@H]12,-184.0,137.22,137.22,184.0,-431.02183999999994,431.02183999999994,321.43922219999996,321.43922219999996,C1,True,C1,True,-1.0,1.0
21447844,CC1=CC=CC(=C1)[C@@H](O)CC#C,C#CC[C@H](O)c1cccc(C)c1,-30.3,-13.6,13.6,30.3,-48.54544799999999,48.54544799999999,-21.789375999999997,21.789375999999997,C1,True,C1,True,-1.0,-1.0
21476407,CC(=C)[C@@H]1CC=C(C)C(=O)C1=C,C=C(C)[C@@H]1CC=C(C)C(=O)C1=C,-31.2,-57.74,57.74,31.2,-50.61638399999999,50.61638399999999,-93.67275679999999,93.67275679999999,C1,True,C1,True,-1.0,-1.0
21481266,[H][C@]12CC[C@]([H])(C[C@H]1N)[C@H](N)C2,N[C@@H]1C[C@H]2CC[C@@H]1C[C@H]2N,-70.2,64.4,64.4,70.2,-98.44145999999999,98.44145999999999,90.30812,90.30812,C1,True,C1,True,-1.0,1.0
21511461,CCC[C@H](O)C1=C(C)C(=O)C[C@H]1C,CCC[C@H](O)C1=C(C)C(=O)C[C@H]1C,-32.2,85.98,85.98,32.2,-58.688686,58.688686,156.7097274,156.7097274,C1,True,C1,True,-1.0,1.0
21511462,C[C@@H]1CC(=O)C2=CC(C)=C(O)C(C)=C2O1,Cc1cc2c(c(C)c1O)O[C@H](C)CC2=O,42.1,64.96,64.96,42.1,86.82746099999999,86.82746099999999,133.97415359999997,133.97415359999997,C1,True,C1,True,1.0,1.0
21511463,C[C@@H]1OC2=C(C)C(O)=C(C)C=C2C(=O)[C@@H]1O,Cc1cc2c(c(C)c1O)O[C@@H](C)[C@@H](O)C2=O,-62.2,-110.99,110.99,62.2,-138.23328,138.23328,-246.66417599999997,246.66417599999997,C1,True,C1,True,-1.0,-1.0
21525093,[H][C@@]1(CC2=CC=C(C)C(O)=C2C(=O)O1)[C@@H](C)C=C,C=C[C@H](C)[C@H]1Cc2ccc(C)c(O)c2C(=O)O1,56.2,99.02,99.02,56.2,130.54079799999997,130.54079799999997,230.00266579999993,230.00266579999993,C1,True,C1,True,1.0,1.0
21535312,CC(C)N1[C@@H](C)C(=O)NCC1=O,CC(C)N1C(=O)CNC(=O)[C@@H]1C,169.8,110.88,110.88,169.8,289.019976,289.019976,188.73106559999997,188.73106559999997,C1,True,C1,True,1.0,1.0
21535313,CC(C)[C@@H]1N(C(C)C)C(=O)CNC1=O,CC(C)[C@H]1C(=O)NCC(=O)N1C(C)C,113.6,127.81,127.81,113.6,225.230176,225.230176,253.4037746,253.4037746,C1,True,C1,True,1.0,1.0
21535320,CCCN1[C@@H](CC(C)C)C(=O)N[C@@H](C)C1=O,CCCN1C(=O)[C@H](C)NC(=O)[C@@H]1CC(C)C,80.1,89.73,89.73,80.1,181.28231999999997,181.28231999999997,203.076936,203.076936,C1,True,C1,True,1.0,1.0
21536973,COC(=O)C[C@H](C)C#CC1=CC=CC=C1,COC(=O)C[C@H](C)C#Cc1ccccc1,34.56,-33.85,33.85,34.56,69.89863680000002,69.89863680000002,-68.4626405,68.4626405,C1,True,C1,True,1.0,-1.0
21536974,O=C1C[C@H](CO1)C#CCCC1=CC=CC=C1,O=C1C[C@@H](C#CCCc2ccccc2)CO1,26.56,164.32,164.32,26.56,56.908518400000005,56.908518400000005,352.07860480000005,352.07860480000005,C1,True,C1,True,1.0,1.0
21536976,COC(=O)C[C@H](CO)C#CCCC1=CC=CC=C1,COC(=O)C[C@@H](C#CCCc1ccccc1)CO,21.54,345.29,345.29,21.54,53.0543124,53.0543124,850.4699874000002,850.4699874000002,C1,True,C1,True,1.0,1.0
21544825,CC(C)[C@@H]1N[C@@](C)(NC1=O)C1=NC=CC=C1,CC(C)[C@@H]1N[C@](C)(c2ccccn2)NC1=O,-21.6,64.38,64.38,21.6,-47.36620800000001,47.36620800000001,141.1776144,141.1776144,C1,True,C1,True,-1.0,1.0
21544826,CC(C)[C@@H]1N[C@](C)(NC1=O)C1=NC=CC=C1,CC(C)[C@@H]1N[C@@](C)(c2ccccn2)NC1=O,-3.4,72.12,72.12,3.4,-7.455792,7.455792,158.1505056,158.1505056,C1,True,C1,True,-1.0,1.0
21544827,CC(C)[C@]1(C)N[C@@H](NC1=O)C1=NC=CC=C1,CC(C)[C@]1(C)N[C@H](c2ccccn2)NC1=O,-54.35,-275.2,275.2,54.35,-119.18302800000001,119.18302800000001,-603.480576,603.480576,C1,True,C1,True,-1.0,-1.0
21544828,CC(C)[C@]1(C)N[C@H](NC1=O)C1=NC=CC=C1,CC(C)[C@]1(C)N[C@@H](c2ccccn2)NC1=O,36.85,221.61,221.61,36.85,80.80762800000001,80.80762800000001,485.96413680000006,485.96413680000006,C1,True,C1,True,1.0,1.0
21544831,CC(C)[C@]1(C)N(C)[C@@H](NC1=O)C1=NC=CC=C1,CC(C)[C@@]1(C)C(=O)N[C@@H](c2ccccn2)N1C,-54.3,-127.58,127.58,54.3,-126.690045,126.690045,-297.663277,297.663277,C1,True,C1,True,-1.0,-1.0
21544832,CC(C)[C@]1(C)N(C)[C@H](NC1=O)C1=NC=CC=C1,CC(C)[C@@]1(C)C(=O)N[C@H](c2ccccn2)N1C,29.4,230.77,230.77,29.4,68.59460999999999,68.59460999999999,538.4210255,538.4210255,C1,True,C1,True,1.0,1.0
21544833,CC(C)[C@]1(C)N[C@](C)(NC1=O)C1=NC=CC=C1,CC(C)[C@]1(C)N[C@@](C)(c2ccccn2)NC1=O,-36.0,55.13,55.13,36.0,-83.99340000000001,83.99340000000001,128.6265595,128.6265595,C1,True,C1,True,-1.0,1.0
21544834,CC(C)[C@]1(C)N[C@@](C)(NC1=O)C1=NC=CC=C1,CC(C)[C@]1(C)N[C@](C)(c2ccccn2)NC1=O,-14.8,-61.14,61.14,14.8,-34.530620000000006,34.530620000000006,-142.64879100000002,142.64879100000002,C1,True,C1,True,-1.0,-1.0
21559251,CC[C@@H]1CCC(=N1)C1=CC=CC=C1,CC[C@@H]1CCC(c2ccccc2)=N1,7.73,154.99,154.99,7.73,13.392920700000001,13.392920700000001,268.53412410000004,268.53412410000004,C1,True,C1,True,1.0,1.0
21559254,C[C@@H]1CCC(=N1)C1=CC=C(C)C=C1,Cc1ccc(C2=N[C@H](C)CC2)cc1,12.2,-48.08,48.08,12.2,21.137597999999997,21.137597999999997,-83.3029272,83.3029272,C1,True,C1,True,1.0,-1.0
21559268,CC(C)C[C@@H]1CCC(=N1)C1=CC=CC=C1,CC(C)C[C@@H]1CCC(c2ccccc2)=N1,25.0,109.02,109.02,25.0,50.328250000000004,50.328250000000004,219.4714326,219.4714326,C1,True,C1,True,1.0,1.0
21564717,C[C@@H]([C@@H](O)C1=CC=CC=C1)N1CCCCC1,C[C@@H]([C@@H](O)c1ccccc1)N1CCCCC1,71.2,75.2,75.2,71.2,156.16153599999996,156.16153599999996,164.93465599999996,164.93465599999996,C1,True,C1,True,1.0,1.0
21613362,N[C@@H](C(C1CCCCC1)C1CCCCC1)C(N)=O,NC(=O)[C@@H](N)C(C1CCCCC1)C1CCCCC1,-0.272,52.44,52.44,0.272,-0.6865334399999997,0.6865334399999997,132.35960879999996,132.35960879999996,C1,True,C1,True,-1.0,1.0
21635491,[H][C@@]12C[C@@]1(CC=C2C)[C@@H](C)CCC=C(C)C,CC(C)=CCC[C@H](C)[C@@]12CC=C(C)[C@@H]1C2,8.5,-153.85,153.85,8.5,17.370344999999997,17.370344999999997,-314.4032444999999,314.4032444999999,C1,True,C1,True,1.0,-1.0
21635493,[H][C@@]12C[C@@]1(CCC2=O)[C@@H](C)CCC=C(C)C,CC(C)=CCC[C@H](C)[C@@]12CCC(=O)[C@@H]1C2,28.0,5.07,5.07,28.0,57.77211999999999,57.77211999999999,10.4608803,10.4608803,C1,True,C1,True,1.0,1.0
21635494,[H][C@]12C[C@]1(CCC2=O)[C@@H](C)CCC=C(C)C,CC(C)=CCC[C@H](C)[C@]12CCC(=O)[C@H]1C2,-20.8,176.7,176.7,20.8,-42.91643199999999,42.91643199999999,364.5833429999999,364.5833429999999,C1,True,C1,True,-1.0,1.0
21635495,[H][C@@]12C[C@@]1(CC[C@H]2O)[C@@H](C)CCC=C(C)C,CC(C)=CCC[C@H](C)[C@@]12CC[C@@H](O)[C@@H]1C2,0.3,-82.65,82.65,0.3,0.6250349999999999,0.6250349999999999,-172.19714249999998,172.19714249999998,C1,True,C1,True,1.0,-1.0
21635498,[H][C@]12C[C@]1(CC[C@@H]2O)[C@@H](C)CCC=C(C)C,CC(C)=CCC[C@H](C)[C@]12CC[C@H](O)[C@H]1C2,-9.53,121.81,121.81,9.53,-19.855278499999994,19.855278499999994,253.78504449999997,253.78504449999997,C1,True,C1,True,-1.0,1.0
21635619,C=CCCC#CN1[C@@H](COC1=O)C1=CC=CC=C1,C=CCCC#CN1C(=O)OC[C@H]1c1ccccc1,-136.0,93.83,93.83,136.0,-328.1544,328.1544,226.40240699999998,226.40240699999998,C1,True,C1,True,-1.0,1.0
21642904,[H][C@]12[C@H](O)[C@H](CC[C@]1(C)[C@H](O)CCC2=C)C(C)C,C=C1CC[C@@H](O)[C@@]2(C)CC[C@H](C(C)C)[C@@H](O)[C@H]12,-49.5,-73.9,73.9,49.5,-117.993645,117.993645,-176.156169,176.156169,C1,True,C1,True,-1.0,-1.0
21675953,CCO[C@H]1C[C@H](C=C(CO)O1)C1=CC=CC=C1,CCO[C@H]1C[C@@H](c2ccccc2)C=C(CO)O1,8.65,87.26,87.26,8.65,20.2665175,20.2665175,204.44581699999998,204.44581699999998,C1,True,C1,True,1.0,1.0
21682832,C[C@H](OCC#C)C1=CC=NC=C1,C#CCO[C@@H](C)c1ccncc1,18.65,-494.35,494.35,18.65,30.064545999999996,30.064545999999996,-796.9119739999999,796.9119739999999,C1,True,C1,True,1.0,-1.0
21690113,CCC[C@H]1NC2=CC=CC=C2OC2=CC=CC=C12,CCC[C@H]1Nc2ccccc2Oc2ccccc21,22.2,217.98,217.98,22.2,53.128595999999995,53.128595999999995,521.6653763999999,521.6653763999999,C1,True,C1,True,1.0,1.0
21699413,CC(=O)C1=C(C)OC(=O)C[C@@H]1C1=CC=CC=C1,CC(=O)C1=C(C)OC(=O)C[C@@H]1c1ccccc1,-89.1,-263.89,263.89,89.1,-205.164333,205.164333,-607.6410307,607.6410307,C1,True,C1,True,-1.0,-1.0
21715104,CC[C@@](N)(C(=O)OC)C1=CC=CC=C1,CC[C@@](N)(C(=O)OC)c1ccccc1,13.0,45.15,45.15,13.0,25.121980000000004,25.121980000000004,87.250569,87.250569,C1,True,C1,True,1.0,1.0
21726158,C\C(CC[C@@H]1C[C@H](O)CC(=O)O1)=C/C=C,C=C/C=C(\C)CC[C@@H]1C[C@H](O)CC(=O)O1,22.6,38.46,38.46,22.6,47.521697999999994,47.521697999999994,80.87099579999999,80.87099579999999,C1,True,C1,True,1.0,1.0
21734895,N[C@H](CCO)C(=O)NCC1=CC=CC=C1,N[C@H](CCO)C(=O)NCc1ccccc1,4.8,169.4,169.4,4.8,9.996528,9.996528,352.794134,352.794134,C1,True,C1,True,1.0,1.0
21735620,CO[C@@H](C(=O)OC)C1=C(O)C(C)=C2OCOC2=C1,COC(=O)[C@H](OC)c1cc2c(c(C)c1O)OCO2,-51.8,-173.76,173.76,51.8,-131.69528399999996,131.69528399999996,-441.76394879999987,441.76394879999987,C1,True,C1,True,-1.0,-1.0
21761251,O[C@H](CN(=O)=O)C1=CC=CC(F)=C1,O=[N+]([O-])C[C@@H](O)c1cccc(F)c1,35.55,-86.97,86.97,35.55,65.82224699999998,65.82224699999998,-161.02843379999996,161.02843379999996,C1,True,C1,True,1.0,-1.0
21769612,CC1(C)COC2(CCCC2)O[C@H]1CC(=O)C=C,C=CC(=O)C[C@@H]1OC2(CCCC2)OCC1(C)C,-12.3,-273.08,273.08,12.3,-29.314220999999993,29.314220999999993,-650.8233715999997,650.8233715999997,C1,True,C1,True,-1.0,-1.0
21769615,CC(C)(CO)[C@@H]1C[C@H](OC2(CCCC2)O1)C=C,C=C[C@@H]1C[C@@H](C(C)(C)CO)OC2(CCCC2)O1,-10.9,59.62,59.62,10.9,-26.197386999999996,26.197386999999996,143.29249659999996,143.29249659999996,C1,True,C1,True,-1.0,1.0
21777590,[H][C@@]12CO[C@@H](N1C(=O)CN=C2OC)C(C)(C)C,COC1=NCC(=O)N2[C@H]1CO[C@@H]2C(C)(C)C,12.8,-9.62,9.62,12.8,28.963328,28.963328,-21.7677512,21.7677512,C1,True,C1,True,1.0,-1.0
21783154,[H][C@]1(COCC2=CC=C(OC)C=C2)C[C@@]1([H])C=C,C=C[C@@H]1C[C@@H]1COCc1ccc(OC)cc1,12.9,252.23,252.23,12.9,28.160184,28.160184,550.6080007999999,550.6080007999999,C1,True,C1,True,1.0,1.0
21783345,CCC[C@@H]1CCC[C@H](CC(C)C)N1,CCC[C@@H]1CCC[C@H](CC(C)C)N1,-0.1,44.63,44.63,0.1,-0.18333900000000003,0.18333900000000003,81.82419570000002,81.82419570000002,C1,True,C1,True,-1.0,1.0
21783347,CCCC1=CC(=O)C[C@H](C)N1C(=O)OC(C)(C)C,CCCC1=CC(=O)C[C@H](C)N1C(=O)OC(C)(C)C,271.0,294.33,294.33,271.0,686.5568199999999,686.5568199999999,745.6615085999998,745.6615085999998,C1,True,C1,True,1.0,1.0
21783348,CCC[C@@H]1CC(=O)C[C@H](C)N1C(=O)OC(C)(C)C,CCC[C@@H]1CC(=O)C[C@H](C)N1C(=O)OC(C)(C)C,30.4,29.75,29.75,30.4,77.62883199999999,77.62883199999999,75.96900499999998,75.96900499999998,C1,True,C1,True,1.0,1.0
21783350,CCCC1=C[C@@H](O)C[C@H](C)N1C(=O)OC(C)(C)C,CCCC1=C[C@@H](O)C[C@H](C)N1C(=O)OC(C)(C)C,105.0,25.25,25.25,105.0,268.12589999999994,268.12589999999994,64.47789499999999,64.47789499999999,C1,True,C1,True,1.0,1.0
21783353,CCCC#CC(=O)C[C@H](C)NC(=O)OC(C)(C)C,CCCC#CC(=O)C[C@H](C)NC(=O)OC(C)(C)C,7.2,597.97,597.97,7.2,18.240623999999997,18.240623999999997,1514.9091573999997,1514.9091573999997,C1,True,C1,True,1.0,1.0
21815228,CC(=C)C[C@@H](O)C1=CC2=CC=CC=C2S1,C=C(C)C[C@@H](O)c1cc2ccccc2s1,36.1,53.87,53.87,36.1,78.813881,78.813881,117.6095227,117.6095227,C1,True,C1,True,1.0,1.0
21815229,CC(=O)C[C@@H]1C[C@@H](CC(C)=O)OC(C)(C)O1,CC(=O)C[C@@H]1C[C@@H](CC(C)=O)OC(C)(C)O1,-37.0,8.33,8.33,37.0,-84.46655999999999,84.46655999999999,19.016390399999995,19.016390399999995,C1,True,C1,True,-1.0,1.0
21815230,CC(=C)C[C@@H](O)C[C@H](O)CC(C)=C,C=C(C)C[C@@H](O)C[C@H](O)CC(=C)C,-24.0,-100.27,100.27,24.0,-44.226959999999984,44.226959999999984,-184.77655329999993,184.77655329999993,C1,True,C1,True,-1.0,-1.0
21815231,CC(=C)C[C@@H]1C[C@@H](CC(C)=C)OC(C)(C)O1,C=C(C)C[C@@H]1C[C@@H](CC(=C)C)OC(C)(C)O1,-28.0,11.9,11.9,28.0,-62.816319999999976,62.816319999999976,26.69693599999999,26.69693599999999,C1,True,C1,True,-1.0,1.0
21815232,CC(=C)C[C@@H](O)C1=CC2=C(OCO2)C=C1,C=C(C)C[C@@H](O)c1ccc2c(c1)OCO2,50.0,56.35,56.35,50.0,103.12049999999995,103.12049999999995,116.21680349999997,116.21680349999997,C1,True,C1,True,1.0,1.0
21824087,C1O[C@@H](CC=C1)C1=CC=CO1,C1=CC[C@@H](c2ccco2)OC1,-77.2,-368.72,368.72,77.2,-115.93664399999997,115.93664399999997,-553.7326343999998,553.7326343999998,C1,True,C1,True,-1.0,-1.0
21824092,C=CC1=CCO[C@@H](C1)C1=CC=CS1,C=CC1=CCO[C@H](c2cccs2)C1,-5.8,-437.95,437.95,5.8,-11.152413999999998,11.152413999999998,-842.1033984999999,842.1033984999999,C1,True,C1,True,-1.0,-1.0
21824097,C=CC1=CC[C@H](OC1)C1=CC=CS1,C=CC1=CC[C@@H](c2cccs2)OC1,-107.1,-441.61,441.61,107.1,-205.93509299999997,205.93509299999997,-849.1409563,849.1409563,C1,True,C1,True,-1.0,-1.0
21825161,CCC[C@H](O)C1=CC(OC)=CC=C1,CCC[C@H](O)c1cccc(OC)c1,24.2,23.5,23.5,24.2,43.619773999999985,43.619773999999985,42.35804499999999,42.35804499999999,C1,True,C1,True,1.0,1.0
21825163,O[C@@H](CC=C)C1=CC(=CC=C1)C#N,C=CC[C@H](O)c1cccc(C#N)c1,33.9,-28.51,28.51,33.9,58.719884999999984,58.719884999999984,-49.383596499999996,49.383596499999996,C1,True,C1,True,1.0,-1.0
21826120,COC(=O)C1(CC(C)=C(C=O)[C@H]1C)C(=O)OC,COC(=O)C1(C(=O)OC)CC(C)=C(C=O)[C@H]1C,-108.9,-310.33,310.33,108.9,-261.637695,261.637695,-745.5833414999998,745.5833414999998,C1,True,C1,True,-1.0,-1.0
21826591,C[C@@]1(CC=C)CC(=O)[C@](C)(CC=C)CC1=O,C=CC[C@]1(C)CC(=O)[C@](C)(CC=C)CC1=O,-163.1,3.84,3.84,163.1,-359.3288719999999,359.3288719999999,8.459980799999997,8.459980799999997,C2,True,C2,True,-1.0,1.0
21826592,CC(=O)C1=C[C@@](C)(CC=C)C(=O)C[C@@]1(C)CC=C,C=CC[C@]1(C)CC(=O)[C@](C)(CC=C)C=C1C(C)=O,-60.4,-302.69,302.69,60.4,-148.79539999999994,148.79539999999994,-745.6768149999998,745.6768149999998,C1,True,C1,True,-1.0,-1.0
21826594,C[C@]12CC(=C)C(=O)C1=C[C@@](C)(CC=C)C(=O)C2,C=CC[C@]1(C)C=C2C(=O)C(=C)C[C@]2(C)CC1=O,-130.8,110.64,110.64,130.8,-301.2415559999999,301.2415559999999,254.8116647999999,254.8116647999999,C1,True,C1,True,-1.0,1.0
21826595,CC1=CC[C@]2(C)CC(=O)[C@](C)(CC=C)C=C2CC1,C=CC[C@]1(C)C=C2CCC(C)=CC[C@]2(C)CC1=O,-96.7,-250.28,250.28,96.7,-236.31352599999994,236.31352599999994,-611.6292583999998,611.6292583999998,C1,True,C1,True,-1.0,-1.0
21841311,CC(C)[C@@H](CO)N[C@H](C(C)C)C1=NC=CN1C,CC(C)[C@@H](CO)N[C@@H](c1nccn1C)C(C)C,40.0,-62.72,62.72,40.0,95.74520000000001,95.74520000000001,-150.1284736,150.1284736,C1,True,C1,True,1.0,-1.0
21842553,CCC(=O)[C@]1(CCOC1=O)C(F)(F)F,CCC(=O)[C@@]1(C(F)(F)F)CCOC1=O,186.0,-35.28,35.28,186.0,390.88085999999987,390.88085999999987,-74.14127279999998,74.14127279999998,C1,True,C1,True,1.0,-1.0
21842555,CCC(=O)[C@]1(CC(C)(C)OC1=O)C1=CC=CS1,CCC(=O)[C@@]1(c2cccs2)CC(C)(C)OC1=O,70.0,-251.91,251.91,70.0,176.63449999999995,176.63449999999995,-635.6570984999997,635.6570984999997,C1,True,C1,True,1.0,-1.0
21842558,CCC(=O)[C@]1(CC(C)(C)OC1=O)C1=CC=CC=C1,CCC(=O)[C@@]1(c2ccccc2)CC(C)(C)OC1=O,146.0,-360.44,360.44,146.0,359.6067599999999,359.6067599999999,-887.7853463999999,887.7853463999999,C1,True,C1,True,1.0,-1.0
21842564,CCC(=O)[C@@]1(CC2=CC=CC=C2)CCOC1=O,CCC(=O)[C@@]1(Cc2ccccc2)CCOC1=O,-4.0,-53.99,53.99,4.0,-9.291159999999998,9.291159999999998,-125.4074321,125.4074321,C1,True,C1,True,-1.0,-1.0
21843056,C[C@@H]1O[C@@H](OCC2=CC=CC=C2)[C@H](O)C=C1,C[C@H]1C=C[C@@H](O)[C@H](OCc2ccccc2)O1,-179.5,-390.39,390.39,179.5,-395.38106,395.38106,-859.9042452,859.9042452,C1,True,C1,True,-1.0,-1.0
21856243,COCC(=O)O[C@]1(CCC2=CC=CC=C12)C#N,COCC(=O)O[C@@]1(C#N)CCc2ccccc21,-17.5,-96.0,96.0,17.5,-40.46892499999999,40.46892499999999,-222.00095999999996,222.00095999999996,C1,True,C1,True,-1.0,-1.0
21856248,COCC(=O)O[C@]1(CCCC2=CC=CC=C12)C#N,COCC(=O)O[C@@]1(C#N)CCCc2ccccc21,22.0,-18.14,18.14,22.0,53.96115999999999,53.96115999999999,-44.493429199999994,44.493429199999994,C1,True,C1,True,1.0,-1.0
21862621,[H][C@]1(C)OC(C)(C)O[C@]1([H])CC#N,C[C@H]1OC(C)(C)O[C@@H]1CC#N,29.0,-31.11,31.11,29.0,45.00712999999999,45.00712999999999,-48.28178669999999,48.28178669999999,C1,True,C1,True,1.0,-1.0
21892232,CC1(C)OCC2=CC(=CC=C2O1)[C@@H](O)CN(=O)=O,CC1(C)OCc2cc([C@@H](O)C[N+](=O)[O-])ccc2O1,-33.1,166.24,166.24,33.1,-83.827074,83.827074,421.0094496,421.0094496,C1,True,C1,True,-1.0,1.0
21893727,CCC[C@H](CN1C=NC=N1)C1=CC=C(Cl)C=C1,CCC[C@H](Cn1cncn1)c1ccc(Cl)cc1,-83.25,-136.02,136.02,83.25,-207.91271250000003,207.91271250000003,-339.70314900000005,339.70314900000005,C1,True,C1,True,-1.0,-1.0
21893736,CCC[C@H](CN1C=NC=N1)C1=CC=C(F)C=C1,CCC[C@H](Cn1cncn1)c1ccc(F)cc1,-70.45,-11.09,11.09,70.45,-164.35280500000002,164.35280500000002,-25.871861,25.871861,C1,True,C1,True,-1.0,-1.0
21893751,CCCC[C@H](CN1C=NC=N1)C1=CC=C(F)C=C1,CCCC[C@H](Cn1cncn1)c1ccc(F)cc1,-64.35,16.02,16.02,64.35,-159.14848949999998,159.14848949999998,39.6201834,39.6201834,C1,True,C1,True,-1.0,1.0
21894461,CCCCC(=O)O[C@H](C)C1=CC=CC(Cl)=C1,CCCCC(=O)O[C@H](C)c1cccc(Cl)c1,63.3,37.98,37.98,63.3,152.38208999999998,152.38208999999998,91.42925399999999,91.42925399999999,C1,True,C1,True,1.0,1.0
21894462,CCCCC(=O)O[C@H](C)C1=CC=C(Cl)C=C1,CCCCC(=O)O[C@H](C)c1ccc(Cl)cc1,69.1,106.15,106.15,69.1,166.34443,166.34443,255.534895,255.534895,C1,True,C1,True,1.0,1.0
21894464,CCCCC(=O)O[C@H](C)C1=CC=CC=C1Cl,CCCCC(=O)O[C@H](C)c1ccccc1Cl,41.3,18.1,18.1,41.3,99.42148999999999,99.42148999999999,43.572129999999994,43.572129999999994,C1,True,C1,True,1.0,1.0
21894465,CCCCC(=O)O[C@H](C)C1=CC=CC=C1C,CCCCC(=O)O[C@H](C)c1ccccc1C,62.4,13.69,13.69,62.4,137.474688,137.474688,30.160712799999995,30.160712799999995,C1,True,C1,True,1.0,1.0
21894467,CCCCC(=O)O[C@H](C)C1=CC=CC(C)=C1C,CCCCC(=O)O[C@H](C)c1cccc(C)c1C,44.3,-36.9,36.9,44.3,103.81217699999998,103.81217699999998,-86.47109099999997,86.47109099999997,C1,True,C1,True,1.0,-1.0
21894468,CCCCC(=O)O[C@H](C)C1=CC=C(C)C(C)=C1,CCCCC(=O)O[C@H](C)c1ccc(C)c(C)c1,50.2,45.53,45.53,50.2,117.63817799999998,117.63817799999998,106.69454669999999,106.69454669999999,C1,True,C1,True,1.0,1.0
21894469,CCCCC(=O)O[C@H](C)C1=CC(C)=CC(C)=C1,CCCCC(=O)O[C@H](C)c1cc(C)cc(C)c1,47.8,102.06,102.06,47.8,112.01404199999998,112.01404199999998,239.16638339999997,239.16638339999997,C1,True,C1,True,1.0,1.0
21894470,CCCCC(=O)O[C@H](C)C1=CC=C(C)C=C1C,CCCCC(=O)O[C@H](C)c1ccc(C)cc1C,43.2,37.23,37.23,43.2,101.23444799999999,101.23444799999999,87.24440969999998,87.24440969999998,C1,True,C1,True,1.0,1.0
21894472,CCCCC(=O)O[C@H](C)C1=CC=C2OCOC2=C1,CCCCC(=O)O[C@H](C)c1ccc2c(c1)OCO2,64.6,209.15,209.15,64.6,161.68992399999996,161.68992399999996,523.4899009999999,523.4899009999999,C1,True,C1,True,1.0,1.0
21938805,NC1=C(C#N)[C@@H](CN(=O)=O)C2=C(O1)C=CC=C2,N#CC1=C(N)Oc2ccccc2[C@@H]1C[N+](=O)[O-],9.7,6.29,6.29,9.7,22.427466999999996,22.427466999999996,14.543171899999999,14.543171899999999,C1,True,C1,True,1.0,1.0
21950013,[H][C@@]12C[C@@]([H])(C(CCCC(O)=O)=CC1)C2(C)C,CC1(C)[C@H]2CC=C(CCCC(=O)O)[C@@H]1C2,-25.2,-147.15,147.15,25.2,-52.491852,52.491852,-306.51492149999996,306.51492149999996,C1,True,C1,True,-1.0,-1.0
21950014,[H][C@@]12CC[C@@](C)(C(=O)N3C4=C(C=CC=C4)N=C13)C2(C)C,CC1(C)[C@@H]2CC[C@@]1(C)C(=O)n1c2nc2ccccc21,55.0,46.09,46.09,55.0,139.88315000000003,139.88315000000003,117.22207970000001,117.22207970000001,C1,True,C1,True,1.0,1.0
21961126,C[C@@H]1O[C@H](CC=C1C(C)=O)OCC1=CC=CC=C1,CC(=O)C1=CC[C@H](OCc2ccccc2)O[C@H]1C,-89.9,-253.59,253.59,89.9,-221.42909400000005,221.42909400000005,-624.6073854000001,624.6073854000001,C1,True,C1,True,-1.0,-1.0
21964413,CC(C)(C)[C@@H]1NCCC2=C1C1=C(N2)C=CC=C1,CC(C)(C)[C@@H]1NCCc2[nH]c3ccccc3c21,-14.8,-32.6,32.6,14.8,-33.794172,33.794172,-74.438514,74.438514,C1,True,C1,True,-1.0,-1.0
21964423,CCC(CC)[C@@H]1NCCC2=C1C1=C(N2)C=CC=C1,CCC(CC)[C@@H]1NCCc2[nH]c3ccccc3c21,-61.1,-18.04,18.04,61.1,-148.08562600000002,148.08562600000002,-43.7228264,43.7228264,C1,True,C1,True,-1.0,-1.0
21969444,COCO[C@@H](C[C@@H](C)O)C=C,C=C[C@H](C[C@@H](C)O)OCOC,-108.6,-236.74,236.74,108.6,-173.99131799999995,173.99131799999995,-379.2882562,379.2882562,C1,True,C1,True,-1.0,-1.0
21972933,C[C@H]1CC[C@@H](O)C2=CC(C)=CC=C12,Cc1ccc2c(c1)[C@H](O)CC[C@@H]2C,-20.1,78.2,78.2,20.1,-35.42805899999999,35.42805899999999,137.83453799999998,137.83453799999998,C1,True,C1,True,-1.0,1.0
21972935,C[C@H](CCC=C(C)C)B1OC(C)(C)C(C)(C)O1,CC(C)=CCC[C@@H](C)B1OC(C)(C)C(C)(C)O1,-10.8,228.05,228.05,10.8,-25.72344,25.72344,543.16949,543.16949,C1,True,C1,True,-1.0,1.0
22010715,CC(C)(C)[C@@H](N)C(=O)NCC1=CC=C(Cl)C=C1,CC(C)(C)[C@@H](N)C(=O)NCc1ccc(Cl)cc1,14.2,145.89,145.89,14.2,36.176061999999995,36.176061999999995,371.67082289999996,371.67082289999996,C1,True,C1,True,1.0,1.0
22027832,O=C(O[C@@H]1CCOC1)C1=CC=C(C=C1)N(=O)=O,O=C(O[C@@H]1CCOC1)c1ccc([N+](=O)[O-])cc1,31.26,28.88,28.88,31.26,74.1521586,74.1521586,68.5065368,68.5065368,C1,True,C1,True,1.0,1.0
22052927,[H][C@]12COC(=O)N1C[C@@]1([H])C(C)=NO[C@@]21[H],CC1=NO[C@H]2[C@H]3COC(=O)N3C[C@@H]12,-1.7,-355.05,355.05,1.7,-3.0970429999999993,3.0970429999999993,-646.8265395,646.8265395,C1,True,C1,True,-1.0,-1.0
22075944,O=N(=O)C[C@H](C(C#N)C#N)C1=CC=CC=C1,N#CC(C#N)[C@@H](C[N+](=O)[O-])c1ccccc1,2.78,96.69,96.69,2.78,5.9828936,5.9828936,208.0884828,208.0884828,C1,True,C1,True,1.0,1.0
22075948,ClC1=CC=C(C=C1)[C@H](CN(=O)=O)C(C#N)C#N,N#CC(C#N)[C@@H](C[N+](=O)[O-])c1ccc(Cl)cc1,3.16,100.3,100.3,3.16,7.889161200000001,7.889161200000001,250.405971,250.405971,C1,True,C1,True,1.0,1.0
22077620,CC(C)C[C@@H](CC=C)NC(=O)OC(C)(C)C,C=CC[C@H](CC(C)C)NC(=O)OC(C)(C)C,-31.8,-279.78,279.78,31.8,-72.29666399999999,72.29666399999999,-636.0742343999998,636.0742343999998,C1,True,C1,True,-1.0,-1.0
22084251,C1CO[C@H](C1)C#CC1=CC=CC=C1,C(#C[C@H]1CCCO1)c1ccccc1,9.0,-181.38,181.38,9.0,15.500430000000003,15.500430000000003,-312.3853326,312.3853326,C1,True,C1,True,1.0,-1.0
22084263,OCCC[C@@H](O)C#CC1=CC=CC=C1,OCCC[C@@H](O)C#Cc1ccccc1,11.0,-44.94,44.94,11.0,20.926620000000003,20.926620000000003,-85.49475480000001,85.49475480000001,C1,True,C1,True,1.0,-1.0
22084273,O=C1OCCC[C@@H](O1)C#CC1=CC=CC=C1,O=C1OCCC[C@H](C#Cc2ccccc2)O1,72.6,104.26,104.26,72.6,156.987336,156.987336,225.44765360000002,225.44765360000002,C1,True,C1,True,1.0,1.0
22103760,CC(C)N=C1O[C@@H](C)C(=O)N1C(C)C,CC(C)N=C1O[C@@H](C)C(=O)N1C(C)C,10.1,58.68,58.68,10.1,20.024866,20.024866,116.3424888,116.3424888,C1,True,C1,True,1.0,1.0
22124372,CCC1=CC=C(C=C1)[C@H](O)CN(=O)=O,CCc1ccc([C@H](O)C[N+](=O)[O-])cc1,29.1,-50.02,50.02,29.1,56.80843799999999,56.80843799999999,-97.64804359999998,97.64804359999998,C1,True,C1,True,1.0,-1.0
22145375,CC(C)(C)[C@@H](CC(=O)C1=CC=CC=C1)C(C#N)C#N,CC(C)(C)[C@@H](CC(=O)c1ccccc1)C(C#N)C#N,25.6,160.57,160.57,25.6,65.10924800000001,65.10924800000001,408.3824981,408.3824981,C1,True,C1,True,1.0,1.0
22167584,CC(C)[C@H]1CCC(=C)[C@@]11CCC(=CC1)C(O)=O,C=C1CC[C@H](C(C)C)[C@@]12CC=C(C(=O)O)CC2,48.0,46.01,46.01,48.0,112.48271999999997,112.48271999999997,107.81937389999997,107.81937389999997,C1,True,C1,True,1.0,1.0
22167585,CC1(C)CCCC(=C)[C@@]11CCC(CO)=CC1,C=C1CCCC(C)(C)[C@@]12CC=C(CO)CC2,-21.3,-46.17,46.17,21.3,-46.935827999999994,46.935827999999994,-101.73836519999998,101.73836519999998,C1,True,C1,True,-1.0,-1.0
22206483,CC[C@](C)(N=N#N)C(O)=O,CC[C@](C)(N=[N+]=[N-])C(=O)O,-38.1,-23.03,23.03,38.1,-54.538626,54.538626,-32.966523800000004,32.966523800000004,C1,True,C1,True,-1.0,-1.0
22233380,C[C@H](CC(O)=O)O[C@@H]1O[C@@H](C)[C@H](O)C[C@H]1O,C[C@H](CC(=O)O)O[C@@H]1O[C@@H](C)[C@H](O)C[C@H]1O,-98.8,-4.63,4.63,98.8,-231.43702399999998,231.43702399999998,-10.845682399999998,10.845682399999998,C1,True,C1,True,-1.0,-1.0
22249762,CO[C@H]1CN[C@H](COC(C)(C)C)C1,CO[C@H]1CN[C@H](COC(C)(C)C)C1,6.9,87.01,87.01,6.9,12.922526999999997,12.922526999999997,162.95493829999998,162.95493829999998,C1,True,C1,True,1.0,1.0
22268698,CC(=O)[C@H](Cl)[C@@H](O)C1=CC=CC=C1,CC(=O)[C@H](Cl)[C@@H](O)c1ccccc1,36.0,29.04,29.04,36.0,71.51364,71.51364,57.6876696,57.6876696,C1,True,C1,True,1.0,1.0
22292954,C[C@H](CCC1=CC=CC=C1)NC(=O)C1=CC=CC=C1,C[C@H](CCc1ccccc1)NC(=O)c1ccccc1,-6.15,-62.25,62.25,6.15,-15.5807175,15.5807175,-157.70726249999998,157.70726249999998,C1,True,C1,True,-1.0,-1.0
22304239,CCOC(=O)C(=[N]#N)[C@H](O)CC,CCOC(=O)C(=[N+]=[N-])[C@H](O)CC,29.7,141.36,141.36,29.7,51.138647999999996,51.138647999999996,243.3993024,243.3993024,C1,True,C1,True,1.0,1.0
22304246,CCOC(=O)C(=[N]#N)[C@H](O)C1CC1,CCOC(=O)C(=[N+]=[N-])[C@H](O)C1CC1,19.2,-250.21,250.21,19.2,35.36544,35.36544,-460.87430950000004,460.87430950000004,C1,True,C1,True,1.0,-1.0
22304254,CCOC(=O)[C@](C)(O)[C@@H](CC)OC(=O)CC,CCOC(=O)[C@](C)(O)[C@@H](CC)OC(=O)CC,-1.0,-21.24,21.24,1.0,-2.3227599999999997,2.3227599999999997,-49.33542239999999,49.33542239999999,C1,True,C1,True,-1.0,-1.0
22304266,CCOC(=O)C(=[N]#N)[C@@H](O)C1=CC=CC(F)=C1,CCOC(=O)C(=[N+]=[N-])[C@@H](O)c1cccc(F)c1,-20.89,-105.0,105.0,20.89,-49.7637402,49.7637402,-250.12890000000004,250.12890000000004,C1,True,C1,True,-1.0,-1.0
22304268,CCOC(=O)C(=[N]#N)[C@@H](O)C1=CC=C(F)C=C1,CCOC(=O)C(=[N+]=[N-])[C@@H](O)c1ccc(F)cc1,-30.35,-103.41,103.41,30.35,-72.29916300000001,72.29916300000001,-246.3412338,246.3412338,C1,True,C1,True,-1.0,-1.0
22304271,CCOC(=O)C(=[N]#N)[C@@H](O)C1CCCCC1,CCOC(=O)C(=[N+]=[N-])[C@@H](O)C1CCCCC1,-1.96,127.01,127.01,1.96,-4.435009599999999,4.435009599999999,287.39314759999996,287.39314759999996,C1,True,C1,True,-1.0,1.0
22343708,CC[C@@H](O)C#CC(=O)OC,CC[C@@H](O)C#CC(=O)OC,7.0,-138.7,138.7,7.0,9.95078,9.95078,-197.16759799999997,197.16759799999997,C1,True,C1,True,1.0,-1.0
22343968,CC1=CCC[C@@H]1C(=O)C1=CC=CC=C1,CC1=CCC[C@@H]1C(=O)c1ccccc1,-36.7,201.18,201.18,36.7,-68.35521800000001,68.35521800000001,374.7057972,374.7057972,C1,True,C1,True,-1.0,1.0
22375044,CN1C2=CC=CC=C2[C@](F)(C1=O)C1=CC=CC=C1,CN1C(=O)[C@](F)(c2ccccc2)c2ccccc21,110.7,-120.47,120.47,110.7,267.080355,267.080355,-290.6519455,290.6519455,C1,True,C1,True,1.0,-1.0
22379280,COC(=O)[C@@]1(C(C)=C=C)C(=O)NC2=CC=CC=C12,C=C=C(C)[C@]1(C(=O)OC)C(=O)Nc2ccccc21,-206.9,-693.76,693.76,206.9,-503.309078,503.309078,-1687.6544511999998,1687.6544511999998,C1,True,C1,True,-1.0,-1.0
22397907,CC1=NN([C@@H]2CCCC[C@H]2O)C(C)=C1N(=O)=O,Cc1nn([C@@H]2CCCC[C@H]2O)c(C)c1[N+](=O)[O-],19.3,95.49,95.49,19.3,46.18007500000001,46.18007500000001,228.48369749999998,228.48369749999998,C1,True,C1,True,1.0,1.0
22435381,[2H]\C=C\[C@@H]1OC2=CC=CC=C2C=C1,[2H]/C=C/[C@H]1C=Cc2ccccc2O1,2.5,261.97,261.97,2.5,3.980152544449999,3.980152544449999,417.0722248278266,417.0722248278266,C1,True,C1,True,1.0,1.0
22435397,[2H][C@H](OC(C)=O)\C=C\CCC1=C(O)C=CC=C1,[2H][C@@H](/C=C/CCc1ccccc1O)OC(C)=O,-16.8,253.71,253.71,16.8,-37.174049098703996,37.174049098703996,561.3945236209637,561.3945236209637,C1,True,C1,True,-1.0,1.0
22463378,CCC1=CC(=O)C[C@H](O1)C(C)(C)C,CCC1=CC(=O)C[C@@H](C(C)(C)C)O1,155.4,97.82,97.82,155.4,283.236702,283.236702,178.28966659999998,178.28966659999998,C1,True,C1,True,1.0,1.0
22463383,CCC1=CC(=O)C[C@H](O1)C1=CC=CC=C1,CCC1=CC(=O)C[C@@H](c2ccccc2)O1,84.4,-284.66,284.66,84.4,170.70153200000001,170.70153200000001,-575.7333898,575.7333898,C1,True,C1,True,1.0,-1.0
22463408,CCC1=CC(=O)C[C@@H](CCC2=CC=CC=C2)O1,CCC1=CC(=O)C[C@@H](CCc2ccccc2)O1,103.2,-37.34,37.34,103.2,237.67682399999998,237.67682399999998,-85.9966338,85.9966338,C1,True,C1,True,1.0,-1.0
22463411,CCC1=CC(=O)C[C@H](O1)\C=C\C1=CC=CC=C1,CCC1=CC(=O)C[C@@H](/C=C/c2ccccc2)O1,118.1,53.17,53.17,118.1,269.611671,269.611671,121.38232470000001,121.38232470000001,C1,True,C1,True,1.0,1.0
22463418,CCC1=CC(=O)C[C@H](O1)C1=CC=CC(=C1)C(C)=O,CCC1=CC(=O)C[C@@H](c2cccc(C(C)=O)c2)O1,34.9,-214.01,214.01,34.9,85.25721,85.25721,-522.805029,522.805029,C1,True,C1,True,1.0,-1.0
22472545,COC1=CC=C(COC\C=C/C[C@@H](C)C=O)C=C1,COc1ccc(COC/C=C\C[C@@H](C)C=O)cc1,-4.6,333.51,333.51,4.6,-11.422811999999999,11.422811999999999,828.1787022,828.1787022,C1,True,C1,True,-1.0,1.0
22497382,[H][C@]12C[C@@H](O)[C@]([H])(CCC1)N2,O[C@@H]1C[C@H]2CCC[C@@H]1N2,16.1,-27.14,27.14,16.1,20.477107,20.477107,-34.5185518,34.5185518,C1,True,C1,True,1.0,-1.0
22498710,C[C@H](O)C1=C(C=CC=C1)C#N,C[C@H](O)c1ccccc1C#N,-47.6,-127.84,127.84,47.6,-70.05625199999999,70.05625199999999,-188.15107679999997,188.15107679999997,C1,True,C1,True,-1.0,-1.0
22498949,COC1=CC=C(C=C1)[C@H](O)COC1=CC=CC=C1,COc1ccc([C@H](O)COc2ccccc2)cc1,36.1,-181.65,181.65,36.1,88.18869000000001,88.18869000000001,-443.7527850000001,443.7527850000001,C1,True,C1,True,1.0,-1.0
22498951,OCC1=CC=C(OC[C@@H](O)C2=CC=CC=C2)C=C1,OCc1ccc(OC[C@@H](O)c2ccccc2)cc1,17.6,-16.75,16.75,17.6,42.99504000000001,42.99504000000001,-40.918575000000004,40.918575000000004,C1,True,C1,True,1.0,-1.0
22503810,C[C@@H](N1N=C2C=CC=CC2=N1)C1=CC=CC=C1,C[C@H](c1ccccc1)n1nc2ccccc2n1,-55.4,-303.69,303.69,55.4,-123.696566,123.696566,-678.0759951,678.0759951,C1,True,C1,True,-1.0,-1.0
22510991,N[C@@H](C=C)C1=CC2=C(C=CC=C2)C=C1,C=C[C@H](N)c1ccc2ccccc2c1,5.5,-163.23,163.23,5.5,10.07897,10.07897,-299.12550419999997,299.12550419999997,C1,True,C1,True,1.0,-1.0
22540469,COC(C[C@H](C=C)C1=CC=CC=C1)OC,C=C[C@@H](CC(OC)OC)c1ccccc1,-10.91,388.25,388.25,10.91,-22.505693500000003,22.505693500000003,800.9015125,800.9015125,C1,True,C1,True,-1.0,1.0
22540470,CCCC[C@H](CC(OC)OC)C=C,C=C[C@H](CCCC)CC(OC)OC,4.06,-66.73,66.73,4.06,7.563576999999999,7.563576999999999,-124.3146535,124.3146535,C1,True,C1,True,1.0,-1.0
22540474,COC(C[C@H](C=C)C1=CC=C(Cl)C=C1)OC,C=C[C@@H](CC(OC)OC)c1ccc(Cl)cc1,-11.6,-90.73,90.73,11.6,-27.92468,27.92468,-218.414329,218.414329,C1,True,C1,True,-1.0,-1.0
22540475,COC(C[C@H](C=C)C1=CC=C(OC)C=C1)OC,C=C[C@@H](CC(OC)OC)c1ccc(OC)cc1,-5.19,430.38,430.38,5.19,-12.2645409,12.2645409,1017.0352817999999,1017.0352817999999,C1,True,C1,True,-1.0,1.0
22540476,COC(C[C@@H](CCCCC=C)C=C)OC,C=CCCCC[C@@H](C=C)CC(OC)OC,6.2,177.54,177.54,6.2,13.164645999999998,13.164645999999998,376.9760081999999,376.9760081999999,C1,True,C1,True,1.0,1.0
22540477,CCCCCCCC[C@H](CC=O)C=C,C=C[C@@H](CC=O)CCCCCCCC,0.85,226.26,226.26,0.85,1.6688389999999995,1.6688389999999995,444.22530839999985,444.22530839999985,C1,True,C1,True,1.0,1.0
22540479,CCCCCCCC[C@H](CC(OC)OC)C=C,C=C[C@H](CCCCCCCC)CC(OC)OC,5.5,217.29,217.29,5.5,13.332164999999998,13.332164999999998,526.7174786999999,526.7174786999999,C1,True,C1,True,1.0,1.0
22560145,COC(=O)[C@H]1CC[C@H](N1CC=C)C(N)=O,C=CCN1[C@@H](C(=O)OC)CC[C@H]1C(N)=O,6.0,-39.04,39.04,6.0,12.734939999999996,12.734939999999996,-82.86200959999998,82.86200959999998,C1,True,C1,True,1.0,-1.0
22564922,CN1C(=O)[C@@](O)(CC=C)C2=CC=CC=C12,C=CC[C@]1(O)C(=O)N(C)c2ccccc21,31.2,-23.38,23.38,31.2,63.41119199999999,63.41119199999999,-47.51774579999999,47.51774579999999,C1,True,C1,True,1.0,-1.0
22574906,CC(C)C[C@@H](O)C1=CC=C(C)C=C1,Cc1ccc([C@H](O)CC(C)C)cc1,44.1,-0.94,0.94,44.1,78.619275,78.619275,-1.6757849999999999,1.6757849999999999,C1,True,C1,True,1.0,-1.0
22574907,CC(C)C[C@@H](O)C1=CC(Cl)=CC=C1,CC(C)C[C@@H](O)c1cccc(Cl)c1,31.5,75.14,75.14,31.5,62.588294999999995,62.588294999999995,149.2979202,149.2979202,C1,True,C1,True,1.0,1.0
22574908,CC(C)C[C@@H](O)\C=C\C1=CC=CC=C1,CC(C)C[C@@H](O)/C=C/c1ccccc1,-8.7,-51.2,51.2,8.7,-16.554882,16.554882,-97.426432,97.426432,C1,True,C1,True,-1.0,-1.0
22574909,CC(C)C[C@@H](O)C1=CC=CC2=CC=CC=C12,CC(C)C[C@@H](O)c1cccc2ccccc12,71.6,131.51,131.51,71.6,153.444528,153.444528,281.83645079999997,281.83645079999997,C1,True,C1,True,1.0,1.0
22574910,O[C@H](C1CCCCC1)C1=CC(Cl)=CC=C1,O[C@@H](c1cccc(Cl)c1)C1CCCCC1,18.0,134.0,134.0,18.0,40.45157999999999,40.45157999999999,301.1395399999999,301.1395399999999,C1,True,C1,True,1.0,1.0
22574911,CC1=CC=CC(=C1)[C@H](O)C1CCCCC1,Cc1cccc([C@H](O)C2CCCCC2)c1,22.0,-27.57,27.57,22.0,44.94885999999999,44.94885999999999,-56.329094099999985,56.329094099999985,C1,True,C1,True,1.0,-1.0
22574916,O[C@H](C1CCCCC1)C1=CC=CC2=CC=CC=C12,O[C@@H](c1cccc2ccccc12)C1CCCCC1,24.1,105.38,105.38,24.1,57.92338599999998,57.92338599999998,253.27661479999992,253.27661479999992,C1,True,C1,True,1.0,1.0
22591458,C[C@H](C#C)C(CO)CO,C#C[C@@H](C)C(CO)CO,141.0,-156.01,156.01,141.0,180.72110999999998,180.72110999999998,-199.9595771,199.9595771,C1,True,C1,True,1.0,-1.0
22591459,CCOC(=O)C([C@H](C)C#C)C(=O)OCC,C#C[C@@H](C)C(C(=O)OCC)C(=O)OCC,10.0,-182.96,182.96,10.0,21.224499999999992,21.224499999999992,-388.32345199999986,388.32345199999986,C1,True,C1,True,1.0,-1.0
22620090,CC[C@H]1CC2=C(CO1)C(OC)=CC(=O)O2,CC[C@H]1Cc2oc(=O)cc(OC)c2CO1,41.3,90.21,90.21,41.3,86.82457699999998,86.82457699999998,189.64758089999995,189.64758089999995,C1,True,C1,True,1.0,1.0
22620091,COC1=CC(=O)OC2=C1CO[C@@H](CC(C)=O)C2,COc1cc(=O)oc2c1CO[C@@H](CC(C)=O)C2,50.7,60.91,60.91,50.7,120.78717299999998,120.78717299999998,145.11137489999996,145.11137489999996,C1,True,C1,True,1.0,1.0
22653276,CC[S@@](=O)C1=CC=C2C=CC=CC2=C1,CC[S@@](=O)c1ccc2ccccc2c1,138.0,752.61,752.61,138.0,281.92572,281.92572,1537.5370734000003,1537.5370734000003,C1,True,C1,True,1.0,1.0
22653277,CCCC[S@@](=O)C1=CC=C2C=CC=CC2=C1,CCCC[S@@](=O)c1ccc2ccccc2c1,188.0,798.94,798.94,188.0,436.81424,436.81424,1856.3211112000001,1856.3211112000001,C1,True,C1,True,1.0,1.0
22662497,[H][C@@]12CO[C@@H](N1C(=O)CN=C2OC)C1=CC=CC=C1,COC1=NCC(=O)N2[C@@H](c3ccccc3)OC[C@@H]12,-63.2,-261.57,261.57,63.2,-155.64011200000002,155.64011200000002,-644.1579762,644.1579762,C1,True,C1,True,-1.0,-1.0
22662498,[H][C@@]12CO[C@H](N1C(=O)CN=C2OC)C1=CC=CC=C1,COC1=NCC(=O)N2[C@H]1CO[C@H]2c1ccccc1,-107.0,52.14,52.14,107.0,-263.50462000000005,263.50462000000005,128.4030924,128.4030924,C1,True,C1,True,-1.0,1.0
22679120,COC1=CC=C(C=C1)[C@H](O)C1=CC=CN=C1,COc1ccc([C@H](O)c2cccnc2)cc1,10.25,228.58,228.58,10.25,22.06333,22.06333,492.02302160000005,492.02302160000005,C1,True,C1,True,1.0,1.0
22679526,C[C@@H](CO)CC(C)=CCC1=CC=CC=C1,CC(=CCc1ccccc1)C[C@@H](C)CO,-28.6,387.16,387.16,28.6,-58.43351799999999,58.43351799999999,791.0182107999999,791.0182107999999,C1,True,C1,True,-1.0,1.0
22679527,C[C@H](CC(C)=CCO)[C@H](O)CC#C,C#CC[C@@H](O)[C@H](C)CC(C)=CCO,13.2,125.63,125.63,13.2,24.058715999999993,24.058715999999993,228.9770069,228.9770069,C1,True,C1,True,1.0,1.0
22685809,C[C@]1(SC2=CC=CC=C2)C(=O)NC2=C1C=CC=C2,C[C@]1(Sc2ccccc2)C(=O)Nc2ccccc21,-7.7,38.98,38.98,7.7,-19.661334,19.661334,99.5323116,99.5323116,C1,True,C1,True,-1.0,1.0
22693291,[H][C@]12O[C@@]1(CCC1=CC=CC=C1)CCC2=O,O=C1CC[C@]2(CCc3ccccc3)O[C@H]12,-57.6,3.1,3.1,57.6,-116.49772800000001,116.49772800000001,6.269843000000001,6.269843000000001,C1,True,C1,True,-1.0,1.0
22727013,CC[Si](CC)(CC)O[C@H](CC=C)[C@H](C)C=O,C=CC[C@@H](O[Si](CC)(CC)CC)[C@H](C)C=O,37.69,-265.49,265.49,37.69,91.37375149999998,91.37375149999998,-643.6406814999999,643.6406814999999,C1,True,C1,True,1.0,-1.0
22727017,CC[C@H]1O[C@]2(CC[C@@H]1C)C[C@@H](O)C[C@@H](CC=C)O2,C=CC[C@@H]1C[C@H](O)C[C@]2(CC[C@H](C)[C@@H](CC)O2)O1,88.86,18.03,18.03,88.86,226.03318199999995,226.03318199999995,45.862911,45.862911,C1,True,C1,True,1.0,1.0
22727117,COC(=O)[C@@](C)(O)[C@@H](C)C1=C(C)C=NC=C1,COC(=O)[C@@](C)(O)[C@@H](C)c1ccncc1C,11.2,80.8,80.8,11.2,25.006463999999998,25.006463999999998,180.403776,180.403776,C1,True,C1,True,1.0,1.0
22727119,COC(=O)[C@](C)(O)[C@@H](C)C1=C(C)C=NC=C1,COC(=O)[C@](C)(O)[C@@H](C)c1ccncc1C,-8.4,-45.29,45.29,8.4,-18.754848,18.754848,-101.11988879999998,101.11988879999998,C1,True,C1,True,-1.0,-1.0
22730732,C[C@H](OO)C1=CC=C(C)C=C1,Cc1ccc([C@H](C)OO)cc1,-68.6,15.17,15.17,68.6,-104.404398,104.404398,23.0876781,23.0876781,C1,True,C1,True,-1.0,1.0
22730734,C[C@H](OO)C1=CC=C(Br)C=C1,C[C@H](OO)c1ccc(Br)cc1,-65.8,-71.91,71.91,65.8,-142.82679599999997,142.82679599999997,-156.08928419999998,156.08928419999998,C1,True,C1,True,-1.0,-1.0
22730735,C[C@H](OO)C1=CC=C(F)C=C1,C[C@H](OO)c1ccc(F)cc1,-68.6,31.8,31.8,68.6,-107.12301599999996,107.12301599999996,49.65760799999999,49.65760799999999,C1,True,C1,True,-1.0,1.0
22730736,C[C@H](OO)C1=CC=C(C=C1)C1=CC=CC=C1,C[C@H](OO)c1ccc(-c2ccccc2)cc1,-79.2,-245.95,245.95,79.2,-169.697088,169.697088,-526.982308,526.982308,C1,True,C1,True,-1.0,-1.0
22752967,C1CC(=N[C@@H]1C1=CC=CC=C1)C1=CC=CC=C1,c1ccc(C2=N[C@H](c3ccccc3)CC2)cc1,-12.0,-571.83,571.83,12.0,-26.556359999999994,26.556359999999994,-1265.4769449,1265.4769449,C1,True,C1,True,-1.0,-1.0
22753303,COC(=O)C[C@@H](O)C(=O)C1=CC=CC=C1,COC(=O)C[C@@H](O)C(=O)c1ccccc1,-10.6,-108.33,108.33,10.6,-22.070578,22.070578,-225.55714290000003,225.55714290000003,C1,True,C1,True,-1.0,-1.0
22753308,COC(=O)C[C@@H](O)C(=O)C1=CC=C(OC)C=C1,COC(=O)C[C@@H](O)C(=O)c1ccc(OC)cc1,42.5,-172.73,172.73,42.5,101.25157499999999,101.25157499999999,-411.5102247,411.5102247,C1,True,C1,True,1.0,-1.0
22753321,CN1C(=O)C[C@@](O)(C#CC2=CC=CC=C2)C1=O,CN1C(=O)C[C@@](O)(C#Cc2ccccc2)C1=O,20.0,-45.48,45.48,20.0,45.84700000000001,45.84700000000001,-104.256078,104.256078,C1,True,C1,True,1.0,-1.0
22775481,COC(=O)[C@H](C)NC(=O)\C=C\C(F)(F)F,COC(=O)[C@H](C)NC(=O)/C=C/C(F)(F)F,35.0,79.49,79.49,35.0,78.80809999999998,78.80809999999998,178.98445339999995,178.98445339999995,C1,True,C1,True,1.0,1.0
22775482,COC(=O)[C@@H](NC(=O)\C=C\C(F)(F)F)C(C)C,COC(=O)[C@@H](NC(=O)/C=C/C(F)(F)F)C(C)C,78.0,10.62,10.62,78.0,197.51159999999996,197.51159999999996,26.891963999999994,26.891963999999994,C1,True,C1,True,1.0,1.0
22792188,C\C=C(/C)[C@@H](C)O,C/C=C(\C)[C@@H](C)O,47.5,6.64,6.64,47.5,47.57647499999999,47.57647499999999,6.650690399999998,6.650690399999998,C1,True,C1,True,1.0,1.0
22798566,CC(C)(CO)[C@H](C=C)C1=CC=CC=C1,C=C[C@H](c1ccccc1)C(C)(C)CO,-63.6,-84.52,84.52,63.6,-121.02189599999996,121.02189599999996,-160.82972719999995,160.82972719999995,C1,True,C1,True,-1.0,-1.0
22798571,COC(=O)C(C)(C)[C@H](C=C)C1=CC=CC=C1,C=C[C@H](c1ccccc1)C(C)(C)C(=O)OC,-46.5,-90.35,90.35,46.5,-101.50763999999998,101.50763999999998,-197.23043599999994,197.23043599999994,C1,True,C1,True,-1.0,-1.0
22800270,C[C@H](CCO)C#C,C#C[C@H](C)CCO,-10.0,-97.16,97.16,10.0,-9.814499999999999,9.814499999999999,-95.35768199999998,95.35768199999998,C1,True,C1,True,-1.0,-1.0
22800273,C[C@H](CCBr)C#CC1=CC=CC=C1,C[C@@H](C#Cc1ccccc1)CCBr,-146.0,-24.78,24.78,146.0,-346.2243999999999,346.2243999999999,-58.763291999999986,58.763291999999986,C1,True,C1,True,-1.0,-1.0
22800276,OCC[C@@H](OCC1=CC=CC=C1)C#C,C#C[C@@H](CCO)OCc1ccccc1,97.0,520.89,520.89,97.0,184.53474000000003,184.53474000000003,990.9515538,990.9515538,C1,True,C1,True,1.0,1.0
22801691,[H][C@@]12CCCN1C(=O)C[C@@H]2C=C,C=C[C@H]1CC(=O)N2CCC[C@@H]12,83.7,-171.22,171.22,83.7,126.56193300000001,126.56193300000001,-258.90004980000003,258.90004980000003,C1,True,C1,True,1.0,-1.0
22801695,[H][C@@]12CCCN1C(=O)C[C@H]2NCC1=CC=CC=C1,O=C1C[C@@H](NCc2ccccc2)[C@@H]2CCCN12,-60.6,-170.86,170.86,60.6,-139.568466,139.568466,-393.5093746,393.5093746,C1,True,C1,True,-1.0,-1.0
22818215,CC[C@H](OCC(=O)N(C)C)C=C,C=C[C@H](CC)OCC(=O)N(C)C,-23.5,-1.29,1.29,23.5,-40.24139999999999,40.24139999999999,-2.208996,2.208996,C1,True,C1,True,-1.0,-1.0
22818230,[H][C@@]1(C[C@@H](O)[C@@H](CC)O1)[C@]1([H])C[C@H](O)[C@H](CC=C)O1,C=CC[C@@H]1O[C@H]([C@H]2C[C@@H](O)[C@@H](CC)O2)C[C@@H]1O,-5.9,-233.35,233.35,5.9,-14.296585,14.296585,-565.4420524999999,565.4420524999999,C1,True,C1,True,-1.0,-1.0
22833633,[H][C@]12CO[C@@H](O[C@]1([H])CCCC(=O)O2)C1=CC=CC=C1,O=C1CCC[C@H]2O[C@@H](c3ccccc3)OC[C@@H]2O1,-51.5,-88.01,88.01,51.5,-127.86317,127.86317,-218.5094678,218.5094678,C1,True,C1,True,-1.0,-1.0
22833761,C[C@@H]1CC=C(C(=O)CCC=C)C(=O)C1,C=CCCC(=O)C1=CC[C@@H](C)CC1=O,-49.3,62.13,62.13,49.3,-94.78319399999997,94.78319399999997,119.44989539999997,119.44989539999997,C1,True,C1,True,-1.0,1.0
22837685,CCC[C@@H]1N(O[C@H](C)C=C1C=O)C1=CC=CC=C1,CCC[C@H]1C(C=O)=C[C@@H](C)ON1c1ccccc1,233.1,346.68,346.68,233.1,571.845582,571.845582,850.4823096,850.4823096,C1,True,C1,True,1.0,1.0
22848174,COC(=O)C#C[C@@H](C)O,COC(=O)C#C[C@@H](C)O,3.4,26.44,26.44,3.4,4.356317999999999,4.356317999999999,33.8767788,33.8767788,C1,True,C1,True,1.0,1.0
22868771,O[C@H]1CC=C(COCC2=CC=CC=C2)C1,O[C@H]1CC=C(COCc2ccccc2)C1,20.0,165.99,165.99,20.0,40.8538,40.8538,339.0661131,339.0661131,C1,True,C1,True,1.0,1.0
22878198,CCCCCC[C@@H](C)C(=O)NC1=CC=CC=C1,CCCCCC[C@@H](C)C(=O)Nc1ccccc1,10.4,-52.68,52.68,10.4,24.26892,24.26892,-122.931414,122.931414,C1,True,C1,True,1.0,-1.0
22893316,CON(C)C(=O)[C@H]1[C@@H](F)[C@@H]1C1=CC=CC=C1,CON(C)C(=O)[C@H]1[C@@H](F)[C@@H]1c1ccccc1,134.3,34.77,34.77,134.3,299.820721,299.820721,77.6229819,77.6229819,C1,True,C1,True,1.0,1.0
22926601,CC1=C[C@H](CC=CC2=CC=CC=C2)OC1=O,CC1=C[C@H](CC=Cc2ccccc2)OC1=O,63.7,-254.21,254.21,63.7,136.48616800000002,136.48616800000002,-544.6805144,544.6805144,C1,True,C1,True,1.0,-1.0
22926603,C[C@H]1OC(=O)C(=C1)[C@@H](C=C)C1=CC=CC=C1,C=C[C@H](C1=C[C@@H](C)OC1=O)c1ccccc1,13.8,379.75,379.75,13.8,29.568431999999998,29.568431999999998,813.6675399999999,813.6675399999999,C1,True,C1,True,1.0,1.0
22926606,[H][C@]1([C@@H](C=C)C2=CC=CC=C2)[C@H](C)[C@@H](C)OC1=O,C=C[C@@H](c1ccccc1)[C@@H]1C(=O)O[C@H](C)[C@H]1C,41.6,41.15,41.15,41.6,95.807712,95.807712,94.77133049999999,94.77133049999999,C1,True,C1,True,1.0,1.0
22926608,C=C[C@@H](C1=CCOC1=O)C1=CC=CC=C1,C=C[C@@H](C1=CCOC1=O)c1ccccc1,-35.7,-437.64,437.64,35.7,-71.484609,71.484609,-876.3172068,876.3172068,C1,True,C1,True,-1.0,-1.0
22926612,COC1=CC=C(C=C1)[C@H](C=C)C1=CCOC1=O,C=C[C@H](C1=CCOC1=O)c1ccc(OC)cc1,49.6,497.75,497.75,49.6,114.210448,114.210448,1146.1340825,1146.1340825,C1,True,C1,True,1.0,1.0
22926617,FC1=CC=C(C=C1)[C@H](C=C)C1=CCOC1=O,C=C[C@H](C1=CCOC1=O)c1ccc(F)cc1,40.0,427.6,427.6,40.0,87.29079999999998,87.29079999999998,933.138652,933.138652,C1,True,C1,True,1.0,1.0
22926622,ClC1=CC=C(C=C1)[C@H](C=C)C1=CCOC1=O,C=C[C@H](C1=CCOC1=O)c1ccc(Cl)cc1,53.0,458.89,458.89,53.0,124.38145999999999,124.38145999999999,1076.9322298,1076.9322298,C1,True,C1,True,1.0,1.0
22926625,FC1=CC=CC(=C1)[C@H](C=C)C1=CCOC1=O,C=C[C@H](C1=CCOC1=O)c1cccc(F)c1,51.8,404.07,404.07,51.8,113.041586,113.041586,881.7898388999998,881.7898388999998,C1,True,C1,True,1.0,1.0
22926628,CCC[C@@H](C=C)C1=CCOC1=O,C=C[C@H](CCC)C1=CCOC1=O,40.8,-35.01,35.01,40.8,67.81775999999998,67.81775999999998,-58.19362199999998,58.19362199999998,C1,True,C1,True,1.0,-1.0
22926629,C[C@@H](C=C)C1=CCOC1=O,C=C[C@H](C)C1=CCOC1=O,28.8,39.19,39.19,28.8,39.79180799999999,39.79180799999999,54.147255399999985,54.147255399999985,C1,True,C1,True,1.0,1.0
22936786,[H][C@@]12C[C@@]([H])(C(=CC1)C(N)=O)C2(C)C,CC1(C)[C@H]2CC=C(C(N)=O)[C@@H]1C2,-17.0,-185.04,185.04,17.0,-28.09012,28.09012,-305.75269439999994,305.75269439999994,C1,True,C1,True,-1.0,-1.0
22956409,CCN(CC)C(=O)C[C@@H](O)CC(=O)C1=CC=CO1,CCN(CC)C(=O)C[C@@H](O)CC(=O)c1ccco1,18.3,151.33,151.33,18.3,46.353533999999996,46.353533999999996,383.3158634,383.3158634,C1,True,C1,True,1.0,1.0
22972990,CC(C)[C@H]1CC(=O)O[C@@H]1C1=C(C)C=CC(O)=C1C,Cc1ccc(O)c(C)c1[C@H]1OC(=O)C[C@@H]1C(C)C,-2.0,-73.67,73.67,2.0,-4.9664399999999995,4.9664399999999995,-182.93881739999998,182.93881739999998,C1,True,C1,True,-1.0,-1.0
22996871,CC(C)(C)[Si](C)(C)O[C@H](CC(O)=O)C=C,C=C[C@@H](CC(=O)O)O[Si](C)(C)C(C)(C)C,-7.1,-38.94,38.94,7.1,-16.356979999999993,16.356979999999993,-89.70997199999998,89.70997199999998,C1,True,C1,True,-1.0,-1.0
23013399,CC(C)OC(=O)C[C@@H]1COC2=C(C=CC=C2)C1=O,CC(C)OC(=O)C[C@@H]1COc2ccccc2C1=O,-11.9,165.55,165.55,11.9,-29.545082,29.545082,411.02422900000005,411.02422900000005,C1,True,C1,True,-1.0,1.0
23013401,CCOC(=O)C[C@@H]1COC2=C(C=CC(C)=C2)C1=O,CCOC(=O)C[C@@H]1COc2cc(C)ccc2C1=O,-10.9,105.61,105.61,10.9,-27.062302,27.062302,262.2063958,262.2063958,C1,True,C1,True,-1.0,1.0
23013402,CCOC(=O)C[C@@H]1COC2=C(C(C)=CC=C2)C1=O,CCOC(=O)C[C@@H]1COc2cccc(C)c2C1=O,-14.4,11.11,11.11,14.4,-35.752032,35.752032,27.583685799999998,27.583685799999998,C1,True,C1,True,-1.0,1.0
23015814,F[C@@]1(CC2=CC=CS2)C(=O)NC2=CC=CC=C12,O=C1Nc2ccccc2[C@]1(F)Cc1cccs1,0.9,-63.52,63.52,0.9,2.2256459999999993,2.2256459999999993,-157.08114879999997,157.08114879999997,C1,True,C1,True,1.0,-1.0
23015815,F[C@@]1(CC2=NC=CC=C2)C(=O)NC2=CC=CC=C12,O=C1Nc2ccccc2[C@]1(F)Cc1ccccn1,-2.2,-203.17,203.17,2.2,-5.329566,5.329566,-492.1854200999999,492.1854200999999,C1,True,C1,True,-1.0,-1.0
23015818,C[C@@]1(F)C(=O)NC2=CC=CC=C12,C[C@@]1(F)C(=O)Nc2ccccc21,-14.3,16.63,16.63,14.3,-23.618881,23.618881,27.467272099999995,27.467272099999995,C1,True,C1,True,-1.0,1.0
23015820,CC[C@]1(F)C(=O)NC2=CC=CC=C12,CC[C@]1(F)C(=O)Nc2ccccc21,13.5,-35.79,35.79,13.5,24.191189999999995,24.191189999999995,-64.1335326,64.1335326,C1,True,C1,True,1.0,-1.0
23015821,CCC[C@]1(F)C(=O)NC2=CC=CC=C12,CCC[C@]1(F)C(=O)Nc2ccccc21,25.8,-19.82,19.82,25.8,49.851018,49.851018,-38.2964022,38.2964022,C1,True,C1,True,1.0,-1.0
23015822,CCCC[C@]1(F)C(=O)NC2=CC=CC=C12,CCCC[C@]1(F)C(=O)Nc2ccccc21,16.2,-50.99,50.99,16.2,33.574176,33.574176,-105.67575520000003,105.67575520000003,C1,True,C1,True,1.0,-1.0
23015823,CC(C)C[C@]1(F)C(=O)NC2=CC=CC=C12,CC(C)C[C@]1(F)C(=O)Nc2ccccc21,31.2,-84.35,84.35,31.2,64.661376,64.661376,-174.813688,174.813688,C1,True,C1,True,1.0,-1.0
23015824,CCC(CC)C[C@]1(F)C(=O)NC2=CC=CC=C12,CCC(CC)C[C@]1(F)C(=O)Nc2ccccc21,23.0,-87.61,87.61,23.0,54.11946000000001,54.11946000000001,-206.14808220000003,206.14808220000003,C1,True,C1,True,1.0,-1.0
23015825,F[C@@]1(CC=C)C(=O)NC2=CC=CC=C12,C=CC[C@]1(F)C(=O)Nc2ccccc21,-22.9,-169.88,169.88,22.9,-43.785945,43.785945,-324.819054,324.819054,C1,True,C1,True,-1.0,-1.0
23015830,F[C@@]1(CC2=CC=CC=C2)C(=O)NC2=CC=CC=C12,O=C1Nc2ccccc2[C@]1(F)Cc1ccccc1,-52.3,25.8,25.8,52.3,-126.18159499999997,126.18159499999997,62.246369999999985,62.246369999999985,C1,True,C1,True,-1.0,1.0
23015832,CC1=C(C[C@]2(F)C(=O)NC3=CC=CC=C23)C=CC=C1,Cc1ccccc1C[C@]1(F)C(=O)Nc2ccccc21,-25.3,-62.14,62.14,25.3,-64.588876,64.588876,-158.6384488,158.6384488,C1,True,C1,True,-1.0,-1.0
23015833,CC1=CC=CC(C[C@]2(F)C(=O)NC3=CC=CC=C23)=C1,Cc1cccc(C[C@]2(F)C(=O)Nc3ccccc32)c1,-38.8,160.69,160.69,38.8,-99.053296,99.053296,410.22871480000003,410.22871480000003,C1,True,C1,True,-1.0,1.0
23015834,CC1=CC=C(C[C@]2(F)C(=O)NC3=CC=CC=C23)C=C1,Cc1ccc(C[C@]2(F)C(=O)Nc3ccccc32)cc1,-32.9,89.0,89.0,32.9,-83.99106800000001,83.99106800000001,227.20988000000006,227.20988000000006,C1,True,C1,True,-1.0,1.0
23016373,CC1=CC[C@@H](OC1=O)C1=CC=CS1,CC1=CC[C@H](c2cccs2)OC1=O,36.6,442.7,442.7,36.6,71.09733,71.09733,859.9668849999999,859.9668849999999,C1,True,C1,True,1.0,1.0
23042468,C[C@H](COCC1=CC=CC=C1)\C=C\C(C)(C)C,C[C@@H](/C=C/C(C)(C)C)COCc1ccccc1,-1.6,1.85,1.85,1.6,-3.7178720000000003,3.7178720000000003,4.298789500000001,4.298789500000001,C1,True,C1,True,-1.0,1.0
23042469,C[C@H](CBr)\C=C\C(C)(C)C,C[C@@H](/C=C/C(C)(C)C)CBr,-19.7,-58.14,58.14,19.7,-40.412383,40.412383,-119.26781460000001,119.26781460000001,C1,True,C1,True,-1.0,-1.0
23044534,COC(=O)C1=CC=CC[C@H]1OC(C)=O,COC(=O)C1=CC=CC[C@H]1OC(C)=O,20.0,228.55,228.55,20.0,39.240399999999994,39.240399999999994,448.41967099999994,448.41967099999994,C1,True,C1,True,1.0,1.0
23044535,COC(=O)C1=CC=C[C@H](N=N#N)[C@H]1OC(C)=O,COC(=O)C1=CC=C[C@H](N=[N+]=[N-])[C@H]1OC(C)=O,840.0,700.09,700.09,840.0,1992.6059999999998,1992.6059999999998,1660.7184935,1660.7184935,C1,True,C1,True,1.0,1.0
23044536,COC(=O)[C@]1(OC(C)=O)C=CC=C[C@@H]1N=N#N,COC(=O)[C@]1(OC(C)=O)C=CC=C[C@@H]1N=[N+]=[N-],20.0,-767.33,767.33,20.0,47.44300000000001,47.44300000000001,-1820.2218595000004,1820.2218595000004,C1,True,C1,True,1.0,-1.0
23044537,COC(=O)C1=CC=C[C@H](O)[C@H]1OC(C)=O,COC(=O)C1=CC=C[C@H](O)[C@H]1OC(C)=O,400.0,1009.81,1009.81,400.0,848.8039999999997,848.8039999999997,2142.8269180999996,2142.8269180999996,C1,True,C1,True,1.0,1.0
23044539,COC(=O)C1=CC=C[C@@H](OC(C)=O)[C@@H]1OC(C)=O,COC(=O)C1=CC=C[C@@H](OC(C)=O)[C@@H]1OC(C)=O,440.0,-123.8,123.8,440.0,1118.6471999999997,1118.6471999999997,-314.7466439999999,314.7466439999999,C1,True,C1,True,1.0,-1.0
23044540,CCOC(=O)[C@]1(O)C=CC=C[C@H]1O,CCOC(=O)[C@]1(O)C=CC=C[C@H]1O,-140.0,-362.9,362.9,140.0,-257.86740000000003,257.86740000000003,-668.429139,668.429139,C1,True,C1,True,-1.0,-1.0
23098827,COC1=CC=CC(=C1)[C@@H](O)C(F)(F)F,COc1cccc([C@@H](O)C(F)(F)F)c1,-13.6,-24.66,24.66,13.6,-28.03816799999999,28.03816799999999,-50.83979579999999,50.83979579999999,C1,True,C1,True,-1.0,-1.0
23098828,COC1=C(C=CC=C1)[C@@H](O)C(F)(F)F,COc1ccccc1[C@@H](O)C(F)(F)F,-11.7,-40.1,40.1,11.7,-24.121070999999993,24.121070999999993,-82.67136299999999,82.67136299999999,C1,True,C1,True,-1.0,-1.0
23098829,O[C@H](C1=CC2=C(OCO2)C=C1)C(F)(F)F,O[C@H](c1ccc2c(c1)OCO2)C(F)(F)F,-16.7,-41.81,41.81,16.7,-36.76438199999998,36.76438199999998,-92.04304259999998,92.04304259999998,C1,True,C1,True,-1.0,-1.0
23098830,O[C@H](C1=CC2=C(OCCO2)C=C1)C(F)(F)F,O[C@H](c1ccc2c(c1)OCCO2)C(F)(F)F,-16.3,-3.35,3.35,16.3,-38.17019899999999,38.17019899999999,-7.844795499999998,7.844795499999998,C1,True,C1,True,-1.0,-1.0
23098831,O[C@H](C1=CC=C(OCC=C)C=C1)C(F)(F)F,C=CCOc1ccc([C@@H](O)C(F)(F)F)cc1,-19.3,-2.17,2.17,19.3,-44.81479299999999,44.81479299999999,-5.0387616999999985,5.0387616999999985,C1,True,C1,True,-1.0,-1.0
23098832,CCSC1=CC=C(C=C1)[C@@H](O)C(F)(F)F,CCSc1ccc([C@@H](O)C(F)(F)F)cc1,-16.7,-131.32,131.32,16.7,-39.455085999999994,39.455085999999994,-310.2540055999999,310.2540055999999,C1,True,C1,True,-1.0,-1.0
23110278,[H][C@@]1(O[C@]1([H])[C@H](O)[C@H](C)C#C)[C@H](C)[C@H](CC)OC,C#C[C@@H](C)[C@@H](O)[C@H]1O[C@@H]1[C@H](C)[C@H](CC)OC,10.2,44.82,44.82,10.2,23.084231999999993,23.084231999999993,101.43483119999998,101.43483119999998,C1,True,C1,True,1.0,1.0
23113667,CC[C@H](C)OCC1=CC=C(OC)C=C1,CC[C@H](C)OCc1ccc(OC)cc1,19.05,53.47,53.47,19.05,37.00919699999999,37.00919699999999,103.87830779999999,103.87830779999999,C1,True,C1,True,1.0,1.0
23116425,O=C1CO[C@H](N1)C1=CC=CC=C1,O=C1CO[C@@H](c2ccccc2)N1,7.3,155.97,155.97,7.3,11.911847999999997,11.911847999999997,254.5056072,254.5056072,C1,True,C1,True,1.0,1.0
23116427,O=C1CS[C@H](N1)C1=CC=CC=C1,O=C1CS[C@@H](c2ccccc2)N1,-77.0,-268.59,268.59,77.0,-138.01788,138.01788,-481.4314595999999,481.4314595999999,C1,True,C1,True,-1.0,-1.0
23116432,S=C1CC[C@H](N1)C1=CC=CC=C1,S=C1CC[C@@H](c2ccccc2)N1,-25.2,-142.91,142.91,25.2,-44.67254400000001,44.67254400000001,-253.33941520000005,253.33941520000005,C1,True,C1,True,-1.0,-1.0
23125887,CCCCC[C@H](CO)CCO,CCCCC[C@H](CO)CCO,1.5,35.93,35.93,1.5,2.4038549999999996,2.4038549999999996,57.580340099999994,57.580340099999994,C1,True,C1,True,1.0,1.0
23125901,CCCCCCCC[C@H](CO)CCO,CCCCCCCC[C@H](CO)CCO,1.3,-63.1,63.1,1.3,2.6303939999999995,2.6303939999999995,-127.67527799999998,127.67527799999998,C1,True,C1,True,1.0,-1.0
23125905,CC(C)C[C@H](CO)CCO,CC(C)C[C@H](CO)CCO,1.2,-132.14,132.14,1.2,1.7547599999999997,1.7547599999999997,-193.22832199999996,193.22832199999996,C1,True,C1,True,1.0,-1.0
23134902,CC(C)[C@H]1COC(=S)N1C(=O)C=[N]#N,CC(C)[C@H]1COC(=S)N1C(=O)C=[N+]=[N-],132.5,450.7,450.7,132.5,282.57215,282.57215,961.171834,961.171834,C1,True,C1,True,1.0,1.0
23134913,CC(C)(C)[C@H]1COC(=S)N1C(=O)C=[N]#N,CC(C)(C)[C@H]1COC(=S)N1C(=O)C=[N+]=[N-],194.0,624.4,624.4,194.0,440.94066,440.94066,1419.1925159999998,1419.1925159999998,C1,True,C1,True,1.0,1.0
23134924,O=C(C=[N]#N)N1[C@H](COC1=S)C1=CC=CC=C1,[N-]=[N+]=CC(=O)N1C(=S)OC[C@@H]1c1ccccc1,211.6,308.44,308.44,211.6,523.242364,523.242364,762.7073475999999,762.7073475999999,C1,True,C1,True,1.0,1.0
23147756,C[C@@H](CC=C)NS(=O)(=O)C1=CC=C(C)C=C1,C=CC[C@H](C)NS(=O)(=O)c1ccc(C)cc1,-21.8,267.08,267.08,21.8,-52.17612,52.17612,639.229272,639.229272,C1,True,C1,True,-1.0,1.0
23158101,COCC#C[C@H](O)C1=CC=CC=C1OC,COCC#C[C@H](O)c1ccccc1OC,11.5,-152.49,152.49,11.5,23.717715,23.717715,-314.4969009,314.4969009,C1,True,C1,True,1.0,-1.0
23158108,CCCCCC\C=C\[C@@H](O)C#C[Si](C)(C)C,CCCCCC/C=C/[C@@H](O)C#C[Si](C)(C)C,-15.9,184.03,184.03,15.9,-37.913073,37.913073,438.8140141,438.8140141,C1,True,C1,True,-1.0,1.0
23158114,CC\C=C(/C)[C@@H](O)C#C[Si](C)(C)C,CC/C=C(\C)[C@@H](O)C#C[Si](C)(C)C,-52.5,-9.95,9.95,52.5,-103.09214999999999,103.09214999999999,-19.538416999999995,19.538416999999995,C1,True,C1,True,-1.0,-1.0
23158118,CCOC(=O)\C=C(/C)[C@@H](O)C#C[Si](C)(C)C,CCOC(=O)/C=C(\C)[C@@H](O)C#C[Si](C)(C)C,16.8,-156.51,156.51,16.8,40.382999999999996,40.382999999999996,-376.2109124999999,376.2109124999999,C1,True,C1,True,1.0,-1.0
23158137,COC1=CC=C(C=C1)[C@@H](O)C#C[Si](C)(C)C,COc1ccc([C@@H](O)C#C[Si](C)(C)C)cc1,2.5,148.38,148.38,2.5,5.859274999999999,5.859274999999999,347.75968979999993,347.75968979999993,C1,True,C1,True,1.0,1.0
23159343,CC1=CC=CC(OC[C@@H](O)CN(=O)=O)=C1,Cc1cccc(OC[C@@H](O)C[N+](=O)[O-])c1,-22.58,176.97,176.97,22.58,-47.692798599999996,47.692798599999996,373.7907249,373.7907249,C1,True,C1,True,-1.0,1.0
23159344,COC1=C(OC[C@@H](O)CN(=O)=O)C=CC=C1,COc1ccccc1OC[C@@H](O)C[N+](=O)[O-],-7.39,-82.34,82.34,7.39,-16.791262399999997,16.791262399999997,-187.08965439999997,187.08965439999997,C1,True,C1,True,-1.0,-1.0
23161316,C[Si](C)(C)\C=C\[C@H]1O[C@@H]1CO,C[Si](C)(C)/C=C/[C@H]1O[C@@H]1CO,9.9,49.53,49.53,9.9,17.057699999999997,17.057699999999997,85.34018999999998,85.34018999999998,C1,True,C1,True,1.0,1.0
23161338,[H][C@]1(O[C@H]1CO)[C@H](C)CCC,CCC[C@@H](C)[C@@H]1O[C@H]1CO,-21.0,-8.15,8.15,21.0,-30.284940000000002,30.284940000000002,-11.753441,11.753441,C1,True,C1,True,-1.0,-1.0
23161340,[H][C@]1(OC(C)(C)O[C@@H]1C=C)[C@@H]1O[C@H]1CO,C=C[C@H]1OC(C)(C)O[C@H]1[C@@H]1O[C@H]1CO,-8.6,-10.72,10.72,8.6,-17.220124,17.220124,-21.4650848,21.4650848,C1,True,C1,True,-1.0,-1.0
23161360,CC[C@H]1O[C@@H]1COC(=O)[C@H](C)C1=CC=CC=C1,CC[C@H]1O[C@@H]1COC(=O)[C@H](C)c1ccccc1,-78.4,-319.81,319.81,78.4,-183.68728000000002,183.68728000000002,-749.2988395,749.2988395,C1,True,C1,True,-1.0,-1.0
23161362,CC[C@@H]1O[C@H]1COC(=O)[C@H](C)C1=CC=CC=C1,CC[C@@H]1O[C@H]1COC(=O)[C@H](C)c1ccccc1,21.7,113.55,113.55,21.7,50.842015,50.842015,266.0419725,266.0419725,C1,True,C1,True,1.0,1.0
23168639,O[C@H]1[C@H](F)C=CC2=C1C=CC=C2,O[C@@H]1c2ccccc2C=C[C@H]1F,-90.0,117.03,117.03,90.0,-147.76109999999997,147.76109999999997,192.13868369999997,192.13868369999997,C1,True,C1,True,-1.0,1.0
23168641,O[C@H]1[C@H](F)C=CC2=C1C=C(F)C(F)=C2,O[C@@H]1c2cc(F)c(F)cc2C=C[C@H]1F,-56.6,79.67,79.67,56.6,-113.28999400000001,113.28999400000001,159.46667530000002,159.46667530000002,C1,True,C1,True,-1.0,1.0
23168647,CCOC1=NC=CC2=C1C=C[C@@H](F)[C@@H]2O,CCOc1nccc2c1C=C[C@@H](F)[C@@H]2O,-159.2,-258.76,258.76,159.2,-333.07824,333.07824,-541.377672,541.377672,C1,True,C1,True,-1.0,-1.0
23271958,FC(F)(F)[C@@H](CN(=O)=O)C1=CC=CC=C1,O=[N+]([O-])C[C@@H](c1ccccc1)C(F)(F)F,47.0,76.48,76.48,47.0,103.00613999999997,103.00613999999997,167.61509759999998,167.61509759999998,C1,True,C1,True,1.0,1.0
23273303,CNC(=O)CN1C[C@@](C)(NC(C)=O)C1=O,CNC(=O)CN1C[C@@](C)(NC(C)=O)C1=O,94.8,126.31,126.31,94.8,202.14867599999997,202.14867599999997,269.3396547,269.3396547,C1,True,C1,True,1.0,1.0
23273304,CNC(=O)[C@@H](C)N1C[C@@](C)(NC(C)=O)C1=O,CNC(=O)[C@@H](C)N1C[C@@](C)(NC(C)=O)C1=O,58.2,-256.45,256.45,58.2,132.26764799999998,132.26764799999998,-582.8185279999999,582.8185279999999,C1,True,C1,True,1.0,-1.0
23273305,CNC(=O)[C@H](C)N1C[C@@](C)(NC(C)=O)C1=O,CNC(=O)[C@H](C)N1C[C@@](C)(NC(C)=O)C1=O,58.6,-116.96,116.96,58.6,133.176704,133.176704,-265.8079743999999,265.8079743999999,C1,True,C1,True,1.0,-1.0
23273308,CNC(=O)C(C)(C)N1C[C@@](C)(NC(C)=O)C1=O,CNC(=O)C(C)(C)N1C[C@@](C)(NC(C)=O)C1=O,57.7,-227.98,227.98,57.7,139.22490699999997,139.22490699999997,-550.0952217999999,550.0952217999999,C1,True,C1,True,1.0,-1.0
23299489,C[C@H]1CCCC(C)(C)[C@@H]1C(=O)C1=CC=CO1,C[C@H]1CCCC(C)(C)[C@@H]1C(=O)c1ccco1,-25.7,-22.85,22.85,25.7,-56.62018399999999,56.62018399999999,-50.341292,50.341292,C1,True,C1,True,-1.0,-1.0
23299490,C[C@H]1CCCC(C)(C)[C@@H]1C(=O)C1=COC=C1,C[C@H]1CCCC(C)(C)[C@@H]1C(=O)c1ccoc1,-24.0,-31.38,31.38,24.0,-52.87487999999999,52.87487999999999,-69.13390559999999,69.13390559999999,C1,True,C1,True,-1.0,-1.0
23299492,[H][C@@]1([C@H](O)C2=CC=CO2)[C@@H](C)CCCC1(C)C,C[C@H]1CCCC(C)(C)[C@@H]1[C@H](O)c1ccco1,0.87,196.07,196.07,0.87,1.9342536000000001,1.9342536000000001,435.91850959999994,435.91850959999994,C1,True,C1,True,1.0,1.0
23299494,[H][C@@]1([C@@H](O)C2=CC=CO2)[C@@H](C)CCCC1(C)C,C[C@H]1CCCC(C)(C)[C@@H]1[C@@H](O)c1ccco1,37.3,-53.33,53.33,37.3,82.928344,82.928344,-118.5675224,118.5675224,C1,True,C1,True,1.0,-1.0
23299497,[H][C@@]1([C@H](O)C2=COC=C2)[C@@H](C)CCCC1(C)C,C[C@H]1CCCC(C)(C)[C@@H]1[C@H](O)c1ccoc1,1.33,108.42,108.42,1.33,2.9569624000000005,2.9569624000000005,241.0480176,241.0480176,C1,True,C1,True,1.0,1.0
23299498,[H][C@@]1([C@@H](O)C2=COC=C2)[C@@H](C)CCCC1(C)C,C[C@H]1CCCC(C)(C)[C@@H]1[C@@H](O)c1ccoc1,8.31,137.05,137.05,8.31,18.475456800000003,18.475456800000003,304.70052400000003,304.70052400000003,C1,True,C1,True,1.0,1.0
23299500,[H][C@@]1([C@H](O)C2=CSC=C2)[C@@H](C)CCCC1(C)C,C[C@H]1CCCC(C)(C)[C@@H]1[C@H](O)c1ccsc1,15.8,62.2,62.2,15.8,37.666568000000005,37.666568000000005,148.28231200000002,148.28231200000002,C1,True,C1,True,1.0,1.0
23299502,[H][C@@]1([C@@H](O)C2=CSC=C2)[C@@H](C)CCCC1(C)C,C[C@H]1CCCC(C)(C)[C@@H]1[C@@H](O)c1ccsc1,46.4,83.16,83.16,46.4,110.61574399999999,110.61574399999999,198.2501136,198.2501136,C1,True,C1,True,1.0,1.0
23299504,C[C@H]1CCCC(C)(C)[C@@H]1C(=O)C1=CSC=C1,C[C@H]1CCCC(C)(C)[C@@H]1C(=O)c1ccsc1,-14.0,-74.08,74.08,14.0,-33.093199999999996,33.093199999999996,-175.11030399999999,175.11030399999999,C1,True,C1,True,-1.0,-1.0
23299508,C[C@H]1CCCC(C)(C)[C@@H]1CC1=CC=C(F)C=C1,C[C@H]1CCCC(C)(C)[C@@H]1Cc1ccc(F)cc1,4.21,19.01,19.01,4.21,9.8664718,9.8664718,44.55145580000001,44.55145580000001,C1,True,C1,True,1.0,1.0
23299512,[H][C@@]1([C@H](O)C2=CC=CC=C2)[C@@H](C)CCCC1(C)C,C[C@H]1CCCC(C)(C)[C@@H]1[C@H](O)c1ccccc1,320.0,31.12,31.12,320.0,743.5744,743.5744,72.31261040000001,72.31261040000001,C1,True,C1,True,1.0,1.0
23299520,[H][C@@]1([C@H](O)C2=CC=C(C)C=C2)[C@@H](C)CCCC1(C)C,Cc1ccc([C@@H](O)[C@@H]2[C@@H](C)CCCC2(C)C)cc1,6.67,-62.48,62.48,6.67,16.4344798,16.4344798,-153.94697119999995,153.94697119999995,C1,True,C1,True,1.0,-1.0
23299522,C[C@H]1CCCC(C)(C)[C@@H]1C(=O)C1=CC=C(C)C=C1,Cc1ccc(C(=O)[C@@H]2[C@@H](C)CCCC2(C)C)cc1,-4.62,-130.6,130.6,4.62,-11.290263599999998,11.290263599999998,-319.15766799999994,319.15766799999994,C1,True,C1,True,-1.0,-1.0
23299523,C[C@H]1CCCC(C)(C)[C@@H]1C(=O)C1=CC=C(F)C=C1,C[C@H]1CCCC(C)(C)[C@@H]1C(=O)c1ccc(F)cc1,-4.8,-105.0,105.0,4.8,-11.920367999999998,11.920367999999998,-260.75804999999997,260.75804999999997,C1,True,C1,True,-1.0,-1.0
23299528,C[C@H]1CCCC(C)(C)[C@@H]1C(=O)C1=CC=C(C=C1)C#N,C[C@H]1CCCC(C)(C)[C@@H]1C(=O)c1ccc(C#N)cc1,12.5,-62.21,62.21,12.5,31.920125,31.920125,-158.86007809999998,158.86007809999998,C1,True,C1,True,1.0,-1.0
23299530,C[C@H]1CCCC(C)(C)[C@@H]1C(=O)C1CCCCC1,C[C@H]1CCCC(C)(C)[C@@H]1C(=O)C1CCCCC1,-90.0,76.9,76.9,90.0,-212.75909999999993,212.75909999999993,181.79083099999997,181.79083099999997,C1,True,C1,True,-1.0,1.0
23299533,[H][C@@]1([C@H](O)C2=CC=C(F)C=C2)[C@@H](C)CCCC1(C)C,C[C@H]1CCCC(C)(C)[C@@H]1[C@H](O)c1ccc(F)cc1,7.37,-44.16,44.16,7.37,18.4513109,18.4513109,-110.5576512,110.5576512,C1,True,C1,True,1.0,-1.0
23299536,[H][C@@]1([C@@H](O)C2=CC=C(F)C=C2)[C@@H](C)CCCC1(C)C,C[C@H]1CCCC(C)(C)[C@@H]1[C@@H](O)c1ccc(F)cc1,26.0,129.61,129.61,26.0,65.09282,65.09282,324.48770770000004,324.48770770000004,C1,True,C1,True,1.0,1.0
23299554,[H][C@@]1([C@H](O)C2CCCCC2)[C@@H](C)CCCC1(C)C,C[C@H]1CCCC(C)(C)[C@@H]1[C@H](O)C1CCCCC1,4.07,-25.21,25.21,4.07,9.703490499999997,9.703490499999997,-60.10442149999999,60.10442149999999,C1,True,C1,True,1.0,-1.0
23358709,CCOC(=O)C1=CC(=CC=C1)[C@H](C)C#N,CCOC(=O)c1cccc([C@H](C)C#N)c1,-18.0,15.95,15.95,18.0,-36.58338,36.58338,32.41693949999999,32.41693949999999,C1,True,C1,True,-1.0,1.0
23358712,C[C@H](C#N)C1=C(C)C=C(C)C=C1C,Cc1cc(C)c([C@H](C)C#N)c(C)c1,-48.0,-47.07,47.07,48.0,-83.16431999999999,83.16431999999999,-81.5530113,81.5530113,C1,True,C1,True,-1.0,-1.0
23358713,C[C@H](C#N)C1=CC(=CC(=C1)C(C)(C)C)C(C)(C)C,C[C@H](C#N)c1cc(C(C)(C)C)cc(C(C)(C)C)c1,-17.0,-17.74,17.74,17.0,-41.376979999999996,41.376979999999996,-43.178095599999985,43.178095599999985,C1,True,C1,True,-1.0,-1.0
23358714,C[C@H](C#N)C1=CC=CS1,C[C@H](C#N)c1cccs1,-6.0,-56.78,56.78,6.0,-8.232419999999998,8.232419999999998,-77.90613459999997,77.90613459999997,C1,True,C1,True,-1.0,-1.0
23358715,C[C@H](C#N)C1=CSC=C1,C[C@H](C#N)c1ccsc1,-8.0,7.08,7.08,8.0,-10.97656,10.97656,9.7142556,9.7142556,C1,True,C1,True,-1.0,1.0
23358717,CC[C@H](C#N)C1=C(C)C=C(C)C=C1C,CC[C@H](C#N)c1c(C)cc(C)cc1C,-41.0,-35.52,35.52,41.0,-76.78725999999999,76.78725999999999,-66.5239872,66.5239872,C1,True,C1,True,-1.0,-1.0
23358718,CC[C@H](C#N)C1=CC=CS1,CC[C@H](C#N)c1cccs1,-21.0,13.08,13.08,21.0,-31.75914,31.75914,19.781407199999997,19.781407199999997,C1,True,C1,True,-1.0,1.0
23358719,CCC[C@H](C#N)C1=C(C)C=C(C)C=C1C,CCC[C@H](C#N)c1c(C)cc(C)cc1C,-46.0,-37.38,37.38,46.0,-92.60397999999999,92.60397999999999,-75.25079939999999,75.25079939999999,C1,True,C1,True,-1.0,-1.0
23358721,CC1=CC(C)=C([C@@H](C#N)C2CCCC2)C(C)=C1,Cc1cc(C)c([C@@H](C#N)C2CCCC2)c(C)c1,-56.0,-46.91,46.91,56.0,-127.31655999999997,127.31655999999997,-106.65035409999997,106.65035409999997,C1,True,C1,True,-1.0,-1.0
23358722,C[C@H](C#N)C12CC3CC(CC(C3)C1)C2,C[C@H](C#N)C12CC3CC(CC(C3)C1)C2,8.0,7.43,7.43,8.0,15.144159999999994,15.144159999999994,14.065138599999996,14.065138599999996,C1,True,C1,True,1.0,1.0
23358769,COC1=C(C=CC=C1)[C@H](C)C#N,COc1ccccc1[C@H](C)C#N,-26.0,-71.09,71.09,26.0,-41.913039999999995,41.913039999999995,-114.59992359999998,114.59992359999998,C1,True,C1,True,-1.0,-1.0
23358771,C[C@H](C#N)C1=C(Cl)C=CC=C1Cl,C[C@H](C#N)c1c(Cl)cccc1Cl,-35.0,-43.59,43.59,35.0,-70.0238,70.0238,-87.20964120000001,87.20964120000001,C1,True,C1,True,-1.0,-1.0
23358772,C[C@H](C#N)C1=CC(Cl)=CC=C1,C[C@H](C#N)c1cccc(Cl)c1,-23.0,14.12,14.12,23.0,-38.093289999999996,38.093289999999996,23.3859676,23.3859676,C1,True,C1,True,-1.0,1.0
23358773,C[C@H](C#N)C1=CC(Br)=CC=C1,C[C@H](C#N)c1cccc(Br)c1,-17.0,20.34,20.34,17.0,-35.712579999999996,35.712579999999996,42.72905159999999,42.72905159999999,C1,True,C1,True,-1.0,1.0
23367408,CC[Si](CC)(CC)O[C@H](C)CCC=O,CC[Si](CC)(CC)O[C@H](C)CCC=O,-13.2,-59.82,59.82,13.2,-28.564403999999996,28.564403999999996,-129.4486854,129.4486854,C1,True,C1,True,-1.0,-1.0
23400715,COC1=CC=C(O[C@@H](C=C)C2CCCC2)C=C1,C=C[C@H](Oc1ccc(OC)cc1)C1CCCC1,10.5,158.63,158.63,10.5,24.393914999999993,24.393914999999993,368.53397489999986,368.53397489999986,C1,True,C1,True,1.0,1.0
23400718,COC1=CC=C(O[C@H](CCCC=C)C=C)C=C1,C=CCCC[C@H](C=C)Oc1ccc(OC)cc1,-3.4,59.62,59.62,3.4,-7.898981999999998,7.898981999999998,138.51097259999997,138.51097259999997,C1,True,C1,True,-1.0,1.0
23400721,COC1=CC=C(O[C@@H](C=C)\C=C\C)C=C1,C=C[C@@H](/C=C/C)Oc1ccc(OC)cc1,-10.8,114.23,114.23,10.8,-22.061052,22.061052,233.33647869999996,233.33647869999996,C1,True,C1,True,-1.0,1.0
23400727,CCC(CC)[C@@H](OC1=CC=C(OC)C=C1)C=C,C=C[C@H](Oc1ccc(OC)cc1)C(CC)CC,-10.0,126.92,126.92,10.0,-23.433899999999998,23.433899999999998,297.4230588,297.4230588,C1,True,C1,True,-1.0,1.0
23400728,COC1=CC=C(O[C@@H](C=C)C(C)(C)C)C=C1,C=C[C@H](Oc1ccc(OC)cc1)C(C)(C)C,-76.0,90.45,90.45,76.0,-167.43712,167.43712,199.272204,199.272204,C1,True,C1,True,-1.0,1.0
23411225,CCC[C@@H](N[C@H](CO)C1=CC=CC=C1)C#N,CCC[C@H](C#N)N[C@H](CO)c1ccccc1,157.37,-9.94,9.94,157.37,343.53871000000004,343.53871000000004,-21.699020000000004,21.699020000000004,C1,True,C1,True,1.0,-1.0
23414488,CCOC(=O)[C@H](O)[C@@H](O)CCC=C,C=CCC[C@H](O)[C@@H](O)C(=O)OCC,-14.3,-247.38,247.38,14.3,-26.915888999999993,26.915888999999993,-465.62605739999987,465.62605739999987,C1,True,C1,True,-1.0,-1.0
23422201,C[C@H](O)CCCC(=O)SCCNC(C)=O,CC(=O)NCCSC(=O)CCC[C@H](C)O,10.0,277.13,277.13,10.0,23.333299999999998,23.333299999999998,646.6357428999999,646.6357428999999,C1,True,C1,True,1.0,1.0
23425396,[H][C@]12NC(=O)O[C@]1([H])C1=C(C=C2)C=C2OCOC2=C1,O=C1N[C@@H]2C=Cc3cc4c(cc3[C@H]2O1)OCO4,-314.9,-364.36,364.36,314.9,-728.0708429999999,728.0708429999999,-842.4258252,842.4258252,C1,True,C1,True,-1.0,-1.0
23428882,CCOC(=O)OC\C=C\C[C@@H](O)CC(C)C,CCOC(=O)OC/C=C/C[C@@H](O)CC(C)C,-54.2,-26.09,26.09,54.2,-124.82476799999999,124.82476799999999,-60.0863136,60.0863136,C1,True,C1,True,-1.0,-1.0
23428883,CCOC(=O)OC\C=C\C[C@@H](O)C(C)C,CCOC(=O)OC/C=C/C[C@@H](O)C(C)C,-16.8,-31.81,31.81,16.8,-36.334536,36.334536,-68.79771369999999,68.79771369999999,C1,True,C1,True,-1.0,-1.0
23428884,CCOC(=O)OC\C=C\C[C@@H](O)C(CC)CC,CCOC(=O)OC/C=C/C[C@@H](O)C(CC)CC,-31.4,-67.37,67.37,31.4,-76.71993399999998,76.71993399999998,-164.60579469999996,164.60579469999996,C1,True,C1,True,-1.0,-1.0
23428886,CCOC(=O)OC\C=C\C[C@@H](O)C(C)(C)C,CCOC(=O)OC/C=C/C[C@@H](O)C(C)(C)C,26.7,14.9,14.9,26.7,61.49116799999999,61.49116799999999,34.315296,34.315296,C1,True,C1,True,1.0,1.0
23428906,CCOC(=O)OC[C@H](C=C)C(C)(C)O,C=C[C@@H](COC(=O)OCC)C(C)(C)O,-18.0,-131.85,131.85,18.0,-36.404999999999994,36.404999999999994,-266.66662499999995,266.66662499999995,C1,True,C1,True,-1.0,-1.0
23431036,CCOC(=O)C(=[N]#N)[C@@H](O)CC\C=C/CC,CC/C=C\CC[C@H](O)C(=[N+]=[N-])C(=O)OCC,-8.53,31.71,31.71,8.53,-19.301342799999997,19.301342799999997,71.75211959999999,71.75211959999999,C1,True,C1,True,-1.0,1.0
23439748,COC1=CC=C(O[C@H](C[C@@H](O)C(C)C)C=C)C=C1,C=C[C@@H](C[C@@H](O)C(C)C)Oc1ccc(OC)cc1,-21.6,-108.14,108.14,21.6,-54.073008,54.073008,-270.7155132,270.7155132,C1,True,C1,True,-1.0,-1.0
23439750,COC1=CC=C(O[C@H](C[C@H](O)C(C)C)C=C)C=C1,C=C[C@@H](C[C@H](O)C(C)C)Oc1ccc(OC)cc1,23.5,-164.65,164.65,23.5,58.829429999999995,58.829429999999995,-412.18151699999993,412.18151699999993,C1,True,C1,True,1.0,-1.0
23473065,CCOC(=O)C[C@H]1CCC[C@H](O)[C@@H]1N(=O)=O,CCOC(=O)C[C@H]1CCC[C@H](O)[C@@H]1[N+](=O)[O-],42.0,50.25,50.25,42.0,97.12415999999999,97.12415999999999,116.20212,116.20212,C1,True,C1,True,1.0,1.0
23473066,CCOC(=O)C[C@H]1CCC[C@@H](O)[C@@H]1N(=O)=O,CCOC(=O)C[C@H]1CCC[C@@H](O)[C@@H]1[N+](=O)[O-],11.0,85.17,85.17,11.0,25.43728,25.43728,196.9539216,196.9539216,C1,True,C1,True,1.0,1.0
23473069,COC(=O)C[C@H]1CCC[C@@H](O)[C@@H]1N(=O)=O,COC(=O)C[C@H]1CCC[C@@H](O)[C@@H]1[N+](=O)[O-],0.4,51.79,51.79,0.4,0.868884,0.868884,112.49875589999999,112.49875589999999,C1,True,C1,True,1.0,1.0
23473075,CCOC(=O)C[C@H]1COC[C@@H](O)[C@@H]1N(=O)=O,CCOC(=O)C[C@H]1COC[C@@H](O)[C@@H]1[N+](=O)[O-],9.0,25.38,25.38,9.0,20.9898,20.9898,59.191235999999996,59.191235999999996,C1,True,C1,True,1.0,1.0
23473095,[H][C@@]12NC(=O)[C@H](C)[C@@]1(C)CCC[C@H]2O,C[C@H]1C(=O)N[C@H]2[C@H](O)CCC[C@]12C,-93.0,67.92,67.92,93.0,-170.42342999999994,170.42342999999994,124.46407919999994,124.46407919999994,C1,True,C1,True,-1.0,1.0
23485690,[H][C@]1(CO1)[C@@H](Cl)CCCCCCCCC,CCCCCCCCC[C@H](Cl)[C@@H]1CO1,-2.4,-189.36,189.36,2.4,-5.250432,5.250432,-414.25908480000004,414.25908480000004,C1,True,C1,True,-1.0,-1.0
23490557,CC(C)(C)O[C@H](CCCO)C1=CC=CC=C1,CC(C)(C)O[C@H](CCCO)c1ccccc1,58.4,32.13,32.13,58.4,129.839552,129.839552,71.43398640000001,71.43398640000001,C1,True,C1,True,1.0,1.0
23490715,COC1=CC=C(O[C@@H](C=C)C2CCCCC2)C=C1,C=C[C@H](Oc1ccc(OC)cc1)C1CCCCC1,-74.4,170.65,170.65,74.4,-183.28439999999995,183.28439999999995,420.3962749999999,420.3962749999999,C1,True,C1,True,-1.0,1.0
23503490,CC(C)C[C@H]1OCC(C)(C)O1,CC(C)C[C@H]1OCC(C)(C)O1,-13.4,57.63,57.63,13.4,-21.204294,21.204294,91.19428829999998,91.19428829999998,C1,True,C1,True,-1.0,1.0
23503492,CC1(C)CO[C@H](CCC2=CC=CC=C2)O1,CC1(C)CO[C@H](CCc2ccccc2)O1,11.2,-215.35,215.35,11.2,23.103920000000002,23.103920000000002,-444.2347475,444.2347475,C1,True,C1,True,1.0,-1.0
23503493,CCC(CC)[C@H]1OCC(C)(C)O1,CCC(CC)[C@H]1OCC(C)(C)O1,-11.4,-7.1,7.1,11.4,-19.638551999999997,19.638551999999997,-12.231027999999997,12.231027999999997,C1,True,C1,True,-1.0,-1.0
23503494,CC1(C)CO[C@@H](O1)C1=CC=CC=C1,CC1(C)CO[C@H](c2ccccc2)O1,3.4,-21.97,21.97,3.4,6.059853999999999,6.059853999999999,-39.157350699999995,39.157350699999995,C1,True,C1,True,1.0,-1.0
23503495,CC1(C)CO[C@@H](O1)C1=CC=C(Cl)C=C1,CC1(C)CO[C@H](c2ccc(Cl)cc2)O1,9.0,-10.84,10.84,9.0,19.140839999999997,19.140839999999997,-23.054078399999998,23.054078399999998,C1,True,C1,True,1.0,-1.0
23503496,CC1(C)CO[C@@H](O1)C1=CC=C(F)C=C1,CC1(C)CO[C@H](c2ccc(F)cc2)O1,3.3,-17.53,17.53,3.3,6.475292999999999,6.475292999999999,-34.3975413,34.3975413,C1,True,C1,True,1.0,-1.0
23503497,CC1(C)CO[C@@H](O1)C1=CC(Cl)=CC=C1,CC1(C)CO[C@H](c2cccc(Cl)c2)O1,6.3,-141.3,141.3,6.3,13.398588,13.398588,-300.511188,300.511188,C1,True,C1,True,1.0,-1.0
23503501,CC(C)C[C@H]1OCC2=C(O1)C=CC=C2,CC(C)C[C@H]1OCc2ccccc2O1,-112.8,-57.28,57.28,112.8,-216.867024,216.867024,-110.12538239999999,110.12538239999999,C1,True,C1,True,-1.0,-1.0
23503510,CC(C)C[C@H]1OCC2=C(O1)C=CC(Cl)=C2,CC(C)C[C@H]1OCc2cc(Cl)ccc2O1,-142.8,-142.61,142.61,142.8,-323.731884,323.731884,-323.30114829999997,323.30114829999997,C1,True,C1,True,-1.0,-1.0
23503521,CC(C)C[C@H]1OCC2=C(O1)C=CC(=C2)N(=O)=O,CC(C)C[C@H]1OCc2cc([N+](=O)[O-])ccc2O1,-142.0,-112.08,112.08,142.0,-336.9020999999999,336.9020999999999,-265.91540399999997,265.91540399999997,C1,True,C1,True,-1.0,-1.0
23503527,C[C@H]1OCC2=C(O1)C=CC=C2,C[C@H]1OCc2ccccc2O1,-103.6,-112.15,112.15,103.6,-155.58337199999997,155.58337199999997,-168.42350549999995,168.42350549999995,C1,True,C1,True,-1.0,-1.0
23503531,C(CC1=CC=CC=C1)[C@H]1OCC2=C(O1)C=CC=C2,c1ccc(CC[C@H]2OCc3ccccc3O2)cc1,-94.7,-564.8,564.8,94.7,-227.56599400000002,227.56599400000002,-1357.225696,1357.225696,C1,True,C1,True,-1.0,-1.0
23503537,CCCC[C@H]1OCC2=C(O1)C=CC=C2,CCCC[C@H]1OCc2ccccc2O1,-132.8,-162.72,162.72,132.8,-255.31862399999997,255.31862399999997,-312.84221759999997,312.84221759999997,C1,True,C1,True,-1.0,-1.0
23503544,CC(C)C[C@H]1OCCC(C)(C)O1,CC(C)C[C@H]1OCCC(C)(C)O1,-36.6,0.94,0.94,36.6,-63.050087999999995,63.050087999999995,1.6193191999999996,1.6193191999999996,C1,True,C1,True,-1.0,1.0
23503553,CC1(C)CCO[C@H](CCC2=CC=CC=C2)O1,CC1(C)CCO[C@H](CCc2ccccc2)O1,-39.9,-32.28,32.28,39.9,-87.904488,87.904488,-71.1167136,71.1167136,C1,True,C1,True,-1.0,-1.0
23503557,CCCC[C@H]1OCCC(C)(C)O1,CCCC[C@H]1OCCC(C)(C)O1,-36.6,30.35,30.35,36.6,-63.050087999999995,63.050087999999995,52.28333799999999,52.28333799999999,C1,True,C1,True,-1.0,1.0
23509410,FC1=CC=C(C=C1)[C@@H]1CC(=O)C2=C1C=CC=C2,O=C1C[C@@H](c2ccc(F)cc2)c2ccccc21,37.9,202.13,202.13,37.9,85.74875,85.74875,457.31912500000004,457.31912500000004,C1,True,C1,True,1.0,1.0
23509415,CC1=CC=C(C=C1)[C@@H]1CC(=O)C2=C1C=CC=C2,Cc1ccc([C@@H]2CC(=O)c3ccccc32)cc1,109.0,148.9,148.9,109.0,242.29283000000004,242.29283000000004,330.98534300000006,330.98534300000006,C1,True,C1,True,1.0,1.0
23509428,COC1=CC(=CC=C1)[C@@H]1CC(=O)C2=CC=CC=C12,COc1cccc([C@@H]2CC(=O)c3ccccc32)c1,51.6,335.33,335.33,51.6,122.95557600000001,122.95557600000001,799.0444438,799.0444438,C1,True,C1,True,1.0,1.0
23528765,ClC1=CC=CC(=C1)[C@H]1CCC(=O)O1,O=C1CC[C@H](c2cccc(Cl)c2)O1,14.3,179.34,179.34,14.3,28.118518999999996,28.118518999999996,352.6416222,352.6416222,C1,True,C1,True,1.0,1.0
23528766,O=C1CC[C@@H](O1)C1=CC=CO1,O=C1CC[C@H](c2ccco2)O1,49.4,27.32,27.32,49.4,75.16160599999998,75.16160599999998,41.56710679999999,41.56710679999999,C1,True,C1,True,1.0,1.0
23528768,CCCCC#C[C@H]1CCC(=O)O1,CCCCC#C[C@H]1CCC(=O)O1,-10.7,107.61,107.61,10.7,-17.785539999999997,17.785539999999997,178.86934199999996,178.86934199999996,C1,True,C1,True,-1.0,1.0
23528769,ClC1=CC=C(C=C1)[C@H]1CCCC(=O)O1,O=C1CCC[C@H](c2ccc(Cl)cc2)O1,28.0,65.14,65.14,28.0,58.98479999999999,58.98479999999999,137.223924,137.223924,C1,True,C1,True,1.0,1.0
23528770,COC1=CC=CC(=C1)[C@H]1CCCC(=O)O1,COc1cccc([C@H]2CCCC(=O)O2)c1,26.2,37.42,37.42,26.2,54.035141999999986,54.035141999999986,77.17538219999999,77.17538219999999,C1,True,C1,True,1.0,1.0
23528772,O=C1CCC[C@@H](O1)C1=CC2=CC=CC=C2O1,O=C1CCC[C@H](c2cc3ccccc3o2)O1,13.3,5.08,5.08,13.3,28.759387999999998,28.759387999999998,10.984788799999999,10.984788799999999,C1,True,C1,True,1.0,1.0
23579250,CO[C@@H]1CC(C=O)=C[C@@H](OC)[C@H]1OC,CO[C@@H]1[C@H](OC)C=C(C=O)C[C@H]1OC,-364.0,-189.97,189.97,364.0,-728.8517599999999,728.8517599999999,-380.38452979999994,380.38452979999994,C1,True,C1,True,-1.0,-1.0
23579251,CO[C@@H]1CC(CO)=C[C@@H](OC)[C@H]1OC,CO[C@@H]1[C@H](OC)C=C(CO)C[C@H]1OC,-141.2,53.68,53.68,141.2,-285.577,285.577,108.5678,108.5678,C1,True,C1,True,-1.0,1.0
23579387,C1CC2=CC=CC=C2C[C@@H]1C1=CC=CC=C1,c1ccc([C@@H]2CCc3ccccc3C2)cc1,44.11,97.19,97.19,44.11,91.8828944,91.8828944,202.4506576,202.4506576,C1,True,C1,True,1.0,1.0
23586628,F[C@@]1(C(=O)OC2=C1C=CC=C2)C1=CC=CC=C1,O=C1Oc2ccccc2[C@@]1(F)c1ccccc1,-21.1,-44.3,44.3,21.1,-48.154842,48.154842,-101.10234599999998,101.10234599999998,C1,True,C1,True,-1.0,-1.0
23586630,CC1=CC2=C(OC(=O)[C@]2(F)C2=CC=CC=C2)C=C1,Cc1ccc2c(c1)[C@@](F)(c1ccccc1)C(=O)O2,-40.3,106.95,106.95,40.3,-97.62634700000001,97.62634700000001,259.0853055,259.0853055,C1,True,C1,True,-1.0,1.0
23586633,FC1=CC=C(C=C1)[C@@]1(F)C(=O)OC2=C1C=CC=C2,O=C1Oc2ccccc2[C@@]1(F)c1ccc(F)cc1,-16.1,-32.04,32.04,16.1,-39.640132,39.640132,-78.88632479999998,78.88632479999998,C1,True,C1,True,-1.0,-1.0
23586670,F[C@@]1(CC2=CC=CC=C2)C(=O)OC2=C1C=CC=C2,O=C1Oc2ccccc2[C@]1(F)Cc1ccccc1,-5.8,22.6,22.6,5.8,-14.050441999999999,14.050441999999999,54.748273999999995,54.748273999999995,C1,True,C1,True,-1.0,1.0
23594995,C[C@@H]1[C@@H](C)C(=O)ON1C(=O)OCC1=CC=CC=C1,C[C@@H]1[C@@H](C)C(=O)ON1C(=O)OCc1ccccc1,-9.1,6.75,6.75,9.1,-22.683206,22.683206,16.825454999999998,16.825454999999998,C1,True,C1,True,-1.0,1.0
23595971,CO[C@@H]1CC[C@@H](COCC2=CC=CC=C2)O1,CO[C@@H]1CC[C@@H](COCc2ccccc2)O1,81.4,179.55,179.55,81.4,180.93917600000003,180.93917600000003,399.1109220000001,399.1109220000001,C1,True,C1,True,1.0,1.0
23595972,CO[C@H]1CC[C@@H](COCC2=CC=CC=C2)O1,CO[C@H]1CC[C@@H](COCc2ccccc2)O1,82.8,-153.61,153.61,82.8,184.051152,184.051152,-341.4504524000001,341.4504524000001,C1,True,C1,True,1.0,-1.0
23607777,[H][C@]12O[C@@]1([H])[C@@H](O)[C@H](OCC1=CC=CC=C1)O[C@H]2CO,OC[C@@H]1O[C@@H](OCc2ccccc2)[C@H](O)[C@@H]2O[C@@H]21,-70.0,-72.01,72.01,70.0,-176.58620000000002,176.58620000000002,-181.65674660000005,181.65674660000005,C1,True,C1,True,-1.0,-1.0
23607779,[2H][C@H]1[C@H](O)[C@H](C)O[C@@H](OCC2=CC=CC=C2)[C@@H]1O,[2H][C@@H]1[C@@H](O)[C@H](OCc2ccccc2)O[C@@H](C)[C@H]1O,-85.2,-276.5,276.5,85.2,-203.874314714856,203.874314714856,-661.63436641617,661.63436641617,C1,True,C1,True,-1.0,-1.0
23641793,[H][C@]12C=C[C@@]3(C=C1)N(C)C(=O)C=C3[C@@H]2C,C[C@H]1C2=CC(=O)N(C)[C@]23C=C[C@H]1C=C3,-49.5,29.51,29.51,49.5,-92.68479,92.68479,55.25511420000001,55.25511420000001,C1,True,C1,True,-1.0,1.0
23645292,CC(=O)C[C@@H]1CC(=O)N(C1=O)C1=CC=CC=C1,CC(=O)C[C@@H]1CC(=O)N(c2ccccc2)C1=O,-9.7,-27.81,27.81,9.7,-22.431347000000002,22.431347000000002,-64.31090309999999,64.31090309999999,C1,True,C1,True,-1.0,-1.0
23652176,OCC[C@@](O)(\C=C\C1=CC=CC=C1)C(F)(F)F,OCC[C@@](O)(/C=C/c1ccccc1)C(F)(F)F,132.5,177.81,177.81,132.5,326.2520999999999,326.2520999999999,437.8180067999999,437.8180067999999,C1,True,C1,True,1.0,1.0
23684277,O=C(CC1=CC=CC=C1)O[C@H]1COC[C@H]1N=N#N,[N-]=[N+]=N[C@@H]1COC[C@@H]1OC(=O)Cc1ccccc1,1.4,-92.29,92.29,1.4,3.461556,3.461556,-228.1907166,228.1907166,C1,True,C1,True,1.0,-1.0
23717129,CCC[C@H]1[C@@H]([C@@H]1C(=O)C1=CC=C(F)C=C1)C(C)=O,CCC[C@@H]1[C@@H](C(=O)c2ccc(F)cc2)[C@H]1C(C)=O,12.74,240.03,240.03,12.74,31.633037799999997,31.633037799999997,595.9872890999999,595.9872890999999,C1,True,C1,True,1.0,1.0
23717130,CC(C)[C@H]1[C@@H]([C@@H]1C(=O)C1=CC=C(F)C=C1)C(C)=O,CC(=O)[C@@H]1[C@H](C(=O)c2ccc(F)cc2)[C@H]1C(C)C,8.65,205.77,205.77,8.65,21.477690499999998,21.477690499999998,510.92073690000007,510.92073690000007,C1,True,C1,True,1.0,1.0
23726117,C[C@@H](CC(=O)C1=NC=CN1C)C(C#N)C#N,C[C@@H](CC(=O)c1nccn1C)C(C#N)C#N,30.0,-13.6,13.6,30.0,64.87319999999998,64.87319999999998,-29.409183999999996,29.409183999999996,C1,True,C1,True,1.0,-1.0
23740473,CC(=O)OCC[C@](C)(C=C)C(C)(C)CC=C,C=CCC(C)(C)[C@@](C)(C=C)CCOC(C)=O,3.3,-19.22,19.22,3.3,7.403351999999996,7.403351999999996,-43.11891679999998,43.11891679999998,C1,True,C1,True,1.0,-1.0
23740474,CC(=O)OCC[C@@]1(C)C=CCC1(C)C,CC(=O)OCC[C@@]1(C)C=CCC1(C)C,25.9,-2.16,2.16,25.9,50.83910999999999,50.83910999999999,-4.239864,4.239864,C1,True,C1,True,1.0,-1.0
23740480,CC(C)(CC=C)[C@](C)(CCO)C=C,C=CCC(C)(C)[C@@](C)(C=C)CCO,-2.0,-23.72,23.72,2.0,-3.6461399999999986,3.6461399999999986,-43.243220399999984,43.243220399999984,C1,True,C1,True,-1.0,-1.0
23743950,COC(=O)C1=C[C@@H]([C@@H](C)C(=O)O1)C1=CC=CC=C1,COC(=O)C1=C[C@H](c2ccccc2)[C@@H](C)C(=O)O1,80.4,26.64,26.64,80.4,197.994648,197.994648,65.6041968,65.6041968,C1,True,C1,True,1.0,1.0
23747920,[H][C@]12C[C@@H](CO)[C@H](C3=CC=CC=C3)[C@@]1([H])NC(=O)C2,O=C1C[C@H]2C[C@@H](CO)[C@H](c3ccccc3)[C@H]2N1,58.3,70.15,70.15,58.3,134.844985,134.844985,162.25344250000003,162.25344250000003,C1,True,C1,True,1.0,1.0
23747938,COC1=CC=C(C=C1)C(=O)C[C@H]1CCCCO1,COc1ccc(C(=O)C[C@H]2CCCCO2)cc1,20.8,-69.24,69.24,20.8,48.73335999999999,48.73335999999999,-162.22585799999996,162.22585799999996,C1,True,C1,True,1.0,-1.0
23747942,O=C(C[C@H]1CCCCO1)C1=CC=C2C=CC=CC2=C1,O=C(C[C@H]1CCCCO1)c1ccc2ccccc2c1,26.7,323.86,323.86,26.7,67.905843,67.905843,823.6698994000002,823.6698994000002,C1,True,C1,True,1.0,1.0
23747943,CC1=CC=C(C=C1)C(=O)C[C@H]1CCCCO1,Cc1ccc(C(=O)C[C@H]2CCCCO2)cc1,14.9,74.35,74.35,14.9,32.526104,32.526104,162.30307599999998,162.30307599999998,C1,True,C1,True,1.0,1.0
23747945,O=C(CCC1=CC=CC=C1)C[C@H]1CCCCO1,O=C(CCc1ccccc1)C[C@H]1CCCCO1,3.5,212.67,212.67,3.5,8.131304999999998,8.131304999999998,494.08132409999985,494.08132409999985,C1,True,C1,True,1.0,1.0
23748122,[H][C@@]12CCCN1\C(CC2)=C\C(=O)OCC,CCOC(=O)/C=C1\CC[C@@H]2CCCN12,-100.8,23.13,23.13,100.8,-196.82409599999994,196.82409599999994,45.16410059999999,45.16410059999999,C1,True,C1,True,-1.0,1.0
23777914,CC(C)(O)[C@H]1CC[C@]2(C)CC=C(CO)CC=C12,CC(C)(O)[C@H]1CC[C@]2(C)CC=C(CO)CC=C12,-109.99,-133.17,133.17,109.99,-259.96686449999993,259.96686449999993,-314.7539534999999,314.7539534999999,C1,True,C1,True,-1.0,-1.0
23777921,[H][C@@]12CC=C(CO)CC[C@@]1(C)CC[C@@H]2C(C)(C)O,CC(C)(O)[C@H]1CC[C@]2(C)CCC(CO)=CC[C@@H]12,14.9,57.05,57.05,14.9,35.517278999999995,35.517278999999995,135.99065549999995,135.99065549999995,C1,True,C1,True,1.0,1.0
23777922,CC1=C([C@@H]2CC2(CO)CO)[C@H](CC1)C(C)(C)O,CC1=C([C@@H]2CC2(CO)CO)[C@@H](C(C)(C)O)CC1,14.9,28.71,28.71,14.9,35.811107,35.811107,69.0024753,69.0024753,C1,True,C1,True,1.0,1.0
23789917,[H][C@@]1(O[C@@H]1CO)[C@@]1([H])O[C@@H]1\C=C\[Si](C)(C)C,C[Si](C)(C)/C=C/[C@H]1O[C@@H]1[C@H]1O[C@@H]1CO,16.4,193.05,193.05,16.4,35.15126799999999,35.15126799999999,413.77757849999995,413.77757849999995,C1,True,C1,True,1.0,1.0
23789939,[H][C@]1(O[C@H]1CO)[C@@]1([H])OC(C)(C)O[C@@H]1\C=C\C(C)C,CC(C)/C=C/[C@H]1OC(C)(C)O[C@@H]1[C@@H]1O[C@H]1CO,-18.4,63.75,63.75,18.4,-44.585959999999986,44.585959999999986,154.47581249999996,154.47581249999996,C1,True,C1,True,-1.0,1.0
23789950,CC(C)\C=C\[C@H]1OC(C)(C)O[C@@H]1C=CCO,CC(C)/C=C/[C@H]1OC(C)(C)O[C@@H]1C=CCO,-32.9,216.66,216.66,32.9,-74.45796399999999,74.45796399999999,490.3362456,490.3362456,C1,True,C1,True,-1.0,1.0
23789962,[H][C@]1(O[C@H]1CO)[C@@]1([H])OC(C)(C)O[C@@H]1C=C,C=C[C@H]1OC(C)(C)O[C@@H]1[C@@H]1O[C@H]1CO,-8.5,32.4,32.4,8.5,-17.019889999999997,17.019889999999997,64.875816,64.875816,C1,True,C1,True,-1.0,1.0
23789968,[H][C@@]1(OC(C)(C)O[C@@H]1C=C)[C@H](O)[C@@H](CO)OC,C=C[C@H]1OC(C)(C)O[C@@H]1[C@H](O)[C@@H](CO)OC,-2.1,57.94,57.94,2.1,-4.877796,4.877796,134.58071439999998,134.58071439999998,C1,True,C1,True,-1.0,1.0
23817487,CC[C@@]1(O[C@@H]1C(=O)C1=CC=CC=C1)C(F)(F)F,CC[C@]1(C(F)(F)F)O[C@@H]1C(=O)c1ccccc1,-38.6,171.93,171.93,38.6,-94.265832,94.265832,419.87369160000003,419.87369160000003,C1,True,C1,True,-1.0,1.0
23845786,CON(C)C(=O)[C@@H](O)C1=CC=CC=C1C,CON(C)C(=O)[C@@H](O)c1ccccc1C,123.3,268.79,268.79,123.3,257.999085,257.999085,562.4296355,562.4296355,C1,True,C1,True,1.0,1.0
23845788,CON(C)C(=O)[C@@H](O)C1=CC=CC=C1OC,COc1ccccc1[C@H](O)C(=O)N(C)OC,114.4,74.42,74.42,114.4,257.67913599999997,257.67913599999997,167.6265848,167.6265848,C1,True,C1,True,1.0,1.0
23845791,CON(C)C(=O)[C@@H](O)C1=CC=C(C)C=C1,CON(C)C(=O)[C@@H](O)c1ccc(C)cc1,76.4,125.95,125.95,76.4,159.86318,159.86318,263.54407749999996,263.54407749999996,C1,True,C1,True,1.0,1.0
23845793,CON(C)C(=O)[C@@H](O)C1=CC=C(OC)C=C1,COc1ccc([C@H](O)C(=O)N(C)OC)cc1,77.0,-192.89,192.89,77.0,173.43787999999998,173.43787999999998,-434.47315159999994,434.47315159999994,C1,True,C1,True,1.0,-1.0
23845797,CON(C)C(=O)[C@@H](O)C1=CC=C2C=CC=CC2=C1,CON(C)C(=O)[C@@H](O)c1ccc2ccccc2c1,99.7,142.78,142.78,99.7,244.542166,244.542166,350.2079284,350.2079284,C1,True,C1,True,1.0,1.0
23845800,CON(C)C(=O)[C@@H](O)C1=CC=CS1,CON(C)C(=O)[C@@H](O)c1cccs1,25.2,41.53,41.53,25.2,50.714244,50.714244,83.57787909999999,83.57787909999999,C1,True,C1,True,1.0,1.0
23845802,CON(C)C(=O)[C@H](C)O,CON(C)C(=O)[C@H](C)O,-21.7,-131.81,131.81,21.7,-28.892898999999996,28.892898999999996,-175.50106069999998,175.50106069999998,C1,True,C1,True,-1.0,-1.0
23845804,CON(C)C(=O)[C@H](O)CCC1=CC=CC=C1,CON(C)C(=O)[C@H](O)CCc1ccccc1,7.99,236.79,236.79,7.99,17.839432799999997,17.839432799999997,528.6857687999999,528.6857687999999,C1,True,C1,True,1.0,1.0
23856665,C[C@H](C=C)[C@H](N)C1=CC=C(C)C=C1,C=C[C@@H](C)[C@H](N)c1ccc(C)cc1,-31.0,-21.81,21.81,31.0,-54.335249999999995,54.335249999999995,-38.22747749999999,38.22747749999999,C1,True,C1,True,-1.0,-1.0
23916424,C=NC[C@@H]1CCCN1CC1=CC=CC=C1,C=NC[C@@H]1CCCN1Cc1ccccc1,-14.0,-171.16,171.16,14.0,-28.322140000000008,28.322140000000008,-346.2583916000001,346.2583916000001,C1,True,C1,True,-1.0,-1.0
23939396,O[C@@H](CCC1=C(Br)C=CC=C1)CC=C,C=CC[C@@H](O)CCc1ccccc1Br,-9.7,-56.16,56.16,9.7,-24.750034999999997,24.750034999999997,-143.29504799999998,143.29504799999998,C1,True,C1,True,-1.0,-1.0
23939398,[H][C@@]1(CCC)CCC2=C(O1)C=CC=C2,CCC[C@@H]1CCc2ccccc2O1,99.1,187.57,187.57,99.1,174.67266899999998,174.67266899999998,330.6090063,330.6090063,C1,True,C1,True,1.0,1.0
23939400,[H][C@]1(CC(C)=C)OC2=C(C=CC=C2)C=C1,C=C(C)C[C@@H]1C=Cc2ccccc2O1,55.7,-747.62,747.62,55.7,103.74347799999998,103.74347799999998,-1392.4721547999998,1392.4721547999998,C1,True,C1,True,1.0,-1.0
23939402,[H][C@]1(CC=C)OC2=C(C=C1)C=C(OC)C=C2,C=CC[C@@H]1C=Cc2cc(OC)ccc2O1,-8.7,-917.46,917.46,8.7,-17.596010999999994,17.596010999999994,-1855.5903737999997,1855.5903737999997,C1,True,C1,True,-1.0,-1.0
23944467,FC1=CC=C(C=C1)[C@H]1CCC(=O)C1,O=C1CC[C@H](c2ccc(F)cc2)C1,-80.8,328.31,328.31,80.8,-143.99044799999996,143.99044799999996,585.0681185999998,585.0681185999998,C1,True,C1,True,-1.0,1.0
23962320,CN1C(=O)[C@@]2(CC3=C2C=CC=C3)C2=C1C=CC=C2,CN1C(=O)[C@@]2(Cc3ccccc32)c2ccccc21,-16.6,-41.38,41.38,16.6,-39.057476,39.057476,-97.3613468,97.3613468,C1,True,C1,True,-1.0,-1.0
23962323,CN1C(=O)[C@@]2(CCC3=CC=CC=C23)C2=CC=CC=C12,CN1C(=O)[C@@]2(CCc3ccccc32)c2ccccc21,-36.2,249.38,249.38,36.2,-90.251306,90.251306,621.7367594,621.7367594,C1,True,C1,True,-1.0,1.0
23962355,CN1C(=O)[C@@]2(CCC3=CC=CC=C23)C2=C1C=CC=N2,CN1C(=O)[C@@]2(CCc3ccccc32)c2ncccc21,-29.75,180.23,180.23,29.75,-74.46454750000001,74.46454750000001,451.11749230000004,451.11749230000004,C1,True,C1,True,-1.0,1.0
23962364,CC(C)(C)[C@@H](N)C1=CC2=CC=CC=C2C=C1,CC(C)(C)[C@@H](N)c1ccc2ccccc2c1,-4.4,-80.67,80.67,4.4,-9.386256000000001,9.386256000000001,-172.08847079999998,172.08847079999998,C1,True,C1,True,-1.0,-1.0
23963880,[H][C@@]1(COC(C)(C)O1)[C@@H](O)[C@]1([H])CCCC1=O,CC1(C)OC[C@H]([C@@H](O)[C@@H]2CCCC2=O)O1,-32.45,-35.14,35.14,32.45,-69.5276945,69.5276945,-75.29131539999997,75.29131539999997,C1,True,C1,True,-1.0,-1.0
23963886,[H][C@@]12CCC[C@]1(OC)O[C@H](CO)[C@H]2O,CO[C@]12CCC[C@H]1[C@H](O)[C@@H](CO)O2,5.0,55.81,55.81,5.0,9.41115,9.41115,105.04725629999999,105.04725629999999,C1,True,C1,True,1.0,1.0
23968491,C[C@H](CN(=O)=O)\C=C\C1=CC=CC=C1,C[C@@H](/C=C/c1ccccc1)C[N+](=O)[O-],-64.3,-299.63,299.63,64.3,-122.96088999999996,122.96088999999996,-572.9824489999999,572.9824489999999,C1,True,C1,True,-1.0,-1.0
23970613,[H][C@]12CCC[C@](O)(C1)N(C)N=C2C1=CC=CC=C1F,CN1N=C(c2ccccc2F)[C@H]2CCC[C@]1(O)C2,189.4,29.15,29.15,189.4,470.28209399999986,470.28209399999986,72.37974149999997,72.37974149999997,C1,True,C1,True,1.0,1.0
23988515,N[C@@H](CC(=O)OCC1=CC=CC=C1)C(F)(F)F,N[C@@H](CC(=O)OCc1ccccc1)C(F)(F)F,-1.43,134.05,134.05,1.43,-3.5351888,3.5351888,331.39304799999996,331.39304799999996,C1,True,C1,True,-1.0,1.0
24020791,CC[C@H]1SC2=C(C=C1C=O)C=C1C=CC=CC1=N2,CC[C@H]1Sc2nc3ccccc3cc2C=C1C=O,176.4,95.1,95.1,176.4,450.423288,450.423288,242.830242,242.830242,C1,True,C1,True,1.0,1.0
24075079,FC1=CC=C(C=C1)[C@H]1CCC(=O)NN1,O=C1CC[C@H](c2ccc(F)cc2)NN1,-2.3,189.97,189.97,2.3,-4.466806999999999,4.466806999999999,368.9388373,368.9388373,C1,True,C1,True,-1.0,1.0
24075080,CC1=C(C=CC=C1)[C@H]1CCC(=O)NN1,Cc1ccccc1[C@H]1CCC(=O)NN1,-24.2,363.56,363.56,24.2,-46.039532,46.039532,691.6583576,691.6583576,C1,True,C1,True,-1.0,1.0
24075081,COC(=O)CC[C@@H](N)C1=CC=C(C)C=C1,COC(=O)CC[C@@H](N)c1ccc(C)cc1,-10.1,-233.78,233.78,10.1,-20.934573,20.934573,-484.5628194000001,484.5628194000001,C1,True,C1,True,-1.0,-1.0
24075082,COC(=O)CC[C@@H](N)C1=CC=C(F)C=C1,COC(=O)CC[C@@H](N)c1ccc(F)cc1,-8.1,-13.82,13.82,8.1,-17.110116,17.110116,-29.192815200000005,29.192815200000005,C1,True,C1,True,-1.0,-1.0
24575077,COC1=CC=C(C=C1)[S@@](=O)C1=CC=CC=C1,COc1ccc([S@@](=O)c2ccccc2)cc1,-21.0,225.44,225.44,21.0,-48.78384000000001,48.78384000000001,523.7061376,523.7061376,C1,True,C1,True,-1.0,1.0
24617376,COC1=CC=C(C=C1)[C@@H](CN(=O)=O)NC(C)=O,COc1ccc([C@@H](C[N+](=O)[O-])NC(C)=O)cc1,80.0,11.11,11.11,80.0,190.59439999999998,190.59439999999998,26.468797299999995,26.468797299999995,C1,True,C1,True,1.0,1.0
24618750,[H][C@@]12OC[C@@H](N1C(=O)CN=C2OC)C1=CC=CC=C1,COC1=NCC(=O)N2[C@@H](c3ccccc3)CO[C@@H]12,-63.2,-363.98,363.98,63.2,-155.64011200000002,155.64011200000002,-896.3589868000001,896.3589868000001,C1,True,C1,True,-1.0,-1.0
24618751,[H][C@@]12OC[C@H](N1C(=O)CN=C2OC)C1=CC=CC=C1,COC1=NCC(=O)N2[C@H]1OC[C@H]2c1ccccc1,-107.0,90.17,90.17,107.0,-263.50462000000005,263.50462000000005,222.05805220000002,222.05805220000002,C1,True,C1,True,-1.0,1.0
24623113,[H][C@@]12CNC[C@H](CCC)[C@@]1([H])OC(C)(C)O2,CCC[C@H]1CNC[C@H]2OC(C)(C)O[C@H]12,6.7,-26.19,26.19,6.7,13.352698,13.352698,-52.1950986,52.1950986,C1,True,C1,True,1.0,-1.0
24623122,[H][C@@]12CN(CCCC)C[C@H](CCC)[C@@]1([H])OC(C)(C)O2,CCCCN1C[C@H](CCC)[C@H]2OC(C)(C)O[C@@H]2C1,2.7,144.63,144.63,2.7,6.895853999999999,6.895853999999999,369.38791259999994,369.38791259999994,C1,True,C1,True,1.0,1.0
24650757,C[C@@](S)([C@H](CN(=O)=O)C1=CC=CC=C1)C(N)=O,C[C@](S)(C(N)=O)[C@H](C[N+](=O)[O-])c1ccccc1,2.9,-264.18,264.18,2.9,7.375019,7.375019,-671.8387998,671.8387998,C1,True,C1,True,1.0,-1.0
24650764,CS[C@]1(C)[C@H](CNC1=O)C1=CC=CC=C1,CS[C@@]1(C)C(=O)NC[C@@H]1c1ccccc1,0.82,162.21,162.21,0.82,1.8148650000000002,1.8148650000000002,359.0112825,359.0112825,C1,True,C1,True,1.0,1.0
24652341,CC(C)[C@@H]1C[C@@H](SC(=O)N1)C1=CC=CC=C1,CC(C)[C@@H]1C[C@H](c2ccccc2)SC(=O)N1,-8.0,-23.89,23.89,8.0,-18.82816,18.82816,-56.2255928,56.2255928,C1,True,C1,True,-1.0,-1.0
24652342,CC(C)(C)[C@@H]1C[C@@H](SC(=O)N1)C1=CC=CC=C1,CC(C)(C)[C@@H]1C[C@H](c2ccccc2)SC(=O)N1,1.6,-26.37,26.37,1.6,3.9900640000000003,3.9900640000000003,-65.7612423,65.7612423,C1,True,C1,True,1.0,-1.0
24652347,C[C@H](OC(N)=S)C1=CC=CC=C1,C[C@H](OC(N)=S)c1ccccc1,-12.0,-134.26,134.26,12.0,-21.751200000000004,21.751200000000004,-243.359676,243.359676,C1,True,C1,True,-1.0,-1.0
24672571,CC(C)(C)OC(=O)N1CC=C[C@@H](CCO)O1,CC(C)(C)OC(=O)N1CC=C[C@@H](CCO)O1,-4.3,68.25,68.25,4.3,-9.858868,9.858868,156.48086999999998,156.48086999999998,C1,True,C1,True,-1.0,1.0
24684113,C[C@@H]1OC(=CC2=CC=CC=C12)C1=CC=CC=C1,C[C@@H]1OC(c2ccccc2)=Cc2ccccc21,36.1,277.06,277.06,36.1,80.24560699999999,80.24560699999999,615.8683622,615.8683622,C1,True,C1,True,1.0,1.0
24684431,CO[C@@H]1C[C@](CO)(CC2=CC=CC=C2)CO1,CO[C@@H]1C[C@](CO)(Cc2ccccc2)CO1,109.1,107.9,107.9,109.1,242.51184400000002,242.51184400000002,239.84443600000003,239.84443600000003,C1,True,C1,True,1.0,1.0
24684433,CO[C@@H]1C[C@](CO)(CC2=CC(C)=CC=C2)CO1,CO[C@@H]1C[C@](CO)(Cc2cccc(C)c2)CO1,23.8,183.57,183.57,23.8,56.24201800000001,56.24201800000001,433.79610269999995,433.79610269999995,C1,True,C1,True,1.0,1.0
24684434,CO[C@@H]1C[C@](CO)(CC2=CC(OC)=CC=C2)CO1,COc1cccc(C[C@]2(CO)CO[C@H](OC)C2)c1,80.5,95.13,95.13,80.5,203.10954999999996,203.10954999999996,240.02250299999992,240.02250299999992,C1,True,C1,True,1.0,1.0
24684443,CO[C@@H]1C[C@](CO)(COCC2=CC=CC=C2)CO1,CO[C@@H]1C[C@](CO)(COCc2ccccc2)CO1,69.7,281.22,281.22,69.7,175.86007,175.86007,709.5461820000002,709.5461820000002,C1,True,C1,True,1.0,1.0
24684446,CO[C@@H]1C[C@](CO)(CC2CCCCC2)CO1,CO[C@@H]1C[C@](CO)(CC2CCCCC2)CO1,76.0,120.04,120.04,76.0,173.5323199999999,173.5323199999999,274.0897327999999,274.0897327999999,C1,True,C1,True,1.0,1.0
26482798,CCCCC1=CC2=CC=CC=C2[C@H](C)O1,CCCCC1=Cc2ccccc2[C@H](C)O1,-3.6,325.75,325.75,3.6,-7.282692,7.282692,658.9824775,658.9824775,C1,True,C1,True,-1.0,1.0
26482823,[2H][C@@]1(C)OC(=CC2=C1C=CC=C2)C1=CC=CC=C1,[2H][C@@]1(C)OC(c2ccccc2)=Cc2ccccc21,33.0,277.13,277.13,33.0,73.68672358674,73.68672358674,618.8121729573713,618.8121729573713,C1,True,C1,True,1.0,1.0
26493677,CC1=CC=C2C(=O)C3=C(C=CC=C3)C(=O)[C@@]2(C)C1,CC1=CC=C2C(=O)c3ccccc3C(=O)[C@@]2(C)C1,37.1,17.82,17.82,37.1,88.404106,88.404106,42.4625652,42.4625652,C1,True,C1,True,1.0,1.0
26493691,CC1=CC(=O)C2=CC=C(C[C@]2(C)C1=O)C1=CC=CO1,CC1=CC(=O)C2=CC=C(c3ccco3)C[C@]2(C)C1=O,-206.5,-329.38,329.38,206.5,-525.0985249999999,525.0985249999999,-837.5639329999998,837.5639329999998,C1,True,C1,True,-1.0,-1.0
26493694,CCCC1=CC=C2C(=O)C=C(C)C(=O)[C@@]2(C)C1,CCCC1=CC=C2C(=O)C=C(C)C(=O)[C@@]2(C)C1,-25.9,498.21,498.21,25.9,-59.64951299999998,59.64951299999998,1147.4125046999995,1147.4125046999995,C1,True,C1,True,-1.0,1.0
26493695,CC1=CC(=O)C2=CC=C(C[C@]2(C)C1=O)C(C)(C)C,CC1=CC(=O)C2=CC=C(C(C)(C)C)C[C@]2(C)C1=O,-94.1,-274.34,274.34,94.1,-229.91829399999995,229.91829399999995,-670.3058955999998,670.3058955999998,C1,True,C1,True,-1.0,-1.0
26623868,O=C(C[C@H](C#C)C1=CC=CC=C1)C1=CC=CC=C1,C#C[C@@H](CC(=O)c1ccccc1)c1ccccc1,-4.98,45.3,45.3,4.98,-11.668040400000002,11.668040400000002,106.13699400000002,106.13699400000002,C1,True,C1,True,-1.0,1.0
26623874,FC1=CC=C(C=C1)C(=O)C[C@H](C#C)C1=CC=CC=C1,C#C[C@@H](CC(=O)c1ccc(F)cc1)c1ccccc1,-4.7,55.06,55.06,4.7,-11.857536,11.857536,138.9097728,138.9097728,C1,True,C1,True,-1.0,1.0
26623878,CC1=CC=C(C=C1)C(=O)C[C@H](C#C)C1=CC=CC=C1,C#C[C@@H](CC(=O)c1ccc(C)cc1)c1ccccc1,-3.81,44.52,44.52,3.81,-9.461182500000001,9.461182500000001,110.55429000000002,110.55429000000002,C1,True,C1,True,-1.0,1.0
26623887,O=C(C[C@H](C#C)C1=CC=CC=C1)C1=CC=CS1,C#C[C@@H](CC(=O)c1cccs1)c1ccccc1,-12.2,20.34,20.34,12.2,-29.319893999999998,29.319893999999998,48.8825118,48.8825118,C1,True,C1,True,-1.0,1.0
26623891,CCCC(=O)C[C@H](C#C)C1=CC=CC=C1,C#C[C@@H](CC(=O)CCC)c1ccccc1,3.34,178.81,178.81,3.34,6.689385400000001,6.689385400000001,358.1224561000001,358.1224561000001,C1,True,C1,True,1.0,1.0
26623893,O=C(C[C@H](C#C)C1=CC=CC=C1)CC1=CC=CC=C1,C#C[C@@H](CC(=O)Cc1ccccc1)c1ccccc1,-1.23,50.37,50.37,1.23,-3.0543975000000008,3.0543975000000008,125.08130250000002,125.08130250000002,C1,True,C1,True,-1.0,1.0
26623898,[H][C@@](C#C)(C1=CC=CC=C1)[C@@]1([H])CCCCC1=O,C#C[C@H](c1ccccc1)[C@H]1CCCCC1=O,39.4,24.68,24.68,39.4,83.64304799999996,83.64304799999996,52.39366559999998,52.39366559999998,C1,True,C1,True,1.0,1.0
26623907,FC1=CC=C(C=C1)[C@H](CC(=O)C1=CC=CC=C1)C#C,C#C[C@@H](CC(=O)c1ccccc1)c1ccc(F)cc1,2.31,25.81,25.81,2.31,5.8278528000000005,5.8278528000000005,65.1155328,65.1155328,C1,True,C1,True,1.0,1.0
26623909,CC1=CC=C(C=C1)[C@H](CC(=O)C1=CC=CC=C1)C#C,C#C[C@@H](CC(=O)c1ccccc1)c1ccc(C)cc1,-7.29,28.87,28.87,7.29,-18.1028925,18.1028925,71.6914275,71.6914275,C1,True,C1,True,-1.0,1.0
26623913,O=C(C[C@H](C#C)C1=CC=CS1)C1=CC=CC=C1,C#C[C@@H](CC(=O)c1ccccc1)c1cccs1,8.43,31.57,31.57,8.43,20.2595661,20.2595661,75.87123390000001,75.87123390000001,C1,True,C1,True,1.0,1.0
26669546,C#C[C@@H](N1CCOCC1)C1=CC=CC=C1,C#C[C@H](c1ccccc1)N1CCOCC1,-7.96,32.06,32.06,7.96,-16.021012399999993,16.021012399999993,64.52684139999998,64.52684139999998,C1,True,C1,True,-1.0,1.0
26669547,ClC1=C(C=CC=C1)[C@H](C#C)N1CCOCC1,C#C[C@@H](c1ccccc1Cl)N1CCOCC1,-75.8,-53.61,53.61,75.8,-178.67121199999994,178.67121199999994,-126.36627539999996,126.36627539999996,C1,True,C1,True,-1.0,-1.0
26669549,ClC1=CC=CC(=C1)[C@H](C#C)N1CCOCC1,C#C[C@@H](c1cccc(Cl)c1)N1CCOCC1,-42.1,-59.39,59.39,42.1,-99.23559399999998,99.23559399999998,-139.99054459999996,139.99054459999996,C1,True,C1,True,-1.0,-1.0
26669550,ClC1=CC=C(C=C1)[C@H](C#C)N1CCOCC1,C#C[C@@H](c1ccc(Cl)cc1)N1CCOCC1,-37.3,-44.83,44.83,37.3,-87.92132199999998,87.92132199999998,-105.67058619999997,105.67058619999997,C1,True,C1,True,-1.0,-1.0
26669551,FC1=CC=C(C=C1)[C@H](C#C)N1CCOCC1,C#C[C@@H](c1ccc(F)cc1)N1CCOCC1,-44.4,-37.13,37.13,44.4,-97.35099599999998,97.35099599999998,-81.41086669999999,81.41086669999999,C1,True,C1,True,-1.0,-1.0
26669554,CC1=CC=C(C=C1)[C@H](C#C)N1CCOCC1,C#C[C@@H](c1ccc(C)cc1)N1CCOCC1,-36.4,-65.84,65.84,36.4,-78.36774399999997,78.36774399999997,-141.75088639999996,141.75088639999996,C1,True,C1,True,-1.0,-1.0
26669555,COC1=CC=C(C=C1)[C@H](C#C)N1CCOCC1,C#C[C@@H](c1ccc(OC)cc1)N1CCOCC1,-32.2,-77.38,77.38,32.2,-74.47699,74.47699,-178.97607099999996,178.97607099999996,C1,True,C1,True,-1.0,-1.0
26669556,C#C[C@H](N1CCOCC1)C1=CC2=CC=CC=C2C=C1,C#C[C@@H](c1ccc2ccccc2c1)N1CCOCC1,-14.5,-107.18,107.18,14.5,-36.44270499999999,36.44270499999999,-269.3744221999999,269.3744221999999,C1,True,C1,True,-1.0,-1.0
26669557,C#C[C@H](N1CCOCC1)C1=CC=CS1,C#C[C@@H](c1cccs1)N1CCOCC1,-59.3,98.52,98.52,59.3,-122.92771399999997,122.92771399999997,204.22998959999993,204.22998959999993,C1,True,C1,True,-1.0,1.0
26669558,C#C[C@@H](N1CCCCC1)C1=CC=CC=C1,C#C[C@H](c1ccccc1)N1CCCCC1,-42.5,30.75,30.75,42.5,-84.70122499999997,84.70122499999997,61.28382749999997,61.28382749999997,C1,True,C1,True,-1.0,1.0
26669560,C#C[C@@H](N1CCCC1)C1=CC=CC=C1,C#C[C@H](c1ccccc1)N1CCCC1,-43.4,70.47,70.47,43.4,-80.40717999999997,80.40717999999997,130.55976899999993,130.55976899999993,C1,True,C1,True,-1.0,1.0
26669561,C#C[C@@H](N1CCCC2=C1C=CC=C2)C1=CC=CC=C1,C#C[C@H](c1ccccc1)N1CCCc2ccccc21,-29.2,-190.49,190.49,29.2,-72.22357199999999,72.22357199999999,-471.15987089999993,471.15987089999993,C1,True,C1,True,-1.0,-1.0
26669562,C#C[C@@H](N1CCC2=CC=CC=C12)C1=CC=CC=C1,C#C[C@H](c1ccccc1)N1CCc2ccccc21,-54.1,23.39,23.39,54.1,-126.22287399999999,126.22287399999999,54.572144599999994,54.572144599999994,C1,True,C1,True,-1.0,1.0
26669563,CN([C@H](C#C)C1=CC=CC=C1)C1=CC=CC=C1,C#C[C@H](c1ccccc1)N(C)c1ccccc1,-6.8,484.99,484.99,6.8,-15.048604000000001,15.048604000000001,1073.2974197,1073.2974197,C1,True,C1,True,-1.0,1.0
26669564,C#C[C@H](NC1=CC=CC=C1)C1=CC=CC=C1,C#C[C@H](Nc1ccccc1)c1ccccc1,-50.1,141.91,141.91,50.1,-103.84527600000001,103.84527600000001,294.1453716,294.1453716,C1,True,C1,True,-1.0,1.0
26684344,[H][C@]1(CC=C(C)[C@H](O)C1)[C@@H](C)CN(Cl)CC#C,C#CCN(Cl)C[C@H](C)[C@@H]1CC=C(C)[C@H](O)C1,23.8,-137.04,137.04,23.8,57.539356,57.539356,-331.3106447999999,331.3106447999999,C1,True,C1,True,1.0,-1.0
26717994,COC(OC)[C@@H]1CCC[C@H]1CN(=O)=O,COC(OC)[C@@H]1CCC[C@H]1C[N+](=O)[O-],-15.0,18.26,18.26,15.0,-30.485699999999998,30.485699999999998,37.111258799999995,37.111258799999995,C1,True,C1,True,-1.0,1.0
26719250,C[C@H]1CC(=O)OC2=C1C(=O)CCC2,C[C@H]1CC(=O)OC2=C1C(=O)CCC2,-7.0,45.09,45.09,7.0,-12.614209999999996,12.614209999999996,81.25353269999998,81.25353269999998,C1,True,C1,True,-1.0,1.0
26757901,CC(C)[C@H](N(CC=C)C(=O)OC(C)(C)C)C(C)=O,C=CCN(C(=O)OC(C)(C)C)[C@H](C(C)=O)C(C)C,161.91,-211.65,211.65,161.91,413.45013779999994,413.45013779999994,-540.465207,540.465207,C1,True,C1,True,1.0,-1.0
26763671,C[C@H]1CC2=C(O1)C=CC(C)=C2,Cc1ccc2c(c1)C[C@H](C)O2,-14.8,-31.92,31.92,14.8,-21.93434,21.93434,-47.307036,47.307036,C1,True,C1,True,-1.0,-1.0
26768651,[H][C@]1(NCCC2=CC=CC=C12)[C@H](CC)CO,CC[C@H](CO)[C@@H]1NCCc2ccccc21,2.3,-139.87,139.87,2.3,4.721922999999999,4.721922999999999,-287.1545087,287.1545087,C1,True,C1,True,1.0,-1.0
26769833,COCO[C@H](C=C)C(C)(C)OC(=O)C=C,C=CC(=O)OC(C)(C)[C@@H](C=C)OCOC,-64.0,24.55,24.55,64.0,-137.12703999999997,137.12703999999997,52.601075499999986,52.601075499999986,C1,True,C1,True,-1.0,1.0
26773585,CCOC(=O)[C@@]1(N)CC2=C(C1)C=C(C=C2)C#N,CCOC(=O)[C@@]1(N)Cc2ccc(C#N)cc2C1,8.0,11.14,11.14,8.0,18.42136,18.42136,25.6517438,25.6517438,C1,True,C1,True,1.0,1.0
26784872,OC1=C(SC[C@H]2CO2)C=CC=C1,Oc1ccccc1SC[C@H]1CO1,-43.5,-9.8,9.8,43.5,-79.27613999999998,79.27613999999998,-17.859911999999998,17.859911999999998,C1,True,C1,True,-1.0,-1.0
26784873,O[C@@H]1COC2=CC=CC=C2SC1,O[C@@H]1COc2ccccc2SC1,36.7,-82.9,82.9,36.7,66.88354799999999,66.88354799999999,-151.080276,151.080276,C1,True,C1,True,1.0,-1.0
26787087,CC(C)OC(=O)[C@@H](O)C1=CC=CC2=CC=CC=C12,CC(C)OC(=O)[C@@H](O)c1cccc2ccccc12,93.18,-174.74,174.74,93.18,227.62942200000006,227.62942200000006,-426.87234600000005,426.87234600000005,C1,True,C1,True,1.0,-1.0
26787088,CC(C)OC(=O)[C@@H](O)C1=CC2=CC=CC=C2C=C1,CC(C)OC(=O)[C@@H](O)c1ccc2ccccc2c1,85.71,-200.58,200.58,85.71,209.380959,209.380959,-489.996882,489.996882,C1,True,C1,True,1.0,-1.0
26787705,C[C@@H]1CCC\C=C\C=C/C(=O)O1,C[C@@H]1CCC/C=C/C=C\C(=O)O1,-112.3,-257.23,257.23,112.3,-186.66505999999998,186.66505999999998,-427.567706,427.567706,C1,True,C1,True,-1.0,-1.0
26825528,C[C@H]1COC2=CC(C)=C3C(C=O)=CC(C)=C3C=C12,Cc1cc(C=O)c2c(C)cc3c(cc1-2)[C@@H](C)CO3,30.7,-441.31,441.31,30.7,73.772714,73.772714,-1060.4767561999997,1060.4767561999997,C1,True,C1,True,1.0,-1.0
26847660,COC(=O)C1(C[C@@H]1N1C(=O)CCC1=O)C(=O)OC,COC(=O)C1(C(=O)OC)C[C@@H]1N1C(=O)CCC1=O,38.475,75.67,75.67,38.475,98.19820349999998,98.19820349999998,193.1295142,193.1295142,C1,True,C1,True,1.0,1.0
26889133,C[C@H](O[Si](C)(C)C(C)(C)C)C1=CC=CO1,C[C@H](O[Si](C)(C)C(C)(C)C)c1ccco1,-23.6,-57.1,57.1,23.6,-53.42851199999999,53.42851199999999,-129.26983199999998,129.26983199999998,C1,True,C1,True,-1.0,-1.0
26941311,COC(=O)[C@]1(C\C=C/CCCN1)C1=CC=CC=C1,COC(=O)[C@@]1(c2ccccc2)C/C=C\CCCN1,-4.8,-300.52,300.52,4.8,-11.775455999999998,11.775455999999998,-737.2416743999999,737.2416743999999,C1,True,C1,True,-1.0,-1.0
26973561,[H][C@]12OC(C)(C)O[C@]1([H])[C@@H](O)[C@@H](OC)O[C@@H]2C,CO[C@H]1O[C@H](C)[C@H]2OC(C)(C)O[C@@H]2[C@H]1O,134.3,227.18,227.18,134.3,293.108407,293.108407,495.8180782,495.8180782,C1,True,C1,True,1.0,1.0
26973569,[H][C@]12OC(C)(C)O[C@@]1([H])[C@@H](OC)O[C@H](C)[C@H]2O,CO[C@H]1O[C@H](C)[C@@H](O)[C@H]2OC(C)(C)O[C@@H]12,148.0,85.36,85.36,148.0,323.00852,323.00852,186.29734639999998,186.29734639999998,C1,True,C1,True,1.0,1.0
26973579,[H][C@]12C[C@](O)(C[C@@]3([H])OC(C)(C)O[C@@]13[H])C(=O)O2,CC1(C)O[C@H]2[C@@H]3C[C@](O)(C[C@H]2O1)C(=O)O3,9.4,45.69,45.69,9.4,20.136397999999996,20.136397999999996,97.87574729999997,97.87574729999997,C1,True,C1,True,1.0,1.0
26973580,[H][C@@]12C[C@@](O)(C[C@H](O)[C@]1([H])OC(C)(C)O2)C(=O)OC,COC(=O)[C@]1(O)C[C@H](O)[C@@H]2OC(C)(C)O[C@@H]2C1,6.0,27.32,27.32,6.0,14.77554,14.77554,67.2779588,67.2779588,C1,True,C1,True,1.0,1.0
26986110,[H][C@]12CC=C(C)[C@]([H])(C1)C(=NC2(C)C)C1=CC=CC=C1,CC1=CC[C@H]2C[C@@H]1C(c1ccccc1)=NC2(C)C,33.4,-302.88,302.88,33.4,79.94690800000001,79.94690800000001,-724.9796256,724.9796256,C1,True,C1,True,1.0,-1.0
27024961,CC(=C)C[C@@](C)(F)C(=O)C1=CC=CC=C1,C=C(C)C[C@@](C)(F)C(=O)c1ccccc1,-42.8,-36.29,36.29,42.8,-88.27928,88.27928,-74.851754,74.851754,C1,True,C1,True,-1.0,-1.0
27049028,CC[C@@H]1C[C@@H](OC(=O)C1)SC1=CC=CC=C1,CC[C@H]1CC(=O)O[C@@H](Sc2ccccc2)C1,-11.9,-119.76,119.76,11.9,-28.123984,28.123984,-283.0359936,283.0359936,C1,True,C1,True,-1.0,-1.0
27058956,O[C@@H](CN1C(=O)C2=C(C=CC=C2)C1=O)C=C,C=C[C@@H](O)CN1C(=O)c2ccccc2C1=O,-2.0,25.03,25.03,2.0,-4.344480000000001,4.344480000000001,54.37116720000001,54.37116720000001,C1,True,C1,True,-1.0,1.0
27076348,CC(=O)C[C@@H](O)COCC1=CC=CC=C1,CC(=O)C[C@@H](O)COCc1ccccc1,16.4,-153.69,153.69,16.4,34.15414799999999,34.15414799999999,-320.0701833,320.0701833,C1,True,C1,True,1.0,-1.0
27099824,CC=C[C@@H](O)CC(=O)SCCNC(C)=O,CC=C[C@@H](O)CC(=O)SCCNC(C)=O,-17.65,297.89,297.89,17.65,-40.82745049999999,40.82745049999999,689.0702113,689.0702113,C1,True,C1,True,-1.0,1.0
27156648,CC1=CC=C(C=C1)[C@@]1(CC=C)CCCCC1=O,C=CC[C@]1(c2ccc(C)cc2)CCCCC1=O,225.0,350.87,350.87,225.0,513.7537499999999,513.7537499999999,801.1590144999998,801.1590144999998,C1,True,C1,True,1.0,1.0
27197781,COC(=O)[C@@H](C)[C@@H](C1CC1)C1=CC=C(O)C=C1,COC(=O)[C@@H](C)[C@H](c1ccc(O)cc1)C1CC1,75.65,81.18,81.18,75.65,177.2441675,177.2441675,190.200681,190.200681,C1,True,C1,True,1.0,1.0
27415591,C[C@H](NCC#C)C(=O)OCC1=CC=CC=C1,C#CCN[C@@H](C)C(=O)OCc1ccccc1,-17.3,-252.81,252.81,17.3,-37.587364,37.587364,-549.2752308,549.2752308,C1,True,C1,True,-1.0,-1.0
27416627,C[C@H](O)[C@@H](O)\C=C\C=C1/OC(=O)C=C1,C[C@H](O)[C@@H](O)/C=C/C=C1/C=CC(=O)O1,12.5,213.56,213.56,12.5,24.525249999999996,24.525249999999996,419.00899119999997,419.00899119999997,C1,True,C1,True,1.0,1.0
27416629,C[C@H](O)[C@@H](O)\C=C\C=C1\OC(=O)C=C1,C[C@H](O)[C@@H](O)/C=C/C=C1\C=CC(=O)O1,43.5,-139.5,139.5,43.5,85.34786999999999,85.34786999999999,-273.70178999999996,273.70178999999996,C1,True,C1,True,1.0,-1.0
27531630,[H][C@@]1(CN[C@@H](C)C2=CC=CC=C2)CC2=CC=CC=C2N1,C[C@H](NC[C@@H]1Cc2ccccc2N1)c1ccccc1,-35.0,-225.68,225.68,35.0,-88.32635,88.32635,-569.5283048,569.5283048,C1,True,C1,True,-1.0,-1.0
27603028,CC[C@@]1(C)N=C(C)C(=O)N1CCC1=CC=CC=C1,CC[C@@]1(C)N=C(C)C(=O)N1CCc1ccccc1,6.05,160.84,160.84,6.05,14.782448999999996,14.782448999999996,392.99323919999995,392.99323919999995,C1,True,C1,True,1.0,1.0
27638461,FC(F)(F)[C@@H](CN(=O)=O)C1=CSC=C1,O=[N+]([O-])C[C@@H](c1ccsc1)C(F)(F)F,48.2,82.56,82.56,48.2,108.54206199999999,108.54206199999999,185.9176896,185.9176896,C1,True,C1,True,1.0,1.0
27638463,FC(F)(F)[C@H](CC1=CC=CC=C1)CN(=O)=O,O=[N+]([O-])C[C@@H](Cc1ccccc1)C(F)(F)F,-12.2,-29.65,29.65,12.2,-28.449057999999994,28.449057999999994,-69.14053849999999,69.14053849999999,C1,True,C1,True,-1.0,-1.0
27638464,CCCCCCC[C@H](CN(=O)=O)C(F)(F)F,CCCCCCC[C@H](C[N+](=O)[O-])C(F)(F)F,1.8,-78.44,78.44,1.8,4.342554,4.342554,-189.23885319999997,189.23885319999997,C1,True,C1,True,1.0,-1.0
27638471,CC1=CC=C(C=C1)[C@H](CN(=O)=O)C(F)(F)F,Cc1ccc([C@H](C[N+](=O)[O-])C(F)(F)F)cc1,17.8,79.13,79.13,17.8,41.507642,41.507642,184.5224557,184.5224557,C1,True,C1,True,1.0,1.0
27638475,CC1=CC(=CC=C1)[C@H](CN(=O)=O)C(F)(F)F,Cc1cccc([C@H](C[N+](=O)[O-])C(F)(F)F)c1,49.4,103.9,103.9,49.4,115.19536599999998,115.19536599999998,242.28337099999996,242.28337099999996,C1,True,C1,True,1.0,1.0
27638478,CC1=CC=CC=C1[C@H](CN(=O)=O)C(F)(F)F,Cc1ccccc1[C@H](C[N+](=O)[O-])C(F)(F)F,19.0,92.61,92.61,19.0,44.30590999999998,44.30590999999998,215.95633289999995,215.95633289999995,C1,True,C1,True,1.0,1.0
27638479,FC1=CC=C(C=C1)[C@H](CN(=O)=O)C(F)(F)F,O=[N+]([O-])C[C@@H](c1ccc(F)cc1)C(F)(F)F,42.8,65.71,65.71,42.8,101.50105599999998,101.50105599999998,155.83257919999997,155.83257919999997,C1,True,C1,True,1.0,1.0
27638484,COC1=CC=C(C=C1)[C@H](CN(=O)=O)C(F)(F)F,COc1ccc([C@H](C[N+](=O)[O-])C(F)(F)F)cc1,45.0,68.77,68.77,45.0,112.13459999999998,112.13459999999998,171.36658759999995,171.36658759999995,C1,True,C1,True,1.0,1.0
27643874,[H][C@]12COC(=O)C1=CC[C@]1(C)C3=CC=CC=C3CC[C@@]21[H],C[C@]12CC=C3C(=O)OC[C@@H]3[C@@H]1CCc1ccccc12,-29.4,386.33,386.33,29.4,-74.772726,74.772726,982.5492257,982.5492257,C1,True,C1,True,-1.0,1.0
27643875,[H][C@@]12CCC3=CC=CC=C3[C@@]1(C)CCC1=C2COC1=O,C[C@]12CCC3=C(COC3=O)[C@@H]1CCc1ccccc12,-25.1,80.33,80.33,25.1,-63.836579,63.836579,204.30248569999995,204.30248569999995,C1,True,C1,True,-1.0,1.0
27699965,C[C@@]1(C[C@@]1(Br)C(O)=O)C1=CC=CC=C1,C[C@]1(c2ccccc2)C[C@@]1(Br)C(=O)O,52.95,14.03,14.03,52.95,135.08127449999998,135.08127449999998,35.79207329999999,35.79207329999999,C1,True,C1,True,1.0,1.0
27699982,OC(=O)[C@]1(Br)C[C@@H]1C1=CC=CC=C1,O=C(O)[C@]1(Br)C[C@@H]1c1ccccc1,148.6,104.58,104.58,148.6,358.2508240000001,358.2508240000001,252.12564720000003,252.12564720000003,C1,True,C1,True,1.0,1.0
27705936,C[C@@]12C[C@]1(CC1(C)OCCO1)CNC2,CC1(C[C@@]23CNC[C@]2(C)C3)OCCO1,-17.78,19.74,19.74,17.78,-35.0760284,35.0760284,38.94267719999999,38.94267719999999,C1,True,C1,True,-1.0,1.0
27708136,[H][C@]12C[C@]([H])(C=C1)C(=C)[C@@H]2C(=O)N1CCOC1=O,C=C1[C@H](C(=O)N2CCOC2=O)[C@@H]2C=C[C@H]1C2,92.0,-61.78,61.78,92.0,201.70080000000002,201.70080000000002,-135.446472,135.446472,C1,True,C1,True,1.0,-1.0
27712813,C=C1CCC[C@@]1(C(=O)C1=CC=CS1)N(=O)=O,C=C1CCC[C@@]1(C(=O)c1cccs1)[N+](=O)[O-],93.8,626.91,626.91,93.8,222.56864,222.56864,1487.532048,1487.532048,C1,True,C1,True,1.0,1.0
27712820,CC(C)OC(=O)[C@@]1(CCCCC1=C)C(C)=O,C=C1CCCC[C@@]1(C(C)=O)C(=O)OC(C)C,69.7,239.81,239.81,69.7,156.3371,156.3371,537.89383,537.89383,C1,True,C1,True,1.0,1.0
27712822,CCC(=O)[C@]1(CCC1=C)C(=O)OC(C)(C)C,C=C1CC[C@@]1(C(=O)CC)C(=O)OC(C)(C)C,69.7,158.56,158.56,69.7,156.33709999999996,156.33709999999996,355.65007999999995,355.65007999999995,C1,True,C1,True,1.0,1.0
27712823,CCOC(=O)[C@]12CCCC1=CCCC2=O,CCOC(=O)[C@]12CCCC1=CCCC2=O,-123.4,-165.84,165.84,123.4,-256.98913799999997,256.98913799999997,-345.37340879999994,345.37340879999994,C1,True,C1,True,-1.0,-1.0
27712825,[H][C@]12CCC=C3CCC[C@]13C(=O)C(=C2)C(=O)OC,COC(=O)C1=C[C@H]2CCC=C3CCC[C@@]32C1=O,-59.4,6.46,6.46,59.4,-137.97372599999997,137.97372599999997,15.005223399999995,15.005223399999995,C1,True,C1,True,-1.0,1.0
27712826,[H][C@]12CCC=C3CCC[C@]13C(=O)C=C2,O=C1C=C[C@H]2CCC=C3CCC[C@@]132,-83.3,-8.2,8.2,83.3,-145.14441899999997,145.14441899999997,-14.287925999999995,14.287925999999995,C1,True,C1,True,-1.0,-1.0
27712827,[H][C@@]12CCC(=O)[C@@]11CCCC1=CCC2,O=C1CC[C@H]2CCC=C3CCC[C@@]132,-29.6,-218.31,218.31,29.6,-52.17266399999998,52.17266399999998,-384.79102289999986,384.79102289999986,C1,True,C1,True,-1.0,-1.0
27712828,COC(=O)[C@@]1([C@H](C)CCC1=C)C(C)=O,C=C1CC[C@@H](C)[C@@]1(C(C)=O)C(=O)OC,77.4,285.74,285.74,77.4,151.89440399999998,151.89440399999998,560.7533203999999,560.7533203999999,C1,True,C1,True,1.0,1.0
27712834,C[C@@H]1CCC(=C)[C@@]11C(C)=NN(C1=O)C1=CC=CC=C1,C=C1CC[C@@H](C)[C@@]12C(=O)N(c1ccccc1)N=C2C,-79.6,47.44,47.44,79.6,-202.44906799999998,202.44906799999998,120.65557519999999,120.65557519999999,C1,True,C1,True,-1.0,1.0
27713403,C[Si](C)(C)C#C[C@@H](CCC1=CC=CC=C1)C=C,C=C[C@@H](C#C[Si](C)(C)C)CCc1ccccc1,10.0,-611.71,611.71,10.0,24.2438,24.2438,-1483.0174898,1483.0174898,C1,True,C1,True,1.0,-1.0
27713415,C=C[C@H](CCC1=CC=CC=C1)C#CC1=CCCCC1,C=C[C@@H](C#CC1=CCCCC1)CCc1ccccc1,20.0,582.41,582.41,20.0,50.07699999999999,50.07699999999999,1458.2672784999997,1458.2672784999997,C1,True,C1,True,1.0,1.0
27738891,[H][C@]1(CC=CC(=O)O1)[C@H](O)[C@H](Cl)C1=CC=CC=C1,O=C1C=CC[C@@H]([C@H](O)[C@H](Cl)c2ccccc2)O1,-114.0,313.73,313.73,114.0,-288.07457999999997,288.07457999999997,792.7862981,792.7862981,C1,True,C1,True,-1.0,1.0
27764932,C[C@H](O)\C=C\[C@@H](C)CO[Si](C)(C)C(C)(C)C,C[C@H](O)/C=C/[C@@H](C)CO[Si](C)(C)C(C)(C)C,4.5,128.94,128.94,4.5,11.000295,11.000295,315.19511939999995,315.19511939999995,C1,True,C1,True,1.0,1.0
27767622,COC(=O)[C@@]1(CCCC1=O)C1=CC=CC=C1,COC(=O)[C@]1(c2ccccc2)CCCC1=O,8.0,-308.63,308.63,8.0,17.460159999999995,17.460159999999995,-673.5911475999998,673.5911475999998,C1,True,C1,True,1.0,-1.0
27767639,CCCC[C@]1(CCCC1=O)C(=O)OC,CCCC[C@@]1(C(=O)OC)CCCC1=O,23.3,-40.6,40.6,23.3,46.195045999999984,46.195045999999984,-80.49437199999997,80.49437199999997,C1,True,C1,True,1.0,-1.0
27767640,CCCCCC[C@]1(CCCC1=O)C(=O)OC,CCCCCC[C@@]1(C(=O)OC)CCCC1=O,21.1,-50.54,50.54,21.1,47.752675999999994,47.752675999999994,-114.38010639999997,114.38010639999997,C1,True,C1,True,1.0,-1.0
27767641,COC(=O)[C@@]1(CCCC1=O)C1CC1,COC(=O)[C@]1(C2CC2)CCCC1=O,26.0,55.81,55.81,26.0,47.37694,47.37694,101.69642389999998,101.69642389999998,C1,True,C1,True,1.0,1.0
27767863,[H][C@@]12OC(C)(C)O[C@]1([H])C(CO)=CC2=O,CC1(C)O[C@@H]2C(CO)=CC(=O)[C@@H]2O1,-22.9,-85.28,85.28,22.9,-42.17973899999999,42.17973899999999,-157.07808479999997,157.07808479999997,C1,True,C1,True,-1.0,-1.0
27774579,COC1=C(C=CC=C1)[C@@H](O)C1=CC=C(Cl)C=C1,COc1ccccc1[C@@H](O)c1ccc(Cl)cc1,44.34,-528.7,528.7,44.34,110.27757060000002,110.27757060000002,-1314.9244830000002,1314.9244830000002,C1,True,C1,True,1.0,-1.0
27794213,COC[C@@H]1[C@@H](C)C2=CC=CC=C2N1C(=O)OC,COC[C@@H]1[C@@H](C)c2ccccc2N1C(=O)OC,-9.53,-2.97,2.97,9.53,-22.422469899999996,22.422469899999996,-6.987905100000001,6.987905100000001,C1,True,C1,True,-1.0,-1.0
27794216,CC[C@H]1[C@H](OC)C2=CC=CC=C2N1C(=O)OC,CC[C@H]1[C@H](OC)c2ccccc2N1C(=O)OC,-27.6,-157.02,157.02,27.6,-64.938108,64.938108,-369.44136660000004,369.44136660000004,C1,True,C1,True,-1.0,-1.0
27794942,C[C@@H](CO)C1=C(F)C=CC=C1,C[C@@H](CO)c1ccccc1F,13.5,36.77,36.77,13.5,20.814839999999993,20.814839999999993,56.69345679999999,56.69345679999999,C1,True,C1,True,1.0,1.0
27827321,CC1=CC=C2NC(=O)[C@@]3(CC=CC(=O)O3)C2=C1,Cc1ccc2c(c1)[C@]1(CC=CC(=O)O1)C(=O)N2,-41.0,145.19,145.19,41.0,-93.98635,93.98635,332.8262965,332.8262965,C1,True,C1,True,-1.0,1.0
27827325,FC1=CC=C2NC(=O)[C@@]3(CC=CC(=O)O3)C2=C1,O=C1C=CC[C@]2(O1)C(=O)Nc1ccc(F)cc12,-25.0,151.32,151.32,25.0,-58.299499999999995,58.299499999999995,352.8752136,352.8752136,C1,True,C1,True,-1.0,1.0
27827326,CC1=CC=C2C(NC(=O)[C@@]22CC=CC(=O)O2)=C1,Cc1ccc2c(c1)NC(=O)[C@@]21CC=CC(=O)O1,-25.0,156.15,156.15,25.0,-57.30875,57.30875,357.9504525,357.9504525,C1,True,C1,True,-1.0,1.0
27827327,CC1=CC(C)=C2NC(=O)[C@@]3(CC=CC(=O)O3)C2=C1,Cc1cc(C)c2c(c1)[C@]1(CC=CC(=O)O1)C(=O)N2,-21.8,113.72,113.72,21.8,-53.03111599999999,53.03111599999999,276.63754639999996,276.63754639999996,C1,True,C1,True,-1.0,1.0
27827360,O=C1NC2=CC=CC=C2[C@]11CC=CC(=O)O1,O=C1C=CC[C@]2(O1)C(=O)Nc1ccccc12,-26.5,173.41,173.41,26.5,-57.030120000000004,57.030120000000004,373.19219280000004,373.19219280000004,C1,True,C1,True,-1.0,1.0
27867482,[H][C@@]12C[C@@](O)(CC[C@@]1(C)[C@H](O)CCC2=O)C(C)C,CC(C)[C@]1(O)CC[C@@]2(C)[C@H](O)CCC(=O)[C@@H]2C1,-12.7,-8.69,8.69,12.7,-30.523560999999994,30.523560999999994,-20.885806699999993,20.885806699999993,C1,True,C1,True,-1.0,-1.0
27870036,O[C@@H]1CCC(=O)C=C1Br,O=C1C=C(Br)[C@H](O)CC1,-26.9,131.44,131.44,26.9,-51.385456,51.385456,251.0819456,251.0819456,C1,True,C1,True,-1.0,1.0
27873541,CON(C)C(=O)[C@@H]1COC2=CC=CC=C2N1,CON(C)C(=O)[C@@H]1COc2ccccc2N1,-33.45,-298.72,298.72,33.45,-74.340618,74.340618,-663.8872768000001,663.8872768000001,C1,True,C1,True,-1.0,-1.0
27921406,CCC[C@@H](OC(C)=O)C1=C(C)C=CC=C1,CCC[C@@H](OC(C)=O)c1ccccc1C,-48.1,140.87,140.87,48.1,-99.22308500000001,99.22308500000001,290.5936795,290.5936795,C1,True,C1,True,-1.0,1.0
27921408,CC(=O)O[C@H](CC=C)C1=CC=C(C=C1)C#N,C=CC[C@@H](OC(C)=O)c1ccc(C#N)cc1,-11.6,327.33,327.33,11.6,-24.969232,24.969232,704.5843716,704.5843716,C1,True,C1,True,-1.0,1.0
27921421,COC1=CC=CC(=C1)[C@](C)(O)CC=C,C=CC[C@@](C)(O)c1cccc(OC)c1,38.5,268.62,268.62,38.5,74.01932999999998,74.01932999999998,516.4434395999999,516.4434395999999,C1,True,C1,True,1.0,1.0
27921427,C[C@@](O)(CC=C)C1=CC(=CC=C1)C#N,C=CC[C@@](C)(O)c1cccc(C#N)c1,31.0,8.4,8.4,31.0,58.04501999999999,58.04501999999999,15.728327999999998,15.728327999999998,C1,True,C1,True,1.0,1.0
27930529,O[C@H]1CCN([C@H]1C=C)C(=O)OCC1=CC=CC=C1,C=C[C@H]1[C@@H](O)CCN1C(=O)OCc1ccccc1,-1.09,136.96,136.96,1.09,-2.6955046000000005,2.6955046000000005,338.69386240000006,338.69386240000006,C1,True,C1,True,-1.0,1.0
27930717,COC1=CC=C(COC[C@H](O)[C@H](C)C=C)C=C1,C=C[C@@H](C)[C@@H](O)COCc1ccc(OC)cc1,6.0,158.0,158.0,6.0,14.17866,14.17866,373.37138,373.37138,C1,True,C1,True,1.0,1.0
27939202,N#C[C@@H](NC1=NC2=CC=CC=C2S1)C1=CC=CO1,N#C[C@@H](Nc1nc2ccccc2s1)c1ccco1,95.9,-107.28,107.28,95.9,244.83461800000003,244.83461800000003,-273.88798560000004,273.88798560000004,C1,True,C1,True,1.0,-1.0
27943293,[H][C@@]1(C[C@@H](C(C)=O)C1(C)C)[C@@]1([H])CN(C(C)C)C(=O)C1,CC(=O)[C@@H]1C[C@H]([C@@H]2CC(=O)N(C(C)C)C2)C1(C)C,-29.0,13.24,13.24,29.0,-72.8973,72.8973,33.281388,33.281388,C1,True,C1,True,-1.0,1.0
27968629,[H][C@@]1(CCCCC1=O)[C@]1(C)C=CC2=C(C=CC=C2)C1=O,C[C@@]1([C@H]2CCCCC2=O)C=Cc2ccccc2C1=O,39.1,47.73,47.73,39.1,99.44263900000001,99.44263900000001,121.3912317,121.3912317,C1,True,C1,True,1.0,1.0
27968631,C[C@H]1OCC[C@](C)(O1)C1=C2C=CC=CC2=CC=C1,C[C@H]1OCC[C@@](C)(c2cccc3ccccc23)O1,-13.0,-61.15,61.15,13.0,-31.50134,31.50134,-148.177457,148.177457,C1,True,C1,True,-1.0,-1.0
27968662,CC(C)C[C@H]1OC[C@](C)(O1)C1=CC=C(Cl)C=C1,CC(C)C[C@H]1OC[C@@](C)(c2ccc(Cl)cc2)O1,47.0,0.19,0.19,47.0,119.73579,119.73579,0.4840383,0.4840383,C1,True,C1,True,1.0,1.0
27968671,CC(C)C[C@H]1OC[C@](C)(O1)C1=CC=CC=C1,CC(C)C[C@H]1OC[C@@](C)(c2ccccc2)O1,-47.0,0.54,0.54,47.0,-103.54664000000001,103.54664000000001,1.1896848000000002,1.1896848000000002,C1,True,C1,True,-1.0,1.0
27968672,C[C@H]1OC[C@](C)(O1)C1=CC=CC=C1,C[C@H]1OC[C@@](C)(c2ccccc2)O1,-41.0,38.23,38.23,41.0,-73.07471,73.07471,68.13771129999999,68.13771129999999,C1,True,C1,True,-1.0,1.0
27968673,COC1=CC=C(C=C1)[C@]1(C)CO[C@H](CC(C)C)O1,COc1ccc([C@]2(C)CO[C@H](CC(C)C)O2)cc1,-42.0,22.9,22.9,42.0,-105.14196,105.14196,57.32740199999999,57.32740199999999,C1,True,C1,True,-1.0,1.0
27968674,CCCC[C@H]1OC[C@](C)(O1)C1=CC=CC=C1,CCCC[C@H]1OC[C@@](C)(c2ccccc2)O1,-45.0,-91.3,91.3,45.0,-99.14040000000001,99.14040000000001,-201.144856,201.144856,C1,True,C1,True,-1.0,-1.0
27968675,CC(C)[C@H]1OC[C@](C)(O1)C1=CC=CC=C1,CC(C)[C@H]1OC[C@@](C)(c2ccccc2)O1,38.0,4.83,4.83,38.0,78.38830000000002,78.38830000000002,9.963565500000001,9.963565500000001,C1,True,C1,True,1.0,1.0
27968677,CC(C)(C)C[C@H]1OC[C@](C)(O1)C1=CC=CC=C1,CC(C)(C)C[C@H]1OC[C@@](C)(c2ccccc2)O1,-47.0,24.99,24.99,47.0,-110.13932999999999,110.13932999999999,58.56131609999999,58.56131609999999,C1,True,C1,True,-1.0,1.0
27968681,CC(C)C[C@H]1OC[C@](C)(O1)C1=CC=C(C)C=C1,Cc1ccc([C@]2(C)CO[C@H](CC(C)C)O2)cc1,-42.0,7.96,7.96,42.0,-98.42237999999999,98.42237999999999,18.6533844,18.6533844,C1,True,C1,True,-1.0,1.0
27968694,CC(C)C[C@H]1OC[C@](C)(O1)C1=CC(C)=CC=C1,Cc1cccc([C@]2(C)CO[C@H](CC(C)C)O2)c1,-38.0,50.52,50.52,38.0,-89.04881999999999,89.04881999999999,118.3880628,118.3880628,C1,True,C1,True,-1.0,1.0
27968708,CC(C)C[C@H]1OC[C@](C)(O1)C1=C(C)C=CC=C1,Cc1ccccc1[C@]1(C)CO[C@H](CC(C)C)O1,-45.0,32.82,32.82,45.0,-105.45254999999999,105.45254999999999,76.91005979999998,76.91005979999998,C1,True,C1,True,-1.0,1.0
27968717,CC[C@]1(CO[C@H](CC(C)C)O1)C1=CC=CC=C1,CC[C@@]1(c2ccccc2)CO[C@H](CC(C)C)O1,-51.0,43.47,43.47,51.0,-119.51288999999996,119.51288999999996,101.86716329999996,101.86716329999996,C1,True,C1,True,-1.0,1.0
27968725,CCC[C@]1(CO[C@H](CC(C)C)O1)C1=CC=CC=C1,CCC[C@@]1(c2ccccc2)CO[C@H](CC(C)C)O1,-31.0,17.64,17.64,31.0,-76.99345999999997,76.99345999999997,43.81176239999999,43.81176239999999,C1,True,C1,True,-1.0,1.0
28023245,CC#CC(=O)N[C@H]1CCCC[C@@H]1N(C)C,CC#CC(=O)N[C@H]1CCCC[C@@H]1N(C)C,70.0,140.25,140.25,70.0,145.81349999999998,145.81349999999998,292.14776249999994,292.14776249999994,C1,True,C1,True,1.0,1.0
28095691,CC(C)(C)C(=O)CC[C@]1(C)CCCCC1=O,CC(C)(C)C(=O)CC[C@]1(C)CCCCC1=O,-54.8,35.79,35.79,54.8,-122.94051199999996,122.94051199999996,80.29271759999997,80.29271759999997,C1,True,C1,True,-1.0,1.0
28095694,CC[C@@]1(CCC(=O)C(C)(C)C)CCCCC1=O,CC[C@@]1(CCC(=O)C(C)(C)C)CCCCC1=O,-8.8,-99.02,99.02,8.8,-20.976647999999997,20.976647999999997,-236.03496419999993,236.03496419999993,C1,True,C1,True,-1.0,-1.0
28095696,CCC[C@@]1(CCC(=O)C(C)(C)C)CCCCC1=O,CCC[C@@]1(CCC(=O)C(C)(C)C)CCCCC1=O,-4.8,197.12,197.12,4.8,-12.115103999999995,12.115103999999995,497.5269375999998,497.5269375999998,C1,True,C1,True,-1.0,1.0
28095702,CC(C)(C)C(=O)CC[C@]1(C)CCCC1=O,CC(C)(C)C(=O)CC[C@]1(C)CCCC1=O,-26.0,158.03,158.03,26.0,-54.682419999999986,54.682419999999986,332.36395509999994,332.36395509999994,C1,True,C1,True,-1.0,1.0
28095712,CC(C)C(=O)CC[C@]1(C)CCCCC1=O,CC(C)C(=O)CC[C@]1(C)CCCCC1=O,-31.2,135.0,135.0,31.2,-65.61890399999997,65.61890399999997,283.9279499999999,283.9279499999999,C1,True,C1,True,-1.0,1.0
28138011,O=C(NC1=CC=CC2=CC=CN=C12)[C@H]1CCCO1,O=C(Nc1cccc2cccnc12)[C@H]1CCCO1,-106.1,-343.22,343.22,106.1,-257.0569579999999,257.0569579999999,-831.5465515999998,831.5465515999998,C1,True,C1,True,-1.0,-1.0
28146626,C[C@H]1CC2=CC(Cl)=CC=C2O1,C[C@H]1Cc2cc(Cl)ccc2O1,-20.6,-18.57,18.57,20.6,-34.736338,34.736338,-31.313291099999997,31.313291099999997,C1,True,C1,True,-1.0,-1.0
28146628,C[C@H]1CC2=CC(Br)=CC=C2O1,C[C@H]1Cc2cc(Br)ccc2O1,-19.6,-53.32,53.32,19.6,-41.762504,41.762504,-113.61105679999999,113.61105679999999,C1,True,C1,True,-1.0,-1.0
28146636,C[C@H]1CC2=C(C)C=C(C)C=C2O1,Cc1cc(C)c2c(c1)O[C@@H](C)C2,-15.9,-35.57,35.57,15.9,-25.794887999999997,25.794887999999997,-57.70592239999999,57.70592239999999,C1,True,C1,True,-1.0,-1.0
28146639,CC(C)C1=CC=C2O[C@@H](C)CC2=C1,CC(C)c1ccc2c(c1)C[C@H](C)O2,-13.7,-80.21,80.21,13.7,-24.147482999999994,24.147482999999994,-141.37734389999997,141.37734389999997,C1,True,C1,True,-1.0,-1.0
28186719,[H][C@@]12CCC(=O)N1[C@](CCC)(CCC2)C=O,CCC[C@]1(C=O)CCC[C@@H]2CCC(=O)N21,100.6,63.56,63.56,100.6,210.54473399999995,210.54473399999995,133.02408839999998,133.02408839999998,C1,True,C1,True,1.0,1.0
28186720,[H][C@@]12CCC(=O)N1[C@](CCC)(CCC2)C(O)=O,CCC[C@]1(C(=O)O)CCC[C@@H]2CCC(=O)N21,110.3,40.96,40.96,110.3,248.4926639999999,248.4926639999999,92.27796479999998,92.27796479999998,C1,True,C1,True,1.0,1.0
28186721,[H][C@@]12CCC(=O)N1[C@@](CCC)(CCC2)C(O)=O,CCC[C@@]1(C(=O)O)CCC[C@@H]2CCC(=O)N21,48.2,21.59,21.59,48.2,108.58881599999997,108.58881599999997,48.63967919999998,48.63967919999998,C1,True,C1,True,1.0,1.0
28186729,[H][C@@]12CCC(=O)N1[C@](CCC)(CC[C@H]2CCC)C=O,CCC[C@@H]1CC[C@@](C=O)(CCC)N2C(=O)CC[C@@H]12,58.1,30.27,30.27,58.1,146.04596999999998,146.04596999999998,76.08969899999998,76.08969899999998,C1,True,C1,True,1.0,1.0
28192351,CC(C)(C)OC(=O)N[C@H]1COC11CC1,CC(C)(C)OC(=O)N[C@H]1COC12CC2,22.3,180.77,180.77,22.3,44.432749999999984,44.432749999999984,360.1842249999999,360.1842249999999,C1,True,C1,True,1.0,1.0
28234170,C[C@@H](C1=CC=CC=C1)C1=CC=C(C=C1)C#N,C[C@@H](c1ccccc1)c1ccc(C#N)cc1,3.0,-344.08,344.08,3.0,6.21828,6.21828,-713.1952607999999,713.1952607999999,C1,True,C1,True,1.0,-1.0
28249936,COC(=O)C1=C(C)OC(=C)[C@@H]1C1=CC=CC=C1,C=C1OC(C)=C(C(=O)OC)[C@H]1c1ccccc1,-135.8,-367.65,367.65,135.8,-312.69715400000007,312.69715400000007,-846.5619194999999,846.5619194999999,C1,True,C1,True,-1.0,-1.0
28249949,COC(=O)C1=C(OC(=C)[C@@H]1C)C1=CC=CC=C1,C=C1OC(c2ccccc2)=C(C(=O)OC)[C@H]1C,-73.4,194.8,194.8,73.4,-169.01304199999998,169.01304199999998,448.55232399999994,448.55232399999994,C1,True,C1,True,-1.0,1.0
28250479,CN[C@](C)([C@@H](CN(=O)=O)C1=CC=CC=C1)C(N)=O,CN[C@@](C)(C(N)=O)[C@@H](C[N+](=O)[O-])c1ccccc1,14.0,75.66,75.66,14.0,35.18004,35.18004,190.1229876,190.1229876,C1,True,C1,True,1.0,1.0
28250491,CN1C(=O)NC(=O)[C@]1(C)CCC=O,CN1C(=O)NC(=O)[C@]1(C)CCC=O,-1.83,-37.11,37.11,1.83,-3.370768499999999,3.370768499999999,-68.35476449999999,68.35476449999999,C1,True,C1,True,-1.0,-1.0
28271211,CC[C@@H]1NC(=O)N([C@H]1CC)C(=O)OC(C)(C)C,CC[C@@H]1NC(=O)N(C(=O)OC(C)(C)C)[C@H]1CC,-2.0,28.2,28.2,2.0,-4.846379999999999,4.846379999999999,68.33395799999998,68.33395799999998,C1,True,C1,True,-1.0,1.0
28299794,C=C[C@@H](C1CCCC1)N1N=NC(=N1)C1=CC=CC=C1,C=C[C@@H](C1CCCC1)n1nnc(-c2ccccc2)n1,78.5,-88.8,88.8,78.5,199.65454500000004,199.65454500000004,-225.85125600000003,225.85125600000003,C1,True,C1,True,1.0,-1.0
28402002,C[C@H]1CC2=C(O1)C=CC=C2C(O)=O,C[C@H]1Cc2c(cccc2C(=O)O)O1,-8.0,-16.7,16.7,8.0,-14.254959999999997,14.254959999999997,-29.75722899999999,29.75722899999999,C1,True,C1,True,-1.0,-1.0
28402003,C[C@H]1CC2=C(O1)C=C(O)C=C2C(O)=O,C[C@H]1Cc2c(cc(O)cc2C(=O)O)O1,-7.0,1.64,1.64,7.0,-13.593019999999997,13.593019999999997,3.184650399999999,3.184650399999999,C1,True,C1,True,-1.0,1.0
28404378,[H][C@]12C[C@]([H])(C=C1)C(=C2)C(=O)C1=CC(F)=CC=C1,O=C(C1=C[C@@H]2C=C[C@H]1C2)c1cccc(F)c1,-162.8,62.79,62.79,162.8,-348.781092,348.781092,134.5206681,134.5206681,C1,True,C1,True,-1.0,1.0
28404388,[H][C@]12C[C@]([H])(C=C1)C(=C2)C(=O)C1=CC(OC)=CC=C1,COc1cccc(C(=O)C2=C[C@@H]3C=C[C@H]2C3)c1,-123.5,-45.12,45.12,123.5,-279.449625,279.449625,-102.09528,102.09528,C1,True,C1,True,-1.0,-1.0
28404394,[H][C@]12C[C@]([H])(C=C1)C(=C2)C(=O)C1=COC=C1,O=C(C1=C[C@@H]2C=C[C@H]1C2)c1ccoc1,-105.7,-141.06,141.06,105.7,-196.82396999999997,196.82396999999997,-262.667826,262.667826,C1,True,C1,True,-1.0,-1.0
28426780,CC1=CC([C@H]2CC(=C)CCO2)=C(O)C=C1,C=C1CCO[C@@H](c2cc(C)ccc2O)C1,-24.3,-7.78,7.78,24.3,-49.637367,49.637367,-15.8921282,15.8921282,C1,True,C1,True,-1.0,-1.0
28426781,CC(C)(C)C1=CC([C@H]2CC(=C)CCO2)=C(O)C=C1,C=C1CCO[C@@H](c2cc(C(C)(C)C)ccc2O)C1,-9.5,4.88,4.88,9.5,-23.40325,23.40325,12.02188,12.02188,C1,True,C1,True,-1.0,1.0
28426782,OC1=C(C=C(Cl)C=C1)[C@H]1CC(=C)CCO1,C=C1CCO[C@@H](c2cc(Cl)ccc2O)C1,-18.3,-14.5,14.5,18.3,-41.117721,41.117721,-32.579615,32.579615,C1,True,C1,True,-1.0,-1.0
28426784,OC1=C(C=C(F)C=C1)[C@H]1CC(=C)CCO1,C=C1CCO[C@@H](c2cc(F)ccc2O)C1,-44.7,-88.65,88.65,44.7,-93.079704,93.079704,-184.59766799999997,184.59766799999997,C1,True,C1,True,-1.0,-1.0
28426787,CC1=CC(O)=C(C=C1)[C@H]1CC(=C)CCO1,C=C1CCO[C@@H](c2ccc(C)cc2O)C1,-48.6,-107.33,107.33,48.6,-99.27473399999997,99.27473399999997,-219.24191769999993,219.24191769999993,C1,True,C1,True,-1.0,-1.0
28426788,CC1=C(O)C(=CC=C1)[C@H]1CC(=C)CCO1,C=C1CCO[C@@H](c2cccc(C)c2O)C1,-55.5,110.33,110.33,55.5,-113.36929499999997,113.36929499999997,225.36998769999994,225.36998769999994,C1,True,C1,True,-1.0,1.0
28426790,COC1=C(O)C(=CC=C1)[C@H]1CC(=C)CCO1,C=C1CCO[C@@H](c2cccc(OC)c2O)C1,-15.0,36.85,36.85,15.0,-33.04019999999999,33.04019999999999,81.16875799999998,81.16875799999998,C1,True,C1,True,-1.0,1.0
28426835,C=C1CCO[C@H](C1)C1=CC=CC=C1,C=C1CCO[C@@H](c2ccccc2)C1,-23.8,5.05,5.05,23.8,-41.46983399999999,41.46983399999999,8.799271499999998,8.799271499999998,C1,True,C1,True,-1.0,1.0
28426836,OC1=CC=CC=C1[C@H]1CC(=C)CCO1,C=C1CCO[C@@H](c2ccccc2O)C1,-37.6,-95.51,95.51,37.6,-71.53099199999998,71.53099199999998,-181.70013419999995,181.70013419999995,C1,True,C1,True,-1.0,-1.0
28426837,COC1=CC([C@H]2CC(=C)CCO2)=C(O)C=C1,C=C1CCO[C@@H](c2cc(OC)ccc2O)C1,-20.3,-82.34,82.34,20.3,-44.714403999999995,44.714403999999995,-181.3686712,181.3686712,C1,True,C1,True,-1.0,-1.0
28437025,COC(=O)C[C@@H](C)OC1=CC=C(OC)C=C1,COC(=O)C[C@@H](C)Oc1ccc(OC)cc1,-23.6,26.72,26.72,23.6,-52.924416,52.924416,59.9212032,59.9212032,C1,True,C1,True,-1.0,1.0
28437026,COC1=CC=C(O[C@H](C)CC=O)C=C1,COc1ccc(O[C@H](C)CC=O)cc1,-29.5,-452.57,452.57,29.5,-57.29785,57.29785,-879.026711,879.026711,C1,True,C1,True,-1.0,-1.0
28450771,COC[C@H](C=C)N1C(=O)C2=CC=CC=C2C1=O,C=C[C@@H](COC)N1C(=O)c2ccccc2C1=O,-75.1,-120.59,120.59,75.1,-173.66950099999997,173.66950099999997,-278.8655809,278.8655809,C1,True,C1,True,-1.0,-1.0
28501302,COC1=CC=C(O1)[C@@H](C)CC(=O)C1=NC=CN1C,COc1ccc([C@@H](C)CC(=O)c2nccn2C)o1,-3.3,-182.3,182.3,3.3,-8.193306,8.193306,-452.61808599999995,452.61808599999995,C1,True,C1,True,-1.0,-1.0
28501309,[H][C@]12OCC[C@@]1([H])[C@@H](C)C=C(O2)C1=NC=CN1C,C[C@H]1C=C(c2nccn2C)O[C@H]2OCC[C@H]21,-15.5,-59.91,59.91,15.5,-34.14216,34.14216,-131.96495519999996,131.96495519999996,C1,True,C1,True,-1.0,-1.0
28587708,CC(C)(C)C1=CC=C(C=C1)[C@H](O)C1=CC=CN=C1,CC(C)(C)c1ccc([C@H](O)c2cccnc2)cc1,-22.35,250.88,250.88,22.35,-53.938149,53.938149,605.4587392,605.4587392,C1,True,C1,True,-1.0,1.0
28587712,O[C@@H](C1=CC=C(Cl)C=C1)C1=CC=CN=C1,O[C@@H](c1ccc(Cl)cc1)c1cccnc1,-25.49,209.52,209.52,25.49,-55.994137900000005,55.994137900000005,460.2546792000001,460.2546792000001,C1,True,C1,True,-1.0,1.0
28587713,O[C@H](C1=CC=CN=C1)C1=CC=CC(Cl)=C1,O[C@H](c1cccnc1)c1cccc(Cl)c1,-25.43,519.29,519.29,25.43,-55.862335300000005,55.862335300000005,1140.7295359,1140.7295359,C1,True,C1,True,-1.0,1.0
28587718,O[C@@H](C1=CC=C(C=C1)N(=O)=O)C1=CC=CN=C1,O=[N+]([O-])c1ccc([C@H](O)c2cccnc2)cc1,-24.09,415.04,415.04,24.09,-55.4607207,55.4607207,955.5175392000002,955.5175392000002,C1,True,C1,True,-1.0,1.0
28587719,O[C@H](C1=CC=CN=C1)C1=CC=CC=C1N(=O)=O,O=[N+]([O-])c1ccccc1[C@H](O)c1cccnc1,9.84,370.29,370.29,9.84,22.6539432,22.6539432,852.4927467000001,852.4927467000001,C1,True,C1,True,1.0,1.0
28587721,O[C@@H](C1=CC=C(C=C1)C(F)(F)F)C1=CC=CN=C1,O[C@@H](c1ccc(C(F)(F)F)cc1)c1cccnc1,-7.14,321.49,321.49,7.14,-18.0801222,18.0801222,814.0866227,814.0866227,C1,True,C1,True,-1.0,1.0
28587723,O[C@@H](C1=CC=C(F)C=C1)C1=CC=CN=C1,O[C@@H](c1ccc(F)cc1)c1cccnc1,-21.38,235.84,235.84,21.38,-43.4475808,43.4475808,479.26461439999997,479.26461439999997,C1,True,C1,True,-1.0,1.0
28587725,O[C@@H](C1=CC=CS1)C1=CC=CN=C1,O[C@H](c1cccnc1)c1cccs1,-58.62,411.05,411.05,58.62,-112.11368100000001,112.11368100000001,786.1536775000001,786.1536775000001,C1,True,C1,True,-1.0,1.0
28587727,O[C@@H](C1=CC=CO1)C1=CC=CN=C1,O[C@H](c1cccnc1)c1ccco1,47.56,53.47,53.47,47.56,83.31893720000002,83.31893720000002,93.6724889,93.6724889,C1,True,C1,True,1.0,1.0
28587729,O[C@@H](\C=C\C1=CC=CC=C1)C1=CC=CN=C1,O[C@@H](/C=C/c1ccccc1)c1cccnc1,1.86,-231.89,231.89,1.86,3.9295104000000003,3.9295104000000003,-489.9000896,489.9000896,C1,True,C1,True,1.0,-1.0
28587731,COC1=C(\C=C\[C@H](O)C2=CC=CN=C2)C=CC=C1,COc1ccccc1/C=C/[C@H](O)c1cccnc1,7.89,515.81,515.81,7.89,19.037781,19.037781,1244.597949,1244.597949,C1,True,C1,True,1.0,1.0
28587733,CC(C)=C[C@H](O)C1=CC=CN=C1,CC(C)=C[C@H](O)c1cccnc1,5.16,371.07,371.07,5.16,8.422152,8.422152,605.660454,605.660454,C1,True,C1,True,1.0,1.0
28587735,CCC[C@H](O)C1=CC=CN=C1,CCC[C@H](O)c1cccnc1,-4.6,-2.75,2.75,4.6,-6.955613999999998,6.955613999999998,-4.158247499999999,4.158247499999999,C1,True,C1,True,-1.0,-1.0
28587736,O[C@@H](C1CCCCC1)C1=CC=CN=C1,O[C@H](c1cccnc1)C1CCCCC1,-9.72,-27.51,27.51,9.72,-18.59183279999999,18.59183279999999,-52.61947739999998,52.61947739999998,C1,True,C1,True,-1.0,-1.0
28587739,CC1=NC=CC=C1[C@@H](O)C1=CC=CC=C1,Cc1ncccc1[C@@H](O)c1ccccc1,3.81,247.65,247.65,3.81,7.591539299999999,7.591539299999999,493.45005449999996,493.45005449999996,C1,True,C1,True,1.0,1.0
28587742,CC1=CC=C(C=N1)[C@@H](O)C1=CC=CC=C1,Cc1ccc([C@@H](O)c2ccccc2)cn1,6.26,371.69,371.69,6.26,12.4732378,12.4732378,740.6034757,740.6034757,C1,True,C1,True,1.0,1.0
28587745,COC1=CN=CC(=C1)[C@@H](O)C1=CC=CC=C1,COc1cncc([C@@H](O)c2ccccc2)c1,5.63,626.15,626.15,5.63,12.118687600000001,12.118687600000001,1347.800398,1347.800398,C1,True,C1,True,1.0,1.0
28587748,COC1=CC=C(C=N1)[C@@H](O)C1=CC=CC=C1,COc1ccc([C@@H](O)c2ccccc2)cn1,0.86,128.67,128.67,0.86,1.8511672000000001,1.8511672000000001,276.96474839999996,276.96474839999996,C1,True,C1,True,1.0,1.0
28587751,O[C@@H](C1=CC=CC=C1)C1=CC=CN=C1Cl,O[C@@H](c1ccccc1)c1cccnc1Cl,-1.53,291.63,291.63,1.53,-3.3609663,3.3609663,640.6265373,640.6265373,C1,True,C1,True,-1.0,1.0
28587754,O[C@@H](C1=CC=CC=C1)C1=CC=C(Cl)N=C1,O[C@@H](c1ccccc1)c1ccc(Cl)nc1,2.2,321.63,321.63,2.2,4.832762,4.832762,706.5278373,706.5278373,C1,True,C1,True,1.0,1.0
28587757,CC1=NC=CC(=C1)[C@@H](O)C1=CC=CC=C1,Cc1cc([C@@H](O)c2ccccc2)ccn1,10.19,130.8,130.8,10.19,20.3038807,20.3038807,260.62292400000007,260.62292400000007,C1,True,C1,True,1.0,1.0
28690654,COC(=O)[C@H](O)[C@@H](O)C(=O)OC1=CC=CC=C1,COC(=O)[C@H](O)[C@@H](O)C(=O)Oc1ccccc1,73.51,-267.75,267.75,73.51,176.5791061,176.5791061,-643.1649524999999,643.1649524999999,C1,True,C1,True,1.0,-1.0
28690655,COC(=O)[C@H](O)[C@@H](O)C(=O)OC1=CC=C(C)C=C1,COC(=O)[C@H](O)[C@@H](O)C(=O)Oc1ccc(C)cc1,70.41,-108.5,108.5,70.41,179.00897579999997,179.00897579999997,-275.84822999999994,275.84822999999994,C1,True,C1,True,1.0,-1.0
28690659,COC(=O)[C@H](O)[C@@H](O)C(=O)OC1=CC(C)=CC=C1,COC(=O)[C@H](O)[C@@H](O)C(=O)Oc1cccc(C)c1,74.51,-67.53,67.53,74.51,189.4327338,189.4327338,-171.6869214,171.6869214,C1,True,C1,True,1.0,-1.0
28711722,[H][C@@]12CC[C@@]([H])(C1)C1=C2C2=CC=CC=C2C(=O)[C@@]1(C)OC,CO[C@]1(C)C(=O)c2ccccc2C2=C1[C@H]1CC[C@@H]2C1,2.4,-446.86,446.86,2.4,6.103895999999999,6.103895999999999,-1136.4945693999998,1136.4945693999998,C1,True,C1,True,1.0,-1.0
28752038,CC(=C)[C@@H]1COC(C)(C)[C@H]1O,C=C(C)[C@@H]1COC(C)(C)[C@H]1O,-30.5,-182.47,182.47,30.5,-47.648625,47.648625,-285.0637575,285.0637575,C1,True,C1,True,-1.0,-1.0
28752081,CC(=C)[C@@H]1COC[C@H]1O,C=C(C)[C@@H]1COC[C@H]1O,-20.0,48.95,48.95,20.0,-25.6342,25.6342,62.739704499999995,62.739704499999995,C1,True,C1,True,-1.0,1.0
28757871,[H][C@]12CC(=O)[C@]([H])(C1)[C@@H]([C@H]2N(=O)=O)C1=CC=C(C)C=C1,Cc1ccc([C@@H]2[C@@H]([N+](=O)[O-])[C@H]3CC(=O)[C@@H]2C3)cc1,65.4,-53.53,53.53,65.4,160.411812,160.411812,-131.2973134,131.2973134,C1,True,C1,True,1.0,-1.0
28757872,[H][C@]12CC(=O)[C@]([H])(C1)[C@@H]([C@H]2N(=O)=O)C1=CC=C(F)C=C1,O=C1C[C@H]2C[C@@H]1[C@H](c1ccc(F)cc1)[C@H]2[N+](=O)[O-],70.0,-36.62,36.62,70.0,174.46869999999998,174.46869999999998,-91.27205419999999,91.27205419999999,C1,True,C1,True,1.0,-1.0
28757881,[H][C@]12CC(=O)[C@]([H])(C1)[C@@H]([C@H]2N(=O)=O)C1=CC=CO1,O=C1C[C@H]2C[C@@H]1[C@H](c1ccco1)[C@H]2[N+](=O)[O-],81.2,112.58,112.58,81.2,179.624144,179.624144,249.0404696,249.0404696,C1,True,C1,True,1.0,1.0
28757886,[H][C@]12CC(=O)[C@]([H])(C1)[C@@H]([C@H]2N(=O)=O)C1=CC=CC=C1,O=C1C[C@H]2C[C@@H]1[C@H](c1ccccc1)[C@H]2[N+](=O)[O-],72.3,-52.51,52.51,72.3,167.194473,167.194473,-121.4299001,121.4299001,C1,True,C1,True,1.0,-1.0
28757899,[H][C@]12CC(=O)[C@]([H])(C1)[C@H](C)[C@H]2C(=O)C1=CC=CC=C1,C[C@@H]1[C@@H](C(=O)c2ccccc2)[C@H]2CC(=O)[C@@H]1C2,83.6,105.41,105.41,83.6,190.85127599999996,190.85127599999996,240.64154309999995,240.64154309999995,C1,True,C1,True,1.0,1.0
28757901,[H][C@]12CC(=O)[C@]([H])(C1)[C@@H]([C@H]2C(C)=O)C1=CC=CC=C1,CC(=O)[C@H]1[C@H]2CC(=O)[C@H](C2)[C@@H]1c1ccccc1,42.2,-33.45,33.45,42.2,96.33880200000002,96.33880200000002,-76.3633395,76.3633395,C1,True,C1,True,1.0,-1.0
28757902,[H][C@]12C[C@]([H])(CC1=O)C(C#N)(C#N)[C@H]2C1=CC=CC=C1,N#CC1(C#N)[C@H]2CC(=O)[C@H](C2)[C@@H]1c1ccccc1,25.0,57.23,57.23,25.0,59.0685,59.0685,135.21961019999998,135.21961019999998,C1,True,C1,True,1.0,1.0
28757905,[H][C@]12CC(=O)[C@]([H])(C1)[C@@H]([C@H]2C(=O)OC)C(=O)OC,COC(=O)[C@@H]1[C@@H](C(=O)OC)[C@H]2CC(=O)[C@@H]1C2,19.2,32.04,32.04,19.2,43.43577599999999,43.43577599999999,72.48345119999998,72.48345119999998,C1,True,C1,True,1.0,1.0
28791968,[H][C@@]1([C@@H](C)CC)N(CC2=CC=CC=C2)CCOC1=O,CC[C@H](C)[C@H]1C(=O)OCCN1Cc1ccccc1,72.0,113.12,113.12,72.0,178.08335999999997,178.08335999999997,279.78874559999997,279.78874559999997,C1,True,C1,True,1.0,1.0
28796981,[H][C@@]12CCCN[C@]1([H])C1=C(NC2)C=CC=C1,c1ccc2c(c1)NC[C@@H]1CCCN[C@H]21,-13.8,-3.15,3.15,13.8,-25.981811999999994,25.981811999999994,-5.930630999999998,5.930630999999998,C1,True,C1,True,-1.0,-1.0
28796984,OCC1=CCCN[C@@H]1C1=CC=C(C=C1)N(=O)=O,O=[N+]([O-])c1ccc([C@H]2NCCC=C2CO)cc1,-186.0,-216.72,216.72,186.0,-435.7142999999999,435.7142999999999,-507.67743599999994,507.67743599999994,C1,True,C1,True,-1.0,-1.0
28838435,COCC1=CSC(=N1)[C@@H](N)CC(C)C,COCc1csc([C@@H](N)CC(C)C)n1,-5.7,17.69,17.69,5.7,-12.217037999999997,12.217037999999997,37.91568459999999,37.91568459999999,C1,True,C1,True,-1.0,1.0
28838437,CC(C)C[C@H](N)C1=NC(COC(C)C)=CS1,CC(C)C[C@H](N)c1nc(COC(C)C)cs1,14.8,95.08,95.08,14.8,35.87342400000001,35.87342400000001,230.46251039999999,230.46251039999999,C1,True,C1,True,1.0,1.0
28897105,CC(C)[C@@H]1NC2(COC2)CNC1=O,CC(C)[C@@H]1NC2(CNC1=O)COC2,-112.8,-47.81,47.81,112.8,-207.82159199999995,207.82159199999995,-88.08466589999998,88.08466589999998,C1,True,C1,True,-1.0,-1.0
28901684,CC(=O)OC[C@@H]1CCCO1,CC(=O)OC[C@@H]1CCCO1,24.0,-147.16,147.16,24.0,34.6008,34.6008,-212.160572,212.160572,C1,True,C1,True,1.0,-1.0
28940188,[H][C@]1(O[C@@H]1\C=C\[C@@H]1O[C@]1([H])[C@H](O)C=C)[C@@H](C)O,C=C[C@@H](O)[C@H]1O[C@H]1/C=C/[C@H]1O[C@H]1[C@@H](C)O,-29.6,156.77,156.77,29.6,-62.82451999999999,62.82451999999999,332.73648649999996,332.73648649999996,C1,True,C1,True,-1.0,1.0
28961517,CCCCO[C@H](CCCC)C1=CC=CC=C1O,CCCCO[C@H](CCCC)c1ccccc1O,3.2,47.41,47.41,3.2,7.56336,7.56336,112.0559055,112.0559055,C1,True,C1,True,1.0,1.0
28961529,CO[C@H](C1=CC=CC=C1)C1=CC=CC=C1O,CO[C@H](c1ccccc1)c1ccccc1O,-56.7,482.78,482.78,56.7,-121.48768799999999,121.48768799999999,1034.4237391999998,1034.4237391999998,C1,True,C1,True,-1.0,1.0
28961531,CCO[C@H](C1=CC=CC=C1)C1=CC=CC=C1O,CCO[C@H](c1ccccc1)c1ccccc1O,-80.3,-569.28,569.28,80.3,-183.31767299999998,183.31767299999998,-1299.6150048,1299.6150048,C1,True,C1,True,-1.0,-1.0
28961536,OC1=CC=CC=C1[C@H](OCC=C)C1=CC=CC=C1,C=CCO[C@H](c1ccccc1)c1ccccc1O,-67.4,325.96,325.96,67.4,-161.963548,161.963548,783.2883992,783.2883992,C1,True,C1,True,-1.0,1.0
28961537,CC(=C)CO[C@H](C1=CC=CC=C1)C1=CC=CC=C1O,C=C(C)CO[C@H](c1ccccc1)c1ccccc1O,-64.4,-605.94,605.94,64.4,-163.787876,163.787876,-1541.0811426000002,1541.0811426000002,C1,True,C1,True,-1.0,-1.0
28961538,OC1=CC=CC=C1[C@H](OCCC#C)C1=CC=CC=C1,C#CCCO[C@H](c1ccccc1)c1ccccc1O,-72.7,-255.17,255.17,72.7,-183.43155100000004,183.43155100000004,-643.8270821000001,643.8270821000001,C1,True,C1,True,-1.0,-1.0
28961539,CC(C)O[C@H](C1=CC=CC=C1)C1=CC=CC=C1O,CC(C)O[C@H](c1ccccc1)c1ccccc1O,-78.4,-592.64,592.64,78.4,-189.977312,189.977312,-1436.0733952,1436.0733952,C1,True,C1,True,-1.0,-1.0
28961540,OC1=CC=CC=C1[C@H](OC1CCC1)C1=CC=CC=C1,Oc1ccccc1[C@H](OC1CCC1)c1ccccc1,-82.1,-383.68,383.68,82.1,-208.80410899999995,208.80410899999995,-975.8095072,975.8095072,C1,True,C1,True,-1.0,-1.0
28967138,C[C@H](CCC1=CC=NC=C1)C(C)=O,CC(=O)[C@H](C)CCc1ccncc1,-0.8,126.47,126.47,0.8,-1.4179760000000001,1.4179760000000001,224.16428090000002,224.16428090000002,C1,True,C1,True,-1.0,1.0
28967273,CC[C@@](C)(O)CCC1=CC=NC=C1,CC[C@@](C)(O)CCc1ccncc1,4.3,-1.26,1.26,4.3,7.708309000000001,7.708309000000001,-2.2587138,2.2587138,C1,True,C1,True,1.0,-1.0
28983811,C[C@@H]1CC2=CC=CC=C2N[C@@H]1C1=CC=C(C)C=C1,Cc1ccc([C@H]2Nc3ccccc3C[C@H]2C)cc1,21.8,-242.04,242.04,21.8,51.741428000000006,51.741428000000006,-574.4722584,574.4722584,C1,True,C1,True,1.0,-1.0
28983812,COC1=CC=C(C=C1)[C@H]1NC2=CC=CC=C2C[C@H]1C,COc1ccc([C@H]2Nc3ccccc3C[C@H]2C)cc1,18.3,-214.35,214.35,18.3,46.362134999999995,46.362134999999995,-543.0450075,543.0450075,C1,True,C1,True,1.0,-1.0
28983813,C[C@@H]1CC2=CC=CC=C2N[C@@H]1C1=CC=CO1,C[C@@H]1Cc2ccccc2N[C@@H]1c1ccco1,95.1,-231.65,231.65,95.1,202.82927999999995,202.82927999999995,-494.06311999999997,494.06311999999997,C1,True,C1,True,1.0,-1.0
28983814,C[C@@H]1CC2=CC=CC=C2N[C@@H]1C1=CC=CS1,C[C@@H]1Cc2ccccc2N[C@@H]1c1cccs1,105.7,-303.66,303.66,105.7,242.42083599999998,242.42083599999998,-696.4381368,696.4381368,C1,True,C1,True,1.0,-1.0
28983815,CC[C@@H]1CC2=CC=CC=C2N[C@@H]1C1=CC=CC=C1,CC[C@@H]1Cc2ccccc2N[C@@H]1c1ccccc1,59.2,-248.68,248.68,59.2,140.508832,140.508832,-590.2320328000001,590.2320328000001,C1,True,C1,True,1.0,-1.0
28983816,CCC[C@@H]1CC2=CC=CC=C2N[C@@H]1C1=CC=CC=C1,CCC[C@@H]1Cc2ccccc2N[C@@H]1c1ccccc1,66.9,-254.62,254.62,66.9,168.16853700000004,168.16853700000004,-640.0459326000001,640.0459326000001,C1,True,C1,True,1.0,-1.0
29051272,COC(=O)[C@@]1(F)CC\C(=C/C2=CC=CC=C2)C1=O,COC(=O)[C@@]1(F)CC/C(=C\c2ccccc2)C1=O,-457.3,-432.22,432.22,457.3,-1135.2609690000002,1135.2609690000002,-1072.9991166000002,1072.9991166000002,C1,True,C1,True,-1.0,-1.0
29054624,O=S1(=O)CC[C@H](COCC2=CC=CC=C2)O1,O=S1(=O)CC[C@H](COCc2ccccc2)O1,-16.4,-91.88,91.88,16.4,-39.736543999999995,39.736543999999995,-222.6215648,222.6215648,C1,True,C1,True,-1.0,-1.0
29054686,C[C@@H]1CCS(=O)(=O)O1,C[C@@H]1CCS(=O)(=O)O1,1.42,-50.02,50.02,1.42,1.9336423999999999,1.9336423999999999,-68.1132344,68.1132344,C1,True,C1,True,1.0,-1.0
29054689,CC[C@@H]1CCS(=O)(=O)O1,CC[C@@H]1CCS(=O)(=O)O1,16.5,8.13,8.13,16.5,24.782834999999995,24.782834999999995,12.2111787,12.2111787,C1,True,C1,True,1.0,1.0
29142334,CCCCCC#C[C@@H](O)[C@@H](CC=C)C(OC)OC,C=CC[C@@H](C(OC)OC)[C@H](O)C#CCCCCC,11.42,-263.93,263.93,11.42,29.04905399999999,29.04905399999999,-671.3587409999999,671.3587409999999,C1,True,C1,True,1.0,-1.0
29142336,COC(OC)[C@H](CC=C)[C@H](O)C#CCC(C)C,C=CC[C@@H](C(OC)OC)[C@H](O)C#CCC(C)C,14.3,22.12,22.12,14.3,34.369049,34.369049,53.16387159999999,53.16387159999999,C1,True,C1,True,1.0,1.0
29142348,OC[C@H](CC=C)[C@H](O)C#CC1=CC=CC=C1,C=CC[C@@H](CO)[C@H](O)C#Cc1ccccc1,-6.88,327.92,327.92,6.88,-14.880063999999999,14.880063999999999,709.2253760000001,709.2253760000001,C1,True,C1,True,-1.0,1.0
29142350,CCCCCC#C[C@@H](O)[C@H](CO)CC=C,C=CC[C@@H](CO)[C@H](O)C#CCCCCC,-11.57,204.2,204.2,11.57,-24.33367689999999,24.33367689999999,429.4673139999998,429.4673139999998,C1,True,C1,True,-1.0,1.0
29158818,C[C@H](CC1=CC=CS1)OC(C)=O,CC(=O)O[C@H](C)Cc1cccs1,7.0,-180.88,180.88,7.0,12.898200000000001,12.898200000000001,-333.28948800000006,333.28948800000006,C1,True,C1,True,1.0,-1.0
29164113,CC1=C([C@H](CN(=O)=O)C2=CC=CC=C2)C(O)=NN1,Cc1[nH]nc(O)c1[C@H](C[N+](=O)[O-])c1ccccc1,-105.2,-346.51,346.51,105.2,-260.11120800000003,260.11120800000003,-856.7598354,856.7598354,C1,True,C1,True,-1.0,-1.0
29189013,[H][C@]12CCC[C@@]1([H])[C@H](N=C2)C(=O)OC(C)C,CC(C)OC(=O)[C@H]1N=C[C@H]2CCC[C@@H]12,160.0,-32.53,32.53,160.0,312.41919999999993,312.41919999999993,-63.518728599999996,63.518728599999996,C1,True,C1,True,1.0,-1.0
29242043,CON(C)C(=O)CCC[C@@H](O)C1=CC=C(C)C=C1,CON(C)C(=O)CCC[C@@H](O)c1ccc(C)cc1,28.2,0.49,0.49,28.2,70.873932,70.873932,1.2314973999999999,1.2314973999999999,C1,True,C1,True,1.0,1.0
29242047,CON(C)C(=O)CCC[C@@H](O)C1=CC=C(F)C=C1,CON(C)C(=O)CCC[C@@H](O)c1ccc(F)cc1,29.2,-79.97,79.97,29.2,74.544388,74.544388,-204.1546133,204.1546133,C1,True,C1,True,1.0,-1.0
29242049,CON(C)C(=O)CCC[C@@H](O)C1=CC(C)=CC=C1,CON(C)C(=O)CCC[C@@H](O)c1cccc(C)c1,25.9,55.31,55.31,25.9,65.093434,65.093434,139.00841060000002,139.00841060000002,C1,True,C1,True,1.0,1.0
29242050,CON(C)C(=O)CCC[C@@H](O)C1=CC=CC=C1C,CON(C)C(=O)CCC[C@@H](O)c1ccccc1C,44.5,122.29,122.29,44.5,111.84007,111.84007,307.3465654,307.3465654,C1,True,C1,True,1.0,1.0
29242053,CON(C)C(=O)CCC[C@@H](O)C1=CC=CS1,CON(C)C(=O)CCC[C@@H](O)c1cccs1,11.8,480.45,480.45,11.8,28.712704000000002,28.712704000000002,1169.0693760000001,1169.0693760000001,C1,True,C1,True,1.0,1.0
29242054,CC[C@@H](O)CCCC(=O)N(C)OC,CC[C@@H](O)CCCC(=O)N(C)OC,-0.8,222.11,222.11,0.8,-1.51404,1.51404,420.3542805,420.3542805,C1,True,C1,True,-1.0,1.0
29242056,CON(C)C(=O)CCC[C@@H](O)CC1=CC=CC=C1,CON(C)C(=O)CCC[C@@H](O)Cc1ccccc1,0.6,85.59,85.59,0.6,1.5079559999999999,1.5079559999999999,215.1099234,215.1099234,C1,True,C1,True,1.0,1.0
29242060,CON(C)C(=O)CCC[C@@H](O)C1=CC=CC=C1,CON(C)C(=O)CCC[C@@H](O)c1ccccc1,26.8,219.78,219.78,26.8,63.596132000000004,63.596132000000004,521.5357422000001,521.5357422000001,C1,True,C1,True,1.0,1.0
29298889,C[C@@]1(C[C@@H](O)C=C1)OCC#C,C#CCO[C@]1(C)C=C[C@H](O)C1,23.1,19.66,19.66,23.1,35.15658299999999,35.15658299999999,29.921143799999992,29.921143799999992,C1,True,C1,True,1.0,1.0
29298890,[H][C@@]12C[C@]3(C)OCC(=O)[C@]3([H])[C@]1([H])C[C@H](OCC)O2,CCO[C@H]1C[C@H]2[C@H]3C(=O)CO[C@@]3(C)C[C@H]2O1,-159.1,-237.22,237.22,159.1,-359.99875199999997,359.99875199999997,-536.7624383999998,536.7624383999998,C1,True,C1,True,-1.0,-1.0
29298891,[H][C@@]12C[C@]3(C)OCC(=O)[C@]3([H])[C@]1([H])C[C@@H](OCC)O2,CCO[C@@H]1C[C@H]2[C@H]3C(=O)CO[C@@]3(C)C[C@H]2O1,23.4,183.64,183.64,23.4,52.94764799999999,52.94764799999999,415.5259007999999,415.5259007999999,C1,True,C1,True,1.0,1.0
29338903,[H][C@@]12C[C@@]([H])(C=C1)[C@@]1([H])[C@H](CC=C)O[C@H](CO)[C@@]21[H],C=CC[C@@H]1O[C@H](CO)[C@@H]2[C@H]1[C@@H]1C=C[C@H]2C1,-5.7,-200.66,200.66,5.7,-11.758244999999999,11.758244999999999,-413.93148099999996,413.93148099999996,C1,True,C1,True,-1.0,-1.0
29412942,FC1=CC(=CC=C1)[C@@]1(CC=C)CCCCC1=O,C=CC[C@]1(c2cccc(F)c2)CCCCC1=O,297.5,2.87,2.87,297.5,691.0865499999996,691.0865499999996,6.6669525999999975,6.6669525999999975,C1,True,C1,True,1.0,1.0
29437021,C\C=C(/C)C[C@H](C)\C=C\C[C@H](C)C[C@H](C)CO,C/C=C(\C)C[C@H](C)/C=C/C[C@H](C)C[C@H](C)CO,-4.9,-56.04,56.04,4.9,-11.682334999999998,11.682334999999998,-133.60776599999997,133.60776599999997,C1,True,C1,True,-1.0,-1.0
29451596,CCC[C@H](O)C#CC(=O)OC,CCC[C@H](O)C#CC(=O)OC,-5.75,-58.73,58.73,5.75,-8.980407499999998,8.980407499999998,-91.72510129999999,91.72510129999999,C1,True,C1,True,-1.0,-1.0
29472291,C[C@@H](OCCCCN=N#N)C1=CC=NC=C1,C[C@@H](OCCCCN=[N+]=[N-])c1ccncc1,63.0,-57.62,57.62,63.0,138.77388000000002,138.77388000000002,-126.92303120000003,126.92303120000003,C1,True,C1,True,1.0,-1.0
29472293,C[C@@H](OCCCCCCN=N#N)C1=CC=NC=C1,C[C@@H](OCCCCCCN=[N+]=[N-])c1ccncc1,58.0,363.59,363.59,58.0,144.03140000000002,144.03140000000002,902.9030470000001,902.9030470000001,C1,True,C1,True,1.0,1.0
29490077,CCCCCCCCCC[C@H](CC=C)OC(C)=O,C=CC[C@@H](CCCCCCCCCC)OC(C)=O,14.5,-2.31,2.31,14.5,36.89002999999999,36.89002999999999,-5.876963399999998,5.876963399999998,C1,True,C1,True,1.0,-1.0
29500326,CC(C)(C)C1=CC=C(C=C1)[C@@H]1CS1,CC(C)(C)c1ccc([C@@H]2CS2)cc1,-3.9,235.98,235.98,3.9,-7.500752999999999,7.500752999999999,453.8532545999999,453.8532545999999,C1,True,C1,True,-1.0,1.0
29500328,FC1=CC=C(C=C1)[C@@H]1CS1,Fc1ccc([C@@H]2CS2)cc1,-23.8,317.21,317.21,23.8,-36.701742,36.701742,489.16636889999995,489.16636889999995,C1,True,C1,True,-1.0,1.0
29500329,BrC1=CC=C(C=C1)[C@@H]1CS1,Brc1ccc([C@@H]2CS2)cc1,18.0,229.05,229.05,18.0,38.720699999999994,38.720699999999994,492.72090749999995,492.72090749999995,C1,True,C1,True,1.0,1.0
29500332,N#CC1=CC=C(C=C1)[C@@H]1CS1,N#Cc1ccc([C@@H]2CS2)cc1,38.6,288.49,288.49,38.6,62.234393999999995,62.234393999999995,465.1295421,465.1295421,C1,True,C1,True,1.0,1.0
29500333,COC1=CC=CC(=C1)[C@@H]1CS1,COc1cccc([C@@H]2CS2)c1,-36.0,217.56,217.56,36.0,-59.84819999999999,59.84819999999999,361.682622,361.682622,C1,True,C1,True,-1.0,1.0
29500334,FC1=CC=CC(=C1)[C@@H]1CS1,Fc1cccc([C@@H]2CS2)c1,-25.8,273.71,273.71,25.8,-39.785922,39.785922,422.0854539,422.0854539,C1,True,C1,True,-1.0,1.0
29500338,CC1=CC(=CC(F)=C1)[C@@H]1CS1,Cc1cc(F)cc([C@@H]2CS2)c1,35.6,365.79,365.79,35.6,59.892016000000005,59.892016000000005,615.3904643999999,615.3904643999999,C1,True,C1,True,1.0,1.0
29500339,ClC1=C(C=CC=C1)[C@@H]1CS1,Clc1ccccc1[C@@H]1CS1,150.0,-3.33,3.33,150.0,255.99599999999995,255.99599999999995,-5.683111199999998,5.683111199999998,C1,True,C1,True,1.0,-1.0
29500341,CC1=CC(C)=C([C@@H]2CS2)C(C)=C1,Cc1cc(C)c([C@@H]2CS2)c(C)c1,168.0,216.39,216.39,168.0,299.544,299.544,385.8233699999999,385.8233699999999,C1,True,C1,True,1.0,1.0
29500342,[H][C@]12CCC3=CC=CC=C3[C@@]1([H])S2,c1ccc2c(c1)CC[C@@H]1S[C@H]21,38.0,145.84,145.84,38.0,61.657659999999986,61.657659999999986,236.63560879999997,236.63560879999997,C1,True,C1,True,1.0,1.0
29554997,C[C@@H]1ON(C)[C@@H]([C@H]1\C=C\C=O)C1=C(C)C=CC=C1,Cc1ccccc1[C@@H]1[C@@H](/C=C/C=O)[C@H](C)ON1C,-72.0,-137.11,137.11,72.0,-176.63184,176.63184,-336.36099420000005,336.36099420000005,C1,True,C1,True,-1.0,-1.0
29588342,C[C@H]1CC(=O)C=C2C[C@@H](O)[C@@H](C[C@]12C)C(=C)CO,C=C(CO)[C@@H]1C[C@@]2(C)C(=CC(=O)C[C@@H]2C)C[C@H]1O,-140.0,22.62,22.62,140.0,-350.4731999999999,350.4731999999999,56.62645559999999,56.62645559999999,C1,True,C1,True,-1.0,1.0
29588343,C[C@H]1C[C@@H](O)C=C2C[C@@H](O)[C@@H](C[C@]12C)C(=C)CO,C=C(CO)[C@@H]1C[C@@]2(C)C(=C[C@H](O)C[C@@H]2C)C[C@H]1O,-52.5,69.03,69.03,52.5,-132.48585,132.48585,174.19996619999998,174.19996619999998,C1,True,C1,True,-1.0,1.0
29588376,C[C@H]1C[C@@H](O)CC2=CC(=O)[C@@H](C[C@]12C)C(C)=C,C=C(C)[C@@H]1C[C@@]2(C)C(=CC1=O)C[C@H](O)C[C@@H]2C,120.0,37.93,37.93,120.0,281.2068,281.2068,88.8847827,88.8847827,C1,True,C1,True,1.0,1.0
29598487,CC(C)[C@H](N)C1=NC(=CO1)C(N)=O,CC(C)[C@H](N)c1nc(C(N)=O)co1,-18.0,76.12,76.12,18.0,-32.977979999999995,32.977979999999995,139.4602132,139.4602132,C1,True,C1,True,-1.0,1.0
29609101,COC1=CC=C(C=C1)[C@@H](O)C1=C(OC)C=CC=C1,COc1ccc([C@@H](O)c2ccccc2OC)cc1,25.37,32.04,32.04,25.37,61.976373,61.976373,78.270516,78.270516,C1,True,C1,True,1.0,1.0
29695994,C[C@H](CO)[C@@H](O)C=C,C=C[C@H](O)[C@H](C)CO,-19.77,-95.72,95.72,19.77,-22.964831999999998,22.964831999999998,-111.18835199999998,111.18835199999998,C1,True,C1,True,-1.0,-1.0
29695998,C[C@@H]([C@@H](O[Si](C)(C)C(C)(C)C)C=C)C(O)=O,C=C[C@H](O[Si](C)(C)C(C)(C)C)[C@H](C)C(=O)O,-3.59,27.09,27.09,3.59,-8.7742113,8.7742113,66.2098563,66.2098563,C1,True,C1,True,-1.0,1.0
29696002,C[C@@H]([C@@H](O)CC=C)C(O)=O,C=CC[C@H](O)[C@H](C)C(=O)O,-3.12,-102.8,102.8,3.12,-4.498104,4.498104,-148.20675999999997,148.20675999999997,C1,True,C1,True,-1.0,-1.0
29701336,[H][C@]1(O[C@H]1\C=C\COC(C)=O)[C@]1([H])O[C@H]1C#C,C#C[C@@H]1O[C@H]1[C@@H]1O[C@H]1/C=C/COC(C)=O,-45.3,-397.19,397.19,45.3,-94.32048899999997,94.32048899999997,-827.0012146999997,827.0012146999997,C1,True,C1,True,-1.0,-1.0
29722245,C[C@H](OC(C)=O)C#CC(=O)OC(C)(C)C,CC(=O)O[C@@H](C)C#CC(=O)OC(C)(C)C,-117.0,27.72,27.72,117.0,-248.32664999999997,248.32664999999997,58.83431399999999,58.83431399999999,C1,True,C1,True,-1.0,1.0
29722247,C[C@H](O)C#CC(=O)OC(C)(C)C,C[C@H](O)C#CC(=O)OC(C)(C)C,-31.8,-24.12,24.12,31.8,-54.126144,54.126144,-41.054169599999994,41.054169599999994,C1,True,C1,True,-1.0,-1.0
29734710,[H][C@@]12CCCN[C@]1([H])C1=C(OC2)C=CC=C1,c1ccc2c(c1)OC[C@@H]1CCCN[C@H]21,-29.2,-98.88,98.88,29.2,-55.26333599999998,55.26333599999998,-187.13831039999994,187.13831039999994,C1,True,C1,True,-1.0,-1.0
29753390,C[C@@](F)(C=O)[C@H](CN(=O)=O)C1=CC=CC=C1,C[C@@](F)(C=O)[C@H](C[N+](=O)[O-])c1ccccc1,-16.0,4.95,4.95,16.0,-36.03504,36.03504,11.148340500000002,11.148340500000002,C1,True,C1,True,-1.0,1.0
29753397,C[C@H]([C@H](C1=CC=CC=C1)[C@](C)(F)C=O)N(=O)=O,C[C@H]([C@H](c1ccccc1)[C@](C)(F)C=O)[N+](=O)[O-],5.0,-23.29,23.29,5.0,11.962299999999997,11.962299999999997,-55.720393399999985,55.720393399999985,C1,True,C1,True,1.0,-1.0
29753410,C[C@@](F)(CO)[C@H](CN(=O)=O)C1=CC=CC=C1,C[C@@](F)(CO)[C@H](C[N+](=O)[O-])c1ccccc1,-9.6,-15.49,15.49,9.6,-21.81456,21.81456,-35.1987015,35.1987015,C1,True,C1,True,-1.0,-1.0
29753435,C[C@@]1(F)CNC[C@@H]1C1=CC=CC=C1,C[C@@]1(F)CNC[C@@H]1c1ccccc1,-55.0,-150.52,150.52,55.0,-98.5809,98.5809,-269.78903760000003,269.78903760000003,C1,True,C1,True,-1.0,-1.0
29753436,C[C@]1(F)CNC[C@@H]1C1=CC=CC=C1,C[C@]1(F)CNC[C@@H]1c1ccccc1,21.0,-58.83,58.83,21.0,37.63998,37.63998,-105.44571539999998,105.44571539999998,C1,True,C1,True,1.0,-1.0
29767464,CC1=CC=C(O[C@H](CCO)C2=CC=CC=C2)C=C1,Cc1ccc(O[C@H](CCO)c2ccccc2)cc1,27.0,5.81,5.81,27.0,65.42586000000001,65.42586000000001,14.078675800000001,14.078675800000001,C1,True,C1,True,1.0,1.0
29767465,CC1=CC=CC(O[C@H](CCO)C2=CC=CC=C2)=C1,Cc1cccc(O[C@H](CCO)c2ccccc2)c1,14.0,-23.87,23.87,14.0,33.92452,33.92452,-57.84130660000001,57.84130660000001,C1,True,C1,True,1.0,-1.0
29767472,OCC[C@@H](OC1=CC=C(F)C=C1)C1=CC=CC=C1,OCC[C@@H](Oc1ccc(F)cc1)c1ccccc1,23.0,121.7,121.7,23.0,56.64463,56.64463,299.723977,299.723977,C1,True,C1,True,1.0,1.0
29767476,OCC[C@@H](OC1=CC=CC=C1)C1=CC(F)=CC=C1,OCC[C@@H](Oc1ccccc1)c1cccc(F)c1,13.0,148.74,148.74,13.0,32.01653,32.01653,366.3183594,366.3183594,C1,True,C1,True,1.0,1.0
29803723,CC[C@H](CO)[C@@H](O)C1=CC=CC(OC)=C1,CC[C@H](CO)[C@@H](O)c1cccc(OC)c1,22.6,64.47,64.47,22.6,47.521697999999994,47.521697999999994,135.56300309999997,135.56300309999997,C1,True,C1,True,1.0,1.0
29809351,N[C@H](C(F)(F)F)[C@]1(F)C(=O)NC2=CC=CC=C12,N[C@H](C(F)(F)F)[C@]1(F)C(=O)Nc2ccccc21,8.6,50.8,50.8,8.6,21.343394000000004,21.343394000000004,126.074932,126.074932,C1,True,C1,True,1.0,1.0
29881180,C[C@H](O)CN1C=C(C)C2=CC=CC=C12,Cc1cn(C[C@H](C)O)c2ccccc12,14.5,160.25,160.25,14.5,27.44241,27.44241,303.285945,303.285945,C1,True,C1,True,1.0,1.0
29886885,CC(C)(C)OC(=O)[C@@H]1N=CO[C@H]1C1=CC=CO1,CC(C)(C)OC(=O)[C@@H]1N=CO[C@H]1c1ccco1,-136.3,-238.92,238.92,136.3,-323.37856500000004,323.37856500000004,-566.849646,566.849646,C1,True,C1,True,-1.0,-1.0
29886887,CC(C)(C)OC(=O)[C@@H]1N=CO[C@H]1C1=CC=CS1,CC(C)(C)OC(=O)[C@@H]1N=CO[C@H]1c1cccs1,-110.1,-145.24,145.24,110.1,-278.90862300000003,278.90862300000003,-367.92632520000006,367.92632520000006,C1,True,C1,True,-1.0,-1.0
29886893,CC(C)(C)OC(=O)[C@@H]1N=CO[C@H]1C1CCCCC1,CC(C)(C)OC(=O)[C@@H]1N=CO[C@H]1C1CCCCC1,-18.2,-272.26,272.26,18.2,-46.108243999999985,46.108243999999985,-689.7489291999998,689.7489291999998,C1,True,C1,True,-1.0,-1.0
29910155,CCCCC[C@@H](O)C#CC(=O)OC,CCCCC[C@@H](O)C#CC(=O)OC,5.6,5.27,5.27,5.6,10.317159999999996,10.317159999999996,9.709184499999997,9.709184499999997,C1,True,C1,True,1.0,1.0
29962243,C[C@@H]1CCN(CC2=CC=CC=C2)CC(=O)N1,C[C@@H]1CCN(Cc2ccccc2)CC(=O)N1,-4.7,66.8,66.8,4.7,-10.2601,10.2601,145.8244,145.8244,C1,True,C1,True,-1.0,1.0
29962254,C[C@@H]1CCN(CC2=CC=CC=C2)C(=O)CN1,C[C@@H]1CCN(Cc2ccccc2)C(=O)CN1,-4.62,-78.86,78.86,4.62,-10.08546,10.08546,-172.15138,172.15138,C1,True,C1,True,-1.0,-1.0
30022066,CC(C)[C@H]1CC[C@](C)([C@@H]1O)C1OCCO1,CC(C)[C@H]1CC[C@@](C)(C2OCCO2)[C@@H]1O,25.2,101.62,101.62,25.2,54.00485999999999,54.00485999999999,217.77674100000002,217.77674100000002,C1,True,C1,True,1.0,1.0
30024094,COC[C@@H]1OC(C)(C)O[C@H]1C(=O)OC,COC[C@@H]1OC(C)(C)O[C@H]1C(=O)OC,-15.5,22.57,22.57,15.5,-31.65441,31.65441,46.0929054,46.0929054,C1,True,C1,True,-1.0,1.0
30024098,COC(=O)[C@]1(CO)OC(C)(C)O[C@H]1CO,COC(=O)[C@]1(CO)OC(C)(C)O[C@H]1CO,6.1,1.97,1.97,6.1,13.433480999999997,13.433480999999997,4.3383537,4.3383537,C1,True,C1,True,1.0,1.0
30024136,COC[C@@H]1OC(C)(C)O[C@H]1C(O)=O,COC[C@@H]1OC(C)(C)O[C@H]1C(=O)O,-1.2,28.98,28.98,1.2,-2.2823399999999996,2.2823399999999996,55.118511,55.118511,C1,True,C1,True,-1.0,1.0
30032136,COC1=CC=C(C=C1)[C@]1(O)COC2=CC=CC=C12,COc1ccc([C@]2(O)COc3ccccc32)cc1,-41.5,-21.42,21.42,41.5,-100.54370999999999,100.54370999999999,-51.895090800000006,51.895090800000006,C1,True,C1,True,-1.0,-1.0
30054933,C[C@@H]1CC(CO1)(C1=CC=CC=C1)C1=CC=CC=C1,C[C@@H]1CC(c2ccccc2)(c2ccccc2)CO1,-45.9,-350.05,350.05,45.9,-109.39347,109.39347,-834.2741649999999,834.2741649999999,C1,True,C1,True,-1.0,-1.0
30069024,C[C@]12N=C3CCCCC3=C1C=CC1=CC=CC=C21,C[C@]12N=C3CCCCC3=C1C=Cc1ccccc12,621.0,1188.42,1188.42,621.0,1461.3993000000003,1461.3993000000003,2796.7087860000006,2796.7087860000006,C1,True,C1,True,1.0,1.0
30069028,C[C@@]12N=C3CCCCCC3=C1C=CC1=CC=CC=C21,C[C@@]12N=C3CCCCCC3=C1C=Cc1ccccc12,-435.0,-1678.23,1678.23,435.0,-1084.70295,1084.70295,-4184.7839811,4184.7839811,C1,True,C1,True,-1.0,-1.0
30069031,C[C@@]12N=C3CCSCC3=C1C=CC1=CC=CC=C21,C[C@@]12N=C3CCSCC3=C1C=Cc1ccccc12,-662.0,-1647.47,1647.47,662.0,-1677.3094000000003,1677.3094000000003,-4174.1947390000005,4174.1947390000005,C1,True,C1,True,-1.0,-1.0
30069092,C[C@@]12C=CC3=C(C=CC=C3)C1=NC1=C2CCCC1,C[C@@]12C=Cc3ccccc3C1=NC1=C2CCCC1,-40.0,191.39,191.39,40.0,-94.13199999999998,94.13199999999998,450.3980869999998,450.3980869999998,C1,True,C1,True,-1.0,1.0
30071478,C=CCN1C[C@@H](C=C)N2C(=CC3=CC=CC=C23)C1=O,C=CCN1C[C@@H](C=C)n2c(cc3ccccc32)C1=O,29.7,476.78,476.78,29.7,74.93814900000001,74.93814900000001,1202.9969925999999,1202.9969925999999,C1,True,C1,True,1.0,1.0
30096418,CC(=O)[C@]1(C)C(=O)OC2=CC=CC=C12,CC(=O)[C@]1(C)C(=O)Oc2ccccc21,-37.9,423.89,423.89,37.9,-72.085042,72.085042,806.2303022,806.2303022,C1,True,C1,True,-1.0,1.0
30104443,C[C@H](O)C1(CC1)C1=CC=CC=C1,C[C@H](O)C1(c2ccccc2)CC1,-22.6,-11.72,11.72,22.6,-36.66443199999999,36.66443199999999,-19.013590399999995,19.013590399999995,C1,True,C1,True,-1.0,-1.0
30131014,COC(=O)C#C[C@@H](O)C=C,C=C[C@H](O)C#CC(=O)OC,33.7,-234.17,234.17,33.7,47.226506,47.226506,-328.1611545999999,328.1611545999999,C1,True,C1,True,1.0,-1.0
30132521,CC1=C(O[C@@H](CC#N)C2=CC=CC=C2)C=CC=C1,Cc1ccccc1O[C@@H](CC#N)c1ccccc1,64.6,151.65,151.65,64.6,153.29709199999996,153.29709199999996,359.86848299999997,359.86848299999997,C1,True,C1,True,1.0,1.0
30132543,CO[C@H](CC#N)C1=CC=CC=C1,CO[C@H](CC#N)c1ccccc1,-88.4,160.8,160.8,88.4,-142.50433600000002,142.50433600000002,259.21603200000004,259.21603200000004,C1,True,C1,True,-1.0,1.0
30132545,CC(C)O[C@@H](CC#N)C1=CC=CC=C1,CC(C)O[C@@H](CC#N)c1ccccc1,-72.0,-175.18,175.18,72.0,-136.26576000000003,136.26576000000003,-331.5421644000001,331.5421644000001,C1,True,C1,True,-1.0,-1.0
30132547,FC(F)(F)CO[C@@H](CC#N)C1=CC=CC=C1,N#CC[C@H](OCC(F)(F)F)c1ccccc1,-83.6,-85.93,85.93,83.6,-191.61203600000002,191.61203600000002,-196.95241930000003,196.95241930000003,C1,True,C1,True,-1.0,-1.0
30132551,N#CC[C@H](N1C=CC=C1)C1=CC=CC=C1,N#CC[C@@H](c1ccccc1)n1cccc1,32.6,-203.19,203.19,32.6,63.978478,63.978478,-398.7664707,398.7664707,C1,True,C1,True,1.0,-1.0
30132556,CCOC(=O)C[C@@H](C)OC1=CC=CC=C1,CCOC(=O)C[C@@H](C)Oc1ccccc1,10.8,77.15,77.15,10.8,22.491756,22.491756,160.6702755,160.6702755,C1,True,C1,True,1.0,1.0
30134578,CC(=O)N[C@H](CN(=O)=O)C1=CC=C(Cl)C=C1,CC(=O)N[C@H](C[N+](=O)[O-])c1ccc(Cl)cc1,70.0,31.05,31.05,70.0,169.8634,169.8634,75.346551,75.346551,C1,True,C1,True,1.0,1.0
30134579,CC(=O)N[C@H](CN(=O)=O)C1=CC=C(F)C=C1,CC(=O)N[C@H](C[N+](=O)[O-])c1ccc(F)cc1,54.5,-12.78,12.78,54.5,123.28281499999999,123.28281499999999,-28.9092546,28.9092546,C1,True,C1,True,1.0,-1.0
30151652,CCCCCCC[C@H](CC)CO,CCCCCCC[C@H](CC)CO,-1.5,44.37,44.37,1.5,-2.5846799999999996,2.5846799999999996,76.4548344,76.4548344,C1,True,C1,True,-1.0,1.0
30151654,CC[C@H](CO)C1CCCCCCC1,CC[C@H](CO)C1CCCCCCC1,2.5,123.74,123.74,2.5,4.608074999999998,4.608074999999998,228.0812801999999,228.0812801999999,C1,True,C1,True,1.0,1.0
30151656,OCC[C@H](CO)C1CCCCCCC1,OCC[C@H](CO)C1CCCCCCC1,-7.5,58.82,58.82,7.5,-15.024149999999993,15.024149999999993,117.82940039999995,117.82940039999995,C1,True,C1,True,-1.0,1.0
30210439,C[C@@H](COCCO)CC(=O)N1N=C(C)C=C1C,Cc1cc(C)n(C(=O)C[C@@H](C)COCCO)n1,14.5,15.25,15.25,14.5,34.843934999999995,34.843934999999995,36.646207499999996,36.646207499999996,C1,True,C1,True,1.0,1.0
30210440,CC[C@@H](COCCO)CC(=O)N1N=C(C)C=C1C,CC[C@@H](COCCO)CC(=O)n1nc(C)cc1C,14.0,29.88,29.88,14.0,35.6062,35.6062,75.993804,75.993804,C1,True,C1,True,1.0,1.0
30228450,CC(C)[C@H](N)C1=NC(=CO1)C1=NC(C)(C)CO1,CC(C)[C@H](N)c1nc(C2=NC(C)(C)CO2)co1,5.0,-1.11,1.11,5.0,11.865149999999998,11.865149999999998,-2.6340632999999998,2.6340632999999998,C1,True,C1,True,1.0,-1.0
30228451,CN[C@@H](C(C)C)C1=NC(=CO1)C1=NC(C)(C)CO1,CN[C@H](c1nc(C2=NC(C)(C)CO2)co1)C(C)C,-38.0,4.38,4.38,38.0,-95.5054,95.5054,11.008253999999999,11.008253999999999,C1,True,C1,True,-1.0,1.0
30267319,CC[C@@H]1CCC2=C1C=C(OC)C=C2,CC[C@@H]1CCc2ccc(OC)cc21,-10.04,-56.0,56.0,10.04,-17.696403599999996,17.696403599999996,-98.70504,98.70504,C1,True,C1,True,-1.0,-1.0
30286778,CN1C=CN=C1[C@](O)(C#CC1CC1)C(F)(F)F,Cn1ccnc1[C@](O)(C#CC1CC1)C(F)(F)F,48.7,-148.96,148.96,48.7,118.93319199999996,118.93319199999996,-363.7841535999999,363.7841535999999,C1,True,C1,True,1.0,-1.0
30332170,CC[C@@H]1CCC2=C(OC)C=CC=C12,CC[C@@H]1CCc2c(OC)cccc21,-9.6,-35.17,35.17,9.6,-16.920864,16.920864,-61.990290300000005,61.990290300000005,C1,True,C1,True,-1.0,-1.0
30339548,CCCC[C@@H]1[C@@H](O)CCC[C@@]11CCCC(=O)N1,CCCC[C@@H]1[C@@H](O)CCC[C@@]12CCCC(=O)N2,71.03,118.65,118.65,71.03,170.01669769999992,170.01669769999992,283.9994534999999,283.9994534999999,C1,True,C1,True,1.0,1.0
30349885,OCC[C@H]1O[C@H]1C\C=C/CC=C,C=CC/C=C\C[C@@H]1O[C@@H]1CCO,12.7,305.8,305.8,12.7,21.365971999999992,21.365971999999992,514.4656879999999,514.4656879999999,C1,True,C1,True,1.0,1.0
30352769,C[C@H](F)CNS(=O)(=O)C1=CC=C(C)C=C1,Cc1ccc(S(=O)(=O)NC[C@H](C)F)cc1,77.7,172.94,172.94,77.7,179.713884,179.713884,399.9963848,399.9963848,C1,True,C1,True,1.0,1.0
30382638,C\C(C=C)=C/[C@H]1CCCO[C@@H]1C1=CC=C(C)C=C1,C=C/C(C)=C/[C@H]1CCCO[C@@H]1c1ccc(C)cc1,3.74,37.56,37.56,3.74,9.0643388,9.0643388,91.0311672,91.0311672,C1,True,C1,True,1.0,1.0
30382711,C\C(C=C)=C/[C@H]1CCO[C@@H]1C1=CC=CC=C1,C=C/C(C)=C/[C@H]1CCO[C@@H]1c1ccccc1,89.4,69.19,69.19,89.4,191.59135200000003,191.59135200000003,148.2797052,148.2797052,C1,True,C1,True,1.0,1.0
30382712,C\C(C=C)=C/[C@H]1CCO[C@@H]1C1=CC=C(F)C=C1,C=C/C(C)=C/[C@H]1CCO[C@@H]1c1ccc(F)cc1,74.8,61.44,61.44,74.8,173.758904,173.758904,142.7238912,142.7238912,C1,True,C1,True,1.0,1.0
30382713,C\C(C=C)=C/[C@H]1CCO[C@@H]1C1=CC=C(C=C1)C#C,C#Cc1ccc([C@H]2OCC[C@@H]2/C=C(\C)C=C)cc1,138.2,130.52,130.52,138.2,329.37206,329.37206,311.06831600000004,311.06831600000004,C1,True,C1,True,1.0,1.0
30382714,C\C(C=C)=C/[C@H]1CCO[C@@H]1C1=CC=CC(C=C)=C1,C=C/C(C)=C/[C@H]1CCO[C@@H]1c1cccc(C=C)c1,65.6,262.87,262.87,65.6,157.666976,157.666976,631.7975302,631.7975302,C1,True,C1,True,1.0,1.0
30382715,C\C(C=C)=C/[C@H]1CCO[C@@H]1C1=CC=CC(C)=C1,C=C/C(C)=C/[C@H]1CCO[C@@H]1c1cccc(C)c1,85.0,-89.12,89.12,85.0,194.08475,194.08475,-203.49215200000003,203.49215200000003,C1,True,C1,True,1.0,-1.0
30382716,C\C(C=C)=C/[C@H]1CCO[C@@H]1C1=CC=C(C)C(C)=C1,C=C/C(C)=C/[C@H]1CCO[C@@H]1c1ccc(C)c(C)c1,82.6,-24.96,24.96,82.6,200.19101199999997,200.19101199999997,-60.4935552,60.4935552,C1,True,C1,True,1.0,-1.0
30382717,C\C(C=C)=C/[C@H]1CCO[C@@H]1C1=COC=C1,C=C/C(C)=C/[C@H]1CCO[C@@H]1c1ccoc1,55.8,-69.07,69.07,55.8,113.982102,113.982102,-141.0885983,141.0885983,C1,True,C1,True,1.0,-1.0
30382719,C\C(C=C)=C/[C@H]1CCO[C@@H]1C1=CC=CS1,C=C/C(C)=C/[C@H]1CCO[C@@H]1c1cccs1,97.5,56.25,56.25,97.5,214.82857500000003,214.82857500000003,123.93956250000001,123.93956250000001,C1,True,C1,True,1.0,1.0
30382723,C\C(C=C)=C/[C@H]1CCO[C@@H]1\C=C\C1=CC=CC=C1,C=C/C(C)=C/[C@H]1CCO[C@@H]1/C=C/c1ccccc1,93.2,102.11,102.11,93.2,224.00247200000004,224.00247200000004,245.4173006,245.4173006,C1,True,C1,True,1.0,1.0
30382725,CC1=CC=C(C=C1)[C@H]1OCC[C@@H]1\C=C\C=C,C=C/C=C/[C@H]1CCO[C@@H]1c1ccc(C)cc1,89.6,-4.61,4.61,89.6,192.01996799999998,192.01996799999998,-9.8795988,9.8795988,C1,True,C1,True,1.0,-1.0
30382727,CC(=C)\C=C\[C@H]1CCO[C@@H]1C1=CC=C(C)C=C1,C=C(C)/C=C/[C@H]1CCO[C@@H]1c1ccc(C)cc1,90.8,60.64,60.64,90.8,207.32818,207.32818,138.462344,138.462344,C1,True,C1,True,1.0,1.0
30382729,CC\C(C=C)=C/[C@H]1CCO[C@@H]1C1=CC=C(C)C=C1,C=C/C(=C/[C@H]1CCO[C@@H]1c1ccc(C)cc1)CC,88.4,-76.54,76.54,88.4,214.248008,214.248008,-185.5038748,185.5038748,C1,True,C1,True,1.0,-1.0
30382731,C\C=C\C(\C)=C\[C@H]1CCO[C@@H]1C1=CC=C(C)C=C1,C/C=C/C(C)=C/[C@H]1CCO[C@@H]1c1ccc(C)cc1,138.7,187.14,187.14,138.7,336.15609399999994,336.15609399999994,453.55624679999994,453.55624679999994,C1,True,C1,True,1.0,1.0
30382733,CC(=C)\C=C\[C@@]1(C)CCO[C@@H]1C1=CC=C(C)C=C1,C=C(C)/C=C/[C@@]1(C)CCO[C@@H]1c1ccc(C)cc1,69.7,138.74,138.74,69.7,168.92631400000002,168.92631400000002,336.2530388,336.2530388,C1,True,C1,True,1.0,1.0
30382736,CC1=CC=C(C=C1)[C@H]1OCC[C@@H]1\C=C1/CCCC=C1,Cc1ccc([C@H]2OCC[C@@H]2/C=C2/C=CCCC2)cc1,13.1,-280.71,280.71,13.1,33.322863,33.322863,-714.0504483,714.0504483,C1,True,C1,True,1.0,-1.0
30382737,C[C@@H]1CO[C@@H]([C@H]1\C=C(/C)C=C)C1=CC=C(C)C=C1,C=C/C(C)=C/[C@H]1[C@H](C)CO[C@@H]1c1ccc(C)cc1,41.4,42.88,42.88,41.4,100.337868,100.337868,103.9248256,103.9248256,C1,True,C1,True,1.0,1.0
30382738,C[C@H]1C[C@H](\C=C(/C)C=C)[C@H](O1)C1=CC=C(C)C=C1,C=C/C(C)=C/[C@H]1C[C@H](C)O[C@@H]1c1ccc(C)cc1,96.8,169.67,169.67,96.8,234.606416,234.606416,411.21560539999996,411.21560539999996,C1,True,C1,True,1.0,1.0
30382739,C\C(C=C)=C/[C@H]1CCO[C@H]1CCC1=CC=CC=C1,C=C/C(C)=C/[C@H]1CCO[C@H]1CCc1ccccc1,-62.3,-389.12,389.12,62.3,-150.991526,150.991526,-943.0790144,943.0790144,C1,True,C1,True,-1.0,-1.0
30382742,CCCC[C@@H]1OCC[C@@H]1\C=C(/C)C=C,C=C/C(C)=C/[C@H]1CCO[C@H]1CCCC,-20.9,242.06,242.06,20.9,-40.61246199999999,40.61246199999999,470.3661507999999,470.3661507999999,C1,True,C1,True,-1.0,1.0
30382744,CC(C)C[C@@H]1OCC[C@@H]1\C=C(/C)C=C,C=C/C(C)=C/[C@H]1CCO[C@H]1CC(C)C,-31.2,90.79,90.79,31.2,-60.62721599999999,60.62721599999999,176.4213122,176.4213122,C1,True,C1,True,-1.0,1.0
30382747,C\C(C=C)=C/[C@H]1CCO[C@H]1C1CCCCC1,C=C/C(C)=C/[C@H]1CCO[C@H]1C1CCCCC1,23.66,59.14,59.14,23.66,52.136229599999986,52.136229599999986,130.31853839999997,130.31853839999997,C1,True,C1,True,1.0,1.0
30382749,C\C(C=C)=C/[C@H]1CCO[C@H]1C(C)(C)C,C=C/C(C)=C/[C@H]1CCO[C@H]1C(C)(C)C,57.5,79.51,79.51,57.5,111.73285,111.73285,154.50224179999998,154.50224179999998,C1,True,C1,True,1.0,1.0
30382752,C\C(C=C)=C/[C@H]1CCO[C@@H]1C1=CC=C(C)C=C1,C=C/C(C)=C/[C@H]1CCO[C@@H]1c1ccc(C)cc1,87.4,1.52,1.52,87.4,199.56479000000002,199.56479000000002,3.470692,3.470692,C1,True,C1,True,1.0,1.0
30382754,C\C(C=C)=C/[C@H]1CCO[C@@H]1C1=CC=C(Cl)C=C1,C=C/C(C)=C/[C@H]1CCO[C@@H]1c1ccc(Cl)cc1,99.0,100.21,100.21,99.0,246.26547000000002,246.26547000000002,249.27538130000002,249.27538130000002,C1,True,C1,True,1.0,1.0
30382757,C\C(C=C)=C/[C@H]1CCO[C@@H]1C1=CC(C)=CC(C)=C1,C=C/C(C)=C/[C@H]1CCO[C@@H]1c1cc(C)cc(C)c1,71.1,-37.05,37.05,71.1,172.31938199999996,172.31938199999996,-89.795121,89.795121,C1,True,C1,True,1.0,-1.0
30382759,C\C(C=C)=C/[C@H]1CCO[C@@H]1C1=CC=CO1,C=C/C(C)=C/[C@H]1CCO[C@@H]1c1ccco1,108.7,191.67,191.67,108.7,222.040403,222.040403,391.5223923,391.5223923,C1,True,C1,True,1.0,1.0
30382762,C\C(C=C)=C/[C@H]1CCO[C@@H]1C1=CSC=C1,C=C/C(C)=C/[C@H]1CCO[C@@H]1c1ccsc1,74.8,-35.98,35.98,74.8,164.81207600000002,164.81207600000002,-79.2772526,79.2772526,C1,True,C1,True,1.0,-1.0
30382764,C\C(C=C)=C/[C@H]1CCO[C@@H]1C1=CC=C(C)O1,C=C/C(C)=C/[C@H]1CCO[C@@H]1c1ccc(C)o1,124.5,-129.74,129.74,124.5,271.77852,271.77852,-283.2172304,283.2172304,C1,True,C1,True,1.0,-1.0
30391808,[H][C@]12C[C@@]3(C)O[C@]1(CC(=O)O2)CC1=C(C)C(=O)C[C@@]31[H],CC1=C2C[C@]34CC(=O)O[C@H]3C[C@@](C)(O4)[C@@H]2CC1=O,99.0,199.53,199.53,99.0,245.79521999999997,245.79521999999997,495.3890933999999,495.3890933999999,C1,True,C1,True,1.0,1.0
30450452,CC1=CC=C(C=C1)[C@@H](CN(=O)=O)C1=C(C)C=CC=C1,Cc1ccc([C@@H](C[N+](=O)[O-])c2ccccc2C)cc1,-57.2,369.01,369.01,57.2,-146.04132400000003,146.04132400000003,942.1452617000001,942.1452617000001,C1,True,C1,True,-1.0,1.0
30470892,COC1=CC2=C(C=C1)C=C(C=C2)[C@@H](O)CC=C,C=CC[C@H](O)c1ccc2cc(OC)ccc2c1,-57.2,108.01,108.01,57.2,-130.582452,130.582452,246.57710909999997,246.57710909999997,C1,True,C1,True,-1.0,1.0
30472358,C[C@H](F)C(=O)C1=NC=CN1C1=CC=CC=C1,C[C@H](F)C(=O)c1nccn1-c1ccccc1,21.649,869.51,869.51,21.649,47.24482919,47.24482919,1897.5403680999998,1897.5403680999998,C1,True,C1,True,1.0,1.0
30472359,CN1C=CN=C1C(=O)[C@@H](F)C1=CC=CC=C1,Cn1ccnc1C(=O)[C@@H](F)c1ccccc1,203.15,-67.22,67.22,203.15,443.3362765,443.3362765,-146.6948782,146.6948782,C1,True,C1,True,1.0,-1.0
30472361,C[C@H](F)C(=O)C1=NC2=CC=CC=C2C=C1,C[C@H](F)C(=O)c1ccc2ccccc2n1,-63.0,-225.7,225.7,63.0,-128.02608,128.02608,-458.658512,458.658512,C1,True,C1,True,-1.0,-1.0
30472364,CC[C@H](F)C(=O)C1=NC=CN1C1=CC=CC=C1,CC[C@H](F)C(=O)c1nccn1-c1ccccc1,39.0,859.52,859.52,39.0,90.58062,90.58062,1996.3039616,1996.3039616,C1,True,C1,True,1.0,1.0
30472367,CC(C)N1C=CN=C1C(=O)[C@@H](F)C1=CC=CC=C1,CC(C)n1ccnc1C(=O)[C@@H](F)c1ccccc1,150.0,151.94,151.94,150.0,369.4275,369.4275,374.205429,374.205429,C1,True,C1,True,1.0,1.0
30498022,[H][C@@]1(CC(=O)C=C1C)[C@]1(C)CC(=O)NC1=O,CC1=CC(=O)C[C@@H]1[C@]1(C)CC(=O)NC1=O,-112.0,-42.02,42.02,112.0,-232.09647999999999,232.09647999999999,-87.0776258,87.0776258,C1,True,C1,True,-1.0,-1.0
30498023,[H][C@@]1(CC(=O)C=C1C)[C@]1(C)CC(=O)N(C)C1=O,CC1=CC(=O)C[C@@H]1[C@]1(C)CC(=O)N(C)C1=O,-265.0,-225.69,225.69,265.0,-586.3283999999999,586.3283999999999,-499.3526663999999,499.3526663999999,C1,True,C1,True,-1.0,-1.0
30498034,CN1C(=O)C[C@@](C)(C2=CC(=O)CC2)C1=O,CN1C(=O)C[C@@](C)(C2=CC(=O)CC2)C1=O,-10.0,-10.75,10.75,10.0,-20.722899999999996,20.722899999999996,-22.277117499999996,22.277117499999996,C1,True,C1,True,-1.0,-1.0
30528391,CC(C)(C)OC(=O)N[C@@H]1CC=CC2=CC=CC=C12,CC(C)(C)OC(=O)N[C@@H]1CC=Cc2ccccc21,52.02,-65.48,65.48,52.02,127.61650440000001,127.61650440000001,-160.63684560000002,160.63684560000002,C1,True,C1,True,1.0,-1.0
30544531,C[C@]1(CC=C)[C@H](O)COC1=O,C=CC[C@]1(C)C(=O)OC[C@H]1O,-12.0,-13.18,13.18,12.0,-18.741719999999997,18.741719999999997,-20.584655799999997,20.584655799999997,C1,True,C1,True,-1.0,-1.0
30623065,[H][C@]12COC(=O)C(C)=C1CC[C@@]2(C)O,CC1=C2CC[C@@](C)(O)[C@H]2COC1=O,100.62,95.19,95.19,100.62,183.3487578,183.3487578,173.45426609999996,173.45426609999996,C1,True,C1,True,1.0,1.0
30623066,[H][C@]12CC[C@@](C)(O)[C@@]1([H])COC(=O)[C@H]2C,C[C@@H]1C(=O)OC[C@H]2[C@@H]1CC[C@@]2(C)O,166.8,136.99,136.99,166.8,307.30398,307.30398,252.38352650000002,252.38352650000002,C1,True,C1,True,1.0,1.0
30753744,CON(C)C(=O)C[C@H](O)CC\C(C)=C\C=C,C=C/C=C(\C)CC[C@@H](O)CC(=O)N(C)OC,42.4,-366.14,366.14,42.4,96.37689599999997,96.37689599999997,-832.2508655999998,832.2508655999998,C1,True,C1,True,1.0,-1.0
30768396,C[C@H](NC(=O)N(C)C1=CC=CC=C1)C1=CC=CN=C1,C[C@H](NC(=O)N(C)c1ccccc1)c1cccnc1,90.0,-208.68,208.68,90.0,229.78890000000004,229.78890000000004,-532.8038628,532.8038628,C1,True,C1,True,1.0,-1.0
30792852,FC(F)(F)[S@@](=O)C1=CC=CC=C1,O=[S@@](c1ccccc1)C(F)(F)F,197.0,316.09,316.09,197.0,382.52868999999987,382.52868999999987,613.7740792999997,613.7740792999997,C1,True,C1,True,1.0,1.0
30796979,C[C@]1(C(=O)OCC=C)C(=O)OC2=C1C=CC=C2,C=CCOC(=O)[C@@]1(C)C(=O)Oc2ccccc21,-46.3,-375.3,375.3,46.3,-107.52480499999997,107.52480499999997,-871.577955,871.577955,C1,True,C1,True,-1.0,-1.0
30796980,CC[C@]1(C(=O)OCC=C)C(=O)OC2=C1C=CC=C2,C=CCOC(=O)[C@@]1(CC)C(=O)Oc2ccccc21,-3.9,-190.38,190.38,3.9,-9.604218,9.604218,-468.83359559999997,468.83359559999997,C1,True,C1,True,-1.0,-1.0
30796984,CC1=CC2=C(OC(=O)[C@]2(C)C(=O)OCC=C)C=C1,C=CCOC(=O)[C@@]1(C)C(=O)Oc2ccc(C)cc21,-5.0,-316.25,316.25,5.0,-12.313099999999999,12.313099999999999,-778.803575,778.803575,C1,True,C1,True,-1.0,-1.0
30796985,CC1=CC2=C(C=C1)[C@@](C)(C(=O)OCC=C)C(=O)O2,C=CCOC(=O)[C@@]1(C)C(=O)Oc2cc(C)ccc21,-25.9,-209.17,209.17,25.9,-63.78185799999999,63.78185799999999,-515.1062253999999,515.1062253999999,C1,True,C1,True,-1.0,-1.0
30796986,CC1=CC=CC2=C1OC(=O)[C@]2(C)C(=O)OCC=C,C=CCOC(=O)[C@@]1(C)C(=O)Oc2c(C)cccc21,-104.1,-396.47,396.47,104.1,-256.35874199999995,256.35874199999995,-976.3549514,976.3549514,C1,True,C1,True,-1.0,-1.0
30802721,CC(C)C[C@@H](CCC=C)NS(C)(=O)=O,C=CCC[C@H](CC(C)C)NS(C)(=O)=O,40.5,-175.56,175.56,40.5,88.83675,88.83675,-385.09085999999996,385.09085999999996,C1,True,C1,True,1.0,-1.0
30802723,CC[C@H](C)[C@@H](CCC=C)NS(C)(=O)=O,C=CCC[C@@H](NS(C)(=O)=O)[C@@H](C)CC,8.97,136.82,136.82,8.97,19.675694999999997,19.675694999999997,300.11466999999993,300.11466999999993,C1,True,C1,True,1.0,1.0
30802727,CC(C)C[C@H]1CC[C@H](C)N1S(C)(=O)=O,CC(C)C[C@H]1CC[C@H](C)N1S(C)(=O)=O,62.3,131.9,131.9,62.3,136.65504999999996,136.65504999999996,289.32264999999995,289.32264999999995,C1,True,C1,True,1.0,1.0
30802728,[H][C@@]1(CC[C@H](C)N1S(C)(=O)=O)[C@@H](C)CC,CC[C@H](C)[C@H]1CC[C@H](C)N1S(C)(=O)=O,75.3,117.87,117.87,75.3,165.17054999999996,165.17054999999996,258.547845,258.547845,C1,True,C1,True,1.0,1.0
30862770,C[C@@H](N\C(C)=C(\C)C(C)=O)C1=CC=CC=C1,CC(=O)/C(C)=C(/C)N[C@H](C)c1ccccc1,-629.0,245.59,245.59,629.0,-1366.8924800000002,1366.8924800000002,533.6965408,533.6965408,C1,True,C1,True,-1.0,1.0
30862772,CC[C@@H](N\C(C)=C(\C)C(C)=O)C1=CC=CC=C1,CC[C@@H](N/C(C)=C(/C)C(C)=O)c1ccccc1,-486.0,-691.36,691.36,486.0,-1124.30754,1124.30754,-1599.3853104,1599.3853104,C1,True,C1,True,-1.0,-1.0
30862774,C[C@@H](N\C(C)=C(\C)C(C)=O)C1=CC=CC=C1F,CC(=O)/C(C)=C(/C)N[C@H](C)c1ccccc1F,-557.0,103.99,103.99,557.0,-1310.63214,1310.63214,244.69054979999999,244.69054979999999,C1,True,C1,True,-1.0,1.0
30862776,C[C@@H](N\C(C)=C(\C)C(C)=O)C1=CC=CC(C)=C1,CC(=O)/C(C)=C(/C)N[C@H](C)c1cccc(C)c1,-567.0,-852.46,852.46,567.0,-1311.69213,1311.69213,-1972.0724394000001,1972.0724394000001,C1,True,C1,True,-1.0,-1.0
30862778,C[C@@H](N\C(C)=C(\C)C(C)=O)C1=CC=CC(F)=C1,CC(=O)/C(C)=C(/C)N[C@H](C)c1cccc(F)c1,-548.0,173.07,173.07,548.0,-1289.45496,1289.45496,407.2371714,407.2371714,C1,True,C1,True,-1.0,1.0
30862780,C[C@@H](N\C(C)=C(\C)C(C)=O)C1=CC=C(C)C=C1,CC(=O)/C(C)=C(/C)N[C@H](C)c1ccc(C)cc1,-623.0,187.52,187.52,623.0,-1441.2419699999998,1441.2419699999998,433.8068928,433.8068928,C1,True,C1,True,-1.0,1.0
30862782,CC(C)CC[C@@H](C)N\C(C)=C(\C)C(C)=O,CC(=O)/C(C)=C(/C)N[C@H](C)CCC(C)C,-94.0,146.88,146.88,94.0,-198.66805999999997,198.66805999999997,310.42941119999995,310.42941119999995,C1,True,C1,True,-1.0,1.0
30862783,C[C@H](CCC1=CC=CC=C1)N\C(C)=C(\C)C(C)=O,CC(=O)/C(C)=C(/C)N[C@H](C)CCc1ccccc1,-190.0,-68.28,68.28,190.0,-466.19539999999995,466.19539999999995,-167.5359048,167.5359048,C1,True,C1,True,-1.0,-1.0
30862785,CCCCC[C@@H](C)N\C(C)=C(\C)C(C)=O,CCCCC[C@@H](C)N/C(C)=C(/C)C(C)=O,-90.0,109.73,109.73,90.0,-190.21409999999997,190.21409999999997,231.91325769999995,231.91325769999995,C1,True,C1,True,-1.0,1.0
30862787,CCC[C@@H](C)N\C(C)=C(\C)C(C)=O,CCC[C@@H](C)N/C(C)=C(/C)C(C)=O,-67.0,-318.4,318.4,67.0,-122.80765,122.80765,-583.6112799999999,583.6112799999999,C1,True,C1,True,-1.0,-1.0
30862789,CC(C)C[C@@H](C)N\C(C)=C(\C)C(C)=O,CC(=O)/C(C)=C(/C)N[C@H](C)CC(C)C,-60.0,23.77,23.77,60.0,-118.39319999999998,118.39319999999998,46.903439399999996,46.903439399999996,C1,True,C1,True,-1.0,1.0
30862791,CC(C)CCC[C@@H](C)N\C(C)=C(\C)C(C)=O,CC(=O)/C(C)=C(/C)N[C@H](C)CCCC(C)C,-99.0,144.01,144.01,99.0,-223.12223999999995,223.12223999999995,324.5639775999999,324.5639775999999,C1,True,C1,True,-1.0,1.0
30862795,CC(C)CC[C@H](C)NC(=O)C1=CC=CC=C1,CC(C)CC[C@H](C)NC(=O)c1ccccc1,6.0,23.3,23.3,6.0,13.159680000000002,13.159680000000002,51.103424000000004,51.103424000000004,C1,True,C1,True,1.0,1.0
30862796,CC(C)CCC[C@H](C)NC(=O)C1=CC=CC=C1,CC(C)CCC[C@H](C)NC(=O)c1ccccc1,13.0,-50.37,50.37,13.0,30.336150000000004,30.336150000000004,-117.5409135,117.5409135,C1,True,C1,True,1.0,-1.0
30887909,C[C@@]1(OC(=S)NC2=C1C=CC=C2)C1=CC=CC=C1,C[C@]1(c2ccccc2)OC(=S)Nc2ccccc21,23.0,-375.24,375.24,23.0,58.72866,58.72866,-958.1453208,958.1453208,C1,True,C1,True,1.0,-1.0
30899827,[H][C@@]12C[C@@]3([H])CC[C@](C)(OC3(C)C)[C@]1(O)CC[C@@H]2C,C[C@H]1CC[C@]2(O)[C@H]1C[C@H]1CC[C@]2(C)OC1(C)C,-17.0,-13.76,13.76,17.0,-40.52306999999999,40.52306999999999,-32.79984959999999,32.79984959999999,C1,True,C1,True,-1.0,-1.0
30976969,O=C1C[C@H](C2=CC=CS2)C2=C(O1)C(=O)CCC2,O=C1C[C@H](c2cccs2)C2=C(O1)C(=O)CCC2,-168.1,-544.29,544.29,168.1,-417.3973429999998,417.3973429999998,-1351.4883986999994,1351.4883986999994,C1,True,C1,True,-1.0,-1.0
30976971,CCCCCC[C@H]1CC(=O)OC2=C1CCCC2=O,CCCCCC[C@H]1CC(=O)OC2=C1CCCC2=O,-37.8,5.49,5.49,37.8,-94.62776399999997,94.62776399999997,13.743556199999999,13.743556199999999,C1,True,C1,True,-1.0,1.0
30976972,O=C1C[C@H](C2CCCC2)C2=C(O1)C(=O)CCC2,O=C1C[C@H](C2CCCC2)C2=C(O1)C(=O)CCC2,-56.3,-24.42,24.42,56.3,-131.90808499999997,131.90808499999997,-57.21483899999999,57.21483899999999,C1,True,C1,True,-1.0,-1.0
30976973,O=C1C[C@H](C2CC2)C2=C(O1)C(=O)CCC2,O=C1C[C@H](C2CC2)C2=C(O1)C(=O)CCC2,-115.7,-116.79,116.79,115.7,-238.62083699999997,238.62083699999997,-240.86886389999995,240.86886389999995,C1,True,C1,True,-1.0,-1.0
30976975,O=C1C[C@@H](C2=C(O1)C(=O)CCC2)C1=CC=CC=C1,O=C1C[C@H](c2ccccc2)C2=C(O1)C(=O)CCC2,-157.3,-422.22,422.22,157.3,-381.0970019999999,381.0970019999999,-1022.9292827999998,1022.9292827999998,C1,True,C1,True,-1.0,-1.0
30999632,CCCCCC[C@@H](O)C#CC(=O)OC,CCCCCC[C@@H](O)C#CC(=O)OC,5.8,88.71,88.71,5.8,11.499195999999998,11.499195999999998,175.87822019999996,175.87822019999996,C1,True,C1,True,1.0,1.0
30999650,COC(=O)C#C[C@H](O)CCC=C,C=CCC[C@@H](O)C#CC(=O)OC,-10.1,-144.09,144.09,10.1,-16.987391999999996,16.987391999999996,-242.34785279999994,242.34785279999994,C1,True,C1,True,-1.0,-1.0
31001668,[H][C@]12N[C@H](CC1=CC=C[C@@H]2O)C(=O)OCC,CCOC(=O)[C@H]1CC2=CC=C[C@H](O)[C@H]2N1,190.0,404.31,404.31,190.0,397.56550000000004,397.56550000000004,845.9984595000002,845.9984595000002,C1,True,C1,True,1.0,1.0
31024760,COC(OC)[C@@H](CC1=CC=CC=C1)\C=C\N(=O)=O,COC(OC)[C@H](/C=C/[N+](=O)[O-])Cc1ccccc1,60.7,117.54,117.54,60.7,152.528174,152.528174,295.3568628,295.3568628,C1,True,C1,True,1.0,1.0
31024761,C=C1[C@H](CC2=CC=CC=C2)COC1=O,C=C1C(=O)OC[C@H]1Cc1ccccc1,-58.7,19.49,19.49,58.7,-110.48866200000002,110.48866200000002,36.6852474,36.6852474,C1,True,C1,True,-1.0,1.0
31030262,CCC[C@](C)(C=C)[C@@]1(N)C(=O)NC2=CC=CC=C12,C=C[C@@](C)(CCC)[C@@]1(N)C(=O)Nc2ccccc21,-133.7,-170.96,170.96,133.7,-326.679906,326.679906,-417.72024480000005,417.72024480000005,C1,True,C1,True,-1.0,-1.0
31030265,CCC[C@]1(C)C(=O)N[C@@]11C(=O)NC2=CC=CC=C12,CCC[C@]1(C)C(=O)N[C@@]12C(=O)Nc1ccccc12,-158.0,-152.16,152.16,158.0,-385.98452000000003,385.98452000000003,-371.7177504,371.7177504,C1,True,C1,True,-1.0,-1.0
31030266,CCC[C@](C)(CC)[C@@]1(N)C(=O)NC2=CC=CC=C12,CCC[C@](C)(CC)[C@@]1(N)C(=O)Nc2ccccc21,-134.7,-79.43,79.43,134.7,-331.83883799999995,331.83883799999995,-195.67898220000004,195.67898220000004,C1,True,C1,True,-1.0,-1.0
31104346,CCOC(=O)CC1=C[C@H](C)C2=C(CCCC2=O)O1,CCOC(=O)CC1=C[C@H](C)C2=C(CCCC2=O)O1,167.0,296.56,296.56,167.0,417.9909799999999,417.9909799999999,742.2718863999997,742.2718863999997,C1,True,C1,True,1.0,1.0
31139958,CC(C)C[C@H](CC=C)N[S@](=O)C(C)(C)C,C=CC[C@@H](CC(C)C)N[S@](=O)C(C)(C)C,-49.9,55.81,55.81,49.9,-115.47109499999999,115.47109499999999,129.14713049999997,129.14713049999997,C1,True,C1,True,-1.0,1.0
31150177,CCOC(=O)[C@H]([C@H](C)C=C)C(=O)C1=CC=CC=C1,C=C[C@@H](C)[C@@H](C(=O)OCC)C(=O)c1ccccc1,-30.2,135.77,135.77,30.2,-74.384412,74.384412,334.40965620000003,334.40965620000003,C1,True,C1,True,-1.0,1.0
31173890,C[C@@H]([C@@H](O)C1=CC=C(Cl)C=C1)N1CCOCC1,C[C@@H]([C@@H](O)c1ccc(Cl)cc1)N1CCOCC1,52.7,47.53,47.53,52.7,134.777615,134.777615,121.55559849999997,121.55559849999997,C1,True,C1,True,1.0,1.0
31173892,C[C@@H]([C@@H](O)C1=CC=CS1)N1CCOCC1,C[C@@H]([C@@H](O)c1cccs1)N1CCOCC1,19.0,-96.97,96.97,19.0,43.192509999999984,43.192509999999984,-220.44093129999993,220.44093129999993,C1,True,C1,True,1.0,-1.0
31173893,C[C@@H]([C@@H](O)C1=CC=CC=N1)N1CCOCC1,C[C@@H]([C@@H](O)c1ccccn1)N1CCOCC1,65.8,-109.45,109.45,65.8,146.26550399999994,146.26550399999994,-243.29421599999995,243.29421599999995,C1,True,C1,True,1.0,-1.0
31173894,C[C@@H]([C@@H](O)C1=CC=CC=C1)N1CCN(C)CC1,C[C@@H]([C@@H](O)c1ccccc1)N1CCN(C)CC1,72.8,33.37,33.37,72.8,170.60170399999996,170.60170399999996,78.20025909999998,78.20025909999998,C1,True,C1,True,1.0,1.0
31173895,C[C@@H]([C@@H](O)C1=CC=CC=C1)N(C)C1=CC=CC=C1,C[C@@H]([C@@H](O)c1ccccc1)N(C)c1ccccc1,39.6,138.8,138.8,39.6,95.568264,95.568264,334.97159200000004,334.97159200000004,C1,True,C1,True,1.0,1.0
31173899,C[C@@H]([C@@H](O)C1=CC=CC=C1C)N1CCOCC1,Cc1ccccc1[C@H](O)[C@H](C)N1CCOCC1,69.8,119.7,119.7,69.8,164.25824599999996,164.25824599999996,281.68641899999994,281.68641899999994,C1,True,C1,True,1.0,1.0
31173902,C[C@@H]([C@@H](O)C1=CC=C(C)C=C1)N1CCOCC1,Cc1ccc([C@H](O)[C@H](C)N2CCOCC2)cc1,48.3,80.91,80.91,48.3,113.66294099999998,113.66294099999998,190.40307569999993,190.40307569999993,C1,True,C1,True,1.0,1.0
31173903,COC1=CC(=CC=C1)[C@H](O)[C@H](C)N1CCOCC1,COc1cccc([C@H](O)[C@H](C)N2CCOCC2)c1,47.6,82.65,82.65,47.6,119.63117599999998,119.63117599999998,207.72093899999996,207.72093899999996,C1,True,C1,True,1.0,1.0
31173904,COC1=CC=C(C=C1)[C@H](O)[C@H](C)N1CCOCC1,COc1ccc([C@H](O)[C@H](C)N2CCOCC2)cc1,51.5,154.56,154.56,51.5,129.43288999999996,129.43288999999996,388.4494655999999,388.4494655999999,C1,True,C1,True,1.0,1.0
31173907,C[C@@H]([C@@H](O)C1=CC=CC=C1F)N1CCOCC1,C[C@@H]([C@@H](O)c1ccccc1F)N1CCOCC1,48.9,79.95,79.95,48.9,117.01280999999996,117.01280999999996,191.3123549999999,191.3123549999999,C1,True,C1,True,1.0,1.0
31173908,C[C@@H]([C@@H](O)C1=CC=C(NC(C)=O)C=C1)N(C)C,CC(=O)Nc1ccc([C@H](O)[C@H](C)N(C)C)cc1,27.2,-134.83,134.83,27.2,64.27768,64.27768,-318.6235145,318.6235145,C1,True,C1,True,1.0,-1.0
31173910,C[C@@H]([C@@H](O)C1=CC=C(F)C=C1)N1CCOCC1,C[C@@H]([C@@H](O)c1ccc(F)cc1)N1CCOCC1,57.9,79.3,79.3,57.9,138.54890999999998,138.54890999999998,189.75696999999997,189.75696999999997,C1,True,C1,True,1.0,1.0
31173911,C[C@@H]([C@@H](O)C1=CC=CC(Cl)=C1)N1CCOCC1,C[C@@H]([C@@H](O)c1cccc(Cl)c1)N1CCOCC1,42.4,48.42,48.42,42.4,108.43587999999995,108.43587999999995,123.83172899999995,123.83172899999995,C1,True,C1,True,1.0,1.0
31185505,[H][C@@]12C=C[C@@](C)(O)[C@H](C=O)[C@@]1(C)CCCC2(C)C,CC1(C)CCC[C@]2(C)[C@@H](C=O)[C@](C)(O)C=C[C@@H]12,-158.0,-22.47,22.47,158.0,-373.44090000000006,373.44090000000006,-53.1089685,53.1089685,C1,True,C1,True,-1.0,-1.0
31185515,CC1=C(C=O)[C@@]2(C)CCCC(C)(C)C2=CC1=O,CC1=C(C=O)[C@@]2(C)CCCC(C)(C)C2=CC1=O,-90.9,-246.01,246.01,90.9,-211.181607,211.181607,-571.5378122999999,571.5378122999999,C1,True,C1,True,-1.0,-1.0
31185537,CC1=CC[C@@H](C=C1)C(=C)CO,C=C(CO)[C@@H]1C=CC(C)=CC1,-104.4,-971.73,971.73,104.4,-156.830724,156.830724,-1459.7425233,1459.7425233,C1,True,C1,True,-1.0,-1.0
31185538,CC1=CC[C@@H](C=C1)C(=C)CCl,C=C(CCl)[C@@H]1C=CC(C)=CC1,-109.7,-892.15,892.15,109.7,-185.02769899999998,185.02769899999998,-1504.7626404999996,1504.7626404999996,C1,True,C1,True,-1.0,-1.0
31197642,[H][C@]12CCO[C@]1([H])C1=C(O[C@@H]2\C(C)=C\C)C=CC=C1,C/C=C(\C)[C@H]1Oc2ccccc2[C@H]2OCC[C@H]12,23.9,-9.1,9.1,23.9,55.04337299999998,55.04337299999998,-20.957936999999998,20.957936999999998,C1,True,C1,True,1.0,-1.0
31197649,[H][C@]12CCO[C@]1([H])C1=C(O[C@@H]2\C=C\C)C=CC=C1,C/C=C/[C@H]1Oc2ccccc2[C@H]2OCC[C@@H]21,51.3,59.18,59.18,51.3,110.95163999999998,110.95163999999998,127.99450399999998,127.99450399999998,C1,True,C1,True,1.0,1.0
31197650,[H][C@]12CCO[C@]1([H])C1=C(O[C@@H]2\C(C)=C\CC)C=CC=C1,CC/C=C(\C)[C@H]1Oc2ccccc2[C@H]2OCC[C@H]12,28.1,-52.37,52.37,28.1,68.657854,68.657854,-127.95771579999999,127.95771579999999,C1,True,C1,True,1.0,-1.0
31197652,[H][C@]12CCO[C@]1([H])C1=C(O[C@@H]2\C(CC)=C\C)C=CC=C1,C/C=C(\CC)[C@H]1Oc2ccccc2[C@H]2OCC[C@H]12,26.2,-41.1,41.1,26.2,64.015508,64.015508,-100.421274,100.421274,C1,True,C1,True,1.0,-1.0
31197655,[H][C@]12CCO[C@]1([H])C1=C(O[C@@H]2C2=CC=CC=C2)C=CC=C1,c1ccc([C@H]2Oc3ccccc3[C@H]3OCC[C@H]23)cc1,-30.3,-186.81,186.81,30.3,-76.45083899999999,76.45083899999999,-471.3459152999999,471.3459152999999,C1,True,C1,True,-1.0,-1.0
31197656,[H][C@]12CCCO[C@]1([H])C1=C(O[C@@H]2\C(C)=C\C)C=CC=C1,C/C=C(\C)[C@H]1Oc2ccccc2[C@H]2OCCC[C@H]12,80.3,74.3,74.3,80.3,196.20020199999996,196.20020199999996,181.54016199999995,181.54016199999995,C1,True,C1,True,1.0,1.0
31197657,[H][C@]12OC[C@@H](C)[C@]1([H])[C@H](OC1=C2C=CC=C1)C(\C)=C\C,C/C=C(\C)[C@H]1Oc2ccccc2[C@H]2OC[C@@H](C)[C@H]12,-19.0,-98.6,98.6,19.0,-46.42346,46.42346,-240.91332399999996,240.91332399999996,C1,True,C1,True,-1.0,-1.0
31197658,[H][C@]12C[C@H](C)O[C@]1([H])C1=C(O[C@@H]2\C(C)=C\C)C=CC=C1,C/C=C(\C)[C@H]1Oc2ccccc2[C@H]2O[C@@H](C)C[C@H]12,32.7,-49.48,49.48,32.7,79.89721800000001,79.89721800000001,-120.89646319999999,120.89646319999999,C1,True,C1,True,1.0,-1.0
31197662,[H][C@]12CCO[C@]1([H])C1=C(O[C@@H]2\C(C)=C\C)C=CC(C)=C1,C/C=C(\C)[C@H]1Oc2ccc(C)cc2[C@H]2OCC[C@H]12,36.7,-17.36,17.36,36.7,89.67057799999999,89.67057799999999,-42.416382399999996,42.416382399999996,C1,True,C1,True,1.0,-1.0
31197673,[H][C@]12CCO[C@]1([H])C1=C(O[C@@H]2\C(C)=C\C)C=C(C)C=C1,C/C=C(\C)[C@H]1Oc2cc(C)ccc2[C@H]2OCC[C@H]12,30.3,-17.65,17.65,30.3,74.03320199999999,74.03320199999999,-43.12495099999998,43.12495099999998,C1,True,C1,True,1.0,-1.0
31197684,[H][C@]12CCO[C@]1([H])C1=C(O[C@@H]2\C(C)=C\C)C(C)=CC=C1,C/C=C(\C)[C@H]1Oc2c(C)cccc2[C@H]2OCC[C@H]12,-13.5,-60.15,60.15,13.5,-32.98508999999999,32.98508999999999,-146.96690099999998,146.96690099999998,C1,True,C1,True,-1.0,-1.0
31197697,[H][C@]12CCO[C@]1([H])C1=C(O[C@@H]2\C(C)=C\C)C=CC(F)=C1,C/C=C(\C)[C@H]1Oc2ccc(F)cc2[C@H]2OCC[C@H]12,28.8,-10.45,10.45,28.8,71.50953599999998,71.50953599999998,-25.94703649999999,25.94703649999999,C1,True,C1,True,1.0,-1.0
31197700,[H][C@]12C[C@@H](C)O[C@]1([H])C1=C(O[C@@H]2\C(C)=C\C)C=CC=C1,C/C=C(\C)[C@H]1Oc2ccccc2[C@H]2O[C@H](C)C[C@H]12,12.9,-17.32,17.32,12.9,31.519085999999998,31.519085999999998,-42.3186488,42.3186488,C1,True,C1,True,1.0,-1.0
31213109,CC[C@H](C)[C@H](O)[C@H](C)C(=O)OC,CC[C@H](C)[C@H](O)[C@H](C)C(=O)OC,4.8,32.14,32.14,4.8,8.363519999999998,8.363519999999998,56.00073599999999,56.00073599999999,C1,True,C1,True,1.0,1.0
31221973,[H][C@]1(O[C@H]1CO)[C@]1([H])O[C@H]1C=C,C=C[C@@H]1O[C@H]1[C@@H]1O[C@H]1CO,-19.55,42.28,42.28,19.55,-27.791107,27.791107,60.1027112,60.1027112,C1,True,C1,True,-1.0,1.0
31221980,[H][C@]1(O[C@H]1C=C)[C@H](O)C=C,C=C[C@@H](O)[C@@H]1O[C@H]1C=C,-12.35,-161.66,161.66,12.35,-15.580142499999997,15.580142499999997,-203.94217299999997,203.94217299999997,C1,True,C1,True,-1.0,-1.0
31221981,[H][C@]1(O[C@H]1C=C)[C@@H](C)O[Si](C)(C)C(C)(C)C,C=C[C@@H]1O[C@H]1[C@@H](C)O[Si](C)(C)C(C)(C)C,35.2,95.5,95.5,35.2,80.399616,80.399616,218.12963999999997,218.12963999999997,C1,True,C1,True,1.0,1.0
31221983,[H][C@]1(O[C@H]1CO[Si](C)(C)C(C)(C)C)[C@H](O)C=C,C=C[C@@H](O)[C@@H]1O[C@H]1CO[Si](C)(C)C(C)(C)C,-33.1,-9.45,9.45,33.1,-80.89871699999999,80.89871699999999,-23.096461499999997,23.096461499999997,C1,True,C1,True,-1.0,-1.0
31221994,[H][C@]1(O[C@@]1([H])[C@H](C)O)C=C[C@@H]1O[C@@]1([H])[C@H](O)C=C,C=C[C@@H](O)[C@@H]1O[C@H]1C=C[C@@H]1O[C@H]1[C@H](C)O,33.3,109.24,109.24,33.3,70.677585,70.677585,231.85643799999997,231.85643799999997,C1,True,C1,True,1.0,1.0
31222004,[H][C@@]1(O[C@]1([H])[C@H](C)O)C=C[C@H]1O[C@]1([H])[C@@H](O)C=C,C=C[C@H](O)[C@H]1O[C@@H]1C=C[C@H]1O[C@@H]1[C@H](C)O,35.6,62.45,62.45,35.6,75.55922,75.55922,132.5470025,132.5470025,C1,True,C1,True,1.0,1.0
31222006,CC(C)(C)[Si](C)(C)OC[C@@H]1O[C@H]1C=CC=O,CC(C)(C)[Si](C)(C)OC[C@@H]1O[C@H]1C=CC=O,-24.8,12.06,12.06,24.8,-60.112968,60.112968,29.232354599999997,29.232354599999997,C1,True,C1,True,-1.0,1.0
31222007,CC(C)(C)[Si](C)(C)OC[C@@H]1O[C@H]1C=CCO,CC(C)(C)[Si](C)(C)OC[C@@H]1O[C@H]1C=CCO,-31.8,-66.22,66.22,31.8,-77.721426,77.721426,-161.84631539999998,161.84631539999998,C1,True,C1,True,-1.0,-1.0
31303784,[H][C@@]12[C@H](C)[C@H](O)N(C(C)=O)[C@]1([H])C(=O)C1=CC=CC=C21,CC(=O)N1[C@@H]2C(=O)c3ccccc3[C@@H]2[C@H](C)[C@@H]1O,-240.6,-495.77,495.77,240.6,-590.138868,590.138868,-1216.0147406,1216.0147406,C1,True,C1,True,-1.0,-1.0
31303785,[H][C@@]12[C@H](C)C(=O)N(C(C)=O)[C@]1([H])C(=O)C1=CC=CC=C21,CC(=O)N1C(=O)[C@@H](C)[C@H]2c3ccccc3C(=O)[C@H]21,-116.5,-375.31,375.31,116.5,-283.40023,283.40023,-912.9866122,912.9866122,C1,True,C1,True,-1.0,-1.0
31303811,[H][C@@]12CC3=CC=CC=C3[C@]1([H])[C@H](C)CN2C(C)=O,CC(=O)N1C[C@@H](C)[C@H]2c3ccccc3C[C@H]21,-312.7,-317.89,317.89,312.7,-673.2305919999999,673.2305919999999,-684.4044544,684.4044544,C1,True,C1,True,-1.0,-1.0
31303812,[H][C@@]12CC3=CC=CC=C3[C@]1([H])[C@H](C)C(=O)N2C(C)=O,CC(=O)N1C(=O)[C@@H](C)[C@H]2c3ccccc3C[C@H]21,-162.1,-346.86,346.86,162.1,-371.661259,371.661259,-795.2771394,795.2771394,C1,True,C1,True,-1.0,-1.0
31303813,[H][C@@]12CC3=CC=CC=C3[C@]1([H])[C@H](C)C(=O)N2,C[C@@H]1C(=O)N[C@@H]2Cc3ccccc3[C@H]12,-104.8,-264.67,264.67,104.8,-196.229616,196.229616,-495.5734014,495.5734014,C1,True,C1,True,-1.0,-1.0
31303815,[H][C@]12NC(=O)[C@@H](C)[C@@]1([H])C1=CC=CC=C1[C@H]2O,C[C@@H]1C(=O)N[C@H]2[C@@H]1c1ccccc1[C@H]2O,-61.4,-196.04,196.04,61.4,-124.78997399999999,124.78997399999999,-398.43365639999996,398.43365639999996,C1,True,C1,True,-1.0,-1.0
31303816,[H][C@]12NC(=O)[C@@H](C)[C@@]1([H])C1=CC=CC=C1[C@@H]2O,C[C@@H]1C(=O)N[C@H]2[C@@H]1c1ccccc1[C@@H]2O,-274.6,-271.45,271.45,274.6,-558.099786,558.099786,-551.6976944999999,551.6976944999999,C1,True,C1,True,-1.0,-1.0
31324203,CC(C)N1C[C@@](C)(CCC(C)=O)C(=O)C1=O,CC(=O)CC[C@]1(C)CN(C(C)C)C(=O)C1=O,18.7,50.18,50.18,18.7,42.128856,42.128856,113.0495184,113.0495184,C1,True,C1,True,1.0,1.0
31361618,O=[S@](C1=CC=CC=C1)C1=CC=C2C=CC=CC2=C1,O=[S@](c1ccccc1)c1ccc2ccccc2c1,20.3,-565.84,565.84,20.3,51.224614,51.224614,-1427.8293392,1427.8293392,C1,True,C1,True,1.0,-1.0
31361619,CSC1=CC=C(C=C1)[S@](=O)C1=CC=CC=C1,CSc1ccc([S@](=O)c2ccccc2)cc1,59.1,-418.66,418.66,59.1,146.78785200000002,146.78785200000002,-1039.8342152000002,1039.8342152000002,C1,True,C1,True,1.0,-1.0
31361621,FC1=CC=C(C=C1)[S@](=O)C1=CC=CC=C1,O=[S@](c1ccccc1)c1ccc(F)cc1,10.55,-9.35,9.35,10.55,23.238273999999997,23.238273999999997,-20.595057999999995,20.595057999999995,C1,True,C1,True,1.0,-1.0
31361622,ClC1=CC=C(C=C1)[S@](=O)C1=CC=CC=C1,O=[S@](c1ccccc1)c1ccc(Cl)cc1,10.25,0.93,0.93,10.25,24.2641075,24.2641075,2.2015238999999998,2.2015238999999998,C1,True,C1,True,1.0,1.0
31361624,COC1=CC=CC(=C1)[S@](=O)C1=CC=CC=C1,COc1cccc([S@](=O)c2ccccc2)c1,27.1,279.36,279.36,27.1,62.954384,62.954384,648.9644544,648.9644544,C1,True,C1,True,1.0,1.0
31361625,O=[S@](C1=CC=CC=C1)C1=CN=C2C=CC=CC2=C1,O=[S@](c1ccccc1)c1cnc2ccccc2c1,115.7,-639.97,639.97,115.7,293.098182,293.098182,-1621.2104021999999,1621.2104021999999,C1,True,C1,True,1.0,-1.0
31361626,O=[S@](C1=CC=CC=C1)C1=CC=C2N=CC=CC2=C1,O=[S@](c1ccccc1)c1ccc2ncccc2c1,34.7,-593.39,593.39,34.7,87.904122,87.904122,-1503.2111513999998,1503.2111513999998,C1,True,C1,True,1.0,-1.0
31361627,O=[S@](C1=CC=CC=C1)C1=CC=CN=C1,O=[S@](c1ccccc1)c1cccnc1,33.849999999999994,-191.34,191.34,33.849999999999994,68.80554099999999,68.80554099999999,-388.9291644,388.9291644,C1,True,C1,True,1.0,-1.0
31361641,CN1C=CC2=CC=C(C=C12)[S@@](=O)C1=CC=CC=C1,Cn1ccc2ccc([S@@](=O)c3ccccc3)cc21,-35.6,695.31,695.31,35.6,-90.90175200000002,90.90175200000002,1775.4184602,1775.4184602,C1,True,C1,True,-1.0,1.0
31380601,CC(C)C[C@@]1(C)COCC(=C1)C1=CC=CC=C1,CC(C)C[C@]1(C)C=C(c2ccccc2)COC1,6.2,202.52,202.52,6.2,14.281761999999999,14.281761999999999,466.50684519999993,466.50684519999993,C1,True,C1,True,1.0,1.0
31380602,CCCC[C@@]1(C)COCC(=C1)C1=CC=CC=C1,CCCC[C@]1(C)C=C(c2ccccc2)COC1,5.2,21.29,21.29,5.2,11.978252,11.978252,49.0417279,49.0417279,C1,True,C1,True,1.0,1.0
31386235,CC(C)(C)OC(=O)C[C@@H](CO)CC=C,C=CC[C@H](CO)CC(=O)OC(C)(C)C,-6.05,-202.03,202.03,6.05,-12.116818999999998,12.116818999999998,-404.6216434,404.6216434,C1,True,C1,True,-1.0,-1.0
31415130,O=C([C@H]1CO1)C1CCOCC1,O=C(C1CCOCC1)[C@H]1CO1,62.8,-64.25,64.25,62.8,98.081668,98.081668,-100.34629249999998,100.34629249999998,C1,True,C1,True,1.0,-1.0
31415131,CC(C)(C)OC(=O)N1CCC(CC1)C(=O)[C@H]1CO1,CC(C)(C)OC(=O)N1CCC(C(=O)[C@H]2CO2)CC1,39.0,66.43,66.43,39.0,99.57245999999998,99.57245999999998,169.60509019999998,169.60509019999998,C1,True,C1,True,1.0,1.0
31427834,CC(C)C[C@H](CC=O)N1C(=O)CCC1=O,CC(C)C[C@H](CC=O)N1C(=O)CCC1=O,30.0,191.92,191.92,30.0,63.37829999999998,63.37829999999998,405.4521111999999,405.4521111999999,C1,True,C1,True,1.0,1.0
31427835,CCCCC[C@H](CC=O)N1C(=O)CCC1=O,CCCCC[C@H](CC=O)N1C(=O)CCC1=O,26.3,283.44,283.44,26.3,59.25074399999998,59.25074399999998,638.5563071999998,638.5563071999998,C1,True,C1,True,1.0,1.0
31427836,C[C@H](CC=O)N1C(=O)C=CC1=O,C[C@H](CC=O)N1C(=O)C=CC1=O,12.6,-100.52,100.52,12.6,21.062663999999998,21.062663999999998,-168.03325279999999,168.03325279999999,C1,True,C1,True,1.0,-1.0
31427837,CC(C)[C@H](CC=O)N1C(=O)CCC1=O,CC(C)[C@H](CC=O)N1C(=O)CCC1=O,15.5,136.13,136.13,15.5,30.57126999999999,30.57126999999999,268.4946441999999,268.4946441999999,C1,True,C1,True,1.0,1.0
31433392,COC(=O)C(C)(C)[C@H](C=C)C1=CN=CS1,C=C[C@H](c1cncs1)C(C)(C)C(=O)OC,-30.8,-48.52,48.52,30.8,-69.39640399999999,69.39640399999999,-109.32186759999999,109.32186759999999,C1,True,C1,True,-1.0,-1.0
31433395,COC(=O)C1(CCOCC1)[C@H](C=C)\C=C\C,C=C[C@H](/C=C/C)C1(C(=O)OC)CCOCC1,-8.2,-120.04,120.04,8.2,-18.392599999999995,18.392599999999995,-269.24971999999997,269.24971999999997,C1,True,C1,True,-1.0,-1.0
31433397,CCOC(=O)C(C)(C)[C@H](C=C)C1=CC=CC=C1,C=C[C@H](c1ccccc1)C(C)(C)C(=O)OCC,-44.6,-20.91,20.91,44.6,-103.61605799999998,103.61605799999998,-48.57873929999999,48.57873929999999,C1,True,C1,True,-1.0,-1.0
31433448,COC(=O)C(C)(C)[C@H](C=C)C1=CC=C(C)C=C1,C=C[C@H](c1ccc(C)cc1)C(C)(C)C(=O)OC,-59.6,4.13,4.13,59.6,-138.46450799999997,138.46450799999997,9.594939899999998,9.594939899999998,C1,True,C1,True,-1.0,1.0
31433449,COC(=O)C(C)(C)[C@H](C=C)C1=CC=C(OC)C=C1,C=C[C@H](c1ccc(OC)cc1)C(C)(C)C(=O)OC,-50.7,-43.95,43.95,50.7,-125.89925399999998,125.89925399999998,-109.13751899999997,109.13751899999997,C1,True,C1,True,-1.0,-1.0
31433451,COC(=O)C(C)(C)[C@H](C=C)C1=CC(F)=CC=C1,C=C[C@H](c1cccc(F)c1)C(C)(C)C(=O)OC,-37.8,37.54,37.54,37.8,-89.31610799999997,89.31610799999997,88.70176439999997,88.70176439999997,C1,True,C1,True,-1.0,1.0
31433452,COC(=O)C(C)(C)[C@H](C=C)C1=CC=C(Cl)C=C1,C=C[C@H](c1ccc(Cl)cc1)C(C)(C)C(=O)OC,-52.7,-10.11,10.11,52.7,-133.194507,133.194507,-25.552115099999995,25.552115099999995,C1,True,C1,True,-1.0,-1.0
31433457,COC(=O)C(C)(C)[C@H](C=C)C1=CC=CN=C1,C=C[C@H](c1cccnc1)C(C)(C)C(=O)OC,-65.5,50.99,50.99,65.5,-143.63101999999995,143.63101999999995,111.81291159999996,111.81291159999996,C1,True,C1,True,-1.0,1.0
31433458,COC(=O)C(C)(C)[C@H](C=C)C1=COC=C1,C=C[C@H](c1ccoc1)C(C)(C)C(=O)OC,-40.4,8.79,8.79,40.4,-84.13582799999999,84.13582799999999,18.305790299999995,18.305790299999995,C1,True,C1,True,-1.0,1.0
31433459,CC(C)(CO)[C@H](C=C)C1=COC=C1,C=C[C@H](c1ccoc1)C(C)(C)CO,-46.0,-29.03,29.03,46.0,-82.91361999999998,82.91361999999998,-52.325704099999996,52.325704099999996,C1,True,C1,True,-1.0,-1.0
31433460,COC(=O)C(C)(C)[C@H](C=C)C1=CC=CS1,C=C[C@H](c1cccs1)C(C)(C)C(=O)OC,-48.9,-57.88,57.88,48.9,-109.69492499999997,109.69492499999997,-129.83930999999995,129.83930999999995,C1,True,C1,True,-1.0,-1.0
31448269,CCOC(=O)[C@H]1CC(=O)C2=CC(F)=CC=C2O1,CCOC(=O)[C@H]1CC(=O)c2cc(F)ccc2O1,-29.7,-21.0,21.0,29.7,-70.749558,70.749558,-50.024939999999994,50.024939999999994,C1,True,C1,True,-1.0,-1.0
31448282,CC(C)(C)[C@H]1CC(=O)C2=CC=CC=C2O1,CC(C)(C)[C@H]1CC(=O)c2ccccc2O1,-63.5,-81.53,81.53,63.5,-129.710815,129.710815,-166.5405157,166.5405157,C1,True,C1,True,-1.0,-1.0
31530077,C\C=C\C=C\CCC[C@@H](C)C=O,C/C=C/C=C/CCC[C@@H](C)C=O,-15.0,31.87,31.87,15.0,-24.9396,24.9396,52.988336800000006,52.988336800000006,C1,True,C1,True,-1.0,1.0
31554654,CC[C@H](CCC1=CC=CC=C1)NC(C)=O,CC[C@H](CCc1ccccc1)NC(C)=O,21.19,-198.15,198.15,21.19,43.503281900000005,43.503281900000005,-406.8039315,406.8039315,C1,True,C1,True,1.0,-1.0
31559245,CC[C@@H]1NC(=O)S[C@H]1C(=O)C1=CC=CC=C1,CC[C@@H]1NC(=O)S[C@H]1C(=O)c1ccccc1,-282.3,-534.79,534.79,282.3,-664.274484,664.274484,-1258.4036532,1258.4036532,C1,True,C1,True,-1.0,-1.0
31560938,COC(=O)[C@@H]1CC(C)=CC[C@H]1C(C)=O,COC(=O)[C@@H]1CC(C)=CC[C@H]1C(C)=O,-124.9,-145.54,145.54,124.9,-245.11125399999997,245.11125399999997,-285.61642839999996,285.61642839999996,C1,True,C1,True,-1.0,-1.0
31560942,COC(=O)[C@@H]1CC(C)=C(C)C[C@H]1C(C)=O,COC(=O)[C@@H]1CC(C)=C(C)C[C@H]1C(C)=O,-135.6,-142.96,142.96,135.6,-285.1301879999999,285.1301879999999,-300.6062808,300.6062808,C1,True,C1,True,-1.0,-1.0
31560947,[H][C@@]12CC[C@@]([H])(C=C1)[C@H]([C@@H]2C(C)=O)C(=O)OC,COC(=O)[C@H]1[C@H](C(C)=O)[C@H]2C=C[C@@H]1CC2,-3.9,-19.52,19.52,3.9,-8.122022999999999,8.122022999999999,-40.6517664,40.6517664,C1,True,C1,True,-1.0,-1.0
31662170,[H][C@]12C(=O)[C@](C)(CC)C(=O)[C@@]1([H])[C@]1(O)C=C[C@@]2([H])OC1=O,CC[C@@]1(C)C(=O)[C@H]2[C@@H](C1=O)[C@]1(O)C=C[C@H]2OC1=O,-3.5,-45.94,45.94,3.5,-8.75875,8.75875,-114.96484999999998,114.96484999999998,C1,True,C1,True,-1.0,-1.0
31690127,CN1C[Si](C)(C)N2CCC[C@H]2C1=O,CN1C[Si](C)(C)N2CCC[C@H]2C1=O,-50.6,25.63,25.63,50.6,-100.36105199999999,100.36105199999999,50.835054599999985,50.835054599999985,C1,True,C1,True,-1.0,1.0
31724176,CCSC(=O)C[C@H](C)CCC1=CC=CC=C1,CCSC(=O)C[C@H](C)CCc1ccccc1,6.5,-241.1,241.1,6.5,15.364700000000001,15.364700000000001,-569.91218,569.91218,C1,True,C1,True,1.0,-1.0
31749607,C[C@]12CC(=O)O[C@@]1(CCl)C(C)(C)CC[C@@H]2O,CC1(C)CC[C@H](O)[C@@]2(C)CC(=O)O[C@@]12CCl,4.33,46.1,46.1,4.33,10.683582199999998,10.683582199999998,113.744374,113.744374,C1,True,C1,True,1.0,1.0
31751914,C[C@@H]1OC2=C(C=CC=C2)[C@H]1NC(=O)OC(C)(C)C,C[C@@H]1Oc2ccccc2[C@H]1NC(=O)OC(C)(C)C,-19.1,52.75,52.75,19.1,-47.61820999999999,47.61820999999999,131.51102499999996,131.51102499999996,C1,True,C1,True,-1.0,1.0
31770882,O=C1CCC[C@]1(CC1=CC=CC=C1)C1=CC=CC=C1,O=C1CCC[C@]1(Cc1ccccc1)c1ccccc1,-26.7,137.11,137.11,26.7,-66.841047,66.841047,343.2425451000001,343.2425451000001,C1,True,C1,True,-1.0,1.0
31775855,CCOC(=O)[C@H](OC)[C@H](N=N#N)C(=O)OCC,CCOC(=O)[C@@H](N=[N+]=[N-])[C@@H](OC)C(=O)OCC,58.5,37.54,37.54,58.5,143.46247499999998,143.46247499999998,92.06121899999998,92.06121899999998,C1,True,C1,True,1.0,1.0
31775856,CCOC(=O)[C@@H](N)[C@@H](OC)C(=O)OCC,CCOC(=O)[C@@H](N)[C@@H](OC)C(=O)OCC,59.0,161.26,161.26,59.0,129.34983,129.34983,353.5415861999999,353.5415861999999,C1,True,C1,True,1.0,1.0
31793644,CC(C)C(=O)N[C@H]1CCCC[C@@H]1N(C)C,CC(C)C(=O)N[C@H]1CCCC[C@@H]1N(C)C,43.4,99.58,99.58,43.4,92.15425799999997,92.15425799999997,211.44518459999995,211.44518459999995,C1,True,C1,True,1.0,1.0
31793842,O[C@H](CN(=O)=O)C1=CC(OC(F)(F)F)=CC=C1,O=[N+]([O-])C[C@@H](O)c1cccc(OC(F)(F)F)c1,22.0,-4.29,4.29,22.0,55.25519999999999,55.25519999999999,-10.774763999999998,10.774763999999998,C1,True,C1,True,1.0,-1.0
31899278,CCOC(=O)C1=CC=C(C)[C@]2(C)C(=O)CC[C@]12O,CCOC(=O)C1=CC=C(C)[C@]2(C)C(=O)CC[C@]12O,13.6,353.52,353.52,13.6,34.03998399999999,34.03998399999999,884.8393487999997,884.8393487999997,C1,True,C1,True,1.0,1.0
31931005,CC(C)[C@H]1CC(C)=C(C)CO1,CC1=C(C)C[C@H](C(C)C)OC1,163.2,93.62,93.62,163.2,251.7408959999999,251.7408959999999,144.41165859999998,144.41165859999998,C1,True,C1,True,1.0,1.0
31931006,CC(C)C[C@H]1CC(C)=C(C)CO1,CC1=C(C)C[C@H](CC(C)C)OC1,64.4,-13.52,13.52,64.4,108.37232,108.37232,-22.751455999999994,22.751455999999994,C1,True,C1,True,1.0,-1.0
31931007,CCCC[C@H]1CC(C)=C(C)CO1,CCCC[C@H]1CC(C)=C(C)CO1,66.1,51.31,51.31,66.1,111.23307999999997,111.23307999999997,86.34446799999999,86.34446799999999,C1,True,C1,True,1.0,1.0
31931008,CC1=C(C)C[C@H](CCC2=CC=CC=C2)OC1,CC1=C(C)C[C@H](CCc2ccccc2)OC1,80.2,-235.03,235.03,80.2,173.49184800000003,173.49184800000003,-508.4262972,508.4262972,C1,True,C1,True,1.0,-1.0
31931009,C[C@@H]([C@H]1CC(C)=C(C)CO1)C1=CC=CC=C1,CC1=C(C)C[C@H]([C@H](C)c2ccccc2)OC1,46.6,-36.46,36.46,46.6,100.806984,100.806984,-78.87173039999999,78.87173039999999,C1,True,C1,True,1.0,-1.0
31931010,C[C@H]([C@H]1CC(C)=C(C)CO1)C1=CC=CC=C1,CC1=C(C)C[C@H]([C@@H](C)c2ccccc2)OC1,67.2,176.94,176.94,67.2,145.369728,145.369728,382.7636856,382.7636856,C1,True,C1,True,1.0,1.0
31931011,CCCCCCCCC[C@H]1CC(C)=C(C)CO1,CCCCCCCCC[C@H]1CC(C)=C(C)CO1,118.0,19.43,19.43,118.0,281.32969999999995,281.32969999999995,46.32403449999999,46.32403449999999,C1,True,C1,True,1.0,1.0
31931014,CC1=C(C)C[C@H](CCCCCCCCC=C)OC1,C=CCCCCCCCC[C@H]1CC(C)=C(C)CO1,59.5,9.04,9.04,59.5,149.00347,149.00347,22.638510399999994,22.638510399999994,C1,True,C1,True,1.0,1.0
31931017,CC(C)C[C@H]1CC(C)=CCO1,CC1=CCO[C@@H](CC(C)C)C1,31.3,181.57,181.57,31.3,48.281189,48.281189,280.0771720999999,280.0771720999999,C1,True,C1,True,1.0,1.0
31931022,CCCCCC[C@@H]1O[C@H](CC=C1)C1=CC=CC=C1,CCCCCC[C@H]1C=CC[C@H](c2ccccc2)O1,142.0,213.49,213.49,142.0,347.01676,347.01676,521.7225922,521.7225922,C1,True,C1,True,1.0,1.0
31931023,C1CCC(CC1)[C@@H]1O[C@H](CC=C1)C1=CC=CC=C1,C1=C[C@H](C2CCCCC2)O[C@@H](c2ccccc2)C1,161.0,41.59,41.59,161.0,390.2028200000001,390.2028200000001,100.79835580000002,100.79835580000002,C1,True,C1,True,1.0,1.0
31931024,C1CCC(CC1)[C@H]1O[C@H](CC=C1)C1=CC=CC=C1,C1=C[C@@H](C2CCCCC2)O[C@@H](c2ccccc2)C1,39.0,126.63,126.63,39.0,94.52118,94.52118,306.90300060000004,306.90300060000004,C1,True,C1,True,1.0,1.0
32001260,C[C@H](O)CN1C(C)=C(C)C2=C1C=CC=C2,Cc1c(C)n(C[C@H](C)O)c2ccccc12,10.3,-71.09,71.09,10.3,20.938355,20.938355,-144.5153065,144.5153065,C1,True,C1,True,1.0,-1.0
32068649,C[C@@H](O)CN1C=CC2=C1C=CC(=C2)N(=O)=O,C[C@@H](O)Cn1ccc2cc([N+](=O)[O-])ccc21,-16.5,-227.68,227.68,16.5,-36.337619999999994,36.337619999999994,-501.4151104,501.4151104,C1,True,C1,True,-1.0,-1.0
32068654,C[C@H](CN1C=C(C)C2=C1C=CC=C2)OC(C)=O,CC(=O)O[C@H](C)Cn1cc(C)c2ccccc21,-10.0,-88.13,88.13,10.0,-23.129500000000004,23.129500000000004,-203.8402835,203.8402835,C1,True,C1,True,-1.0,-1.0
32068658,C[C@H](CN1C(C)=C(C)C2=C1C=CC=C2)OC(C)=O,CC(=O)O[C@H](C)Cn1c(C)c(C)c2ccccc21,-6.8,-37.87,37.87,6.8,-16.681896,16.681896,-92.90344139999999,92.90344139999999,C1,True,C1,True,-1.0,-1.0
32104925,O[C@H](CC1=CC=CC=C1)[C@H](O)CN(=O)=O,O=[N+]([O-])C[C@@H](O)[C@H](O)Cc1ccccc1,-25.4,-30.46,30.46,25.4,-53.64911799999999,53.64911799999999,-64.3366982,64.3366982,C1,True,C1,True,-1.0,-1.0
32104941,O[C@H](CC1=CC=CC=C1)[C@@H](O)CN(=O)=O,O=[N+]([O-])C[C@H](O)[C@H](O)Cc1ccccc1,-8.2,-61.34,61.34,8.2,-17.319793999999998,17.319793999999998,-129.56050779999998,129.56050779999998,C1,True,C1,True,-1.0,-1.0
32126268,C[C@@H](N)C(\C)=C\C1=CN=CC=C1,C/C(=C\c1cccnc1)[C@@H](C)N,-5.2,-294.49,294.49,5.2,-8.436272,8.436272,-477.7687964,477.7687964,C1,True,C1,True,-1.0,-1.0
32209491,OC[C@@H]1C[C@]1(CO)N1C=NC2=C1N=CN=C2Cl,OC[C@@H]1C[C@]1(CO)n1cnc2c(Cl)ncnc21,-60.6,38.97,38.97,60.6,-154.33426200000002,154.33426200000002,99.24762690000001,99.24762690000001,C1,True,C1,True,-1.0,1.0
32236917,COC1=CC=C(C=C2CCC[C@H]2O)C=C1,COc1ccc(C=C2CCC[C@H]2O)cc1,6.85,183.69,183.69,6.85,13.992426499999997,13.992426499999997,375.22172609999996,375.22172609999996,C1,True,C1,True,1.0,1.0
32236927,O[C@@H]1CCC\C1=C/C1=CC=C(Cl)C=C1,O[C@@H]1CCC/C1=C\c1ccc(Cl)cc1,41.3,308.41,308.41,41.3,86.188144,86.188144,643.6146608,643.6146608,C1,True,C1,True,1.0,1.0
32236928,O[C@H]1CCCC1=CC1=CC=C(Cl)C=C1,O[C@H]1CCCC1=Cc1ccc(Cl)cc1,-31.9,-312.79,312.79,31.9,-66.571472,66.571472,-652.7551952,652.7551952,C1,True,C1,True,-1.0,-1.0
32247853,[H][C@]12C[C@H](C[C@@H](CO)[C@@]1([H])N2)OC(=O)C1=CC=CC=C1,O=C(O[C@H]1C[C@@H](CO)[C@H]2N[C@H]2C1)c1ccccc1,21.6,-138.77,138.77,21.6,53.41550400000001,53.41550400000001,-343.16988380000004,343.16988380000004,C1,True,C1,True,1.0,-1.0
32266023,C([C@@H]1CNC2=CC=CC=C2N1)C1=CC=CC=C1,c1ccc(C[C@@H]2CNc3ccccc3N2)cc1,33.4,412.64,412.64,33.4,74.91853800000001,74.91853800000001,925.5804048000001,925.5804048000001,C1,True,C1,True,1.0,1.0
32305336,[H][C@@]1(CCC(C)=CC1)[C@](O)(CO)CCC=C(C)C,CC(C)=CCC[C@@](O)(CO)[C@@H]1CC=C(C)CC1,-21.7,-53.18,53.18,21.7,-51.72650699999999,51.72650699999999,-126.7656978,126.7656978,C1,True,C1,True,-1.0,-1.0
32305337,[H][C@@]12CC[C@](O)(CO)[C@@]3([H])CC[C@@H](C)[C@@]3([H])[C@]1([H])C2(C)C,C[C@@H]1CC[C@H]2[C@@H]1[C@H]1[C@@H](CC[C@]2(O)CO)C1(C)C,-11.5,-17.49,17.49,11.5,-27.412664999999993,27.412664999999993,-41.691087899999985,41.691087899999985,C1,True,C1,True,-1.0,-1.0
32305338,[H][C@@]12CC[C@@H](C)[C@]11C[C@]([H])(C2(C)C)[C@@](O)(CO)CC1,C[C@@H]1CC[C@H]2C(C)(C)[C@H]3C[C@@]12CC[C@]3(O)CO,15.5,-23.38,23.38,15.5,36.947504999999985,36.947504999999985,-55.73113979999998,55.73113979999998,C1,True,C1,True,1.0,-1.0
32375081,C[C@H]1CC(=O)C2=C(O1)C=C(Cl)C(Cl)=C2,C[C@H]1CC(=O)c2cc(Cl)c(Cl)cc2O1,-70.6,-86.84,86.84,70.6,-163.141068,163.141068,-200.6681352,200.6681352,C1,True,C1,True,-1.0,-1.0
32388278,CCC1=CN([C@@H]2CC=CO2)C(=O)NC1=O,CCc1cn([C@@H]2CC=CO2)c(=O)[nH]c1=O,-188.46,-13.88,13.88,188.46,-392.4057581999999,392.4057581999999,-28.9005196,28.9005196,C1,True,C1,True,-1.0,-1.0
32388298,CCC\C=C\CO[C@@H](C=C)N1C=CC(N)=NC1=O,C=C[C@H](OC/C=C/CCC)n1ccc(N)nc1=O,-32.44,-198.39,198.39,32.44,-80.87746159999999,80.87746159999999,-494.6140446,494.6140446,C1,True,C1,True,-1.0,-1.0
32388313,C1C=CO[C@H]1OC1CCCCC1,C1=CO[C@@H](OC2CCCCC2)C1,-212.39,-400.27,400.27,212.39,-357.3164403999999,357.3164403999999,-673.3982371999998,673.3982371999998,C1,True,C1,True,-1.0,-1.0
32399780,FC1=C2C=CN([C@H]3OCCC=C3)C2=CC=C1,Fc1cccc2c1ccn2[C@@H]1C=CCCO1,84.2,-325.69,325.69,84.2,182.91860599999995,182.91860599999995,-707.5387266999999,707.5387266999999,C1,True,C1,True,1.0,-1.0
32399787,C1CC2=C(C1)C1=CC=CC=C1N2[C@H]1OCCC=C1,C1=C[C@@H](n2c3c(c4ccccc42)CCC3)OCC1,-21.8,-253.71,253.71,21.8,-52.17132399999998,52.17132399999998,-607.1736977999998,607.1736977999998,C1,True,C1,True,-1.0,-1.0
32404169,CCC(=O)O[C@@H](C)N1C=NC2=C(Cl)N=CN=C12,CCC(=O)O[C@@H](C)n1cnc2c(Cl)ncnc21,-14.5,-81.9,81.9,14.5,-36.928165,36.928165,-208.580463,208.580463,C1,True,C1,True,-1.0,-1.0
32450514,[H][C@]12CC[C@@H](C)[C@@]3([H])CC=C(CO)[C@@]([H])([C@@H](O)[C@H]1C)[C@@]23[H],C[C@@H]1[C@H](O)[C@@H]2C(CO)=CC[C@H]3[C@@H]2[C@H]1CC[C@H]3C,-49.0,-27.22,27.22,49.0,-115.81394999999999,115.81394999999999,-64.33583099999998,64.33583099999998,C1,True,C1,True,-1.0,-1.0
32450515,[H][C@]12CC[C@@H](C)[C@@]3([H])CC=C(C)[C@@]([H])([C@@H](O)[C@H]1C)[C@@]23[H],CC1=CC[C@H]2[C@@H]3[C@@H](CC[C@H]2C)[C@H](C)[C@H](O)[C@H]13,-44.0,12.93,12.93,44.0,-96.95664000000001,96.95664000000001,28.492030800000002,28.492030800000002,C1,True,C1,True,-1.0,1.0
32455574,COC(=O)CC[C@H]1C[C@@H]1CC[C@H](O)CCO,COC(=O)CC[C@H]1C[C@@H]1CC[C@H](O)CCO,7.65,113.69,113.69,7.65,17.618256,17.618256,261.8326176,261.8326176,C1,True,C1,True,1.0,1.0
32462073,CC1=CC=C(C=C1)[C@H]1CCC(=O)N1,Cc1ccc([C@H]2CCC(=O)N2)cc1,47.87,20.2,20.2,47.87,83.8830797,83.8830797,35.396662,35.396662,C1,True,C1,True,1.0,1.0
32463835,N[C@@H](C\C=C\C1=CC=CC=C1)C(F)(F)F,N[C@@H](C/C=C/c1ccccc1)C(F)(F)F,-101.4,-265.17,265.17,101.4,-218.23105199999998,218.23105199999998,-570.6935705999999,570.6935705999999,C1,True,C1,True,-1.0,-1.0
32466436,[H][C@]12CC(CC)(CC)[C@@]1([H])CCCC2=O,CCC1(CC)C[C@@H]2C(=O)CCC[C@@H]21,77.5,130.65,130.65,77.5,139.72552499999995,139.72552499999995,235.55019149999993,235.55019149999993,C1,True,C1,True,1.0,1.0
32466438,[H][C@]12CC3(CCCCC3)[C@@]1([H])CCCC2=O,O=C1CCC[C@H]2[C@@H]1CC21CCCCC1,91.7,185.61,185.61,91.7,176.34093399999995,176.34093399999995,356.9317421999999,356.9317421999999,C1,True,C1,True,1.0,1.0
32466441,[H][C@]12CC3(CCCCCC3)[C@@]1([H])CCCC2=O,O=C1CCC[C@H]2[C@@H]1CC21CCCCCC1,105.0,152.1,152.1,105.0,216.6454499999999,216.6454499999999,313.8264089999999,313.8264089999999,C1,True,C1,True,1.0,1.0
32466447,[H][C@]12CC3(CCOCC3)[C@@]1([H])CCCC2=O,O=C1CCC[C@H]2[C@@H]1CC21CCOCC1,136.0,168.15,168.15,136.0,264.2126399999999,264.2126399999999,326.6717309999999,326.6717309999999,C1,True,C1,True,1.0,1.0
32466450,[H][C@]12CC(Cl)(Cl)[C@@]1([H])CCCC2=O,O=C1CCC[C@H]2[C@@H]1CC2(Cl)Cl,112.0,157.94,157.94,112.0,216.24176,216.24176,304.9394962,304.9394962,C1,True,C1,True,1.0,1.0
32466454,[H][C@]12CC(CCl)(CCl)[C@@]1([H])CCCC2=O,O=C1CCC[C@H]2[C@@H]1CC2(CCl)CCl,142.0,278.52,278.52,142.0,314.00033999999994,314.00033999999994,615.8829203999999,615.8829203999999,C1,True,C1,True,1.0,1.0
32466468,[H][C@@]12CC[C@]1([H])C(=O)CC(C)(C)C2,CC1(C)CC(=O)[C@H]2CC[C@H]2C1,187.0,138.49,138.49,187.0,284.68318999999997,284.68318999999997,210.8330213,210.8330213,C1,True,C1,True,1.0,1.0
32466471,[H][C@]12CC(C)(C)[C@@]1([H])CC(C)(C)CC2=O,CC1(C)CC(=O)[C@H]2CC(C)(C)[C@H]2C1,228.0,167.98,167.98,228.0,411.0634799999999,411.0634799999999,302.8528217999999,302.8528217999999,C1,True,C1,True,1.0,1.0
32466475,[H][C@]12CC(CC)(CC)[C@@]1([H])CC(C)(C)CC2=O,CCC1(CC)C[C@@H]2C(=O)CC(C)(C)C[C@@H]21,202.0,113.02,113.02,202.0,420.8568999999999,420.8568999999999,235.47151899999994,235.47151899999994,C1,True,C1,True,1.0,1.0
32466477,[H][C@]12CC[C@@]1(C)CC(C)(C)CC2=O,CC1(C)CC(=O)[C@H]2CC[C@@]2(C)C1,169.0,118.52,118.52,169.0,280.98616,280.98616,197.05609279999996,197.05609279999996,C1,True,C1,True,1.0,1.0
32466479,[H][C@]12CC(Cl)(Cl)[C@@]1(C)CC(C)(C)CC2=O,CC1(C)CC(=O)[C@H]2CC(Cl)(Cl)[C@@]2(C)C1,135.0,102.85,102.85,135.0,317.4579,317.4579,241.85588899999996,241.85588899999996,C1,True,C1,True,1.0,1.0
32466486,[H][C@]12CC[C@@]1(CC)CCCC2=O,CC[C@]12CCCC(=O)[C@H]1CC2,110.0,158.36,158.36,110.0,167.46069999999997,167.46069999999997,241.08251319999997,241.08251319999997,C1,True,C1,True,1.0,1.0
32466488,[H][C@]12CC[C@@]1(C)CC=C[C@@]2(C)O,C[C@]12CC=C[C@@](C)(O)[C@H]1CC2,109.0,141.09,141.09,109.0,165.93832999999995,165.93832999999995,214.79118329999997,214.79118329999997,C1,True,C1,True,1.0,1.0
32843128,C[C@@H](NC(=O)CNC(=O)CCC=C)C(O)=O,C=CCCC(=O)NCC(=O)N[C@H](C)C(=O)O,5.21,72.05,72.05,5.21,11.8917208,11.8917208,164.45268399999998,164.45268399999998,C1,True,C1,True,1.0,1.0
32861501,C[C@@H]1CC\C=C(C)\CC\C=C(C)\COC(=O)C1,C/C1=C\CC[C@@H](C)CC(=O)OC/C(C)=C/CC1,36.1,-261.3,261.3,36.1,85.32415499999999,85.32415499999999,-617.595615,617.595615,C1,True,C1,True,1.0,-1.0
32861726,CCCN1[C@@H](C=O)[C@@H](OC2=CC=CC=C2)C1=O,CCCN1C(=O)[C@H](Oc2ccccc2)[C@@H]1C=O,72.4,247.03,247.03,72.4,168.885308,168.885308,576.2394701,576.2394701,C1,True,C1,True,1.0,1.0
32932191,CO[C@@H]1CC(\C=N\N(C)C)=C[C@@H](OC)[C@H]1OC,CO[C@@H]1[C@H](OC)C=C(/C=N/N(C)C)C[C@H]1OC,-272.3,-363.84,363.84,272.3,-659.8346369999999,659.8346369999999,-881.6534495999997,881.6534495999997,C1,True,C1,True,-1.0,-1.0
32947430,OC(=O)CC[C@@]1(NC(=O)NC1=O)C1=CC=CC=C1,O=C(O)CC[C@]1(c2ccccc2)NC(=O)NC1=O,-22.94,-95.05,95.05,22.94,-56.94579720000001,56.94579720000001,-235.95021900000003,235.95021900000003,C1,True,C1,True,-1.0,-1.0
32981147,ClC[C@@H]1CCCO1,ClC[C@@H]1CCCO1,-5.2,-165.63,165.63,5.2,-6.2701080000000005,6.2701080000000005,-199.71499770000003,199.71499770000003,C1,True,C1,True,-1.0,-1.0
33001339,[H][C@]12CO[C@]([H])(O1)[C@@H](OC(=O)C=C)C=C2,C=CC(=O)O[C@H]1C=C[C@H]2CO[C@@H]1O2,-143.0,-300.14,300.14,143.0,-260.5102499999999,260.5102499999999,-546.7800449999999,546.7800449999999,C1,True,C1,True,-1.0,-1.0
33001351,[H][C@]12CO[C@]([H])(O1)[C@@H](O)\C(C2)=C\C1=CC=CC=C1,O[C@H]1/C(=C/c2ccccc2)C[C@H]2CO[C@@H]1O2,-190.0,-222.62,222.62,190.0,-414.6787999999999,414.6787999999999,-485.8726023999999,485.8726023999999,C1,True,C1,True,-1.0,-1.0
33001354,[H][C@]12CO[C@]([H])(O1)[C@@H](O)[C@@H](CC1=CC=CC=C1)C2,O[C@H]1[C@@H](Cc2ccccc2)C[C@H]2CO[C@@H]1O2,62.0,-5.31,5.31,62.0,136.56615999999997,136.56615999999997,-11.696230799999997,11.696230799999997,C1,True,C1,True,1.0,-1.0
33001355,[H][C@]12CO[C@]([H])(O1)[C@@H](O)[C@H](CC1=CC=CC=C1)C2,O[C@H]1[C@H](Cc2ccccc2)C[C@H]2CO[C@@H]1O2,-50.0,-135.8,135.8,50.0,-110.13399999999997,110.13399999999997,-299.12394399999994,299.12394399999994,C1,True,C1,True,-1.0,-1.0
33001369,[H][C@]12CO[C@]([H])(O1)[C@H](O)[C@H](CC1=CC=CC=C1)C2,O[C@@H]1[C@H](Cc2ccccc2)C[C@H]2CO[C@@H]1O2,-72.0,-38.77,38.77,72.0,-158.59295999999998,158.59295999999998,-85.39790359999999,85.39790359999999,C1,True,C1,True,-1.0,-1.0
33112331,CC1=C(C=CC=C1)[C@@H]1CCC2=C(C=CC=C2)[C@@H]1O,Cc1ccccc1[C@@H]1CCc2ccccc2[C@@H]1O,171.33,271.06,271.06,171.33,408.3307890000001,408.3307890000001,646.017298,646.017298,C1,True,C1,True,1.0,1.0
33230443,N[C@@H](C=C)C1=CC2=CC=CC=C2C2=CC=CC=C12,C=C[C@H](N)c1cc2ccccc2c2ccccc12,-19.2,-39.16,39.16,19.2,-44.796288,44.796288,-91.36576239999998,91.36576239999998,C1,True,C1,True,-1.0,-1.0
33254146,CC(C)(C)[Si](C)(C)OC[C@@H]1NC(=O)OC1=O,CC(C)(C)[Si](C)(C)OC[C@@H]1NC(=O)OC1=O,-42.5,-117.3,117.3,42.5,-104.274175,104.274175,-287.79672299999993,287.79672299999993,C1,True,C1,True,-1.0,-1.0
33356756,CC1=C(O)C2=C(C=C1)C(C)(C)C[C@]2(C)CO,Cc1ccc2c(c1O)[C@@](C)(CO)CC2(C)C,-42.3,-85.29,85.29,42.3,-93.19197599999998,93.19197599999998,-187.9041048,187.9041048,C1,True,C1,True,-1.0,-1.0
33370376,C[C@@H]1CC(=O)C2=C(S1)C=CC=C2,C[C@@H]1CC(=O)c2ccccc2S1,-61.485,135.26,135.26,61.485,-109.60070159999998,109.60070159999998,241.10906559999995,241.10906559999995,C1,True,C1,True,-1.0,1.0
33370378,COC1=CC=C2S[C@H](C)CC(=O)C2=C1,COc1ccc2c(c1)C(=O)C[C@@H](C)S2,-59.32,163.61,163.61,59.32,-123.5528824,123.5528824,340.7701802,340.7701802,C1,True,C1,True,-1.0,1.0
33370379,C[C@@H]1CC(=O)C2=C(C)C=CC=C2S1,Cc1cccc2c1C(=O)C[C@@H](C)S2,-188.18,183.27,183.27,188.18,-361.83814939999996,361.83814939999996,352.39705410000005,352.39705410000005,C1,True,C1,True,-1.0,1.0
33370380,C[C@@H]1CC(=O)C2=CC(C)=CC=C2S1,Cc1ccc2c(c1)C(=O)C[C@@H](C)S2,-46.635,116.26,116.26,46.635,-89.67117704999998,89.67117704999998,223.5482158,223.5482158,C1,True,C1,True,-1.0,1.0
33370381,C[C@@H]1CC(=O)C2=CC=C(C)C=C2S1,Cc1ccc2c(c1)S[C@H](C)CC2=O,-93.56,135.5,135.5,93.56,-179.8999748,179.8999748,260.54346499999997,260.54346499999997,C1,True,C1,True,-1.0,1.0
33370382,C[C@@H]1CC(=O)C2=CC=CC(C)=C2S1,Cc1cccc2c1S[C@H](C)CC2=O,-129.415,158.11,158.11,129.415,-248.84304444999998,248.84304444999998,304.01865130000004,304.01865130000004,C1,True,C1,True,-1.0,1.0
33370385,C[C@@H]1CC(=O)C2=CC(C)=C(C)C=C2S1,Cc1cc2c(cc1C)C(=O)C[C@@H](C)S2,-6.89,153.49,153.49,6.89,-14.214758999999997,14.214758999999997,316.665219,316.665219,C1,True,C1,True,-1.0,1.0
33370387,C[C@@H]1CC(=O)C2=CC(F)=CC=C2S1,C[C@@H]1CC(=O)c2cc(F)ccc2S1,-85.05,168.29,168.29,85.05,-166.90722300000002,166.90722300000002,330.2623934,330.2623934,C1,True,C1,True,-1.0,1.0
33370388,C[C@@H]1CC(=O)C2=CC=C(F)C=C2S1,C[C@@H]1CC(=O)c2ccc(F)cc2S1,-117.1,120.84,120.84,117.1,-229.80406599999998,229.80406599999998,237.14366639999997,237.14366639999997,C1,True,C1,True,-1.0,1.0
33370389,C[C@@H]1CC(=O)C2=CC(Cl)=CC=C2S1,C[C@@H]1CC(=O)c2cc(Cl)ccc2S1,-106.13,168.49,168.49,106.13,-225.7395713,225.7395713,358.3799149,358.3799149,C1,True,C1,True,-1.0,1.0
33370396,CC(C)(C)[C@H]1CC(=O)C2=CC=CC=C2S1,CC(C)(C)[C@H]1CC(=O)c2ccccc2S1,-0.87,-106.33,106.33,0.87,-1.9169319000000002,1.9169319000000002,-234.28433210000003,234.28433210000003,C1,True,C1,True,-1.0,-1.0
33377213,CN1C(=O)[C@@]2(NCCN3C=CC=C23)C2=CC=CC=C12,CN1C(=O)[C@@]2(NCCn3cccc32)c2ccccc21,-89.52,136.03,136.03,89.52,-226.758636,226.758636,344.57079150000004,344.57079150000004,C1,True,C1,True,-1.0,1.0
33433642,O=[S@@](CCCN=N#N)C1=CC=CC=C1,[N-]=[N+]=NCCC[S@](=O)c1ccccc1,-0.92,-80.87,80.87,0.92,-1.9253208000000004,1.9253208000000004,-169.23988380000003,169.23988380000003,C1,True,C1,True,-1.0,-1.0
33582630,CC(C)(C)OC(=O)NC[C@@H]1OC(=O)C=CC1=O,CC(C)(C)OC(=O)NC[C@@H]1OC(=O)C=CC1=O,-51.0,-365.62,365.62,51.0,-123.03392999999998,123.03392999999998,-882.0326565999999,882.0326565999999,C1,True,C1,True,-1.0,-1.0
33601102,CC(C)OC(=O)[C@](O)(CN(=O)=O)C1=CC=CC=C1,CC(C)OC(=O)[C@](O)(C[N+](=O)[O-])c1ccccc1,-4.2,84.57,84.57,4.2,-10.636668,10.636668,214.17690779999998,214.17690779999998,C1,True,C1,True,-1.0,1.0
33611126,[H][C@]12CC(=O)C(C[C@]1(C)[C@@H](C)CCC2=O)=C(C)C,CC(C)=C1C[C@@]2(C)[C@H](CC1=O)C(=O)CC[C@@H]2C,-8.0,-103.48,103.48,8.0,-18.747119999999995,18.747119999999995,-242.49399719999994,242.49399719999994,C1,True,C1,True,-1.0,-1.0
33611129,[H][C@@]12CC(=O)C(C[C@]1(C)[C@@H](C)CCC2=O)=C(C)C,CC(C)=C1C[C@]2(C)[C@@H](C)CCC(=O)[C@@H]2CC1=O,-24.0,189.04,189.04,24.0,-56.241359999999986,56.241359999999986,442.9944455999999,442.9944455999999,C1,True,C1,True,-1.0,1.0
33611130,C[C@H]1CCC(=O)[C@]2(O)CC(=O)C(C[C@]12C)=C(C)C,CC(C)=C1C[C@]2(C)[C@@H](C)CCC(=O)[C@]2(O)CC1=O,9.0,-62.42,62.42,9.0,22.530419999999996,22.530419999999996,-156.26097959999998,156.26097959999998,C1,True,C1,True,1.0,-1.0
33611133,[H][C@@]12CC(=O)C(C[C@]1(C)[C@@H](C)CC[C@@H]2O)=C(C)C,CC(C)=C1C[C@]2(C)[C@@H](C)CC[C@H](O)[C@@H]2CC1=O,42.0,-71.41,71.41,42.0,99.26909999999998,99.26909999999998,-168.78110549999997,168.78110549999997,C1,True,C1,True,1.0,-1.0
33611134,[H][C@]12C[C@@H](O)[C@@H](C[C@]1(C)[C@@H](C)CCC2=O)C(C)C,CC(C)[C@@H]1C[C@@]2(C)[C@H](C[C@H]1O)C(=O)CC[C@@H]2C,-64.0,-107.62,107.62,64.0,-152.55743999999999,152.55743999999999,-256.5348702,256.5348702,C1,True,C1,True,-1.0,-1.0
33611136,[H][C@]12CC(=O)[C@@H](C[C@]1(C)[C@@H](C)CC[C@H]2O)C(C)C,CC(C)[C@@H]1C[C@@]2(C)[C@H](CC1=O)[C@H](O)CC[C@@H]2C,-452.0,-63.7,63.7,452.0,-1077.4369199999999,1077.4369199999999,-151.84232699999998,151.84232699999998,C1,True,C1,True,-1.0,-1.0
33611140,C[C@H]1CC[C@@H](O)[C@@]2(O)C[C@@H](O)[C@@H](C[C@]12C)C(C)=C,C=C(C)[C@@H]1C[C@]2(C)[C@@H](C)CC[C@@H](O)[C@@]2(O)C[C@H]1O,-46.0,4.55,4.55,46.0,-117.01019999999998,117.01019999999998,11.573834999999999,11.573834999999999,C1,True,C1,True,-1.0,1.0
33611141,[H][C@@]12CC(=O)[C@H](C[C@]1(C)[C@@H](C)CCC2=O)C(C)C,CC(C)[C@H]1C[C@]2(C)[C@@H](C)CCC(=O)[C@@H]2CC1=O,-134.0,-207.65,207.65,134.0,-316.7156999999999,316.7156999999999,-490.7911574999999,490.7911574999999,C1,True,C1,True,-1.0,-1.0
33611144,[H][C@]12CC(=O)[C@@H](C[C@]1(C)[C@@H](C)CCC2=O)C(C)C,CC(C)[C@@H]1C[C@@]2(C)[C@H](CC1=O)C(=O)CC[C@@H]2C,-41.0,-54.51,54.51,41.0,-96.90554999999999,96.90554999999999,-128.8371105,128.8371105,C1,True,C1,True,-1.0,-1.0
33611145,[H][C@]12CC(=O)[C@@H](C[C@]1(C)[C@@H](C)CCC2=O)C(C)(C)O,C[C@H]1CCC(=O)[C@H]2CC(=O)[C@H](C(C)(C)O)C[C@@]21C,-28.0,-99.38,99.38,28.0,-70.65911999999999,70.65911999999999,-250.78940519999992,250.78940519999992,C1,True,C1,True,-1.0,-1.0
33611146,[H][C@]12CC(=O)[C@@H](C[C@]1(C)[C@@H](C)[C@H](O)CC2=O)C(C)C,CC(C)[C@@H]1C[C@@]2(C)[C@H](CC1=O)C(=O)C[C@@H](O)[C@@H]2C,-47.0,-108.8,108.8,47.0,-118.60637999999999,118.60637999999999,-274.561152,274.561152,C1,True,C1,True,-1.0,-1.0
33611148,[H][C@]12CC(=O)[C@](O)(C[C@]1(C)[C@@H](C)CCC2=O)C(C)C,CC(C)[C@@]1(O)C[C@@]2(C)[C@H](CC1=O)C(=O)CC[C@@H]2C,54.0,124.5,124.5,54.0,136.27115999999995,136.27115999999995,314.18072999999987,314.18072999999987,C1,True,C1,True,1.0,1.0
33611149,[H][C@]12CC(=O)[C@@](O)(C[C@]1(C)[C@@H](C)CCC2=O)C(C)C,CC(C)[C@]1(O)C[C@@]2(C)[C@H](CC1=O)C(=O)CC[C@@H]2C,8.0,27.73,27.73,8.0,20.188319999999994,20.188319999999994,69.97776419999998,69.97776419999998,C1,True,C1,True,1.0,1.0
33832771,FC[C@H](F)C1=CC=C(C=C1)N(=O)=O,O=[N+]([O-])c1ccc([C@@H](F)CF)cc1,-18.4,32.89,32.89,18.4,-34.434679999999986,34.434679999999986,61.55199049999998,61.55199049999998,C1,True,C1,True,-1.0,1.0
33832825,FC[C@@H](F)C1=CC(=CC=C1)N(=O)=O,O=[N+]([O-])c1cccc([C@H](F)CF)c1,21.7,-7.56,7.56,21.7,40.61046499999999,40.61046499999999,-14.148161999999996,14.148161999999996,C1,True,C1,True,1.0,-1.0
33832826,FC[C@@H](F)C1=C(C=CC=C1)N(=O)=O,O=[N+]([O-])c1ccccc1[C@H](F)CF,-115.0,-397.91,397.91,115.0,-215.21674999999996,215.21674999999996,-744.6686694999999,744.6686694999999,C1,True,C1,True,-1.0,-1.0
33832827,FC[C@@H](F)C1=CC=C(C=C1)C#N,N#Cc1ccc([C@H](F)CF)cc1,28.4,-53.37,53.37,28.4,47.472871999999995,47.472871999999995,-89.21222459999998,89.21222459999998,C1,True,C1,True,1.0,-1.0
33832828,FC[C@@H](F)C1=CC=CC(=C1)C#N,N#Cc1cccc([C@H](F)CF)c1,25.2,-111.61,111.61,25.2,42.12381599999999,42.12381599999999,-186.56504379999996,186.56504379999996,C1,True,C1,True,1.0,-1.0
33832829,FC[C@@H](F)C1=CC=C(C=C1)C(F)(F)F,FC[C@@H](F)c1ccc(C(F)(F)F)cc1,13.1,-34.0,34.0,13.1,27.528994999999995,27.528994999999995,-71.44929999999998,71.44929999999998,C1,True,C1,True,1.0,-1.0
33832833,COC(=O)[C@@H](O)CC1=C(C)C=C(C)C=C1C,COC(=O)[C@@H](O)Cc1c(C)cc(C)cc1C,2.8,122.82,122.82,2.8,6.223952,6.223952,273.00920879999995,273.00920879999995,C1,True,C1,True,1.0,1.0
33832837,FC[C@@H](F)C1=C(Cl)C=CC(=C1)N(=O)=O,O=[N+]([O-])c1ccc(Cl)c([C@H](F)CF)c1,15.2,-20.0,20.0,15.2,33.68167999999999,33.68167999999999,-44.31799999999999,44.31799999999999,C1,True,C1,True,1.0,-1.0
33832838,FC[C@@H](F)C1=C(F)C=CC(=C1)N(=O)=O,O=[N+]([O-])c1ccc(F)c([C@H](F)CF)c1,6.1,-46.91,46.91,6.1,12.513234999999998,12.513234999999998,-96.22882849999998,96.22882849999998,C1,True,C1,True,1.0,-1.0
33832840,FC[C@@H](F)C1=CC(F)=C(C=C1)C#N,N#Cc1ccc([C@H](F)CF)cc1F,20.1,-59.73,59.73,20.1,37.21474799999999,37.21474799999999,-110.58890039999997,110.58890039999997,C1,True,C1,True,1.0,-1.0
33832845,FC[C@@H](F)C1=CC=C(C=C1)C(=O)C(F)(F)F,O=C(c1ccc([C@H](F)CF)cc1)C(F)(F)F,16.7,-21.8,21.8,16.7,39.77188499999999,39.77188499999999,-51.91779,51.91779,C1,True,C1,True,1.0,-1.0
33862798,[H][C@@]12CC3=CNC4=C3C(=CC=C4)[C@]11C[C@]1(C)C(=O)N2C,CN1C(=O)[C@@]2(C)C[C@]23c2cccc4[nH]cc(c24)C[C@@H]13,-81.0,-127.73,127.73,81.0,-204.37677,204.37677,-322.2845041,322.2845041,C1,True,C1,True,-1.0,-1.0
33886031,[H][C@]12OCO[C@@H](C(=O)OC)[C@@]1([H])OCO[C@@H]2CCl,COC(=O)[C@@H]1OCO[C@H]2[C@@H]1OCO[C@@H]2CCl,37.9,-48.69,48.69,37.9,95.75434999999999,95.75434999999999,-123.01528499999999,123.01528499999999,C1,True,C1,True,1.0,-1.0
33934539,CCN(CC)C1=C2N=CN([C@@H](C)CO)C2=NC=N1,CCN(CC)c1ncnc2c1ncn2[C@@H](C)CO,-22.0,195.58,195.58,22.0,-54.84996,54.84996,487.61614440000005,487.61614440000005,C1,True,C1,True,-1.0,1.0
33994262,CC[C@H](CN(=O)=O)\C=C\C1=CC=C(Cl)C=C1,CC[C@@H](/C=C/c1ccc(Cl)cc1)C[N+](=O)[O-],-48.7,-171.51,171.51,48.7,-116.734874,116.734874,-411.11290019999996,411.11290019999996,C1,True,C1,True,-1.0,-1.0
33994263,CC[C@H](CN(=O)=O)\C=C\C1=CC=CC(Cl)=C1,CC[C@@H](/C=C/c1cccc(Cl)c1)C[N+](=O)[O-],-39.0,-82.09,82.09,39.0,-93.48377999999998,93.48377999999998,-196.77137179999997,196.77137179999997,C1,True,C1,True,-1.0,-1.0
33994264,CC[C@H](CN(=O)=O)\C=C\C1=C(Cl)C=CC=C1,CC[C@@H](/C=C/c1ccccc1Cl)C[N+](=O)[O-],-38.8,-288.99,288.99,38.8,-93.00437599999998,93.00437599999998,-692.7148097999999,692.7148097999999,C1,True,C1,True,-1.0,-1.0
33994265,CC[C@H](CN(=O)=O)\C=C\C1=CC=C(F)C=C1,CC[C@@H](/C=C/c1ccc(F)cc1)C[N+](=O)[O-],-36.6,-224.96,224.96,36.6,-81.70840199999999,81.70840199999999,-502.21645119999994,502.21645119999994,C1,True,C1,True,-1.0,-1.0
33994266,CC[C@H](CN(=O)=O)\C=C\C1=CC=C(C)C=C1,CC[C@@H](/C=C/c1ccc(C)cc1)C[N+](=O)[O-],-56.1,-0.25,0.25,56.1,-123.01832399999998,123.01832399999998,-0.5482099999999999,0.5482099999999999,C1,True,C1,True,-1.0,-1.0
33994267,CC[C@H](CN(=O)=O)\C=C\C1=CC=C(OC)C=C1,CC[C@@H](/C=C/c1ccc(OC)cc1)C[N+](=O)[O-],-51.3,-117.74,117.74,51.3,-120.70017899999998,120.70017899999998,-277.0222041999999,277.0222041999999,C1,True,C1,True,-1.0,-1.0
33994268,CC[C@H](CN(=O)=O)\C=C\C1=CC=CC(OC)=C1,CC[C@@H](/C=C/c1cccc(OC)c1)C[N+](=O)[O-],-39.6,-163.26,163.26,39.6,-93.17206799999998,93.17206799999998,-384.1230257999999,384.1230257999999,C1,True,C1,True,-1.0,-1.0
33994269,CC[C@H](CN(=O)=O)\C=C\C1=C(OC)C=CC=C1,CC[C@@H](/C=C/c1ccccc1OC)C[N+](=O)[O-],-35.7,65.55,65.55,35.7,-83.99603099999999,83.99603099999999,154.22800649999996,154.22800649999996,C1,True,C1,True,-1.0,1.0
33994270,CC[C@H](CN(=O)=O)\C=C\C1=CC=CO1,CC[C@@H](/C=C/c1ccco1)C[N+](=O)[O-],-47.9,-102.95,102.95,47.9,-93.50942199999997,93.50942199999997,-200.97693099999998,200.97693099999998,C1,True,C1,True,-1.0,-1.0
33994272,CC[C@H](CN(=O)=O)\C=C\C1=CC2=CC=CC=C2C=C1,CC[C@@H](/C=C/c1ccc2ccccc2c1)C[N+](=O)[O-],-42.9,-403.32,403.32,42.9,-109.53099299999998,109.53099299999998,-1029.7445244,1029.7445244,C1,True,C1,True,-1.0,-1.0
33994277,CCOC(=O)\C=C\[C@H](CC)CN(=O)=O,CCOC(=O)/C=C/[C@H](CC)C[N+](=O)[O-],-8.8,-105.21,105.21,8.8,-17.707535999999998,17.707535999999998,-211.70566619999994,211.70566619999994,C1,True,C1,True,-1.0,-1.0
33994296,CC[C@H](CN(=O)=O)\C=C\C1=CC=CC=C1,CC[C@@H](/C=C/c1ccccc1)C[N+](=O)[O-],-63.0,-364.62,364.62,63.0,-129.31190999999998,129.31190999999998,-748.4080734,748.4080734,C1,True,C1,True,-1.0,-1.0
34004546,CCCCC[C@@H](CC=O)C(=O)C1=CC=CC=C1,CCCCC[C@@H](CC=O)C(=O)c1ccccc1,-36.67,-51.57,51.57,36.67,-85.1928441,85.1928441,-119.8089711,119.8089711,C1,True,C1,True,-1.0,-1.0
34009156,CC1=CC=C([C@@H](O)C2=CC=CC=C2)C2=CC=CC=C12,Cc1ccc([C@@H](O)c2ccccc2)c2ccccc12,-35.38,159.76,159.76,35.38,-87.85738500000001,87.85738500000001,396.72402,396.72402,C1,True,C1,True,-1.0,1.0
34018250,CC(C)OC(=O)[C@](O)(CN(=O)=O)C1=CC=CO1,CC(C)OC(=O)[C@](O)(C[N+](=O)[O-])c1ccco1,3.1,-29.06,29.06,3.1,7.539665,7.539665,-70.67827899999999,70.67827899999999,C1,True,C1,True,1.0,-1.0
34024064,CC[C@]1(C)CCCC(Cl)=C1C=O,CC[C@]1(C)CCCC(Cl)=C1C=O,14.0,19.3,19.3,14.0,26.135479999999998,26.135479999999998,36.029626,36.029626,C1,True,C1,True,1.0,1.0
34024065,C[C@@]1(CCCCO)CCCC(Cl)=C1C=O,C[C@@]1(CCCCO)CCCC(Cl)=C1C=O,18.0,-89.72,89.72,18.0,41.53229999999999,41.53229999999999,-207.01544199999998,207.01544199999998,C1,True,C1,True,1.0,-1.0
34096843,[H][C@]12O[C@@]1([H])[C@@]1([H])C[C@]2([H])[C@]2([H])C=CC(=O)[C@]12[H],O=C1C=C[C@H]2[C@H]3C[C@H]([C@@H]4O[C@H]34)[C@@H]12,-200.8,-134.43,134.43,200.8,-325.673504,325.673504,-218.02932840000003,218.02932840000003,C1,True,C1,True,-1.0,-1.0
34096844,[H][C@@]12CC[C@@]([H])(C1)[C@@]1([H])C(=O)C=C[C@@]21[H],O=C1C=C[C@H]2[C@@H]3CC[C@@H](C3)[C@@H]12,-777.3,-141.0,141.0,777.3,-1151.9974649999997,1151.9974649999997,-208.96904999999998,208.96904999999998,C1,True,C1,True,-1.0,-1.0
34096847,[H][C@@]12CC[C@@]([H])(C1)[C@@]1([H])C(=O)C(CO)=C[C@@]21[H],O=C1C(CO)=C[C@H]2[C@@H]3CC[C@@H](C3)[C@@H]12,-126.5,-43.16,43.16,126.5,-225.46221499999996,225.46221499999996,-76.92449959999998,76.92449959999998,C1,True,C1,True,-1.0,-1.0
34096848,[H][C@@]12CC[C@@]([H])(C1)[C@@]1([H])C(=O)C(=C[C@@]21[H])[Si](C)(C)C,C[Si](C)(C)C1=C[C@H]2[C@@H]3CC[C@@H](C3)[C@H]2C1=O,-142.0,-15.87,15.87,142.0,-312.9509599999999,312.9509599999999,-34.975575599999985,34.975575599999985,C1,True,C1,True,-1.0,-1.0
34096871,[H][C@]12C[C@]([H])(C=C1)[C@@]1([H])C(=O)C(CCCCC)=C[C@@]21[H],CCCCCC1=C[C@@H]2[C@H](C1=O)[C@H]1C=C[C@@H]2C1,-37.6,9.89,9.89,37.6,-81.337824,81.337824,21.3944436,21.3944436,C1,True,C1,True,-1.0,1.0
34096872,[H][C@]12C[C@]([H])(C=C1)[C@@]1([H])C(=O)C(CCC(C)C)=C[C@@]21[H],CC(C)CCC1=C[C@@H]2[C@H](C1=O)[C@H]1C=C[C@@H]2C1,-58.0,-168.95,168.95,58.0,-125.46791999999999,125.46791999999999,-365.47939799999995,365.47939799999995,C1,True,C1,True,-1.0,-1.0
34096873,[H][C@]12C[C@]([H])(C=C1)[C@@]1([H])C(=O)C(=C[C@@]21[H])C1CC1,O=C1C(C2CC2)=C[C@@H]2[C@H]1[C@H]1C=C[C@@H]2C1,-34.6,105.96,105.96,34.6,-64.443884,64.443884,197.35473839999997,197.35473839999997,C1,True,C1,True,-1.0,1.0
34096874,[H][C@]12C[C@]([H])(C=C1)[C@@]1([H])C(=O)C(=C[C@@]21[H])C1CCCCC1,O=C1C(C2CCCCC2)=C[C@@H]2[C@H]1[C@H]1C=C[C@@H]2C1,-42.5,-139.72,139.72,42.5,-97.042375,97.042375,-319.0296620000001,319.0296620000001,C1,True,C1,True,-1.0,-1.0
34096875,[H][C@]12C[C@]([H])(C=C1)[C@@]1([H])C(=O)C(COC3=CC=CC=C3)=C[C@@]21[H],O=C1C(COc2ccccc2)=C[C@@H]2[C@H]1[C@H]1C=C[C@@H]2C1,-2.7,29.65,29.65,2.7,-6.812451000000001,6.812451000000001,74.8108045,74.8108045,C1,True,C1,True,-1.0,1.0
34096876,[H][C@]12C[C@]([H])(C=C1)[C@@]1([H])C(=O)C(COC)=C[C@@]21[H],COCC1=C[C@@H]2[C@H](C1=O)[C@H]1C=C[C@@H]2C1,-70.0,-21.59,21.59,70.0,-133.1694,133.1694,-41.0732478,41.0732478,C1,True,C1,True,-1.0,-1.0
34151892,CO[C@@]1(CC(C)=C)CNCC=C(C)C1,C=C(C)C[C@]1(OC)CNCC=C(C)C1,19.8,120.91,120.91,19.8,38.670587999999995,38.670587999999995,236.1444845999999,236.1444845999999,C1,True,C1,True,1.0,1.0
34151894,CO[C@@]1(CNCC=C1)C=C,C=C[C@]1(OC)C=CCNC1,52.1,-136.67,136.67,52.1,72.52215799999999,72.52215799999999,-190.24190659999996,190.24190659999996,C1,True,C1,True,1.0,-1.0
34151898,OC[C@@]1(OCC=C1)C=C,C=C[C@]1(CO)C=CCO1,325.0,28.64,28.64,325.0,410.0037499999999,410.0037499999999,36.13079199999999,36.13079199999999,C1,True,C1,True,1.0,1.0
34151901,CC(=C)[C@]1(O)CNCC=C1C,C=C(C)[C@]1(O)CNCC=C1C,-10.5,-21.05,21.05,10.5,-16.088624999999997,16.088624999999997,-32.2538625,32.2538625,C1,True,C1,True,-1.0,-1.0
34151905,CO[C@@]1(CC(C)=C)CNCC\C=C(C)/C1,C=C(C)C[C@]1(OC)CNCC/C=C(/C)C1,-69.9,-51.27,51.27,69.9,-146.32376699999998,146.32376699999998,-107.32502909999998,107.32502909999998,C1,True,C1,True,-1.0,-1.0
34151906,CC(=C)C[C@]1(O)CNCC=C(C)C1,C=C(C)C[C@]1(O)CNCC=C(C)C1,-75.8,-286.14,286.14,75.8,-137.40948199999997,137.40948199999997,-518.7117305999999,518.7117305999999,C1,True,C1,True,-1.0,-1.0
34151909,CO[C@@]1(CNCCC=C1)C=C,C=C[C@]1(OC)C=CCCNC1,-4.2,-139.44,139.44,4.2,-6.435449999999999,6.435449999999999,-213.65693999999996,213.65693999999996,C1,True,C1,True,-1.0,-1.0
34157652,CC1=C(C)C2=CC(=O)[C@](C)(O)C(=O)C2=CO1,CC1=C(C)C2=CC(=O)[C@](C)(O)C(=O)C2=CO1,-21.9,179.9,179.9,21.9,-48.22905599999999,48.22905599999999,396.1829759999999,396.1829759999999,C1,True,C1,True,-1.0,1.0
34163321,[H][C@@]1(OC(C)(C)O[C@]1([H])[C@H](O)CC#C)[C@H](O)CO,C#CC[C@@H](O)[C@H]1OC(C)(C)O[C@@H]1[C@H](O)CO,20.0,84.12,84.12,20.0,46.052,46.052,193.694712,193.694712,C1,True,C1,True,1.0,1.0
34163323,[H][C@@]1(OC(C)(C)O[C@]1([H])[C@H](O)CC#C)[C@H](O)CN=N#N,C#CC[C@@H](O)[C@H]1OC(C)(C)O[C@@H]1[C@H](O)CN=[N+]=[N-],28.33,200.25,200.25,28.33,72.31912419999999,72.31912419999999,511.18618499999997,511.18618499999997,C1,True,C1,True,1.0,1.0
34256809,CCCCCC[C@H](C)CCC=C,C=CCC[C@@H](C)CCCCCC,-5.0,-64.56,64.56,5.0,-8.416199999999998,8.416199999999998,-108.66997439999997,108.66997439999997,C1,True,C1,True,-1.0,-1.0
34274736,CC(=C)C[C@]1(CO)CC(C)=C(C)CO1,C=C(C)C[C@]1(CO)CC(C)=C(C)CO1,28.8,-44.41,44.41,28.8,56.53151999999999,56.53151999999999,-87.17238899999998,87.17238899999998,C1,True,C1,True,1.0,-1.0
34274782,CC(=C)[C@@]1(CO)OCC=C1C,C=C(C)[C@@]1(CO)OCC=C1C,-136.5,-119.78,119.78,136.5,-210.49528499999997,210.49528499999997,-184.71154019999997,184.71154019999997,C1,True,C1,True,-1.0,-1.0
34274783,CC(=C)[C@@]1(CO)OCC(C)=C1C,C=C(C)[C@@]1(CO)OCC(C)=C1C,-112.7,-135.14,135.14,112.7,-189.60197199999996,189.60197199999996,-227.35413039999992,227.35413039999992,C1,True,C1,True,-1.0,-1.0
34274784,OC[C@@]1(CC=C)CC=CCO1,C=CC[C@]1(CO)CC=CCO1,42.2,171.18,171.18,42.2,65.07619799999999,65.07619799999999,263.9749661999999,263.9749661999999,C1,True,C1,True,1.0,1.0
34274785,CC(=C)C[C@]1(CO)CC(C)=CCO1,C=C(C)C[C@]1(CO)CC(C)=CCO1,37.7,-76.18,76.18,37.7,68.713151,68.713151,-138.8479534,138.8479534,C1,True,C1,True,1.0,-1.0
34288292,C([C@H]1CO1)C1=CC=C(C=C1)C1=CC=CC=C1,c1ccc(-c2ccc(C[C@H]3CO3)cc2)cc1,59.7,-24.28,24.28,59.7,125.53477199999999,125.53477199999999,-51.05501279999999,51.05501279999999,C1,True,C1,True,1.0,-1.0
34288293,O[C@H](CN=N#N)CC1=CC=C(C=C1)C1=CC=CC=C1,[N-]=[N+]=NC[C@@H](O)Cc1ccc(-c2ccccc2)cc1,-55.3,577.22,577.22,55.3,-140.077665,140.077665,1462.127121,1462.127121,C1,True,C1,True,-1.0,1.0
34290726,CCCC1=CCC[C@@H]1C(=O)C1=CC=CC=C1,CCCC1=CCC[C@@H]1C(=O)c1ccccc1,-19.6,173.85,173.85,19.6,-42.00436800000001,42.00436800000001,372.57445799999994,372.57445799999994,C1,True,C1,True,-1.0,1.0
34290727,CCC1=CCC[C@@H]1C(=O)C1=CC=CC=C1,CCC1=CCC[C@@H]1C(=O)c1ccccc1,-23.1,167.73,167.73,23.1,-46.264911000000005,46.264911000000005,335.9313213,335.9313213,C1,True,C1,True,-1.0,1.0
34290728,CCCCC1=CCC[C@@H]1C(=O)C1=CC=CC=C1,CCCCC1=CCC[C@@H]1C(=O)c1ccccc1,-31.4,150.18,150.18,31.4,-71.69719,71.69719,342.91350300000005,342.91350300000005,C1,True,C1,True,-1.0,1.0
34290729,CC(C)CC1=CCC[C@@H]1C(=O)C1=CC=CC=C1,CC(C)CC1=CCC[C@@H]1C(=O)c1ccccc1,-24.9,-378.11,378.11,24.9,-56.855415,56.855415,-863.3574685000001,863.3574685000001,C1,True,C1,True,-1.0,-1.0
34290731,O=C([C@H]1CCC=C1C1=CC=CC=C1)C1=CC=CC=C1,O=C(c1ccccc1)[C@H]1CCC=C1c1ccccc1,-34.6,-401.3,401.3,34.6,-85.92044999999999,85.92044999999999,-996.5282249999998,996.5282249999998,C1,True,C1,True,-1.0,-1.0
34290735,C=CCC1=CCC[C@@H]1C(=O)C1=CC=CC=C1,C=CCC1=CCC[C@@H]1C(=O)c1ccccc1,-1.5,-79.85,79.85,1.5,-3.18438,3.18438,-169.51516199999998,169.51516199999998,C1,True,C1,True,-1.0,-1.0
34290736,CCCC1=CCC[C@@H]1C(=O)C1=C(OC)C=CC=C1,CCCC1=CCC[C@@H]1C(=O)c1ccccc1OC,-45.0,-75.47,75.47,45.0,-109.95029999999998,109.95029999999998,-184.3988698,184.3988698,C1,True,C1,True,-1.0,-1.0
34290740,CCCC1=CCC[C@@]11CC2=C(C=CC=C2)C1=O,CCCC1=CCC[C@@]12Cc1ccccc1C2=O,-131.7,-385.08,385.08,131.7,-298.06212299999993,298.06212299999993,-871.5092051999999,871.5092051999999,C1,True,C1,True,-1.0,-1.0
34290741,CCCC1=CCC[C@@]11CCC2=C(C=CC=C2)C1=O,CCCC1=CCC[C@@]12CCc1ccccc1C2=O,-12.3,-122.85,122.85,12.3,-29.562558,29.562558,-295.26506099999995,295.26506099999995,C1,True,C1,True,-1.0,-1.0
34290742,CC1=CCC[C@@]11CCC2=C(C=CC=C2)C1=O,CC1=CCC[C@@]12CCc1ccccc1C2=O,-21.1,-50.8,50.8,21.1,-44.79361200000001,44.79361200000001,-107.844336,107.844336,C1,True,C1,True,-1.0,-1.0
34290744,CCCC1=CCC[C@@H]1C(=O)C1=CC=CS1,CCCC1=CCC[C@@H]1C(=O)c1cccs1,-89.5,177.68,177.68,89.5,-197.20161499999998,197.20161499999998,391.4947816,391.4947816,C1,True,C1,True,-1.0,1.0
34290745,CCCC1=CCC[C@@H]1C(=O)C1=CC=CO1,CCCC1=CCC[C@@H]1C(=O)c1ccco1,-103.8,163.61,163.61,103.8,-212.03122199999999,212.03122199999999,334.2045109,334.2045109,C1,True,C1,True,-1.0,1.0
34290746,CCCC1=CCC[C@@H]1C(=O)CC,CCCC1=CCC[C@@H]1C(=O)CC,-189.3,-374.42,374.42,189.3,-314.73775199999994,314.73775199999994,-622.5256687999998,622.5256687999998,C1,True,C1,True,-1.0,-1.0
34290747,CCCCC(=O)[C@H]1CCC=C1CCC,CCCCC(=O)[C@H]1CCC=C1CCC,-136.9,-192.81,192.81,136.9,-266.02134199999995,266.02134199999995,-374.66453579999995,374.66453579999995,C1,True,C1,True,-1.0,-1.0
34290748,CCCC1=CCC[C@@]11CCCC1=O,CCCC1=CCC[C@@]12CCCC2=O,-42.5,-473.14,473.14,42.5,-75.76687499999998,75.76687499999998,-843.4903349999997,843.4903349999997,C1,True,C1,True,-1.0,-1.0
34347506,NC1=NC=NC2=C1N=CN2[C@H]1CCC[C@H]1O,Nc1ncnc2c1ncn2[C@H]1CCC[C@H]1O,-39.86,-53.65,53.65,39.86,-87.3922528,87.3922528,-117.62655199999998,117.62655199999998,C1,True,C1,True,-1.0,-1.0
34347507,COC1=NC=NC2=C1N=CN2[C@H]1CCC[C@@H]1F,COc1ncnc2c1ncn2[C@H]1CCC[C@@H]1F,12.6,46.68,46.68,12.6,29.767499999999995,29.767499999999995,110.28149999999998,110.28149999999998,C1,True,C1,True,1.0,1.0
34347512,COC1=NC=NC2=C1N=CN2[C@H]1CCC[C@@H]1N,COc1ncnc2c1ncn2[C@H]1CCC[C@@H]1N,34.18,-42.84,42.84,34.18,79.73339499999999,79.73339499999999,-99.93501,99.93501,C1,True,C1,True,1.0,-1.0
34348212,CCOC(=O)[C@@H]1CSC=C2CCC(=O)N12,CCOC(=O)[C@@H]1CSC=C2CCC(=O)N21,-0.88,204.82,204.82,0.88,-2.0001079999999996,2.0001079999999996,465.52513699999986,465.52513699999986,C1,True,C1,True,-1.0,1.0
34348215,CCOC(=O)[C@@H]1CSC=C2CCCC(=O)N12,CCOC(=O)[C@@H]1CSC=C2CCCC(=O)N21,-13.7,-11.79,11.79,13.7,-33.059743999999995,33.059743999999995,-28.450684799999994,28.450684799999994,C1,True,C1,True,-1.0,-1.0
34348232,CCOC(=O)[C@@H]1CS[C@@]2(C)CCC(=O)N12,CCOC(=O)[C@@H]1CS[C@@]2(C)CCC(=O)N12,44.7,-156.68,156.68,44.7,102.497547,102.497547,-359.26880679999994,359.26880679999994,C1,True,C1,True,1.0,-1.0
34396187,[H][C@]12CO[C@]([H])(O1)C(=O)C1(CC3=CC=CC=C3C1)C2,O=C1[C@@H]2OC[C@H](CC13Cc1ccccc1C3)O2,-174.0,-338.9,338.9,174.0,-400.65762,400.65762,-780.3613069999999,780.3613069999999,C1,True,C1,True,-1.0,-1.0
34396190,[H][C@]12CO[C@]([H])(O1)[C@@H](O)C1(CC3=CC=CC=C3C1)C2,O[C@@H]1[C@@H]2OC[C@H](CC13Cc1ccccc1C3)O2,-164.0,-166.47,166.47,164.0,-380.93756,380.93756,-386.6748513,386.6748513,C1,True,C1,True,-1.0,-1.0
34420200,COC(C[C@@H](C)CCC(=C)C(C)C)OC,C=C(CC[C@H](C)CC(OC)OC)C(C)C,-6.5,74.0,74.0,6.5,-13.932684999999998,13.932684999999998,158.61825999999996,158.61825999999996,C1,True,C1,True,-1.0,1.0
34420201,CC(C)C(=C)CC[C@H](C)CC=O,C=C(CC[C@H](C)CC=O)C(C)C,-17.0,-164.81,164.81,17.0,-28.607599999999994,28.607599999999994,-277.342268,277.342268,C1,True,C1,True,-1.0,-1.0
34420202,CC(C)C(=C)CC[C@H](C)[C@H](CCC(C)=O)C=O,C=C(CC[C@H](C)[C@@H](C=O)CCC(C)=O)C(C)C,30.9,70.76,70.76,30.9,73.65663899999998,73.65663899999998,168.67131959999995,168.67131959999995,C1,True,C1,True,1.0,1.0
34420207,CC#CCC[C@H](C)[C@H](CCC(C)=O)C=O,CC#CCC[C@H](C)[C@@H](C=O)CCC(C)=O,32.9,246.85,246.85,32.9,68.53102899999998,68.53102899999998,514.1910184999998,514.1910184999998,C1,True,C1,True,1.0,1.0
34420216,COC(C[C@@H](C)CCC(=O)C(C)C)OC,COC(C[C@@H](C)CCC(=O)C(C)C)OC,-5.4,41.57,41.57,5.4,-11.681334000000001,11.681334000000001,89.9246397,89.9246397,C1,True,C1,True,-1.0,1.0
34466898,O[C@@H](COC1=CC=CC=C1)CN(=O)=O,O=[N+]([O-])C[C@@H](O)COc1ccccc1,23.88,-190.16,190.16,23.88,47.088972000000005,47.088972000000005,-374.97650400000003,374.97650400000003,C1,True,C1,True,1.0,-1.0
34466900,CC1=C(OC[C@H](O)CN(=O)=O)C=CC=C1,Cc1ccccc1OC[C@H](O)C[N+](=O)[O-],16.985,32.21,32.21,16.985,35.87520745,35.87520745,68.0329957,68.0329957,C1,True,C1,True,1.0,1.0
34466904,CC1=CC=C(OC[C@H](O)CN(=O)=O)C=C1,Cc1ccc(OC[C@H](O)C[N+](=O)[O-])cc1,22.18,-201.74,201.74,22.18,46.8479306,46.8479306,-426.1091758,426.1091758,C1,True,C1,True,1.0,-1.0
34466906,COC1=CC=C(OC[C@H](O)CN(=O)=O)C=C1,COc1ccc(OC[C@H](O)C[N+](=O)[O-])cc1,19.885,-172.74,172.74,19.885,45.1819016,45.1819016,-392.4929184,392.4929184,C1,True,C1,True,1.0,-1.0
34466908,O[C@@H](COC1=CC=C(F)C=C1)CN(=O)=O,O=[N+]([O-])C[C@@H](O)COc1ccc(F)cc1,17.09,-172.7,172.7,17.09,36.774262,36.774262,-371.61585999999994,371.61585999999994,C1,True,C1,True,1.0,-1.0
34466910,O[C@@H](COC1=CC=C(Cl)C=C1)CN(=O)=O,O=[N+]([O-])C[C@@H](O)COc1ccc(Cl)cc1,18.785,-182.08,182.08,18.785,43.512634750000004,43.512634750000004,-421.76100800000006,421.76100800000006,C1,True,C1,True,1.0,-1.0
34466912,O[C@@H](COC1=CC=C(C=C1)N(=O)=O)CN(=O)=O,O=[N+]([O-])C[C@@H](O)COc1ccc([N+](=O)[O-])cc1,15.685,-196.22,196.22,15.685,37.987030950000005,37.987030950000005,-475.2193314,475.2193314,C1,True,C1,True,1.0,-1.0
34525294,CC(C)(C)OC(=O)N1CCC[C@H]1CCCC=O,CC(C)(C)OC(=O)N1CCC[C@H]1CCCC=O,-25.0,-132.96,132.96,25.0,-60.33274999999999,60.33274999999999,-320.87369759999996,320.87369759999996,C1,True,C1,True,-1.0,-1.0
34552846,C=C[C@@H](NC1=NC=CS1)C1CCCCC1,C=C[C@@H](Nc1nccs1)C1CCCCC1,68.3,15.49,15.49,68.3,151.86983099999995,151.86983099999995,34.443099299999986,34.443099299999986,C1,True,C1,True,1.0,1.0
34552848,CC1=CN=C(N[C@H](C=C)C2CCCCC2)S1,C=C[C@@H](Nc1ncc(C)s1)C1CCCCC1,22.5,-46.43,46.43,22.5,53.186399999999985,53.186399999999985,-109.75309119999996,109.75309119999996,C1,True,C1,True,1.0,-1.0
34552858,C=C[C@@H]1CCN2C(SC3=CC=CC=C23)=N1,C=C[C@@H]1CCN2C(=N1)Sc1ccccc12,80.7,194.13,194.13,80.7,174.56136300000003,174.56136300000003,419.92066170000004,419.92066170000004,C1,True,C1,True,1.0,1.0
34562526,C[C@@H]1CCC=C1CO,C[C@@H]1CCC=C1CO,-7.14,55.22,55.22,7.14,-8.009080799999998,8.009080799999998,61.941378399999984,61.941378399999984,C1,True,C1,True,-1.0,1.0
34565852,[H][C@]12C[C@]3([H])C(=O)CC(C)(C)C[C@]13CCC2,CC1(C)CC(=O)[C@H]2C[C@@H]3CCC[C@@]32C1,156.0,166.86,166.86,156.0,299.9911199999999,299.9911199999999,320.8751171999999,320.8751171999999,C1,True,C1,True,1.0,1.0
34565853,[H][C@]12C[C@]3([H])C(=O)CC[C@]13CCC2,O=C1CC[C@]23CCC[C@H]2C[C@H]13,292.0,309.23,309.23,292.0,438.64531999999997,438.64531999999997,464.52839830000005,464.52839830000005,C1,True,C1,True,1.0,1.0
34565854,[H][C@]12C[C@]3(C)CCC[C@]13CCCC2=O,C[C@@]12CCC[C@@]13CCCC(=O)[C@H]3C2,155.0,97.91,97.91,155.0,276.32625,276.32625,174.5490525,174.5490525,C1,True,C1,True,1.0,1.0
34565855,[H][C@@]12CCC[C@@]11CCCC(=O)[C@@]1([H])C2(C)C,CC1(C)[C@@H]2CCC[C@@]23CCCC(=O)[C@@H]13,140.0,113.93,113.93,140.0,269.2228,269.2228,219.0896686,219.0896686,C1,True,C1,True,1.0,1.0
34565857,[H][C@]12C[C@]3(C)CCC[C@]13CC(C)(C)CC2=O,CC1(C)CC(=O)[C@H]2C[C@]3(C)CCC[C@]23C1,228.0,166.89,166.89,228.0,470.4301199999998,470.4301199999998,344.34246809999985,344.34246809999985,C1,True,C1,True,1.0,1.0
34565858,[H][C@]12C[C@]3(C)CCC[C@]13CCC2=O,C[C@@]12CCC[C@@]13CCC(=O)[C@H]3C2,222.0,229.14,229.14,222.0,364.63055999999995,364.63055999999995,376.3578672,376.3578672,C1,True,C1,True,1.0,1.0
34565922,[H][C@]12C[C@]3([H])C(=O)CCC[C@]13CCC2,O=C1CCC[C@]23CCC[C@H]2C[C@H]13,156.0,247.44,247.44,156.0,256.22688,256.22688,406.41525120000006,406.41525120000006,C1,True,C1,True,1.0,1.0
34565924,[H][C@]12C[C@]3([H])C(=O)CCC[C@]13CC(C)(C)C2,CC1(C)C[C@H]2C[C@@H]3C(=O)CCC[C@]23C1,97.7,145.12,145.12,97.7,187.87905399999997,187.87905399999997,279.06866239999994,279.06866239999994,C1,True,C1,True,1.0,1.0
34622341,C[C@H](C=C)[C@@]1(N)C(=O)N(C)C2=CC=CC=C12,C=C[C@@H](C)[C@@]1(N)C(=O)N(C)c2ccccc21,-134.7,51.46,51.46,134.7,-291.334548,291.334548,111.2997464,111.2997464,C1,True,C1,True,-1.0,1.0
34674861,O=N(=O)C1=CC2=CC=CN2[C@H]1C1=CC=CC=C1,O=[N+]([O-])C1=Cc2cccn2[C@H]1c1ccccc1,250.0,1357.35,1357.35,250.0,565.5875,565.5875,3070.8007724999998,3070.8007724999998,C1,True,C1,True,1.0,1.0
34674864,O=N(=O)[C@@H]1CC2=CC=CN2[C@@H]1C1=CC=CC=C1,O=[N+]([O-])[C@@H]1Cc2cccn2[C@@H]1c1ccccc1,10.0,83.97,83.97,10.0,22.825100000000003,22.825100000000003,191.6623647,191.6623647,C1,True,C1,True,1.0,1.0
34674866,FC1=CC=C(C=C1)[C@@H]1[C@@H](CC2=CC=CN12)N(=O)=O,O=[N+]([O-])[C@@H]1Cc2cccn2[C@@H]1c1ccc(F)cc1,132.0,75.17,75.17,132.0,325.03812,325.03812,185.09935969999998,185.09935969999998,C1,True,C1,True,1.0,1.0
34680827,C[C@]1(CC2=CCCCC2)COC2=CC=CC=C12,C[C@]1(CC2=CCCCC2)COc2ccccc21,-12.0,-37.01,37.01,12.0,-27.400199999999998,27.400199999999998,-84.5067835,84.5067835,C1,True,C1,True,-1.0,-1.0
34712436,[H][C@]12CCC[C@@H](O)[C@@]1([H])NC(=O)O2,O=C1N[C@@H]2[C@H](O)CCC[C@@H]2O1,-58.5,-101.57,101.57,58.5,-91.94386499999999,91.94386499999999,-159.63655329999997,159.63655329999997,C1,True,C1,True,-1.0,-1.0
34712437,[H][C@@]12CCCCC[C@H](O)[C@]1([H])NC(=O)O2,O=C1N[C@H]2[C@@H](O)CCCCC[C@H]2O1,-28.1,86.73,86.73,28.1,-52.04766299999999,52.04766299999999,160.6439079,160.6439079,C1,True,C1,True,-1.0,1.0
34712438,[H][C@]12C[C@]3([H])OC(C)(C)O[C@]3([H])[C@@H](O)[C@@]1([H])NC(=O)O2,CC1(C)O[C@@H]2[C@@H](O)[C@H]3NC(=O)O[C@H]3C[C@@H]2O1,-24.2,7.97,7.97,24.2,-55.47414399999999,55.47414399999999,18.269790399999998,18.269790399999998,C1,True,C1,True,-1.0,1.0
34712439,CC(=O)O[C@H]1CCCCCC=C1,CC(=O)O[C@@H]1C=CCCCCC1,-15.4,186.02,186.02,15.4,-25.908343999999992,25.908343999999992,312.95260719999993,312.95260719999993,C1,True,C1,True,-1.0,1.0
34712440,[H][C@]12C[C@H](OC(C)=O)C=C[C@@]1([H])OC(C)(C)O2,CC(=O)O[C@@H]1C=C[C@H]2OC(C)(C)O[C@H]2C1,-14.6,-142.84,142.84,14.6,-30.98776999999999,30.98776999999999,-303.170758,303.170758,C1,True,C1,True,-1.0,-1.0
34721096,[H][C@]12CO[C@]([H])(O1)[C@@H](O)[C@@H](C2)C1=CC=CC=C1,O[C@@H]1[C@@H]2OC[C@H](C[C@H]1c1ccccc1)O2,-78.0,-155.42,155.42,78.0,-160.86798000000002,160.86798000000002,-320.5397622,320.5397622,C1,True,C1,True,-1.0,-1.0
34721144,[H][C@]12CO[C@]([H])(O1)[C@@H](O)\C(C2)=C/C1=CC=CC=C1,O[C@H]1/C(=C\c2ccccc2)C[C@H]2CO[C@@H]1O2,-98.0,102.42,102.42,98.0,-213.88695999999996,213.88695999999996,223.53369839999996,223.53369839999996,C1,True,C1,True,-1.0,1.0
34721171,[H][C@]12CO[C@]([H])(O1)[C@@H](O)C(=C2)C1=CC=CC=C1,O[C@H]1C(c2ccccc2)=C[C@H]2CO[C@@H]1O2,-165.0,115.15,115.15,165.0,-336.97124999999994,336.97124999999994,235.16508749999997,235.16508749999997,C1,True,C1,True,-1.0,1.0
34721176,[H][C@]12CO[C@]([H])(O1)[C@H](O)[C@@H](C2)C1=CC=CC=C1,O[C@H]1[C@@H]2OC[C@H](C[C@H]1c1ccccc1)O2,-63.0,-1.21,1.21,63.0,-129.93183000000002,129.93183000000002,-2.4955161,2.4955161,C1,True,C1,True,-1.0,-1.0
34735228,CC[C@H](NC1CCCCC1)C1=CC=CC=C1,CC[C@H](NC1CCCCC1)c1ccccc1,-17.4,98.18,98.18,17.4,-37.819944,37.819944,213.40012080000005,213.40012080000005,C1,True,C1,True,-1.0,1.0
34735232,C[C@H](N(C1CCCC1)C(C)=O)C1=CC=CC=C1,CC(=O)N(C1CCCC1)[C@@H](C)c1ccccc1,-27.5,-21.88,21.88,27.5,-63.61822500000001,63.61822500000001,-50.616973200000004,50.616973200000004,C1,True,C1,True,-1.0,-1.0
34735543,C[C@H](O)[C@H](C)OC(=O)CC1=CNC2=C1C=CC=C2,C[C@H](O)[C@H](C)OC(=O)Cc1c[nH]c2ccccc12,52.0,87.98,87.98,52.0,128.59288,128.59288,217.56926120000003,217.56926120000003,C1,True,C1,True,1.0,1.0
34736815,CC(C)[C@@H](C)NS(=O)(=O)C1=NC=CC=C1,CC(C)[C@@H](C)NS(=O)(=O)c1ccccn1,10.0,-159.58,159.58,10.0,22.8317,22.8317,-364.3482686,364.3482686,C1,True,C1,True,1.0,-1.0
34833301,COC(=O)CC(=O)C[C@@H]1CCCN1C,COC(=O)CC(=O)C[C@@H]1CCCN1C,-70.0,-73.21,73.21,70.0,-139.475,139.475,-145.87092499999997,145.87092499999997,C1,True,C1,True,-1.0,-1.0
34837249,[H][C@]12CC[C@@H](C)[C@@]3([H])CC=C4CO[C@@]([H])([C@H]1C)[C@@]4([H])[C@@]23[H],C[C@H]1[C@@H]2CC[C@@H](C)[C@H]3CC=C4CO[C@@H]1[C@H]4[C@@H]23,-30.0,-153.26,153.26,30.0,-65.502,65.502,-334.627884,334.627884,C1,True,C1,True,-1.0,-1.0
34837256,[H][C@]12CC[C@@H](C)[C@@]3([H])CC[C@@]4([H])C(=O)O[C@@]([H])([C@@H]1C)[C@@]4([H])[C@@]23[H],C[C@@H]1[C@@H]2CC[C@@H](C)[C@H]3CC[C@H]4C(=O)O[C@@H]1[C@H]4[C@@H]23,-36.0,19.04,19.04,36.0,-84.36204,84.36204,44.6181456,44.6181456,C1,True,C1,True,-1.0,1.0
34859372,[H][C@]12OC(C)(C)O[C@@]1([H])[C@H](C=C[C@H]2O)N=N#N,CC1(C)O[C@@H]2[C@H](O1)[C@H](O)C=C[C@@H]2N=[N+]=[N-],-37.5,-97.21,97.21,37.5,-79.20787500000002,79.20787500000002,-205.32793410000002,205.32793410000002,C1,True,C1,True,-1.0,-1.0
34859375,[H][C@@]12OC(C)(C)O[C@]1([H])C(=O)C=C[C@H]2N=N#N,CC1(C)O[C@@H]2[C@H](O1)C(=O)C=C[C@H]2N=[N+]=[N-],-190.0,-87.36,87.36,190.0,-397.4895,397.4895,-182.761488,182.761488,C1,True,C1,True,-1.0,-1.0
34859376,[H][C@@]12OC(C)(C)OC1=CC=C[C@@H]2O,CC1(C)OC2=CC=C[C@H](O)[C@@H]2O1,416.0,275.64,275.64,416.0,699.6787199999999,699.6787199999999,463.60442879999994,463.60442879999994,C1,True,C1,True,1.0,1.0
34859377,[H][C@@]12OC(C)(C)O[C@]1([H])C(=O)CC[C@H]2N=N#N,CC1(C)O[C@@H]2[C@H](O1)C(=O)CC[C@H]2N=[N+]=[N-],-75.0,54.61,54.61,75.0,-158.41575,158.41575,115.34778809999997,115.34778809999997,C1,True,C1,True,-1.0,1.0
34859385,[H][C@@]12OC(C)(C)O[C@@]1([H])[C@@H](O)[C@H](C=C2)N=N#N,CC1(C)O[C@H]2[C@@H](O)[C@@H](N=[N+]=[N-])C=C[C@@H]2O1,-153.4,-11.65,11.65,153.4,-324.013014,324.013014,-24.607246500000002,24.607246500000002,C1,True,C1,True,-1.0,-1.0
34871031,C[C@H]1CC2=C(C3=CC=CC=C3N2C=C1)N(=O)=O,C[C@@H]1C=Cn2c(c([N+](=O)[O-])c3ccccc32)C1,-242.2,-334.2,334.2,242.2,-552.823922,552.823922,-762.8148420000001,762.8148420000001,C1,True,C1,True,-1.0,-1.0
34871032,CC[C@H]1CC2=C(C3=CC=CC=C3N2C=C1)N(=O)=O,CC[C@@H]1C=Cn2c(c([N+](=O)[O-])c3ccccc32)C1,-163.2,-445.09,445.09,163.2,-395.39769599999994,395.39769599999994,-1078.3551502,1078.3551502,C1,True,C1,True,-1.0,-1.0
34907204,CC=C(C)C(=O)O[C@H]1C=CC(=O)O[C@H]1CO,CC=C(C)C(=O)O[C@H]1C=CC(=O)O[C@H]1CO,285.0,425.36,425.36,285.0,644.7497999999999,644.7497999999999,962.2834207999999,962.2834207999999,C1,True,C1,True,1.0,1.0
34926071,CCC[C@]1(CCCCC1=O)\C=C\C1=CC=CC=C1,CCC[C@@]1(/C=C/c2ccccc2)CCCCC1=O,-59.3,109.93,109.93,59.3,-143.72066599999994,143.72066599999994,266.4285465999999,266.4285465999999,C1,True,C1,True,-1.0,1.0
34926076,CC[C@@]1(CCC(O)=O)CC(C)(C)CCC1=O,CC[C@@]1(CCC(=O)O)CC(C)(C)CCC1=O,8.2,138.91,138.91,8.2,18.55791199999999,18.55791199999999,314.37555559999987,314.37555559999987,C1,True,C1,True,1.0,1.0
34952022,[H][C@@]12CO[C@@H](OCC)[C@]1([H])[C@H](C[C@H]2O)C(=C)C=O,C=C(C=O)[C@H]1C[C@@H](O)[C@@H]2CO[C@@H](OCC)[C@@H]21,-55.0,20.39,20.39,55.0,-124.44959999999996,124.44959999999996,46.13686079999999,46.13686079999999,C1,True,C1,True,-1.0,1.0
34952514,[H][C@@]1(COC(C)(C)O1)[C@@H](O)[C@](C)(C=C)C(=O)OC,C=C[C@](C)(C(=O)OC)[C@H](O)[C@H]1COC(C)(C)O1,-20.0,170.08,170.08,20.0,-48.85739999999999,48.85739999999999,415.48332959999993,415.48332959999993,C1,True,C1,True,-1.0,1.0
34987880,[H][C@@]12OC(C)(C)O[C@]1([H])C(=O)C=C[C@@H]2N=N#N,CC1(C)O[C@H]2[C@@H](N=[N+]=[N-])C=CC(=O)[C@H]2O1,183.0,187.04,187.04,183.0,382.84515,382.84515,391.29703200000006,391.29703200000006,C1,True,C1,True,1.0,1.0
34987887,[H][C@]12OC(C)(C)O[C@@]1([H])[C@@H](C=C[C@H]2O)N=N#N,CC1(C)O[C@@H]2[C@H](O1)[C@H](O)C=C[C@H]2N=[N+]=[N-],-213.0,-178.19,178.19,213.0,-449.90073000000007,449.90073000000007,-376.37469990000005,376.37469990000005,C1,True,C1,True,-1.0,-1.0
35038749,CC(C)C[C@H]1COC(=N1)C1=CN(N=N1)C(C)(C)C,CC(C)C[C@H]1COC(c2cn(C(C)(C)C)nn2)=N1,-41.1,38.69,38.69,41.1,-102.892206,102.892206,96.8588674,96.8588674,C1,True,C1,True,-1.0,1.0
35038750,CC(C)(C)[C@H]1COC(=N1)C1=CN(N=N1)C(C)(C)C,CC(C)(C)[C@H]1COC(c2cn(C(C)(C)C)nn2)=N1,-46.9,75.57,75.57,46.9,-117.412274,117.412274,189.1864722,189.1864722,C1,True,C1,True,-1.0,1.0
35046333,[H][C@]12CC[C@@H](C)[C@@]3([H])CC[C@@]4([H])C(=O)O[C@@]([H])([C@H]1C)[C@@]4([H])[C@@]23[H],C[C@H]1[C@@H]2CC[C@@H](C)[C@H]3CC[C@H]4C(=O)O[C@@H]1[C@H]4[C@@H]23,-24.0,-65.11,65.11,24.0,-56.24136000000001,56.24136000000001,-152.5781229,152.5781229,C1,True,C1,True,-1.0,-1.0
35046337,[H][C@]12C[C@]3([H])[C@H](C)CC[C@@]4([H])[C@H](C)[C@]5([H])OC(=O)[C@@]1(O2)[C@]5([H])[C@]34[H],C[C@H]1[C@@H]2CC[C@@H](C)[C@H]3C[C@@H]4O[C@@]45C(=O)O[C@@H]1[C@H]5[C@@H]23,-21.0,-81.73,81.73,21.0,-52.147619999999996,52.147619999999996,-202.95357060000003,202.95357060000003,C1,True,C1,True,-1.0,-1.0
35046345,[H][C@]12CC[C@@H](C)[C@@]3([H])CC=C(C=O)[C@@]([H])([C@@H](O)[C@H]1C)[C@@]23[H],C[C@@H]1[C@H](O)[C@@H]2C(C=O)=CC[C@H]3[C@@H]2[C@H]1CC[C@H]3C,-46.0,-103.79,103.79,46.0,-107.79593999999999,107.79593999999999,-243.2204481,243.2204481,C1,True,C1,True,-1.0,-1.0
35067496,[H][C@]12CC3=CNC4=C3C(=CC=C4)[C@]11C[C@]1(C)CN2C,CN1C[C@@]2(C)C[C@]23c2cccc4[nH]cc(c24)C[C@H]13,44.3,46.42,46.42,44.3,105.581962,105.581962,110.6346428,110.6346428,C1,True,C1,True,1.0,1.0
35121653,N[C@@H](CC=CC1=CC=CC=C1)C(F)(F)F,N[C@@H](CC=Cc1ccccc1)C(F)(F)F,-101.4,-265.17,265.17,101.4,-218.23105199999998,218.23105199999998,-570.6935705999999,570.6935705999999,C1,True,C1,True,-1.0,-1.0
35143077,CCC1=CC=C(C[C@H]2COC(C)(C)O2)O1,CCc1ccc(C[C@H]2COC(C)(C)O2)o1,-2.1,-258.57,258.57,2.1,-4.4157329999999995,4.4157329999999995,-543.7028961,543.7028961,C1,True,C1,True,-1.0,-1.0
35146704,COC1=C(C=CC=C1)[C@@H]1CC(=O)C2=CC=CC=C12,COc1ccccc1[C@@H]1CC(=O)c2ccccc21,29.1,-211.34,211.34,29.1,69.34122599999999,69.34122599999999,-503.59363239999993,503.59363239999993,C1,True,C1,True,1.0,-1.0
35170499,CCC[C@@H](C=C)C1=NC=C(C2CC2)C2=CC=CC=C12,C=C[C@H](CCC)c1ncc(C2CC2)c2ccccc12,-12.8,41.16,41.16,12.8,-32.175744,32.175744,103.46512679999998,103.46512679999998,C1,True,C1,True,-1.0,1.0
35170506,C=C[C@H](C1CCCCC1)C1=NC=CC2=CC=CC=C12,C=C[C@@H](c1nccc2ccccc12)C1CCCCC1,-2.5,24.52,24.52,2.5,-6.284324999999999,6.284324999999999,61.63665959999999,61.63665959999999,C1,True,C1,True,-1.0,1.0
35170507,C=C1CCCC[C@@H]1C1=NC=CC2=CC=CC=C12,C=C1CCCC[C@@H]1c1nccc2ccccc12,2.5,-216.6,216.6,2.5,5.582975,5.582975,-483.708954,483.708954,C1,True,C1,True,1.0,-1.0
35170508,C=C[C@H](C1=CC=CC=C1)C1=NC=CC2=CC=CC=C12,C=C[C@H](c1ccccc1)c1nccc2ccccc12,-4.9,-638.99,638.99,4.9,-12.020925,12.020925,-1567.6022175,1567.6022175,C1,True,C1,True,-1.0,-1.0
35170513,CCC[C@@H](C=C)C1=NC=CC2=CC=CC=C12,C=C[C@H](CCC)c1nccc2ccccc12,-2.8,148.15,148.15,2.8,-5.9166240000000005,5.9166240000000005,313.05280200000004,313.05280200000004,C1,True,C1,True,-1.0,1.0
35170514,CCC[C@@H](C=C)C1=NC2=CC=CC=C2C=C1,C=C[C@H](CCC)c1ccc2ccccc2n1,12.2,468.22,468.22,12.2,25.779576,25.779576,989.3863176,989.3863176,C1,True,C1,True,1.0,1.0
35170516,CCC[C@@H](C=C)C1=NC2=CC=C(C)C=C2C=C1,C=C[C@H](CCC)c1ccc2cc(C)ccc2n1,32.6,453.93,453.93,32.6,73.45921,73.45921,1022.8631654999999,1022.8631654999999,C1,True,C1,True,1.0,1.0
35170518,CCC[C@@H](C=C)C1=NC2=C(OC)C=CC=C2C=C1,C=C[C@H](CCC)c1ccc2cccc(OC)c2n1,-6.9,456.88,456.88,6.9,-16.652046,16.652046,1102.6067792,1102.6067792,C1,True,C1,True,-1.0,1.0
35170520,C=C[C@H](C1CCCCC1)C1=NC2=CC=CC=C2C=C1,C=C[C@@H](c1ccc2ccccc2n1)C1CCCCC1,28.2,-364.68,364.68,28.2,70.88718599999997,70.88718599999997,-916.7070563999997,916.7070563999997,C1,True,C1,True,1.0,-1.0
35170522,CCC[C@@H](C=C)C1=NC(=CC=C1)C1=CC=CC=C1,C=C[C@H](CCC)c1cccc(-c2ccccc2)n1,14.3,-36.92,36.92,14.3,33.940478000000006,33.940478000000006,-87.62814320000001,87.62814320000001,C1,True,C1,True,1.0,-1.0
35170523,CCC[C@@H](C=C)C1=NC=CC(=C1)C1=CC=CC=C1,C=C[C@H](CCC)c1cc(-c2ccccc2)ccn1,15.7,-81.09,81.09,15.7,37.263322,37.263322,-192.46387140000002,192.46387140000002,C1,True,C1,True,1.0,-1.0
35177004,COCO[C@@H]1C=C[C@@H](O[C@H]1C)C1=CC=CC(C)=C1,COCO[C@@H]1C=C[C@H](c2cccc(C)c2)O[C@H]1C,60.9,-185.45,185.45,60.9,151.22809799999996,151.22809799999996,-460.5131489999999,460.5131489999999,C1,True,C1,True,1.0,-1.0
35177015,COCO[C@@H]1C=C[C@@H](O[C@H]1C)C1=CC=C(O)C=C1,COCO[C@@H]1C=C[C@H](c2ccc(O)cc2)O[C@H]1C,16.9,84.85,84.85,16.9,42.299685999999994,42.299685999999994,212.374459,212.374459,C1,True,C1,True,1.0,1.0
35217940,C[C@@H]1CC[C@@H](C(=C)CCl)C2=C1OC=C2,C=C(CCl)[C@@H]1CC[C@@H](C)c2occc21,20.0,149.61,149.61,20.0,42.1408,42.1408,315.23425440000005,315.23425440000005,C1,True,C1,True,1.0,1.0
35351375,C#C[C@@H](ON=CC1=CC=CC=C1)C1=CC=CS1,C#C[C@@H](ON=Cc1ccccc1)c1cccs1,18.0,-27.26,27.26,18.0,43.4367,43.4367,-65.782469,65.782469,C1,True,C1,True,1.0,-1.0
35351376,C#C[C@@H](ON=CC1=CC=CC=C1)C1CCCCC1,C#C[C@@H](ON=Cc1ccccc1)C1CCCCC1,11.3,-330.61,330.61,11.3,27.270741999999995,27.270741999999995,-797.8743373999998,797.8743373999998,C1,True,C1,True,1.0,-1.0
35351378,CC1=CC(C=NO[C@H](C#C)C2=CC=CC=C2)=CC=C1,C#C[C@@H](ON=Cc1cccc(C)c1)c1ccccc1,5.1,61.97,61.97,5.1,12.714963000000001,12.714963000000001,154.4992661,154.4992661,C1,True,C1,True,1.0,1.0
35351379,CC1=CC=C(C=NO[C@H](C#C)C2=CC=CC=C2)C=C1,C#C[C@@H](ON=Cc1ccc(C)cc1)c1ccccc1,4.5,179.89,179.89,4.5,11.219085,11.219085,448.48915569999997,448.48915569999997,C1,True,C1,True,1.0,1.0
35351380,FC1=CC=C(C=NO[C@H](C#C)C2=CC=CC=C2)C=C1,C#C[C@@H](ON=Cc1ccc(F)cc1)c1ccccc1,4.7,165.02,165.02,4.7,11.903972000000001,11.903972000000001,417.95605520000004,417.95605520000004,C1,True,C1,True,1.0,1.0
35351392,C#C[C@@H](ON=CC1=CC=CC=C1)C1=CC=CC=C1,C#C[C@@H](ON=Cc1ccccc1)c1ccccc1,5.2,-75.3,75.3,5.2,12.234872000000003,12.234872000000003,-177.17035800000002,177.17035800000002,C1,True,C1,True,1.0,-1.0
35351413,FC1=CC=C(C=C1)[C@H](ON=CC1=CC=CC=C1)C#C,C#C[C@@H](ON=Cc1ccccc1)c1ccc(F)cc1,4.5,180.22,180.22,4.5,11.39742,11.39742,456.45400720000004,456.45400720000004,C1,True,C1,True,1.0,1.0
35375224,CC[C@@H](C#CC1=CC=C(OC)C=C1)C1=CC=CC=C1,CC[C@@H](C#Cc1ccc(OC)cc1)c1ccccc1,-5.0,16.71,16.71,5.0,-12.51705,12.51705,41.8319811,41.8319811,C1,True,C1,True,-1.0,1.0
35375268,CC[C@@H](C#CC1=CC=C(C)C=C1)C1=CC=CC=C1,CC[C@@H](C#Cc1ccc(C)cc1)c1ccccc1,-10.9,19.97,19.97,10.9,-25.543278,25.543278,46.798097399999996,46.798097399999996,C1,True,C1,True,-1.0,1.0
35389036,N[C@@H](C\C=C\C1=CC=CC=C1)C1=CC=CC=C1,N[C@@H](C/C=C/c1ccccc1)c1ccccc1,-25.65,143.0,143.0,25.65,-57.2813235,57.2813235,319.34617000000003,319.34617000000003,C1,True,C1,True,-1.0,1.0
35389037,CC1=CC=C(C=C1)[C@@H](N)C\C=C\C1=CC=CC=C1,Cc1ccc([C@@H](N)C/C=C/c2ccccc2)cc1,-15.7,-184.05,184.05,15.7,-37.26332200000001,37.26332200000001,-436.83531300000016,436.83531300000016,C1,True,C1,True,-1.0,-1.0
35396740,CC(C)(C)OC(=O)C[C@H](CC=C)C=O,C=CC[C@H](C=O)CC(=O)OC(C)(C)C,-14.55,-139.15,139.15,14.55,-28.847120999999998,28.847120999999998,-275.881573,275.881573,C1,True,C1,True,-1.0,-1.0
35413848,C[C@@H](CC(=O)N1N=C(C)C=C1C)C1OCCO1,Cc1cc(C)n(C(=O)C[C@H](C)C2OCCO2)n1,1.7,122.09,122.09,1.7,4.050878999999999,4.050878999999999,290.9245983,290.9245983,C1,True,C1,True,1.0,1.0
35419046,OC[C@H](C=C)N1C=C(F)C=CC1=O,C=C[C@@H](CO)n1cc(F)ccc1=O,-3.67,-45.36,45.36,3.67,-6.722779399999999,6.722779399999999,-83.0913552,83.0913552,C1,True,C1,True,-1.0,-1.0
35419047,OC[C@H](C=C)N1C=CC(Cl)=CC1=O,C=C[C@@H](CO)n1ccc(Cl)cc1=O,-80.29,-508.24,508.24,80.29,-160.2885473,160.2885473,-1014.6350888,1014.6350888,C1,True,C1,True,-1.0,-1.0
35419048,OC[C@H](C=C)N1C=C(Br)C=CC1=O,C=C[C@@H](CO)n1cc(Br)ccc1=O,-45.06,-142.35,142.35,45.06,-109.9860528,109.9860528,-347.45926799999995,347.45926799999995,C1,True,C1,True,-1.0,-1.0
35419051,OC[C@H](C=C)N1C=C(C=CC1=O)C(F)(F)F,C=C[C@@H](CO)n1cc(C(F)(F)F)ccc1=O,-12.7,-410.04,410.04,12.7,-29.61500299999999,29.61500299999999,-956.1681755999999,956.1681755999999,C1,True,C1,True,-1.0,-1.0
35419052,OC[C@H](C=C)N1C=CC=C(C#N)C1=O,C=C[C@@H](CO)n1cccc(C#N)c1=O,-10.29,-765.23,765.23,10.29,-19.571785799999997,19.571785799999997,-1455.4827645999999,1455.4827645999999,C1,True,C1,True,-1.0,-1.0
35419053,OC[C@H](C=C)N1C=C(C=CC1=O)N(=O)=O,C=C[C@@H](CO)n1cc([N+](=O)[O-])ccc1=O,-4.33,-353.09,353.09,4.33,-9.1011837,9.1011837,-742.1563401,742.1563401,C1,True,C1,True,-1.0,-1.0
35419054,OC[C@H](C=C)N1C=C(C=O)C=CC1=O,C=C[C@@H](CO)n1cc(C=O)ccc1=O,-32.49,-322.75,322.75,32.49,-62.7713298,62.7713298,-623.5594549999998,623.5594549999998,C1,True,C1,True,-1.0,-1.0
35419056,COC(=O)C1=CC=CN([C@H](CO)C=C)C1=O,C=C[C@@H](CO)n1cccc(C(=O)OC)c1=O,-33.96,-723.89,723.89,33.96,-75.8082288,75.8082288,-1615.9251691999996,1615.9251691999996,C1,True,C1,True,-1.0,-1.0
35419057,OCC[C@H](C=C)N1C=CC=CC1=O,C=C[C@@H](CCO)n1ccccc1=O,-14.09,93.81,93.81,14.09,-25.2519571,25.2519571,168.12534390000002,168.12534390000002,C1,True,C1,True,-1.0,1.0
35419058,COC[C@H](C=C)N1C=CC=CC1=O,C=C[C@@H](COC)n1ccccc1=O,-12.56,8.41,8.41,12.56,-22.5099064,22.5099064,15.0723179,15.0723179,C1,True,C1,True,-1.0,1.0
35419059,OC[C@H](C=C)N1C=CC(=O)C=C1,C=C[C@@H](CO)n1ccc(=O)cc1,-17.36,-204.48,204.48,17.36,-28.677331199999994,28.677331199999994,-337.7846016,337.7846016,C1,True,C1,True,-1.0,-1.0
35419082,CC1=CC=CN([C@H](CO)C=C)C1=O,C=C[C@@H](CO)n1cccc(C)c1=O,-38.54,79.4,79.4,38.54,-69.07100259999999,69.07100259999999,142.299886,142.299886,C1,True,C1,True,-1.0,1.0
35419085,CC1=CC(=O)N(C=C1)[C@H](CO)C=C,C=C[C@@H](CO)n1ccc(C)cc1=O,-13.9,-545.34,545.34,13.9,-24.911440999999996,24.911440999999996,-977.3528945999999,977.3528945999999,C1,True,C1,True,-1.0,-1.0
35419089,CC1=CN([C@H](CO)C=C)C(=O)C=C1,C=C[C@@H](CO)n1cc(C)ccc1=O,-14.11,-542.76,542.76,14.11,-25.287800899999997,25.287800899999997,-972.7290444,972.7290444,C1,True,C1,True,-1.0,-1.0
35431628,C=C[C@@H]1CC(C(=C)C2=CC=CC=C2)=N(=O)O1,C=C[C@@H]1CC(C(=C)c2ccccc2)=[N+]([O-])O1,23.3,331.01,331.01,23.3,50.153716,50.153716,712.5056452,712.5056452,C1,True,C1,True,1.0,1.0
35431629,C=C[C@@H]1CC(C2=CCCCC2)=N(=O)O1,C=C[C@@H]1CC(C2=CCCCC2)=[N+]([O-])O1,29.96,302.99,302.99,29.96,57.896501599999986,57.896501599999986,585.5160553999999,585.5160553999999,C1,True,C1,True,1.0,1.0
35431630,CC(=C)[C@@H]1CC(C2=CC=CC=C2)=N(=O)O1,C=C(C)[C@@H]1CC(c2ccccc2)=[N+]([O-])O1,34.56,221.77,221.77,34.56,70.2400896,70.2400896,450.72756569999996,450.72756569999996,C1,True,C1,True,1.0,1.0
35431632,CCCC[C@@]1(CC(C2=CC=CC=C2)=N(=O)O1)C=C,C=C[C@@]1(CCCC)CC(c2ccccc2)=[N+]([O-])O1,-7.49,93.88,93.88,7.49,-18.374617800000003,18.374617800000003,230.30829360000004,230.30829360000004,C1,True,C1,True,-1.0,1.0
35431728,C=C[C@@H]1CC(C2=CC=CC=C2)=N(=O)O1,C=C[C@@H]1CC(c2ccccc2)=[N+]([O-])O1,35.78,36.81,36.81,35.78,67.7007692,67.7007692,69.6496734,69.6496734,C1,True,C1,True,1.0,1.0
35431729,CC1=C(C=CC=C1)C1=N(=O)O[C@@H](C1)C=C,C=C[C@@H]1CC(c2ccccc2C)=[N+]([O-])O1,19.97,-64.86,64.86,19.97,40.58722769999999,40.58722769999999,-131.82211259999997,131.82211259999997,C1,True,C1,True,1.0,-1.0
35431730,CC1=CC=CC(=C1)C1=N(=O)O[C@@H](C1)C=C,C=C[C@@H]1CC(c2cccc(C)c2)=[N+]([O-])O1,34.39,-70.12,70.12,34.39,69.8945799,69.8945799,-142.51258919999998,142.51258919999998,C1,True,C1,True,1.0,-1.0
35431731,CC1=CC=C(C=C1)C1=N(=O)O[C@@H](C1)C=C,C=C[C@@H]1CC(c2ccc(C)cc2)=[N+]([O-])O1,29.96,1.44,1.44,29.96,60.8910036,60.8910036,2.9266704,2.9266704,C1,True,C1,True,1.0,1.0
35431732,COC1=CC=CC(=C1)C1=N(=O)O[C@@H](C1)C=C,C=C[C@@H]1CC(c2cccc(OC)c2)=[N+]([O-])O1,26.11,156.21,156.21,26.11,57.243563999999985,57.243563999999985,342.47480399999995,342.47480399999995,C1,True,C1,True,1.0,1.0
35431735,FC1=CC=C(C=C1)C1=N(=O)O[C@@H](C1)C=C,C=C[C@@H]1CC(c2ccc(F)cc2)=[N+]([O-])O1,30.67,44.38,44.38,30.67,63.5494668,63.5494668,91.9571352,91.9571352,C1,True,C1,True,1.0,1.0
35431736,ClC1=CC=CC(=C1)C1=N(=O)O[C@@H](C1)C=C,C=C[C@@H]1CC(c2cccc(Cl)c2)=[N+]([O-])O1,35.78,183.79,183.79,35.78,80.02519019999998,80.02519019999998,411.0628760999999,411.0628760999999,C1,True,C1,True,1.0,1.0
35431738,COC(=O)C1=CC=C(C=C1)C1=N(=O)O[C@@H](C1)C=C,C=C[C@@H]1CC(c2ccc(C(=O)OC)cc2)=[N+]([O-])O1,71.33,103.17,103.17,71.33,176.36342499999998,176.36342499999998,255.08782499999998,255.08782499999998,C1,True,C1,True,1.0,1.0
35431742,C=C[C@@H]1CC(C2=CC=CC3=CC=CC=C23)=N(=O)O1,C=C[C@@H]1CC(c2cccc3ccccc23)=[N+]([O-])O1,22.19,372.77,372.77,22.19,53.0949006,53.0949006,891.9416897999998,891.9416897999998,C1,True,C1,True,1.0,1.0
35431743,C=C[C@@H]1CC(C2=CC3=CC=CC=C3C=C2)=N(=O)O1,C=C[C@@H]1CC(c2ccc3ccccc3c2)=[N+]([O-])O1,39.03,224.78,224.78,39.03,93.38864219999999,93.38864219999999,537.8400972000001,537.8400972000001,C1,True,C1,True,1.0,1.0
35525366,C[C@@H]1CC2=C(C)C=CC=C2N[C@@H]1C1=CC=CC=C1,Cc1cccc2c1C[C@@H](C)[C@@H](c1ccccc1)N2,33.5,-304.49,304.49,33.5,79.51091000000001,79.51091000000001,-722.6948354000001,722.6948354000001,C1,True,C1,True,1.0,-1.0
35525367,C[C@@H]1CC2=CC(C)=CC=C2N[C@@H]1C1=CC=CC=C1,Cc1ccc2c(c1)C[C@@H](C)[C@@H](c1ccccc1)N2,19.2,-227.95,227.95,19.2,45.570432000000004,45.570432000000004,-541.0302070000001,541.0302070000001,C1,True,C1,True,1.0,-1.0
35525369,C[C@@H]1CC2=CC=CC(C)=C2N[C@@H]1C1=CC=CC=C1,Cc1cccc2c1N[C@H](c1ccccc1)[C@H](C)C2,-22.9,-357.93,357.93,22.9,-54.352233999999996,54.352233999999996,-849.5325378,849.5325378,C1,True,C1,True,-1.0,-1.0
35525370,COC1=CC=C2N[C@@H]([C@H](C)CC2=C1)C1=CC=CC=C1,COc1ccc2c(c1)C[C@@H](C)[C@@H](c1ccccc1)N2,4.2,-192.33,192.33,4.2,10.640490000000002,10.640490000000002,-487.2584385000001,487.2584385000001,C1,True,C1,True,1.0,-1.0
35525371,C[C@@H]1CC2=CC(F)=CC=C2N[C@@H]1C1=CC=CC=C1,C[C@@H]1Cc2cc(F)ccc2N[C@@H]1c1ccccc1,-5.9,-231.12,231.12,5.9,-14.237231000000001,14.237231000000001,-557.7133608,557.7133608,C1,True,C1,True,-1.0,-1.0
35525375,CC(C)[C@@H]1CC2=CC=CC=C2N[C@@H]1C1=CC=CC=C1,CC(C)[C@@H]1Cc2ccccc2N[C@@H]1c1ccccc1,118.4,-341.55,341.55,118.4,297.62563200000005,297.62563200000005,-858.5644815,858.5644815,C1,True,C1,True,1.0,-1.0
35525377,C[C@@H]1CC2=CC=CC=C2N[C@@H]1C1=C(F)C=CC=C1,C[C@@H]1Cc2ccccc2N[C@@H]1c1ccccc1F,38.2,-229.95,229.95,38.2,92.18003800000001,92.18003800000001,-554.8900454999999,554.8900454999999,C1,True,C1,True,1.0,-1.0
35525383,C[C@@H]1CC2=CC=CC=C2N[C@@H]1C1=CC(F)=CC=C1,C[C@@H]1Cc2ccccc2N[C@@H]1c1cccc(F)c1,17.8,-233.53,233.53,17.8,42.953002,42.953002,-563.5289076999999,563.5289076999999,C1,True,C1,True,1.0,-1.0
35525386,C[C@@H]1CC2=CC=CC=C2N[C@@H]1C1=CC=C(F)C=C1,C[C@@H]1Cc2ccccc2N[C@@H]1c1ccc(F)cc1,11.7,-232.71,232.71,11.7,28.233152999999994,28.233152999999994,-561.5501738999999,561.5501738999999,C1,True,C1,True,1.0,-1.0
35539407,CC[C@@H](O[Si](C)(C)C(C)(C)C)\C=C\CO,CC[C@H](/C=C/CO)O[Si](C)(C)C(C)(C)C,5.5,20.3,20.3,5.5,12.673319999999999,12.673319999999999,46.77607199999999,46.77607199999999,C1,True,C1,True,1.0,1.0
35599622,C[C@@](O)(C1=CC=CC=C1)C1=C(N)C=CC=C1,C[C@@](O)(c1ccccc1)c1ccccc1N,38.2,137.78,137.78,38.2,81.47296,81.47296,293.85718399999996,293.85718399999996,C1,True,C1,True,1.0,1.0
35599623,C[C@@]1(OC(=O)NC2=C1C=CC=C2)C1=CC=CC=C1,C[C@]1(c2ccccc2)OC(=O)Nc2ccccc21,34.1,-171.91,171.91,34.1,81.592434,81.592434,-411.3359334,411.3359334,C1,True,C1,True,1.0,-1.0
35622916,CCCC[C@@H](CC)COC(=O)C1=CNC=N1,CCCC[C@@H](CC)COC(=O)c1c[nH]cn1,-124.0,-8.28,8.28,124.0,-278.13696,278.13696,-18.5723712,18.5723712,C1,True,C1,True,-1.0,-1.0
35679524,C\C=C/C[C@@H](O)\C=C\C=C\C=C\C=C\C=C\C=O,C/C=C\C[C@@H](O)/C=C/C=C/C=C/C=C/C=C/C=O,-0.14,88.35,88.35,0.14,-0.3420676,0.3420676,215.86908899999997,215.86908899999997,C1,True,C1,True,-1.0,1.0
35762476,O[C@]1(COC2=C1C=CC=C2)C1=CC=CS1,O[C@@]1(c2cccs2)COc2ccccc21,-94.6,-31.93,31.93,94.6,-206.490042,206.490042,-69.69584610000001,69.69584610000001,C1,True,C1,True,-1.0,-1.0
35762477,C[C@]1(O)COC2=C1C=CC=C2,C[C@]1(O)COc2ccccc21,-62.4,-43.9,43.9,62.4,-93.710448,93.710448,-65.927703,65.927703,C1,True,C1,True,-1.0,-1.0
35762478,CC(C)(C)[C@]1(O)COC2=C1C=CC=C2,CC(C)(C)[C@]1(O)COc2ccccc21,-16.2,36.68,36.68,16.2,-31.145796,31.145796,70.52023439999999,70.52023439999999,C1,True,C1,True,-1.0,1.0
35762479,CC1(C)OC2=C(C=CC=C2)[C@]1(O)C1=CC=CC=C1,CC1(C)Oc2ccccc2[C@]1(O)c1ccccc1,-104.2,-380.42,380.42,104.2,-250.394684,250.394684,-914.1568683999999,914.1568683999999,C1,True,C1,True,-1.0,-1.0
35762481,O[C@]1(COC2=C1C=C(Cl)C=C2)C1=CC=CC=C1,O[C@@]1(c2ccccc2)COc2ccc(Cl)cc21,-43.6,-187.56,187.56,43.6,-107.558148,107.558148,-462.6973908,462.6973908,C1,True,C1,True,-1.0,-1.0
35762482,COC1=CC2=C(C=C1)[C@@](O)(CO2)C1=CC=CC=C1,COc1ccc2c(c1)OC[C@@]2(O)c1ccccc1,-93.3,-31.26,31.26,93.3,-226.041642,226.041642,-75.7348524,75.7348524,C1,True,C1,True,-1.0,-1.0
35762485,O[C@]1(COC2=CC=CC=C12)C1=CC=CC=C1,O[C@@]1(c2ccccc2)COc2ccccc21,-107.1,-115.15,115.15,107.1,-227.31760799999995,227.31760799999995,-244.403572,244.403572,C1,True,C1,True,-1.0,-1.0
35762494,O[C@]1(COC2=CC=CC=C12)C1=CC=C(F)C=C1,O[C@@]1(c2ccc(F)cc2)COc2ccccc21,-78.0,-107.39,107.39,78.0,-179.58563999999998,179.58563999999998,-247.25258819999996,247.25258819999996,C1,True,C1,True,-1.0,-1.0
35762504,O[C@]1(COC2=CC=CC=C12)C1=CC=C(Cl)C=C1,O[C@@]1(c2ccc(Cl)cc2)COc2ccccc21,-75.9,-103.78,103.78,75.9,-187.239987,187.239987,-256.0179954,256.0179954,C1,True,C1,True,-1.0,-1.0
35762512,CC1=CC=C(C=C1)[C@]1(O)COC2=CC=CC=C12,Cc1ccc([C@]2(O)COc3ccccc32)cc1,-127.3,-136.76,136.76,127.3,-288.04807500000004,288.04807500000004,-309.45369000000005,309.45369000000005,C1,True,C1,True,-1.0,-1.0
35762517,COC1=C(C=CC=C1)[C@]1(O)COC2=C1C=CC=C2,COc1ccccc1[C@]1(O)COc2ccccc21,-164.1,-8.09,8.09,164.1,-397.57163399999996,397.57163399999996,-19.5999666,19.5999666,C1,True,C1,True,-1.0,-1.0
35784119,COC[C@@]1(C)COC2=CC=CC(C=O)=C12,COC[C@@]1(C)COc2cccc(C=O)c21,36.12,-34.77,34.77,36.12,74.49424919999998,74.49424919999998,-71.7099957,71.7099957,C1,True,C1,True,1.0,-1.0
35784120,CC(=O)OC[C@]1(C)COC2=C1C(C=O)=CC=C2,CC(=O)OC[C@]1(C)COc2cccc(C=O)c21,104.58,88.19,88.19,104.58,244.9796958,244.9796958,206.58595689999999,206.58595689999999,C1,True,C1,True,1.0,1.0
35784122,C[C@@]1(CCl)COC2=CC=CC(C=O)=C12,C[C@@]1(CCl)COc2cccc(C=O)c21,33.5,-74.09,74.09,33.5,70.5711,70.5711,-156.07799400000002,156.07799400000002,C1,True,C1,True,1.0,-1.0
35784126,C[C@@]1(CC2=CC=CC=C2)COC2=CC=CC(C=O)=C12,C[C@@]1(Cc2ccccc2)COc2cccc(C=O)c21,29.7,153.36,153.36,29.7,74.93696099999998,74.93696099999998,386.9472168,386.9472168,C1,True,C1,True,1.0,1.0
35860975,COC1=CC(\C=C\C[C@H](N)C2=CC=CC=C2)=CC=C1,COc1cccc(/C=C/C[C@H](N)c2ccccc2)c1,-17.1,155.07,155.07,17.1,-43.32199500000001,43.32199500000001,392.86209149999996,392.86209149999996,C1,True,C1,True,-1.0,1.0
35860992,N[C@@H](C\C=C\C1=CC=CO1)C1=CC=CC=C1,N[C@@H](C/C=C/c1ccco1)c1ccccc1,-9.0,791.49,791.49,9.0,-19.1952,19.1952,1688.089872,1688.089872,C1,True,C1,True,-1.0,1.0
35860994,N[C@@H](C\C=C\C1=CC=CS1)C1=CC=CC=C1,N[C@@H](C/C=C/c1cccs1)c1ccccc1,-24.2,125.98,125.98,24.2,-55.502216,55.502216,288.9326104,288.9326104,C1,True,C1,True,-1.0,1.0
35861010,CC1=CC=C(\C=C\C[C@H](N)C2=CC=CC=C2)C=C1,Cc1ccc(/C=C/C[C@H](N)c2ccccc2)cc1,-23.6,330.11,330.11,23.6,-56.013656,56.013656,783.5028806,783.5028806,C1,True,C1,True,-1.0,1.0
35861015,CC1=CC(\C=C\C[C@H](N)C2=CC=CC=C2)=CC=C1,Cc1cccc(/C=C/C[C@H](N)c2ccccc2)c1,-20.1,368.32,368.32,20.1,-47.70654600000001,47.70654600000001,874.1927872000001,874.1927872000001,C1,True,C1,True,-1.0,1.0
35861018,COC1=CC=C(\C=C\C[C@H](N)C2=CC=CC=C2)C=C1,COc1ccc(/C=C/C[C@H](N)c2ccccc2)cc1,-15.4,567.7,567.7,15.4,-39.015130000000006,39.015130000000006,1438.2395650000003,1438.2395650000003,C1,True,C1,True,-1.0,1.0
35935403,COC1=C(OC)C=C(C=C1)[C@H](O)[C@H](N)C(O)=O,COc1ccc([C@H](O)[C@H](N)C(=O)O)cc1OC,-38.0,61.33,61.33,38.0,-91.67233999999996,91.67233999999996,147.95433189999997,147.95433189999997,C1,True,C1,True,-1.0,1.0
35938558,C[C@H]1CC2=C(O1)C=CC(=C2)C1=CC=CC=C1,C[C@H]1Cc2cc(-c3ccccc3)ccc2O1,14.6,-366.07,366.07,14.6,30.700295999999998,30.700295999999998,-769.7573531999999,769.7573531999999,C1,True,C1,True,1.0,-1.0
35973987,O[C@@H](CC1=CC=CC=C1)C(=O)NCC=C,C=CCNC(=O)[C@@H](O)Cc1ccccc1,-63.5,86.49,86.49,63.5,-130.33819499999998,130.33819499999998,177.5267793,177.5267793,C1,True,C1,True,-1.0,1.0
35973989,C=C[C@H](CC1=CC=CC=C1)NC(=O)C1=CC=CC=C1,C=C[C@H](Cc1ccccc1)NC(=O)c1ccccc1,31.8,101.7,101.7,31.8,79.922622,79.922622,255.60159300000004,255.60159300000004,C1,True,C1,True,1.0,1.0
35977930,COC(=O)CCC(=O)[C@@H](C)O,COC(=O)CCC(=O)[C@@H](C)O,-43.0,-34.4,34.4,43.0,-68.87267000000001,68.87267000000001,-55.098136000000004,55.098136000000004,C1,True,C1,True,-1.0,-1.0
35996346,CC(C)C[C@H](CO)SCC1=CC=CC=C1,CC(C)C[C@H](CO)SCc1ccccc1,51.3,-234.88,234.88,51.3,115.10129699999999,115.10129699999999,-526.9979072,526.9979072,C1,True,C1,True,1.0,-1.0
36076459,CCOC(=O)[C@](C)(N)[C@@H](C)\C=C\C1=CC=CC=C1,CCOC(=O)[C@](C)(N)[C@@H](C)/C=C/c1ccccc1,-32.8,-360.58,360.58,32.8,-81.12686400000001,81.12686400000001,-891.8513604000001,891.8513604000001,C1,True,C1,True,-1.0,-1.0
36150091,CC(=C)[C@]1(C)C[C@H](C=O)[C@H]1C1=C(C)C=CC=C1,C=C(C)[C@]1(C)C[C@H](C=O)[C@H]1c1ccccc1C,142.0,616.28,616.28,142.0,324.23569999999995,324.23569999999995,1407.182938,1407.182938,C1,True,C1,True,1.0,1.0
36150192,CC(=C)[C@]1(C)C[C@H](CO)[C@H]1C1=C(C)C=CC=C1,C=C(C)[C@]1(C)C[C@H](CO)[C@H]1c1ccccc1C,98.0,402.31,402.31,98.0,225.74398000000002,225.74398000000002,926.7251081,926.7251081,C1,True,C1,True,1.0,1.0
36178833,COC(=O)[C@H](C)NS(=O)(=O)C1=NC=CC=C1,COC(=O)[C@H](C)NS(=O)(=O)c1ccccn1,-2.6,15.1,15.1,2.6,-6.351072,6.351072,36.885072,36.885072,C1,True,C1,True,-1.0,1.0
36247202,CCCC1(CCC)O[C@H](C)C2=CC=CC=C12,CCCC1(CCC)O[C@H](C)c2ccccc21,-13.0,-49.16,49.16,13.0,-28.3842,28.3842,-107.335944,107.335944,C1,True,C1,True,-1.0,-1.0
36247203,COC1=CC=C2[C@@H](C)OC(C)(C)C2=C1,COc1ccc2c(c1)C(C)(C)O[C@@H]2C,-18.0,-35.26,35.26,18.0,-34.60644,34.60644,-67.79017079999998,67.79017079999998,C1,True,C1,True,-1.0,-1.0
36247209,CC1(C)O[C@](C)(C2=CC=CC=C12)C1=CC=CC=C1,CC1(C)O[C@@](C)(c2ccccc2)c2ccccc21,36.7,-304.71,304.71,36.7,87.46711,87.46711,-726.215343,726.215343,C1,True,C1,True,1.0,-1.0
36247211,C[C@@H]1CC2(CO1)CC1=CC=CC=C1C2,C[C@@H]1CC2(CO1)Cc1ccccc1C2,-68.9,53.44,53.44,68.9,-129.71803,129.71803,100.611488,100.611488,C1,True,C1,True,-1.0,1.0
36247212,CC[C@@H]1CC2(CO1)CC1=CC=CC=C1C2,CC[C@@H]1CC2(CO1)Cc1ccccc1C2,-82.4,100.18,100.18,82.4,-166.69272800000002,166.69272800000002,202.6611346,202.6611346,C1,True,C1,True,-1.0,1.0
36247213,FC1=NC=CC(C[C@@H]2CCCO2)=C1,Fc1cc(C[C@@H]2CCCO2)ccn1,27.8,119.07,119.07,27.8,50.37638,50.37638,215.766747,215.766747,C1,True,C1,True,1.0,1.0
36247228,C[C@H]1OC(C)(C)C2=CC=CC(Br)=C12,C[C@H]1OC(C)(C)c2cccc(Br)c21,40.9,35.51,35.51,40.9,98.62135199999999,98.62135199999999,85.62455279999999,85.62455279999999,C1,True,C1,True,1.0,1.0
36375677,[H][C@@]12O[C@@]([H])(C3=C(C=CC3)C1(CC)CC)C(=O)C=C2,CCC1(CC)C2=C(CC=C2)[C@@H]2O[C@H]1C=CC2=O,-330.0,-67.16,67.16,330.0,-760.0131,760.0131,-154.6741812,154.6741812,C1,True,C1,True,-1.0,-1.0
36375679,[H][C@@]12O[C@@]([H])(C=CC1=O)C1(CCCC1)C1=C2CC=C1,O=C1C=C[C@@H]2O[C@H]1C1=C(C=CC1)C21CCCC1,-250.0,-174.68,174.68,250.0,-570.7274999999998,570.7274999999998,-398.7787187999999,398.7787187999999,C1,True,C1,True,-1.0,-1.0
36375680,[H][C@@]12O[C@@]([H])(C=CC1=O)C1(CCC1)C1=C2CC=C1,O=C1C=C[C@@H]2O[C@H]1C1=C(C=CC1)C21CCC1,-376.0,-102.95,102.95,376.0,-805.6326399999998,805.6326399999998,-220.58478799999997,220.58478799999997,C1,True,C1,True,-1.0,-1.0
36375681,[H][C@@]12O[C@@]([H])(C3=C(C=CC3)[C@H]1C(C)(C)C)C(=O)C=C2,CC(C)(C)[C@@H]1C2=C(CC=C2)[C@@H]2O[C@H]1C=CC2=O,-417.0,-53.46,53.46,417.0,-960.38019,960.38019,-123.12212219999999,123.12212219999999,C1,True,C1,True,-1.0,-1.0
36375694,[H][C@@]12O[C@@]([H])(CC[C@@H]1O)C(C)(C)C1=C2CCC1,CC1(C)C2=C(CCC2)[C@@H]2O[C@H]1CC[C@@H]2O,-69.0,-77.03,77.03,69.0,-143.72769,143.72769,-160.4542603,160.4542603,C1,True,C1,True,-1.0,-1.0
36375695,CC1(C)[C@@H](O)CC[C@H](O)CC2=C1CCC2,CC1(C)C2=C(CCC2)C[C@@H](O)CC[C@@H]1O,-12.0,6.19,6.19,12.0,-25.23804,25.23804,13.018622300000002,13.018622300000002,C1,True,C1,True,-1.0,1.0
36452452,[H][C@@]12CCC(=[N]#N)C(=O)[C@@]1(C)CCCC2(C)C,CC1(C)CCC[C@]2(C)C(=O)C(=[N+]=[N-])CC[C@@H]12,44.4,-9.49,9.49,44.4,97.82030399999998,97.82030399999998,-20.9079884,20.9079884,C1,True,C1,True,1.0,-1.0
36452460,[H][C@@]12CC[C@H](C(C)=O)[C@@]1(C)CCCC2(C)C,CC(=O)[C@H]1CC[C@H]2C(C)(C)CCC[C@]12C,122.8,112.59,112.59,122.8,255.84765999999993,255.84765999999993,234.57563549999995,234.57563549999995,C1,True,C1,True,1.0,1.0
36597705,COC1=CC=C2C=C[C@](C)(O)C(=O)C2=C1,COc1ccc2c(c1)C(=O)[C@@](C)(O)C=C2,11.2,-785.26,785.26,11.2,22.873199999999997,22.873199999999997,-1603.6972349999999,1603.6972349999999,C1,True,C1,True,1.0,-1.0
36629882,[H][C@]1(CCCCN1C(=O)OC(C)(C)C)[C@@](C)(O)C=C,C=C[C@](C)(O)[C@@H]1CCCCN1C(=O)OC(C)(C)C,-82.1,-20.5,20.5,82.1,-209.64891799999995,209.64891799999995,-52.34838999999999,52.34838999999999,C1,True,C1,True,-1.0,-1.0
36629883,[H][C@]1(CCCCN1C(=O)OC(C)(C)C)[C@](C)(O)C=C,C=C[C@@](C)(O)[C@@H]1CCCCN1C(=O)OC(C)(C)C,-98.3,25.58,25.58,98.3,-251.01691399999993,251.01691399999993,65.32057639999998,65.32057639999998,C1,True,C1,True,-1.0,1.0
36663212,COC(=O)C1=CC=CC=C(C1)[C@H]1CCCC(=O)O1,COC(=O)C1=CC=CC=C([C@H]2CCCC(=O)O2)C1,71.1,564.75,564.75,71.1,176.52565799999994,176.52565799999994,1402.1500049999993,1402.1500049999993,C1,True,C1,True,1.0,1.0
36753936,OC[C@H](NCC#CC1=CC=CC=C1)C1=CC=CC=C1,OC[C@H](NCC#Cc1ccccc1)c1ccccc1,199.1,-460.75,460.75,199.1,500.3960390000001,500.3960390000001,-1157.9983675,1157.9983675,C1,True,C1,True,1.0,-1.0
36753987,COC1=CC(C)=C(N2CC[C@H](C)C2)C(C)=C1,COc1cc(C)c(N2CC[C@H](C)C2)c(C)c1,-19.5,-42.2,42.2,19.5,-42.76896,42.76896,-92.55641599999998,92.55641599999998,C1,True,C1,True,-1.0,-1.0
36786034,O[C@H]([C@@H]1CCCC=C1)C1=CC=CC=C1,O[C@@H](c1ccccc1)[C@H]1C=CCCC1,11.54,38.65,38.65,11.54,21.72635799999999,21.72635799999999,72.76635499999998,72.76635499999998,C1,True,C1,True,1.0,1.0
36806461,C[C@H](C=C)C#CC1=CC=CC=C1,C=C[C@@H](C)C#Cc1ccccc1,1.4,-418.4,418.4,1.4,2.1871919999999996,2.1871919999999996,-653.6579519999999,653.6579519999999,C1,True,C1,True,1.0,-1.0
36806475,C=C[C@H](CCC1=CC=CC=C1)C#CC1=CSC=C1,C=C[C@@H](C#Cc1ccsc1)CCc1ccccc1,1.8,38.19,38.19,1.8,4.542876,4.542876,96.38468579999999,96.38468579999999,C1,True,C1,True,1.0,1.0
36806476,C=C[C@H](CCC1=CC=CC=C1)C#CC1=CC=CN=C1,C=C[C@@H](C#Cc1cccnc1)CCc1ccccc1,-9.0,-473.56,473.56,9.0,-22.260689999999997,22.260689999999997,-1171.3080395999998,1171.3080395999998,C1,True,C1,True,-1.0,-1.0
36806477,C=C[C@H](CCC1=CC=CC=C1)C#CC1CC1,C=C[C@@H](C#CC1CC1)CCc1ccccc1,9.2,-386.17,386.17,9.2,19.349439999999998,19.349439999999998,-812.192744,812.192744,C1,True,C1,True,1.0,-1.0
36806478,OCC#C[C@@H](CCC1=CC=CC=C1)C=C,C=C[C@@H](C#CCO)CCc1ccccc1,3.4,153.63,153.63,3.4,6.809554,6.809554,307.69170030000004,307.69170030000004,C1,True,C1,True,1.0,1.0
36806479,CCCCC[C@@H](C=C)C#CC1=CC=CC=C1,C=C[C@@H](C#Cc1ccccc1)CCCCC,9.0,-395.23,395.23,9.0,19.11023999999999,19.11023999999999,-839.2155727999997,839.2155727999997,C1,True,C1,True,1.0,-1.0
36806480,CC(C)(O)C#C[C@@H](CCC1=CC=CC=C1)C=C,C=C[C@@H](C#CC(C)(C)O)CCc1ccccc1,7.6,229.54,229.54,7.6,17.35346,17.35346,524.120159,524.120159,C1,True,C1,True,1.0,1.0
36806481,C=C[C@H](CCC1=CC=CC=C1)C#CCCCC#N,C=C[C@@H](C#CCCCC#N)CCc1ccccc1,3.0,303.86,303.86,3.0,7.120379999999999,7.120379999999999,721.1995556,721.1995556,C1,True,C1,True,1.0,1.0
36806485,ClCCCC#C[C@@H](CCC1=CC=CC=C1)C=C,C=C[C@@H](C#CCCCCl)CCc1ccccc1,12.2,305.28,305.28,12.2,30.107281999999994,30.107281999999994,753.3730367999998,753.3730367999998,C1,True,C1,True,1.0,1.0
36806488,C\C(=C\CO)C#C[C@@H](CCC1=CC=CC=C1)C=C,C=C[C@@H](C#C/C(C)=C\CO)CCc1ccccc1,6.2,101.92,101.92,6.2,14.901451999999999,14.901451999999999,244.96064319999996,244.96064319999996,C1,True,C1,True,1.0,1.0
36806491,COC1=CC=C(C=C1)C#C[C@@H](C)C=C,C=C[C@H](C)C#Cc1ccc(OC)cc1,28.8,383.7,383.7,28.8,53.64115199999999,53.64115199999999,714.6565979999998,714.6565979999998,C1,True,C1,True,1.0,1.0
36806492,CCC[C@@H](C=C)C#CC1=CC=C(OC)C=C1,C=C[C@@H](C#Cc1ccc(OC)cc1)CCC,13.0,324.82,324.82,13.0,27.86003999999999,27.86003999999999,696.1152455999998,696.1152455999998,C1,True,C1,True,1.0,1.0
36806493,COC1=CC=C(C=C1)C#C[C@H](C=C)C(C)C,C=C[C@@H](C#Cc1ccc(OC)cc1)C(C)C,24.6,311.34,311.34,24.6,52.719767999999995,52.719767999999995,667.2265271999999,667.2265271999999,C1,True,C1,True,1.0,1.0
36806494,COC1=CC=C(C=C1)C#C[C@H](C=C)C1CCCCC1,C=C[C@@H](C#Cc1ccc(OC)cc1)C1CCCCC1,83.4,227.48,227.48,83.4,212.14708199999993,212.14708199999993,578.6477003999997,578.6477003999997,C1,True,C1,True,1.0,1.0
36806495,COC1=CC=C(C=C1)C#C[C@H](C=C)C1CC1,C=C[C@@H](C#Cc1ccc(OC)cc1)C1CC1,53.1,190.86,190.86,53.1,112.72705199999997,112.72705199999997,405.1805111999999,405.1805111999999,C1,True,C1,True,1.0,1.0
36806496,COC1=CC=C(C=C1)C#C[C@@H](CC(C)C)C=C,C=C[C@@H](C#Cc1ccc(OC)cc1)CC(C)C,47.2,224.21,224.21,47.2,107.77411999999998,107.77411999999998,511.94990349999995,511.94990349999995,C1,True,C1,True,1.0,1.0
36806497,COC1=CC=C(C=C1)C#C[C@H](C=C)C(C)(C)C,C=C[C@@H](C#Cc1ccc(OC)cc1)C(C)(C)C,8.0,298.02,298.02,8.0,18.266799999999996,18.266799999999996,680.4839669999998,680.4839669999998,C1,True,C1,True,1.0,1.0
36806498,COC1=CC=C(C=C1)C#C[C@H](C=C)C1=CC=CC=C1,C=C[C@@H](C#Cc1ccc(OC)cc1)c1ccccc1,2.6,230.62,230.62,2.6,6.45645,6.45645,572.687115,572.687115,C1,True,C1,True,1.0,1.0
36806501,COC1=CC=C(C=C1)C#C[C@@H](CO)C=C,C=C[C@@H](C#Cc1ccc(OC)cc1)CO,25.0,415.43,415.43,25.0,50.56324999999999,50.56324999999999,840.2196378999998,840.2196378999998,C1,True,C1,True,1.0,1.0
36806662,CC1=CC=C2[C@@H](CC=C)NC3=C(OC2=C1)C=CC=C3,C=CC[C@H]1Nc2ccccc2Oc2cc(C)ccc21,-1.2,-212.59,212.59,1.2,-3.015947999999999,3.015947999999999,-534.3003210999999,534.3003210999999,C1,True,C1,True,-1.0,-1.0
36806663,CC1=CC=C2OC3=C(N[C@H](CC=C)C2=C1)C=CC=C3,C=CC[C@H]1Nc2ccccc2Oc2ccc(C)cc21,3.4,229.62,229.62,3.4,8.545185999999998,8.545185999999998,577.1016497999999,577.1016497999999,C1,True,C1,True,1.0,1.0
36806667,FC1=CC=C2OC3=C(N[C@H](CC=C)C2=C1)C=CC=C3,C=CC[C@H]1Nc2ccccc2Oc2ccc(F)cc21,-4.0,-106.25,106.25,4.0,-10.211679999999998,10.211679999999998,-271.24774999999994,271.24774999999994,C1,True,C1,True,-1.0,-1.0
36806670,C=CC[C@H]1NC2=C(SC3=CC=CC=C13)C=CC=C2,C=CC[C@H]1Nc2ccccc2Sc2ccccc21,-21.6,-39.77,39.77,21.6,-54.72792,54.72792,-100.765249,100.765249,C1,True,C1,True,-1.0,-1.0
36806672,C=CC[C@H]1NC2=C(OC3=CC=CC=C13)C=CC=C2,C=CC[C@H]1Nc2ccccc2Oc2ccccc21,-1.0,-163.52,163.52,1.0,-2.3730199999999995,2.3730199999999995,-388.03623039999997,388.03623039999997,C1,True,C1,True,-1.0,-1.0
36806674,CC(=C)C[C@H]1NC2=C(OC3=CC=CC=C13)C=CC=C2,C=C(C)C[C@H]1Nc2ccccc2Oc2ccccc21,-1.4,-184.57,184.57,1.4,-3.5186059999999997,3.5186059999999997,-463.87793529999993,463.87793529999993,C1,True,C1,True,-1.0,-1.0
36806680,[H][C@]12CCCCN1C1=C(OC3=C2C=CC=C3)C=CC=C1,c1ccc2c(c1)Oc1ccccc1N1CCCC[C@H]21,-347.2,-178.91,178.91,347.2,-872.6142879999998,872.6142879999998,-449.65271389999987,449.65271389999987,C1,True,C1,True,-1.0,-1.0
36806689,CC1=CC2=C(N[C@H](CC=C)C3=CC=CC=C3O2)C=C1,C=CC[C@H]1Nc2ccc(C)cc2Oc2ccccc21,-1.8,-124.51,124.51,1.8,-4.523922,4.523922,-312.9297379,312.9297379,C1,True,C1,True,-1.0,-1.0
36806693,FC1=CC2=C(OC3=CC=CC=C3[C@@H](CC=C)N2)C=C1,C=CC[C@H]1Nc2cc(F)ccc2Oc2ccccc21,5.3,-133.44,133.44,5.3,13.530475999999998,13.530475999999998,-340.6616448,340.6616448,C1,True,C1,True,1.0,-1.0
36806708,CC1=CC2=C(OC3=CC=CC=C3[C@@H](CC=C)N2)C=C1,C=CC[C@H]1Nc2cc(C)ccc2Oc2ccccc21,-21.6,-144.14,144.14,21.6,-54.287064,54.287064,-362.2656206,362.2656206,C1,True,C1,True,-1.0,-1.0
36815023,C[C@@H](C=C)C1(SCCCS1)C(O)=O,C=C[C@H](C)C1(C(=O)O)SCCCS1,-11.8,32.77,32.77,11.8,-25.764473999999996,25.764473999999996,71.55100109999998,71.55100109999998,C1,True,C1,True,-1.0,1.0
36815028,CCC[C@@H](C=C)C1(SCCCS1)C(O)=O,C=C[C@H](CCC)C1(C(=O)O)SCCCS1,5.0,50.26,50.26,5.0,12.319849999999999,12.319849999999999,123.83913219999998,123.83913219999998,C1,True,C1,True,1.0,1.0
36858346,CC(C)NC(=O)O[C@H]1CCN2C=CN=C12,CC(C)NC(=O)O[C@H]1CCn2ccnc21,3.0,7.14,7.14,3.0,6.277469999999998,6.277469999999998,14.940378599999997,14.940378599999997,C1,True,C1,True,1.0,1.0
36858347,CC(C)N(C(C)C)C(=O)O[C@H]1CCN2C=CN=C12,CC(C)N(C(=O)O[C@H]1CCn2ccnc21)C(C)C,16.9,-4.41,4.41,16.9,42.47476999999999,42.47476999999999,-11.083653,11.083653,C1,True,C1,True,1.0,-1.0
36858354,O=C(O[C@H]1CCN2C=CN=C12)N1CCCCC1,O=C(O[C@H]1CCn2ccnc21)N1CCCCC1,15.0,85.96,85.96,15.0,35.29304999999999,35.29304999999999,202.25270519999992,202.25270519999992,C1,True,C1,True,1.0,1.0
36858355,CC(C)(C)OC(=O)O[C@H]1CCN2C=CN=C12,CC(C)(C)OC(=O)O[C@H]1CCn2ccnc21,-30.4,41.22,41.22,30.4,-68.17504,68.17504,92.439972,92.439972,C1,True,C1,True,-1.0,1.0
36858356,CC(C)(C)NC(=O)O[C@H]1CCN2C=CN=C12,CC(C)(C)NC(=O)O[C@H]1CCn2ccnc21,8.0,55.97,55.97,8.0,17.86208,17.86208,124.9675772,124.9675772,C1,True,C1,True,1.0,1.0
36858357,CN(C(=O)O[C@H]1CCN2C=CN=C12)C(C)(C)C,CN(C(=O)O[C@H]1CCn2ccnc21)C(C)(C)C,9.0,63.85,63.85,9.0,21.35727,21.35727,151.5179655,151.5179655,C1,True,C1,True,1.0,1.0
36858363,CC(C)(C)[Si](C)(C)O[C@H]1CCN2C=CN=C12,CC(C)(C)[Si](C)(C)O[C@H]1CCn2ccnc21,-25.6,-141.88,141.88,25.6,-61.032191999999995,61.032191999999995,-338.25185159999995,338.25185159999995,C1,True,C1,True,-1.0,-1.0
36946687,COC1=CC2=C(C=C1OC)[C@@H](C)C(=O)NCC2,COc1cc2c(cc1OC)[C@@H](C)C(=O)NCC2,-144.0,-200.16,200.16,144.0,-338.80751999999995,338.80751999999995,-470.9424527999999,470.9424527999999,C1,True,C1,True,-1.0,-1.0
36946689,COC1=CC2=C(CCNC(=O)[C@@H]2C)C=C1,COc1ccc2c(c1)[C@@H](C)C(=O)NCC2,12.0,-158.98,158.98,12.0,24.630839999999992,24.630839999999992,-326.31757859999993,326.31757859999993,C1,True,C1,True,1.0,-1.0
37081358,N[C@H](C#CC1=CC=C(F)C=C1)C(F)(F)F,N[C@H](C#Cc1ccc(F)cc1)C(F)(F)F,27.6,102.52,102.52,27.6,59.93753999999999,59.93753999999999,222.63755799999996,222.63755799999996,C1,True,C1,True,1.0,1.0
37111515,CC(C)C[C@@H](C)C(=O)NC1=CC=CC=C1,CC(C)C[C@@H](C)C(=O)Nc1ccccc1,-7.0,-152.89,152.89,7.0,-14.371070000000001,14.371070000000001,-313.8846989,313.8846989,C1,True,C1,True,-1.0,-1.0
37134236,CN1C=CC2=C(C=CC=C12)[C@H](O)C=C,C=C[C@@H](O)c1cccc2c1ccn2C,26.2,-98.47,98.47,26.2,49.057404,49.057404,-184.3771974,184.3771974,C1,True,C1,True,1.0,-1.0
37177863,CO[C@H]1CCC[C@H](O1)C1=CC=CC=C(CO)C1,CO[C@H]1CCC[C@@H](C2=CC=CC=C(CO)C2)O1,-39.8,-48.89,48.89,39.8,-94.05177799999997,94.05177799999997,-115.5324479,115.5324479,C1,True,C1,True,-1.0,-1.0
37177867,CO[C@H]1CCC[C@H](O1)C1=CC=CC=C(C1)C=O,CO[C@H]1CCC[C@@H](C2=CC=CC=C(C=O)C2)O1,-39.650000000000006,251.99,251.99,39.650000000000006,-92.89796750000001,92.89796750000001,590.3999705,590.3999705,C1,True,C1,True,-1.0,1.0
37238766,C[C@H](C1CCCCC1)C(=O)NC1=CC=CC=C1,C[C@@H](C(=O)Nc1ccccc1)C1CCCCC1,-35.5,62.36,62.36,35.5,-82.12534499999997,82.12534499999997,144.26300039999995,144.26300039999995,C1,True,C1,True,-1.0,1.0
37255699,CCOC(=O)[C@@H]1CSC[C@@H]1O,CCOC(=O)[C@@H]1CSC[C@@H]1O,5.8,12.42,12.42,5.8,10.221746,10.221746,21.8886354,21.8886354,C1,True,C1,True,1.0,1.0
37255700,CCOC(=O)[C@@]1(CSC[C@@H]1O)C1=CC=CC=C1,CCOC(=O)[C@]1(c2ccccc2)CSC[C@@H]1O,-18.9,111.22,111.22,18.9,-47.691314999999996,47.691314999999996,280.64698699999997,280.64698699999997,C1,True,C1,True,-1.0,1.0
37283106,C[C@@H](CC(C)=C)B1OCC(C)(C)CO1,C=C(C)C[C@H](C)B1OCC(C)(C)CO1,107.1,-37.04,37.04,107.1,210.02202899999992,210.02202899999992,-72.6350696,72.6350696,C1,True,C1,True,1.0,-1.0
37283118,C[C@@H](CC(=C)CC=C)B1OCC(C)(C)CO1,C=CCC(=C)C[C@H](C)B1OCC(C)(C)CO1,-7.1,268.27,268.27,7.1,-15.771726999999997,15.771726999999997,595.9269298999998,595.9269298999998,C1,True,C1,True,-1.0,1.0
37283127,C[C@H](O)CC(=C)C1=CC2=CC=CC=C2O1,C=C(C[C@H](C)O)c1cc2ccccc2o1,-1.7,-78.02,78.02,1.7,-3.4383009999999996,3.4383009999999996,-157.79779059999998,157.79779059999998,C1,True,C1,True,-1.0,-1.0
37283130,C[C@@H](CC=C)B1OCC(C)(C)CO1,C=CC[C@H](C)B1OCC(C)(C)CO1,5.8,10.7,10.7,5.8,10.560175999999998,10.560175999999998,19.481703999999993,19.481703999999993,C1,True,C1,True,1.0,1.0
37283140,CCC[C@@H](CC=C)B1OCC(C)(C)CO1,C=CC[C@H](CCC)B1OCC(C)(C)CO1,-5.7,6.26,6.26,5.7,-11.977181999999997,11.977181999999997,13.153887599999996,13.153887599999996,C1,True,C1,True,-1.0,1.0
37300452,[H][C@]12CC[C@](C1)(OC2=O)C1=CC=C(C=C1)C(C)(C)C,CC(C)(C)c1ccc([C@@]23CC[C@@H](C2)C(=O)O3)cc1,31.5,33.02,33.02,31.5,76.96520999999998,76.96520999999998,80.6790868,80.6790868,C1,True,C1,True,1.0,1.0
37300454,[H][C@]12CC[C@](C1)(OC2=O)C1=CC(C)=CC(C)=C1,Cc1cc(C)cc([C@@]23CC[C@@H](C2)C(=O)O3)c1,34.3,50.96,50.96,34.3,74.18403999999998,74.18403999999998,110.21628799999999,110.21628799999999,C1,True,C1,True,1.0,1.0
37300455,[H][C@]12CC[C@](C1)(OC2=O)C1=CC(C)=CC=C1,Cc1cccc([C@@]23CC[C@@H](C2)C(=O)O3)c1,33.6,70.35,70.35,33.6,67.957008,67.957008,142.28498549999998,142.28498549999998,C1,True,C1,True,1.0,1.0
37300456,[H][C@]12CC[C@](C1)(OC2=O)C1=C(OC)C=CC=C1,COc1ccccc1[C@@]12CC[C@@H](C1)C(=O)O2,27.9,13.22,13.22,27.9,60.89230799999998,60.89230799999998,28.85291439999999,28.85291439999999,C1,True,C1,True,1.0,1.0
37300460,[H][C@]12CC[C@](C1)(OC2=O)C1=CC=C2C=CC=CC2=C1,O=C1O[C@]2(c3ccc4ccccc4c3)CC[C@H]1C2,19.6,27.67,27.67,19.6,46.704055999999994,46.704055999999994,65.93373619999998,65.93373619999998,C1,True,C1,True,1.0,1.0
37300461,[H][C@]12CC[C@](CC3=CC=CC=C3)(C1)OC2=O,O=C1O[C@]2(Cc3ccccc3)CC[C@H]1C2,44.4,-53.21,53.21,44.4,89.80033199999998,89.80033199999998,-107.61882129999998,107.61882129999998,C1,True,C1,True,1.0,-1.0
37300468,[H][C@]12CC[C@](C1)(OC2=O)C12CC3CC(CC(C3)C1)C2,O=C1O[C@]2(C34CC5CC(CC(C5)C3)C4)CC[C@H]1C2,25.1,-4.45,4.45,25.1,61.833849999999984,61.833849999999984,-10.962574999999998,10.962574999999998,C1,True,C1,True,1.0,-1.0
37300469,[H][C@@]12CC[C@@](CCC1)(OC2=O)C1=CC=CC=C1,O=C1O[C@]2(c3ccccc3)CCC[C@H]1CC2,-56.2,-33.02,33.02,56.2,-121.54935999999996,121.54935999999996,-71.41565599999998,71.41565599999998,C1,True,C1,True,-1.0,-1.0
37391319,CC1(C)OCC[C@]11C(=O)NC2=CC=CC=C12,CC1(C)OCC[C@]12C(=O)Nc1ccccc12,98.3,85.66,85.66,98.3,213.57444400000003,213.57444400000003,186.11176880000002,186.11176880000002,C1,True,C1,True,1.0,1.0
37391341,COC(=O)N1CC[C@]2(C1)C(=O)NC1=CC=CC=C21,COC(=O)N1CC[C@]2(C1)C(=O)Nc1ccccc12,25.4,71.68,71.68,25.4,62.551564,62.551564,176.52346880000005,176.52346880000005,C1,True,C1,True,1.0,1.0
37391344,O=C1NC2=CC=CC=C2[C@@]11CCOC1,O=C1Nc2ccccc2[C@@]12CCOC2,38.8,157.18,157.18,38.8,73.41503199999997,73.41503199999997,297.4065651999999,297.4065651999999,C1,True,C1,True,1.0,1.0
37391345,FC1=C2C(NC(=O)[C@]22CCOC2)=CC=C1,O=C1Nc2cccc(F)c2[C@@]12CCOC2,1.0,27.3,27.3,1.0,2.0720399999999994,2.0720399999999994,56.56669199999998,56.56669199999998,C1,True,C1,True,1.0,1.0
37391347,CC1=CC=C2C(NC(=O)[C@]22CCOC2)=C1,Cc1ccc2c(c1)NC(=O)[C@]21CCOC1,30.4,118.82,118.82,30.4,61.78526399999999,61.78526399999999,241.4909561999999,241.4909561999999,C1,True,C1,True,1.0,1.0
37391348,O=C1NC2=CC(=CC=C2[C@@]11CCOC1)C#N,N#Cc1ccc2c(c1)NC(=O)[C@]21CCOC1,55.2,165.49,165.49,55.2,118.25164799999997,118.25164799999997,354.5192975999999,354.5192975999999,C1,True,C1,True,1.0,1.0
37396058,CC\C=C/C[C@H]1C(=C)C=CC1=O,C=C1C=CC(=O)[C@H]1C/C=C\CC,-16.5,232.52,232.52,16.5,-26.768279999999994,26.768279999999994,377.22184639999995,377.22184639999995,C1,True,C1,True,-1.0,1.0
37409743,CC(=C)[C@@H](C=C)C=C(C)CO,C=C[C@@H](C=C(C)CO)C(=C)C,26.3,-191.95,191.95,26.3,40.03833099999999,40.03833099999999,-292.2189214999999,292.2189214999999,C1,True,C1,True,1.0,-1.0
37415322,S=C1NC[C@@H](N1)C12CC3CC(CC(C3)C1)C2,S=C1NC[C@H](C23CC4CC(CC(C4)C2)C3)N1,-22.5,-7.5,7.5,22.5,-53.18639999999999,53.18639999999999,-17.728799999999996,17.728799999999996,C1,True,C1,True,-1.0,-1.0
37415782,CC(=O)C1=C(C)O[C@@H]([C@H]1C1=CC=CC=C1)N(=O)=O,CC(=O)C1=C(C)O[C@H]([N+](=O)[O-])[C@H]1c1ccccc1,-182.49,368.42,368.42,182.49,-451.20652500000006,451.20652500000006,910.91845,910.91845,C1,True,C1,True,-1.0,1.0
37433570,C\C=C1\CC[C@H](C1)C(C)(C)C(=C)C#C,C#CC(=C)C(C)(C)[C@@H]1CC/C(=C/C)C1,30.0,172.14,172.14,30.0,56.49419999999999,56.49419999999999,324.1637195999999,324.1637195999999,C1,True,C1,True,1.0,1.0
37433577,[H][C@@]12CC[C@]3(C1)[C@@H](C)C(=O)C[C@@]3([H])C(=C)C2(C)C,C=C1[C@@H]2CC(=O)[C@H](C)[C@@]23CC[C@H](C3)C1(C)C,-25.0,-34.67,34.67,25.0,-54.584999999999994,54.584999999999994,-75.69847799999998,75.69847799999998,C1,True,C1,True,-1.0,-1.0
37433578,CC(C)([C@H]1CCC(=O)C1)C(O)=O,CC(C)(C(=O)O)[C@H]1CCC(=O)C1,-106.4,-102.8,102.8,106.4,-181.10131199999995,181.10131199999995,-174.97382399999995,174.97382399999995,C1,True,C1,True,-1.0,-1.0
37433597,C\C=C1\CC[C@H](C1)C(C)(C)C(C)=O,C/C=C1/CC[C@@H](C(C)(C)C(C)=O)C1,42.0,62.04,62.04,42.0,75.72222,75.72222,111.85253639999998,111.85253639999998,C1,True,C1,True,1.0,1.0
37433847,ClC1=C(C=CC=C1)[C@@H]1CC(=O)C2=CC=CC=C12,O=C1C[C@@H](c2ccccc2Cl)c2ccccc21,-36.0,-245.88,245.88,36.0,-87.37379999999999,87.37379999999999,-596.763054,596.763054,C1,True,C1,True,-1.0,-1.0
37433867,COC1=C2[C@@H](CC(=O)C2=CC=C1)C1=CC=CC=C1,COc1cccc2c1[C@H](c1ccccc1)CC2=O,-7.5,296.21,296.21,7.5,-17.871449999999996,17.871449999999996,705.8269605999999,705.8269605999999,C1,True,C1,True,-1.0,1.0
37433869,COC1=CC=C2C(=O)C[C@H](C2=C1)C1=CC=CC=C1,COc1ccc2c(c1)[C@H](c1ccccc1)CC2=O,-10.9,-80.55,80.55,10.9,-25.973174,25.973174,-191.939373,191.939373,C1,True,C1,True,-1.0,-1.0
37433870,ClC1=CC=C2C(=O)C[C@H](C2=C1)C1=CC=CC=C1,O=C1C[C@@H](c2ccccc2)c2cc(Cl)ccc21,-12.8,95.95,95.95,12.8,-31.066239999999997,31.066239999999997,232.8754475,232.8754475,C1,True,C1,True,-1.0,1.0
37433874,ClC1=CC=CC(=C1)[C@@H]1CC(=O)C2=CC=CC=C12,O=C1C[C@@H](c2cccc(Cl)c2)c2ccccc21,41.4,373.15,373.15,41.4,100.47986999999999,100.47986999999999,905.6537074999999,905.6537074999999,C1,True,C1,True,1.0,1.0
37539896,COC1=CC(=CC(OC)=C1)[C@@H](O)C1=CC=CC=C1,COc1cc(OC)cc([C@@H](O)c2ccccc2)c1,13.04,466.76,466.76,13.04,31.855416,31.855416,1140.248004,1140.248004,C1,True,C1,True,1.0,1.0
37543053,[H][C@]12CC[C@@H](CC)N1CC[C@H](CC2)C1=CC=CC=C1,CC[C@@H]1CC[C@@H]2CC[C@H](c3ccccc3)CCN21,-48.0,-66.93,66.93,48.0,-116.82912,116.82912,-162.90360420000002,162.90360420000002,C1,True,C1,True,-1.0,-1.0
37543057,[H][C@]12CC[C@@H](CC=C)N1CC[C@H](CC2)C1=CC=CC=C1,C=CC[C@@H]1CC[C@@H]2CC[C@H](c3ccccc3)CCN21,-37.0,-103.18,103.18,37.0,-94.49985000000001,94.49985000000001,-263.526879,263.526879,C1,True,C1,True,-1.0,-1.0
37543069,[H][C@]12CC[C@@H](CC=C)N1CCCC2,C=CC[C@@H]1CC[C@@H]2CCCCN21,-34.6,-187.48,187.48,34.6,-57.186879999999995,57.186879999999995,-309.86694399999993,309.86694399999993,C1,True,C1,True,-1.0,-1.0
37543071,[H][C@]12CC[C@@H](CCC)N1CCCC2,CCC[C@@H]1CC[C@@H]2CCCCN12,-42.0,-153.88,153.88,42.0,-70.26432,70.26432,-257.43508479999997,257.43508479999997,C1,True,C1,True,-1.0,-1.0
37543074,CCCC[C@H](O)CCC1(CCCCC1)N=N#N,CCCC[C@H](O)CCC1(N=[N+]=[N-])CCCCC1,1.2,62.6,62.6,1.2,2.8723559999999986,2.8723559999999986,149.84123799999995,149.84123799999995,C1,True,C1,True,1.0,1.0
37548073,[H][C@]1(CCC(=O)N1)[C@@H](CC)OC(C)=O,CC[C@@H](OC(C)=O)[C@@H]1CCC(=O)N1,41.8,151.85,151.85,41.8,77.42321399999997,77.42321399999997,281.26112549999993,281.26112549999993,C1,True,C1,True,1.0,1.0
37548075,[H][C@]1(CCC(=O)N1)[C@@H](CCCCC)OC(C)=O,CCCCC[C@@H](OC(C)=O)[C@@H]1CCC(=O)N1,21.0,-41.33,41.33,21.0,47.733839999999994,47.733839999999994,-93.94474319999999,93.94474319999999,C1,True,C1,True,1.0,-1.0
37548077,[H][C@]1(CCC(=O)N1)[C@H](C)OC(C)=O,CC(=O)O[C@@H](C)[C@@H]1CCC(=O)N1,15.4,-29.75,29.75,15.4,26.364184,26.364184,-50.93081,50.93081,C1,True,C1,True,1.0,-1.0
37548083,CC(=O)OC(C)(C)[C@@H]1CCC(=O)N1,CC(=O)OC(C)(C)[C@@H]1CCC(=O)N1,17.0,26.94,26.94,17.0,31.487909999999996,31.487909999999996,49.899076199999996,49.899076199999996,C1,True,C1,True,1.0,1.0
37548086,[H][C@]1(CCC(=O)N1)[C@@H](C)OC(=O)C(C)C,CC(C)C(=O)O[C@H](C)[C@@H]1CCC(=O)N1,16.9,115.99,115.99,16.9,33.67324999999999,33.67324999999999,231.11007499999994,231.11007499999994,C1,True,C1,True,1.0,1.0
37582828,CC1=CN([C@@H](CO)C(=C)C2=CC=CC=C2)C(=O)C=C1,C=C(c1ccccc1)[C@H](CO)n1cc(C)ccc1=O,-85.667,558.34,558.34,85.667,-218.72241438999998,218.72241438999998,1425.5369377999998,1425.5369377999998,C1,True,C1,True,-1.0,1.0
37582829,CC1=CC(=O)N(C=C1)[C@@H](CO)C(=C)C1=CC=CC=C1,C=C(c1ccccc1)[C@H](CO)n1ccc(C)cc1=O,-49.697,600.07,600.07,49.697,-126.88488948999999,126.88488948999999,1532.0807218999998,1532.0807218999998,C1,True,C1,True,-1.0,1.0
37582830,CC1=CC=CN([C@@H](CO)C(=C)C2=CC=CC=C2)C1=O,C=C(c1ccccc1)[C@H](CO)n1cccc(C)c1=O,-95.818,-306.36,306.36,95.818,-244.63964305999994,244.63964305999994,-782.1891612,782.1891612,C1,True,C1,True,-1.0,-1.0
37582835,OC[C@H](N1C=CC=CC1=O)C(=C)C1=CC=CC=C1,C=C(c1ccccc1)[C@H](CO)n1ccccc1=O,-141.333,-307.75,307.75,141.333,-341.0223957,341.0223957,-742.5699749999999,742.5699749999999,C1,True,C1,True,-1.0,-1.0
37582841,OCC[C@H](N1C=CC=CC1=O)C(=C)C1=CC=CC=C1,C=C(c1ccccc1)[C@H](CCO)n1ccccc1=O,-183.284,-189.83,189.83,183.284,-467.9552102799999,467.9552102799999,-484.66826109999994,484.66826109999994,C1,True,C1,True,-1.0,-1.0
37582846,CC1=CC=C(C=C1)C(=C)[C@H](CO)N1C=CC=CC1=O,C=C(c1ccc(C)cc1)[C@H](CO)n1ccccc1=O,-127.391,604.38,604.38,127.391,-325.25087947,325.25087947,1543.0848846,1543.0848846,C1,True,C1,True,-1.0,1.0
37582857,CC1=CC(=CC=C1)C(=C)[C@H](CO)N1C=CC=CC1=O,C=C(c1cccc(C)c1)[C@H](CO)n1ccccc1=O,-111.111,518.81,518.81,111.111,-283.68527187,283.68527187,1324.6101276999998,1324.6101276999998,C1,True,C1,True,-1.0,1.0
37614349,CCC(=O)[C@](O)(CC)C#CCCC1=CC=CC=C1,CCC(=O)[C@@](O)(C#CCCc1ccccc1)CC,125.8,149.37,149.37,125.8,307.372172,307.372172,364.9616957999999,364.9616957999999,C1,True,C1,True,1.0,1.0
37614350,CCCCCCC#C[C@@](O)(CC)C(=O)CC,CCCCCCC#C[C@@](O)(CC)C(=O)CC,119.6,-50.07,50.07,119.6,268.31542399999995,268.31542399999995,-112.32904079999999,112.32904079999999,C1,True,C1,True,1.0,-1.0
37614351,CCC(=O)[C@](O)(CC)C#C[Si](C)(C)C,CCC(=O)[C@@](O)(C#C[Si](C)(C)C)CC,178.5,256.42,256.42,178.5,379.0715249999999,379.0715249999999,544.5463329999999,544.5463329999999,C1,True,C1,True,1.0,1.0
37614369,CCC(=O)[C@](O)(CC)C#CC1=CC=C(C)C=C1,CCC(=O)[C@@](O)(C#Cc1ccc(C)cc1)CC,246.3,235.08,235.08,246.3,567.246141,567.246141,541.4056956000001,541.4056956000001,C1,True,C1,True,1.0,1.0
37614371,CCC(=O)[C@](O)(CC)C#CC1=C(F)C=CC=C1,CCC(=O)[C@@](O)(C#Cc1ccccc1F)CC,204.9,435.93,435.93,204.9,480.01922999999994,480.01922999999994,1021.2532109999999,1021.2532109999999,C1,True,C1,True,1.0,1.0
37655814,COC(=O)[C@H](NC(=O)OC(C)(C)C)C=C,C=C[C@@H](NC(=O)OC(C)(C)C)C(=O)OC,-3.1,-171.85,171.85,3.1,-6.672719,6.672719,-369.90540649999997,369.90540649999997,C1,True,C1,True,-1.0,-1.0
37666648,CCOC(=O)[C@@H]1CNC2=C(O1)C=CC=C2,CCOC(=O)[C@@H]1CNc2ccccc2O1,-37.0,-112.52,112.52,37.0,-76.67473000000001,76.67473000000001,-233.1740708,233.1740708,C1,True,C1,True,-1.0,-1.0
37681317,C#CCN1CCC[C@H]1COC1=CC=CC=C1,C#CCN1CCC[C@H]1COc1ccccc1,-118.3,-302.23,302.23,118.3,-254.69516800000002,254.69516800000002,-650.6891008000001,650.6891008000001,C1,True,C1,True,-1.0,-1.0
37757539,C[C@@H]1N(CC=CC1=O)C(=O)OC(C)(C)C,C[C@H]1C(=O)C=CCN1C(=O)OC(C)(C)C,73.37,354.16,354.16,73.37,155.0021957,155.0021957,748.2019575999999,748.2019575999999,C1,True,C1,True,1.0,1.0
37801521,[H][C@@]12C[C@@]([H])(C(=CC1)C(=O)NCC1=CC=CC=C1)C2(C)C,CC1(C)[C@H]2CC=C(C(=O)NCc3ccccc3)[C@@H]1C2,-6.0,-150.17,150.17,6.0,-15.32166,15.32166,-383.47561369999994,383.47561369999994,C1,True,C1,True,-1.0,-1.0
38158129,[BH3-][N@@+]1(CC[C@@H]1C#N)[C@@H](C)C1=CC=CC=C1,[BH3-][N@+]1([C@@H](C)c2ccccc2)CC[C@@H]1C#N,120.4,72.01,72.01,120.4,240.913176,240.913176,144.0876894,144.0876894,C1,True,C1,True,1.0,1.0
38233198,ClC1=CC2=C(C=C1)[C@@]1(CCC(=O)N1)C(=O)C=C2,O=C1CC[C@@]2(N1)C(=O)C=Cc1cc(Cl)ccc12,-137.6,70.6,70.6,137.6,-340.809056,340.809056,174.86278599999997,174.86278599999997,C1,True,C1,True,-1.0,1.0
38233202,COC1=CC2=C(C=C1)C=CC(=O)[C@]21CCC(=O)N1,COc1ccc2c(c1)[C@@]1(CCC(=O)N1)C(=O)C=C2,-304.9,-34.82,34.82,304.9,-741.705838,741.705838,-84.70382839999998,84.70382839999998,C1,True,C1,True,-1.0,-1.0
38233206,O=C1CC[C@@]2(N1)C=CC(=O)C1=C2C=CC=C1,O=C1CC[C@]2(C=CC(=O)c3ccccc32)N1,-31.7,17.61,17.61,31.7,-67.59581200000001,67.59581200000001,37.5508596,37.5508596,C1,True,C1,True,-1.0,1.0
38235579,CC1=CC=C2[C@@H](O)C[C@H](C2=C1)C1=CC=CC=C1,Cc1ccc2c(c1)[C@H](c1ccccc1)C[C@@H]2O,7.3,-93.07,93.07,7.3,16.374118999999997,16.374118999999997,-208.7588021,208.7588021,C1,True,C1,True,1.0,-1.0
38235585,CC1=CC=C2[C@H](C[C@@H](O)C2=C1)C1=CC=CC=C1,Cc1ccc2c(c1)[C@H](O)C[C@@H]2c1ccccc1,-32.7,9.15,9.15,32.7,-73.347081,73.347081,20.5237245,20.5237245,C1,True,C1,True,-1.0,1.0
38293630,O[C@H](CCCCBr)C1CCCCC1,O[C@H](CCCCBr)C1CCCCC1,12.0,52.86,52.86,12.0,29.90303999999999,29.90303999999999,131.72289119999996,131.72289119999996,C1,True,C1,True,1.0,1.0
38293632,O[C@H](CCCCCl)C1CCCCC1,O[C@H](CCCCCl)C1CCCCC1,20.0,123.44,123.44,20.0,40.94819999999999,40.94819999999999,252.73229039999995,252.73229039999995,C1,True,C1,True,1.0,1.0
38295605,CN1C(=O)[C@H](CC2=CC=CC=C2)OC2=C1C=CC=C2,CN1C(=O)[C@H](Cc2ccccc2)Oc2ccccc21,-274.8,179.77,179.77,274.8,-696.0711480000001,696.0711480000001,455.35920770000007,455.35920770000007,C1,True,C1,True,-1.0,1.0
38295648,O=C1NC2=C(O[C@H]1CC1=CC=CC=C1)C=CC=C2,O=C1Nc2ccccc2O[C@H]1Cc1ccccc1,-44.0,330.54,330.54,44.0,-105.28055999999998,105.28055999999998,790.8962796,790.8962796,C1,True,C1,True,-1.0,1.0
38388824,CC(C)(C)[S@@](=O)N[C@H](C(F)F)C(F)(F)F,CC(C)(C)[S@@](=O)N[C@H](C(F)F)C(F)(F)F,-32.2,-127.64,127.64,32.2,-81.541992,81.541992,-323.2304304,323.2304304,C1,True,C1,True,-1.0,-1.0
38416308,CCN(CC)C(=O)[C@H](C)CC=O,CCN(CC)C(=O)[C@H](C)CC=O,-4.4,-186.42,186.42,4.4,-7.534559999999999,7.534559999999999,-319.2256079999999,319.2256079999999,C1,True,C1,True,-1.0,-1.0
38416310,CC(C)N(C(C)C)C(=O)[C@H](C)CC=O,CC(C)N(C(=O)[C@H](C)CC=O)C(C)C,61.4,-51.8,51.8,61.4,122.36651599999999,122.36651599999999,-103.23429199999998,103.23429199999998,C1,True,C1,True,1.0,-1.0
38416311,CC[C@H](CC=O)C(=O)N(CC)CC,CC[C@H](CC=O)C(=O)N(CC)CC,-3.0,72.02,72.02,3.0,-5.5580099999999995,5.5580099999999995,133.42929339999998,133.42929339999998,C1,True,C1,True,-1.0,1.0
38416312,CCN(CC)C(=O)[C@H](CC=O)CC1=CC=CC=C1,CCN(CC)C(=O)[C@H](CC=O)Cc1ccccc1,22.3,-202.03,202.03,22.3,55.156374,55.156374,-499.6969614,499.6969614,C1,True,C1,True,1.0,-1.0
38416313,CCN(CC)C(=O)[C@H](CC=O)C(C)C,CCN(CC)C(=O)[C@H](CC=O)C(C)C,-6.0,126.77,126.77,6.0,-11.95764,11.95764,252.64500379999998,252.64500379999998,C1,True,C1,True,-1.0,1.0
38416314,CCN(CC)C(=O)[C@H](CC=O)C1CCCC1,CCN(CC)C(=O)[C@H](CC=O)C1CCCC1,-26.5,1.03,1.03,26.5,-59.71297999999998,59.71297999999998,2.3209195999999994,2.3209195999999994,C1,True,C1,True,-1.0,1.0
38416315,CCN(CC)C(=O)[C@H](CC=O)C1=CC=CC=C1,CCN(CC)C(=O)[C@H](CC=O)c1ccccc1,25.3,-251.57,251.57,25.3,59.027683,59.027683,-586.9404827,586.9404827,C1,True,C1,True,1.0,-1.0
38416325,CCN(CC)C(=O)[C@H](C)CCN1CCOCC1,CCN(CC)C(=O)[C@H](C)CCN1CCOCC1,-24.0,128.62,128.62,24.0,-58.167119999999976,58.167119999999976,311.7272905999999,311.7272905999999,C1,True,C1,True,-1.0,1.0
38416329,CCN(CC)C(=O)[C@H](C)CCNC1=CC=CC=C1,CCN(CC)C(=O)[C@H](C)CCNc1ccccc1,-23.6,67.76,67.76,23.6,-58.615320000000004,58.615320000000004,168.29551199999997,168.29551199999997,C1,True,C1,True,-1.0,1.0
38463597,FC(F)(F)[S@@](=O)C1=CC2=CC=CC=C2C=C1,O=[S@@](c1ccc2ccccc2c1)C(F)(F)F,197.0,100.35,100.35,197.0,481.1468899999999,481.1468899999999,245.0918294999999,245.0918294999999,C1,True,C1,True,1.0,1.0
38463598,FC(F)[S@@](=O)C1=CC=CC=C1,O=[S@@](c1ccccc1)C(F)F,186.0,291.87,291.87,186.0,327.7078199999999,327.7078199999999,514.2369968999999,514.2369968999999,C1,True,C1,True,1.0,1.0
38463599,COC1=CC=C(C=C1)[S@](=O)C(F)F,COc1ccc([S@](=O)C(F)F)cc1,223.0,382.92,382.92,223.0,459.85499,459.85499,789.6308196,789.6308196,C1,True,C1,True,1.0,1.0
38602294,COC(=O)[C@]12CC(=O)[C@](C)(CC1=O)C2,COC(=O)[C@]12CC(=O)[C@](C)(CC1=O)C2,-15.4,-0.43,0.43,15.4,-30.215107999999997,30.215107999999997,-0.8436685999999999,0.8436685999999999,C1,True,C1,True,-1.0,-1.0
38694577,CC(=O)[C@@]1(CO1)C1=CC=CC=C1,CC(=O)[C@]1(c2ccccc2)CO1,-47.2,96.74,96.74,47.2,-76.55273599999998,76.55273599999998,156.90067119999995,156.90067119999995,C1,True,C1,True,-1.0,1.0
38694582,O=C(C1=CC=CC=C1)[C@]1(CC2CCCC2)CO1,O=C(c1ccccc1)[C@]1(CC2CCCC2)CO1,38.7,-82.98,82.98,38.7,89.12880899999996,89.12880899999996,-191.10874859999993,191.10874859999993,C1,True,C1,True,1.0,-1.0
38694583,CC(=O)[C@@]1(CC2=CC=CC=C2)CO1,CC(=O)[C@@]1(Cc2ccccc2)CO1,-49.5,154.39,154.39,49.5,-87.22642499999998,87.22642499999998,272.05833849999993,272.05833849999993,C1,True,C1,True,-1.0,1.0
38694584,O=C1C2=C(CC[C@]11CO1)C=CC=C2,O=C1c2ccccc2CC[C@]12CO2,68.0,-101.56,101.56,68.0,118.45531999999997,118.45531999999997,-176.91650439999998,176.91650439999998,C1,True,C1,True,1.0,-1.0
38694586,CC(=O)[C@@]1(CO1)C1=CC=C(Br)C=C1,CC(=O)[C@]1(c2ccc(Br)cc2)CO1,-48.5,-46.23,46.23,48.5,-116.92573999999999,116.92573999999999,-111.45313319999997,111.45313319999997,C1,True,C1,True,-1.0,-1.0
38794506,O[C@H](CC(=O)C1CCCCC1)C=C,C=C[C@H](O)CC(=O)C1CCCCC1,19.5,244.34,244.34,19.5,35.54128499999999,35.54128499999999,445.34141419999986,445.34141419999986,C1,True,C1,True,1.0,1.0
38794511,O[C@H](CC(=O)C1=CC=CC=C1)C=C,C=C[C@H](O)CC(=O)c1ccccc1,16.9,267.74,267.74,16.9,29.780335,29.780335,471.798041,471.798041,C1,True,C1,True,1.0,1.0
38794574,O=CC[C@H](C1CCCCC1)C(=O)C1=CC=CC=C1,O=CC[C@@H](C(=O)c1ccccc1)C1CCCCC1,-64.0,-286.25,286.25,64.0,-156.37375999999998,156.37375999999998,-699.4060749999999,699.4060749999999,C1,True,C1,True,-1.0,-1.0
38828908,CC(=O)NC[C@H](CCl)OC(=O)C1=CC=CC=C1,CC(=O)NC[C@H](CCl)OC(=O)c1ccccc1,20.9,19.62,19.62,20.9,53.441509,53.441509,50.168536200000005,50.168536200000005,C1,True,C1,True,1.0,1.0
38835635,[H][C@@]1(CCC(C)=CC1)[C@](C)(O)CCCC(C)=O,CC(=O)CCC[C@@](C)(O)[C@@H]1CC=C(C)CC1,-16.2,-24.66,24.66,16.2,-36.34372799999999,36.34372799999999,-55.32323039999999,55.32323039999999,C1,True,C1,True,-1.0,-1.0
38835636,CC(C)=CCCC(=O)CCC[C@@](C)(O)C=C,C=C[C@](C)(O)CCCC(=O)CCC=C(C)C,-6.5,-247.07,247.07,6.5,-14.58236,14.58236,-554.2867207999999,554.2867207999999,C1,True,C1,True,-1.0,-1.0
38835637,[H][C@]12C[C@@H](CC[C@]1(O)CCCC2=C)C(C)=C,C=C(C)[C@@H]1CC[C@]2(O)CCCC(=C)[C@H]2C1,-57.5,5.59,5.59,57.5,-118.63917499999998,118.63917499999998,11.533791099999997,11.533791099999997,C1,True,C1,True,-1.0,1.0
38835640,CC(C)=CCCC(=C)CCC[C@@](C)(O)C=C,C=C[C@](C)(O)CCCC(=C)CCC=C(C)C,-2.1,-61.41,61.41,2.1,-4.669811999999999,4.669811999999999,-136.55864519999997,136.55864519999997,C1,True,C1,True,-1.0,-1.0
38835641,[H][C@]12C[C@@H](CC[C@]1(O)CCCC2=O)C(C)=O,CC(=O)[C@@H]1CC[C@]2(O)CCCC(=O)[C@H]2C1,5.0,-18.19,18.19,5.0,10.513649999999998,10.513649999999998,-38.24865869999999,38.24865869999999,C1,True,C1,True,1.0,-1.0
38835644,CC(C)CCC\C(C)=C\CC[C@@](C)(O)C=C,C=C[C@](C)(O)CC/C=C(\C)CCCC(C)C,-16.0,45.69,45.69,16.0,-35.90207999999999,35.90207999999999,102.52287719999997,102.52287719999997,C1,True,C1,True,-1.0,1.0
38835645,C\C1=C/CC\C(C)=C\CC[C@@](C)(O)CCC1,C/C1=C\CC[C@@](C)(O)CCC/C(C)=C/CC1,5.2,46.55,46.55,5.2,11.563343999999997,11.563343999999997,103.51416599999997,103.51416599999997,C1,True,C1,True,1.0,1.0
38863615,C[C@@H]1C(=C)OC(=O)C2=C(O)C=C(O)C(Cl)=C12,C=C1OC(=O)c2c(O)cc(O)c(Cl)c2[C@@H]1C,223.0,444.29,444.29,223.0,536.6316599999999,536.6316599999999,1069.1483417999998,1069.1483417999998,C1,True,C1,True,1.0,1.0
38885324,[H][C@]1(CC=C(C)[C@@H](O)[C@@H]1O)C(=C)CCC=C(C)C,C=C(CCC=C(C)C)[C@@H]1CC=C(C)[C@@H](O)[C@@H]1O,-46.0,26.42,26.42,46.0,-108.7233,108.7233,62.444991,62.444991,C1,True,C1,True,-1.0,1.0
38885325,CC(C)=CCC\C(C)=C1/CC=C(C)[C@@H](O)[C@H]1O,CC(C)=CCC/C(C)=C1\CC=C(C)[C@@H](O)[C@H]1O,-25.0,543.09,543.09,25.0,-59.08875,59.08875,1283.6203695000002,1283.6203695000002,C1,True,C1,True,-1.0,1.0
38885326,[H][C@]1(CC=C(C)[C@@H](O)[C@H]1O)[C@@](C)(O)CCC=C(C)C,CC(C)=CCC[C@](C)(O)[C@@H]1CC=C(C)[C@@H](O)[C@H]1O,-58.0,-50.99,50.99,58.0,-147.5346,147.5346,-129.703263,129.703263,C1,True,C1,True,-1.0,-1.0
38885327,[H][C@]1(CC=C(C)C(=O)[C@H]1O)[C@@](C)(O)CCC=C(C)C,CC(C)=CCC[C@](C)(O)[C@@H]1CC=C(C)C(=O)[C@H]1O,-26.0,-208.17,208.17,26.0,-65.61204,65.61204,-525.3253218,525.3253218,C1,True,C1,True,-1.0,-1.0
38885328,[H][C@]1(CC=C(C)C(=O)[C@H]1O)[C@](C)(O)CCC=C(C)C,CC(C)=CCC[C@@](C)(O)[C@@H]1CC=C(C)C(=O)[C@H]1O,-104.0,22.16,22.16,104.0,-262.44816,262.44816,55.9216464,55.9216464,C1,True,C1,True,-1.0,1.0
38885329,[H][C@]12O[C@]3([H])[C@]([H])([C@H]1C(C)C)[C@@]([H])(CC[C@]3(C)O)C(C)=C2,CC1=C[C@H]2O[C@@H]3[C@H]([C@H]2C(C)C)[C@H]1CC[C@]3(C)O,99.0,143.46,143.46,99.0,233.99144999999996,233.99144999999996,339.074883,339.074883,C1,True,C1,True,1.0,1.0
38885330,[H][C@@]12C[C@H](CC[C@]1(C)[C@H]2CCC(C)=O)C(C)(C)O,CC(=O)CC[C@H]1[C@@H]2C[C@@H](C(C)(C)O)CC[C@]12C,-41.0,-34.79,34.79,41.0,-97.73210999999998,97.73210999999998,-82.92927089999998,82.92927089999998,C1,True,C1,True,-1.0,-1.0
38885331,[H][C@]12OC[C@H](O)[C@@]1([H])[C@](C)(CCC=C(C)C)C(C)=C2,CC(C)=CCC[C@]1(C)C(C)=C[C@H]2OC[C@H](O)[C@H]21,72.0,-220.78,220.78,72.0,170.1756,170.1756,-521.824569,521.824569,C1,True,C1,True,1.0,-1.0
38885332,[H][C@]1(CC=C(C)[C@@]1(C)CCC=C(C)C)[C@H](O)CO,CC(C)=CCC[C@]1(C)C(C)=CC[C@H]1[C@H](O)CO,26.0,-55.79,55.79,26.0,61.97646,61.97646,-132.9871809,132.9871809,C1,True,C1,True,1.0,-1.0
38885333,[H][C@]1(CC=C(C)[C@@]1(C)CCC=C(C)C)[C@@H](O)CO,CC(C)=CCC[C@]1(C)C(C)=CC[C@H]1[C@@H](O)CO,14.0,71.7,71.7,14.0,33.37194,33.37194,170.91200700000002,170.91200700000002,C1,True,C1,True,1.0,1.0
38885352,[H][C@]12C[C@]([H])(C(=O)C=C1C)[C@@]2(C)C[C@@H](O)C(=O)C(C)C,CC1=CC(=O)[C@H]2C[C@@H]1[C@]2(C)C[C@@H](O)C(=O)C(C)C,-215.0,-364.9,364.9,215.0,-538.2266999999999,538.2266999999999,-913.4833619999997,913.4833619999997,C1,True,C1,True,-1.0,-1.0
38885353,[H][C@]12C[C@]([H])(C(=O)C=C1C)[C@@]2(C)CCC(=O)C(C)(C)O,CC1=CC(=O)[C@H]2C[C@@H]1[C@]2(C)CCC(=O)C(C)(C)O,-185.0,-319.79,319.79,185.0,-463.1252999999999,463.1252999999999,-800.5558901999998,800.5558901999998,C1,True,C1,True,-1.0,-1.0
38885354,[H][C@@]12C[C@@]([H])([C@H](C)C(=O)C1)[C@]2(C)CCC(=O)C(C)(C)O,C[C@@H]1C(=O)C[C@H]2C[C@@H]1[C@]2(C)CCC(=O)C(C)(C)O,-7.0,-64.93,64.93,7.0,-17.664779999999997,17.664779999999997,-163.8534522,163.8534522,C1,True,C1,True,-1.0,-1.0
38885355,[H][C@]1(CC=C(C)[C@@H](O)[C@H]1O)C(=C)CCC=C(C)C,C=C(CCC=C(C)C)[C@@H]1CC=C(C)[C@@H](O)[C@H]1O,-113.0,-332.12,332.12,113.0,-267.08115,267.08115,-784.982226,784.982226,C1,True,C1,True,-1.0,-1.0
38899499,CC(C)CC(=O)N[C@H]1CCCCNC1=O,CC(C)CC(=O)N[C@H]1CCCCNC1=O,21.29,156.02,156.02,21.29,45.197179699999985,45.197179699999985,331.21953859999996,331.21953859999996,C1,True,C1,True,1.0,1.0
38912838,O=C1[C@H]([C@H](C#C)C2=CC=CN12)C1=CC=CC=C1,C#C[C@@H]1c2cccn2C(=O)[C@H]1c1ccccc1,-43.0,-135.82,135.82,43.0,-95.14137000000001,95.14137000000001,-300.51397380000003,300.51397380000003,C1,True,C1,True,-1.0,-1.0
38929305,C[C@@H](C(=O)C1=NC=CC=C1)C1=CC=CC=C1,C[C@@H](C(=O)c1ccccn1)c1ccccc1,-50.9,-141.94,141.94,50.9,-107.53337599999999,107.53337599999999,-299.8681216,299.8681216,C1,True,C1,True,-1.0,-1.0
38929306,C[C@@H](C(=O)C1=NC=CC=C1)C1=CC=C(C)C=C1,Cc1ccc([C@@H](C)C(=O)c2ccccn2)cc1,-54.3,-122.15,122.15,54.3,-122.33301300000001,122.33301300000001,-275.19295650000004,275.19295650000004,C1,True,C1,True,-1.0,-1.0
38929307,C[C@@H](C(=O)C1=NC=CC=C1)C1=CC=CC(C)=C1,Cc1cccc([C@@H](C)C(=O)c2ccccn2)c1,-48.7,23.03,23.03,48.7,-109.71671700000003,109.71671700000003,51.884517300000006,51.884517300000006,C1,True,C1,True,-1.0,1.0
38929309,C[C@@H](C(=O)C1=NC=CC=C1)C1=CC=CC=C1C,Cc1ccccc1[C@@H](C)C(=O)c1ccccn1,-176.4,-501.21,501.21,176.4,-397.413324,397.413324,-1129.1810211,1129.1810211,C1,True,C1,True,-1.0,-1.0
38929312,COC1=CC=C(C=C1)[C@@H](C)C(=O)C1=NC=CC=C1,COc1ccc([C@@H](C)C(=O)c2ccccn2)cc1,-45.2,143.5,143.5,45.2,-109.06308000000001,109.06308000000001,346.25115000000005,346.25115000000005,C1,True,C1,True,-1.0,1.0
38929313,C[C@@H](C(=O)C1=NC=CC=C1)C1=CC=C2OCOC2=C1,C[C@@H](C(=O)c1ccccn1)c1ccc2c(c1)OCO2,-34.8,-312.48,312.48,34.8,-88.83500399999997,88.83500399999997,-797.6770703999998,797.6770703999998,C1,True,C1,True,-1.0,-1.0
38929315,C[C@@H](C(=O)C1=NC=CC=C1)C1=CC=C(Cl)C=C1,C[C@@H](C(=O)c1ccccn1)c1ccc(Cl)cc1,-29.2,-108.49,108.49,29.2,-71.74702799999999,71.74702799999999,-266.56969409999994,266.56969409999994,C1,True,C1,True,-1.0,-1.0
38929316,C[C@@H](C(=O)C1=NC=CC=C1)C1=CC=CC=C1Cl,C[C@@H](C(=O)c1ccccn1)c1ccccc1Cl,-115.0,-539.2,539.2,115.0,-282.56534999999997,282.56534999999997,-1324.862928,1324.862928,C1,True,C1,True,-1.0,-1.0
38929318,C[C@@H](C(=O)C1=NC=CC=C1)C1=CC=C(F)C=C1F,C[C@@H](C(=O)c1ccccn1)c1ccc(F)cc1F,-55.7,-307.67,307.67,55.7,-137.71490799999998,137.71490799999998,-760.6956147999999,760.6956147999999,C1,True,C1,True,-1.0,-1.0
38929325,C[C@@H](C(=O)C1=NC=CC=C1)C1=CSC=C1,C[C@@H](C(=O)c1ccccn1)c1ccsc1,9.6,-226.34,226.34,9.6,20.860127999999996,20.860127999999996,-491.8209761999999,491.8209761999999,C1,True,C1,True,1.0,-1.0
38929327,CC[C@@H](C(=O)C1=NC=CC=C1)C1=CC=CC=C1,CC[C@@H](C(=O)c1ccccn1)c1ccccc1,-40.2,-73.11,73.11,40.2,-90.56698200000001,90.56698200000001,-164.71025010000002,164.71025010000002,C1,True,C1,True,-1.0,-1.0
38929328,CC(C)[C@@H](C(=O)C1=NC=CC=C1)C1=CC=CC=C1,CC(C)[C@@H](C(=O)c1ccccn1)c1ccccc1,-15.1,47.44,47.44,15.1,-36.137018000000005,36.137018000000005,113.53245919999999,113.53245919999999,C1,True,C1,True,-1.0,1.0
38929329,O=C([C@@H]1CCC2=C1C=CC=C2)C1=NC=CC=C1,O=C(c1ccccn1)[C@@H]1CCc2ccccc21,-25.6,723.57,723.57,25.6,-57.1584,57.1584,1615.5509175,1615.5509175,C1,True,C1,True,-1.0,1.0
38929331,C[C@H](OC1=CC=CC=C1)C(=O)C1=NC=CC=C1,C[C@H](Oc1ccccc1)C(=O)c1ccccn1,24.2,17.33,17.33,24.2,54.997645999999996,54.997645999999996,39.38467789999999,39.38467789999999,C1,True,C1,True,1.0,1.0
38929334,C[C@@H](NC(=O)OC(C)(C)C)C(=O)C1=NC=CC=C1,C[C@@H](NC(=O)OC(C)(C)C)C(=O)c1ccccn1,7.1,-24.31,24.31,7.1,17.771158,17.771158,-60.84744379999999,60.84744379999999,C1,True,C1,True,1.0,-1.0
38929335,F[C@@H](C(=O)C1=NC=CC=C1)C1=CC=CC=C1,O=C(c1ccccn1)[C@H](F)c1ccccc1,-94.2,175.67,175.67,94.2,-202.74383400000002,202.74383400000002,378.0892709,378.0892709,C1,True,C1,True,-1.0,1.0
38929336,CC[C@@H](F)C(=O)C1=NC=CC=C1,CC[C@@H](F)C(=O)c1ccccn1,4.7,-118.89,118.89,4.7,7.857601,7.857601,-198.7638687,198.7638687,C1,True,C1,True,1.0,-1.0
38929337,C[C@@H](C(=O)C1=NC=CC(C)=C1)C1=CC=CC=C1,Cc1ccnc(C(=O)[C@H](C)c2ccccc2)c1,-81.4,-242.01,242.01,81.4,-183.38687400000003,183.38687400000003,-545.2267491,545.2267491,C1,True,C1,True,-1.0,-1.0
38929338,C[C@@H](C(=O)C1=NC=C(C)C=C1)C1=CC=CC=C1,Cc1ccc(C(=O)[C@H](C)c2ccccc2)nc1,-16.5,-27.32,27.32,16.5,-37.17301500000001,37.17301500000001,-61.5495012,61.5495012,C1,True,C1,True,-1.0,-1.0
38929339,C[C@@H](C(=O)C1=NC(C)=CC=C1)C1=CC=CC=C1,Cc1cccc(C(=O)[C@H](C)c2ccccc2)n1,17.6,58.44,58.44,17.6,39.651216000000005,39.651216000000005,131.6600604,131.6600604,C1,True,C1,True,1.0,1.0
38929344,C[C@H](CC1=CC=CC=C1)C(=O)C1=NC=CC=C1,C[C@H](Cc1ccccc1)C(=O)c1ccccn1,22.2,-455.57,455.57,22.2,50.014602,50.014602,-1026.3582086999998,1026.3582086999998,C1,True,C1,True,1.0,-1.0
38929346,C[C@H](CC1=NC=CC=C1)C1=CC=CC=C1,C[C@H](Cc1ccccn1)c1ccccc1,-60.3,-190.52,190.52,60.3,-118.960443,118.960443,-375.8597612000001,375.8597612000001,C1,True,C1,True,-1.0,-1.0
38929347,C[C@H](C(=C)C1=NC=CC=C1)C1=CC=CC=C1,C=C(c1ccccn1)[C@@H](C)c1ccccc1,75.9,112.02,112.02,75.9,158.852628,158.852628,234.4488984,234.4488984,C1,True,C1,True,1.0,1.0
38929348,C[C@@H](C1=CC=CC=C1)[C@@](O)(C#C)C1=NC=CC=C1,C#C[C@@](O)(c1ccccn1)[C@@H](C)c1ccccc1,-59.5,-154.25,154.25,59.5,-141.19468999999998,141.19468999999998,-366.038335,366.038335,C1,True,C1,True,-1.0,-1.0
38929350,C[C@H](C1=C2C=CC=CN2N=N1)C1=CC=CC=C1,C[C@@H](c1ccccc1)c1nnn2ccccc12,30.5,85.26,85.26,30.5,68.100095,68.100095,190.3676754,190.3676754,C1,True,C1,True,1.0,1.0
38929352,C[C@@H](OC(=O)C1=NC(=CC=C1)C#N)C1=CC=CC=C1,C[C@@H](OC(=O)c1cccc(C#N)n1)c1ccccc1,37.3,-62.41,62.41,37.3,94.09782899999999,94.09782899999999,-157.44357929999998,157.44357929999998,C1,True,C1,True,1.0,-1.0
38942853,CCC[S@](C)=O,CCC[S@](C)=O,-72.0,210.87,210.87,72.0,-76.45679999999999,76.45679999999999,223.92285299999995,223.92285299999995,C1,True,C1,True,-1.0,1.0
38966120,CC[C@H](C)C(=O)C(C)=C,C=C(C)C(=O)[C@@H](C)CC,21.9,153.71,153.71,21.9,27.63758099999999,27.63758099999999,193.98048289999994,193.98048289999994,C1,True,C1,True,1.0,1.0
38966128,CCC[C@H](CC=C)C(=O)N(C)OC,C=CC[C@@H](CCC)C(=O)N(C)OC,-7.1,71.3,71.3,7.1,-13.153956999999998,13.153956999999998,132.09537099999997,132.09537099999997,C1,True,C1,True,-1.0,1.0
38966129,CCC[C@H](CC=C)C(=O)C1=CC=CC=C1,C=CC[C@@H](CCC)C(=O)c1ccccc1,-20.7,115.45,115.45,20.7,-41.875479000000006,41.875479000000006,233.55188650000002,233.55188650000002,C1,True,C1,True,-1.0,1.0
38966131,CCCC[C@H](CC=C)C(=O)N(C)OC,C=CC[C@@H](CCCC)C(=O)N(C)OC,-14.3,-43.54,43.54,14.3,-28.499042,28.499042,-86.77260759999999,86.77260759999999,C1,True,C1,True,-1.0,-1.0
38966132,CCCC[C@H](CC=C)C(=O)C1=CC=CC=C1,C=CC[C@@H](CCCC)C(=O)c1ccccc1,-33.5,150.35,150.35,33.5,-72.46854,72.46854,325.243134,325.243134,C1,True,C1,True,-1.0,1.0
38966133,CCCC[C@H](CCC)C(=O)N(C)OC,CCCC[C@H](CCC)C(=O)N(C)OC,-31.6,61.31,61.31,31.6,-63.61396,63.61396,123.42316099999998,123.42316099999998,C1,True,C1,True,-1.0,1.0
38966134,CCCC[C@H](CCC)C(=O)C1=CC=CC=C1,CCCC[C@H](CCC)C(=O)c1ccccc1,-26.6,-44.59,44.59,26.6,-58.07844,58.07844,-97.357806,97.357806,C1,True,C1,True,-1.0,-1.0
38966135,CC[C@H](C)C(=O)C1=CC=C(Cl)C=C1,CC[C@H](C)C(=O)c1ccc(Cl)cc1,-7.5,74.53,74.53,7.5,-14.750774999999999,14.750774999999999,146.5833681,146.5833681,C1,True,C1,True,-1.0,1.0
38966138,CCC[C@H](CC1=CC=CC=C1)C(=O)C1=CC=CC=C1,CCC[C@H](Cc1ccccc1)C(=O)c1ccccc1,-74.5,-224.47,224.47,74.5,-188.005965,188.005965,-566.4657579,566.4657579,C1,True,C1,True,-1.0,-1.0
38966148,CC[C@H](C)C(=O)C1=CC=C(C)C=C1,CC[C@H](C)C(=O)c1ccc(C)cc1,26.9,89.97,89.97,26.9,47.413670999999994,47.413670999999994,158.58022229999997,158.58022229999997,C1,True,C1,True,1.0,1.0
38966156,CC[C@H](C)C(=N[S@](=O)C(C)(C)C)C1=CC=CO1,CC[C@H](C)C(=N[S@](=O)C(C)(C)C)c1ccco1,-219.5,133.11,133.11,219.5,-560.5656849999999,560.5656849999999,339.9403113,339.9403113,C1,True,C1,True,-1.0,1.0
38966160,CC[C@H](C)C(=N[S@](=O)C(C)(C)C)C(C)=C,C=C(C)C(=N[S@](=O)C(C)(C)C)[C@@H](C)CC,-125.9,40.37,40.37,125.9,-288.80075099999993,288.80075099999993,92.60433929999998,92.60433929999998,C1,True,C1,True,-1.0,1.0
38966161,CC[C@H](C)C(=N[S@@](=O)C(C)(C)C)C(C)=C,C=C(C)C(=N[S@@](=O)C(C)(C)C)[C@@H](C)CC,163.0,187.39,187.39,163.0,373.90406999999993,373.90406999999993,429.85204709999994,429.85204709999994,C1,True,C1,True,1.0,1.0
38966169,CC[C@H](C)C(=O)C1=CC(OC)=CC=C1,CC[C@H](C)C(=O)c1cccc(OC)c1,-4.8,174.9,174.9,4.8,-9.228383999999998,9.228383999999998,336.25924200000003,336.25924200000003,C1,True,C1,True,-1.0,1.0
38966179,CC[C@H](C)C(=O)C1=C(OC)C=CC=C1,CC[C@H](C)C(=O)c1ccccc1OC,-16.3,309.19,309.19,16.3,-31.338053999999996,31.338053999999996,594.4425102,594.4425102,C1,True,C1,True,-1.0,1.0
38966190,CC[C@H](C)C(=O)C1=CC=CO1,CC[C@H](C)C(=O)c1ccco1,17.0,54.25,54.25,17.0,25.87281,25.87281,82.56470249999998,82.56470249999998,C1,True,C1,True,1.0,1.0
38966211,CC[C@H](C)C(=O)C1=NC=CC=C1,CC[C@H](C)C(=O)c1ccccn1,-1.7,36.01,36.01,1.7,-2.77474,2.77474,58.775522,58.775522,C1,True,C1,True,-1.0,1.0
38966222,CC[C@H](C)C(=O)C1=CC2=CC=CC=C2C=C1,CC[C@H](C)C(=O)c1ccc2ccccc2c1,-10.5,176.86,176.86,10.5,-22.29066,22.29066,375.4596312,375.4596312,C1,True,C1,True,-1.0,1.0
39017207,FC1=CC=C2C(C[C@@]3(CCCC3=O)C2=O)=C1,O=C1CCC[C@@]12Cc1cc(F)ccc1C2=O,16.0,-274.02,274.02,16.0,34.91632,34.91632,-597.9856253999999,597.9856253999999,C1,True,C1,True,1.0,-1.0
39017208,COC1=CC=C2C(C[C@@]3(CCCC3=O)C2=O)=C1,COc1ccc2c(c1)C[C@@]1(CCCC1=O)C2=O,15.0,-301.26,301.26,15.0,34.53944999999999,34.53944999999999,-693.6903137999997,693.6903137999997,C1,True,C1,True,1.0,-1.0
39017219,O=C1CCC[C@@]11CCC2=CC=CC=C2C1=O,O=C1CCC[C@@]12CCc1ccccc1C2=O,26.0,-422.46,422.46,26.0,55.70864,55.70864,-905.1796944,905.1796944,C1,True,C1,True,1.0,-1.0
39049947,CC[C@H](\C=C\C1=CC=CO1)C1=CCSCC1,CC[C@H](/C=C/c1ccco1)C1=CCSCC1,55.88,145.73,145.73,55.88,130.9626032,130.9626032,341.5386571999999,341.5386571999999,C1,True,C1,True,1.0,1.0
39072040,CCOC(=O)[C@H](F)C1=C2C=CC=CC2=CC=C1,CCOC(=O)[C@H](F)c1cccc2ccccc12,-73.0,43.13,43.13,73.0,-169.54542,169.54542,100.17115020000001,100.17115020000001,C1,True,C1,True,-1.0,1.0
39097960,CC[C@@H](C1=CC=CC=C1)C1=CC=C(C=C1)C(=O)OC,CC[C@@H](c1ccccc1)c1ccc(C(=O)OC)cc1,1.7,296.22,296.22,1.7,4.323592999999999,4.323592999999999,753.3733637999999,753.3733637999999,C1,True,C1,True,1.0,1.0
39113471,CC(C)(C)[Si](C)(C)OC[C@H](O)CC(=C)CO,C=C(CO)C[C@@H](O)CO[Si](C)(C)C(C)(C)C,-2.56,80.73,80.73,2.56,-6.308428799999999,6.308428799999999,198.93728789999997,198.93728789999997,C1,True,C1,True,-1.0,1.0
39187252,CCCCNC(=O)[C@@H]1CCCN1C(=O)C(C)(C)C,CCCCNC(=O)[C@@H]1CCCN1C(=O)C(C)(C)C,-105.68,3.84,3.84,105.68,-268.82244319999995,268.82244319999995,9.767961599999998,9.767961599999998,C1,True,C1,True,-1.0,1.0
39187253,CC(C)(C)NC(=O)[C@@H]1CCCN1C(=O)C(C)(C)C,CC(C)(C)NC(=O)[C@@H]1CCCN1C(=O)C(C)(C)C,-117.44,-167.66,167.66,117.44,-298.7368255999999,298.7368255999999,-426.48344839999993,426.48344839999993,C1,True,C1,True,-1.0,-1.0
39372746,CC[C@@]1(C)OC(=O)N[C@@H]1C1=CC=CC=C1,CC[C@@]1(C)OC(=O)N[C@@H]1c1ccccc1,-30.5,-97.15,97.15,30.5,-62.603384999999996,62.603384999999996,-199.40717550000002,199.40717550000002,C1,True,C1,True,-1.0,-1.0
39376418,COC1=CC2=C(OC[C@]2(C)O)C=C1,COc1ccc2c(c1)[C@@](C)(O)CO2,-20.7,-60.08,60.08,20.7,-37.302020999999996,37.302020999999996,-108.26596239999999,108.26596239999999,C1,True,C1,True,-1.0,-1.0
39383151,C[C@@H](C=C)C(C#N)([C@@H](C)C=C)C(=O)OC(C)(C)C,C=C[C@H](C)C(C#N)(C(=O)OC(C)(C)C)[C@@H](C)C=C,-9.03,-11.65,11.65,9.03,-22.516666199999996,22.516666199999996,-29.049740999999994,29.049740999999994,C1,True,C1,True,-1.0,-1.0
39387463,O=C1OC[C@H](O1)C#CCCC1=CC=CC=C1,O=C1OC[C@@H](C#CCCc2ccccc2)O1,-3.4,119.55,119.55,3.4,-7.352024,7.352024,258.510138,258.510138,C1,True,C1,True,-1.0,1.0
39387464,CCCCC#C[C@@H]1COC(=O)O1,CCCCC#C[C@@H]1COC(=O)O1,7.4,10.46,10.46,7.4,12.446207999999999,12.446207999999999,17.5928832,17.5928832,C1,True,C1,True,1.0,1.0
39387465,ClCCCCC#C[C@@H]1COC(=O)O1,O=C1OC[C@@H](C#CCCCCCl)O1,7.2,-199.01,199.01,7.2,14.589863999999999,14.589863999999999,-403.2678936999999,403.2678936999999,C1,True,C1,True,1.0,-1.0
39387469,ClCCCC#C[C@@H]1COC(=O)O1,O=C1OC[C@@H](C#CCCCCl)O1,7.5,243.84,243.84,7.5,14.145749999999998,14.145749999999998,459.90662399999997,459.90662399999997,C1,True,C1,True,1.0,1.0
39387474,O=C1OC[C@H](O1)C#CCCOCC1=CC=CC=C1,O=C1OC[C@@H](C#CCCOCc2ccccc2)O1,2.2,32.19,32.19,2.2,5.417764000000001,5.417764000000001,79.2717378,79.2717378,C1,True,C1,True,1.0,1.0
39387475,O=C1OCC[C@H](O1)C#CCCC1=CC=CC=C1,O=C1OCC[C@@H](C#CCCc2ccccc2)O1,5.5,-74.82,74.82,5.5,12.664465,12.664465,-172.2827766,172.2827766,C1,True,C1,True,1.0,-1.0
39413030,CCOC(=O)[C@@](O)(CN(=O)=O)C(F)(F)F,CCOC(=O)[C@@](O)(C[N+](=O)[O-])C(F)(F)F,-5.3,-28.91,28.91,5.3,-12.249677999999996,12.249677999999996,-66.81852659999998,66.81852659999998,C1,True,C1,True,-1.0,-1.0
39497442,C=C[C@H](CCCC#N)SC(=O)C1=CC=CC=C1,C=C[C@H](CCCC#N)SC(=O)c1ccccc1,-37.3,-168.92,168.92,37.3,-91.514431,91.514431,-414.4401524,414.4401524,C1,True,C1,True,-1.0,-1.0
39497448,ClCCC[C@H](SC(=O)C1=CC=CC=C1)C=C,C=C[C@H](CCCCl)SC(=O)c1ccccc1,-16.07,165.36,165.36,16.07,-40.9434674,40.9434674,421.30751520000007,421.30751520000007,C1,True,C1,True,-1.0,1.0
39497465,C=C[C@H](SC(=O)C1=CC=CC=C1)C1CCCC1,C=C[C@H](SC(=O)c1ccccc1)C1CCCC1,44.44,95.44,95.44,44.44,109.48904999999999,109.48904999999999,235.14029999999994,235.14029999999994,C1,True,C1,True,1.0,1.0
39497466,CC(=O)S[C@@H](CCCC1=CC=CC=C1)C=C,C=C[C@H](CCCc1ccccc1)SC(C)=O,-28.45,83.52,83.52,28.45,-66.676558,66.676558,195.7408128,195.7408128,C1,True,C1,True,-1.0,1.0
39509030,C[C@H](CC(=C)C1=CC=CC=C1)[Si](C)(C)C,C=C(C[C@@H](C)[Si](C)(C)C)c1ccccc1,48.9,-44.22,44.22,48.9,106.805424,106.805424,-96.5835552,96.5835552,C1,True,C1,True,1.0,-1.0
39509040,C[C@H](CC(C)=C)[Si](C)(C)C1=CC=CC=C1,C=C(C)C[C@@H](C)[Si](C)(C)c1ccccc1,-23.7,54.52,54.52,23.7,-51.76459199999999,51.76459199999999,119.0804032,119.0804032,C1,True,C1,True,-1.0,1.0
39509042,C[C@H](CC=C)[Si](C)(C)OCCC1=CC=CC=C1,C=CC[C@@H](C)[Si](C)(C)OCCc1ccccc1,-30.5,-1.19,1.19,30.5,-75.77481,75.77481,-2.9564597999999993,2.9564597999999993,C1,True,C1,True,-1.0,-1.0
39525232,C[C@H](CCCCCCl)C(=O)NC1=CC=CC=C1,C[C@H](CCCCCCl)C(=O)Nc1ccccc1,-5.6,-118.07,118.07,5.6,-14.211288,14.211288,-299.6297811,299.6297811,C1,True,C1,True,-1.0,-1.0
39525237,C[C@H](CCC(C)(C)C)C(=O)NC1=CC=CC=C1,C[C@H](CCC(C)(C)C)C(=O)Nc1ccccc1,-17.2,-193.59,193.59,17.2,-40.13706,40.13706,-451.75194450000004,451.75194450000004,C1,True,C1,True,-1.0,-1.0
39525253,C[C@H](C1CCCC1)C(=O)NC1=CC=CC=C1,C[C@@H](C(=O)Nc1ccccc1)C1CCCC1,3.3,41.11,41.11,3.3,7.171295999999997,7.171295999999997,89.33696319999997,89.33696319999997,C1,True,C1,True,1.0,1.0
39525328,C[C@@H](CO)CCCCCOCC1=CC=CC=C1,C[C@@H](CO)CCCCCOCc1ccccc1,3.6,-106.62,106.62,3.6,8.50878,8.50878,-252.00170100000003,252.00170100000003,C1,True,C1,True,1.0,-1.0
39532780,COC(=O)N1CCC[C@H]1CC(=O)C1=CC=CC=C1,COC(=O)N1CCC[C@H]1CC(=O)c1ccccc1,-42.6,282.35,282.35,42.6,-105.347244,105.347244,698.2346090000001,698.2346090000001,C1,True,C1,True,-1.0,1.0
39544205,COC(=O)CCC[C@H](C)NC1=NC(C)=CC=C1,COC(=O)CCC[C@H](C)Nc1cccc(C)n1,13.7,81.6,81.6,13.7,32.375155,32.375155,192.83304,192.83304,C1,True,C1,True,1.0,1.0
39544206,C[C@@H](CCCCOC(C)=O)NC1=NC(C)=CC=C1,CC(=O)OCCCC[C@H](C)Nc1cccc(C)n1,21.2,294.41,294.41,21.2,53.07250400000001,53.07250400000001,737.0318822000003,737.0318822000003,C1,True,C1,True,1.0,1.0
39544212,C[C@@H](CCC1(C)OCCO1)NC1=CC=CC(C)=N1,Cc1cccc(N[C@@H](C)CCC2(C)OCCO2)n1,21.4,138.54,138.54,21.4,53.57318799999998,53.57318799999998,346.8238067999999,346.8238067999999,C1,True,C1,True,1.0,1.0
39544213,CCOC(C[C@H](C)NC1=CC=CC(C)=N1)OCC,CCOC(C[C@H](C)Nc1cccc(C)n1)OCC,19.3,140.42,140.42,19.3,48.705094,48.705094,354.3611036,354.3611036,C1,True,C1,True,1.0,1.0
39544236,C[C@@H](CC1=CC=CC=C1)NC1=CC=CC(C)=N1,Cc1cccc(N[C@@H](C)Cc2ccccc2)n1,31.2,-21.09,21.09,31.2,70.612776,70.612776,-47.731520700000004,47.731520700000004,C1,True,C1,True,1.0,-1.0
39544302,CCCCCC[C@H](C)NC1=NC(C)=CC=C1,CCCCCC[C@H](C)Nc1cccc(C)n1,23.5,122.2,122.2,23.5,51.7846,51.7846,269.27992,269.27992,C1,True,C1,True,1.0,1.0
39544303,C[C@H](NC1=NC(C)=CC=C1)C1CCCCC1,Cc1cccc(N[C@@H](C)C2CCCCC2)n1,26.4,64.19,64.19,26.4,57.64281599999998,57.64281599999998,140.15501359999996,140.15501359999996,C1,True,C1,True,1.0,1.0
39544306,C[C@@H](CC1=CC=C(O)C=C1)NC1=NC(C)=CC=C1,Cc1cccc(N[C@@H](C)Cc2ccc(O)cc2)n1,27.6,42.32,42.32,27.6,66.88087200000001,66.88087200000001,102.5506704,102.5506704,C1,True,C1,True,1.0,1.0
39544308,C[C@@H](COC1=CC=CC=C1)NC1=NC(C)=CC=C1,Cc1cccc(N[C@@H](C)COc2ccccc2)n1,-38.1,-8.41,8.41,38.1,-92.32468200000001,92.32468200000001,-20.3792802,20.3792802,C1,True,C1,True,-1.0,-1.0
39544309,CC=CC[C@H](C)NC1=NC(C)=CC=C1,CC=CC[C@H](C)Nc1cccc(C)n1,14.5,-414.24,414.24,14.5,27.59205,27.59205,-788.2572959999999,788.2572959999999,C1,True,C1,True,1.0,-1.0
39563318,C[C@H](CCC=C)OC=C=C,C=C=CO[C@H](C)CCC=C,38.5,59.56,59.56,38.5,53.21084999999999,53.21084999999999,82.317876,82.317876,C1,True,C1,True,1.0,1.0
39658012,CO[C@H]1OC[C@H](C=C)[C@@H]1C(=O)C1=CC=C(C)C=C1,C=C[C@H]1CO[C@H](OC)[C@H]1C(=O)c1ccc(C)cc1,56.8,-277.58,277.58,56.8,139.901808,139.901808,-683.6961948,683.6961948,C1,True,C1,True,1.0,-1.0
39658017,CO[C@H]1OC[C@H](C=C)[C@@H]1C(=O)C1=CSC=C1,C=C[C@H]1CO[C@H](OC)[C@H]1C(=O)c1ccsc1,60.0,144.05,144.05,60.0,142.9848,142.9848,343.28267400000004,343.28267400000004,C1,True,C1,True,1.0,1.0
39658018,CO[C@H]1OC[C@H](C=C)[C@@H]1C(=O)C1=CC=CC=C1,C=C[C@H]1CO[C@H](OC)[C@H]1C(=O)c1ccccc1,63.6,-254.71,254.71,63.6,147.729444,147.729444,-591.6378409,591.6378409,C1,True,C1,True,1.0,-1.0
39658025,CO[C@H]1OC[C@H](C=C)[C@@H]1C(=O)C1=CC=CO1,C=C[C@H]1CO[C@H](OC)[C@H]1C(=O)c1ccco1,48.0,246.01,246.01,48.0,106.67519999999999,106.67519999999999,546.7326239999999,546.7326239999999,C1,True,C1,True,1.0,1.0
39658038,CO[C@H]1OC[C@H](C=C)[C@@H]1C(=O)C1=CC=CC=C1C,C=C[C@H]1CO[C@H](OC)[C@H]1C(=O)c1ccccc1C,31.2,-89.41,89.41,31.2,76.84747199999998,76.84747199999998,-220.22219459999997,220.22219459999997,C1,True,C1,True,1.0,-1.0
39658043,CO[C@H]1OC[C@H](C=C)[C@@H]1C(=O)C1=CC=CC(C)=C1,C=C[C@H]1CO[C@H](OC)[C@H]1C(=O)c1cccc(C)c1,49.4,194.03,194.03,49.4,121.67516399999998,121.67516399999998,477.9075318,477.9075318,C1,True,C1,True,1.0,1.0
39658044,CCO[C@H]1OC[C@H](C=C)[C@@H]1C(=O)C1=CC=CC=C1,C=C[C@H]1CO[C@H](OCC)[C@H]1C(=O)c1ccccc1,70.6,-145.44,145.44,70.6,173.89203599999996,173.89203599999996,-358.22744639999996,358.22744639999996,C1,True,C1,True,1.0,-1.0
39812585,[H][C@]12C[C@H](O)C=C1C(=CCC2)C(=O)OC,COC(=O)C1=CCC[C@H]2C[C@H](O)C=C12,-2.8,-155.96,155.96,2.8,-5.438439999999999,5.438439999999999,-302.921108,302.921108,C1,True,C1,True,-1.0,-1.0
39818699,C1N[C@H]1C1=CC=CC=N1,c1ccc([C@H]2CN2)nc1,-36.8,-291.98,291.98,36.8,-44.21703999999999,44.21703999999999,-350.828569,350.828569,C1,True,C1,True,-1.0,-1.0
39818700,CCC1=N[C@@H](CC2=CC=CC=C2)CS1,CCC1=N[C@@H](Cc2ccccc2)CS1,-57.1,63.78,63.78,57.1,-117.24114600000001,117.24114600000001,130.9569228,130.9569228,C1,True,C1,True,-1.0,1.0
39818703,CC(C)[C@H]1CSC(CC2=CC=CC=C2)=N1,CC(C)[C@H]1CSC(Cc2ccccc2)=N1,-62.2,-553.48,553.48,62.2,-136.437566,136.437566,-1214.0749844000002,1214.0749844000002,C1,True,C1,True,-1.0,-1.0
39818704,CC(C)[C@H]1CSC(CC2=CC=C(C)C=C2)=N1,Cc1ccc(CC2=N[C@@H](C(C)C)CS2)cc1,-59.9,-575.18,575.18,59.9,-139.79462,139.79462,-1342.3550839999998,1342.3550839999998,C1,True,C1,True,-1.0,-1.0
39818705,COC1=CC=C(CC2=N[C@H](CS2)C(C)C)C=C1,COc1ccc(CC2=N[C@@H](C(C)C)CS2)cc1,-45.9,-492.49,492.49,45.9,-114.464961,114.464961,-1228.1666371000001,1228.1666371000001,C1,True,C1,True,-1.0,-1.0
39818706,CC(C)[C@H]1CSC(CC2=CC=C(Cl)C=C2)=N1,CC(C)[C@H]1CSC(Cc2ccc(Cl)cc2)=N1,-56.6,-543.93,543.93,56.6,-143.649668,143.649668,-1380.4834614,1380.4834614,C1,True,C1,True,-1.0,-1.0
39818707,CC(C)[C@H]1CSC(CC2=NC=CC=C2)=N1,CC(C)[C@H]1CSC(Cc2ccccn2)=N1,-41.8,280.87,280.87,41.8,-92.10253800000001,92.10253800000001,618.8717667,618.8717667,C1,True,C1,True,-1.0,1.0
39818708,CC(C)[C@H]1CSC(CC2CCCCC2)=N1,CC(C)[C@H]1CSC(CC2CCCCC2)=N1,-46.8,-95.61,95.61,46.8,-105.48766799999996,105.48766799999996,-215.50589609999992,215.50589609999992,C1,True,C1,True,-1.0,-1.0
39818709,CC(C)C[C@H]1CSC(CC2=CC=CC=C2)=N1,CC(C)C[C@H]1CSC(Cc2ccccc2)=N1,-85.4,-446.22,446.22,85.4,-199.30652,199.30652,-1041.388236,1041.388236,C1,True,C1,True,-1.0,-1.0
39818711,C(C1=N[C@H](CS1)C1=CC=CC=C1)C1=CC=CC=C1,c1ccc(CC2=N[C@@H](c3ccccc3)CS2)cc1,-36.9,-342.78,342.78,36.9,-93.49353,93.49353,-868.5016860000001,868.5016860000001,C1,True,C1,True,-1.0,-1.0
39968278,C[C@@H]1OC(C)(C)O[C@H]1\C=C\C=C1/OC(=O)C=C1,C[C@@H]1OC(C)(C)O[C@H]1/C=C/C=C1/C=CC(=O)O1,16.5,-41.1,41.1,16.5,38.98405499999999,38.98405499999999,-97.10573699999999,97.10573699999999,C1,True,C1,True,1.0,-1.0
40177173,[H][C@]12CC[C@H](C(C)C)[C@@]1([H])[C@@H](OC)O[C@H]2CCC(C)=O,CO[C@H]1O[C@@H](CCC(C)=O)[C@H]2CC[C@H](C(C)C)[C@@H]12,154.3,83.14,83.14,154.3,392.49291,392.49291,211.48321799999997,211.48321799999997,C1,True,C1,True,1.0,1.0
40486477,O[C@@H](CN(=O)=O)C1=CC=CC=C1C1=CC=CC=C1,O=[N+]([O-])C[C@H](O)c1ccccc1-c1ccccc1,-9.8,105.28,105.28,9.8,-23.839676000000004,23.839676000000004,256.1062336,256.1062336,C1,True,C1,True,-1.0,1.0
40637218,C=C[C@H](C\C=C(\C=O)C1=CC=CC=C1)C1=COC=C1,C=C[C@H](C/C=C(/C=O)c1ccccc1)c1ccoc1,6.0,-314.8,314.8,6.0,15.138780000000002,15.138780000000002,-794.281324,794.281324,C1,True,C1,True,1.0,-1.0
40637224,C=C[C@H](C\C=C\C=O)C1=CC=CC2=CC=CC=C12,C=C[C@H](C/C=C/C=O)c1cccc2ccccc12,46.0,-97.97,97.97,46.0,108.70443999999999,108.70443999999999,-231.5168258,231.5168258,C1,True,C1,True,1.0,-1.0
40637225,C\C(C=O)=C/C[C@@H](C=C)C1=CC=CC2=CC=CC=C12,C=C[C@H](C/C=C(\C)C=O)c1cccc2ccccc12,29.0,397.4,397.4,29.0,72.59889,72.59889,994.8551339999999,994.8551339999999,C1,True,C1,True,1.0,1.0
40637229,C\C(C=O)=C/C[C@@H](C=C)C1=CC=CC=C1,C=C[C@H](C/C=C(\C)C=O)c1ccccc1,-1.7,-648.84,648.84,1.7,-3.404777,3.404777,-1299.5032404,1299.5032404,C1,True,C1,True,-1.0,-1.0
40637231,C\C(C=O)=C/C[C@@H](C=C)C1=CC(=CC=C1)N(=O)=O,C=C[C@H](C/C=C(\C)C=O)c1cccc([N+](=O)[O-])c1,-3.0,30.44,30.44,3.0,-7.358339999999999,7.358339999999999,74.6626232,74.6626232,C1,True,C1,True,-1.0,1.0
40637232,C\C(C=O)=C/C[C@@H](C=C)C1=CC=C(C=C1)C#N,C=C[C@H](C/C=C(\C)C=O)c1ccc(C#N)cc1,-29.0,-842.26,842.26,29.0,-65.33439,65.33439,-1897.5359766,1897.5359766,C1,True,C1,True,-1.0,-1.0
40637233,C\C(C=O)=C/C[C@@H](C=C)C1=CC=C(C=O)C=C1,C=C[C@H](C/C=C(\C)C=O)c1ccc(C=O)cc1,-18.0,-921.56,921.56,18.0,-41.092380000000006,41.092380000000006,-2103.8385396,2103.8385396,C1,True,C1,True,-1.0,-1.0
40637234,C\C(C=O)=C/C[C@@H](C=C)C1=CC=C(C=C1)C#C,C#Cc1ccc([C@H](C=C)C/C=C(\C)C=O)cc1,-2.5,-417.77,417.77,2.5,-5.607575,5.607575,-937.0706431,937.0706431,C1,True,C1,True,-1.0,-1.0
40637235,CC[C@H](CCCC=O)C1=C2C=CC=CC2=CC=C1,CC[C@H](CCCC=O)c1cccc2ccccc12,10.0,24.39,24.39,10.0,24.034600000000005,24.034600000000005,58.620389400000015,58.620389400000015,C1,True,C1,True,1.0,1.0
40637236,C=C[C@H](CCCC=O)C1=C2C=CC=CC2=CC=C1,C=C[C@H](CCCC=O)c1cccc2ccccc12,-35.0,112.87,112.87,35.0,-83.41550000000001,83.41550000000001,269.00307100000003,269.00307100000003,C1,True,C1,True,-1.0,1.0
40637241,C\C(CO)=C/C[C@@H](C=C)C1=CC=CC=C1,C=C[C@H](C/C=C(\C)CO)c1ccccc1,-43.5,-99.5,99.5,43.5,-87.999195,87.999195,-201.285515,201.285515,C1,True,C1,True,-1.0,-1.0
40637242,C\C(=C/C[C@@H](C=C)C1=CC=CC=C1)C(O)=O,C=C[C@H](C/C=C(\C)C(=O)O)c1ccccc1,21.0,-410.19,410.19,21.0,45.418800000000005,45.418800000000005,-887.158932,887.158932,C1,True,C1,True,1.0,-1.0
40637243,CC(=O)[C@H](C\C=C(/C)C=O)C1=CC=CC=C1,CC(=O)[C@H](C/C=C(\C)C=O)c1ccccc1,16.2,-798.95,798.95,16.2,35.03736,35.03736,-1727.9690600000001,1727.9690600000001,C1,True,C1,True,1.0,-1.0
40638170,C[C@H](O)[Si](C)(C)CCCC1=CC=CC=C1,C[C@H](O)[Si](C)(C)CCCc1ccccc1,6.0,-52.57,52.57,6.0,13.34424,13.34424,-116.9177828,116.9177828,C1,True,C1,True,1.0,-1.0
40638175,C[C@H](O)[Si](C)(C)C1=CC2=C(OCO2)C=C1,C[C@H](O)[Si](C)(C)c1ccc2c(c1)OCO2,18.8,-6.57,6.57,18.8,42.174415999999994,42.174415999999994,-14.738612399999997,14.738612399999997,C1,True,C1,True,1.0,-1.0
40638177,C[C@H](O)[Si](C)(C)C1=CC=C(C=C1)N(C)C,C[C@H](O)[Si](C)(C)c1ccc(N(C)C)cc1,1.4,-12.32,12.32,1.4,3.1274879999999996,3.1274879999999996,-27.5218944,27.5218944,C1,True,C1,True,1.0,-1.0
40638179,C[C@H](O)[Si](C)(C)C1=CC2=C(OCCO2)C=C1,C[C@H](O)[Si](C)(C)c1ccc2c(c1)OCCO2,14.6,44.01,44.01,14.6,34.80041399999999,34.80041399999999,104.90179589999998,104.90179589999998,C1,True,C1,True,1.0,1.0
40638184,C[C@H](O)[Si](C)(C)C1=CC=CC2=CC=CC=C12,C[C@H](O)[Si](C)(C)c1cccc2ccccc12,12.2,136.84,136.84,12.2,28.106726,28.106726,315.2560972,315.2560972,C1,True,C1,True,1.0,1.0
40638186,C[C@H](O)[Si](C)(C)C1=CC2=CC=CC=C2C=C1,C[C@H](O)[Si](C)(C)c1ccc2ccccc2c1,7.4,149.75,149.75,7.4,17.048342,17.048342,344.99854250000004,344.99854250000004,C1,True,C1,True,1.0,1.0
40638215,C[C@H](O)[Si](C)(C)C1=CC=C(C=C1)C(F)(F)F,C[C@H](O)[Si](C)(C)c1ccc(C(F)(F)F)cc1,3.8,10.29,10.29,3.8,9.43616,9.43616,25.552127999999993,25.552127999999993,C1,True,C1,True,1.0,1.0
40639253,CCCCC[C@@H]1CCCO1,CCCCC[C@@H]1CCCO1,-7.4,-118.8,118.8,7.4,-10.525908,10.525908,-168.98349599999997,168.98349599999997,C1,True,C1,True,-1.0,-1.0
40639254,BrC[C@@H]1CCCCO1,BrC[C@@H]1CCCCO1,22.6,81.14,81.14,22.6,40.46688199999999,40.46688199999999,145.28684979999997,145.28684979999997,C1,True,C1,True,1.0,1.0
40639255,CC(=O)OC[C@@H]1CCCCO1,CC(=O)OC[C@@H]1CCCCO1,13.0,38.77,38.77,13.0,20.565609999999996,20.565609999999996,61.33297689999999,61.33297689999999,C1,True,C1,True,1.0,1.0
40659870,COC1=CC=C(C=C1)[C@@H](O)C1=CC=C(C=C1)C#N,COc1ccc([C@@H](O)c2ccc(C#N)cc2)cc1,-62.13,-120.13,120.13,62.13,-148.6609362,148.6609362,-287.4398562,287.4398562,C1,True,C1,True,-1.0,-1.0
40659873,COC1=CC=C(C=C1)[C@@H](O)C1=CC(Cl)=CC=C1,COc1ccc([C@@H](O)c2cccc(Cl)c2)cc1,-47.55,77.91,77.91,47.55,-118.26112949999998,118.26112949999998,193.7691819,193.7691819,C1,True,C1,True,-1.0,1.0
40659879,COC1=CC=C(C=C1)[C@@H](O)C1=CC(F)=CC(F)=C1,COc1ccc([C@@H](O)c2cc(F)cc(F)c2)cc1,-66.8,-164.11,164.11,66.8,-167.16299199999997,167.16299199999997,-410.67542840000004,410.67542840000004,C1,True,C1,True,-1.0,-1.0
40659883,COC1=CC=C(C=C1)[C@@H](O)C1=CC(F)=C(F)C=C1,COc1ccc([C@@H](O)c2ccc(F)c(F)c2)cc1,-38.11,-194.95,194.95,38.11,-95.3679884,95.3679884,-487.8506779999999,487.8506779999999,C1,True,C1,True,-1.0,-1.0
40659886,COC1=CC=C(C=C1)[C@@H](O)C1=COC2=C1C=CC=C2,COc1ccc([C@@H](O)c2coc3ccccc23)cc1,-12.42,819.12,819.12,12.42,-31.582197,31.582197,2082.899292,2082.899292,C1,True,C1,True,-1.0,1.0
40660760,COC1=C(C=CC=C1)C1=N[C@H](C)CC1,COc1ccccc1C1=N[C@H](C)CC1,17.83,101.29,101.29,17.83,33.74470139999999,33.74470139999999,191.69942819999997,191.69942819999997,C1,True,C1,True,1.0,1.0
40660761,C[C@@H]1CCC(=N1)C1=CC(C)=CC(C)=C1,Cc1cc(C)cc(C2=N[C@H](C)CC2)c1,43.33,-17.08,17.08,43.33,81.15102379999999,81.15102379999999,-31.988448799999993,31.988448799999993,C1,True,C1,True,1.0,-1.0
40660763,C[C@@H]1CCC(=N1)C1=CC2=CC=CC=C2C=C1,C[C@@H]1CCC(c2ccc3ccccc3c2)=N1,78.8,-103.25,103.25,78.8,164.92209599999998,164.92209599999998,-216.09399000000002,216.09399000000002,C1,True,C1,True,1.0,-1.0
40660764,C[C@@H]1CCC(C)=N1,CC1=N[C@H](C)CC1,24.34,69.66,69.66,24.34,23.6489874,23.6489874,67.6823526,67.6823526,C1,True,C1,True,1.0,1.0
40673499,COC1=CC=C(C=C1)N1C[C@](C)(OC1=O)C=C,C=C[C@]1(C)CN(c2ccc(OC)cc2)C(=O)O1,8.9,-43.75,43.75,8.9,20.760762999999997,20.760762999999997,-102.05431249999998,102.05431249999998,C1,True,C1,True,1.0,-1.0
40673509,COC1=CC=C(C=C1)N1C[C@@](C)(CCO)OC1=O,COc1ccc(N2C[C@@](C)(CCO)OC2=O)cc1,4.2,38.81,38.81,4.2,10.553844,10.553844,97.5225442,97.5225442,C1,True,C1,True,1.0,1.0
40673511,C[C@]1(CNC(=O)O1)C=C,C=C[C@]1(C)CNC(=O)O1,-10.4,-121.4,121.4,10.4,-13.222872,13.222872,-154.35160199999999,154.35160199999999,C1,True,C1,True,-1.0,-1.0
40673515,COC1=C(N[C@H]2CCC[C@@]2(C)O)C=CC=C1,COc1ccccc1N[C@H]1CCC[C@@]1(C)O,7.2,103.95,103.95,7.2,15.933599999999997,15.933599999999997,230.04134999999994,230.04134999999994,C1,True,C1,True,1.0,1.0
40673516,[H][C@]12CCC[C@@]1(C)OC(=O)N2C1=C(OC)C=CC=C1,COc1ccccc1N1C(=O)O[C@]2(C)CCC[C@H]12,57.8,108.79,108.79,57.8,142.93593199999995,142.93593199999995,269.03114259999995,269.03114259999995,C1,True,C1,True,1.0,1.0
40673518,[H][C@]12CCC[C@@]1(C)OC(=O)N2,C[C@@]12CCC[C@@H]1NC(=O)O2,15.4,31.96,31.96,15.4,21.74018,21.74018,45.117932,45.117932,C1,True,C1,True,1.0,1.0
40673529,CC1(C)OC[C@H](COC(=C)C=C)O1,C=CC(=C)OC[C@H]1COC(C)(C)O1,32.3,96.31,96.31,32.3,59.507904999999994,59.507904999999994,177.4367285,177.4367285,C1,True,C1,True,1.0,1.0
40673531,C[C@H](CCOC(=C)C=C)CCC=C(C)C,C=CC(=C)OCC[C@@H](C)CCC=C(C)C,-5.8,44.78,44.78,5.8,-12.08401,12.08401,93.296891,93.296891,C1,True,C1,True,-1.0,1.0
40740019,CC[C@H]1CCCCN1[S@](=O)C(C)(C)C,CC[C@H]1CCCCN1[S@](=O)C(C)(C)C,11.0,140.13,140.13,11.0,23.91158,23.91158,304.61179139999996,304.61179139999996,C1,True,C1,True,1.0,1.0
40740020,CCCC[C@H]1CCCCN1[S@](=O)C(C)(C)C,CCCC[C@H]1CCCCN1[S@](=O)C(C)(C)C,19.6,92.88,92.88,19.6,48.104672,48.104672,227.95724159999997,227.95724159999997,C1,True,C1,True,1.0,1.0
40740022,CC(C)[C@H]1CCCCN1[S@](=O)C(C)(C)C,CC(C)[C@H]1CCCCN1[S@](=O)C(C)(C)C,21.5,143.96,143.96,21.5,49.752075000000005,49.752075000000005,333.13063800000003,333.13063800000003,C1,True,C1,True,1.0,1.0
40740024,CC(C)(C)[S@@](=O)N1CCCC[C@@H]1C=C,C=C[C@H]1CCCCN1[S@](=O)C(C)(C)C,-42.0,21.35,21.35,42.0,-90.45204,90.45204,45.97978700000001,45.97978700000001,C1,True,C1,True,-1.0,1.0
40916958,CC1=CC=CC(=C1)[C@@H]1CCC2=C(C=CC=C2)[C@@H]1O,Cc1cccc([C@@H]2CCc3ccccc3[C@@H]2O)c1,192.73,182.92,182.92,192.73,459.333409,459.333409,435.95323600000006,435.95323600000006,C1,True,C1,True,1.0,1.0
40916959,CC1=CC=C(C=C1)[C@@H]1CCC2=C(C=CC=C2)[C@@H]1O,Cc1ccc([C@@H]2CCc3ccccc3[C@@H]2O)cc1,150.31,219.86,219.86,150.31,358.23382300000003,358.23382300000003,523.9923380000001,523.9923380000001,C1,True,C1,True,1.0,1.0
40916960,COC1=C(C=CC=C1)[C@@H]1CCC2=C(C=CC=C2)[C@@H]1O,COc1ccccc1[C@@H]1CCc2ccccc2[C@@H]1O,179.77,339.45,339.45,179.77,457.20724329999996,457.20724329999996,863.3197905,863.3197905,C1,True,C1,True,1.0,1.0
40916961,COC1=CC=CC(=C1)[C@@H]1CCC2=C(C=CC=C2)[C@@H]1O,COc1cccc([C@@H]2CCc3ccccc3[C@@H]2O)c1,141.46,190.1,190.1,141.46,359.7738034,359.7738034,483.47942900000004,483.47942900000004,C1,True,C1,True,1.0,1.0
40916962,COC1=CC=C(C=C1)[C@@H]1CCC2=C(C=CC=C2)[C@@H]1O,COc1ccc([C@@H]2CCc3ccccc3[C@@H]2O)cc1,122.4,126.23,126.23,122.4,311.29869600000006,311.29869600000006,321.03949670000003,321.03949670000003,C1,True,C1,True,1.0,1.0
40916965,O[C@@H]1[C@@H](CCC2=C1C=CC=C2)C1=C(F)C=CC=C1,O[C@H]1c2ccccc2CC[C@H]1c1ccccc1F,146.4,184.52,184.52,146.4,354.71695199999994,354.71695199999994,447.0790436,447.0790436,C1,True,C1,True,1.0,1.0
40916966,O[C@@H]1[C@@H](CCC2=C1C=CC=C2)C1=CC(F)=CC=C1,O[C@H]1c2ccccc2CC[C@H]1c1cccc(F)c1,161.2,52.58,52.58,161.2,390.5763159999999,390.5763159999999,127.3976594,127.3976594,C1,True,C1,True,1.0,1.0
40916967,O[C@@H]1[C@@H](CCC2=C1C=CC=C2)C1=CC=C(F)C=C1,O[C@H]1c2ccccc2CC[C@H]1c1ccc(F)cc1,156.93,45.24,45.24,156.93,380.2304049,380.2304049,109.6133532,109.6133532,C1,True,C1,True,1.0,1.0
40916973,CC1=CC(C)=C(C=C1)[C@@H]1CCC2=C(C=CC=C2)[C@@H]1O,Cc1ccc([C@@H]2CCc3ccccc3[C@@H]2O)c(C)c1,160.8,237.94,237.94,160.8,405.79005600000005,405.79005600000005,600.4582458000001,600.4582458000001,C1,True,C1,True,1.0,1.0
40916978,COC1=CC=CC2=C1CC[C@H]([C@H]2O)C1=CC=CC=C1,COc1cccc2c1CC[C@@H](c1ccccc1)[C@H]2O,161.22,126.04,126.04,161.22,410.0292138,410.0292138,320.55627160000006,320.55627160000006,C1,True,C1,True,1.0,1.0
40916979,O[C@@H]1[C@@H](CCC2=C1C=CC(F)=C2)C1=CC=CC=C1,O[C@H]1c2ccc(F)cc2CC[C@H]1c1ccccc1,158.33,195.46,195.46,158.33,383.6225069,383.6225069,473.5858978,473.5858978,C1,True,C1,True,1.0,1.0
40916981,CC1=CC2=C(CC[C@H]([C@H]2O)C2=CC=CC=C2)C=C1,Cc1ccc2c(c1)[C@H](O)[C@H](c1ccccc1)CC2,138.64,186.85,186.85,138.64,330.4207119999999,330.4207119999999,445.3196049999999,445.3196049999999,C1,True,C1,True,1.0,1.0
40916982,COC1=CC2=C(CC[C@H]([C@H]2O)C2=CC=CC=C2)C=C1,COc1ccc2c(c1)[C@H](O)[C@H](c1ccccc1)CC2,145.33,204.41,204.41,145.33,369.6163357,369.6163357,519.8739089,519.8739089,C1,True,C1,True,1.0,1.0
40916986,O[C@@H]1[C@@H](CCC2=C1C=CC=N2)C1=CC=CC=C1,O[C@H]1c2cccnc2CC[C@H]1c1ccccc1,95.83,205.05,205.05,95.83,215.89636530000004,215.89636530000004,461.9591955000001,461.9591955000001,C1,True,C1,True,1.0,1.0
40916998,CCC[C@@H]1CCC2=CC=CC=C2[C@@H]1O,CCC[C@@H]1CCc2ccccc2[C@@H]1O,66.0,135.55,135.55,66.0,125.58876000000001,125.58876000000001,257.932673,257.932673,C1,True,C1,True,1.0,1.0
40916999,CC(C)[C@@H]1CCC2=CC=CC=C2[C@@H]1O,CC(C)[C@@H]1CCc2ccccc2[C@@H]1O,68.83,124.81,124.81,68.83,130.9738538,130.9738538,237.4959566,237.4959566,C1,True,C1,True,1.0,1.0
40917885,[H][C@@]12CC[C@@]([H])(C(=O)C1)C(C)(C)C1=C2C2=CC=CC=C2N1,CC1(C)c2[nH]c3ccccc3c2[C@@H]2CC[C@H]1C(=O)C2,26.0,-109.25,109.25,26.0,65.86969999999998,65.86969999999998,-276.7794124999999,276.7794124999999,C1,True,C1,True,1.0,-1.0
40917890,FC(F)(F)C1=CC=C(C=C1)[C@H]1CCCCCN1,FC(F)(F)c1ccc([C@H]2CCCCCN2)cc1,51.4,98.12,98.12,51.4,125.04180799999999,125.04180799999999,238.69848639999998,238.69848639999998,C1,True,C1,True,1.0,1.0
40941196,CC(C)(C)[C@H](CC=C)B1OC(C)(C)C(C)(C)O1,C=CC[C@H](B1OC(C)(C)C(C)(C)O1)C(C)(C)C,-21.7,41.9,41.9,21.7,-51.685059999999986,51.685059999999986,99.79741999999999,99.79741999999999,C1,True,C1,True,-1.0,1.0
40956032,C[C@@](CO)(C=C)N1C=CC=C(F)C1=O,C=C[C@@](C)(CO)n1cccc(F)c1=O,72.4,278.45,278.45,72.4,142.779316,142.779316,549.1284605,549.1284605,C1,True,C1,True,1.0,1.0
40956033,C[C@@](CO)(C=C)N1C=CC=C(Cl)C1=O,C=C[C@@](C)(CO)n1cccc(Cl)c1=O,71.5,266.06,266.06,71.5,152.76976,152.76976,568.4744384,568.4744384,C1,True,C1,True,1.0,1.0
40956034,C[C@@](CO)(C=C)N1C=CC(Cl)=CC1=O,C=C[C@@](C)(CO)n1ccc(Cl)cc1=O,44.2,40.34,40.34,44.2,94.439488,94.439488,86.19205760000001,86.19205760000001,C1,True,C1,True,1.0,1.0
40956037,C[C@@](CO)(C=C)N1C=CC=C(C1=O)C(F)(F)F,C=C[C@@](C)(CO)n1cccc(C(F)(F)F)c1=O,29.4,224.77,224.77,29.4,72.68150399999999,72.68150399999999,555.6674031999999,555.6674031999999,C1,True,C1,True,1.0,1.0
40956038,COC(=O)C1=CC=CN(C1=O)[C@](C)(CO)C=C,C=C[C@@](C)(CO)n1cccc(C(=O)OC)c1=O,21.7,-573.84,573.84,21.7,51.484334999999994,51.484334999999994,-1361.464092,1361.464092,C1,True,C1,True,1.0,-1.0
40956039,COC(=O)C1=CC(=O)N(C=C1)[C@](C)(CO)C=C,C=C[C@@](C)(CO)n1ccc(C(=O)OC)cc1=O,47.1,-165.22,165.22,47.1,111.74710499999999,111.74710499999999,-391.99271099999993,391.99271099999993,C1,True,C1,True,1.0,-1.0
40956040,C[C@@](CO)(C=C)N1C=C(C=O)C=CC1=O,C=C[C@@](C)(CO)n1cc(C=O)ccc1=O,19.1,164.6,164.6,19.1,39.580739,39.580739,341.09893399999993,341.09893399999993,C1,True,C1,True,1.0,1.0
40956043,CC1=CC=CN(C1=O)[C@](C)(CO)C=C,C=C[C@@](C)(CO)n1cccc(C)c1=O,49.5,267.85,267.85,49.5,95.65677,95.65677,517.6094109999999,517.6094109999999,C1,True,C1,True,1.0,1.0
40956044,CC1=CC(=O)N(C=C1)[C@](C)(CO)C=C,C=C[C@@](C)(CO)n1ccc(C)cc1=O,137.4,246.13,246.13,137.4,265.520004,265.520004,475.63637979999993,475.63637979999993,C1,True,C1,True,1.0,1.0
40956047,COC1=C(C#N)C(=O)N(C=C1)[C@](C)(CO)C=C,C=C[C@@](C)(CO)n1ccc(OC)c(C#N)c1=O,4.6,117.95,117.95,4.6,10.77573,10.77573,276.3037725,276.3037725,C1,True,C1,True,1.0,1.0
40956048,CC1=C(C(=O)N(C=C1)[C@](C)(CO)C=C)N(=O)=O,C=C[C@@](C)(CO)n1ccc(C)c([N+](=O)[O-])c1=O,36.4,981.13,981.13,36.4,86.72045199999998,86.72045199999998,2337.4735459,2337.4735459,C1,True,C1,True,1.0,1.0
40956050,C[C@@](CO)(C=C)N1C=CC2=C(C=CO2)C1=O,C=C[C@@](C)(CO)n1ccc2occc2c1=O,19.6,238.57,238.57,19.6,42.97104,42.97104,523.0408679999999,523.0408679999999,C1,True,C1,True,1.0,1.0
40956074,OC[C@](C=C)(N1C=CC=CC1=O)C1=CC=CC=C1,C=C[C@](CO)(c1ccccc1)n1ccccc1=O,51.6,102.89,102.89,51.6,124.50564,124.50564,248.26328099999998,248.26328099999998,C1,True,C1,True,1.0,1.0
40956079,OC[C@](C=C)(N1C=CC=CC1=O)C1=CC=CS1,C=C[C@](CO)(c1cccs1)n1ccccc1=O,72.7,109.77,109.77,72.7,179.800913,179.800913,271.4820663,271.4820663,C1,True,C1,True,1.0,1.0
41059274,N[C@]1(CC2=CC3=C(C=CC=C3)C=C2)CCOC1=O,N[C@]1(Cc2ccc3ccccc3c2)CCOC1=O,-46.0,-126.22,126.22,46.0,-110.99339999999997,110.99339999999997,-304.5562379999999,304.5562379999999,C1,True,C1,True,-1.0,-1.0
41059285,COC(=O)[C@](C)(N)CC1=CSC=C1,COC(=O)[C@](C)(N)Cc1ccsc1,-11.1,22.0,22.0,11.1,-22.119525000000003,22.119525000000003,43.84050000000001,43.84050000000001,C1,True,C1,True,-1.0,1.0
41059286,COC(=O)[C@](C)(N)CC1=CC2=CC=CC=C2S1,COC(=O)[C@](C)(N)Cc1cc2ccccc2s1,-13.6,-34.04,34.04,13.6,-33.909560000000006,33.909560000000006,-84.873634,84.873634,C1,True,C1,True,-1.0,-1.0
41059287,COC(=O)[C@](C)(N)CC1=CC2=CC=CC=C2O1,COC(=O)[C@](C)(N)Cc1cc2ccccc2o1,-11.2,-42.99,42.99,11.2,-26.125904000000002,26.125904000000002,-100.28148330000002,100.28148330000002,C1,True,C1,True,-1.0,-1.0
41059288,COC(=O)[C@](C)(N)CC1=COC2=CC=CC=C12,COC(=O)[C@](C)(N)Cc1coc2ccccc12,-9.2,226.37,226.37,9.2,-21.460563999999998,21.460563999999998,528.0465079,528.0465079,C1,True,C1,True,-1.0,1.0
41059289,COC(=O)[C@](C)(N)CC1=CC=C2OC=CC2=C1,COC(=O)[C@](C)(N)Cc1ccc2occc2c1,-15.4,-113.78,113.78,15.4,-35.923118,35.923118,-265.41119260000005,265.41119260000005,C1,True,C1,True,-1.0,-1.0
41071243,[H][C@@]12CCC=C[C@]1([H])OC1=C2C(=O)OC(C)=C1,Cc1cc2c(c(=O)o1)[C@@H]1CCC=C[C@@H]1O2,-47.5,-301.12,301.12,47.5,-97.00687499999998,97.00687499999998,-614.9623199999999,614.9623199999999,C1,True,C1,True,-1.0,-1.0
41071246,[H][C@@]12OC3=C(C(=O)OC(C)=C3)[C@]1([H])CC=C2,Cc1cc2c(c(=O)o1)[C@@H]1CC=C[C@@H]1O2,-19.4,-444.07,444.07,19.4,-36.89841199999999,36.89841199999999,-844.6122585999999,844.6122585999999,C1,True,C1,True,-1.0,-1.0
41071247,[H][C@@]12OC3=C(C(=O)OC(C)=C3)[C@]1([H])CCCC=C2,Cc1cc2c(c(=O)o1)[C@@H]1CCCC=C[C@@H]1O2,-37.3,-117.62,117.62,37.3,-81.40799599999997,81.40799599999997,-256.70800239999994,256.70800239999994,C1,True,C1,True,-1.0,-1.0
41071248,[H][C@@]12OC(C=C(C)C)=C(C(O)=O)[C@]1([H])CCC=C2,CC(C)=CC1=C(C(=O)O)[C@@H]2CCC=C[C@@H]2O1,-27.0,-144.96,144.96,27.0,-59.47235999999999,59.47235999999999,-319.3004928,319.3004928,C1,True,C1,True,-1.0,-1.0
41071249,[H][C@@]12CCC=C[C@]1([H])OC1=C2COC(C)=C1,CC1=CC2=C(CO1)[C@@H]1CCC=C[C@@H]1O2,-15.1,-326.17,326.17,15.1,-28.726542,28.726542,-620.5123314,620.5123314,C1,True,C1,True,-1.0,-1.0
41071250,[H][C@@]12OC3=C(C(=O)OC(=C3)C(C)C)[C@]1([H])CCC=C2,CC(C)c1cc2c(c(=O)o1)[C@@H]1CCC=C[C@@H]1O2,-32.8,-288.27,288.27,32.8,-76.18751199999998,76.18751199999998,-669.5906732999999,669.5906732999999,C1,True,C1,True,-1.0,-1.0
41071253,[H][C@@]12CCC=C[C@]1([H])OC1=C2C(=O)OC(=C1)C(C)(C)C,CC(C)(C)c1cc2c(c(=O)o1)[C@@H]1CCC=C[C@@H]1O2,-51.0,-241.3,241.3,51.0,-125.61605999999998,125.61605999999998,-594.3363779999999,594.3363779999999,C1,True,C1,True,-1.0,-1.0
41071263,[H][C@@]12CCC=C[C@]1([H])OC1=C2C(=O)OC(C)=C1C,Cc1oc(=O)c2c(c1C)O[C@H]1C=CCC[C@@H]21,-52.3,-142.26,142.26,52.3,-114.14579599999999,114.14579599999999,-310.48529519999994,310.48529519999994,C1,True,C1,True,-1.0,-1.0
41307231,CC(=C)[C@@H]1CCC(C)=C1CC#C,C#CCC1=C(C)CC[C@H]1C(=C)C,186.0,282.14,282.14,186.0,298.08359999999993,298.08359999999993,452.15756399999987,452.15756399999987,C1,True,C1,True,1.0,1.0
41307234,[H][C@]1(CCC(C)=C1CC#C)[C@@H](C)C=O,C#CCC1=C(C)CC[C@H]1[C@@H](C)C=O,-40.0,-227.54,227.54,40.0,-70.50359999999999,70.50359999999999,-401.05972859999997,401.05972859999997,C1,True,C1,True,-1.0,-1.0
41307236,[H][C@]1(CCC(C)=C1CC#C)[C@@H](C)[C@H](O)C=C=C,C#CCC1=C(C)CC[C@H]1[C@@H](C)[C@H](O)C=C=C,55.0,-76.33,76.33,55.0,118.9782,118.9782,-165.12010919999997,165.12010919999997,C1,True,C1,True,1.0,-1.0
41307254,[H][C@@]12C[C@@]11CC3=C(C)CC[C@@]3([H])\C(C)=C/C[C@]1([H])CC2=O,CC1=C2C[C@]34C[C@H]3C(=O)C[C@H]4C/C=C(/C)[C@@H]2CC1,480.0,440.99,440.99,480.0,1163.3375999999996,1163.3375999999996,1068.7921837999997,1068.7921837999997,C1,True,C1,True,1.0,1.0
41765461,CC[C@@H](OC)[C@H](C)\C=C\CO,CC[C@@H](OC)[C@H](C)/C=C/CO,-33.1,-66.06,66.06,33.1,-52.37777099999998,52.37777099999998,-104.53400459999997,104.53400459999997,C1,True,C1,True,-1.0,-1.0
41765467,CC[C@@H](OC)[C@H](C)C(=O)N(C)OC,CC[C@@H](OC)[C@H](C)C(=O)N(C)OC,16.1,-54.52,54.52,16.1,30.470055,30.470055,-103.18182599999999,103.18182599999999,C1,True,C1,True,1.0,-1.0
41867706,CC1=CCC[C@]1(O)CC=C,C=CC[C@@]1(O)CCC=C1C,2.7,83.94,83.94,2.7,3.73167,3.73167,116.01347399999999,116.01347399999999,C1,True,C1,True,1.0,1.0
41893531,C=C[C@@H]1C[C@]2(CCCO2)OC2=CC=CC=C12,C=C[C@@H]1C[C@]2(CCCO2)Oc2ccccc21,286.1,225.74,225.74,286.1,618.7770800000001,618.7770800000001,488.230472,488.230472,C1,True,C1,True,1.0,1.0
41893532,C=C[C@@H]1C[C@@]2(CCCO2)OC2=CC=CC=C12,C=C[C@@H]1C[C@@]2(CCCO2)Oc2ccccc21,12.5,61.67,61.67,12.5,27.035,27.035,133.379876,133.379876,C1,True,C1,True,1.0,1.0
41893533,CC1(C)CC[C@]2(C[C@@H](C=C)C3=CC=CC=C3O2)O1,C=C[C@@H]1C[C@]2(CCC(C)(C)O2)Oc2ccccc21,144.5,162.22,162.22,144.5,353.06263,353.06263,396.3586148,396.3586148,C1,True,C1,True,1.0,1.0
41893536,C=C[C@@H]1C[C@]2(CCCCO2)OC2=CC=CC=C12,C=C[C@@H]1C[C@]2(CCCCO2)Oc2ccccc21,85.5,221.65,221.65,85.5,196.912485,196.912485,510.47546550000004,510.47546550000004,C1,True,C1,True,1.0,1.0
42005700,CC(=O)[C@@H]1CC=C(C)C[C@H]1C#C[Si](C)(C)C,CC(=O)[C@@H]1CC=C(C)C[C@H]1C#C[Si](C)(C)C,-108.2,-19.3,19.3,108.2,-253.63703,253.63703,-45.242095,45.242095,C1,True,C1,True,-1.0,-1.0
42005701,CC(=O)[C@@H]1CC(C)=C(C)C[C@H]1C#C[Si](C)(C)C,CC(=O)[C@@H]1CC(C)=C(C)C[C@H]1C#C[Si](C)(C)C,-105.4,-38.16,38.16,105.4,-261.857868,261.857868,-94.80546719999998,94.80546719999998,C1,True,C1,True,-1.0,-1.0
42005987,CC=C[C@]1(C)OC(C)(C)O[C@]1(C)C=C,C=C[C@@]1(C)OC(C)(C)O[C@@]1(C)C=CC,-69.8,-63.02,63.02,69.8,-137.01041999999998,137.01041999999998,-123.70195799999999,123.70195799999999,C1,True,C1,True,-1.0,-1.0
42302228,C[C@@H](NC(=O)C1=NC=CC=C1)C1=CC=C(C)C=C1,Cc1ccc([C@@H](C)NC(=O)c2ccccn2)cc1,-7.765000000000001,204.41,204.41,7.765000000000001,-18.659760900000002,18.659760900000002,491.2094946000001,491.2094946000001,C1,True,C1,True,-1.0,1.0
42626431,CO[C@@H]1OC[C@@H](F)C2=CC=CC=C12,CO[C@@H]1OC[C@@H](F)c2ccccc21,-67.101,-52.95,52.95,67.101,-122.25399594000001,122.25399594000001,-96.47172300000003,96.47172300000003,C1,True,C1,True,-1.0,-1.0
42626435,CO[C@@H]1OC[C@@H](F)C2=CC=CC(F)=C12,CO[C@@H]1OC[C@@H](F)c2cccc(F)c21,-45.008,-28.64,28.64,45.008,-90.09881472000001,90.09881472000001,-57.3326976,57.3326976,C1,True,C1,True,-1.0,-1.0
42626437,CO[C@@H]1OC[C@@H](F)C2=CC=C(F)C=C12,CO[C@@H]1OC[C@@H](F)c2ccc(F)cc21,-45.443,-52.34,52.34,45.443,-90.96961512,90.96961512,-104.77630560000001,104.77630560000001,C1,True,C1,True,-1.0,-1.0
42626439,CO[C@@H]1OC[C@@H](F)C2=CC(F)=CC=C12,CO[C@@H]1OC[C@@H](F)c2cc(F)ccc21,-61.312,-44.22,44.22,61.312,-122.73681407999999,122.73681407999999,-88.52136479999999,88.52136479999999,C1,True,C1,True,-1.0,-1.0
42626443,CO[C@@H]1OC[C@@H](F)C2=CC=CC(C)=C12,CO[C@@H]1OC[C@@H](F)c2cccc(C)c21,-47.28,-67.98,67.98,47.28,-92.7732888,92.7732888,-133.3910358,133.3910358,C1,True,C1,True,-1.0,-1.0
42626445,CO[C@@H]1OC[C@@H](F)C2=CC=C(C)C=C12,CO[C@@H]1OC[C@@H](F)c2ccc(C)cc21,-29.009,-78.82,78.82,29.009,-56.92174989,56.92174989,-154.6613922,154.6613922,C1,True,C1,True,-1.0,-1.0
42626447,CO[C@@H]1OC[C@@H](F)C2=CC(C)=CC=C12,CO[C@@H]1OC[C@@H](F)c2cc(C)ccc21,-57.193,-43.96,43.96,57.193,-112.22467653,112.22467653,-86.2587516,86.2587516,C1,True,C1,True,-1.0,-1.0
42626449,CO[C@@H]1OC[C@@H](F)C2=CC=CC(Cl)=C12,CO[C@@H]1OC[C@@H](F)c2cccc(Cl)c21,-29.548,0.84,0.84,29.548,-64.01249172,64.01249172,1.8197676,1.8197676,C1,True,C1,True,-1.0,1.0
43357662,[H][C@@]12[C@@H](C(=O)OCC)[C@]1([H])C1=CC=CC=C1OC2=O,CCOC(=O)[C@@H]1[C@H]2C(=O)Oc3ccccc3[C@@H]12,7.2,10.53,10.53,7.2,16.72092,16.72092,24.454345499999995,24.454345499999995,C1,True,C1,True,1.0,1.0
43357663,[H][C@]12COC3=CC=CC=C3[C@@]1([H])[C@@H]2C(=O)OCC,CCOC(=O)[C@@H]1[C@H]2COc3ccccc3[C@H]21,-104.5,-208.16,208.16,104.5,-228.07334000000003,228.07334000000003,-454.3133632,454.3133632,C1,True,C1,True,-1.0,-1.0
43357664,CCOC(=O)[C@@H]1[C@@H](CO)[C@H]1C1=C(O)C=CC=C1,CCOC(=O)[C@@H]1[C@@H](CO)[C@H]1c1ccccc1O,-18.0,-140.89,140.89,18.0,-42.52806,42.52806,-332.8765763,332.8765763,C1,True,C1,True,-1.0,-1.0
43602703,[H][C@]12CC(C)(C)[C@]1([H])CC\C(=C/CC2=C)C(C)=O,C=C1C/C=C(/C(C)=O)CC[C@@H]2[C@@H]1CC2(C)C,49.4,115.55,115.55,49.4,107.85995999999999,107.85995999999999,252.29187,252.29187,C1,True,C1,True,1.0,1.0
43602705,[H][C@]12CC(C)(C)[C@]1([H])CC\C(C=C)=C/CC2=C,C=C/C1=C/CC(=C)[C@H]2CC(C)(C)[C@@H]2CC1,50.2,457.23,457.23,50.2,101.575182,101.575182,925.1637543,925.1637543,C1,True,C1,True,1.0,1.0
43801928,CC[C@@](C)(C(=O)N(C)OC)C1=CC=CC=C1,CC[C@@](C)(C(=O)N(C)OC)c1ccccc1,-9.7,101.08,101.08,9.7,-21.4661,21.4661,223.69004,223.69004,C1,True,C1,True,-1.0,1.0
43801929,CC[C@](F)(CC1=CC=CC=C1)C(=O)N(C)OC,CC[C@](F)(Cc1ccccc1)C(=O)N(C)OC,-13.7,-77.14,77.14,13.7,-32.782729999999994,32.782729999999994,-184.588306,184.588306,C1,True,C1,True,-1.0,-1.0
43801930,CC[C@](F)(CC1=CC=CC=C1)C(O)=O,CC[C@](F)(Cc1ccccc1)C(=O)O,-17.7,18.51,18.51,17.7,-34.731117,34.731117,36.3205071,36.3205071,C1,True,C1,True,-1.0,1.0
43942919,CC1=CC=CC(=C1)C(\Cl)=C1\[C@@H](COC1=O)C=C,C=C[C@@H]1COC(=O)/C1=C(/Cl)c1cccc(C)c1,-18.7,337.73,337.73,18.7,-46.50858299999999,46.50858299999999,839.9649056999999,839.9649056999999,C1,True,C1,True,-1.0,1.0
43942923,Cl\C(=C1/[C@@H](COC1=O)C=C)C1=CC=CC=C1,C=C[C@@H]1COC(=O)/C1=C(/Cl)c1ccccc1,-54.8,287.86,287.86,54.8,-128.60573599999998,128.60573599999998,675.5556052,675.5556052,C1,True,C1,True,-1.0,1.0
43942930,Cl\C(C1=CSC=C1)=C1/[C@@H](COC1=O)C=C,C=C[C@@H]1COC(=O)/C1=C(/Cl)c1ccsc1,13.0,215.23,215.23,13.0,31.29243,31.29243,518.0822853,518.0822853,C1,True,C1,True,1.0,1.0
43942932,Cl\C=C1/[C@@H](COC1=O)C=C,C=C[C@@H]1COC(=O)/C1=C/Cl,10.2,44.32,44.32,10.2,16.175567999999995,16.175567999999995,70.28442879999999,70.28442879999999,C1,True,C1,True,1.0,1.0
43942933,C\C(Cl)=C1\[C@@H](COC1=O)C=C,C=C[C@@H]1COC(=O)/C1=C(\C)Cl,-1.0,74.79,74.79,1.0,-1.7261099999999998,1.7261099999999998,129.0957669,129.0957669,C1,True,C1,True,-1.0,1.0
43942934,CC\C(Cl)=C1\[C@@H](COC1=O)C=C,C=C[C@@H]1COC(=O)/C1=C(/Cl)CC,-1.2,145.72,145.72,1.2,-2.239655999999999,2.239655999999999,271.96889359999994,271.96889359999994,C1,True,C1,True,-1.0,1.0
43942935,FC1=CC=C(C=C1)C(\Cl)=C1\[C@@H](COC1=O)C=C,C=C[C@@H]1COC(=O)/C1=C(/Cl)c1ccc(F)cc1,-27.9,244.83,244.83,27.9,-70.49548799999998,70.49548799999998,618.6168575999999,618.6168575999999,C1,True,C1,True,-1.0,1.0
43942936,CCC\C(Cl)=C1\[C@@H](COC1=O)C=C,C=C[C@@H]1COC(=O)/C1=C(/Cl)CCC,-97.5,-5.06,5.06,97.5,-195.64837499999993,195.64837499999993,-10.153648999999996,10.153648999999996,C1,True,C1,True,-1.0,-1.0
43942937,CCCCC\C(Cl)=C1\[C@@H](COC1=O)C=C,C=C[C@@H]1COC(=O)/C1=C(/Cl)CCCCC,-101.7,-23.62,23.62,101.7,-232.6072229999999,232.6072229999999,-54.02342779999998,54.02342779999998,C1,True,C1,True,-1.0,-1.0
43942938,CC1=C(C=CC=C1)C(\Cl)=C1\[C@@H](COC1=O)C=C,C=C[C@@H]1COC(=O)/C1=C(/Cl)c1ccccc1C,-22.6,192.15,192.15,22.6,-56.208234000000004,56.208234000000004,477.89434349999993,477.89434349999993,C1,True,C1,True,-1.0,1.0
43942989,C=C[C@@H]1COC(=O)C1=C(C1CC1)C1=CC=CC=C1,C=C[C@@H]1COC(=O)C1=C(c1ccccc1)C1CC1,-33.0,191.98,191.98,33.0,-79.29965999999999,79.29965999999999,461.33177959999995,461.33177959999995,C1,True,C1,True,-1.0,1.0
43942992,C=C[C@@H]1COC(=O)C1=CC1=CC=CC=C1,C=C[C@@H]1COC(=O)C1=Cc1ccccc1,-219.4,-3.12,3.12,219.4,-439.319978,439.319978,-6.247394400000001,6.247394400000001,C1,True,C1,True,-1.0,-1.0
43942997,C=C[C@@H]1COC(=O)[C@H]1CC1=CC=C2OCOC2=C1,C=C[C@@H]1COC(=O)[C@H]1Cc1ccc2c(c1)OCO2,-27.6,26.28,26.28,27.6,-67.968312,67.968312,64.71765359999999,64.71765359999999,C1,True,C1,True,-1.0,1.0
44006170,CC(=O)[C@@H]1[C@@H](OCC2=CC=CC=C2)OC[C@@H]1C=C,C=C[C@H]1CO[C@H](OCc2ccccc2)[C@H]1C(C)=O,83.3,244.38,244.38,83.3,205.17289799999998,205.17289799999998,601.9226028,601.9226028,C1,True,C1,True,1.0,1.0
44006173,CO[C@H]1OC[C@](C)(C=C)[C@@H]1C(=O)C1=CC=CC=C1,C=C[C@@]1(C)CO[C@H](OC)[C@H]1C(=O)c1ccccc1,50.0,16.37,16.37,50.0,123.15299999999999,123.15299999999999,40.3202922,40.3202922,C1,True,C1,True,1.0,1.0
44255944,COC1=C(C=C(C)C=C1)[C@@]1(C)CCC[C@@]1(C)C=C,C=C[C@]1(C)CCC[C@]1(C)c1cc(C)ccc1OC,-34.0,-99.99,99.99,34.0,-83.08851999999999,83.08851999999999,-244.35356219999997,244.35356219999997,C1,True,C1,True,-1.0,-1.0
44280363,CN(CCC1=CCCC[C@H]1O)C(=O)OC(C)(C)C,CN(CCC1=CCCC[C@H]1O)C(=O)OC(C)(C)C,49.0,-133.77,133.77,49.0,125.12541999999999,125.12541999999999,-341.5923966,341.5923966,C1,True,C1,True,1.0,-1.0
44392499,[H][C@]12OC[C@@H](O)[C@@]1([H])[C@@H](O)[C@@H](O)[C@@H](CO)O2,OC[C@H]1O[C@H]2OC[C@@H](O)[C@H]2[C@@H](O)[C@H]1O,1.6,49.28,49.28,1.6,3.2991040000000003,3.2991040000000003,101.6124032,101.6124032,C1,True,C1,True,1.0,1.0
44393328,CN1C=CC(=C1)[C@@H](O)C1=CC=C(C=C1)N(=O)=O,Cn1ccc([C@@H](O)c2ccc([N+](=O)[O-])cc2)c1,-68.3,126.12,126.12,68.3,-158.619237,158.619237,292.8998268,292.8998268,C1,True,C1,True,-1.0,1.0
44393339,CCN1C=CC(=C1)[C@@H](O)C1=CC=C(C=C1)N(=O)=O,CCn1ccc([C@@H](O)c2ccc([N+](=O)[O-])cc2)c1,-60.8,-44.24,44.24,60.8,-149.729728,149.729728,-108.9480784,108.9480784,C1,True,C1,True,-1.0,-1.0
44393361,CC(=O)[C@@](C)(O)C1=CN(CC2=CC=CC=C2)C=C1,CC(=O)[C@@](C)(O)c1ccn(Cc2ccccc2)c1,18.3,383.42,383.42,18.3,44.524998,44.524998,932.8838652,932.8838652,C1,True,C1,True,1.0,1.0
44393369,CC(=O)[C@](C)(O)C1=CN(C=C1)C(C)(C)C,CC(=O)[C@](C)(O)c1ccn(C(C)(C)C)c1,33.1,-66.13,66.13,33.1,69.27465899999999,69.27465899999999,-138.40281569999996,138.40281569999996,C1,True,C1,True,1.0,-1.0
44393370,COC(=O)[C@](C)(O)C1=CN(C=C1)C1=CC=CC=C1,COC(=O)[C@](C)(O)c1ccn(-c2ccccc2)c1,27.2,188.01,188.01,27.2,66.715616,66.715616,461.14716780000003,461.14716780000003,C1,True,C1,True,1.0,1.0
44393375,O[C@H](C1=CNC=C1)C1=CC=CC=C1N(=O)=O,O=[N+]([O-])c1ccccc1[C@H](O)c1cc[nH]c1,-39.1,606.94,606.94,39.1,-85.320892,85.320892,1324.4159128000001,1324.4159128000001,C1,True,C1,True,-1.0,1.0
44393376,O[C@H](C1=CNC=C1)C1=CC=C(C=C1)N(=O)=O,O=[N+]([O-])c1ccc([C@H](O)c2cc[nH]c2)cc1,-36.1,-70.32,70.32,36.1,-78.77453200000001,78.77453200000001,-153.4466784,153.4466784,C1,True,C1,True,-1.0,-1.0
44393378,O[C@H](C1=CNC=C1)C1=CC=C(C=C1)C#N,N#Cc1ccc([C@H](O)c2cc[nH]c2)cc1,-41.2,-157.72,157.72,41.2,-81.66870000000002,81.66870000000002,-312.64047000000005,312.64047000000005,C1,True,C1,True,-1.0,-1.0
44393379,O[C@H](C1=CNC=C1)C1=CC(=CC=C1Cl)N(=O)=O,O=[N+]([O-])c1ccc(Cl)c([C@H](O)c2cc[nH]c2)c1,-39.3,69.57,69.57,39.3,-99.29420099999999,99.29420099999999,175.7734749,175.7734749,C1,True,C1,True,-1.0,1.0
44393382,O[C@H](C1=CNC=C1)C1=CC=NC=C1,O[C@@H](c1ccncc1)c1cc[nH]c1,-18.3,-198.32,198.32,18.3,-31.879149000000005,31.879149000000005,-345.47938960000005,345.47938960000005,C1,True,C1,True,-1.0,-1.0
44393383,CCOC(=O)[C@H](O)C1=CNC=C1,CCOC(=O)[C@H](O)c1cc[nH]c1,33.4,-77.45,77.45,33.4,56.50612,56.50612,-131.02991000000003,131.02991000000003,C1,True,C1,True,1.0,-1.0
44393385,CC(=O)[C@](C)(O)C1=CNC=C1,CC(=O)[C@](C)(O)c1cc[nH]c1,30.6,-227.49,227.49,30.6,46.873386,46.873386,-348.47145689999996,348.47145689999996,C1,True,C1,True,1.0,-1.0
44393386,COC(=O)[C@](C)(O)C1=CNC=C1,COC(=O)[C@](C)(O)c1cc[nH]c1,32.1,6.81,6.81,32.1,54.30678000000001,54.30678000000001,11.521158,11.521158,C1,True,C1,True,1.0,1.0
44393387,CCOC(=O)[C@](C)(O)C1=CNC=C1,CCOC(=O)[C@](C)(O)c1cc[nH]c1,35.4,85.77,85.77,35.4,64.85527800000001,64.85527800000001,157.13664390000002,157.13664390000002,C1,True,C1,True,1.0,1.0
44641787,OC[C@@H](OC(=O)C1=CC=CO1)C=C,C=C[C@@H](CO)OC(=O)c1ccco1,-16.2,-86.35,86.35,16.2,-29.512349999999998,29.512349999999998,-157.30811249999996,157.30811249999996,C1,True,C1,True,-1.0,-1.0
44641788,OC[C@@H](OC(=O)CC1=CC=CC=C1)C=C,C=C[C@@H](CO)OC(=O)Cc1ccccc1,-72.9,-80.69,80.69,72.9,-150.349689,150.349689,-166.41586289999998,166.41586289999998,C1,True,C1,True,-1.0,-1.0
44641790,OC[C@@H](OC(=O)C=C)C=C,C=CC(=O)O[C@@H](C=C)CO,-55.4,-65.5,65.5,55.4,-78.753316,78.753316,-93.11086999999999,93.11086999999999,C1,True,C1,True,-1.0,-1.0
44641792,OC[C@@H](OC(=O)CC1=CSC=C1)C=C,C=C[C@@H](CO)OC(=O)Cc1ccsc1,-140.0,24.71,24.71,140.0,-297.17799999999994,297.17799999999994,52.451916999999995,52.451916999999995,C1,True,C1,True,-1.0,1.0
44641793,CC(C)(C)C(=O)O[C@H](CO)C=C,C=C[C@@H](CO)OC(=O)C(C)(C)C,-41.2,-58.75,58.75,41.2,-70.95628799999999,70.95628799999999,-101.18159999999997,101.18159999999997,C1,True,C1,True,-1.0,-1.0
44641794,OC[C@@H](OC(=O)C1CCCCC1)C=C,C=C[C@@H](CO)OC(=O)C1CCCCC1,-67.2,-108.97,108.97,67.2,-133.23206399999995,133.23206399999995,-216.04610139999988,216.04610139999988,C1,True,C1,True,-1.0,-1.0
44641796,CCC(=O)O[C@H](CO)C=C,C=C[C@@H](CO)OC(=O)CC,-60.7,-35.9,35.9,60.7,-87.51118999999998,87.51118999999998,-51.757029999999986,51.757029999999986,C1,True,C1,True,-1.0,-1.0
44641797,COC1=CC=C(CC(=O)O[C@H](CO)C=C)C=C1,C=C[C@@H](CO)OC(=O)Cc1ccc(OC)cc1,-10.5,166.63,166.63,10.5,-24.808034999999997,24.808034999999997,393.6917021,393.6917021,C1,True,C1,True,-1.0,1.0
44641798,OC[C@@H](OC(=O)C12CC3CC(CC(C3)C1)C2)C=C,C=C[C@@H](CO)OC(=O)C12CC3CC(CC(C3)C1)C2,-81.4,-31.3,31.3,81.4,-203.77513199999993,203.77513199999993,-78.35579399999997,78.35579399999997,C1,True,C1,True,-1.0,-1.0
44641799,CCCCCCCC(=O)O[C@H](CO)C=C,C=C[C@@H](CO)OC(=O)CCCCCCC,-156.4,11.89,11.89,156.4,-335.17301999999984,335.17301999999984,25.48086449999999,25.48086449999999,C1,True,C1,True,-1.0,1.0
44641800,CCCCCCC(=O)O[C@H](CO)C=C,C=C[C@@H](CO)OC(=O)CCCCCC,-200.2,-23.07,23.07,200.2,-400.95655599999975,400.95655599999975,-46.20413459999998,46.20413459999998,C1,True,C1,True,-1.0,-1.0
44641801,OC[C@@H](OC(=O)CC1=C(C=CC=C1)N(=O)=O)C=C,C=C[C@@H](CO)OC(=O)Cc1ccccc1[N+](=O)[O-],-45.6,447.57,447.57,45.6,-114.564528,114.564528,1124.4659166,1124.4659166,C1,True,C1,True,-1.0,1.0
44641802,OC[C@@H](OC(=O)CC1=CNC2=CC=CC=C12)C=C,C=C[C@@H](CO)OC(=O)Cc1c[nH]c2ccccc12,-70.7,-50.78,50.78,70.7,-173.41154600000002,173.41154600000002,-124.55216839999999,124.55216839999999,C1,True,C1,True,-1.0,-1.0
