run_id,sweep_id,name,epoch,train loss,val_loss,val_score,val_score_best,test_rmse,test_score,lr,n_s,n_v,noH,xtb,seed,radius,subset,CV iter,dataset,features,splitter,sum_mode,dropout_p,invariant,graph_mode,num_epochs,train_frac,xtb_subset,weight_decay,max_neighbors,n_conv_layers,target_column,random_baseline,distance_emb_dim,two_layers_atom_diff
sbc0e7gj,62zfn7wz,fiery-sweep-66,128.0,0.0158531554043293,0.2815680077363705,0.15610228702844545,0.15128223323598466,,,0.0005,64,,True,False,123,5.0,,0.0,yuri,torchchem_v1,test:data/yuri/splits/fold_0_test_indices.npy,both,0.05,True,vector_masked,128.0,0.8,False,1e-05,50,3,N_FOD,False,32,
sst8chxv,62zfn7wz,resilient-sweep-65,128.0,0.04234912618994713,0.3726925718887099,0.18046586341172904,0.1742699216366435,,,0.001,64,,True,False,123,5.0,,0.0,yuri,torchchem_v1,test:data/yuri/splits/fold_0_test_indices.npy,both,0.1,True,vector_masked,128.0,0.8,False,0.0001,25,3,N_FOD,False,48,
k60s6chs,62zfn7wz,soft-sweep-64,128.0,0.06907878816127777,0.32453348885836275,0.17244873969984403,0.1652949696174656,,,0.001,64,,True,False,123,10.0,,0.0,yuri,torchchem_v1,test:data/yuri/splits/fold_0_test_indices.npy,node,0.05,True,vector_masked,128.0,0.8,False,0.0001,50,3,N_FOD,False,16,
cbqawcfn,62zfn7wz,soft-sweep-63,128.0,0.09195713698863985,0.2850307806812484,0.1566108670507303,0.1539717601583744,,,0.001,48,,True,False,123,5.0,,0.0,yuri,torchchem_v1,test:data/yuri/splits/fold_0_test_indices.npy,both,0.1,True,vector_masked,128.0,0.8,False,1e-05,50,3,N_FOD,False,32,
n9ejrktf,62zfn7wz,winter-sweep-62,128.0,0.015253380872309208,0.39782133903996697,0.17569031030401153,0.17291652045621267,,,0.0005,64,,True,False,123,10.0,,0.0,yuri,torchchem_v1,test:data/yuri/splits/fold_0_test_indices.npy,both,0.1,True,vector_masked,128.0,0.8,False,1e-05,25,3,N_FOD,False,16,
r33yalns,62zfn7wz,young-sweep-61,128.0,0.01275385357439518,0.2878292380221959,0.15675693900372284,0.1496928584867665,,,0.001,64,,True,False,123,5.0,,0.0,yuri,torchchem_v1,test:data/yuri/splits/fold_0_test_indices.npy,both,0.1,True,vector_masked,128.0,0.8,False,1e-05,25,3,N_FOD,False,32,
dt31drqo,62zfn7wz,ethereal-sweep-60,128.0,0.029774321243166924,0.34787954711194696,0.1797338330511327,0.16984731218014287,,,0.0005,48,,True,False,123,10.0,,0.0,yuri,torchchem_v1,test:data/yuri/splits/fold_0_test_indices.npy,node,0.1,True,vector_masked,128.0,0.8,False,1e-05,50,3,N_FOD,False,16,
mdrn85z3,62zfn7wz,laced-sweep-59,128.0,0.007195094600319862,0.3319613540159731,0.15582037078936864,0.1548863671801805,,,0.001,64,,True,False,123,5.0,,0.0,yuri,torchchem_v1,test:data/yuri/splits/fold_0_test_indices.npy,both,0.1,True,vector_masked,128.0,0.8,False,1e-05,25,3,N_FOD,False,16,
su5ommvc,62zfn7wz,ruby-sweep-58,128.0,0.05903363227844238,0.35032993786293887,0.16740425488986363,0.15825442604668857,,,0.001,64,,True,False,123,5.0,,0.0,yuri,torchchem_v1,test:data/yuri/splits/fold_0_test_indices.npy,both,0.1,True,vector_masked,128.0,0.8,False,1e-05,25,3,N_FOD,False,16,
osm3g7x5,62zfn7wz,happy-sweep-57,128.0,0.027117665857076645,0.40361454042381256,0.16783218920909493,0.15889472268487295,,,0.001,48,,True,False,123,5.0,,0.0,yuri,torchchem_v1,test:data/yuri/splits/fold_0_test_indices.npy,both,0.1,True,vector_masked,128.0,0.8,False,1e-05,50,3,N_FOD,False,16,
cwecdrue,62zfn7wz,honest-sweep-56,128.0,0.0347784161567688,0.3406539834907343,0.16165909779721235,0.15934465120855112,,,0.001,64,,True,False,123,5.0,,0.0,yuri,torchchem_v1,test:data/yuri/splits/fold_0_test_indices.npy,both,0.05,True,vector_masked,128.0,0.8,False,1e-05,50,3,N_FOD,False,16,
oaect1vj,62zfn7wz,fearless-sweep-55,128.0,0.01098943129181862,0.282135336563505,0.15636901779408205,0.1468404145104332,,,0.001,48,,True,False,123,5.0,,0.0,yuri,torchchem_v1,test:data/yuri/splits/fold_0_test_indices.npy,node,0.05,True,vector_masked,128.0,0.8,False,1e-05,25,3,N_FOD,False,16,
h0sb6rfu,62zfn7wz,sweet-sweep-54,128.0,0.012497346848249435,0.48504293247543534,0.17983412728579906,0.16755729289115248,,,0.001,64,,True,False,123,10.0,,0.0,yuri,torchchem_v1,test:data/yuri/splits/fold_0_test_indices.npy,both,0.05,True,vector_masked,128.0,0.8,False,1e-05,50,3,N_FOD,False,16,
x978irgy,62zfn7wz,driven-sweep-53,128.0,0.005527072586119175,0.3241879847542993,0.1743621203214344,0.16581002513338144,,,0.001,64,,True,False,123,10.0,,0.0,yuri,torchchem_v1,test:data/yuri/splits/fold_0_test_indices.npy,node,0.0,True,vector_masked,128.0,0.8,False,1e-05,10,3,N_FOD,False,16,
2ixqhlab,fcgcomyp,wise-sweep-112,128.0,0.013586045242846012,0.44757044450219335,2.385815354647687,2.273234672720568,,,0.0001,64,,True,False,123,10.0,,0.0,yuri,torchchem_v1,test:data/yuri/splits/fold_0_test_indices.npy,node,0.0,True,vector_masked,128.0,0.8,False,0.0,10,3,dipole_moment_Debye,False,16,
qms1vb8i,hp3mppyt,eager-sweep-124,128.0,0.017550352960824966,0.2651383874873663,0.15757412285828115,0.15439998986420492,,,0.001,48,,True,False,123,2.5,,0.0,yuri,torchchem_v1,test:data/yuri/splits/fold_0_test_indices.npy,both,0.1,True,energy,128.0,0.8,False,1e-05,50,3,N_FOD,False,16,
8bf625yg,fcgcomyp,glad-sweep-111,128.0,0.003597783157601953,0.3091678887862584,2.001199842957768,1.9187791594822352,,,0.001,64,,True,False,123,10.0,,0.0,yuri,torchchem_v1,test:data/yuri/splits/fold_0_test_indices.npy,both,0.0,True,vector_masked,128.0,0.8,False,1e-05,50,3,dipole_moment_Debye,False,16,
cx3wo2gn,hp3mppyt,icy-sweep-123,128.0,0.04755334556102753,0.29141891439413203,0.1650313337979879,0.1484169077371666,,,0.001,48,,True,False,123,5.0,,0.0,yuri,torchchem_v1,test:data/yuri/splits/fold_0_test_indices.npy,both,0.0,True,energy,128.0,0.8,False,0.0001,25,3,N_FOD,False,48,
epd5euqm,fcgcomyp,hopeful-sweep-110,128.0,0.04117454960942269,0.3164494699830639,2.1056796279466883,1.9985610279662127,,,0.001,64,,True,False,123,10.0,,0.0,yuri,torchchem_v1,test:data/yuri/splits/fold_0_test_indices.npy,both,0.1,True,vector_masked,128.0,0.8,False,1e-05,10,3,dipole_moment_Debye,False,32,
g2ui7iar,hp3mppyt,hardy-sweep-122,128.0,0.022606393322348595,0.2241499488209856,0.1480433481013944,0.13966242810345034,,,0.0005,64,,True,False,123,5.0,,0.0,yuri,torchchem_v1,test:data/yuri/splits/fold_0_test_indices.npy,both,0.0,True,energy,128.0,0.8,False,1e-05,50,3,N_FOD,False,64,
0337srq7,fcgcomyp,solar-sweep-109,128.0,0.012847434729337692,0.40897374214797183,2.3635930428465315,2.380604257176001,,,0.001,32,,True,False,123,10.0,,0.0,yuri,torchchem_v1,test:data/yuri/splits/fold_0_test_indices.npy,node,0.0,True,vector_masked,128.0,0.8,False,1e-05,10,2,dipole_moment_Debye,False,64,
zrs7r8zn,hp3mppyt,apricot-sweep-121,128.0,0.06872917711734772,0.2771251931272704,0.16712798250264196,0.14978283279325696,,,0.001,64,,True,False,123,5.0,,0.0,yuri,torchchem_v1,test:data/yuri/splits/fold_0_test_indices.npy,both,0.0,True,energy,128.0,0.8,False,1e-05,50,3,N_FOD,False,32,
i7uw8wgc,fcgcomyp,distinctive-sweep-108,128.0,0.002071869093924761,0.34466043628495313,2.092271969218725,1.975493842587365,,,0.0005,64,,True,False,123,10.0,,0.0,yuri,torchchem_v1,test:data/yuri/splits/fold_0_test_indices.npy,both,0.0,True,vector_masked,128.0,0.8,False,1e-05,25,3,dipole_moment_Debye,False,16,
02y65mqs,hp3mppyt,cosmic-sweep-120,128.0,0.0690097063779831,0.25877912631579514,0.154329754092452,0.1521921880532665,,,0.001,64,,True,False,123,2.5,,0.0,yuri,torchchem_v1,test:data/yuri/splits/fold_0_test_indices.npy,node,0.1,True,energy,128.0,0.8,False,0.0001,25,3,N_FOD,False,16,
dm5cbnht,hp3mppyt,grateful-sweep-119,128.0,0.024008072912693024,0.2185196144313648,0.14134792532959814,0.14050687817344423,,,0.001,64,,True,False,123,2.5,,0.0,yuri,torchchem_v1,test:data/yuri/splits/fold_0_test_indices.npy,both,0.05,True,energy,128.0,0.8,False,1e-05,50,3,N_FOD,False,64,
a6mld821,fcgcomyp,silvery-sweep-107,128.0,0.033296264708042145,0.34361759431917094,2.0775635316887056,1.9414336139825183,,,0.001,64,,True,False,123,10.0,,0.0,yuri,torchchem_v1,test:data/yuri/splits/fold_0_test_indices.npy,both,0.1,True,vector_masked,128.0,0.8,False,1e-05,50,3,dipole_moment_Debye,False,16,
754axiij,hp3mppyt,frosty-sweep-118,128.0,0.002054555108770728,0.23558002748879897,0.14804790632416126,0.14742701401556316,,,0.001,64,,True,False,123,2.5,,0.0,yuri,torchchem_v1,test:data/yuri/splits/fold_0_test_indices.npy,node,0.0,True,energy,128.0,0.8,False,1e-05,25,2,N_FOD,False,32,
5um2475j,hp3mppyt,lively-sweep-117,128.0,0.0021771807223558426,0.2715765155594924,0.1595863365885422,0.14918190354332037,,,0.0005,64,,True,False,123,2.5,,0.0,yuri,torchchem_v1,test:data/yuri/splits/fold_0_test_indices.npy,node,0.0,True,energy,128.0,0.8,False,1e-05,50,2,N_FOD,False,64,
syn1cwn3,fcgcomyp,fiery-sweep-106,128.0,0.03840602934360504,0.3813769614388202,2.146405758007707,2.028265254273813,,,0.001,48,,True,False,123,10.0,,0.0,yuri,torchchem_v1,test:data/yuri/splits/fold_0_test_indices.npy,node,0.1,True,vector_masked,128.0,0.8,False,0.0,10,3,dipole_moment_Debye,False,32,
5utx1tk9,hp3mppyt,denim-sweep-116,128.0,0.0499056875705719,0.24146997915773555,0.15261535166923584,0.14058142990148856,,,0.0005,48,,True,False,123,2.5,,0.0,yuri,torchchem_v1,test:data/yuri/splits/fold_0_test_indices.npy,both,0.0,True,energy,128.0,0.8,False,0.0001,50,3,N_FOD,False,48,
6o7p5r7h,hp3mppyt,rich-sweep-115,128.0,0.012899477034807203,0.2662305636010293,0.1510974701547816,0.14872078839470995,,,0.001,64,,True,False,123,2.5,,0.0,yuri,torchchem_v1,test:data/yuri/splits/fold_0_test_indices.npy,node,0.05,True,energy,128.0,0.8,False,1e-05,25,3,N_FOD,False,64,
n7k90olk,fcgcomyp,earnest-sweep-105,128.0,0.04572320729494095,0.33676267595126713,2.1790511630447877,1.9372780998343868,,,0.001,48,,True,False,123,10.0,,0.0,yuri,torchchem_v1,test:data/yuri/splits/fold_0_test_indices.npy,node,0.05,True,vector_masked,128.0,0.8,False,1e-05,50,3,dipole_moment_Debye,False,16,
tvgsxlsx,hp3mppyt,bright-sweep-114,128.0,0.02943367511034012,0.3074115790940564,0.16318450172336457,0.1570401477607911,,,0.001,48,,True,False,123,2.5,,0.0,yuri,torchchem_v1,test:data/yuri/splits/fold_0_test_indices.npy,node,0.05,True,energy,128.0,0.8,False,0.0001,50,3,N_FOD,False,16,
4yzaqwfx,fcgcomyp,upbeat-sweep-104,128.0,0.022217243909835815,0.4259541046259732,2.301345827089888,2.1655087578745795,,,0.001,64,,True,False,123,10.0,,0.0,yuri,torchchem_v1,test:data/yuri/splits/fold_0_test_indices.npy,node,0.1,True,vector_masked,128.0,0.8,False,1e-05,50,2,dipole_moment_Debye,False,16,
j2fjp4xn,hp3mppyt,devout-sweep-113,128.0,0.003589605912566185,0.2686027933297486,0.15302190417087227,0.14923339887950354,,,0.001,64,,True,False,123,2.5,,0.0,yuri,torchchem_v1,test:data/yuri/splits/fold_0_test_indices.npy,both,0.0,True,vector,128.0,0.8,False,1e-05,25,3,N_FOD,False,16,
kmgfe6yq,hp3mppyt,fragrant-sweep-112,128.0,0.0031637540087103844,0.2562337512600011,0.15271505803403043,0.14496554167735493,,,0.001,64,,True,False,123,2.5,,0.0,yuri,torchchem_v1,test:data/yuri/splits/fold_0_test_indices.npy,both,0.0,True,vector,128.0,0.8,False,1e-05,25,3,N_FOD,False,16,
xbijm9qq,fcgcomyp,colorful-sweep-103,128.0,0.0025809002108871937,0.33619466565292455,2.107003056005433,2.0277319218616707,,,0.001,64,,True,False,123,10.0,,0.0,yuri,torchchem_v1,test:data/yuri/splits/fold_0_test_indices.npy,both,0.0,True,vector_masked,128.0,0.8,False,1e-05,25,3,dipole_moment_Debye,False,16,
3nm0ecav,hp3mppyt,chocolate-sweep-111,128.0,0.01004291232675314,0.2513321016369195,0.15252581555000125,0.14623860307933173,,,0.001,64,,True,False,123,2.5,,0.0,yuri,torchchem_v1,test:data/yuri/splits/fold_0_test_indices.npy,node,0.1,True,energy,128.0,0.8,False,1e-05,50,2,N_FOD,False,16,
ajet6r2g,hp3mppyt,vocal-sweep-110,128.0,0.004233985673636198,0.271550925512766,0.16123615902775884,0.15509236745030142,,,0.001,64,,True,False,123,2.5,,0.0,yuri,torchchem_v1,test:data/yuri/splits/fold_0_test_indices.npy,node,0.0,True,vector,128.0,0.8,False,0.0001,50,2,N_FOD,False,48,
sexgfpy6,fcgcomyp,olive-sweep-102,128.0,0.03334256634116173,0.37340773410838224,2.1613697303379262,2.143930294062012,,,0.001,48,,True,False,123,5.0,,0.0,yuri,torchchem_v1,test:data/yuri/splits/fold_0_test_indices.npy,node,0.05,True,vector_masked,128.0,0.8,False,1e-05,50,3,dipole_moment_Debye,False,32,
gykbk442,hp3mppyt,denim-sweep-109,128.0,0.04776913672685623,0.2923247829593461,0.16690549520851777,0.15931140940931332,,,0.001,64,,True,False,123,2.5,,0.0,yuri,torchchem_v1,test:data/yuri/splits/fold_0_test_indices.npy,both,0.05,True,vector,128.0,0.8,False,0.0001,50,3,N_FOD,False,48,
rsaaven5,hp3mppyt,toasty-sweep-108,128.0,0.0030672140419483185,0.27638325583318185,0.16660518736318605,0.15617756534085483,,,0.001,64,,True,False,123,2.5,,0.0,yuri,torchchem_v1,test:data/yuri/splits/fold_0_test_indices.npy,both,0.0,True,vector,128.0,0.8,False,0.0001,50,3,N_FOD,False,32,
c11lt19n,fcgcomyp,dry-sweep-101,128.0,0.0029708475340157747,0.3508399141759708,2.084714482972085,2.002194588074545,,,0.001,64,,True,False,123,10.0,,0.0,yuri,torchchem_v1,test:data/yuri/splits/fold_0_test_indices.npy,node,0.0,True,vector_masked,128.0,0.8,False,1e-05,25,3,dipole_moment_Debye,False,48,
sz2l8ar5,hp3mppyt,flowing-sweep-107,128.0,0.004699469078332186,0.2376485043044748,0.15032798806384237,0.1458758463992577,,,0.001,64,,True,False,123,5.0,,0.0,yuri,torchchem_v1,test:data/yuri/splits/fold_0_test_indices.npy,both,0.0,True,energy,128.0,0.8,False,1e-05,25,3,N_FOD,False,64,
eyxpjynk,fcgcomyp,upbeat-sweep-100,128.0,0.00160919944755733,0.321619907586739,2.0615344940579794,1.9559226992198024,,,0.0005,64,,True,False,123,10.0,,0.0,yuri,torchchem_v1,test:data/yuri/splits/fold_0_test_indices.npy,both,0.0,True,vector_masked,128.0,0.8,False,1e-05,25,3,dipole_moment_Debye,False,16,
vokhlfgz,hp3mppyt,smart-sweep-106,128.0,0.0010736258700489998,0.2261190145950893,0.14584772391753545,0.1457304921055892,,,0.001,64,,True,False,123,2.5,,0.0,yuri,torchchem_v1,test:data/yuri/splits/fold_0_test_indices.npy,both,0.0,True,energy,128.0,0.8,False,1e-05,50,3,N_FOD,False,64,
kohi5xl9,fcgcomyp,fanciful-sweep-99,128.0,0.001794965472072363,0.36949434246996354,1.9777684524129044,1.9096576486491128,,,0.001,48,,True,False,123,5.0,,0.0,yuri,torchchem_v1,test:data/yuri/splits/fold_0_test_indices.npy,node,0.0,True,vector_masked,128.0,0.8,False,1e-05,50,3,dipole_moment_Debye,False,16,
kjvvlg3m,hp3mppyt,woven-sweep-105,128.0,0.02169550396502018,0.25650733837793616,0.15265570393038583,0.14418658216060776,,,0.001,64,,True,False,123,2.5,,0.0,yuri,torchchem_v1,test:data/yuri/splits/fold_0_test_indices.npy,node,0.05,True,energy,128.0,0.8,False,1e-05,50,2,N_FOD,False,16,
ly7wsv03,hp3mppyt,dashing-sweep-104,128.0,0.024838250130414963,0.25543527741884364,0.15437552191796158,0.15256502228751037,,,0.001,64,,True,False,123,2.5,,0.0,yuri,torchchem_v1,test:data/yuri/splits/fold_0_test_indices.npy,both,0.05,True,energy,128.0,0.8,False,1e-05,50,3,N_FOD,False,32,
78ul6ojm,fcgcomyp,winter-sweep-98,128.0,0.006169729400426149,0.33583718075834473,1.985554258522386,1.8766092429565095,,,0.001,48,,True,False,123,10.0,,0.0,yuri,torchchem_v1,test:data/yuri/splits/fold_0_test_indices.npy,node,0.0,True,vector_masked,128.0,0.8,False,1e-05,25,3,dipole_moment_Debye,False,32,
3xjnnvmh,hp3mppyt,stoic-sweep-103,128.0,0.05391047149896622,0.2341970870720929,0.152271447579163,0.14583783755279892,,,0.001,64,,True,False,123,2.5,,0.0,yuri,torchchem_v1,test:data/yuri/splits/fold_0_test_indices.npy,node,0.1,True,energy,128.0,0.8,False,0.0001,25,3,N_FOD,False,32,
g280pcai,fcgcomyp,serene-sweep-97,128.0,0.05822339653968811,0.3951546924895254,2.335618597855035,2.1146456957795055,,,0.001,64,,True,False,123,10.0,,0.0,yuri,torchchem_v1,test:data/yuri/splits/fold_0_test_indices.npy,both,0.0,True,vector_masked,128.0,0.8,False,1e-05,50,3,dipole_moment_Debye,False,32,
h0d3mdda,hp3mppyt,brisk-sweep-102,128.0,0.0011377062182873487,0.2680331036962312,0.1550348250224571,0.15413286661182385,,,0.001,64,,True,False,123,5.0,,0.0,yuri,torchchem_v1,test:data/yuri/splits/fold_0_test_indices.npy,node,0.0,True,energy,128.0,0.8,False,1e-05,50,2,N_FOD,False,48,
rsqoqnsw,hp3mppyt,fresh-sweep-101,128.0,0.02597789280116558,0.2574665882977946,0.15392276856502926,0.14535384462067874,,,0.001,64,,True,False,123,2.5,,0.0,yuri,torchchem_v1,test:data/yuri/splits/fold_0_test_indices.npy,both,0.1,True,energy,128.0,0.8,False,0.0001,50,3,N_FOD,False,32,
h0tocabc,fcgcomyp,misty-sweep-96,128.0,0.0020172761287540197,0.3344272145166479,2.0814572204295256,1.9860843970054496,,,0.001,64,,True,False,123,10.0,,0.0,yuri,torchchem_v1,test:data/yuri/splits/fold_0_test_indices.npy,node,0.0,True,vector_masked,128.0,0.8,False,1e-05,50,3,dipole_moment_Debye,False,16,
9lc4zbn5,hp3mppyt,lively-sweep-100,128.0,0.00133398175239563,0.2374232322748365,0.1499295974584709,0.14929420013016387,,,0.001,64,,True,False,123,5.0,,0.0,yuri,torchchem_v1,test:data/yuri/splits/fold_0_test_indices.npy,both,0.0,True,energy,128.0,0.8,False,1e-05,25,3,N_FOD,False,16,
i8d2fqph,fcgcomyp,curious-sweep-95,128.0,0.2141578495502472,0.5284079256756552,2.658996492722694,2.497827527435751,,,5e-05,64,,True,False,123,10.0,,0.0,yuri,torchchem_v1,test:data/yuri/splits/fold_0_test_indices.npy,node,0.0,True,vector_masked,128.0,0.8,False,0.0,10,2,dipole_moment_Debye,False,16,
4qgj5r5x,hp3mppyt,rosy-sweep-99,128.0,0.07746213674545288,0.23952100811333493,0.1558772828727482,0.14396402852009413,,,0.001,64,,True,False,123,2.5,,0.0,yuri,torchchem_v1,test:data/yuri/splits/fold_0_test_indices.npy,both,0.1,True,energy,128.0,0.8,False,1e-05,10,3,N_FOD,False,48,
vtch1jpe,fcgcomyp,whole-sweep-94,128.0,0.015846068039536476,0.3512485598952606,2.090537809046328,2.0792682555051227,,,0.001,48,,True,False,123,10.0,,0.0,yuri,torchchem_v1,test:data/yuri/splits/fold_0_test_indices.npy,node,0.0,True,vector_masked,128.0,0.8,False,0.0001,25,3,dipole_moment_Debye,False,32,
fsxvd09z,hp3mppyt,rare-sweep-98,128.0,0.009164109826087952,0.2650602688563281,0.1612551100082726,0.158684581733363,,,0.0005,64,,True,False,123,2.5,,0.0,yuri,torchchem_v1,test:data/yuri/splits/fold_0_test_indices.npy,node,0.05,True,energy,128.0,0.8,False,1e-05,50,3,N_FOD,False,64,
hlm4sytc,fcgcomyp,cosmic-sweep-93,128.0,0.2030075341463089,0.5937920503061394,2.806484567350401,2.7393549242678494,,,5e-05,32,,True,False,123,10.0,,0.0,yuri,torchchem_v1,test:data/yuri/splits/fold_0_test_indices.npy,node,0.0,True,vector_masked,128.0,0.8,False,1e-05,10,3,dipole_moment_Debye,False,48,
w6u66hrb,hp3mppyt,expert-sweep-97,128.0,0.009725498035550116,0.21679032927957073,0.1438789054572962,0.13940368266880898,,,0.001,64,,True,False,123,2.5,,0.0,yuri,torchchem_v1,test:data/yuri/splits/fold_0_test_indices.npy,both,0.0,True,energy,128.0,0.8,False,0.0001,50,3,N_FOD,False,48,
bbaw5ose,hp3mppyt,ethereal-sweep-96,128.0,0.016777779906988144,0.2776419844092994,0.16090668629892368,0.15531463043556284,,,0.001,64,,True,False,123,5.0,,0.0,yuri,torchchem_v1,test:data/yuri/splits/fold_0_test_indices.npy,node,0.05,True,energy,128.0,0.8,False,1e-05,50,2,N_FOD,False,48,
su18ijae,fcgcomyp,logical-sweep-92,128.0,0.10128343105316162,0.4090191791283673,2.3301675052765525,2.400082047217439,,,0.001,64,,True,False,123,10.0,,0.0,yuri,torchchem_v1,test:data/yuri/splits/fold_0_test_indices.npy,node,0.0,True,vector_masked,128.0,0.8,False,0.001,50,3,dipole_moment_Debye,False,16,
yuxbtdyz,hp3mppyt,ancient-sweep-95,128.0,0.005858901888132095,0.2565748880392519,0.15014192052874958,0.14619884782815584,,,0.001,64,,True,False,123,2.5,,0.0,yuri,torchchem_v1,test:data/yuri/splits/fold_0_test_indices.npy,node,0.05,True,energy,128.0,0.8,False,1e-05,50,3,N_FOD,False,16,
73ajh6g3,hp3mppyt,breezy-sweep-94,128.0,0.006233934313058853,0.25579601635449917,0.15543771653677765,0.14930548643597613,,,0.001,48,,True,False,123,2.5,,0.0,yuri,torchchem_v1,test:data/yuri/splits/fold_0_test_indices.npy,node,0.0,True,energy,128.0,0.8,False,0.0001,50,3,N_FOD,False,16,
dtyz8vau,fcgcomyp,noble-sweep-91,128.0,0.0956912711262703,0.3445591194362476,2.105795891571782,2.021405713189531,,,0.0005,64,,True,False,123,10.0,,0.0,yuri,torchchem_v1,test:data/yuri/splits/fold_0_test_indices.npy,node,0.1,True,vector_masked,128.0,0.8,False,1e-05,10,3,dipole_moment_Debye,False,32,
sxgblm5z,hp3mppyt,apricot-sweep-93,128.0,0.0029133749194443226,0.21277043493143444,0.1416696515529338,0.13771301719871587,,,0.001,64,,True,False,123,2.5,,0.0,yuri,torchchem_v1,test:data/yuri/splits/fold_0_test_indices.npy,node,0.0,True,energy,128.0,0.8,False,1e-05,25,3,N_FOD,False,16,
3gzg43bs,fcgcomyp,unique-sweep-90,128.0,0.002321686828508973,0.6042756682326054,2.768847962252073,2.664256812019677,,,0.001,64,,True,False,123,2.5,,0.0,yuri,torchchem_v1,test:data/yuri/splits/fold_0_test_indices.npy,node,0.0,True,vector_masked,128.0,0.8,False,1e-05,10,3,dipole_moment_Debye,False,16,
pc25xhta,hp3mppyt,ethereal-sweep-92,128.0,0.05920680984854698,0.2708778701208789,0.16101726282605078,0.1483929888422431,,,0.001,64,,True,False,123,5.0,,0.0,yuri,torchchem_v1,test:data/yuri/splits/fold_0_test_indices.npy,node,0.1,True,energy,128.0,0.8,False,1e-05,10,2,N_FOD,False,32,
iulv28rl,hp3mppyt,silvery-sweep-91,128.0,0.0033733269665390253,0.2340782780585618,0.1515767965808057,0.14674842077899436,,,0.001,64,,True,False,123,2.5,,0.0,yuri,torchchem_v1,test:data/yuri/splits/fold_0_test_indices.npy,both,0.0,True,energy,128.0,0.8,False,1e-05,10,3,N_FOD,False,64,
p7g9bloi,fcgcomyp,firm-sweep-89,128.0,0.12498725950717926,0.3596786705070528,2.1853886349235583,2.0733742407168716,,,0.001,48,,True,False,123,10.0,,0.0,yuri,torchchem_v1,test:data/yuri/splits/fold_0_test_indices.npy,node,0.05,True,vector_masked,128.0,0.8,False,0.0001,50,3,dipole_moment_Debye,False,32,
0fch5skw,hp3mppyt,magic-sweep-90,128.0,0.013485312461853027,0.24609235057543064,0.14894405657615975,0.1501948886042348,,,0.0005,48,,True,False,123,2.5,,0.0,yuri,torchchem_v1,test:data/yuri/splits/fold_0_test_indices.npy,node,0.05,True,energy,128.0,0.8,False,1e-05,50,3,N_FOD,False,32,
c94npcu5,fcgcomyp,happy-sweep-88,128.0,0.001207444933243096,0.3877499036747834,2.212500900769709,2.1169203286381872,,,0.0005,64,,True,False,123,5.0,,0.0,yuri,torchchem_v1,test:data/yuri/splits/fold_0_test_indices.npy,node,0.0,True,vector_masked,128.0,0.8,False,1e-05,10,3,dipole_moment_Debye,False,32,
hscnkvc6,hp3mppyt,crimson-sweep-89,128.0,0.06781646609306335,0.2177817872886,0.14642226709011963,0.14333872369271247,,,0.001,64,,True,False,123,2.5,,0.0,yuri,torchchem_v1,test:data/yuri/splits/fold_0_test_indices.npy,both,0.05,True,energy,128.0,0.8,False,0.0001,50,3,N_FOD,False,16,
c1svofr3,fcgcomyp,youthful-sweep-87,128.0,0.008543693460524082,0.3549029475142216,2.067405790490116,2.033862824841734,,,0.001,64,,True,False,123,5.0,,0.0,yuri,torchchem_v1,test:data/yuri/splits/fold_0_test_indices.npy,node,0.0,True,vector_masked,128.0,0.8,False,1e-05,50,3,dipole_moment_Debye,False,16,
mzga2sgu,hp3mppyt,visionary-sweep-88,128.0,0.006331705488264561,0.2415448645579404,0.15292879534695666,0.1518320518942783,,,0.001,48,,True,False,123,2.5,,0.0,yuri,torchchem_v1,test:data/yuri/splits/fold_0_test_indices.npy,both,0.0,True,energy,128.0,0.8,False,1e-05,50,2,N_FOD,False,32,
hg8814iw,hp3mppyt,upbeat-sweep-87,128.0,0.0045502628199756145,0.30013775131825743,0.1638661630234385,0.15688326145385514,,,0.001,48,,True,False,123,2.5,,0.0,yuri,torchchem_v1,test:data/yuri/splits/fold_0_test_indices.npy,both,0.0,True,energy,128.0,0.8,False,0.0001,50,2,N_FOD,False,64,
aqtmub8c,hp3mppyt,classic-sweep-86,128.0,0.006325251888483763,0.24493508490509,0.1487907766309873,0.14728030956749358,,,0.001,48,,True,False,123,2.5,,0.0,yuri,torchchem_v1,test:data/yuri/splits/fold_0_test_indices.npy,node,0.0,True,energy,128.0,0.8,False,1e-05,50,3,N_FOD,False,48,
m60hyph7,fcgcomyp,restful-sweep-86,128.0,0.016538802534341812,0.3225751555171506,2.00277188819628,1.927607706658768,,,0.001,64,,True,False,123,10.0,,0.0,yuri,torchchem_v1,test:data/yuri/splits/fold_0_test_indices.npy,both,0.05,True,vector_masked,128.0,0.8,False,1e-05,10,3,dipole_moment_Debye,False,16,
iso2w0wk,hp3mppyt,summer-sweep-85,128.0,0.03299657627940178,0.24014112385439465,0.15241895700141594,0.14699566613696097,,,0.001,64,,True,False,123,2.5,,0.0,yuri,torchchem_v1,test:data/yuri/splits/fold_0_test_indices.npy,both,0.05,True,energy,128.0,0.8,False,1e-05,25,3,N_FOD,False,48,
7sj58s6i,fcgcomyp,tough-sweep-85,128.0,0.0039454675279557705,0.3973941032228799,2.2715904672061726,2.149830351211285,,,0.001,48,,True,False,123,10.0,,0.0,yuri,torchchem_v1,test:data/yuri/splits/fold_0_test_indices.npy,both,0.0,True,vector_masked,128.0,0.8,False,1e-05,10,2,dipole_moment_Debye,False,32,
k22eexzj,hp3mppyt,easy-sweep-84,128.0,0.016297947615385056,0.2914728745818138,0.16270174754392838,0.1562916062893337,,,0.0005,48,,True,False,123,2.5,,0.0,yuri,torchchem_v1,test:data/yuri/splits/fold_0_test_indices.npy,node,0.05,True,vector,128.0,0.8,False,1e-05,25,3,N_FOD,False,32,
xyd2luvq,fcgcomyp,colorful-sweep-84,128.0,0.02741665206849575,0.4171910527451285,2.230796576199468,2.130042076969609,,,0.001,64,,True,False,123,10.0,,0.0,yuri,torchchem_v1,test:data/yuri/splits/fold_0_test_indices.npy,node,0.05,True,vector_masked,128.0,0.8,False,1e-05,10,2,dipole_moment_Debye,False,48,
hkyys0s3,hp3mppyt,trim-sweep-83,128.0,0.03035372868180275,0.2705917587054187,0.15200279051009058,0.15122151628932648,,,0.001,64,,True,False,123,5.0,,0.0,yuri,torchchem_v1,test:data/yuri/splits/fold_0_test_indices.npy,node,0.05,True,energy,128.0,0.8,False,0.0001,50,3,N_FOD,False,32,
ztwgxdld,fcgcomyp,amber-sweep-83,128.0,0.00715231616050005,0.34179325337553845,2.053796151577258,1.9696551278147645,,,0.001,64,,True,False,123,10.0,,0.0,yuri,torchchem_v1,test:data/yuri/splits/fold_0_test_indices.npy,node,0.0,True,vector_masked,128.0,0.8,False,1e-05,25,3,dipole_moment_Debye,False,32,
6a9kn3zj,hp3mppyt,eager-sweep-82,128.0,0.017975809052586555,0.25279499256405336,0.15370874973695314,0.14877959624283071,,,0.001,48,,True,False,123,5.0,,0.0,yuri,torchchem_v1,test:data/yuri/splits/fold_0_test_indices.npy,both,0.05,True,energy,128.0,0.8,False,1e-05,50,3,N_FOD,False,48,
rs5im55k,hp3mppyt,whole-sweep-81,128.0,0.0005085799493826926,0.23275013685483356,0.14384916614524787,0.1449744860739047,,,0.0005,64,,True,False,123,2.5,,0.0,yuri,torchchem_v1,test:data/yuri/splits/fold_0_test_indices.npy,both,0.0,True,energy,128.0,0.8,False,1e-05,50,3,N_FOD,False,32,
dwy5pa5j,fcgcomyp,clean-sweep-82,128.0,0.003638493362814188,0.3151935793716332,2.1157861280811647,2.005792503115403,,,0.001,64,,True,False,123,10.0,,0.0,yuri,torchchem_v1,test:data/yuri/splits/fold_0_test_indices.npy,node,0.0,True,vector_masked,128.0,0.8,False,1e-05,50,3,dipole_moment_Debye,False,32,
plam1c30,hp3mppyt,deep-sweep-80,128.0,0.16553844511508942,0.43628400410043783,0.20337186489038991,0.15702340717959776,,,0.001,64,,True,False,123,5.0,,0.0,yuri,torchchem_v1,test:data/yuri/splits/fold_0_test_indices.npy,both,0.0,True,energy,128.0,0.8,False,0.0001,50,3,N_FOD,False,64,
tguzg32c,fcgcomyp,valiant-sweep-81,128.0,0.018777111545205116,0.3413508048859136,2.1293991758990964,2.0554084152416285,,,0.001,64,,True,False,123,10.0,,0.0,yuri,torchchem_v1,test:data/yuri/splits/fold_0_test_indices.npy,node,0.05,True,vector_masked,128.0,0.8,False,1e-05,25,3,dipole_moment_Debye,False,16,
qw41i50i,hp3mppyt,solar-sweep-79,128.0,0.04402639716863632,0.2404074795415689,0.15154869754075748,0.14620978982093913,,,0.001,64,,True,False,123,2.5,,0.0,yuri,torchchem_v1,test:data/yuri/splits/fold_0_test_indices.npy,both,0.05,True,energy,128.0,0.8,False,0.0001,50,3,N_FOD,False,48,
s2e0z38k,hp3mppyt,true-sweep-78,128.0,0.006165043916553259,0.26310024461869536,0.15349208027921904,0.1489381555110737,,,0.001,64,,True,False,123,2.5,,0.0,yuri,torchchem_v1,test:data/yuri/splits/fold_0_test_indices.npy,node,0.0,True,energy,128.0,0.8,False,1e-05,50,3,N_FOD,False,48,
yve4wua8,fcgcomyp,glamorous-sweep-80,128.0,0.03957544639706611,0.3727017777233288,2.243037268445734,2.195489379331674,,,0.001,32,,True,False,123,10.0,,0.0,yuri,torchchem_v1,test:data/yuri/splits/fold_0_test_indices.npy,both,0.05,True,vector_masked,128.0,0.8,False,1e-05,25,3,dipole_moment_Debye,False,64,
95hhww5s,fcgcomyp,dulcet-sweep-79,128.0,0.5854097604751587,0.389781832566549,2.2848655343703235,2.222441874505987,,,0.001,16,,True,False,123,10.0,,0.0,yuri,torchchem_v1,test:data/yuri/splits/fold_0_test_indices.npy,node,0.1,True,vector_masked,128.0,0.8,False,1e-05,10,2,dipole_moment_Debye,False,16,
da2vn5gz,hp3mppyt,fresh-sweep-77,128.0,0.0070037697441875935,0.23959644755412793,0.15247437914059506,0.14654500468461146,,,0.001,32,,True,False,123,2.5,,0.0,yuri,torchchem_v1,test:data/yuri/splits/fold_0_test_indices.npy,both,0.0,True,energy,128.0,0.8,False,1e-05,50,3,N_FOD,False,48,
lbdoenux,hp3mppyt,firm-sweep-76,128.0,0.002553095575422049,0.27066298503557157,0.1588017547260629,0.15522393760950343,,,0.001,48,,True,False,123,2.5,,0.0,yuri,torchchem_v1,test:data/yuri/splits/fold_0_test_indices.npy,both,0.0,True,vector,128.0,0.8,False,1e-05,50,3,N_FOD,False,32,
wk4q2g0i,62zfn7wz,sparkling-sweep-52,128.0,0.01983641088008881,0.3576473582150607,0.16918639353568868,0.16610788310871324,,,0.001,64,,True,False,123,2.5,,0.0,yuri,torchchem_v1,test:data/yuri/splits/fold_0_test_indices.npy,both,0.1,True,vector_masked,128.0,0.8,False,1e-05,50,3,N_FOD,False,16,
8hvge2rg,fcgcomyp,radiant-sweep-78,128.0,0.001668617594987154,0.3072090682027669,1.976163032151063,1.9422040764344677,,,0.0005,64,,True,False,123,10.0,,0.0,yuri,torchchem_v1,test:data/yuri/splits/fold_0_test_indices.npy,node,0.0,True,vector_masked,128.0,0.8,False,0.0,50,3,dipole_moment_Debye,False,16,
v8bydi5g,62zfn7wz,earnest-sweep-51,128.0,0.004523503594100475,0.43697207074227007,0.17715608613851233,0.16869426419205932,,,0.001,64,,True,False,123,10.0,,0.0,yuri,torchchem_v1,test:data/yuri/splits/fold_0_test_indices.npy,both,0.05,True,vector_masked,128.0,0.8,False,1e-05,25,3,N_FOD,False,16,
kvem56z7,hp3mppyt,generous-sweep-75,128.0,0.00963513646274805,0.24599228491043224,0.15573468975020985,0.15212105698161368,,,0.001,64,,True,False,123,5.0,,0.0,yuri,torchchem_v1,test:data/yuri/splits/fold_0_test_indices.npy,both,0.0,True,energy,128.0,0.8,False,1e-05,50,3,N_FOD,False,64,
a2kuk9ks,62zfn7wz,feasible-sweep-50,128.0,0.031314872205257416,0.34066570074907665,0.1700873813749916,0.15832869142070527,,,0.001,64,,True,False,123,5.0,,0.0,yuri,torchchem_v1,test:data/yuri/splits/fold_0_test_indices.npy,both,0.05,True,vector_masked,128.0,0.8,False,1e-05,50,3,N_FOD,False,16,
o3erczn0,hp3mppyt,solar-sweep-74,128.0,0.0319584459066391,0.23445108198914036,0.14781585891318622,0.14128038750097377,,,0.001,64,,True,False,123,2.5,,0.0,yuri,torchchem_v1,test:data/yuri/splits/fold_0_test_indices.npy,node,0.1,True,energy,128.0,0.8,False,1e-05,50,3,N_FOD,False,16,
bdw027e3,fcgcomyp,fast-sweep-77,128.0,0.004312071017920971,0.36485766028535777,2.1427098190312948,1.9935096295076995,,,0.001,64,,True,False,123,10.0,,0.0,yuri,torchchem_v1,test:data/yuri/splits/fold_0_test_indices.npy,both,0.0,True,vector_masked,128.0,0.8,False,1e-05,10,3,dipole_moment_Debye,False,16,
3vcpajd1,hp3mppyt,leafy-sweep-73,128.0,0.009850743226706982,0.23576668033312104,0.1440272559840191,0.1401818553840467,,,0.001,48,,True,False,123,2.5,,0.0,yuri,torchchem_v1,test:data/yuri/splits/fold_0_test_indices.npy,both,0.0,True,energy,128.0,0.8,False,0.0001,25,3,N_FOD,False,48,
hkibf8uk,fcgcomyp,solar-sweep-76,128.0,0.015844861045479774,0.374843902500539,2.1132864870136703,1.995739639491849,,,0.001,48,,True,False,123,10.0,,0.0,yuri,torchchem_v1,test:data/yuri/splits/fold_0_test_indices.npy,node,0.0,True,vector_masked,128.0,0.8,False,0.0001,25,3,dipole_moment_Debye,False,16,
iotbgkwb,62zfn7wz,dutiful-sweep-49,128.0,0.006163928657770157,0.4537020330799037,0.18186511865722263,0.1771964045275186,,,0.001,64,,True,False,123,10.0,,0.0,yuri,torchchem_v1,test:data/yuri/splits/fold_0_test_indices.npy,both,0.0,True,vector_masked,128.0,0.8,False,1e-05,50,3,N_FOD,False,32,
b30r5spw,hp3mppyt,driven-sweep-72,128.0,0.032063744962215424,0.24466215767737093,0.1477054090571235,0.14372560314575586,,,0.001,64,,True,False,123,2.5,,0.0,yuri,torchchem_v1,test:data/yuri/splits/fold_0_test_indices.npy,both,0.05,True,energy,128.0,0.8,False,1e-05,25,3,N_FOD,False,64,
3qbdo9kb,hp3mppyt,fresh-sweep-71,128.0,0.00902228243649006,0.23315672268127577,0.15068498884516046,0.1459818554559851,,,0.001,64,,True,False,123,2.5,,0.0,yuri,torchchem_v1,test:data/yuri/splits/fold_0_test_indices.npy,node,0.05,True,energy,128.0,0.8,False,1e-05,50,3,N_FOD,False,64,
drd9yru1,62zfn7wz,jolly-sweep-48,128.0,0.004221979528665543,0.32401897218720666,0.16719716877559318,0.16184807231494913,,,0.0005,64,,True,False,123,5.0,,0.0,yuri,torchchem_v1,test:data/yuri/splits/fold_0_test_indices.npy,node,0.1,True,vector_masked,128.0,0.8,False,1e-05,25,3,N_FOD,False,16,
1x9k34df,fcgcomyp,vital-sweep-75,128.0,0.0014736235607415438,0.37083606833013993,2.2044695485661125,2.1502787425127527,,,0.0005,64,,True,False,123,10.0,,0.0,yuri,torchchem_v1,test:data/yuri/splits/fold_0_test_indices.npy,node,0.0,True,vector_masked,128.0,0.8,False,1e-05,10,3,dipole_moment_Debye,False,64,
n4lhzrnd,hp3mppyt,swift-sweep-70,128.0,0.0190720334649086,0.2553013125113372,0.15598214715854908,0.14779881724627109,,,0.001,64,,True,False,123,5.0,,0.0,yuri,torchchem_v1,test:data/yuri/splits/fold_0_test_indices.npy,both,0.0,True,energy,128.0,0.8,False,1e-05,50,3,N_FOD,False,48,
qy3olu0x,62zfn7wz,cool-sweep-47,128.0,0.1104569360613823,0.3874662220478058,0.18877360495511203,0.18321201789149125,,,0.001,64,,True,False,123,5.0,,0.0,yuri,torchchem_v1,test:data/yuri/splits/fold_0_test_indices.npy,both,0.0,True,vector_masked,128.0,0.8,False,0.001,50,3,N_FOD,False,16,
icq9l0vd,hp3mppyt,driven-sweep-69,128.0,0.0016717308899387715,0.284543150200926,0.16376989172413783,0.1545162992785363,,,0.001,32,,True,False,123,2.5,,0.0,yuri,torchchem_v1,test:data/yuri/splits/fold_0_test_indices.npy,node,0.0,True,energy,128.0,0.8,False,1e-05,10,2,N_FOD,False,48,
twxo7f8h,fcgcomyp,devout-sweep-74,128.0,0.002880247076973319,0.31309165972574005,1.988130057395589,1.9044646245164925,,,0.0005,64,,True,False,123,10.0,,0.0,yuri,torchchem_v1,test:data/yuri/splits/fold_0_test_indices.npy,both,0.0,True,vector_masked,128.0,0.8,False,1e-05,50,3,dipole_moment_Debye,False,16,
4jazbkjs,62zfn7wz,driven-sweep-46,128.0,0.01414150558412075,0.313665596318656,0.16888532566397063,0.16210337064066774,,,0.0005,64,,True,False,123,5.0,,0.0,yuri,torchchem_v1,test:data/yuri/splits/fold_0_test_indices.npy,node,0.1,True,vector_masked,128.0,0.8,False,1e-05,50,3,N_FOD,False,16,
qjxvtfvc,hp3mppyt,electric-sweep-68,128.0,0.01571948081254959,0.22902475348834336,0.14735337016850067,0.14243356259024417,,,0.001,48,,True,False,123,2.5,,0.0,yuri,torchchem_v1,test:data/yuri/splits/fold_0_test_indices.npy,node,0.05,True,energy,128.0,0.8,False,1e-05,25,3,N_FOD,False,32,
occ2neof,62zfn7wz,likely-sweep-45,128.0,0.3971989154815674,0.436442657791335,0.20868161353335812,0.19945809912124193,,,5e-05,16,,True,False,123,2.5,,0.0,yuri,torchchem_v1,test:data/yuri/splits/fold_0_test_indices.npy,node,0.0,True,vector_masked,128.0,0.8,False,0.001,10,3,N_FOD,False,16,
g8i3mzes,fcgcomyp,volcanic-sweep-73,128.0,0.002083762781694531,0.3157736086126032,2.0393725879523723,1.9536394698805315,,,0.001,48,,True,False,123,10.0,,0.0,yuri,torchchem_v1,test:data/yuri/splits/fold_0_test_indices.npy,both,0.0,True,vector_masked,128.0,0.8,False,1e-05,25,3,dipole_moment_Debye,False,16,
spafx7pd,hp3mppyt,wandering-sweep-67,128.0,0.0063649071380496025,0.2442091654600768,0.15177823292903717,0.14765559851061505,,,0.0005,64,,True,False,123,2.5,,0.0,yuri,torchchem_v1,test:data/yuri/splits/fold_0_test_indices.npy,both,0.0,True,energy,128.0,0.8,False,0.0001,50,3,N_FOD,False,32,
u2d6qm3t,62zfn7wz,celestial-sweep-44,128.0,0.6166296005249023,0.40210816623835727,0.2027661120321289,0.1985759279567148,,,5e-05,16,,True,False,123,10.0,,0.0,yuri,torchchem_v1,test:data/yuri/splits/fold_0_test_indices.npy,node,0.0,True,vector_masked,128.0,0.8,False,0.0,50,3,N_FOD,False,16,
mqpm5k6f,hp3mppyt,solar-sweep-66,128.0,0.0079844631254673,0.2310715669059548,0.1443124084644828,0.14595692254736284,,,0.001,64,,True,False,123,2.5,,0.0,yuri,torchchem_v1,test:data/yuri/splits/fold_0_test_indices.npy,both,0.05,True,energy,128.0,0.8,False,1e-05,50,2,N_FOD,False,48,
imm1y7es,62zfn7wz,ethereal-sweep-43,128.0,0.095923513174057,0.3738035937321597,0.19026543846846725,0.18327946969562367,,,5e-05,64,,True,False,123,2.5,,0.0,yuri,torchchem_v1,test:data/yuri/splits/fold_0_test_indices.npy,node,0.0,True,vector_masked,128.0,0.8,False,0.0,25,2,N_FOD,False,64,
4b0oi72l,fcgcomyp,stoic-sweep-72,128.0,0.0324980691075325,0.3055973606633729,1.9947623637339595,1.8938151973864472,,,0.001,64,,True,False,123,10.0,,0.0,yuri,torchchem_v1,test:data/yuri/splits/fold_0_test_indices.npy,node,0.05,True,vector_masked,128.0,0.8,False,1e-05,50,3,dipole_moment_Debye,False,16,
gjeynk7l,hp3mppyt,effortless-sweep-65,128.0,0.11294329166412354,0.28448701418679334,0.1637031788703912,0.15986434796086849,,,0.0001,32,,True,False,123,2.5,,0.0,yuri,torchchem_v1,test:data/yuri/splits/fold_0_test_indices.npy,node,0.0,True,energy,128.0,0.8,False,1e-05,50,2,N_FOD,False,64,
tigien2n,62zfn7wz,unique-sweep-42,128.0,0.003228505374863744,0.39958560929216186,0.19494014291366776,0.18121312440862383,,,0.001,16,,True,False,123,2.5,,0.0,yuri,torchchem_v1,test:data/yuri/splits/fold_0_test_indices.npy,node,0.0,True,vector_masked,128.0,0.8,False,1e-05,50,3,N_FOD,False,32,
f6iifbo5,hp3mppyt,daily-sweep-64,128.0,0.07240882515907288,0.2365183674184413,0.14889925609606203,0.13588041594073344,,,0.001,48,,True,False,123,2.5,,0.0,yuri,torchchem_v1,test:data/yuri/splits/fold_0_test_indices.npy,both,0.0,True,energy,128.0,0.8,False,1e-05,50,3,N_FOD,False,48,
fblkgkqn,62zfn7wz,charmed-sweep-41,128.0,0.0003731657634489238,0.38140141886883766,0.18297917066780237,0.1805814149502864,,,0.001,64,,True,False,123,2.5,,0.0,yuri,torchchem_v1,test:data/yuri/splits/fold_0_test_indices.npy,node,0.0,True,vector_masked,128.0,0.8,False,1e-05,10,2,N_FOD,False,16,
x8azvhd9,fcgcomyp,dainty-sweep-71,128.0,0.004083037842065096,0.3222962525384179,2.0998056110445114,1.973916645602671,,,0.001,48,,True,False,123,10.0,,0.0,yuri,torchchem_v1,test:data/yuri/splits/fold_0_test_indices.npy,node,0.0,True,vector_masked,128.0,0.8,False,0.0001,50,3,dipole_moment_Debye,False,16,
l0v9l3c1,hp3mppyt,pleasant-sweep-63,128.0,0.0032486338168382645,0.24237936041478453,0.15303337596699532,0.1511488376370636,,,0.001,64,,True,False,123,2.5,,0.0,yuri,torchchem_v1,test:data/yuri/splits/fold_0_test_indices.npy,node,0.0,True,energy,128.0,0.8,False,0.0001,50,2,N_FOD,False,64,
ghauufkv,hp3mppyt,divine-sweep-62,128.0,0.002099208999425173,0.2117629905456099,0.14440004419515978,0.14337150956214298,,,0.001,64,,True,False,123,2.5,,0.0,yuri,torchchem_v1,test:data/yuri/splits/fold_0_test_indices.npy,node,0.0,True,energy,128.0,0.8,False,1e-05,50,2,N_FOD,False,48,
maf2qy3c,62zfn7wz,swift-sweep-40,128.0,0.014022490940988064,0.25463967359271544,0.15506661644876077,0.147132716271361,,,0.0005,64,,True,False,123,5.0,,0.0,yuri,torchchem_v1,test:data/yuri/splits/fold_0_test_indices.npy,node,0.05,True,vector_masked,128.0,0.8,False,1e-05,25,3,N_FOD,False,32,
4p486ixw,fcgcomyp,apricot-sweep-70,128.0,0.015512404032051563,0.42022888889086657,2.256436530313674,2.1187323766612107,,,0.001,64,,True,False,123,5.0,,0.0,yuri,torchchem_v1,test:data/yuri/splits/fold_0_test_indices.npy,both,0.0,True,vector_masked,128.0,0.8,False,1e-05,50,3,dipole_moment_Debye,False,16,
dlqfd3py,hp3mppyt,rose-sweep-61,128.0,0.0017507579177618029,0.24147561680654,0.1535484050303799,0.14965869558028125,,,0.0005,48,,True,False,123,2.5,,0.0,yuri,torchchem_v1,test:data/yuri/splits/fold_0_test_indices.npy,both,0.0,True,energy,128.0,0.8,False,1e-05,50,3,N_FOD,False,64,
wrpuxbny,62zfn7wz,dazzling-sweep-39,128.0,0.25073617696762085,0.3490067546994522,0.1838201248099743,0.17974011455953437,,,0.0001,32,,True,False,123,10.0,,0.0,yuri,torchchem_v1,test:data/yuri/splits/fold_0_test_indices.npy,node,0.0,True,vector_masked,128.0,0.8,False,1e-05,10,3,N_FOD,False,16,
vwb93w27,hp3mppyt,treasured-sweep-60,128.0,0.015053296461701391,0.2446388453245163,0.15351119535145122,0.14519160673009904,,,0.001,64,,True,False,123,2.5,,0.0,yuri,torchchem_v1,test:data/yuri/splits/fold_0_test_indices.npy,node,0.0,True,energy,128.0,0.8,False,1e-05,50,3,N_FOD,False,64,
2zh0eboi,fcgcomyp,deep-sweep-69,128.0,0.06560105830430984,0.43095246599666,2.3754913755827225,2.2582182052995936,,,0.0001,64,,True,False,123,10.0,,0.0,yuri,torchchem_v1,test:data/yuri/splits/fold_0_test_indices.npy,node,0.0,True,vector_masked,128.0,0.8,False,1e-05,50,3,dipole_moment_Debye,False,32,
gwm13un5,62zfn7wz,different-sweep-38,128.0,0.014476055279374124,0.48868623221742696,0.19078922461007036,0.18132389148000055,,,0.001,64,,True,False,123,10.0,,0.0,yuri,torchchem_v1,test:data/yuri/splits/fold_0_test_indices.npy,both,0.05,True,vector_masked,128.0,0.8,False,1e-05,25,3,N_FOD,False,16,
fv30hgfu,hp3mppyt,vital-sweep-59,128.0,0.002497058594599366,0.23605619248901977,0.14874371402934336,0.1478653774065445,,,0.0005,64,,True,False,123,2.5,,0.0,yuri,torchchem_v1,test:data/yuri/splits/fold_0_test_indices.npy,both,0.0,True,energy,128.0,0.8,False,1e-05,50,3,N_FOD,False,64,
t5bpzhl4,fcgcomyp,absurd-sweep-68,128.0,0.0029611149802803993,0.26800121521127634,1.825688037532318,1.77739630844006,,,0.001,48,,True,False,123,10.0,,0.0,yuri,torchchem_v1,test:data/yuri/splits/fold_0_test_indices.npy,node,0.0,True,vector_masked,128.0,0.8,False,1e-05,25,3,dipole_moment_Debye,False,32,
xzhui5bq,hp3mppyt,helpful-sweep-58,128.0,0.007870384491980076,0.30219694805042496,0.17142752510590792,0.1571256855691708,,,0.001,32,,True,False,123,2.5,,0.0,yuri,torchchem_v1,test:data/yuri/splits/fold_0_test_indices.npy,node,0.0,True,energy,128.0,0.8,False,0.0001,25,3,N_FOD,False,64,
2x7emrau,62zfn7wz,quiet-sweep-37,128.0,0.0008835839689709246,0.3269831682073659,0.1565986582397725,0.15268137320865913,,,0.0005,64,,True,False,123,5.0,,0.0,yuri,torchchem_v1,test:data/yuri/splits/fold_0_test_indices.npy,both,0.0,True,vector_masked,128.0,0.8,False,1e-05,50,3,N_FOD,False,16,
cq3cg2g1,hp3mppyt,spring-sweep-57,128.0,0.008406637236475945,0.26635424189012624,0.15799886018479997,0.14489137394113655,,,0.001,48,,True,False,123,2.5,,0.0,yuri,torchchem_v1,test:data/yuri/splits/fold_0_test_indices.npy,node,0.0,True,energy,128.0,0.8,False,1e-05,25,3,N_FOD,False,48,
5nn345jh,fcgcomyp,floral-sweep-67,128.0,0.04494602605700493,0.3413657573019636,2.010065204773561,1.987687322010198,,,0.001,64,,True,False,123,10.0,,0.0,yuri,torchchem_v1,test:data/yuri/splits/fold_0_test_indices.npy,both,0.1,True,vector_masked,128.0,0.8,False,1e-05,50,3,dipole_moment_Debye,False,32,
6g9z00v8,hp3mppyt,wild-sweep-56,128.0,0.0023701884783804417,0.2007097264045271,0.13812086006773144,0.1370844588175183,,,0.001,64,,True,False,123,2.5,,0.0,yuri,torchchem_v1,test:data/yuri/splits/fold_0_test_indices.npy,both,0.0,True,energy,128.0,0.8,False,1e-05,50,3,N_FOD,False,16,
restpgml,62zfn7wz,devoted-sweep-36,128.0,0.0020917276851832867,0.3178728549131032,0.17399255867392527,0.16789395812775898,,,0.0005,64,,True,False,123,10.0,,0.0,yuri,torchchem_v1,test:data/yuri/splits/fold_0_test_indices.npy,node,0.0,True,vector_masked,128.0,0.8,False,1e-05,10,3,N_FOD,False,32,
7w00py5h,hp3mppyt,exalted-sweep-55,128.0,0.05079486966133118,0.2781611449759582,0.1591895464688433,0.15618718718027866,,,0.001,48,,True,False,123,2.5,,0.0,yuri,torchchem_v1,test:data/yuri/splits/fold_0_test_indices.npy,both,0.05,True,energy,128.0,0.8,False,0.0001,50,2,N_FOD,False,64,
k2ppde3s,fcgcomyp,noble-sweep-66,128.0,0.01700122095644474,0.3108578389831658,1.989179035325752,1.8750950825640729,,,0.001,64,,True,False,123,10.0,,0.0,yuri,torchchem_v1,test:data/yuri/splits/fold_0_test_indices.npy,both,0.0,True,vector_masked,128.0,0.8,False,1e-05,50,3,dipole_moment_Debye,False,16,
4f0dv2em,hp3mppyt,genial-sweep-54,128.0,0.003271769732236862,0.2584287724618254,0.15952698399032622,0.15371054463797754,,,0.001,64,,True,False,123,2.5,,0.0,yuri,torchchem_v1,test:data/yuri/splits/fold_0_test_indices.npy,node,0.0,True,energy,128.0,0.8,False,1e-05,25,2,N_FOD,False,64,
85jy39bk,62zfn7wz,easy-sweep-35,128.0,0.06541308760643005,0.4770938973745395,0.18345432866953876,0.17809618350764844,,,0.001,48,,True,False,123,10.0,,0.0,yuri,torchchem_v1,test:data/yuri/splits/fold_0_test_indices.npy,both,0.1,True,vector_masked,128.0,0.8,False,0.0001,50,3,N_FOD,False,16,
qy5romd5,62zfn7wz,whole-sweep-34,128.0,0.002181666437536478,0.2995110632016741,0.15972418739590102,0.15693860703123644,,,0.0005,48,,True,False,123,5.0,,0.0,yuri,torchchem_v1,test:data/yuri/splits/fold_0_test_indices.npy,node,0.0,True,vector_masked,128.0,0.8,False,1e-05,25,3,N_FOD,False,32,
t1om4p45,hp3mppyt,rosy-sweep-53,128.0,0.014782216399908066,0.28760457501329223,0.1632061889279059,0.147017281080929,,,0.001,64,,True,False,123,5.0,,0.0,yuri,torchchem_v1,test:data/yuri/splits/fold_0_test_indices.npy,node,0.0,True,energy,128.0,0.8,False,1e-05,25,3,N_FOD,False,64,
fyjzg2gp,fcgcomyp,jumping-sweep-65,128.0,0.06008966267108917,0.3692175775509456,2.1739284053518984,2.010007202202536,,,0.001,64,,True,False,123,10.0,,0.0,yuri,torchchem_v1,test:data/yuri/splits/fold_0_test_indices.npy,node,0.1,True,vector_masked,128.0,0.8,False,1e-05,50,3,dipole_moment_Debye,False,16,
e3d2w55a,hp3mppyt,earnest-sweep-52,128.0,0.002784868236631155,0.22495428986590485,0.14445587366030826,0.1440960833197777,,,0.0005,48,,True,False,123,2.5,,0.0,yuri,torchchem_v1,test:data/yuri/splits/fold_0_test_indices.npy,node,0.0,True,energy,128.0,0.8,False,1e-05,50,2,N_FOD,False,64,
856nzu6n,62zfn7wz,autumn-sweep-33,128.0,0.0017254522535949943,0.2936709584860966,0.16299520267823195,0.16201027880658928,,,0.001,64,,True,False,123,5.0,,0.0,yuri,torchchem_v1,test:data/yuri/splits/fold_0_test_indices.npy,node,0.0,True,vector_masked,128.0,0.8,False,1e-05,10,3,N_FOD,False,32,
5ugevnuu,hp3mppyt,sage-sweep-51,128.0,0.002370639704167843,0.24048756538280125,0.15440963406999664,0.146103338920915,,,0.001,64,,True,False,123,2.5,,0.0,yuri,torchchem_v1,test:data/yuri/splits/fold_0_test_indices.npy,node,0.0,True,energy,128.0,0.8,False,1e-05,50,2,N_FOD,False,48,
uhft8lgz,fcgcomyp,sage-sweep-64,128.0,0.008314643986523151,0.29062572815294924,1.9547637073238493,1.9170014129267137,,,0.001,48,,True,False,123,10.0,,0.0,yuri,torchchem_v1,test:data/yuri/splits/fold_0_test_indices.npy,both,0.05,True,vector_masked,128.0,0.8,False,1e-05,10,3,dipole_moment_Debye,False,32,
xzneuury,hp3mppyt,scarlet-sweep-50,128.0,0.0012236889451742172,0.20705313877812748,0.14653421893381163,0.13784790166653127,,,0.001,64,,True,False,123,2.5,,0.0,yuri,torchchem_v1,test:data/yuri/splits/fold_0_test_indices.npy,node,0.0,True,energy,128.0,0.8,False,1e-05,50,2,N_FOD,False,48,
uf4m3g4l,62zfn7wz,stellar-sweep-32,128.0,0.005972651299089193,0.351575525670216,0.1848315844415854,0.1741601767512923,,,0.001,48,,True,False,123,10.0,,0.0,yuri,torchchem_v1,test:data/yuri/splits/fold_0_test_indices.npy,node,0.0,True,vector_masked,128.0,0.8,False,0.0001,25,3,N_FOD,False,16,
aaohd6yj,hp3mppyt,feasible-sweep-49,128.0,0.0022817139979451895,0.21841655594521556,0.14799632044720032,0.14283537654027254,,,0.001,48,,True,False,123,2.5,,0.0,yuri,torchchem_v1,test:data/yuri/splits/fold_0_test_indices.npy,node,0.0,True,energy,128.0,0.8,False,1e-05,25,2,N_FOD,False,64,
w4bo5cpc,fcgcomyp,legendary-sweep-63,128.0,0.0015959416050463917,0.30892035339413015,2.0417758071673275,1.9583637286176172,,,0.001,64,,True,False,123,10.0,,0.0,yuri,torchchem_v1,test:data/yuri/splits/fold_0_test_indices.npy,both,0.0,True,vector_masked,128.0,0.8,False,1e-05,50,3,dipole_moment_Debye,False,16,
kmeanqnw,hp3mppyt,curious-sweep-48,128.0,0.015265431255102158,0.2629342659794051,0.1589870342768095,0.1536030052055385,,,0.0005,64,,True,False,123,2.5,,0.0,yuri,torchchem_v1,test:data/yuri/splits/fold_0_test_indices.npy,node,0.05,True,energy,128.0,0.8,False,1e-05,50,2,N_FOD,False,64,
q32660xt,62zfn7wz,vibrant-sweep-31,128.0,0.008591248653829098,0.34191736193566485,0.1708952784555222,0.16630621375772434,,,0.001,48,,True,False,123,5.0,,0.0,yuri,torchchem_v1,test:data/yuri/splits/fold_0_test_indices.npy,node,0.0,True,vector_masked,128.0,0.8,False,1e-05,25,3,N_FOD,False,48,
9f1c31f2,hp3mppyt,scarlet-sweep-47,128.0,0.003657545428723097,0.2241342670187868,0.14315123696856386,0.13830384265701254,,,0.001,48,,True,False,123,2.5,,0.0,yuri,torchchem_v1,test:data/yuri/splits/fold_0_test_indices.npy,both,0.0,True,energy,128.0,0.8,False,1e-05,10,3,N_FOD,False,48,
t7oxngad,fcgcomyp,eternal-sweep-62,128.0,0.023792145773768425,0.40652389901465386,2.224603445346369,2.190924619987193,,,0.0005,64,,True,False,123,5.0,,0.0,yuri,torchchem_v1,test:data/yuri/splits/fold_0_test_indices.npy,node,0.0,True,vector_masked,128.0,0.8,False,0.0001,10,3,dipole_moment_Debye,False,16,
3uawiusv,62zfn7wz,flowing-sweep-30,128.0,0.0020246573258191347,0.34096257581279193,0.16470325187012627,0.16042032855352,,,0.001,64,,True,False,123,5.0,,0.0,yuri,torchchem_v1,test:data/yuri/splits/fold_0_test_indices.npy,both,0.0,True,vector_masked,128.0,0.8,False,1e-05,25,3,N_FOD,False,16,
kxtrkili,hp3mppyt,hearty-sweep-46,128.0,0.0010491395369172096,0.2250404666210043,0.1469470784286055,0.14440931462453402,,,0.001,48,,True,False,123,2.5,,0.0,yuri,torchchem_v1,test:data/yuri/splits/fold_0_test_indices.npy,node,0.0,True,energy,128.0,0.8,False,1e-05,10,2,N_FOD,False,64,
9j5uktux,62zfn7wz,dulcet-sweep-29,128.0,0.005194771569222212,0.30920876870895253,0.16898350993291086,0.16532879401757508,,,0.001,32,,True,False,123,5.0,,0.0,yuri,torchchem_v1,test:data/yuri/splits/fold_0_test_indices.npy,node,0.0,True,vector_masked,128.0,0.8,False,1e-05,10,3,N_FOD,False,16,
tkt29i13,fcgcomyp,icy-sweep-61,128.0,0.13529086112976074,0.3050007910050195,1.9549781023724944,1.9082511426049895,,,0.001,48,,True,False,123,10.0,,0.0,yuri,torchchem_v1,test:data/yuri/splits/fold_0_test_indices.npy,node,0.1,True,vector_masked,128.0,0.8,False,1e-05,50,3,dipole_moment_Debye,False,16,
ycjaip56,hp3mppyt,scarlet-sweep-45,128.0,0.029499618336558345,0.2292582751091184,0.14235556988252213,0.14178259160297702,,,0.001,48,,True,False,123,2.5,,0.0,yuri,torchchem_v1,test:data/yuri/splits/fold_0_test_indices.npy,both,0.0,True,energy,128.0,0.8,False,1e-05,25,3,N_FOD,False,48,
d8yxvdxl,hp3mppyt,absurd-sweep-44,128.0,0.0014296735171228647,0.21349864408116917,0.14127407695930605,0.13502225969596887,,,0.001,64,,True,False,123,2.5,,0.0,yuri,torchchem_v1,test:data/yuri/splits/fold_0_test_indices.npy,both,0.0,True,energy,128.0,0.8,False,1e-05,50,3,N_FOD,False,48,
jjufhnf9,62zfn7wz,electric-sweep-28,128.0,0.03662760555744171,0.419293030454167,0.17478616708634415,0.1636125755098034,,,0.001,64,,True,False,123,10.0,,0.0,yuri,torchchem_v1,test:data/yuri/splits/fold_0_test_indices.npy,both,0.1,True,vector_masked,128.0,0.8,False,1e-05,50,3,N_FOD,False,16,
6lb2o9s0,fcgcomyp,golden-sweep-60,128.0,0.024342002347111705,0.31105135895054914,2.0673591355805767,1.9657261804514143,,,0.001,64,,True,False,123,10.0,,0.0,yuri,torchchem_v1,test:data/yuri/splits/fold_0_test_indices.npy,both,0.05,True,vector_masked,128.0,0.8,False,1e-05,50,3,dipole_moment_Debye,False,32,
3xx0x7si,hp3mppyt,electric-sweep-43,128.0,0.0023117235396057367,0.25553863007446814,0.15573938303142904,0.14998468313435592,,,0.0005,48,,True,False,123,2.5,,0.0,yuri,torchchem_v1,test:data/yuri/splits/fold_0_test_indices.npy,node,0.0,True,energy,128.0,0.8,False,1e-05,25,3,N_FOD,False,64,
wruuzp3d,hp3mppyt,zesty-sweep-42,128.0,0.002244621980935335,0.2436431934093607,0.15339702020476492,0.14427060142164347,,,0.0005,48,,True,False,123,2.5,,0.0,yuri,torchchem_v1,test:data/yuri/splits/fold_0_test_indices.npy,node,0.0,True,energy,128.0,0.8,False,1e-05,25,2,N_FOD,False,64,
lxt9hi6x,62zfn7wz,effortless-sweep-27,128.0,0.06881999969482422,0.3573812762724942,0.18716094552653725,0.17842722403284925,,,0.0001,64,,True,False,123,10.0,,0.0,yuri,torchchem_v1,test:data/yuri/splits/fold_0_test_indices.npy,node,0.0,True,vector_masked,128.0,0.8,False,1e-05,50,3,N_FOD,False,16,
lj1x14kg,hp3mppyt,wandering-sweep-41,128.0,0.043929941952228546,0.3171526558440307,0.17331711135302685,0.15511180339388853,,,0.001,48,,True,False,123,2.5,,0.0,yuri,torchchem_v1,test:data/yuri/splits/fold_0_test_indices.npy,both,0.05,True,energy,128.0,0.8,False,1e-05,10,2,N_FOD,False,48,
ab04mar3,fcgcomyp,devoted-sweep-59,128.0,0.00725143775343895,0.27894137735510693,1.8928121014759336,1.8149491701511176,,,0.001,64,,True,False,123,10.0,,0.0,yuri,torchchem_v1,test:data/yuri/splits/fold_0_test_indices.npy,both,0.1,True,vector_masked,128.0,0.8,False,1e-05,25,3,dipole_moment_Debye,False,16,
fazfo45g,hp3mppyt,divine-sweep-40,128.0,0.001640678383409977,0.2857213854018984,0.16621664742238693,0.16382349638086344,,,0.001,32,,True,False,123,2.5,,0.0,yuri,torchchem_v1,test:data/yuri/splits/fold_0_test_indices.npy,node,0.0,True,vector,128.0,0.8,False,1e-05,50,3,N_FOD,False,48,
83qa5jwy,62zfn7wz,chocolate-sweep-26,128.0,0.006841047666966915,0.331167034804821,0.16893631281046764,0.16096759013379064,,,0.0005,48,,True,False,123,5.0,,0.0,yuri,torchchem_v1,test:data/yuri/splits/fold_0_test_indices.npy,node,0.0,True,vector_masked,128.0,0.8,False,0.0001,25,3,N_FOD,False,16,
03a3jnd5,fcgcomyp,brisk-sweep-58,128.0,0.0025475891306996346,0.3560479309024482,2.1171391255762675,2.1054314816667214,,,0.001,32,,True,False,123,10.0,,0.0,yuri,torchchem_v1,test:data/yuri/splits/fold_0_test_indices.npy,node,0.0,True,vector_masked,128.0,0.8,False,1e-05,50,3,dipole_moment_Debye,False,48,
upvs0uot,hp3mppyt,solar-sweep-39,128.0,0.2213393598794937,0.2381155037417494,0.15489514920550174,0.14994469099323535,,,0.001,64,,True,False,123,2.5,,0.0,yuri,torchchem_v1,test:data/yuri/splits/fold_0_test_indices.npy,both,0.05,True,energy,128.0,0.8,False,0.001,50,3,N_FOD,False,48,
437fyqg0,62zfn7wz,deft-sweep-25,128.0,0.022538460791110992,0.34967056533385965,0.16813335977255023,0.15610563209081466,,,0.001,64,,True,False,123,5.0,,0.0,yuri,torchchem_v1,test:data/yuri/splits/fold_0_test_indices.npy,both,0.05,True,vector_masked,128.0,0.8,False,1e-05,25,3,N_FOD,False,16,
kkbwmjcq,fcgcomyp,devout-sweep-57,128.0,0.00159390177577734,0.3125728862038974,2.0239591852700394,2.013428811334555,,,0.001,64,,True,False,123,10.0,,0.0,yuri,torchchem_v1,test:data/yuri/splits/fold_0_test_indices.npy,both,0.0,True,vector_masked,128.0,0.8,False,1e-05,50,2,dipole_moment_Debye,False,32,
60mdp60w,hp3mppyt,worthy-sweep-38,128.0,0.0009868277702480557,0.28339458719409744,0.16098185363973846,0.1557485796948014,,,0.0005,64,,True,False,123,5.0,,0.0,yuri,torchchem_v1,test:data/yuri/splits/fold_0_test_indices.npy,node,0.0,True,energy,128.0,0.8,False,1e-05,10,3,N_FOD,False,48,
8n74t5cn,hp3mppyt,magic-sweep-37,128.0,0.002157332841306925,0.23653871206374005,0.1475510864951087,0.14488548620984673,,,0.0005,48,,True,False,123,2.5,,0.0,yuri,torchchem_v1,test:data/yuri/splits/fold_0_test_indices.npy,node,0.0,True,energy,128.0,0.8,False,1e-05,50,3,N_FOD,False,64,
v9bp31pl,62zfn7wz,dazzling-sweep-24,128.0,0.0008062557317316532,0.3801429799661554,0.17322398489409035,0.16795199197051347,,,0.0005,64,,True,False,123,10.0,,0.0,yuri,torchchem_v1,test:data/yuri/splits/fold_0_test_indices.npy,both,0.0,True,vector_masked,128.0,0.8,False,1e-05,10,3,N_FOD,False,16,
ffedm17x,fcgcomyp,woven-sweep-56,128.0,0.006407349370419979,0.33046794554282877,1.9968618986441593,1.867937551479683,,,0.001,64,,True,False,123,10.0,,0.0,yuri,torchchem_v1,test:data/yuri/splits/fold_0_test_indices.npy,both,0.0,True,vector_masked,128.0,0.8,False,1e-05,10,3,dipole_moment_Debye,False,16,
920nh0l5,hp3mppyt,elated-sweep-36,128.0,0.05457229912281037,0.26964267921344987,0.16220633830148246,0.15595473652949762,,,0.001,64,,True,False,123,2.5,,0.0,yuri,torchchem_v1,test:data/yuri/splits/fold_0_test_indices.npy,node,0.05,True,energy,128.0,0.8,False,0.0001,10,2,N_FOD,False,64,
7k4uq7q5,62zfn7wz,easy-sweep-23,128.0,0.003066483186557889,0.3634116484558788,0.1650845545704182,0.1586065754767835,,,0.001,64,,True,False,123,5.0,,0.0,yuri,torchchem_v1,test:data/yuri/splits/fold_0_test_indices.npy,both,0.0,True,vector_masked,128.0,0.8,False,1e-05,50,3,N_FOD,False,16,
2xhmfxpj,hp3mppyt,silver-sweep-35,128.0,0.0007520163198933005,0.22064818506096973,0.14198425494833658,0.14318888472721772,,,0.001,64,,True,False,123,2.5,,0.0,yuri,torchchem_v1,test:data/yuri/splits/fold_0_test_indices.npy,node,0.0,True,energy,128.0,0.8,False,1e-05,25,3,N_FOD,False,32,
l1qh9y58,fcgcomyp,golden-sweep-55,128.0,0.20649248361587524,0.49987704794982385,2.5238026188902727,2.382388609124914,,,5e-05,64,,True,False,123,10.0,,0.0,yuri,torchchem_v1,test:data/yuri/splits/fold_0_test_indices.npy,node,0.1,True,vector_masked,128.0,0.8,False,1e-05,25,3,dipole_moment_Debye,False,48,
l1f9m4w6,fcgcomyp,rural-sweep-54,128.0,0.014628350734710692,0.4292170440713907,2.2844393764493613,2.2107852144571307,,,0.001,16,,True,False,123,10.0,,0.0,yuri,torchchem_v1,test:data/yuri/splits/fold_0_test_indices.npy,node,0.0,True,vector_masked,128.0,0.8,False,1e-05,10,3,dipole_moment_Debye,False,16,
jcuwbvh2,hp3mppyt,crisp-sweep-34,128.0,0.02628087997436523,0.2795961144669303,0.15672114808372753,0.14977869458507204,,,0.001,64,,True,False,123,5.0,,0.0,yuri,torchchem_v1,test:data/yuri/splits/fold_0_test_indices.npy,node,0.05,True,energy,128.0,0.8,False,1e-05,10,3,N_FOD,False,48,
fzbjctc1,62zfn7wz,misunderstood-sweep-22,128.0,0.05731935054063797,0.3889788701359568,0.1833692272203944,0.1765084309652871,,,0.001,64,,True,False,123,10.0,,0.0,yuri,torchchem_v1,test:data/yuri/splits/fold_0_test_indices.npy,node,0.05,True,vector_masked,128.0,0.8,False,0.0001,25,3,N_FOD,False,48,
silko8ba,hp3mppyt,eager-sweep-33,128.0,0.010863404721021652,0.2591588360996082,0.15401433819572277,0.1494025185143774,,,0.0005,64,,True,False,123,2.5,,0.0,yuri,torchchem_v1,test:data/yuri/splits/fold_0_test_indices.npy,both,0.1,True,energy,128.0,0.8,False,1e-05,25,3,N_FOD,False,64,
lbc0b768,fcgcomyp,sage-sweep-53,128.0,0.001782688545063138,0.3038311878155018,1.888621935244689,1.8164419711428408,,,0.001,48,,True,False,123,10.0,,0.0,yuri,torchchem_v1,test:data/yuri/splits/fold_0_test_indices.npy,node,0.0,True,vector_masked,128.0,0.8,False,1e-05,25,3,dipole_moment_Debye,False,16,
s3e03gsa,62zfn7wz,treasured-sweep-21,128.0,0.014208700507879255,0.33346917428847017,0.1734054995829471,0.1602794920511071,,,0.0005,48,,True,False,123,10.0,,0.0,yuri,torchchem_v1,test:data/yuri/splits/fold_0_test_indices.npy,node,0.0,True,vector_masked,128.0,0.8,False,0.0001,25,3,N_FOD,False,16,
6jb8ijp8,hp3mppyt,curious-sweep-32,128.0,0.001683924114331603,0.24898747354745865,0.1547246400600217,0.1501509567564445,,,0.001,64,,True,False,123,2.5,,0.0,yuri,torchchem_v1,test:data/yuri/splits/fold_0_test_indices.npy,both,0.0,True,energy,128.0,0.8,False,1e-05,10,2,N_FOD,False,48,
vozee14y,62zfn7wz,still-sweep-20,128.0,0.00043618871131911874,0.3442305948199897,0.17537476623078935,0.17161642134135702,,,0.0005,48,,True,False,123,5.0,,0.0,yuri,torchchem_v1,test:data/yuri/splits/fold_0_test_indices.npy,both,0.0,True,vector_masked,128.0,0.8,False,1e-05,25,3,N_FOD,False,32,
b5lfp79x,hp3mppyt,splendid-sweep-31,128.0,0.008584201335906982,0.24597599614283133,0.14824572996632296,0.14679530778314415,,,0.001,64,,True,False,123,2.5,,0.0,yuri,torchchem_v1,test:data/yuri/splits/fold_0_test_indices.npy,node,0.05,True,energy,128.0,0.8,False,1e-05,10,3,N_FOD,False,64,
0ldn5sf1,fcgcomyp,likely-sweep-52,128.0,0.0893811285495758,0.8012258500374597,3.2802829783365657,2.8292404879614077,,,0.0005,64,,True,False,123,10.0,,0.0,yuri,torchchem_v1,test:data/yuri/splits/fold_0_test_indices.npy,both,0.0,True,vector_masked,128.0,0.8,False,0.001,25,3,dipole_moment_Debye,False,32,
gnq16ua3,62zfn7wz,peach-sweep-19,128.0,0.00074971147114411,0.345096647996327,0.18040109127052065,0.17623643076939657,,,0.001,64,,True,False,123,2.5,,0.0,yuri,torchchem_v1,test:data/yuri/splits/fold_0_test_indices.npy,node,0.0,True,vector_masked,128.0,0.8,False,1e-05,50,3,N_FOD,False,32,
4nzyhfv6,hp3mppyt,breezy-sweep-30,128.0,0.013648545369505882,0.26354235808911,0.16244857767920168,0.1491270134656239,,,0.001,64,,True,False,123,2.5,,0.0,yuri,torchchem_v1,test:data/yuri/splits/fold_0_test_indices.npy,both,0.1,True,energy,128.0,0.8,False,0.0001,25,3,N_FOD,False,64,
prelh8wm,fcgcomyp,cerulean-sweep-51,128.0,0.029343612492084503,0.3728118346169077,2.2413832124241075,2.193792333229388,,,0.0005,32,,True,False,123,10.0,,0.0,yuri,torchchem_v1,test:data/yuri/splits/fold_0_test_indices.npy,node,0.0,True,vector_masked,128.0,0.8,False,0.0001,10,3,dipole_moment_Debye,False,32,
hn847kdr,mlm1x5ng,earthy-sweep-64,128.0,0.06371939927339554,0.3353786326559453,1.1895222099538492,1.1668634277651897,,,0.001,64,,True,False,123,10.0,,0.0,yuri,torchchem_v1,test:data/yuri/splits/fold_0_test_indices.npy,node,0.1,True,vector_masked,128.0,0.8,False,1e-05,10,3,LUMO,False,48,
1mlb64j6,62zfn7wz,vibrant-sweep-18,128.0,0.0008480788674205542,0.2851900324739259,0.1552829787990586,0.15374033943582316,,,0.0005,48,,True,False,123,5.0,,0.0,yuri,torchchem_v1,test:data/yuri/splits/fold_0_test_indices.npy,node,0.0,True,vector_masked,128.0,0.8,False,1e-05,25,3,N_FOD,False,32,
grq3ep4z,bzlfi4qw,prime-sweep-64,128.0,0.22712719440460205,0.2615771832522647,1.0406778090413178,1.0379037700218476,,,0.001,64,,True,False,123,10.0,,0.0,yuri,torchchem_v1,test:data/yuri/splits/fold_0_test_indices.npy,node,0.1,True,vector_masked,128.0,0.8,False,0.0001,50,3,HOMO,False,64,
b1ss637a,hp3mppyt,major-sweep-29,128.0,0.015667691826820374,0.2689183231057792,0.16778032579561683,0.15751436056842227,,,0.001,64,,True,False,123,5.0,,0.0,yuri,torchchem_v1,test:data/yuri/splits/fold_0_test_indices.npy,node,0.05,True,vector,128.0,0.8,False,1e-05,10,3,N_FOD,False,48,
bi03i3sa,mlm1x5ng,divine-sweep-63,128.0,0.03372666984796524,0.28561534732580185,1.096414159510312,1.0949735165150136,,,0.001,64,,True,False,123,5.0,,0.0,yuri,torchchem_v1,test:data/yuri/splits/fold_0_test_indices.npy,node,0.1,True,vector_masked,128.0,0.8,False,1e-05,10,3,LUMO,False,48,
5b50qmeq,62zfn7wz,pious-sweep-17,128.0,0.0924416333436966,0.29761187757911356,0.16775075960785854,0.16698294069294042,,,0.0001,64,,True,False,123,5.0,,0.0,yuri,torchchem_v1,test:data/yuri/splits/fold_0_test_indices.npy,node,0.05,True,vector_masked,128.0,0.8,False,1e-05,10,3,N_FOD,False,32,
3kcucxor,fcgcomyp,crisp-sweep-50,128.0,0.01052712369710207,0.3429264721685442,2.0995649786874413,1.9716933254667677,,,0.0005,64,,True,False,123,10.0,,0.0,yuri,torchchem_v1,test:data/yuri/splits/fold_0_test_indices.npy,node,0.0,True,vector_masked,128.0,0.8,False,0.0001,50,3,dipole_moment_Debye,False,32,
s2lqi9qd,qrpbckee,fluent-sweep-64,128.0,0.5241087675094604,0.3011741088382129,2.029489138209605,1.9093405104299608,,,0.001,48,,True,False,123,10.0,,0.0,yuri,torchchem_v1,test:data/yuri/splits/fold_0_test_indices.npy,node,0.1,True,vector,128.0,0.8,False,0.0001,25,3,dipole_moment_Debye,False,32,
wh630pq9,hp3mppyt,fearless-sweep-28,128.0,0.003008575178682804,0.24982435770075895,0.152733207911463,0.1497942648030525,,,0.001,64,,True,False,123,2.5,,0.0,yuri,torchchem_v1,test:data/yuri/splits/fold_0_test_indices.npy,node,0.0,True,energy,128.0,0.8,False,0.0001,25,2,N_FOD,False,64,
7s0qlx42,bzlfi4qw,likely-sweep-63,128.0,0.006172580178827047,0.3449254849090658,1.1945956448072,1.1434371582087162,,,0.001,32,,True,False,123,10.0,,0.0,yuri,torchchem_v1,test:data/yuri/splits/fold_0_test_indices.npy,node,0.0,True,vector_masked,128.0,0.8,False,1e-05,50,3,HOMO,False,64,
0a3hfuly,y6iw3edy,efficient-sweep-64,,,,,,,,0.0005,64,,True,False,123,10.0,,,yuri,torchchem_v1,test:data/yuri/splits/fold_0_test_indices.npy,node,0.0,True,vector_masked,128.0,0.8,False,0.0001,50,3,hirshfeld,False,16,
nnpa86bn,hp3mppyt,firm-sweep-27,128.0,0.0028687273152172565,0.2425222543293032,0.15128914379848368,0.15014386253165518,,,0.001,32,,True,False,123,5.0,,0.0,yuri,torchchem_v1,test:data/yuri/splits/fold_0_test_indices.npy,node,0.0,True,energy,128.0,0.8,False,1e-05,10,2,N_FOD,False,48,
xvxdfx7d,62zfn7wz,silvery-sweep-16,128.0,0.0061788856983184814,0.2723758788458232,0.1584880186726001,0.15430825635685425,,,0.0005,64,,True,False,123,5.0,,0.0,yuri,torchchem_v1,test:data/yuri/splits/fold_0_test_indices.npy,both,0.05,True,vector_masked,128.0,0.8,False,1e-05,25,3,N_FOD,False,32,
zb10lp3z,bzlfi4qw,happy-sweep-62,128.0,0.05094554275274277,0.29647065082500723,1.0881547863916534,1.0399559262982552,,,0.001,64,,True,False,123,5.0,,0.0,yuri,torchchem_v1,test:data/yuri/splits/fold_0_test_indices.npy,node,0.1,True,vector_masked,128.0,0.8,False,1e-05,10,2,HOMO,False,16,
dyn8c8u9,hp3mppyt,fast-sweep-26,128.0,0.004780218470841646,0.2202153091543707,0.14391214037457464,0.14174382907443817,,,0.001,48,,True,False,123,2.5,,0.0,yuri,torchchem_v1,test:data/yuri/splits/fold_0_test_indices.npy,node,0.0,True,energy,128.0,0.8,False,1e-05,10,2,N_FOD,False,48,
nni6900z,mlm1x5ng,still-sweep-62,128.0,0.26296505331993103,0.32492820276268597,1.188964545186032,1.1337927862970358,,,0.001,64,,True,False,123,10.0,,0.0,yuri,torchchem_v1,test:data/yuri/splits/fold_0_test_indices.npy,node,0.1,True,vector_masked,128.0,0.8,False,0.0001,10,3,LUMO,False,48,
tj592o0d,fcgcomyp,zany-sweep-49,128.0,0.0022987588308751583,0.31767451236474104,2.0241331277225445,1.9610673895827273,,,0.0005,64,,True,False,123,10.0,,0.0,yuri,torchchem_v1,test:data/yuri/splits/fold_0_test_indices.npy,both,0.0,True,vector_masked,128.0,0.8,False,1e-05,50,3,dipole_moment_Debye,False,16,
bk155vaw,qrpbckee,good-sweep-63,128.0,0.01246078871190548,0.2498067449136027,1.8244811494963744,1.7544583364308066,,,0.0005,64,,True,False,123,10.0,,0.0,yuri,torchchem_v1,test:data/yuri/splits/fold_0_test_indices.npy,node,0.1,True,energy,128.0,0.8,False,1e-05,25,3,dipole_moment_Debye,False,64,
sm3i84n9,bzlfi4qw,scarlet-sweep-61,128.0,0.002275679726153612,0.3991365925376785,1.2251564978721114,1.094764366438051,,,0.001,48,,True,False,123,2.5,,0.0,yuri,torchchem_v1,test:data/yuri/splits/fold_0_test_indices.npy,node,0.0,True,vector_masked,128.0,0.8,False,1e-05,10,3,HOMO,False,64,
04uwjkr6,y6iw3edy,deft-sweep-63,128.0,0.020981289446353912,0.1278681967985527,0.03396573711990258,0.02990902540411861,,,0.001,64,,True,False,123,10.0,,0.0,yuri,torchchem_v1,test:data/yuri/splits/fold_0_test_indices.npy,node,0.0,True,vector_masked,128.0,0.8,False,0.0001,25,3,hirshfeld,False,32,
44hrjcgr,62zfn7wz,giddy-sweep-15,128.0,0.028198854997754097,0.312307741621445,0.16174681482103423,0.1548161919481638,,,0.0005,64,,True,False,123,5.0,,0.0,yuri,torchchem_v1,test:data/yuri/splits/fold_0_test_indices.npy,both,0.05,True,vector_masked,128.0,0.8,False,1e-05,25,3,N_FOD,False,32,
wvh5awme,fcgcomyp,magic-sweep-48,128.0,0.06133609637618065,0.3504716197735277,2.103553374591311,1.9810151836909131,,,0.001,16,,True,False,123,10.0,,0.0,yuri,torchchem_v1,test:data/yuri/splits/fold_0_test_indices.npy,node,0.1,True,vector_masked,128.0,0.8,False,1e-05,10,3,dipole_moment_Debye,False,32,
j3jll5eo,hp3mppyt,graceful-sweep-25,128.0,0.06922648102045059,0.2739751247753357,0.16376383129868047,0.14515059670417754,,,0.001,64,,True,False,123,2.5,,0.0,yuri,torchchem_v1,test:data/yuri/splits/fold_0_test_indices.npy,both,0.0,True,energy,128.0,0.8,False,0.0001,10,3,N_FOD,False,64,
rumyepow,bzlfi4qw,earthy-sweep-60,128.0,0.04230621829628944,0.32734488291216307,1.1761452697123502,1.104940669614754,,,0.001,64,,True,False,123,2.5,,0.0,yuri,torchchem_v1,test:data/yuri/splits/fold_0_test_indices.npy,node,0.05,True,vector_masked,128.0,0.8,False,1e-05,50,3,HOMO,False,64,
91m4cs4o,mlm1x5ng,revived-sweep-61,128.0,0.017631204798817635,0.3243042067464056,1.174319173862617,1.105429785801462,,,0.001,64,,True,False,123,10.0,,0.0,yuri,torchchem_v1,test:data/yuri/splits/fold_0_test_indices.npy,node,0.05,True,vector_masked,128.0,0.8,False,1e-05,25,3,LUMO,False,48,
yrp1mxq4,y6iw3edy,floral-sweep-62,128.0,0.04092128574848175,0.09559197267838591,0.03173485923245762,0.031544919241912966,,,0.0005,48,,True,False,123,10.0,,0.0,yuri,torchchem_v1,test:data/yuri/splits/fold_0_test_indices.npy,node,0.05,True,vector_masked,128.0,0.8,False,0.0001,10,3,hirshfeld,False,16,
06l5d91h,qrpbckee,ethereal-sweep-62,128.0,0.06119035184383392,0.3417719006538391,2.10393406125033,1.9817786914134785,,,0.001,64,,True,False,123,10.0,,0.0,yuri,torchchem_v1,test:data/yuri/splits/fold_0_test_indices.npy,both,0.1,True,vector,128.0,0.8,False,1e-05,10,3,dipole_moment_Debye,False,64,
r79jpk6p,fcgcomyp,crimson-sweep-47,128.0,0.015286047011613846,0.4175560695344004,2.3104417404240967,2.126275743591563,,,0.001,64,,True,False,123,10.0,,0.0,yuri,torchchem_v1,test:data/yuri/splits/fold_0_test_indices.npy,node,0.05,True,vector_masked,128.0,0.8,False,1e-05,10,2,dipole_moment_Debye,False,16,
pzepcl8e,hp3mppyt,unique-sweep-24,128.0,0.060110315680503845,0.26993894082461967,0.15718369941123095,0.1534297159635401,,,0.0005,64,,True,False,123,5.0,,0.0,yuri,torchchem_v1,test:data/yuri/splits/fold_0_test_indices.npy,both,0.05,True,energy,128.0,0.8,False,1e-05,25,3,N_FOD,False,64,
qpfse3e2,bzlfi4qw,floral-sweep-59,128.0,0.03541502356529236,0.30766473093937186,1.2113735741845622,1.1385767522706376,,,0.001,48,,True,False,123,5.0,,0.0,yuri,torchchem_v1,test:data/yuri/splits/fold_0_test_indices.npy,node,0.05,True,vector_masked,128.0,0.8,False,0.0001,10,3,HOMO,False,64,
0ng4zved,62zfn7wz,chocolate-sweep-14,128.0,0.008346118032932281,0.4882311512684,0.1850082312195043,0.1751049484762594,,,0.0005,64,,True,False,123,10.0,,0.0,yuri,torchchem_v1,test:data/yuri/splits/fold_0_test_indices.npy,both,0.0,True,vector_masked,128.0,0.8,False,0.0001,50,3,N_FOD,False,16,
zn73ki3d,hp3mppyt,quiet-sweep-23,128.0,0.059104084968566895,0.25674770772457123,0.15661930476302252,0.15473169901476932,,,0.001,32,,True,False,123,2.5,,0.0,yuri,torchchem_v1,test:data/yuri/splits/fold_0_test_indices.npy,node,0.1,True,energy,128.0,0.8,False,0.0001,10,3,N_FOD,False,16,
uzol8nzl,mlm1x5ng,clean-sweep-60,128.0,0.3884344100952149,0.41219699312129926,1.3891779498201262,1.33001332430159,,,0.0001,64,,True,False,123,10.0,,0.0,yuri,torchchem_v1,test:data/yuri/splits/fold_0_test_indices.npy,node,0.1,True,vector_masked,128.0,0.8,False,1e-05,10,2,LUMO,False,64,
h7r11x66,bzlfi4qw,sleek-sweep-58,128.0,0.0002065933949779719,0.3424376630834464,1.161044922243724,1.135054532399533,,,0.0005,64,,True,False,123,2.5,,0.0,yuri,torchchem_v1,test:data/yuri/splits/fold_0_test_indices.npy,node,0.0,True,vector_masked,128.0,0.8,False,1e-05,25,3,HOMO,False,48,
n50ng5k2,y6iw3edy,light-sweep-61,128.0,0.0024129406083375216,0.12427414369223448,0.032784367695026136,0.030845012933473782,,,0.001,64,,True,False,123,5.0,,0.0,yuri,torchchem_v1,test:data/yuri/splits/fold_0_test_indices.npy,both,0.0,True,vector_masked,128.0,0.8,False,1e-05,25,3,hirshfeld,False,16,
sd4lkioy,qrpbckee,hardy-sweep-61,128.0,0.13960584998130798,0.28571598283175764,2.01346671876846,1.7643469174458517,,,0.001,48,,True,False,123,10.0,,0.0,yuri,torchchem_v1,test:data/yuri/splits/fold_0_test_indices.npy,both,0.05,True,energy,128.0,0.8,False,1e-05,10,3,dipole_moment_Debye,False,64,
k5n3hnky,fcgcomyp,sage-sweep-46,128.0,0.0034652738831937313,0.3284909724546918,2.046330846525718,1.8993828223100184,,,0.001,64,,True,False,123,10.0,,0.0,yuri,torchchem_v1,test:data/yuri/splits/fold_0_test_indices.npy,both,0.0,True,vector_masked,128.0,0.8,False,1e-05,25,3,dipole_moment_Debye,False,16,
wby9qqjv,hp3mppyt,astral-sweep-22,128.0,0.09757640957832336,0.23851570461330743,0.14812760371472172,0.1437236293137882,,,0.001,32,,True,False,123,2.5,,0.0,yuri,torchchem_v1,test:data/yuri/splits/fold_0_test_indices.npy,both,0.1,True,energy,128.0,0.8,False,1e-05,25,3,N_FOD,False,32,
zd8776q0,62zfn7wz,honest-sweep-13,128.0,0.004408735316246748,0.3752499671074851,0.17025431684801506,0.16750748191452158,,,0.001,64,,True,False,123,10.0,,0.0,yuri,torchchem_v1,test:data/yuri/splits/fold_0_test_indices.npy,both,0.0,True,vector_masked,128.0,0.8,False,1e-05,25,3,N_FOD,False,32,
ixcik8s2,fcgcomyp,expert-sweep-45,128.0,0.013167687691748142,0.4995223556099267,2.5339827278293656,2.42838902424492,,,0.001,16,,True,False,123,10.0,,0.0,yuri,torchchem_v1,test:data/yuri/splits/fold_0_test_indices.npy,node,0.0,True,vector_masked,128.0,0.8,False,0.0001,50,2,dipole_moment_Debye,False,16,
eomcgfuw,bzlfi4qw,effortless-sweep-57,128.0,0.2287275195121765,0.28575252664500267,1.0880976702924865,1.048192142834417,,,0.001,64,,True,False,123,10.0,,0.0,yuri,torchchem_v1,test:data/yuri/splits/fold_0_test_indices.npy,node,0.1,True,vector_masked,128.0,0.8,False,1e-05,25,3,HOMO,False,64,
yo99a1ck,mlm1x5ng,fancy-sweep-59,128.0,0.040382981300354,0.3110156262229229,1.0980522766219087,1.072149547746657,,,0.001,64,,True,False,123,10.0,,0.0,yuri,torchchem_v1,test:data/yuri/splits/fold_0_test_indices.npy,node,0.1,True,vector_masked,128.0,0.8,False,1e-05,10,3,LUMO,False,48,
9w826t0l,y6iw3edy,solar-sweep-60,128.0,0.027047308161854744,0.155797669085963,0.03943435978521109,0.038174424564203405,,,0.001,64,,True,False,123,10.0,,0.0,yuri,torchchem_v1,test:data/yuri/splits/fold_0_test_indices.npy,both,0.0,True,vector_masked,128.0,0.8,False,0.001,10,3,hirshfeld,False,16,
10uhr4y1,hp3mppyt,glowing-sweep-21,128.0,0.15069878101348877,0.3706299066543579,0.20071914569749028,0.1435620660702866,,,0.001,64,,True,False,123,5.0,,0.0,yuri,torchchem_v1,test:data/yuri/splits/fold_0_test_indices.npy,both,0.05,True,energy,128.0,0.8,False,1e-05,10,3,N_FOD,False,64,
3fr3rjkv,qrpbckee,polished-sweep-60,128.0,0.020264502614736557,0.26163737064805526,1.836977801376355,1.7274726735314458,,,0.001,64,,True,False,123,10.0,,0.0,yuri,torchchem_v1,test:data/yuri/splits/fold_0_test_indices.npy,node,0.1,True,energy,128.0,0.8,False,1e-05,10,3,dipole_moment_Debye,False,16,
e0oiakxv,bzlfi4qw,genial-sweep-56,128.0,0.005565416533499956,0.3199236462342328,1.1894917031404186,1.1483960673917586,,,0.001,64,,True,False,123,2.5,,0.0,yuri,torchchem_v1,test:data/yuri/splits/fold_0_test_indices.npy,node,0.0,True,vector_masked,128.0,0.8,False,0.0001,50,3,HOMO,False,16,
p90l4cvc,62zfn7wz,prime-sweep-12,128.0,0.0007564218831248581,0.28365532745575084,0.16127263104666906,0.15683622648757925,,,0.0005,64,,True,False,123,10.0,,0.0,yuri,torchchem_v1,test:data/yuri/splits/fold_0_test_indices.npy,node,0.0,True,vector_masked,128.0,0.8,False,1e-05,25,3,N_FOD,False,16,
q7flwvrb,hp3mppyt,glorious-sweep-20,128.0,0.002302475273609162,0.26288521726583614,0.15780390094315874,0.1525883585815622,,,0.001,64,,True,False,123,2.5,,0.0,yuri,torchchem_v1,test:data/yuri/splits/fold_0_test_indices.npy,node,0.0,True,energy,128.0,0.8,False,1e-05,10,2,N_FOD,False,16,
y6dr9jtn,y6iw3edy,comic-sweep-59,128.0,0.004689970053732395,0.0992297659274833,0.02891640291547612,0.028546567091508764,,,0.001,48,,True,False,123,10.0,,0.0,yuri,torchchem_v1,test:data/yuri/splits/fold_0_test_indices.npy,node,0.0,True,vector_masked,128.0,0.8,False,1e-05,25,3,hirshfeld,False,16,
f56l5m2k,mlm1x5ng,laced-sweep-58,128.0,0.026699597015976902,0.42282015721088856,1.2161871683384042,1.1728806314291882,,,0.0005,64,,True,False,123,10.0,,0.0,yuri,torchchem_v1,test:data/yuri/splits/fold_0_test_indices.npy,node,0.05,True,vector_masked,128.0,0.8,False,1e-05,10,3,LUMO,False,64,
wi95t71u,f8eeknq4,frosty-sweep-64,128.0,0.03240412473678589,0.543095189114583,0.4370003770622833,0.4344507906400733,,,0.001,64,,True,False,123,2.5,,0.0,yuri,torchchem_v1,test:data/yuri/splits/fold_0_test_indices.npy,both,0.05,True,vector_masked,128.0,0.8,False,0.0001,25,3,gap,False,32,
7x6n8ou0,hp3mppyt,ethereal-sweep-19,128.0,0.04047725349664688,0.2550848550323782,0.1584444558698802,0.15595413951952353,,,0.0005,64,,True,False,123,2.5,,0.0,yuri,torchchem_v1,test:data/yuri/splits/fold_0_test_indices.npy,node,0.05,True,energy,128.0,0.8,False,0.0001,10,3,N_FOD,False,64,
p790sl3x,bzlfi4qw,wandering-sweep-55,128.0,0.022849444299936295,0.2717147669273204,1.030379332467107,0.9978546501021424,,,0.001,64,,True,False,123,5.0,,0.0,yuri,torchchem_v1,test:data/yuri/splits/fold_0_test_indices.npy,node,0.05,True,vector_masked,128.0,0.8,False,1e-05,25,3,HOMO,False,64,
visdffiv,qrpbckee,brisk-sweep-59,128.0,0.3651559352874756,0.3209782787438097,2.0993389902904576,2.07228364445764,,,0.001,64,,True,False,123,10.0,,0.0,yuri,torchchem_v1,test:data/yuri/splits/fold_0_test_indices.npy,both,0.1,True,energy,128.0,0.8,False,1e-05,10,3,dipole_moment_Debye,False,32,
dl1knz3m,f8eeknq4,honest-sweep-63,128.0,0.024015028029680252,0.507812727628083,0.42034523402711155,0.4056509655300477,,,0.001,48,,True,False,123,2.5,,0.0,yuri,torchchem_v1,test:data/yuri/splits/fold_0_test_indices.npy,both,0.0,True,vector_masked,128.0,0.8,False,1e-05,10,3,gap,False,48,
ja9rubkd,mlm1x5ng,happy-sweep-57,128.0,0.06814708560705185,0.3431124669210664,1.183336471427641,1.1488130669515917,,,0.0005,48,,True,False,123,10.0,,0.0,yuri,torchchem_v1,test:data/yuri/splits/fold_0_test_indices.npy,node,0.1,True,vector_masked,128.0,0.8,False,1e-05,25,2,LUMO,False,64,
qcqgjd4b,bzlfi4qw,jolly-sweep-54,128.0,0.30830129981040955,0.29318268430130234,1.0830238864656518,1.0171471733925863,,,0.0005,64,,True,False,123,5.0,,0.0,yuri,torchchem_v1,test:data/yuri/splits/fold_0_test_indices.npy,node,0.1,True,vector_masked,128.0,0.8,False,1e-05,10,3,HOMO,False,64,
c1pdi15x,y6iw3edy,fearless-sweep-58,128.0,0.0371694341301918,0.1331742226049818,0.03572986141570599,0.03408789750300295,,,0.0001,64,,True,False,123,10.0,,0.0,yuri,torchchem_v1,test:data/yuri/splits/fold_0_test_indices.npy,node,0.05,True,vector_masked,128.0,0.8,False,1e-05,25,3,hirshfeld,False,16,
9jzf0eon,qrpbckee,quiet-sweep-58,128.0,0.0702085942029953,0.3458937748238958,2.1405244703102477,2.0237521403530563,,,0.001,48,,True,False,123,5.0,,0.0,yuri,torchchem_v1,test:data/yuri/splits/fold_0_test_indices.npy,node,0.1,True,energy,128.0,0.8,False,1e-05,50,3,dipole_moment_Debye,False,32,
ot1x4spe,f8eeknq4,splendid-sweep-62,128.0,0.09626594185829164,0.533148471137573,0.4297431456863525,0.4266517255794059,,,0.001,16,,True,False,123,2.5,,0.0,yuri,torchchem_v1,test:data/yuri/splits/fold_0_test_indices.npy,both,0.1,True,vector_masked,128.0,0.8,False,0.0001,10,3,gap,False,64,
kgsllg67,mlm1x5ng,polished-sweep-56,128.0,0.14924007654190063,0.3315903155197357,1.1092266185595427,1.0757943281714897,,,0.001,64,,True,False,123,5.0,,0.0,yuri,torchchem_v1,test:data/yuri/splits/fold_0_test_indices.npy,node,0.05,True,vector_masked,128.0,0.8,False,1e-05,10,3,LUMO,False,64,
awhy3rak,fpavgbiz,fancy-sweep-65,128.0,0.2032073438167572,0.2488070269083155,1.046286863753904,1.0164063545274886,,,0.001,64,,True,False,123,5.0,,0.0,yuri,torchchem_v1,test:data/yuri/splits/fold_0_test_indices.npy,node,0.1,True,vector,128.0,0.8,False,1e-05,50,2,HOMO,False,32,
e1kb5m15,y6iw3edy,mild-sweep-57,128.0,0.006734608206897974,0.11688496925514834,0.03330244619069162,0.030961750142886463,,,0.001,32,,True,False,123,10.0,,0.0,yuri,torchchem_v1,test:data/yuri/splits/fold_0_test_indices.npy,node,0.0,True,vector_masked,128.0,0.8,False,1e-05,10,3,hirshfeld,False,16,
1kd3v4cz,bzlfi4qw,effortless-sweep-53,128.0,0.001849393011070788,0.267338315474576,1.0780751931771198,1.035143542736625,,,0.001,64,,True,False,123,5.0,,0.0,yuri,torchchem_v1,test:data/yuri/splits/fold_0_test_indices.npy,node,0.0,True,vector_masked,128.0,0.8,False,1e-05,50,3,HOMO,False,32,
q7u3w9ik,qrpbckee,wise-sweep-57,128.0,0.08060730993747711,0.2599560486088539,1.8180151322091391,1.8432724188140817,,,0.0005,48,,True,False,123,10.0,,0.0,yuri,torchchem_v1,test:data/yuri/splits/fold_0_test_indices.npy,both,0.1,True,energy,128.0,0.8,False,1e-05,10,3,dipole_moment_Debye,False,64,
172it1i9,f8eeknq4,generous-sweep-61,128.0,0.02002835273742676,0.493306921987698,0.4192197863435627,0.4141944044957323,,,0.0005,64,,True,False,123,5.0,,0.0,yuri,torchchem_v1,test:data/yuri/splits/fold_0_test_indices.npy,both,0.05,True,vector_masked,128.0,0.8,False,1e-05,10,3,gap,False,64,
pcee3kp2,fpavgbiz,hardy-sweep-64,128.0,0.11337059736251832,0.2736262351531407,1.1600253553998428,1.0853719166979985,,,0.001,48,,True,False,123,2.5,,0.0,yuri,torchchem_v1,test:data/yuri/splits/fold_0_test_indices.npy,node,0.1,True,vector,128.0,0.8,False,0.001,50,2,HOMO,False,64,
g7yguvsp,bzlfi4qw,cool-sweep-52,128.0,0.10395090281963348,0.33171900271855553,1.156287633017207,1.0798332780545303,,,0.001,64,,True,False,123,2.5,,0.0,yuri,torchchem_v1,test:data/yuri/splits/fold_0_test_indices.npy,node,0.1,True,vector_masked,128.0,0.8,False,1e-05,25,3,HOMO,False,64,
ffvudep9,y6iw3edy,efficient-sweep-56,128.0,0.05376432090997696,0.10862343507850993,0.03187685937061986,0.03094193404949797,,,0.001,64,,True,False,123,5.0,,0.0,yuri,torchchem_v1,test:data/yuri/splits/fold_0_test_indices.npy,both,0.1,True,vector_masked,128.0,0.8,False,1e-05,50,3,hirshfeld,False,16,
ymsb3ig0,mlm1x5ng,chocolate-sweep-55,128.0,0.12159544229507446,0.3400321307367292,1.1585615730527543,1.166982979556343,,,0.0005,64,,True,False,123,10.0,,0.0,yuri,torchchem_v1,test:data/yuri/splits/fold_0_test_indices.npy,node,0.1,True,vector_masked,128.0,0.8,False,1e-05,25,3,LUMO,False,64,
1lv62w7z,fpavgbiz,leafy-sweep-63,128.0,0.06206892430782318,0.2805021532393735,1.1462838382494889,1.1199240785203206,,,0.0001,64,,True,False,123,2.5,,0.0,yuri,torchchem_v1,test:data/yuri/splits/fold_0_test_indices.npy,node,0.0,True,vector,128.0,0.8,False,1e-05,10,2,HOMO,False,16,
xgrzohec,f8eeknq4,expert-sweep-60,128.0,0.06034131720662117,0.5819807612690432,0.45167295815684616,0.42766813940662074,,,0.001,32,,True,False,123,5.0,,0.0,yuri,torchchem_v1,test:data/yuri/splits/fold_0_test_indices.npy,node,0.1,True,vector_masked,128.0,0.8,False,1e-05,25,3,gap,False,64,
cjn7p2df,qrpbckee,sleek-sweep-56,128.0,0.0034972275607287884,0.23259170475448,1.7432987853388202,1.6793867788365764,,,0.0005,64,,True,False,123,10.0,,0.0,yuri,torchchem_v1,test:data/yuri/splits/fold_0_test_indices.npy,node,0.05,True,energy,128.0,0.8,False,1e-05,10,3,dipole_moment_Debye,False,16,
55lhx2bt,mlm1x5ng,eager-sweep-54,128.0,0.00072024657856673,0.427364027320311,1.274173758780938,1.2195612474544284,,,0.001,64,,True,False,123,2.5,,0.0,yuri,torchchem_v1,test:data/yuri/splits/fold_0_test_indices.npy,node,0.0,True,vector_masked,128.0,0.8,False,1e-05,50,3,LUMO,False,32,
kh5kj34u,fpavgbiz,earnest-sweep-62,128.0,0.05195026844739914,0.25369945399720095,1.030355244977946,0.948753561359349,,,0.001,48,,True,False,123,2.5,,0.0,yuri,torchchem_v1,test:data/yuri/splits/fold_0_test_indices.npy,node,0.1,True,vector,128.0,0.8,False,1e-05,50,3,HOMO,False,32,
lir4eqj6,bzlfi4qw,gentle-sweep-51,128.0,0.21217118203639984,0.3566819542440875,1.1241102607138416,1.089940999757019,,,0.001,64,,True,False,123,10.0,,0.0,yuri,torchchem_v1,test:data/yuri/splits/fold_0_test_indices.npy,node,0.1,True,vector_masked,128.0,0.8,False,1e-05,10,3,HOMO,False,64,
mh42t3ie,f8eeknq4,vivid-sweep-59,128.0,0.12373307347297668,0.5246200355990179,0.4544495105396019,0.420276381009845,,,0.001,32,,True,False,123,2.5,,0.0,yuri,torchchem_v1,test:data/yuri/splits/fold_0_test_indices.npy,both,0.1,True,vector_masked,128.0,0.8,False,0.0001,10,3,gap,False,64,
14ocmeti,y6iw3edy,magic-sweep-55,128.0,0.008742135018110275,0.11537864033518166,0.0316421390679615,0.03073137674261249,,,0.001,48,,True,False,123,10.0,,0.0,yuri,torchchem_v1,test:data/yuri/splits/fold_0_test_indices.npy,node,0.0,True,vector_masked,128.0,0.8,False,0.0001,50,3,hirshfeld,False,32,
i3i5rfp6,mlm1x5ng,divine-sweep-53,128.0,0.04537349194288254,0.4416210080400623,1.3827229109058576,1.334749232741701,,,0.001,64,,True,False,123,2.5,,0.0,yuri,torchchem_v1,test:data/yuri/splits/fold_0_test_indices.npy,node,0.1,True,vector_masked,128.0,0.8,False,0.0001,10,2,LUMO,False,64,
nj8sttcq,fpavgbiz,misty-sweep-61,128.0,0.12881052494049072,0.27343592510141174,1.186828614957441,1.1656736363819666,,,0.0001,64,,True,False,123,2.5,,0.0,yuri,torchchem_v1,test:data/yuri/splits/fold_0_test_indices.npy,node,0.1,True,energy,128.0,0.8,False,1e-05,25,2,HOMO,False,16,
zw8j6cf0,qrpbckee,fanciful-sweep-55,128.0,0.021575909107923508,0.36749272382464904,2.2417923219808404,2.152318038077877,,,0.001,16,,True,False,123,10.0,,0.0,yuri,torchchem_v1,test:data/yuri/splits/fold_0_test_indices.npy,node,0.0,True,energy,128.0,0.8,False,1e-05,10,3,dipole_moment_Debye,False,16,
8lcjy2s0,f8eeknq4,stellar-sweep-58,128.0,0.07534092664718628,0.5816974028431136,0.4624177345154634,0.4360299771115329,,,0.001,48,,True,False,123,2.5,,0.0,yuri,torchchem_v1,test:data/yuri/splits/fold_0_test_indices.npy,both,0.1,True,vector_masked,128.0,0.8,False,1e-05,10,3,gap,False,64,
qrsgi2mq,bzlfi4qw,crimson-sweep-50,128.0,0.002897111000493169,0.3322527914725501,1.239987150615668,1.1951435875502174,,,0.001,64,,True,False,123,10.0,,0.0,yuri,torchchem_v1,test:data/yuri/splits/fold_0_test_indices.npy,node,0.0,True,vector_masked,128.0,0.8,False,1e-05,25,3,HOMO,False,32,
hj8ivve9,fpavgbiz,lilac-sweep-60,128.0,0.03291229158639908,0.2385911671123628,0.9831977881291738,0.963657038077836,,,0.001,64,,True,False,123,2.5,,0.0,yuri,torchchem_v1,test:data/yuri/splits/fold_0_test_indices.npy,node,0.1,True,vector,128.0,0.8,False,1e-05,50,3,HOMO,False,48,
ubda0tj2,mlm1x5ng,snowy-sweep-52,128.0,0.06938235461711884,0.34830021382919674,1.2495999457847211,1.1340082659315758,,,0.001,64,,True,False,123,5.0,,0.0,yuri,torchchem_v1,test:data/yuri/splits/fold_0_test_indices.npy,node,0.1,True,vector_masked,128.0,0.8,False,0.0001,10,2,LUMO,False,48,
binupu6e,y6iw3edy,treasured-sweep-54,128.0,0.03016027994453907,0.10830240184441207,0.031181874876260948,0.030221332929017287,,,0.0005,64,,True,False,123,10.0,,0.0,yuri,torchchem_v1,test:data/yuri/splits/fold_0_test_indices.npy,node,0.05,True,vector_masked,128.0,0.8,False,1e-05,50,3,hirshfeld,False,16,
a7ha5pgt,f8eeknq4,misty-sweep-57,128.0,0.04826270788908005,0.5288319407865919,0.4472226870484554,0.4381288558984185,,,0.001,48,,True,False,123,5.0,,0.0,yuri,torchchem_v1,test:data/yuri/splits/fold_0_test_indices.npy,both,0.1,True,vector_masked,128.0,0.8,False,1e-05,10,3,gap,False,64,
gwt0t509,qrpbckee,dutiful-sweep-54,128.0,0.007493096403777599,0.2562981299285231,1.8334121634457057,1.7547645543812258,,,0.0005,64,,True,False,123,10.0,,0.0,yuri,torchchem_v1,test:data/yuri/splits/fold_0_test_indices.npy,node,0.1,True,energy,128.0,0.8,False,1e-05,10,3,dipole_moment_Debye,False,64,
6asd5jm0,fpavgbiz,wandering-sweep-59,128.0,0.002306791953742504,0.2720154211695852,1.0456310078790998,1.005141963736198,,,0.0005,64,,True,False,123,2.5,,0.0,yuri,torchchem_v1,test:data/yuri/splits/fold_0_test_indices.npy,node,0.0,True,vector,128.0,0.8,False,1e-05,10,3,HOMO,False,64,
zsskpe6m,bzlfi4qw,radiant-sweep-49,128.0,0.0010833224514499309,0.29874097119117604,1.1047197653341274,1.0436409259981054,,,0.001,64,,True,False,123,5.0,,0.0,yuri,torchchem_v1,test:data/yuri/splits/fold_0_test_indices.npy,node,0.0,True,vector_masked,128.0,0.8,False,1e-05,10,3,HOMO,False,48,
vc3v7va0,f8eeknq4,eager-sweep-56,128.0,0.11855728924274445,0.7124295419660108,0.49003713668589166,0.4650064218922897,,,0.001,64,,True,False,123,2.5,,0.0,yuri,torchchem_v1,test:data/yuri/splits/fold_0_test_indices.npy,both,0.05,True,vector_masked,128.0,0.8,False,0.001,10,2,gap,False,64,
zaayp1vr,mlm1x5ng,winter-sweep-51,128.0,0.05692256614565849,0.3350274659179408,1.214841796146469,1.1408849271010284,,,0.001,64,,True,False,123,10.0,,0.0,yuri,torchchem_v1,test:data/yuri/splits/fold_0_test_indices.npy,node,0.1,True,vector_masked,128.0,0.8,False,0.0001,10,2,LUMO,False,64,
ylgq5plw,y6iw3edy,wild-sweep-53,128.0,0.03123532235622406,0.12702539235610386,0.03448523232105716,0.03247787744461075,,,0.001,48,,True,False,123,10.0,,0.0,yuri,torchchem_v1,test:data/yuri/splits/fold_0_test_indices.npy,node,0.1,True,vector_masked,128.0,0.8,False,1e-05,50,3,hirshfeld,False,16,
qjkbotar,fpavgbiz,deft-sweep-58,128.0,0.04989084228873253,0.28942283769619875,1.119563624463061,1.082845719140768,,,0.0005,64,,True,False,123,2.5,,0.0,yuri,torchchem_v1,test:data/yuri/splits/fold_0_test_indices.npy,node,0.0,True,vector,128.0,0.8,False,0.001,25,3,HOMO,False,64,
wwwy69y1,qrpbckee,olive-sweep-53,128.0,0.07774956524372101,0.27309073726164884,1.8383424638784616,1.7388638446237312,,,0.001,48,,True,False,123,10.0,,0.0,yuri,torchchem_v1,test:data/yuri/splits/fold_0_test_indices.npy,node,0.1,True,energy,128.0,0.8,False,0.0001,50,3,dipole_moment_Debye,False,16,
amuj2ane,f8eeknq4,snowy-sweep-55,128.0,0.046239130198955536,0.47037704083426246,0.4123244607971552,0.4052259292401687,,,0.001,64,,True,False,123,2.5,,0.0,yuri,torchchem_v1,test:data/yuri/splits/fold_0_test_indices.npy,both,0.1,True,vector_masked,128.0,0.8,False,1e-05,25,3,gap,False,48,
hnt9yzpz,bzlfi4qw,earnest-sweep-48,128.0,0.030991021543741223,0.29130764177133295,1.0429569610267448,1.0453962083969033,,,0.001,64,,True,False,123,10.0,,0.0,yuri,torchchem_v1,test:data/yuri/splits/fold_0_test_indices.npy,node,0.1,True,vector_masked,128.0,0.8,False,1e-05,25,3,HOMO,False,64,
no9hhgs6,mlm1x5ng,worldly-sweep-50,128.0,0.020970016717910767,0.29629216895535077,1.1536278988426687,1.1085586300539656,,,0.001,64,,True,False,123,10.0,,0.0,yuri,torchchem_v1,test:data/yuri/splits/fold_0_test_indices.npy,node,0.1,True,vector_masked,128.0,0.8,False,1e-05,50,2,LUMO,False,64,
q649mhdo,fpavgbiz,desert-sweep-57,128.0,0.058175113052129745,0.2867563884576847,1.020371372764266,1.0280138516624593,,,0.0005,48,,True,False,123,2.5,,0.0,yuri,torchchem_v1,test:data/yuri/splits/fold_0_test_indices.npy,node,0.05,True,vector,128.0,0.8,False,1e-05,50,3,HOMO,False,16,
w9rbat9h,f8eeknq4,skilled-sweep-54,128.0,0.026292478665709496,0.5395974177738716,0.4471324519037155,0.42214653736259095,,,0.0005,64,,True,False,123,2.5,,0.0,yuri,torchchem_v1,test:data/yuri/splits/fold_0_test_indices.npy,both,0.05,True,vector_masked,128.0,0.8,False,0.0,10,2,gap,False,48,
1c705hau,xh84iuna,zany-sweep-71,128.0,0.013930480927228928,0.06024445522705029,9.305297989064478,9.516473129496404,,,0.001,64,,True,False,123,2.5,,0.0,yuri,torchchem_v1,test:data/yuri/splits/fold_0_test_indices.npy,both,0.05,True,energy,128.0,0.8,False,0.0001,10,2,splitting,False,64,
yftowtz9,y6iw3edy,soft-sweep-52,128.0,0.03897316753864288,0.11763163957873296,0.03112456269458316,0.030903937903737355,,,0.001,64,,True,False,123,10.0,,0.0,yuri,torchchem_v1,test:data/yuri/splits/fold_0_test_indices.npy,both,0.05,True,vector_masked,128.0,0.8,False,1e-05,25,3,hirshfeld,False,16,
52ep8kht,qrpbckee,amber-sweep-52,128.0,0.13441558182239532,0.37620580478988846,2.2252630991891156,2.016217157486535,,,0.001,48,,True,False,123,10.0,,0.0,yuri,torchchem_v1,test:data/yuri/splits/fold_0_test_indices.npy,node,0.1,True,vector,128.0,0.8,False,1e-05,10,3,dipole_moment_Debye,False,48,
cayr85h3,fcgcomyp,dutiful-sweep-44,128.0,0.012667291797697544,0.31121565735545653,2.076665108614184,1.9413005054526211,,,0.001,64,,True,False,123,10.0,,0.0,yuri,torchchem_v1,test:data/yuri/splits/fold_0_test_indices.npy,node,0.0,True,vector_masked,128.0,0.8,False,1e-05,10,3,dipole_moment_Debye,False,16,
tfhmazbq,fcgcomyp,likely-sweep-43,128.0,0.02869560569524765,0.31545048990640145,2.0033727640188745,1.8902573165063092,,,0.001,64,,True,False,123,10.0,,0.0,yuri,torchchem_v1,test:data/yuri/splits/fold_0_test_indices.npy,node,0.05,True,vector_masked,128.0,0.8,False,1e-05,50,3,dipole_moment_Debye,False,16,
wczsnxzb,fpavgbiz,divine-sweep-56,128.0,0.028842026367783543,0.23813466869037728,1.0552285520083988,0.9981195172121284,,,0.001,64,,True,False,123,2.5,,0.0,yuri,torchchem_v1,test:data/yuri/splits/fold_0_test_indices.npy,both,0.1,True,vector,128.0,0.8,False,1e-05,25,2,HOMO,False,64,
uml34lxg,mlm1x5ng,glamorous-sweep-49,128.0,0.05634980648756027,0.3230012560199047,1.0980954626665256,1.034266331426409,,,0.001,64,,True,False,123,5.0,,0.0,yuri,torchchem_v1,test:data/yuri/splits/fold_0_test_indices.npy,node,0.1,True,vector_masked,128.0,0.8,False,1e-05,10,2,LUMO,False,64,
xy9fpq3g,bzlfi4qw,summer-sweep-47,128.0,0.0661681592464447,0.26958995447333517,0.9920874517912234,0.9626328029655792,,,0.001,64,,True,False,123,5.0,,0.0,yuri,torchchem_v1,test:data/yuri/splits/fold_0_test_indices.npy,node,0.1,True,vector_masked,128.0,0.8,False,1e-05,25,3,HOMO,False,48,
0kpxw048,xh84iuna,effortless-sweep-70,128.0,0.007626178674399853,0.06009034176581893,9.33688450953237,8.990718702430216,,,0.001,48,,True,False,123,2.5,,0.0,yuri,torchchem_v1,test:data/yuri/splits/fold_0_test_indices.npy,both,0.0,True,energy,128.0,0.8,False,1e-05,10,3,splitting,False,48,
qi9yh5jw,f8eeknq4,mild-sweep-53,128.0,0.016892485320568085,0.44683264041769094,0.4153094528920164,0.4062036981562778,,,0.001,64,,True,False,123,2.5,,0.0,yuri,torchchem_v1,test:data/yuri/splits/fold_0_test_indices.npy,both,0.1,True,vector_masked,128.0,0.8,False,1e-05,10,3,gap,False,64,
l0ud6anr,xh84iuna,playful-sweep-69,128.0,0.028042633086442947,0.06072516517777895,9.795883051098324,9.090441646085718,,,0.0005,64,,True,False,123,2.5,,0.0,yuri,torchchem_v1,test:data/yuri/splits/fold_0_test_indices.npy,node,0.1,True,energy,128.0,0.8,False,0.0001,25,2,splitting,False,48,
ug1jxyjx,fcgcomyp,colorful-sweep-42,128.0,0.24326834082603457,0.3725595474243164,2.15622436177692,2.1059142793644505,,,0.001,32,,True,False,123,10.0,,0.0,yuri,torchchem_v1,test:data/yuri/splits/fold_0_test_indices.npy,node,0.05,True,vector_masked,128.0,0.8,False,1e-05,25,2,dipole_moment_Debye,False,32,
lj3uun3i,fpavgbiz,grateful-sweep-55,128.0,0.024913761764764782,0.24823079842688708,1.0032725671736649,0.9524792071163376,,,0.001,64,,True,False,123,2.5,,0.0,yuri,torchchem_v1,test:data/yuri/splits/fold_0_test_indices.npy,node,0.05,True,vector,128.0,0.8,False,0.0001,50,3,HOMO,False,32,
g2x0kwkn,mlm1x5ng,dulcet-sweep-48,128.0,0.0021424186415970325,0.26475185939464074,1.0561748918808522,1.0559155200065584,,,0.001,64,,True,False,123,2.5,,0.0,yuri,torchchem_v1,test:data/yuri/splits/fold_0_test_indices.npy,both,0.0,True,vector_masked,128.0,0.8,False,1e-05,10,3,LUMO,False,32,
yvm1tnhg,qrpbckee,fearless-sweep-51,128.0,0.07795735448598862,0.2937637388963124,1.972065415645197,1.7696285116886927,,,0.001,48,,True,False,123,10.0,,0.0,yuri,torchchem_v1,test:data/yuri/splits/fold_0_test_indices.npy,both,0.05,True,energy,128.0,0.8,False,1e-05,10,3,dipole_moment_Debye,False,32,
x1ctxuvk,f8eeknq4,splendid-sweep-52,128.0,0.023075927048921585,0.5115421113782915,0.4432848568314012,0.4310423422093531,,,0.0005,64,,True,False,123,2.5,,0.0,yuri,torchchem_v1,test:data/yuri/splits/fold_0_test_indices.npy,both,0.1,True,vector_masked,128.0,0.8,False,1e-05,25,3,gap,False,64,
kuxuxxbe,y6iw3edy,hopeful-sweep-51,128.0,0.0010385410860180857,0.11193192994286276,0.032297155982484574,0.030814584951618023,,,0.001,64,,True,False,123,10.0,,0.0,yuri,torchchem_v1,test:data/yuri/splits/fold_0_test_indices.npy,node,0.0,True,vector_masked,128.0,0.8,False,1e-05,10,3,hirshfeld,False,32,
p8bi720t,xh84iuna,whole-sweep-68,128.0,0.021035365760326385,0.06962995850962811,10.215892310026732,9.810098979798052,,,0.001,64,,True,False,123,2.5,,0.0,yuri,torchchem_v1,test:data/yuri/splits/fold_0_test_indices.npy,both,0.1,True,energy,128.0,0.8,False,0.0001,10,3,splitting,False,64,
mrlf4q49,bzlfi4qw,magic-sweep-46,128.0,0.06608734279870987,0.2960102008976813,1.0808437908015935,1.0570666550695254,,,0.001,64,,True,False,123,10.0,,0.0,yuri,torchchem_v1,test:data/yuri/splits/fold_0_test_indices.npy,node,0.1,True,vector_masked,128.0,0.8,False,1e-05,10,3,HOMO,False,64,
n6ocbapt,fcgcomyp,amber-sweep-41,128.0,0.08668770641088486,0.5073566017993565,2.5922186629755504,2.3862799791960665,,,0.0001,64,,True,False,123,5.0,,0.0,yuri,torchchem_v1,test:data/yuri/splits/fold_0_test_indices.npy,node,0.0,True,vector_masked,128.0,0.8,False,1e-05,25,2,dipole_moment_Debye,False,16,
i30ydm64,fpavgbiz,skilled-sweep-54,128.0,0.004647905007004738,0.26559413494221096,1.014697309653387,0.9444789282531452,,,0.001,64,,True,False,123,2.5,,0.0,yuri,torchchem_v1,test:data/yuri/splits/fold_0_test_indices.npy,node,0.0,True,vector,128.0,0.8,False,1e-05,25,3,HOMO,False,16,
ty94y23h,f8eeknq4,trim-sweep-51,128.0,0.08595143258571625,0.6326601577216181,0.47519752487918376,0.459226785612054,,,5e-05,64,,True,False,123,2.5,,0.0,yuri,torchchem_v1,test:data/yuri/splits/fold_0_test_indices.npy,node,0.05,True,vector_masked,128.0,0.8,False,0.0,10,2,gap,False,64,
6l8fh87l,mlm1x5ng,wandering-sweep-47,128.0,0.013899683952331545,0.40162097341541586,1.236146487664482,1.1578299974917652,,,0.001,48,,True,False,123,10.0,,0.0,yuri,torchchem_v1,test:data/yuri/splits/fold_0_test_indices.npy,node,0.05,True,vector_masked,128.0,0.8,False,0.0,10,2,LUMO,False,64,
b8q3k2i6,y6iw3edy,different-sweep-50,128.0,0.01340992096811533,0.12600480810064693,0.03421121693605954,0.03273446634200685,,,0.0005,32,,True,False,123,10.0,,0.0,yuri,torchchem_v1,test:data/yuri/splits/fold_0_test_indices.npy,node,0.0,True,vector_masked,128.0,0.8,False,0.0001,10,3,hirshfeld,False,16,
n9nxrvfq,xh84iuna,twilight-sweep-67,128.0,0.01141905039548874,0.0606214412134783,9.648194235794849,8.669945928627536,,,0.001,64,,True,False,123,2.5,,0.0,yuri,torchchem_v1,test:data/yuri/splits/fold_0_test_indices.npy,both,0.0,True,energy,128.0,0.8,False,0.0001,25,2,splitting,False,16,
2zow15t2,qrpbckee,rich-sweep-50,128.0,0.4217305779457092,0.3429522330005621,2.1398087973059594,2.0068198606025724,,,0.001,48,,True,False,123,10.0,,0.0,yuri,torchchem_v1,test:data/yuri/splits/fold_0_test_indices.npy,node,0.05,True,energy,128.0,0.8,False,0.001,25,3,dipole_moment_Debye,False,32,
wvwa16v0,fpavgbiz,playful-sweep-53,128.0,0.0157230943441391,0.2242814459163567,0.9570236066114746,0.9641871887913204,,,0.001,48,,True,False,123,2.5,,0.0,yuri,torchchem_v1,test:data/yuri/splits/fold_0_test_indices.npy,node,0.05,True,vector,128.0,0.8,False,0.0001,50,2,HOMO,False,64,
md0cjdso,47bcozmh,misty-sweep-64,128.0,0.00316013116389513,0.1190799609597387,0.03220272209525195,0.03025596461548889,,,0.001,64,,True,False,123,2.5,,0.0,yuri,torchchem_v1,test:data/yuri/splits/fold_0_test_indices.npy,both,0.0,True,energy,128.0,0.8,False,0.0001,50,3,hirshfeld,False,48,
1a6bi5q7,f8eeknq4,glad-sweep-50,128.0,0.02393929846584797,0.46404119555292456,0.4283670364700179,0.40089575955771606,,,0.001,64,,True,False,123,2.5,,0.0,yuri,torchchem_v1,test:data/yuri/splits/fold_0_test_indices.npy,both,0.1,True,vector_masked,128.0,0.8,False,1e-05,10,3,gap,False,64,
zmmau8qt,xh84iuna,fluent-sweep-66,128.0,0.033928822726011276,0.07226806259232349,10.28753549407028,10.174573532001062,,,0.001,64,,True,False,123,2.5,,0.0,yuri,torchchem_v1,test:data/yuri/splits/fold_0_test_indices.npy,both,0.1,True,energy,128.0,0.8,False,0.001,25,2,splitting,False,48,
b4ua7xhl,fcgcomyp,vibrant-sweep-40,128.0,0.09869658946990968,0.4883150987584016,2.5073553633746153,2.425963245346608,,,0.0001,64,,True,False,123,10.0,,0.0,yuri,torchchem_v1,test:data/yuri/splits/fold_0_test_indices.npy,node,0.0,True,vector_masked,128.0,0.8,False,1e-05,50,2,dipole_moment_Debye,False,48,
aptzxndc,bzlfi4qw,absurd-sweep-45,128.0,0.0021125278435647488,0.33198062844317533,1.152826939523736,1.0672461021820727,,,0.001,64,,True,False,123,10.0,,0.0,yuri,torchchem_v1,test:data/yuri/splits/fold_0_test_indices.npy,node,0.0,True,vector_masked,128.0,0.8,False,1e-05,50,3,HOMO,False,64,
as1vpqox,mlm1x5ng,soft-sweep-46,128.0,0.00194736709818244,0.344903952859599,1.2502390589378576,1.1792850823579304,,,0.0005,64,,True,False,123,5.0,,0.0,yuri,torchchem_v1,test:data/yuri/splits/fold_0_test_indices.npy,both,0.0,True,vector_masked,128.0,0.8,False,1e-05,10,3,LUMO,False,48,
m9tkea45,fpavgbiz,true-sweep-52,128.0,0.05055743455886841,0.22278918961769548,0.9449611484885478,0.9300702812376104,,,0.001,48,,True,False,123,2.5,,0.0,yuri,torchchem_v1,test:data/yuri/splits/fold_0_test_indices.npy,node,0.1,True,vector,128.0,0.8,False,1e-05,25,2,HOMO,False,64,
c3mwhh8z,bkpi0ype,still-sweep-64,128.0,0.02381882630288601,0.05314284434606289,8.923726522709993,8.680919647724693,,,0.0001,64,,True,False,123,2.5,,0.0,yuri,torchchem_v1,test:data/yuri/splits/fold_0_test_indices.npy,both,0.05,True,vector_masked,128.0,0.8,False,1e-05,10,2,splitting,False,16,
mdhurzc6,47bcozmh,faithful-sweep-63,128.0,0.0438370443880558,0.12304646579612946,0.03524962148872948,0.03338274868296079,,,0.001,64,,True,False,123,2.5,,0.0,yuri,torchchem_v1,test:data/yuri/splits/fold_0_test_indices.npy,both,0.05,True,energy,128.0,0.8,False,0.001,10,3,hirshfeld,False,64,
rh8rrlxt,xh84iuna,firm-sweep-65,128.0,0.0021618439350277185,0.05835015252874843,9.549018491608573,9.187674798879357,,,0.001,48,,True,False,123,2.5,,0.0,yuri,torchchem_v1,test:data/yuri/splits/fold_0_test_indices.npy,both,0.0,True,vector,128.0,0.8,False,1e-05,10,3,splitting,False,16,
sihhb7lh,f8eeknq4,autumn-sweep-49,128.0,0.002643532818183303,0.5854246156482861,0.4522924006450475,0.44808921789792966,,,0.0005,64,,True,False,123,2.5,,0.0,yuri,torchchem_v1,test:data/yuri/splits/fold_0_test_indices.npy,node,0.0,True,vector_masked,128.0,0.8,False,0.0,10,3,gap,False,16,
4ke7p1qs,y6iw3edy,charmed-sweep-49,128.0,0.010236227884888647,0.10712320193776796,0.030386244300904957,0.02973804131584614,,,0.001,64,,True,False,123,10.0,,0.0,yuri,torchchem_v1,test:data/yuri/splits/fold_0_test_indices.npy,node,0.0,True,vector_masked,128.0,0.8,False,0.0001,10,3,hirshfeld,False,16,
ct833flz,fpavgbiz,vital-sweep-51,128.0,0.02383837103843689,0.2573178802327863,1.0015134419055778,0.9380648581865854,,,0.001,64,,True,False,123,2.5,,0.0,yuri,torchchem_v1,test:data/yuri/splits/fold_0_test_indices.npy,node,0.05,True,vector,128.0,0.8,False,1e-05,25,2,HOMO,False,32,
qo5odjqv,fcgcomyp,curious-sweep-39,128.0,0.04181205481290817,0.3910722950923032,2.20282901555831,2.0316852690005307,,,0.001,48,,True,False,123,10.0,,0.0,yuri,torchchem_v1,test:data/yuri/splits/fold_0_test_indices.npy,node,0.1,True,vector_masked,128.0,0.8,False,1e-05,50,2,dipole_moment_Debye,False,16,
goxcc078,bzlfi4qw,soft-sweep-44,128.0,0.028674332424998283,0.2933134927318014,1.116552620869614,1.0849916817282186,,,0.001,64,,True,False,123,5.0,,0.0,yuri,torchchem_v1,test:data/yuri/splits/fold_0_test_indices.npy,node,0.0,True,vector_masked,128.0,0.8,False,0.0001,10,3,HOMO,False,64,
uma5lugi,qrpbckee,super-sweep-49,128.0,0.2877524495124817,0.2893051295380654,1.9352273516790168,1.8684866948644596,,,0.001,64,,True,False,123,10.0,,0.0,yuri,torchchem_v1,test:data/yuri/splits/fold_0_test_indices.npy,both,0.1,True,energy,128.0,0.8,False,1e-05,10,3,dipole_moment_Debye,False,48,
zuy6uzsy,bcsxkqp7,fluent-sweep-64,128.0,0.059372615069150925,0.4853542940369968,0.4216771929983402,0.40676833069381974,,,0.001,48,,True,False,123,2.5,,0.0,yuri,torchchem_v1,test:data/yuri/splits/fold_0_test_indices.npy,both,0.1,True,energy,128.0,0.8,False,1e-05,50,3,gap,False,48,
fa7q0ikj,mlm1x5ng,vibrant-sweep-45,128.0,0.09291887283325195,0.35528939577012225,1.169027499680591,1.114564208533514,,,0.001,64,,True,False,123,5.0,,0.0,yuri,torchchem_v1,test:data/yuri/splits/fold_0_test_indices.npy,node,0.05,True,vector_masked,128.0,0.8,False,0.0001,50,3,LUMO,False,48,
o85lhmrq,bkpi0ype,daily-sweep-63,128.0,0.01144710462540388,0.05021474523277118,8.396479974181426,8.341803173929204,,,5e-05,64,,True,False,123,2.5,,0.0,yuri,torchchem_v1,test:data/yuri/splits/fold_0_test_indices.npy,both,0.0,True,vector_masked,128.0,0.8,False,1e-05,25,3,splitting,False,32,
ra9xxamo,xh84iuna,lilac-sweep-64,128.0,0.0012097640428692102,0.05538767190842793,8.648104827788345,8.625821590401076,,,0.001,32,,True,False,123,2.5,,0.0,yuri,torchchem_v1,test:data/yuri/splits/fold_0_test_indices.npy,both,0.0,True,energy,128.0,0.8,False,1e-05,10,3,splitting,False,16,
xt7412ku,f8eeknq4,volcanic-sweep-48,128.0,0.027103867381811145,0.4607749969280999,0.4174837466555702,0.4080041953164804,,,0.001,64,,True,False,123,2.5,,0.0,yuri,torchchem_v1,test:data/yuri/splits/fold_0_test_indices.npy,both,0.1,True,vector_masked,128.0,0.8,False,1e-05,10,3,gap,False,64,
z2wzi521,47bcozmh,still-sweep-62,128.0,0.05499562621116638,0.13437061599487887,0.03170725885777339,0.031001715676508404,,,0.001,64,,True,False,123,2.5,,0.0,yuri,torchchem_v1,test:data/yuri/splits/fold_0_test_indices.npy,both,0.05,True,energy,128.0,0.8,False,0.0001,25,3,hirshfeld,False,32,
qifspnfg,fpavgbiz,celestial-sweep-50,128.0,0.07142728567123413,0.29153926985274103,1.090832554706282,1.0095464146663793,,,0.001,64,,True,False,123,2.5,,0.0,yuri,torchchem_v1,test:data/yuri/splits/fold_0_test_indices.npy,node,0.1,True,vector,128.0,0.8,False,1e-05,25,3,HOMO,False,16,
by8kleuy,bcsxkqp7,electric-sweep-63,128.0,0.10582167655229568,0.492675415400801,0.4267587080706228,0.39616789750570863,,,0.001,48,,True,False,123,2.5,,0.0,yuri,torchchem_v1,test:data/yuri/splits/fold_0_test_indices.npy,both,0.1,True,vector,128.0,0.8,False,0.0001,50,3,gap,False,64,
0u0zv6bv,bkpi0ype,robust-sweep-62,128.0,0.01081598550081253,0.05113812272661719,8.923650127473172,8.177423705705836,,,5e-05,64,,True,False,123,2.5,,0.0,yuri,torchchem_v1,test:data/yuri/splits/fold_0_test_indices.npy,both,0.0,True,vector_masked,128.0,0.8,False,1e-05,50,3,splitting,False,16,
96ktwy80,mlm1x5ng,silvery-sweep-44,128.0,0.030048314481973648,0.3481994677206566,1.214815516184045,1.17198074752914,,,0.001,64,,True,False,123,2.5,,0.0,yuri,torchchem_v1,test:data/yuri/splits/fold_0_test_indices.npy,node,0.1,True,vector_masked,128.0,0.8,False,1e-05,50,3,LUMO,False,32,
vc6ban4k,f8eeknq4,effortless-sweep-47,128.0,0.29822543263435364,0.6770177889486839,0.5039858371749394,0.46979307783790103,,,0.001,16,,True,False,123,2.5,,0.0,yuri,torchchem_v1,test:data/yuri/splits/fold_0_test_indices.npy,node,0.1,True,vector_masked,128.0,0.8,False,0.0,10,2,gap,False,32,
qkz4kcdo,qrpbckee,crimson-sweep-48,128.0,0.06321991980075836,0.3667001677998181,2.1938695684743124,1.935284555767772,,,0.001,48,,True,False,123,10.0,,0.0,yuri,torchchem_v1,test:data/yuri/splits/fold_0_test_indices.npy,both,0.05,True,vector,128.0,0.8,False,1e-05,10,3,dipole_moment_Debye,False,48,
t9szzq8y,y6iw3edy,hearty-sweep-48,128.0,0.002148216124624014,0.10470766606258936,0.030837538783796296,0.02985138571660643,,,0.0005,64,,True,False,123,10.0,,0.0,yuri,torchchem_v1,test:data/yuri/splits/fold_0_test_indices.npy,node,0.0,True,vector_masked,128.0,0.8,False,1e-05,25,3,hirshfeld,False,32,
slwldken,fpavgbiz,lilac-sweep-49,128.0,0.1554039716720581,0.31938283684952506,1.1922821708898077,1.1733636722630472,,,0.001,16,,True,False,123,5.0,,0.0,yuri,torchchem_v1,test:data/yuri/splits/fold_0_test_indices.npy,node,0.1,True,vector,128.0,0.8,False,1e-05,50,2,HOMO,False,32,
25h5jq9m,bzlfi4qw,firm-sweep-43,128.0,0.04894452542066574,0.283453684846132,1.0413056991472922,1.0519823248513045,,,0.001,64,,True,False,123,10.0,,0.0,yuri,torchchem_v1,test:data/yuri/splits/fold_0_test_indices.npy,node,0.1,True,vector_masked,128.0,0.8,False,1e-05,25,3,HOMO,False,64,
iblp6xem,fcgcomyp,worthy-sweep-38,128.0,0.03889184445142746,0.3095460889925217,2.0675671811596352,1.9666463161014995,,,0.001,64,,True,False,123,10.0,,0.0,yuri,torchchem_v1,test:data/yuri/splits/fold_0_test_indices.npy,node,0.05,True,vector_masked,128.0,0.8,False,1e-05,50,3,dipole_moment_Debye,False,16,
p840jb1c,xh84iuna,generous-sweep-63,128.0,0.056114599108695984,0.07220226333572946,11.163406742619078,9.912264177928025,,,0.001,64,,True,False,123,5.0,,0.0,yuri,torchchem_v1,test:data/yuri/splits/fold_0_test_indices.npy,both,0.0,True,energy,128.0,0.8,False,0.0001,25,3,splitting,False,48,
bugwy515,bcsxkqp7,efficient-sweep-62,128.0,0.04729551821947098,0.5013571343031423,0.4321275006500493,0.41152438603680613,,,0.001,64,,True,False,123,2.5,,0.0,yuri,torchchem_v1,test:data/yuri/splits/fold_0_test_indices.npy,node,0.1,True,energy,128.0,0.8,False,1e-05,50,2,gap,False,64,
alsa7u3r,47bcozmh,skilled-sweep-61,128.0,0.07233236730098724,0.14111047739098811,0.037389617604646666,0.03519474898927319,,,0.001,48,,True,False,123,5.0,,0.0,yuri,torchchem_v1,test:data/yuri/splits/fold_0_test_indices.npy,both,0.05,True,energy,128.0,0.8,False,0.0001,50,3,hirshfeld,False,48,
fi52gjv0,bkpi0ype,crimson-sweep-61,128.0,0.008476581424474716,0.058406482980554474,9.177481677674203,8.743949470602054,,,0.0001,64,,True,False,123,5.0,,0.0,yuri,torchchem_v1,test:data/yuri/splits/fold_0_test_indices.npy,both,0.0,True,vector_masked,128.0,0.8,False,1e-05,25,2,splitting,False,16,
2wf7fq76,mlm1x5ng,usual-sweep-43,128.0,0.0013864869251847267,0.3510346469180337,1.2643368390148086,1.2149069496115126,,,0.001,64,,True,False,123,2.5,,0.0,yuri,torchchem_v1,test:data/yuri/splits/fold_0_test_indices.npy,both,0.0,True,vector_masked,128.0,0.8,False,1e-05,10,2,LUMO,False,16,
k38cqih5,f8eeknq4,morning-sweep-46,128.0,0.054347921162843704,0.537612900908651,0.4455415785904532,0.4358517629498755,,,0.0001,48,,True,False,123,2.5,,0.0,yuri,torchchem_v1,test:data/yuri/splits/fold_0_test_indices.npy,both,0.1,True,vector_masked,128.0,0.8,False,1e-05,10,3,gap,False,48,
8whf1c85,bcsxkqp7,skilled-sweep-61,128.0,0.20658184587955475,0.5105996337430231,0.4377942923278588,0.4097945855889005,,,0.001,64,,True,False,123,2.5,,0.0,yuri,torchchem_v1,test:data/yuri/splits/fold_0_test_indices.npy,node,0.1,True,vector,128.0,0.8,False,0.0001,50,2,gap,False,32,
1rbfgdol,bzlfi4qw,leafy-sweep-42,128.0,0.01656378246843815,0.32782656371850394,1.1473550106629902,1.033038863593145,,,0.001,64,,True,False,123,2.5,,0.0,yuri,torchchem_v1,test:data/yuri/splits/fold_0_test_indices.npy,node,0.05,True,vector_masked,128.0,0.8,False,1e-05,50,3,HOMO,False,32,
j4meibza,xh84iuna,likely-sweep-62,128.0,0.0032894762698560953,0.05615317474665313,9.312597295515832,8.784321903516627,,,0.001,64,,True,False,123,2.5,,0.0,yuri,torchchem_v1,test:data/yuri/splits/fold_0_test_indices.npy,node,0.0,True,energy,128.0,0.8,False,1e-05,10,3,splitting,False,32,
7w81971m,fpavgbiz,eternal-sweep-48,128.0,0.05806057527661323,0.2233553760652912,0.9227478042535222,0.922305149215576,,,0.001,48,,True,False,123,2.5,,0.0,yuri,torchchem_v1,test:data/yuri/splits/fold_0_test_indices.npy,node,0.1,True,vector,128.0,0.8,False,1e-05,50,3,HOMO,False,32,
4fdbjvom,1v3jgco6,balmy-sweep-64,128.0,0.028275037184357643,0.2561503829884118,1.004287640020728,0.957000140212068,,,0.001,64,,True,False,123,2.5,,0.0,yuri,torchchem_v1,test:data/yuri/splits/fold_0_test_indices.npy,node,0.1,True,vector,128.0,0.8,False,1e-05,25,3,LUMO,False,64,
hkme6rz1,bkpi0ype,logical-sweep-60,128.0,0.0023852877784520388,0.050338270784965874,8.767733658447096,8.181691877142212,,,0.0005,64,,True,False,123,2.5,,0.0,yuri,torchchem_v1,test:data/yuri/splits/fold_0_test_indices.npy,both,0.0,True,vector_masked,128.0,0.8,False,1e-05,25,2,splitting,False,16,
jug0l66g,y6iw3edy,youthful-sweep-47,128.0,0.007352542132139206,0.13230473031129303,0.034388695260778555,0.03384091941183037,,,0.001,48,,True,False,123,10.0,,0.0,yuri,torchchem_v1,test:data/yuri/splits/fold_0_test_indices.npy,both,0.0,True,vector_masked,128.0,0.8,False,1e-05,10,3,hirshfeld,False,32,
7yxitnhy,47bcozmh,feasible-sweep-60,128.0,0.0009057966526597738,0.13059402437045656,0.03239946001758862,0.03193702442090977,,,0.0005,64,,True,False,123,2.5,,0.0,yuri,torchchem_v1,test:data/yuri/splits/fold_0_test_indices.npy,both,0.0,True,energy,128.0,0.8,False,0.0,10,3,hirshfeld,False,64,
9ywub1te,fcgcomyp,cosmic-sweep-37,128.0,0.02731410041451454,0.4597339820245217,2.4785850746878713,2.3488721674196182,,,0.001,64,,True,False,123,10.0,,0.0,yuri,torchchem_v1,test:data/yuri/splits/fold_0_test_indices.npy,both,0.1,True,vector_masked,128.0,0.8,False,1e-05,25,2,dipole_moment_Debye,False,64,
ofozk8zw,mlm1x5ng,pretty-sweep-42,128.0,0.0006626498652622104,0.283385856526679,1.0883824268955928,1.092859119119271,,,0.001,64,,True,False,123,2.5,,0.0,yuri,torchchem_v1,test:data/yuri/splits/fold_0_test_indices.npy,both,0.0,True,vector_masked,128.0,0.8,False,1e-05,10,3,LUMO,False,32,
kv21rltj,f8eeknq4,daily-sweep-45,128.0,0.05451558902859688,0.6105053900130863,0.4674100885126948,0.4372255998401207,,,0.001,48,,True,False,123,2.5,,0.0,yuri,torchchem_v1,test:data/yuri/splits/fold_0_test_indices.npy,node,0.1,True,vector_masked,128.0,0.8,False,1e-05,50,3,gap,False,64,
gfrsg3ud,xh84iuna,sparkling-sweep-61,128.0,0.029443688690662384,0.06094315416854003,9.463888907355711,9.020263636306096,,,0.001,64,,True,False,123,2.5,,0.0,yuri,torchchem_v1,test:data/yuri/splits/fold_0_test_indices.npy,node,0.05,True,energy,128.0,0.8,False,0.0001,25,2,splitting,False,32,
e86h9lqg,bcsxkqp7,solar-sweep-60,128.0,0.11405400186777116,0.5342192701224623,0.44852231552523664,0.41297404369106905,,,0.001,48,,True,False,123,2.5,,0.0,yuri,torchchem_v1,test:data/yuri/splits/fold_0_test_indices.npy,both,0.1,True,vector,128.0,0.8,False,0.0001,50,3,gap,False,48,
xp532tni,qrpbckee,vital-sweep-47,128.0,0.21985603868961337,0.3554490910008036,2.1520278844646588,1.9060964829869451,,,0.001,64,,True,False,123,10.0,,0.0,yuri,torchchem_v1,test:data/yuri/splits/fold_0_test_indices.npy,both,0.0,True,energy,128.0,0.8,False,1e-05,10,3,dipole_moment_Debye,False,64,
497wlfkb,1v3jgco6,atomic-sweep-63,128.0,0.08004873991012573,0.33862660600450534,1.1637871876771364,1.0556008158589896,,,0.001,64,,True,False,123,2.5,,0.0,yuri,torchchem_v1,test:data/yuri/splits/fold_0_test_indices.npy,node,0.1,True,vector,128.0,0.8,False,1e-05,25,2,LUMO,False,48,
lto5lnpb,bkpi0ype,breezy-sweep-59,128.0,0.00199936400167644,0.06355408775009985,10.12323393624413,8.82794167917063,,,0.0005,48,,True,False,123,5.0,,0.0,yuri,torchchem_v1,test:data/yuri/splits/fold_0_test_indices.npy,both,0.0,True,vector_masked,128.0,0.8,False,1e-05,50,2,splitting,False,16,
ngc8k349,fpavgbiz,lively-sweep-47,128.0,0.014085046947002413,0.2038630699289256,0.9578402711372273,0.9014393284273794,,,0.001,64,,True,False,123,2.5,,0.0,yuri,torchchem_v1,test:data/yuri/splits/fold_0_test_indices.npy,node,0.05,True,vector,128.0,0.8,False,1e-05,25,3,HOMO,False,32,
zkmkq8oa,fcgcomyp,fanciful-sweep-36,128.0,0.39820075035095215,0.4031485108465984,2.324488804303404,2.3541831468336785,,,0.001,16,,True,False,123,10.0,,0.0,yuri,torchchem_v1,test:data/yuri/splits/fold_0_test_indices.npy,node,0.1,True,vector_masked,128.0,0.8,False,1e-05,50,2,dipole_moment_Debye,False,32,
fvnc1az0,f8eeknq4,fearless-sweep-44,128.0,0.043912388384342194,0.6315468446961765,0.4808046977978048,0.46840647962082416,,,0.001,16,,True,False,123,2.5,,0.0,yuri,torchchem_v1,test:data/yuri/splits/fold_0_test_indices.npy,both,0.1,True,vector_masked,128.0,0.8,False,1e-05,25,2,gap,False,64,
9lnk814u,mlm1x5ng,flowing-sweep-41,128.0,0.051912181079387665,0.3044210784137249,1.221235564030445,1.2002027969643263,,,0.0001,64,,True,False,123,2.5,,0.0,yuri,torchchem_v1,test:data/yuri/splits/fold_0_test_indices.npy,both,0.05,True,vector_masked,128.0,0.8,False,1e-05,10,3,LUMO,False,16,
3rxjxicj,47bcozmh,royal-sweep-59,128.0,0.0375375971198082,0.10487369698440206,0.03029341591029589,0.03080917256705812,,,0.001,64,,True,False,123,2.5,,0.0,yuri,torchchem_v1,test:data/yuri/splits/fold_0_test_indices.npy,both,0.05,True,energy,128.0,0.8,False,0.0001,50,3,hirshfeld,False,48,
o86bhcc5,bzlfi4qw,royal-sweep-41,128.0,0.009176421910524368,0.3282735780652227,1.2045849963555688,1.1420012597285891,,,0.001,64,,True,False,123,10.0,,0.0,yuri,torchchem_v1,test:data/yuri/splits/fold_0_test_indices.npy,node,0.1,True,vector_masked,128.0,0.8,False,0.0001,25,3,HOMO,False,32,
1gwuwtup,bcsxkqp7,treasured-sweep-59,128.0,0.07005774229764938,0.4704002257564972,0.4192988073036174,0.40395209089612266,,,0.001,64,,True,False,123,2.5,,0.0,yuri,torchchem_v1,test:data/yuri/splits/fold_0_test_indices.npy,both,0.1,True,energy,128.0,0.8,False,1e-05,50,3,gap,False,48,
i93a7mjd,1v3jgco6,lively-sweep-62,128.0,0.06675121933221817,0.31882011260965776,1.1424039315404897,1.087841573176748,,,0.0005,64,,True,False,123,2.5,,0.0,yuri,torchchem_v1,test:data/yuri/splits/fold_0_test_indices.npy,node,0.05,True,vector,128.0,0.8,False,1e-05,10,2,LUMO,False,16,
73vx1t3z,xh84iuna,robust-sweep-60,128.0,0.0014919312670826912,0.05438782422450082,9.454784407654977,9.092624213396505,,,0.001,64,,True,False,123,5.0,,0.0,yuri,torchchem_v1,test:data/yuri/splits/fold_0_test_indices.npy,node,0.0,True,energy,128.0,0.8,False,1e-05,10,3,splitting,False,64,
mpyu5b9n,bkpi0ype,spring-sweep-58,128.0,0.006642623338848352,0.05563300639262487,8.936666148261407,8.703726741198818,,,0.0001,64,,True,False,123,5.0,,0.0,yuri,torchchem_v1,test:data/yuri/splits/fold_0_test_indices.npy,both,0.0,True,vector_masked,128.0,0.8,False,1e-05,50,2,splitting,False,16,
36ho86xy,fpavgbiz,northern-sweep-46,128.0,0.06290292739868164,0.22824941838866675,0.9740660270743158,0.9197195760397197,,,0.001,32,,True,False,123,2.5,,0.0,yuri,torchchem_v1,test:data/yuri/splits/fold_0_test_indices.npy,node,0.05,True,vector,128.0,0.8,False,1e-05,50,3,HOMO,False,48,
e0r5ffw4,y6iw3edy,different-sweep-46,128.0,0.011940564028918743,0.116683101859586,0.03127615406972333,0.031304611473193314,,,0.0005,64,,True,False,123,10.0,,0.0,yuri,torchchem_v1,test:data/yuri/splits/fold_0_test_indices.npy,both,0.0,True,vector_masked,128.0,0.8,False,0.0001,25,3,hirshfeld,False,16,
h24nknwz,qrpbckee,copper-sweep-46,128.0,0.15963828563690186,0.4496486669984357,2.50569667513213,2.478720094968587,,,5e-05,64,,True,False,123,10.0,,0.0,yuri,torchchem_v1,test:data/yuri/splits/fold_0_test_indices.npy,node,0.0,True,vector,128.0,0.8,False,1e-05,10,2,dipole_moment_Debye,False,16,
wfkp3htu,bcsxkqp7,glamorous-sweep-58,128.0,0.09297598898410796,0.60250157015077,0.44720346012114254,0.4236638456243181,,,0.0005,48,,True,False,123,2.5,,0.0,yuri,torchchem_v1,test:data/yuri/splits/fold_0_test_indices.npy,node,0.1,True,energy,128.0,0.8,False,0.0001,25,2,gap,False,48,
31hjwn0u,f8eeknq4,balmy-sweep-43,128.0,0.6005576252937317,0.582294934525572,0.4688637334326236,0.44577841635624327,,,0.001,64,,True,False,123,2.5,,0.0,yuri,torchchem_v1,test:data/yuri/splits/fold_0_test_indices.npy,node,0.1,True,vector_masked,128.0,0.8,False,0.001,10,3,gap,False,64,
tmllzz2g,mlm1x5ng,trim-sweep-40,128.0,0.008420435711741447,0.29880149476230145,1.198469582730769,1.14982228452348,,,0.001,64,,True,False,123,2.5,,0.0,yuri,torchchem_v1,test:data/yuri/splits/fold_0_test_indices.npy,both,0.05,True,vector_masked,128.0,0.8,False,1e-05,25,3,LUMO,False,48,
ld7n4tzg,bkpi0ype,neat-sweep-57,128.0,0.008583839051425457,0.05863357791355971,9.068657958497258,8.394232693945288,,,0.0001,64,,True,False,123,2.5,,0.0,yuri,torchchem_v1,test:data/yuri/splits/fold_0_test_indices.npy,both,0.0,True,vector_masked,128.0,0.8,False,1e-05,25,2,splitting,False,16,
ziitnrgo,47bcozmh,dark-sweep-58,128.0,0.0726078599691391,0.1264525142594658,0.032523377056713335,0.03181336892512434,,,0.001,48,,True,False,123,2.5,,0.0,yuri,torchchem_v1,test:data/yuri/splits/fold_0_test_indices.npy,both,0.05,True,energy,128.0,0.8,False,0.0001,50,3,hirshfeld,False,16,
mku8wz9k,1v3jgco6,fast-sweep-61,128.0,0.037309419363737106,0.2754022033307059,1.054189528297745,1.021928281489986,,,0.0005,64,,True,False,123,2.5,,0.0,yuri,torchchem_v1,test:data/yuri/splits/fold_0_test_indices.npy,node,0.1,True,vector,128.0,0.8,False,0.0001,25,3,LUMO,False,48,
zklc2d78,xh84iuna,gentle-sweep-59,128.0,0.027467012405395508,0.059604335801097856,9.670851023941587,9.363188090508524,,,0.001,64,,True,False,123,2.5,,0.0,yuri,torchchem_v1,test:data/yuri/splits/fold_0_test_indices.npy,both,0.05,True,energy,128.0,0.8,False,1e-05,25,3,splitting,False,48,
9cuji81l,fpavgbiz,magic-sweep-45,128.0,0.0471392497420311,0.31786085331234437,1.1241031727361943,1.0841870550453163,,,0.0005,64,,True,False,123,5.0,,0.0,yuri,torchchem_v1,test:data/yuri/splits/fold_0_test_indices.npy,node,0.1,True,vector,128.0,0.8,False,1e-05,10,2,HOMO,False,16,
v41erguk,fcgcomyp,volcanic-sweep-35,128.0,0.0017926122527569532,0.30371515195945215,1.9945154868360624,1.9289792228003555,,,0.0005,64,,True,False,123,10.0,,0.0,yuri,torchchem_v1,test:data/yuri/splits/fold_0_test_indices.npy,node,0.0,True,vector_masked,128.0,0.8,False,1e-05,50,3,dipole_moment_Debye,False,16,
374xihwe,bcsxkqp7,deep-sweep-57,128.0,0.004190805368125439,0.4772112929615482,0.4276039593816465,0.407404479825161,,,0.001,64,,True,False,123,2.5,,0.0,yuri,torchchem_v1,test:data/yuri/splits/fold_0_test_indices.npy,node,0.05,True,vector,128.0,0.8,False,1e-05,50,3,gap,False,32,
koijj9lr,bzlfi4qw,dulcet-sweep-40,128.0,0.009909112937748432,0.2630406316241314,1.0597848974480202,1.0360214250638462,,,0.001,64,,True,False,123,10.0,,0.0,yuri,torchchem_v1,test:data/yuri/splits/fold_0_test_indices.npy,node,0.0,True,vector_masked,128.0,0.8,False,1e-05,50,3,HOMO,False,16,
9nhv81fm,bkpi0ype,revived-sweep-56,128.0,0.006020521745085716,0.06402145570208287,9.511471754951645,8.83428450876076,,,0.0001,64,,True,False,123,2.5,,0.0,yuri,torchchem_v1,test:data/yuri/splits/fold_0_test_indices.npy,both,0.0,True,vector_masked,128.0,0.8,False,1e-05,10,2,splitting,False,32,
2dwwxct3,y6iw3edy,sweepy-sweep-45,128.0,0.00605305191129446,0.09633768388423426,0.031233722029875975,0.030916737604097952,,,0.001,48,,True,False,123,10.0,,0.0,yuri,torchchem_v1,test:data/yuri/splits/fold_0_test_indices.npy,node,0.0,True,vector_masked,128.0,0.8,False,0.0001,10,3,hirshfeld,False,32,
07cohoah,qrpbckee,flowing-sweep-45,128.0,0.0374385230243206,0.32538260904879407,2.0773051996413243,1.978318921482988,,,0.001,64,,True,False,123,10.0,,0.0,yuri,torchchem_v1,test:data/yuri/splits/fold_0_test_indices.npy,node,0.05,True,energy,128.0,0.8,False,1e-05,10,2,dipole_moment_Debye,False,16,
bvi7fdxq,f8eeknq4,genial-sweep-42,128.0,0.02170410379767418,0.5359394534908491,0.4451698865157612,0.4304773761536519,,,0.0005,64,,True,False,123,2.5,,0.0,yuri,torchchem_v1,test:data/yuri/splits/fold_0_test_indices.npy,both,0.05,True,vector_masked,128.0,0.8,False,0.0001,10,3,gap,False,64,
6pxromnw,47bcozmh,solar-sweep-57,128.0,0.017775021493434906,0.1255077101804059,0.03581694258675464,0.035081288437971606,,,0.001,64,,True,False,123,2.5,,0.0,yuri,torchchem_v1,test:data/yuri/splits/fold_0_test_indices.npy,both,0.05,True,energy,128.0,0.8,False,0.001,50,2,hirshfeld,False,32,
tewxyb10,1v3jgco6,copper-sweep-60,128.0,0.03573578596115112,0.3265069577971409,1.1747094146738004,1.079536726556377,,,0.0005,64,,True,False,123,5.0,,0.0,yuri,torchchem_v1,test:data/yuri/splits/fold_0_test_indices.npy,node,0.1,True,vector,128.0,0.8,False,1e-05,25,2,LUMO,False,48,
k44vd2m7,bcsxkqp7,dutiful-sweep-56,128.0,0.03252151608467102,0.5471452639020723,0.457303969940067,0.4157472849819614,,,0.001,64,,True,False,123,2.5,,0.0,yuri,torchchem_v1,test:data/yuri/splits/fold_0_test_indices.npy,node,0.1,True,vector,128.0,0.8,False,1e-05,50,2,gap,False,48,
pcbjt5y4,mlm1x5ng,easy-sweep-39,128.0,0.03656448796391487,0.29197641539162605,1.1613014463345186,1.1478062981236303,,,0.0005,64,,True,False,123,5.0,,0.0,yuri,torchchem_v1,test:data/yuri/splits/fold_0_test_indices.npy,both,0.05,True,vector_masked,128.0,0.8,False,1e-05,50,3,LUMO,False,48,
9gti7h68,fpavgbiz,sage-sweep-44,128.0,0.06714298576116562,0.3080643480322484,1.0839012460682225,1.0681240629179922,,,0.001,64,,True,False,123,5.0,,0.0,yuri,torchchem_v1,test:data/yuri/splits/fold_0_test_indices.npy,node,0.05,True,vector,128.0,0.8,False,1e-05,50,2,HOMO,False,16,
2pl5u7do,xh84iuna,devoted-sweep-58,128.0,0.012894819490611551,0.0490611861299338,9.220833928395558,8.477981825473037,,,0.001,64,,True,False,123,5.0,,0.0,yuri,torchchem_v1,test:data/yuri/splits/fold_0_test_indices.npy,both,0.0,True,energy,128.0,0.8,False,0.0001,10,3,splitting,False,16,
i1xuuz91,bkpi0ype,swept-sweep-55,128.0,0.011011263355612757,0.05569566299753456,9.511977209627888,9.01285260447596,,,0.0005,64,,True,False,123,5.0,,0.0,yuri,torchchem_v1,test:data/yuri/splits/fold_0_test_indices.npy,both,0.05,True,vector_masked,128.0,0.8,False,1e-05,10,2,splitting,False,16,
w3kdbzrr,bzlfi4qw,lucky-sweep-39,128.0,0.004228868056088686,0.2497022821214692,1.044458870356149,1.028895732833261,,,0.001,64,,True,False,123,5.0,,0.0,yuri,torchchem_v1,test:data/yuri/splits/fold_0_test_indices.npy,node,0.0,True,vector_masked,128.0,0.8,False,1e-05,50,3,HOMO,False,64,
0dpl6dmh,bcsxkqp7,chocolate-sweep-55,128.0,0.023934584110975266,0.47356119854696865,0.4243049688695776,0.3992159702201048,,,0.001,64,,True,False,123,2.5,,0.0,yuri,torchchem_v1,test:data/yuri/splits/fold_0_test_indices.npy,node,0.1,True,energy,128.0,0.8,False,1e-05,25,2,gap,False,32,
wdiappik,fcgcomyp,graceful-sweep-34,128.0,0.02443639561533928,0.35875866176753207,2.1097922339097774,1.993435915774323,,,0.001,48,,True,False,123,10.0,,0.0,yuri,torchchem_v1,test:data/yuri/splits/fold_0_test_indices.npy,node,0.05,True,vector_masked,128.0,0.8,False,1e-05,25,3,dipole_moment_Debye,False,32,
djxvmkzg,f8eeknq4,radiant-sweep-41,128.0,0.09497810900211334,0.4833978306630562,0.4308714662778816,0.4239075680688246,,,0.001,64,,True,False,123,2.5,,0.0,yuri,torchchem_v1,test:data/yuri/splits/fold_0_test_indices.npy,both,0.1,True,vector_masked,128.0,0.8,False,1e-05,10,3,gap,False,64,
ubvm617e,1v3jgco6,fiery-sweep-59,128.0,0.026589609682559967,0.2808487069760931,1.0298794226568726,1.0322415585499398,,,0.0005,64,,True,False,123,2.5,,0.0,yuri,torchchem_v1,test:data/yuri/splits/fold_0_test_indices.npy,node,0.1,True,vector,128.0,0.8,False,1e-05,25,2,LUMO,False,64,
s70tdjsa,47bcozmh,fluent-sweep-56,128.0,0.01050838828086853,0.1228252257509478,0.03125503208262896,0.030459315677901173,,,0.001,48,,True,False,123,2.5,,0.0,yuri,torchchem_v1,test:data/yuri/splits/fold_0_test_indices.npy,both,0.0,True,energy,128.0,0.8,False,0.0001,25,3,hirshfeld,False,32,
c2t9nal5,y6iw3edy,comfy-sweep-44,128.0,0.013028555549681188,0.11055436470256798,0.03068531412405849,0.03070401830481807,,,0.0005,64,,True,False,123,5.0,,0.0,yuri,torchchem_v1,test:data/yuri/splits/fold_0_test_indices.npy,node,0.0,True,vector_masked,128.0,0.8,False,0.0001,10,3,hirshfeld,False,16,
fvpjtbu8,fpavgbiz,misty-sweep-43,128.0,0.008210131898522377,0.26679276212536057,1.0401920561989992,1.0176237170069,,,0.001,48,,True,False,123,2.5,,0.0,yuri,torchchem_v1,test:data/yuri/splits/fold_0_test_indices.npy,node,0.0,True,vector,128.0,0.8,False,1e-05,10,2,HOMO,False,16,
0exkceuc,mlm1x5ng,classic-sweep-38,128.0,0.0008558128611184657,0.3026421648803456,1.1290426900525334,1.1158077075710298,,,0.001,64,,True,False,123,2.5,,0.0,yuri,torchchem_v1,test:data/yuri/splits/fold_0_test_indices.npy,both,0.0,True,vector_masked,128.0,0.8,False,1e-05,50,3,LUMO,False,32,
imrcv6c5,xh84iuna,ethereal-sweep-57,128.0,0.043113358318805695,0.07265860189137788,10.879193309427745,9.584702175713495,,,0.001,64,,True,False,123,2.5,,0.0,yuri,torchchem_v1,test:data/yuri/splits/fold_0_test_indices.npy,both,0.0,True,energy,128.0,0.8,False,0.001,25,3,splitting,False,16,
8aq9hot5,bkpi0ype,rare-sweep-54,128.0,0.00532918144017458,0.053569515428409493,9.037548756035438,8.970070195667518,,,0.0001,64,,True,False,123,5.0,,0.0,yuri,torchchem_v1,test:data/yuri/splits/fold_0_test_indices.npy,both,0.0,True,vector_masked,128.0,0.8,False,1e-05,25,2,splitting,False,32,
e4jztftk,qrpbckee,fanciful-sweep-44,128.0,0.0020621195435523987,0.2676865638330065,1.8653445186974933,1.751315343866904,,,0.0005,64,,True,False,123,10.0,,0.0,yuri,torchchem_v1,test:data/yuri/splits/fold_0_test_indices.npy,node,0.0,True,energy,128.0,0.8,False,1e-05,10,3,dipole_moment_Debye,False,48,
3rdn1glm,bcsxkqp7,absurd-sweep-54,128.0,0.09315864741802216,0.5280733940930202,0.4415857118110232,0.4213524268871339,,,0.001,16,,True,False,123,2.5,,0.0,yuri,torchchem_v1,test:data/yuri/splits/fold_0_test_indices.npy,both,0.05,True,energy,128.0,0.8,False,0.0001,50,2,gap,False,64,
q2mdqaxo,1v3jgco6,lucky-sweep-58,128.0,0.028082076460123066,0.3191090412437916,1.0874071730496917,1.0643315423866648,,,0.001,64,,True,False,123,2.5,,0.0,yuri,torchchem_v1,test:data/yuri/splits/fold_0_test_indices.npy,node,0.05,True,vector,128.0,0.8,False,1e-05,25,2,LUMO,False,48,
u37xaqam,f8eeknq4,floral-sweep-40,128.0,0.03412681818008423,0.5289468888578743,0.4404885001984912,0.42144229154843904,,,0.0005,32,,True,False,123,2.5,,0.0,yuri,torchchem_v1,test:data/yuri/splits/fold_0_test_indices.npy,both,0.05,True,vector_masked,128.0,0.8,False,1e-05,10,3,gap,False,64,
j7sapcg0,fpavgbiz,unique-sweep-42,128.0,0.011815957725048063,0.26490561940289775,1.0753041117674496,1.0192031826555346,,,0.001,64,,True,False,123,2.5,,0.0,yuri,torchchem_v1,test:data/yuri/splits/fold_0_test_indices.npy,node,0.0,True,vector,128.0,0.8,False,0.0001,10,2,HOMO,False,32,
mtsbaj27,47bcozmh,likely-sweep-55,128.0,0.03808934614062309,0.12466147657612274,0.03367173431760786,0.03127434097539947,,,0.001,64,,True,False,123,2.5,,0.0,yuri,torchchem_v1,test:data/yuri/splits/fold_0_test_indices.npy,both,0.1,True,energy,128.0,0.8,False,1e-05,50,3,hirshfeld,False,64,
yqypmil0,fcgcomyp,azure-sweep-33,128.0,0.0388096384704113,0.3522798963661852,2.064463698112653,2.0560462362246237,,,0.001,64,,True,False,123,10.0,,0.0,yuri,torchchem_v1,test:data/yuri/splits/fold_0_test_indices.npy,both,0.05,True,vector_masked,128.0,0.8,False,1e-05,10,2,dipole_moment_Debye,False,16,
0dipd8g4,mlm1x5ng,eager-sweep-37,128.0,0.02325242944061756,0.31242299638688564,1.13995801649045,1.1410702099298138,,,0.001,64,,True,False,123,2.5,,0.0,yuri,torchchem_v1,test:data/yuri/splits/fold_0_test_indices.npy,node,0.05,True,vector_masked,128.0,0.8,False,1e-05,50,3,LUMO,False,64,
v2kvhyof,bkpi0ype,peachy-sweep-53,128.0,0.07135055959224701,0.05781361576298188,9.371170932544048,9.308686383324568,,,0.0001,48,,True,False,123,5.0,,0.0,yuri,torchchem_v1,test:data/yuri/splits/fold_0_test_indices.npy,both,0.05,True,vector_masked,128.0,0.8,False,1e-05,10,2,splitting,False,16,
hswwuz9g,bzlfi4qw,distinctive-sweep-38,128.0,0.07551831007003784,0.26118248842399694,1.1087185600144038,1.04427991135635,,,0.001,64,,True,False,123,10.0,,0.0,yuri,torchchem_v1,test:data/yuri/splits/fold_0_test_indices.npy,node,0.1,True,vector_masked,128.0,0.8,False,1e-05,10,3,HOMO,False,48,
bysho7m5,y6iw3edy,genial-sweep-43,128.0,0.006817231886088848,0.10090105879473787,0.029374044902676005,0.028915395731794583,,,0.0005,48,,True,False,123,10.0,,0.0,yuri,torchchem_v1,test:data/yuri/splits/fold_0_test_indices.npy,node,0.0,True,vector_masked,128.0,0.8,False,1e-05,10,3,hirshfeld,False,16,
fzl5b87g,bcsxkqp7,genial-sweep-53,128.0,0.046468041837215424,0.596950131757506,0.4632514717661965,0.4441437769875356,,,0.001,64,,True,False,123,5.0,,0.0,yuri,torchchem_v1,test:data/yuri/splits/fold_0_test_indices.npy,node,0.05,True,energy,128.0,0.8,False,0.0001,10,2,gap,False,64,
yl53hmko,1v3jgco6,cosmic-sweep-57,128.0,0.13455626368522644,0.3307548612356186,1.1570007539963554,1.082369425993837,,,0.001,64,,True,False,123,2.5,,0.0,yuri,torchchem_v1,test:data/yuri/splits/fold_0_test_indices.npy,node,0.1,True,vector,128.0,0.8,False,1e-05,50,2,LUMO,False,48,
75tqib03,xh84iuna,ethereal-sweep-56,128.0,0.003857514588162303,0.058509859930852365,9.42417149810513,8.52516914540356,,,0.001,64,,True,False,123,5.0,,0.0,yuri,torchchem_v1,test:data/yuri/splits/fold_0_test_indices.npy,both,0.0,True,energy,128.0,0.8,False,1e-05,10,3,splitting,False,16,
jdxkdb7g,f8eeknq4,firm-sweep-39,128.0,0.07480530440807343,0.5461102657277008,0.4584926128770387,0.4264923894593157,,,0.001,48,,True,False,123,2.5,,0.0,yuri,torchchem_v1,test:data/yuri/splits/fold_0_test_indices.npy,both,0.1,True,vector_masked,128.0,0.8,False,1e-05,50,3,gap,False,64,
wpuzlgu4,fpavgbiz,wandering-sweep-41,128.0,0.011240268126130104,0.2444013230631064,0.935897320560716,0.9166775698158413,,,0.0005,64,,True,False,123,2.5,,0.0,yuri,torchchem_v1,test:data/yuri/splits/fold_0_test_indices.npy,node,0.05,True,vector,128.0,0.8,False,1e-05,50,3,HOMO,False,48,
8vhcilz0,bkpi0ype,fresh-sweep-52,128.0,0.02945893257856369,0.053320960880353534,9.24482827748384,8.824888800895943,,,5e-05,64,,True,False,123,2.5,,0.0,yuri,torchchem_v1,test:data/yuri/splits/fold_0_test_indices.npy,both,0.05,True,vector_masked,128.0,0.8,False,1e-05,25,2,splitting,False,16,
3dnj8w5a,bcsxkqp7,flowing-sweep-52,128.0,0.10757017880678175,0.8530854993853075,0.5433575919229873,0.4329390520900732,,,0.001,16,,True,False,123,2.5,,0.0,yuri,torchchem_v1,test:data/yuri/splits/fold_0_test_indices.npy,node,0.0,True,energy,128.0,0.8,False,1e-05,50,2,gap,False,32,
qe7xap23,mlm1x5ng,zany-sweep-36,128.0,0.0009256370249204338,0.2991710269245608,1.1391861099777127,1.1202927537063243,,,0.001,64,,True,False,123,2.5,,0.0,yuri,torchchem_v1,test:data/yuri/splits/fold_0_test_indices.npy,both,0.0,True,vector_masked,128.0,0.8,False,1e-05,25,3,LUMO,False,48,
l6w0nvbq,qrpbckee,stellar-sweep-43,128.0,0.46609991788864136,0.2871027556729728,2.112763371079799,2.014837211214831,,,0.001,64,,True,False,123,10.0,,0.0,yuri,torchchem_v1,test:data/yuri/splits/fold_0_test_indices.npy,both,0.1,True,vector,128.0,0.8,False,1e-05,10,3,dipole_moment_Debye,False,48,
9xl8daze,y6iw3edy,glowing-sweep-42,128.0,0.00136312167160213,0.1342608057412094,0.03110455812629327,0.030635995867590648,,,0.001,48,,True,False,123,2.5,,0.0,yuri,torchchem_v1,test:data/yuri/splits/fold_0_test_indices.npy,both,0.0,True,vector_masked,128.0,0.8,False,1e-05,50,3,hirshfeld,False,64,
w2qdzq7g,1v3jgco6,honest-sweep-56,128.0,0.1823178231716156,0.3339386820022402,1.0834552706536176,1.0228505149914715,,,0.001,48,,True,False,123,2.5,,0.0,yuri,torchchem_v1,test:data/yuri/splits/fold_0_test_indices.npy,node,0.1,True,vector,128.0,0.8,False,1e-05,25,3,LUMO,False,16,
403ef0j0,47bcozmh,ethereal-sweep-54,128.0,0.06993067264556885,0.16177643835544586,0.040596035815124776,0.04107332123246456,,,0.001,64,,True,False,123,5.0,,0.0,yuri,torchchem_v1,test:data/yuri/splits/fold_0_test_indices.npy,both,0.05,True,energy,128.0,0.8,False,0.001,25,3,hirshfeld,False,16,
7erdvvnm,bzlfi4qw,rose-sweep-37,128.0,0.15774595737457275,0.3206076827542535,1.2132789038513316,1.123974607765171,,,0.001,64,,True,False,123,5.0,,0.0,yuri,torchchem_v1,test:data/yuri/splits/fold_0_test_indices.npy,node,0.05,True,vector_masked,128.0,0.8,False,0.0001,10,3,HOMO,False,64,
vjcwyuel,xh84iuna,zany-sweep-55,128.0,0.0009090701933018864,0.056753628911322046,8.694503308487132,8.50620353578963,,,0.0005,64,,True,False,123,2.5,,0.0,yuri,torchchem_v1,test:data/yuri/splits/fold_0_test_indices.npy,both,0.0,True,energy,128.0,0.8,False,1e-05,10,3,splitting,False,32,
hgbqj8z0,bkpi0ype,super-sweep-51,128.0,0.008363967761397362,0.06024440946378585,9.042556446108582,8.468715472657033,,,0.0001,64,,True,False,123,2.5,,0.0,yuri,torchchem_v1,test:data/yuri/splits/fold_0_test_indices.npy,both,0.0,True,vector_masked,128.0,0.8,False,1e-05,25,2,splitting,False,16,
vpd2sz5j,fpavgbiz,misunderstood-sweep-40,128.0,0.07964002341032028,0.26155347351370184,1.0339410484011178,1.0106863911336237,,,0.001,48,,True,False,123,2.5,,0.0,yuri,torchchem_v1,test:data/yuri/splits/fold_0_test_indices.npy,node,0.05,True,vector,128.0,0.8,False,1e-05,25,2,HOMO,False,16,
2qu4tdza,bcsxkqp7,dauntless-sweep-51,128.0,0.48093798756599426,0.5456753938362516,0.4717750553948857,0.4536069240511317,,,5e-05,16,,True,False,123,2.5,,0.0,yuri,torchchem_v1,test:data/yuri/splits/fold_0_test_indices.npy,both,0.0,True,energy,128.0,0.8,False,0.0,50,2,gap,False,16,
7izuzmcq,f8eeknq4,playful-sweep-38,128.0,0.11783277988433838,0.5083750142105694,0.4190091548813614,0.4170258249767718,,,0.001,64,,True,False,123,2.5,,0.0,yuri,torchchem_v1,test:data/yuri/splits/fold_0_test_indices.npy,both,0.1,True,vector_masked,128.0,0.8,False,1e-05,25,3,gap,False,48,
8bhwqd80,fcgcomyp,lilac-sweep-32,128.0,0.017096783965826035,0.3525647937223829,2.0280410061586993,1.949261051217259,,,0.001,64,,True,False,123,10.0,,0.0,yuri,torchchem_v1,test:data/yuri/splits/fold_0_test_indices.npy,node,0.05,True,vector_masked,128.0,0.8,False,1e-05,25,3,dipole_moment_Debye,False,48,
dzk5fcdp,y6iw3edy,super-sweep-41,128.0,0.014760316349565985,0.14973419721655803,0.03458591222038929,0.033159356927282446,,,0.0001,64,,True,False,123,2.5,,0.0,yuri,torchchem_v1,test:data/yuri/splits/fold_0_test_indices.npy,node,0.0,True,vector_masked,128.0,0.8,False,1e-05,25,3,hirshfeld,False,16,
zbizimah,bkpi0ype,firm-sweep-50,128.0,0.0020277227740734816,0.05825184170028259,9.273559839273902,8.81876235603498,,,0.0005,48,,True,False,123,2.5,,0.0,yuri,torchchem_v1,test:data/yuri/splits/fold_0_test_indices.npy,both,0.0,True,vector_masked,128.0,0.8,False,1e-05,10,2,splitting,False,16,
22l86ybt,qrpbckee,apricot-sweep-42,128.0,0.02166767045855522,0.28109605237841606,1.8663282590906811,1.791731797167287,,,0.001,32,,True,False,123,10.0,,0.0,yuri,torchchem_v1,test:data/yuri/splits/fold_0_test_indices.npy,node,0.05,True,energy,128.0,0.8,False,1e-05,10,3,dipole_moment_Debye,False,32,
0skvysfj,1v3jgco6,devout-sweep-55,128.0,0.05819694325327873,0.3001453868787864,1.0930969479456225,1.0909974724039726,,,0.001,64,,True,False,123,2.5,,0.0,yuri,torchchem_v1,test:data/yuri/splits/fold_0_test_indices.npy,node,0.05,True,vector,128.0,0.8,False,1e-05,10,3,LUMO,False,48,
9i1cgwus,xh84iuna,golden-sweep-54,128.0,0.010429156944155691,0.05944507196545601,9.348999689582731,8.977655258537602,,,0.001,64,,True,False,123,2.5,,0.0,yuri,torchchem_v1,test:data/yuri/splits/fold_0_test_indices.npy,both,0.05,True,energy,128.0,0.8,False,1e-05,10,3,splitting,False,16,
z4ycxfe4,bcsxkqp7,amber-sweep-50,128.0,0.03204721957445145,0.43357556390351265,0.40372291283381273,0.40284535138001,,,0.001,48,,True,False,123,2.5,,0.0,yuri,torchchem_v1,test:data/yuri/splits/fold_0_test_indices.npy,both,0.1,True,vector,128.0,0.8,False,1e-05,50,3,gap,False,32,
y39gfff0,mlm1x5ng,lucky-sweep-35,128.0,0.010345284827053549,0.32426639928899964,1.2042574237175432,1.150665446289406,,,0.0005,64,,True,False,123,5.0,,0.0,yuri,torchchem_v1,test:data/yuri/splits/fold_0_test_indices.npy,both,0.05,True,vector_masked,128.0,0.8,False,1e-05,25,3,LUMO,False,32,
0ma5lzdy,fpavgbiz,lyric-sweep-39,128.0,0.02535487338900566,0.2312463938804536,0.9564661924350222,0.92543711129327,,,0.001,48,,True,False,123,2.5,,0.0,yuri,torchchem_v1,test:data/yuri/splits/fold_0_test_indices.npy,node,0.05,True,vector,128.0,0.8,False,1e-05,50,3,HOMO,False,64,
8rgqp0f3,f8eeknq4,iconic-sweep-37,128.0,0.028706317767500877,0.5320970637017283,0.4434567686212654,0.4372204197174765,,,0.001,64,,True,False,123,2.5,,0.0,yuri,torchchem_v1,test:data/yuri/splits/fold_0_test_indices.npy,both,0.1,True,vector_masked,128.0,0.8,False,1e-05,10,3,gap,False,16,
xuzphr5z,bkpi0ype,fallen-sweep-49,128.0,0.022861875593662265,0.07279537380512419,10.654164561876172,10.339330303483948,,,5e-05,32,,True,False,123,2.5,,0.0,yuri,torchchem_v1,test:data/yuri/splits/fold_0_test_indices.npy,both,0.0,True,vector_masked,128.0,0.8,False,0.0001,10,2,splitting,False,16,
gxafwyko,47bcozmh,frosty-sweep-53,128.0,0.017275748774409294,0.1128940436475236,0.03332278903534175,0.03094098494108708,,,0.001,64,,True,False,123,5.0,,0.0,yuri,torchchem_v1,test:data/yuri/splits/fold_0_test_indices.npy,both,0.05,True,energy,128.0,0.8,False,1e-05,50,3,hirshfeld,False,48,
z3kd4yd7,1v3jgco6,distinctive-sweep-54,128.0,0.014757059514522552,0.32007516766416616,1.2046106327043768,1.1422512606720576,,,0.0005,48,,True,False,123,2.5,,0.0,yuri,torchchem_v1,test:data/yuri/splits/fold_0_test_indices.npy,node,0.0,True,vector,128.0,0.8,False,0.0001,10,2,LUMO,False,32,
o1px6jqv,bzlfi4qw,happy-sweep-36,128.0,0.07027740776538849,0.34340966197437256,1.1399228019711924,1.113529019612077,,,0.001,64,,True,False,123,10.0,,0.0,yuri,torchchem_v1,test:data/yuri/splits/fold_0_test_indices.npy,node,0.05,True,vector_masked,128.0,0.8,False,1e-05,25,3,HOMO,False,64,
tfhk76bt,bcsxkqp7,robust-sweep-49,128.0,0.31435203552246094,0.573554249159221,0.46098994036793506,0.42239934163533194,,,0.001,32,,True,False,123,2.5,,0.0,yuri,torchchem_v1,test:data/yuri/splits/fold_0_test_indices.npy,both,0.0,True,energy,128.0,0.8,False,0.001,50,2,gap,False,16,
sarhawqf,xh84iuna,spring-sweep-53,128.0,0.01578688994050026,0.06582547961894808,10.27013559032061,9.049426480714851,,,0.001,64,,True,False,123,2.5,,0.0,yuri,torchchem_v1,test:data/yuri/splits/fold_0_test_indices.npy,both,0.0,True,energy,128.0,0.8,False,0.0001,50,2,splitting,False,32,
sufg4a8q,fcgcomyp,dry-sweep-31,128.0,0.004662062972784042,0.380589670148389,2.225982856737322,2.1073999682336493,,,0.001,64,,True,False,123,10.0,,0.0,yuri,torchchem_v1,test:data/yuri/splits/fold_0_test_indices.npy,node,0.0,True,vector_masked,128.0,0.8,False,1e-05,10,2,dipole_moment_Debye,False,16,
jsz9rub9,y6iw3edy,driven-sweep-40,128.0,0.008684692904353142,0.12223368915247508,0.03053985956760377,0.03064089747995922,,,0.0005,64,,True,False,123,2.5,,0.0,yuri,torchchem_v1,test:data/yuri/splits/fold_0_test_indices.npy,both,0.05,True,vector_masked,128.0,0.8,False,1e-05,50,3,hirshfeld,False,32,
rn5px6z3,mlm1x5ng,worldly-sweep-34,128.0,0.0019204046111553907,0.3810935297916675,1.264979442181036,1.2207377095667844,,,0.001,64,,True,False,123,2.5,,0.0,yuri,torchchem_v1,test:data/yuri/splits/fold_0_test_indices.npy,both,0.0,True,vector_masked,128.0,0.8,False,1e-05,25,3,LUMO,False,64,
oo31t7yt,qrpbckee,toasty-sweep-41,128.0,0.036176037043333054,0.3266223503340935,1.968655440809325,1.879940887193574,,,0.001,64,,True,False,123,10.0,,0.0,yuri,torchchem_v1,test:data/yuri/splits/fold_0_test_indices.npy,node,0.1,True,energy,128.0,0.8,False,1e-05,10,2,dipole_moment_Debye,False,16,
dme72kzp,f8eeknq4,lemon-sweep-36,128.0,0.052397869527339935,0.5607239778699546,0.4646859188326245,0.41906339830802425,,,0.001,64,,True,False,123,2.5,,0.0,yuri,torchchem_v1,test:data/yuri/splits/fold_0_test_indices.npy,both,0.1,True,vector_masked,128.0,0.8,False,0.0001,10,3,gap,False,64,
ndqxv9nt,bkpi0ype,astral-sweep-48,128.0,0.004386101383715868,0.06023402538568039,8.912390779400681,8.788600327066344,,,0.0005,64,,True,False,123,2.5,,0.0,yuri,torchchem_v1,test:data/yuri/splits/fold_0_test_indices.npy,both,0.05,True,vector_masked,128.0,0.8,False,1e-05,10,3,splitting,False,16,
drhwpbm9,47bcozmh,stellar-sweep-52,128.0,0.06516759842634201,0.13226794554241772,0.03211172636821234,0.029996394384452143,,,0.001,48,,True,False,123,2.5,,0.0,yuri,torchchem_v1,test:data/yuri/splits/fold_0_test_indices.npy,both,0.05,True,energy,128.0,0.8,False,0.0001,50,2,hirshfeld,False,32,
bvay6jsj,fpavgbiz,misunderstood-sweep-38,128.0,0.06438858062028885,0.344768682687447,1.2427111834343294,1.1922641790445612,,,0.001,64,,True,False,123,10.0,,0.0,yuri,torchchem_v1,test:data/yuri/splits/fold_0_test_indices.npy,both,0.1,True,vector,128.0,0.8,False,1e-05,50,2,HOMO,False,32,
4kaxm83c,1v3jgco6,divine-sweep-53,128.0,0.04667951911687851,0.2724367968481162,1.068282340431179,1.0453383455248193,,,0.0005,64,,True,False,123,2.5,,0.0,yuri,torchchem_v1,test:data/yuri/splits/fold_0_test_indices.npy,node,0.1,True,vector,128.0,0.8,False,1e-05,10,2,LUMO,False,16,
rj3yuxgl,bcsxkqp7,firm-sweep-48,128.0,0.028658106923103333,0.5209204266811239,0.4484997999344297,0.4124213538448768,,,0.001,64,,True,False,123,2.5,,0.0,yuri,torchchem_v1,test:data/yuri/splits/fold_0_test_indices.npy,both,0.0,True,energy,128.0,0.8,False,0.0001,50,2,gap,False,64,
57d0c2bu,xh84iuna,golden-sweep-52,128.0,0.0010576777858659625,0.05910962405775127,9.619542354449196,8.7089412506661,,,0.001,64,,True,False,123,2.5,,0.0,yuri,torchchem_v1,test:data/yuri/splits/fold_0_test_indices.npy,both,0.0,True,energy,128.0,0.8,False,1e-05,10,2,splitting,False,32,
c9lg1whk,y6iw3edy,graceful-sweep-39,128.0,0.003755927318707109,0.11607959551800942,0.03151223264916322,0.03136586719269155,,,0.001,64,,True,False,123,2.5,,0.0,yuri,torchchem_v1,test:data/yuri/splits/fold_0_test_indices.npy,node,0.0,True,vector_masked,128.0,0.8,False,1e-05,25,3,hirshfeld,False,16,
0j6oszyg,fcgcomyp,rural-sweep-30,128.0,0.02109822817146778,0.3347502392556133,2.085222527553116,1.971083499988734,,,0.001,48,,True,False,123,10.0,,0.0,yuri,torchchem_v1,test:data/yuri/splits/fold_0_test_indices.npy,both,0.05,True,vector_masked,128.0,0.8,False,1e-05,25,2,dipole_moment_Debye,False,16,
b82xbilk,bzlfi4qw,volcanic-sweep-35,128.0,0.05196842551231384,0.29962135449951066,1.0373867616178152,0.9925188142904986,,,0.001,64,,True,False,123,5.0,,0.0,yuri,torchchem_v1,test:data/yuri/splits/fold_0_test_indices.npy,node,0.05,True,vector_masked,128.0,0.8,False,1e-05,10,3,HOMO,False,64,
tk4gkuns,mlm1x5ng,curious-sweep-33,128.0,0.0014089202741160989,0.3080671600483615,1.151787442896996,1.1365638042590018,,,0.0005,64,,True,False,123,2.5,,0.0,yuri,torchchem_v1,test:data/yuri/splits/fold_0_test_indices.npy,both,0.0,True,vector_masked,128.0,0.8,False,1e-05,50,3,LUMO,False,32,
yjxqylzf,f8eeknq4,fiery-sweep-35,128.0,0.08158637583255768,0.4984891887368827,0.4278097986489256,0.4092016733696234,,,0.001,32,,True,False,123,2.5,,0.0,yuri,torchchem_v1,test:data/yuri/splits/fold_0_test_indices.npy,both,0.1,True,vector_masked,128.0,0.8,False,1e-05,10,3,gap,False,64,
8loewfyf,bcsxkqp7,icy-sweep-47,128.0,0.04933388903737068,0.48925153769809626,0.41551497982348495,0.4158609154079959,,,0.001,48,,True,False,123,2.5,,0.0,yuri,torchchem_v1,test:data/yuri/splits/fold_0_test_indices.npy,both,0.05,True,energy,128.0,0.8,False,0.0001,50,2,gap,False,64,
d81h9glc,1v3jgco6,royal-sweep-52,128.0,0.06123474985361099,0.29014742400111826,1.159776892282692,1.100217928464598,,,0.0005,48,,True,False,123,2.5,,0.0,yuri,torchchem_v1,test:data/yuri/splits/fold_0_test_indices.npy,node,0.1,True,vector,128.0,0.8,False,0.0001,10,2,LUMO,False,16,
tklrxcuc,fpavgbiz,sage-sweep-37,128.0,0.0347101055085659,0.3167530611028959,1.0352138744953154,1.040359304480407,,,0.001,64,,True,False,123,2.5,,0.0,yuri,torchchem_v1,test:data/yuri/splits/fold_0_test_indices.npy,both,0.1,True,vector,128.0,0.8,False,1e-05,25,2,HOMO,False,32,
d29flb4h,xh84iuna,flowing-sweep-51,128.0,0.015444928780198095,0.07192194872889025,10.300123644890808,8.936375478191673,,,0.0005,64,,True,False,123,2.5,,0.0,yuri,torchchem_v1,test:data/yuri/splits/fold_0_test_indices.npy,both,0.0,True,energy,128.0,0.8,False,0.0001,10,3,splitting,False,48,
vtacuc93,bkpi0ype,fine-sweep-47,128.0,0.005330401007086039,0.05690037783492228,9.435009836912831,8.949969589312735,,,0.0005,64,,True,False,123,10.0,,0.0,yuri,torchchem_v1,test:data/yuri/splits/fold_0_test_indices.npy,both,0.0,True,vector_masked,128.0,0.8,False,0.0001,10,2,splitting,False,16,
4mb2y94b,47bcozmh,legendary-sweep-51,128.0,0.3231709599494934,0.14208664841436106,0.03776130432208906,0.0372586308221173,,,0.001,32,,True,False,123,2.5,,0.0,yuri,torchchem_v1,test:data/yuri/splits/fold_0_test_indices.npy,both,0.1,True,energy,128.0,0.8,False,0.001,25,3,hirshfeld,False,16,
lsktxw10,qrpbckee,legendary-sweep-40,128.0,0.0699872076511383,0.34275440846023886,2.154509068307381,2.0067550555768263,,,0.001,64,,True,False,123,10.0,,0.0,yuri,torchchem_v1,test:data/yuri/splits/fold_0_test_indices.npy,both,0.0,True,vector,128.0,0.8,False,1e-05,10,2,dipole_moment_Debye,False,16,
u8spn2vi,bzlfi4qw,restful-sweep-34,128.0,0.18995703756809235,0.3624423363021222,1.2080904215894983,1.1804002028440448,,,0.0001,64,,True,False,123,2.5,,0.0,yuri,torchchem_v1,test:data/yuri/splits/fold_0_test_indices.npy,node,0.1,True,vector_masked,128.0,0.8,False,1e-05,10,3,HOMO,False,48,
j6x1dv8g,fcgcomyp,deep-sweep-29,128.0,0.045676376670598984,0.5265919075443827,2.573277266194955,2.3721036251700234,,,0.0005,16,,True,False,123,5.0,,0.0,yuri,torchchem_v1,test:data/yuri/splits/fold_0_test_indices.npy,node,0.0,True,vector_masked,128.0,0.8,False,1e-05,50,3,dipole_moment_Debye,False,16,
t7w7o3ya,y6iw3edy,stellar-sweep-38,128.0,0.029491014778614044,0.11284220648190842,0.031678019093722774,0.03203914152507381,,,0.0001,48,,True,False,123,5.0,,0.0,yuri,torchchem_v1,test:data/yuri/splits/fold_0_test_indices.npy,node,0.0,True,vector_masked,128.0,0.8,False,1e-05,10,3,hirshfeld,False,16,
ywubqczj,f8eeknq4,playful-sweep-34,128.0,0.0009463634341955184,0.6943708647941721,0.505681963502936,0.4649459658073113,,,0.001,32,,True,False,123,2.5,,0.0,yuri,torchchem_v1,test:data/yuri/splits/fold_0_test_indices.npy,node,0.0,True,vector_masked,128.0,0.8,False,0.0,10,2,gap,False,64,
sgbg9nef,1v3jgco6,upbeat-sweep-51,128.0,0.017918042838573456,0.2964115132545603,1.083674420536666,1.0418818554024942,,,0.0005,48,,True,False,123,2.5,,0.0,yuri,torchchem_v1,test:data/yuri/splits/fold_0_test_indices.npy,node,0.1,True,vector,128.0,0.8,False,1e-05,10,2,LUMO,False,64,
d1gzuci7,bcsxkqp7,swift-sweep-46,128.0,0.07873876392841339,0.45042823049528846,0.41663283799604295,0.4053193957314587,,,0.001,64,,True,False,123,2.5,,0.0,yuri,torchchem_v1,test:data/yuri/splits/fold_0_test_indices.npy,both,0.1,True,vector,128.0,0.8,False,1e-05,50,3,gap,False,48,
qew2rtu5,bkpi0ype,olive-sweep-46,128.0,0.02080473303794861,0.04654236449378318,8.30058180514062,8.041172227340322,,,0.0001,48,,True,False,123,2.5,,0.0,yuri,torchchem_v1,test:data/yuri/splits/fold_0_test_indices.npy,both,0.0,True,vector_masked,128.0,0.8,False,1e-05,10,2,splitting,False,16,
cthvdl2y,fpavgbiz,lively-sweep-36,128.0,0.10321111977100372,0.2913661888190385,1.1626489171681602,1.0843063155175514,,,0.001,32,,True,False,123,10.0,,0.0,yuri,torchchem_v1,test:data/yuri/splits/fold_0_test_indices.npy,node,0.05,True,vector,128.0,0.8,False,1e-05,25,2,HOMO,False,16,
95ngul6q,xh84iuna,ruby-sweep-50,128.0,0.00976325012743473,0.05611812647689005,9.499008555302517,8.678371714352656,,,0.001,64,,True,False,123,2.5,,0.0,yuri,torchchem_v1,test:data/yuri/splits/fold_0_test_indices.npy,node,0.0,True,energy,128.0,0.8,False,0.0001,10,3,splitting,False,16,
80cnq5wx,bzlfi4qw,happy-sweep-33,128.0,0.011902849189937116,0.2956781680213994,1.0572616448540253,1.0310179477025745,,,0.001,32,,True,False,123,5.0,,0.0,yuri,torchchem_v1,test:data/yuri/splits/fold_0_test_indices.npy,node,0.05,True,vector_masked,128.0,0.8,False,1e-05,10,3,HOMO,False,64,
2fza2ehl,47bcozmh,morning-sweep-50,128.0,0.033620528876781464,0.12782258334858665,0.032713097693128766,0.03188193119078036,,,0.001,48,,True,False,123,2.5,,0.0,yuri,torchchem_v1,test:data/yuri/splits/fold_0_test_indices.npy,both,0.1,True,energy,128.0,0.8,False,1e-05,25,3,hirshfeld,False,32,
8fn5u17l,f8eeknq4,lunar-sweep-33,128.0,0.08288243412971497,0.5230233615328526,0.4363143825413767,0.42886591650468864,,,0.001,16,,True,False,123,2.5,,0.0,yuri,torchchem_v1,test:data/yuri/splits/fold_0_test_indices.npy,node,0.1,True,vector_masked,128.0,0.8,False,1e-05,10,2,gap,False,64,
cy5t6kqo,mlm1x5ng,giddy-sweep-32,128.0,0.010315929539501669,0.36718660207657977,1.2784872625803017,1.240175360414994,,,0.001,64,,True,False,123,10.0,,0.0,yuri,torchchem_v1,test:data/yuri/splits/fold_0_test_indices.npy,both,0.0,True,vector_masked,128.0,0.8,False,1e-05,25,3,LUMO,False,48,
7wlfp9b9,bkpi0ype,brisk-sweep-45,128.0,0.037043049931526184,0.05047663413630477,8.91103721015233,8.385555781004708,,,5e-05,64,,True,False,123,2.5,,0.0,yuri,torchchem_v1,test:data/yuri/splits/fold_0_test_indices.npy,both,0.0,True,vector_masked,128.0,0.8,False,1e-05,10,2,splitting,False,16,
ryhb2pov,y6iw3edy,dainty-sweep-37,128.0,0.0044365837238729,0.1391272384609128,0.032390796868824324,0.03123992228119208,,,0.0005,64,,True,False,123,2.5,,0.0,yuri,torchchem_v1,test:data/yuri/splits/fold_0_test_indices.npy,node,0.0,True,vector_masked,128.0,0.8,False,1e-05,25,3,hirshfeld,False,64,
p4lw4w2z,xh84iuna,super-sweep-49,128.0,0.016112297773361206,0.05369276916287069,9.380527359521574,8.669163673971356,,,0.001,64,,True,False,123,2.5,,0.0,yuri,torchchem_v1,test:data/yuri/splits/fold_0_test_indices.npy,node,0.05,True,energy,128.0,0.8,False,1e-05,25,2,splitting,False,16,
1zj6fj3r,fpavgbiz,scarlet-sweep-35,128.0,0.1225125640630722,0.2216420661786507,1.0149433949294198,0.9565877469939916,,,0.001,32,,True,False,123,2.5,,0.0,yuri,torchchem_v1,test:data/yuri/splits/fold_0_test_indices.npy,node,0.1,True,vector,128.0,0.8,False,1e-05,50,2,HOMO,False,16,
359f781g,qrpbckee,youthful-sweep-39,128.0,0.09765361249446868,0.2952623684601537,1.9367638491010992,1.8110386672163497,,,0.001,48,,True,False,123,10.0,,0.0,yuri,torchchem_v1,test:data/yuri/splits/fold_0_test_indices.npy,node,0.1,True,energy,128.0,0.8,False,1e-05,50,3,dipole_moment_Debye,False,16,
h40ix3ro,bcsxkqp7,warm-sweep-45,128.0,0.0026996934320777655,0.4719507483572796,0.41914389663307616,0.4097198654763426,,,0.001,48,,True,False,123,2.5,,0.0,yuri,torchchem_v1,test:data/yuri/splits/fold_0_test_indices.npy,both,0.0,True,energy,128.0,0.8,False,1e-05,50,3,gap,False,64,
86keojfq,1v3jgco6,olive-sweep-50,128.0,0.019242802634835243,0.28447275801465427,1.0559591779402693,1.037266136131514,,,0.001,64,,True,False,123,2.5,,0.0,yuri,torchchem_v1,test:data/yuri/splits/fold_0_test_indices.npy,node,0.05,True,vector,128.0,0.8,False,1e-05,10,3,LUMO,False,48,
dfx7u8fh,bkpi0ype,snowy-sweep-44,128.0,0.006523644085973501,0.06130715024432745,9.270076414720153,8.755481030692158,,,0.001,64,,True,False,123,2.5,,0.0,yuri,torchchem_v1,test:data/yuri/splits/fold_0_test_indices.npy,both,0.0,True,vector_masked,128.0,0.8,False,0.0001,10,2,splitting,False,32,
x2y1ial7,47bcozmh,gallant-sweep-49,128.0,0.04727023094892502,0.14834474791483632,0.03700676812075339,0.03426556136351614,,,0.001,32,,True,False,123,2.5,,0.0,yuri,torchchem_v1,test:data/yuri/splits/fold_0_test_indices.npy,both,0.1,True,energy,128.0,0.8,False,0.0001,50,2,hirshfeld,False,16,
ooot7u4x,bzlfi4qw,major-sweep-32,128.0,0.03350444510579109,0.3131893027959199,1.0665382090682594,1.0435767514299412,,,0.001,48,,True,False,123,5.0,,0.0,yuri,torchchem_v1,test:data/yuri/splits/fold_0_test_indices.npy,node,0.1,True,vector_masked,128.0,0.8,False,1e-05,25,3,HOMO,False,64,
dyntensp,fcgcomyp,dark-sweep-28,128.0,0.012757690623402596,0.3560766666678005,2.116058817453972,1.963288101855064,,,0.001,64,,True,False,123,10.0,,0.0,yuri,torchchem_v1,test:data/yuri/splits/fold_0_test_indices.npy,node,0.0,True,vector_masked,128.0,0.8,False,1e-05,50,3,dipole_moment_Debye,False,32,
fnh9424i,f8eeknq4,youthful-sweep-32,128.0,0.1320568174123764,0.5323043815020857,0.4395491344655069,0.40842195360049866,,,0.001,48,,True,False,123,2.5,,0.0,yuri,torchchem_v1,test:data/yuri/splits/fold_0_test_indices.npy,both,0.1,True,vector_masked,128.0,0.8,False,1e-05,10,3,gap,False,64,
5vmxw3lf,mlm1x5ng,zesty-sweep-31,128.0,0.0012526619248092177,0.2887101759170664,1.0906614545989926,1.0862047439291371,,,0.0005,64,,True,False,123,2.5,,0.0,yuri,torchchem_v1,test:data/yuri/splits/fold_0_test_indices.npy,both,0.0,True,vector_masked,128.0,0.8,False,1e-05,50,3,LUMO,False,32,
g65hbm6i,xh84iuna,desert-sweep-48,128.0,0.0006442861631512642,0.05580286334814696,8.533137827061543,8.468885255583723,,,0.001,48,,True,False,123,2.5,,0.0,yuri,torchchem_v1,test:data/yuri/splits/fold_0_test_indices.npy,both,0.0,True,energy,128.0,0.8,False,0.0,25,3,splitting,False,32,
yefc0i1r,y6iw3edy,decent-sweep-36,128.0,0.030894167721271515,0.1367522307254117,0.03489572183898028,0.03219917779236378,,,0.0001,48,,True,False,123,2.5,,0.0,yuri,torchchem_v1,test:data/yuri/splits/fold_0_test_indices.npy,node,0.0,True,vector_masked,128.0,0.8,False,1e-05,50,3,hirshfeld,False,16,
bd58oz26,1v3jgco6,divine-sweep-49,128.0,0.04221785441040993,0.31666057627519656,1.170045345613482,1.1230010448273726,,,0.001,64,,True,False,123,2.5,,0.0,yuri,torchchem_v1,test:data/yuri/splits/fold_0_test_indices.npy,node,0.1,True,vector,128.0,0.8,False,0.0001,10,2,LUMO,False,32,
mazpwnml,fpavgbiz,lemon-sweep-34,128.0,0.2524935007095337,0.24544346666541592,1.000508123523958,0.9823508595323353,,,0.001,48,,True,False,123,2.5,,0.0,yuri,torchchem_v1,test:data/yuri/splits/fold_0_test_indices.npy,node,0.1,True,vector,128.0,0.8,False,1e-05,50,3,HOMO,False,16,
mm4mn4ms,bcsxkqp7,vague-sweep-44,128.0,0.015869200229644775,0.5007461139868046,0.4172060772126607,0.4026763951508206,,,0.001,64,,True,False,123,2.5,,0.0,yuri,torchchem_v1,test:data/yuri/splits/fold_0_test_indices.npy,both,0.1,True,energy,128.0,0.8,False,1e-05,50,3,gap,False,64,
yzlgw8cy,bkpi0ype,dark-sweep-43,128.0,0.0027825171127915382,0.05636617332568456,9.066776299209168,8.713508567158168,,,0.001,64,,True,False,123,2.5,,0.0,yuri,torchchem_v1,test:data/yuri/splits/fold_0_test_indices.npy,both,0.0,True,vector_masked,128.0,0.8,False,1e-05,10,3,splitting,False,16,
5eyq3ijn,qrpbckee,chocolate-sweep-38,128.0,0.0071499845944345,0.3133938975375274,1.9361189057586283,1.807288655378928,,,0.001,48,,True,False,123,10.0,,0.0,yuri,torchchem_v1,test:data/yuri/splits/fold_0_test_indices.npy,node,0.05,True,energy,128.0,0.8,False,1e-05,25,3,dipole_moment_Debye,False,16,
va8ntfnw,47bcozmh,morning-sweep-48,128.0,0.024687597528100017,0.11979544381129333,0.031673189396471534,0.03094053890366251,,,0.001,64,,True,False,123,2.5,,0.0,yuri,torchchem_v1,test:data/yuri/splits/fold_0_test_indices.npy,node,0.0,True,energy,128.0,0.8,False,0.0001,50,3,hirshfeld,False,64,
kcinyggq,bzlfi4qw,resilient-sweep-31,128.0,0.053652308881282806,0.28635955968036736,1.0653824572769095,1.0015781923139628,,,0.001,48,,True,False,123,5.0,,0.0,yuri,torchchem_v1,test:data/yuri/splits/fold_0_test_indices.npy,node,0.1,True,vector_masked,128.0,0.8,False,1e-05,10,3,HOMO,False,64,
z18cynrm,xh84iuna,stellar-sweep-47,128.0,0.0008517837268300354,0.059887193978346624,9.304986871409575,9.17900602815586,,,0.0005,64,,True,False,123,2.5,,0.0,yuri,torchchem_v1,test:data/yuri/splits/fold_0_test_indices.npy,both,0.0,True,energy,128.0,0.8,False,1e-05,50,2,splitting,False,64,
wt62yupq,bcsxkqp7,cosmic-sweep-43,128.0,0.029751377180218697,0.6899188685006109,0.5218437642339707,0.41523530262617664,,,0.001,16,,True,False,123,2.5,,0.0,yuri,torchchem_v1,test:data/yuri/splits/fold_0_test_indices.npy,both,0.0,True,energy,128.0,0.8,False,0.0001,50,2,gap,False,64,
v5fmkepu,mlm1x5ng,resilient-sweep-30,128.0,0.007385678123682737,0.3769905973739665,1.3499437060120822,1.3260530425970902,,,0.0001,64,,True,False,123,2.5,,0.0,yuri,torchchem_v1,test:data/yuri/splits/fold_0_test_indices.npy,both,0.0,True,vector_masked,128.0,0.8,False,1e-05,25,3,LUMO,False,64,
7ef4obun,1v3jgco6,driven-sweep-48,128.0,0.028836224228143692,0.30537538808481446,1.0928135244740702,1.005513994573748,,,0.001,64,,True,False,123,2.5,,0.0,yuri,torchchem_v1,test:data/yuri/splits/fold_0_test_indices.npy,node,0.05,True,vector,128.0,0.8,False,1e-05,25,3,LUMO,False,48,
1avstgi0,fcgcomyp,noble-sweep-27,128.0,0.0007401059847325087,0.31047512517021647,1.888138606505066,1.8820549572962435,,,0.001,48,,True,False,123,10.0,,0.0,yuri,torchchem_v1,test:data/yuri/splits/fold_0_test_indices.npy,node,0.0,True,vector_masked,128.0,0.8,False,1e-05,50,3,dipole_moment_Debye,False,16,
2029syms,bkpi0ype,easy-sweep-42,128.0,0.07698579877614975,0.06721386368033187,10.09668593299128,9.400539739644104,,,0.001,64,,True,False,123,2.5,,0.0,yuri,torchchem_v1,test:data/yuri/splits/fold_0_test_indices.npy,node,0.0,True,vector_masked,128.0,0.8,False,0.001,25,2,splitting,False,32,
tgngelvy,y6iw3edy,prime-sweep-35,128.0,0.015799859538674355,0.11581588613575902,0.03196022554733786,0.03156380259660171,,,0.0001,64,,True,False,123,5.0,,0.0,yuri,torchchem_v1,test:data/yuri/splits/fold_0_test_indices.npy,node,0.0,True,vector_masked,128.0,0.8,False,1e-05,10,3,hirshfeld,False,16,
hivjcfpy,xh84iuna,happy-sweep-46,128.0,0.002146740909665823,0.0580484465663803,8.74538942523358,8.820896296609298,,,0.0005,64,,True,False,123,2.5,,0.0,yuri,torchchem_v1,test:data/yuri/splits/fold_0_test_indices.npy,both,0.0,True,energy,128.0,0.8,False,1e-05,10,2,splitting,False,16,
6glrvctz,bcsxkqp7,iconic-sweep-42,128.0,0.014624925330281258,0.5074936208026163,0.4463213988718998,0.4207996224070537,,,0.001,48,,True,False,123,2.5,,0.0,yuri,torchchem_v1,test:data/yuri/splits/fold_0_test_indices.npy,both,0.05,True,vector,128.0,0.8,False,1e-05,50,2,gap,False,64,
gpjvn809,f8eeknq4,wandering-sweep-31,128.0,0.07492641359567642,0.5986600710914053,0.473131135246692,0.447508331438037,,,0.001,64,,True,False,123,10.0,,0.0,yuri,torchchem_v1,test:data/yuri/splits/fold_0_test_indices.npy,node,0.1,True,vector_masked,128.0,0.8,False,1e-05,10,3,gap,False,16,
3u516mee,47bcozmh,floral-sweep-47,128.0,0.01094042882323265,0.13468079737805086,0.03233508162687563,0.029630756944944513,,,0.001,64,,True,False,123,2.5,,0.0,yuri,torchchem_v1,test:data/yuri/splits/fold_0_test_indices.npy,both,0.05,True,energy,128.0,0.8,False,1e-05,25,3,hirshfeld,False,16,
l19h51f8,fpavgbiz,valiant-sweep-33,128.0,0.09010160714387894,0.3193131433478717,1.2593825284122435,1.2397676130070727,,,5e-05,64,,True,False,123,10.0,,0.0,yuri,torchchem_v1,test:data/yuri/splits/fold_0_test_indices.npy,node,0.0,True,vector,128.0,0.8,False,1e-05,50,3,HOMO,False,16,
cupa0tts,bkpi0ype,exalted-sweep-41,128.0,0.011355028487741947,0.05723485456586912,8.938821471005811,8.797875728363593,,,5e-05,64,,True,False,123,2.5,,0.0,yuri,torchchem_v1,test:data/yuri/splits/fold_0_test_indices.npy,both,0.0,True,vector_masked,128.0,0.8,False,1e-05,10,2,splitting,False,32,
zxaxuky0,qrpbckee,exalted-sweep-37,128.0,0.10653740167617798,0.4544519892540471,2.341248568376592,2.1732131981289338,,,0.0001,48,,True,False,123,10.0,,0.0,yuri,torchchem_v1,test:data/yuri/splits/fold_0_test_indices.npy,node,0.0,True,energy,128.0,0.8,False,1e-05,25,3,dipole_moment_Debye,False,64,
38azxg9g,mlm1x5ng,sweet-sweep-29,128.0,0.007459518034011126,0.365301352893484,1.3223453133140752,1.272453778742561,,,0.001,64,,True,False,123,2.5,,0.0,yuri,torchchem_v1,test:data/yuri/splits/fold_0_test_indices.npy,both,0.0,True,vector_masked,128.0,0.8,False,0.0001,25,3,LUMO,False,64,
kscqn6vx,bcsxkqp7,daily-sweep-41,128.0,0.094887837767601,0.5316835544232664,0.4445265029892775,0.4323499983810082,,,0.0005,16,,True,False,123,2.5,,0.0,yuri,torchchem_v1,test:data/yuri/splits/fold_0_test_indices.npy,node,0.0,True,energy,128.0,0.8,False,1e-05,25,2,gap,False,16,
bw2h9qax,1v3jgco6,summer-sweep-47,128.0,0.049330852925777435,0.31347095124937335,1.1890714280658157,1.1646570922828097,,,0.001,64,,True,False,123,5.0,,0.0,yuri,torchchem_v1,test:data/yuri/splits/fold_0_test_indices.npy,node,0.1,True,vector,128.0,0.8,False,1e-05,10,2,LUMO,False,32,
2hb98zlo,y6iw3edy,dainty-sweep-34,128.0,0.00357974786311388,0.15636785970679645,0.03422022879687492,0.031600781513630764,,,0.001,48,,True,False,123,2.5,,0.0,yuri,torchchem_v1,test:data/yuri/splits/fold_0_test_indices.npy,node,0.0,True,vector_masked,128.0,0.8,False,1e-05,25,3,hirshfeld,False,32,
vk0g5by3,bzlfi4qw,driven-sweep-30,128.0,0.0640479326248169,0.3437091462827962,1.190849703000979,1.090891880581756,,,0.0005,64,,True,False,123,10.0,,0.0,yuri,torchchem_v1,test:data/yuri/splits/fold_0_test_indices.npy,node,0.1,True,vector_masked,128.0,0.8,False,1e-05,25,3,HOMO,False,64,
3q44b8k8,xh84iuna,hopeful-sweep-45,128.0,0.015301944687962532,0.04411116510565425,8.263392674658053,8.374235734473897,,,0.001,48,,True,False,123,2.5,,0.0,yuri,torchchem_v1,test:data/yuri/splits/fold_0_test_indices.npy,both,0.0,True,energy,128.0,0.8,False,0.0001,25,3,splitting,False,16,
m56ezki0,f8eeknq4,young-sweep-30,128.0,0.017553841695189476,0.5726777731344618,0.4514932226041332,0.4330586152351463,,,0.001,32,,True,False,123,2.5,,0.0,yuri,torchchem_v1,test:data/yuri/splits/fold_0_test_indices.npy,both,0.1,True,vector_masked,128.0,0.8,False,1e-05,10,3,gap,False,32,
7rz4ryv5,bkpi0ype,drawn-sweep-40,128.0,0.008105123415589333,0.06838547197523816,9.632778399183628,9.042004609115711,,,0.0001,48,,True,False,123,2.5,,0.0,yuri,torchchem_v1,test:data/yuri/splits/fold_0_test_indices.npy,both,0.0,True,vector_masked,128.0,0.8,False,1e-05,10,2,splitting,False,48,
8p3dy551,bcsxkqp7,efficient-sweep-40,128.0,0.044495657086372375,0.5089413945017189,0.4348540610281584,0.41104252913448774,,,0.001,48,,True,False,123,2.5,,0.0,yuri,torchchem_v1,test:data/yuri/splits/fold_0_test_indices.npy,node,0.1,True,vector,128.0,0.8,False,1e-05,50,3,gap,False,48,
yldehkj5,fpavgbiz,polar-sweep-32,128.0,0.1021171361207962,0.2916504776683347,1.1450744995934703,1.0537382851059398,,,0.0005,64,,True,False,123,5.0,,0.0,yuri,torchchem_v1,test:data/yuri/splits/fold_0_test_indices.npy,node,0.1,True,vector,128.0,0.8,False,1e-05,50,2,HOMO,False,16,
udmysivn,fcgcomyp,summer-sweep-26,128.0,0.22331571578979492,0.4278631893725231,2.434635643173135,2.428425176041527,,,5e-05,64,,True,False,123,10.0,,0.0,yuri,torchchem_v1,test:data/yuri/splits/fold_0_test_indices.npy,both,0.05,True,vector_masked,128.0,0.8,False,1e-05,50,3,dipole_moment_Debye,False,16,
gfm3nirg,1v3jgco6,pleasant-sweep-46,128.0,0.020440176129341125,0.3051832616650339,1.1250334441197716,1.0677522565978017,,,0.001,64,,True,False,123,2.5,,0.0,yuri,torchchem_v1,test:data/yuri/splits/fold_0_test_indices.npy,node,0.1,True,vector,128.0,0.8,False,1e-05,25,2,LUMO,False,32,
widaod39,qrpbckee,floral-sweep-36,128.0,0.20049886405467987,0.34087357438843824,2.2646896097829115,2.272984202652457,,,0.001,16,,True,False,123,10.0,,0.0,yuri,torchchem_v1,test:data/yuri/splits/fold_0_test_indices.npy,node,0.1,True,energy,128.0,0.8,False,0.001,10,3,dipole_moment_Debye,False,64,
5251p0vv,mlm1x5ng,comfy-sweep-28,128.0,0.0026899429503828287,0.2730344989947204,1.092343116587538,1.0226491199355836,,,0.0005,64,,True,False,123,2.5,,0.0,yuri,torchchem_v1,test:data/yuri/splits/fold_0_test_indices.npy,both,0.0,True,vector_masked,128.0,0.8,False,1e-05,25,3,LUMO,False,48,
k02rqvu7,47bcozmh,winter-sweep-46,128.0,0.08997911214828491,0.12964634423882798,0.035931701181741535,0.033628922016811585,,,0.001,64,,True,False,123,2.5,,0.0,yuri,torchchem_v1,test:data/yuri/splits/fold_0_test_indices.npy,both,0.05,True,energy,128.0,0.8,False,0.001,25,3,hirshfeld,False,32,
zsgpzzyj,xh84iuna,crimson-sweep-44,128.0,0.007111601531505585,0.06164738246849898,9.598787673175714,8.854493859734852,,,0.001,48,,True,False,123,2.5,,0.0,yuri,torchchem_v1,test:data/yuri/splits/fold_0_test_indices.npy,both,0.0,True,energy,128.0,0.8,False,0.0001,50,3,splitting,False,64,
8p4qanhm,bkpi0ype,trim-sweep-39,128.0,0.004369772970676422,0.06318286486805,9.50909264160062,9.068347407257455,,,0.001,48,,True,False,123,2.5,,0.0,yuri,torchchem_v1,test:data/yuri/splits/fold_0_test_indices.npy,both,0.0,True,vector_masked,128.0,0.8,False,1e-05,10,2,splitting,False,48,
xt9fsm19,y6iw3edy,lyric-sweep-33,128.0,0.06104237213730812,0.133780371526192,0.03437688250518391,0.031657927393924964,,,0.001,64,,True,False,123,2.5,,0.0,yuri,torchchem_v1,test:data/yuri/splits/fold_0_test_indices.npy,both,0.05,True,vector_masked,128.0,0.8,False,0.0001,25,3,hirshfeld,False,32,
kzh3j5dq,f8eeknq4,autumn-sweep-29,128.0,0.04996625334024429,0.5187872930847365,0.4493442596070826,0.4314004252479192,,,0.001,64,,True,False,123,2.5,,0.0,yuri,torchchem_v1,test:data/yuri/splits/fold_0_test_indices.npy,both,0.1,True,vector_masked,128.0,0.8,False,1e-05,10,2,gap,False,32,
8gul3n49,bzlfi4qw,dandy-sweep-29,128.0,0.035520873963832855,0.2716404586259661,1.0351145694581851,0.99195878227527,,,0.001,64,,True,False,123,5.0,,0.0,yuri,torchchem_v1,test:data/yuri/splits/fold_0_test_indices.npy,node,0.1,True,vector_masked,128.0,0.8,False,1e-05,25,3,HOMO,False,48,
llqx04fj,bcsxkqp7,silvery-sweep-39,128.0,0.19100916385650635,0.4471865162767213,0.4085799548172712,0.40614252436347953,,,0.001,16,,True,False,123,2.5,,0.0,yuri,torchchem_v1,test:data/yuri/splits/fold_0_test_indices.npy,both,0.0,True,energy,128.0,0.8,False,0.001,50,2,gap,False,16,
oovyb6kx,fpavgbiz,clean-sweep-31,128.0,0.0022914637811481953,0.26564219439851827,1.1879760039974787,1.152539833852266,,,0.001,64,,True,False,123,2.5,,0.0,yuri,torchchem_v1,test:data/yuri/splits/fold_0_test_indices.npy,node,0.0,True,energy,128.0,0.8,False,1e-05,25,3,HOMO,False,32,
ddfmvobw,xh84iuna,charmed-sweep-43,128.0,0.008456213399767876,0.05630238672140343,9.455213665339684,9.162602349447168,,,0.001,64,,True,False,123,2.5,,0.0,yuri,torchchem_v1,test:data/yuri/splits/fold_0_test_indices.npy,node,0.1,True,energy,128.0,0.8,False,1e-05,10,2,splitting,False,48,
jlcl7kkg,1v3jgco6,giddy-sweep-45,128.0,0.0222831591963768,0.27027414469369526,1.0505101475881995,1.0232920450678071,,,0.0005,64,,True,False,123,2.5,,0.0,yuri,torchchem_v1,test:data/yuri/splits/fold_0_test_indices.npy,node,0.1,True,vector,128.0,0.8,False,1e-05,10,3,LUMO,False,48,
o0hwjqmn,bkpi0ype,laced-sweep-38,128.0,0.0026440753135830164,0.06338011797774455,9.498130059640395,8.717985540441541,,,0.001,64,,True,False,123,2.5,,0.0,yuri,torchchem_v1,test:data/yuri/splits/fold_0_test_indices.npy,both,0.05,True,vector_masked,128.0,0.8,False,1e-05,10,2,splitting,False,16,
te3lrn9n,mlm1x5ng,hearty-sweep-27,128.0,0.01832372508943081,0.2719972911451397,1.094337943349334,1.0761561048946855,,,0.001,64,,True,False,123,2.5,,0.0,yuri,torchchem_v1,test:data/yuri/splits/fold_0_test_indices.npy,both,0.05,True,vector_masked,128.0,0.8,False,1e-05,50,3,LUMO,False,48,
e9fj6nst,47bcozmh,divine-sweep-45,128.0,0.02301802858710289,0.12062742850133056,0.032062545394094706,0.03110160506760822,,,0.001,32,,True,False,123,2.5,,0.0,yuri,torchchem_v1,test:data/yuri/splits/fold_0_test_indices.npy,both,0.05,True,energy,128.0,0.8,False,0.0001,50,3,hirshfeld,False,48,
7reh7820,y6iw3edy,zesty-sweep-32,128.0,0.004230220336467028,0.14666070095423994,0.033652445775364616,0.03155453082941815,,,0.0005,64,,True,False,123,2.5,,0.0,yuri,torchchem_v1,test:data/yuri/splits/fold_0_test_indices.npy,both,0.0,True,vector_masked,128.0,0.8,False,1e-05,25,3,hirshfeld,False,32,
9qix75bm,qrpbckee,classic-sweep-35,128.0,0.06679247319698334,0.27052571059300984,1.9550782197647687,1.9059335938835509,,,0.0005,48,,True,False,123,10.0,,0.0,yuri,torchchem_v1,test:data/yuri/splits/fold_0_test_indices.npy,node,0.1,True,energy,128.0,0.8,False,1e-05,25,3,dipole_moment_Debye,False,16,
keivf22s,f8eeknq4,deep-sweep-28,128.0,0.01262179110199213,0.5778231507745283,0.4620131333774622,0.4403472405134333,,,0.001,64,,True,False,123,2.5,,0.0,yuri,torchchem_v1,test:data/yuri/splits/fold_0_test_indices.npy,both,0.05,True,vector_masked,128.0,0.8,False,1e-05,25,3,gap,False,16,
588a0fzz,bcsxkqp7,sage-sweep-38,128.0,0.39028477668762207,0.49820246778685473,0.4425328967381144,0.4341535964709464,,,0.0001,32,,True,False,123,2.5,,0.0,yuri,torchchem_v1,test:data/yuri/splits/fold_0_test_indices.npy,both,0.1,True,energy,128.0,0.8,False,1e-05,50,3,gap,False,32,
mrmz78ax,xh84iuna,confused-sweep-42,128.0,0.009976918809115888,0.06276448828906848,9.99937519548911,9.17315728245881,,,0.0005,64,,True,False,123,2.5,,0.0,yuri,torchchem_v1,test:data/yuri/splits/fold_0_test_indices.npy,both,0.1,True,energy,128.0,0.8,False,1e-05,10,2,splitting,False,32,
4rdo6uff,fcgcomyp,brisk-sweep-25,128.0,0.004668601788580418,0.3727587303467866,2.0814878007649114,1.981363559969628,,,0.001,64,,True,False,123,10.0,,0.0,yuri,torchchem_v1,test:data/yuri/splits/fold_0_test_indices.npy,node,0.1,True,vector_masked,128.0,0.8,False,1e-05,25,3,dipole_moment_Debye,False,16,
6066q8cn,1v3jgco6,flowing-sweep-44,128.0,0.06497202068567276,0.2585559604882166,1.045092052187845,1.0081672598217315,,,0.0005,64,,True,False,123,2.5,,0.0,yuri,torchchem_v1,test:data/yuri/splits/fold_0_test_indices.npy,node,0.1,True,vector,128.0,0.8,False,1e-05,10,2,LUMO,False,64,
pv2h4sq2,bzlfi4qw,genial-sweep-28,128.0,0.13619111478328705,0.32085177173902246,1.0835377323855455,0.9503046666663528,,,0.0005,64,,True,False,123,5.0,,0.0,yuri,torchchem_v1,test:data/yuri/splits/fold_0_test_indices.npy,node,0.1,True,vector_masked,128.0,0.8,False,1e-05,25,3,HOMO,False,64,
tj693zhh,bkpi0ype,clear-sweep-37,128.0,0.04587085172533989,0.07651115208864212,10.930059849452244,10.160333275772723,,,0.001,64,,True,False,123,2.5,,0.0,yuri,torchchem_v1,test:data/yuri/splits/fold_0_test_indices.npy,both,0.1,True,vector_masked,128.0,0.8,False,0.001,25,3,splitting,False,16,
y71o9ids,fpavgbiz,colorful-sweep-30,128.0,0.008594469167292118,0.21789421436601672,0.9702607585495164,0.937083711604554,,,0.001,64,,True,False,123,2.5,,0.0,yuri,torchchem_v1,test:data/yuri/splits/fold_0_test_indices.npy,node,0.05,True,vector,128.0,0.8,False,1e-05,50,3,HOMO,False,64,
ey4yizjw,y6iw3edy,brisk-sweep-31,128.0,0.026965906843543053,0.14784430018786726,0.03497274166471028,0.03338989454552222,,,0.001,64,,True,False,123,2.5,,0.0,yuri,torchchem_v1,test:data/yuri/splits/fold_0_test_indices.npy,node,0.0,True,vector_masked,128.0,0.8,False,0.0001,25,2,hirshfeld,False,64,
hsmyipqc,f8eeknq4,sleek-sweep-27,128.0,0.03628872334957123,0.5276060181445089,0.4565588554835203,0.4343159965554967,,,0.001,64,,True,False,123,2.5,,0.0,yuri,torchchem_v1,test:data/yuri/splits/fold_0_test_indices.npy,both,0.1,True,vector_masked,128.0,0.8,False,1e-05,25,2,gap,False,64,
8wprrgfc,47bcozmh,crisp-sweep-44,128.0,0.019672725349664688,0.14772138038072094,0.03723736582327382,0.03687588301645252,,,0.0005,48,,True,False,123,2.5,,0.0,yuri,torchchem_v1,test:data/yuri/splits/fold_0_test_indices.npy,both,0.1,True,energy,128.0,0.8,False,0.001,25,3,hirshfeld,False,32,
jjok1vxl,xh84iuna,proud-sweep-41,128.0,0.02436929941177368,0.0726396953365926,10.771659260795508,10.472878608258467,,,0.001,64,,True,False,123,2.5,,0.0,yuri,torchchem_v1,test:data/yuri/splits/fold_0_test_indices.npy,both,0.1,True,vector,128.0,0.8,False,1e-05,25,2,splitting,False,32,
ezr9od9o,bcsxkqp7,upbeat-sweep-37,128.0,0.13216307759284973,0.48213380973400743,0.4169260469762048,0.40698817647777064,,,0.001,64,,True,False,123,2.5,,0.0,yuri,torchchem_v1,test:data/yuri/splits/fold_0_test_indices.npy,both,0.1,True,energy,128.0,0.8,False,1e-05,50,3,gap,False,48,
4d4fbgqk,bkpi0ype,dazzling-sweep-36,128.0,0.00887716468423605,0.060165889593290875,9.419884288041152,8.93251609561427,,,0.001,48,,True,False,123,2.5,,0.0,yuri,torchchem_v1,test:data/yuri/splits/fold_0_test_indices.npy,both,0.05,True,vector_masked,128.0,0.8,False,0.0001,10,2,splitting,False,32,
d4iah7yv,1v3jgco6,firm-sweep-43,128.0,0.06456564366817474,0.3042361397167732,1.1230731439100177,1.0864814036570087,,,0.001,64,,True,False,123,2.5,,0.0,yuri,torchchem_v1,test:data/yuri/splits/fold_0_test_indices.npy,node,0.1,True,vector,128.0,0.8,False,1e-05,10,2,LUMO,False,64,
zeas9jdo,qrpbckee,feasible-sweep-34,128.0,0.06088417023420334,0.2840920935930877,1.9119494591135449,1.7560537423941824,,,0.001,48,,True,False,123,10.0,,0.0,yuri,torchchem_v1,test:data/yuri/splits/fold_0_test_indices.npy,node,0.1,True,energy,128.0,0.8,False,1e-05,25,3,dipole_moment_Debye,False,32,
s3ivgotd,bzlfi4qw,eager-sweep-27,128.0,0.05965635925531387,0.3049869654250556,1.1340022269735164,1.0547434407684342,,,0.001,64,,True,False,123,5.0,,0.0,yuri,torchchem_v1,test:data/yuri/splits/fold_0_test_indices.npy,node,0.1,True,vector_masked,128.0,0.8,False,1e-05,25,2,HOMO,False,48,
ipebdmrr,mlm1x5ng,swept-sweep-26,128.0,0.05405990779399872,0.3951313536742638,1.2877110001544094,1.212353339803057,,,0.0005,64,,True,False,123,10.0,,0.0,yuri,torchchem_v1,test:data/yuri/splits/fold_0_test_indices.npy,node,0.05,True,vector_masked,128.0,0.8,False,1e-05,50,3,LUMO,False,48,
j31aihrn,fpavgbiz,rose-sweep-29,128.0,0.027892595157027245,0.2746070435848729,1.128535813700943,1.0975321529962114,,,0.001,64,,True,False,123,5.0,,0.0,yuri,torchchem_v1,test:data/yuri/splits/fold_0_test_indices.npy,node,0.1,True,energy,128.0,0.8,False,1e-05,50,2,HOMO,False,16,
ra03c1ux,y6iw3edy,different-sweep-30,128.0,0.001066124183125794,0.13593223857982406,0.03179773986900944,0.032074286867038136,,,0.001,32,,True,False,123,2.5,,0.0,yuri,torchchem_v1,test:data/yuri/splits/fold_0_test_indices.npy,both,0.0,True,vector_masked,128.0,0.8,False,1e-05,50,3,hirshfeld,False,32,
4e4jfmhq,fcgcomyp,noble-sweep-24,128.0,0.039795175194740295,0.39024368172575685,2.1672010873011507,2.06058071466457,,,0.001,48,,True,False,123,10.0,,0.0,yuri,torchchem_v1,test:data/yuri/splits/fold_0_test_indices.npy,node,0.1,True,vector_masked,128.0,0.8,False,1e-05,10,3,dipole_moment_Debye,False,32,
ddy7g8ed,xh84iuna,faithful-sweep-40,128.0,0.012571394443511965,0.06552856030135319,9.271632413645609,9.57643785369326,,,0.001,48,,True,False,123,2.5,,0.0,yuri,torchchem_v1,test:data/yuri/splits/fold_0_test_indices.npy,both,0.05,True,energy,128.0,0.8,False,1e-05,25,2,splitting,False,32,
qg4qjujj,bcsxkqp7,astral-sweep-36,128.0,0.3101794421672821,0.5329423783154323,0.44547735537010086,0.4150509131868193,,,0.001,32,,True,False,123,2.5,,0.0,yuri,torchchem_v1,test:data/yuri/splits/fold_0_test_indices.npy,both,0.0,True,energy,128.0,0.8,False,0.001,50,2,gap,False,64,
tg09sgmw,f8eeknq4,dashing-sweep-26,128.0,0.02173778787255287,0.47913015967813033,0.4365980744168024,0.4264282459842767,,,0.001,32,,True,False,123,2.5,,0.0,yuri,torchchem_v1,test:data/yuri/splits/fold_0_test_indices.npy,both,0.1,True,vector_masked,128.0,0.8,False,1e-05,25,3,gap,False,48,
yyqezc2i,bkpi0ype,bright-sweep-35,128.0,0.0013805461348965764,0.05483484033752104,8.9429764089832,8.758439558371306,,,0.0005,64,,True,False,123,2.5,,0.0,yuri,torchchem_v1,test:data/yuri/splits/fold_0_test_indices.npy,both,0.0,True,vector_masked,128.0,0.8,False,1e-05,25,2,splitting,False,16,
hd1fd1yn,47bcozmh,solar-sweep-43,128.0,0.04099396616220474,0.16014808596208177,0.041087735283974275,0.0379851780541487,,,0.001,16,,True,False,123,2.5,,0.0,yuri,torchchem_v1,test:data/yuri/splits/fold_0_test_indices.npy,both,0.1,True,energy,128.0,0.8,False,0.0001,50,3,hirshfeld,False,64,
zgjtonlb,1v3jgco6,easy-sweep-42,128.0,0.0671149492263794,0.34552663050848864,1.1192061569733005,1.0910882061903178,,,0.0005,48,,True,False,123,2.5,,0.0,yuri,torchchem_v1,test:data/yuri/splits/fold_0_test_indices.npy,node,0.05,True,vector,128.0,0.8,False,1e-05,10,3,LUMO,False,16,
kdoq17dh,xh84iuna,avid-sweep-39,128.0,0.02167944423854351,0.058859027087174616,9.859160708903364,10.148492849527743,,,0.001,64,,True,False,123,2.5,,0.0,yuri,torchchem_v1,test:data/yuri/splits/fold_0_test_indices.npy,both,0.1,True,vector,128.0,0.8,False,1e-05,10,2,splitting,False,16,
63muw3d5,mlm1x5ng,pretty-sweep-25,128.0,0.004887493327260017,0.3502317949615676,1.2600305233316091,1.1334417647127737,,,0.001,64,,True,False,123,5.0,,0.0,yuri,torchchem_v1,test:data/yuri/splits/fold_0_test_indices.npy,node,0.0,True,vector_masked,128.0,0.8,False,1e-05,25,2,LUMO,False,64,
3rvrrffz,bkpi0ype,skilled-sweep-34,128.0,0.016529537737369537,0.0683015879115154,10.038374496593764,9.15946477795442,,,0.001,64,,True,False,123,2.5,,0.0,yuri,torchchem_v1,test:data/yuri/splits/fold_0_test_indices.npy,both,0.1,True,vector_masked,128.0,0.8,False,0.0001,10,2,splitting,False,48,
rvmg9yec,bcsxkqp7,worldly-sweep-35,128.0,0.03284323588013649,0.6362956546503922,0.4900226180547858,0.4375425596327656,,,0.0005,48,,True,False,123,2.5,,0.0,yuri,torchchem_v1,test:data/yuri/splits/fold_0_test_indices.npy,node,0.0,True,vector,128.0,0.8,False,1e-05,50,3,gap,False,64,
1aqy45av,fpavgbiz,solar-sweep-28,128.0,0.051374513655900955,0.24935218187627092,0.9842175058887206,1.012808344640611,,,0.001,64,,True,False,123,5.0,,0.0,yuri,torchchem_v1,test:data/yuri/splits/fold_0_test_indices.npy,node,0.1,True,vector,128.0,0.8,False,1e-05,50,2,HOMO,False,32,
obmlmxq2,y6iw3edy,valiant-sweep-29,128.0,0.01311851479113102,0.13591442425767408,0.03229742370166942,0.03149813535156398,,,0.001,64,,True,False,123,2.5,,0.0,yuri,torchchem_v1,test:data/yuri/splits/fold_0_test_indices.npy,both,0.0,True,vector_masked,128.0,0.8,False,0.0001,25,3,hirshfeld,False,16,
3cufk8ju,f8eeknq4,glorious-sweep-25,128.0,0.06660328805446625,0.5731132754991795,0.4515091945105062,0.4207695816829828,,,0.001,64,,True,False,123,2.5,,0.0,yuri,torchchem_v1,test:data/yuri/splits/fold_0_test_indices.npy,both,0.1,True,vector_masked,128.0,0.8,False,0.0001,10,3,gap,False,48,
or8e5viw,47bcozmh,mild-sweep-42,128.0,0.01190369576215744,0.15182386640587758,0.03590012743171792,0.03315482344739499,,,0.001,32,,True,False,123,2.5,,0.0,yuri,torchchem_v1,test:data/yuri/splits/fold_0_test_indices.npy,both,0.0,True,energy,128.0,0.8,False,0.0001,25,3,hirshfeld,False,48,
du2k32wj,bzlfi4qw,sweepy-sweep-26,128.0,0.031337156891822815,0.32103368781250097,1.1959641185521794,1.131232848634483,,,0.0005,64,,True,False,123,10.0,,0.0,yuri,torchchem_v1,test:data/yuri/splits/fold_0_test_indices.npy,node,0.1,True,vector_masked,128.0,0.8,False,1e-05,50,3,HOMO,False,48,
btokzp8w,xh84iuna,crisp-sweep-38,128.0,0.0006696798955090344,0.05143979660652835,8.881124679955734,8.719604312320627,,,0.001,64,,True,False,123,2.5,,0.0,yuri,torchchem_v1,test:data/yuri/splits/fold_0_test_indices.npy,node,0.0,True,energy,128.0,0.8,False,1e-05,10,2,splitting,False,32,
1xyq4n3n,qrpbckee,vague-sweep-33,128.0,0.015746543183922768,0.22703671018625127,1.7252949718136736,1.6369772459712837,,,0.0005,64,,True,False,123,10.0,,0.0,yuri,torchchem_v1,test:data/yuri/splits/fold_0_test_indices.npy,node,0.05,True,energy,128.0,0.8,False,1e-05,10,3,dipole_moment_Debye,False,64,
s0lbaoc3,bkpi0ype,fluent-sweep-33,128.0,0.0026784194633364677,0.061940413369829285,9.112114783606732,9.012472603664524,,,0.0005,48,,True,False,123,2.5,,0.0,yuri,torchchem_v1,test:data/yuri/splits/fold_0_test_indices.npy,node,0.0,True,vector_masked,128.0,0.8,False,1e-05,10,2,splitting,False,16,
p6y7am9c,bcsxkqp7,silvery-sweep-34,128.0,0.03280164301395416,0.5093090843794674,0.42813327969763504,0.4133037864082346,,,0.001,64,,True,False,123,2.5,,0.0,yuri,torchchem_v1,test:data/yuri/splits/fold_0_test_indices.npy,both,0.05,True,energy,128.0,0.8,False,0.0,50,2,gap,False,16,
lji5gpc4,1v3jgco6,atomic-sweep-41,128.0,0.08240801095962524,0.2824301277769023,1.116189710804366,1.0754875707673432,,,0.001,64,,True,False,123,5.0,,0.0,yuri,torchchem_v1,test:data/yuri/splits/fold_0_test_indices.npy,node,0.05,True,vector,128.0,0.8,False,1e-05,10,3,LUMO,False,64,
jtvdc8d5,fcgcomyp,whole-sweep-23,128.0,0.00298216356895864,0.3179836083075096,2.0815422792651503,2.0357779077884017,,,0.001,64,,True,False,123,10.0,,0.0,yuri,torchchem_v1,test:data/yuri/splits/fold_0_test_indices.npy,both,0.0,True,vector_masked,128.0,0.8,False,1e-05,10,3,dipole_moment_Debye,False,48,
3rehjxs2,y6iw3edy,ruby-sweep-28,128.0,0.0003037470451090485,0.15257520552981516,0.032638447234270146,0.032134096248149724,,,0.001,64,,True,False,123,2.5,,0.0,yuri,torchchem_v1,test:data/yuri/splits/fold_0_test_indices.npy,both,0.0,True,vector_masked,128.0,0.8,False,1e-05,50,3,hirshfeld,False,48,
psbxw519,f8eeknq4,crisp-sweep-24,128.0,0.01846529170870781,0.6040591980362761,0.477554669246752,0.4292798960238081,,,0.001,64,,True,False,123,2.5,,0.0,yuri,torchchem_v1,test:data/yuri/splits/fold_0_test_indices.npy,node,0.05,True,vector_masked,128.0,0.8,False,1e-05,10,3,gap,False,64,
grpef8k4,xh84iuna,vivid-sweep-37,128.0,0.004381580278277397,0.05975198129127766,9.527771085838252,8.73983171777608,,,0.001,64,,True,False,123,2.5,,0.0,yuri,torchchem_v1,test:data/yuri/splits/fold_0_test_indices.npy,both,0.05,True,energy,128.0,0.8,False,1e-05,25,2,splitting,False,32,
fy10w0v5,bkpi0ype,swift-sweep-32,128.0,0.015587598085403442,0.06758930477923875,9.820119953293467,9.370191190182524,,,0.0005,64,,True,False,123,2.5,,0.0,yuri,torchchem_v1,test:data/yuri/splits/fold_0_test_indices.npy,both,0.05,True,vector_masked,128.0,0.8,False,1e-05,25,3,splitting,False,48,
pp1s58rb,bcsxkqp7,young-sweep-33,128.0,0.04590097442269325,0.5005492141534542,0.42114187350888527,0.4206087154496933,,,0.001,64,,True,False,123,2.5,,0.0,yuri,torchchem_v1,test:data/yuri/splits/fold_0_test_indices.npy,node,0.05,True,vector,128.0,0.8,False,1e-05,50,2,gap,False,64,
fk4arld2,47bcozmh,pretty-sweep-41,128.0,0.039519183337688446,0.13392748311161995,0.034678569807944204,0.03353049347361511,,,0.001,48,,True,False,123,2.5,,0.0,yuri,torchchem_v1,test:data/yuri/splits/fold_0_test_indices.npy,both,0.1,True,energy,128.0,0.8,False,0.0001,25,3,hirshfeld,False,48,
9vih6gn4,bzlfi4qw,blooming-sweep-25,128.0,0.05502146854996681,0.25976072026994723,1.0045726145756169,0.9294277185879236,,,0.001,64,,True,False,123,5.0,,0.0,yuri,torchchem_v1,test:data/yuri/splits/fold_0_test_indices.npy,node,0.1,True,vector_masked,128.0,0.8,False,1e-05,25,3,HOMO,False,48,
9lqrr505,mlm1x5ng,fresh-sweep-24,128.0,0.10243777185678482,0.35784952984801655,1.288656164516555,1.2717490091037151,,,0.001,64,,True,False,123,10.0,,0.0,yuri,torchchem_v1,test:data/yuri/splits/fold_0_test_indices.npy,both,0.1,True,vector_masked,128.0,0.8,False,1e-05,50,3,LUMO,False,64,
t7lr5r53,1v3jgco6,azure-sweep-40,128.0,0.03708911687135696,0.2625066119021383,0.9913054057619124,0.9684092666359956,,,0.001,64,,True,False,123,2.5,,0.0,yuri,torchchem_v1,test:data/yuri/splits/fold_0_test_indices.npy,node,0.05,True,vector,128.0,0.8,False,1e-05,10,2,LUMO,False,32,
ix5uthmf,fpavgbiz,laced-sweep-27,128.0,0.014451765455305576,0.3920818834469236,1.2404575050014923,1.1777361737566954,,,0.001,64,,True,False,123,10.0,,0.0,yuri,torchchem_v1,test:data/yuri/splits/fold_0_test_indices.npy,node,0.1,True,vector,128.0,0.8,False,1e-05,50,3,HOMO,False,32,
tgp7dc71,xh84iuna,fearless-sweep-36,128.0,0.002286009257659316,0.07021953241000402,9.818492954235031,9.337930225092846,,,0.001,48,,True,False,123,2.5,,0.0,yuri,torchchem_v1,test:data/yuri/splits/fold_0_test_indices.npy,both,0.0,True,energy,128.0,0.8,False,1e-05,25,2,splitting,False,48,
fwd4rr2g,f8eeknq4,hardy-sweep-23,128.0,0.016297293826937675,0.5136556987618578,0.44622417355203936,0.43263089543240624,,,0.001,48,,True,False,123,2.5,,0.0,yuri,torchchem_v1,test:data/yuri/splits/fold_0_test_indices.npy,both,0.05,True,vector_masked,128.0,0.8,False,1e-05,10,2,gap,False,48,
dmtataq6,bkpi0ype,dazzling-sweep-31,128.0,0.005441867280751467,0.058098673370891606,9.32577128947589,8.959816949499338,,,0.0005,32,,True,False,123,2.5,,0.0,yuri,torchchem_v1,test:data/yuri/splits/fold_0_test_indices.npy,both,0.0,True,vector_masked,128.0,0.8,False,1e-05,10,2,splitting,False,16,
z7k5ep37,y6iw3edy,sage-sweep-27,128.0,0.006379480939358473,0.14274362744442348,0.03334854986373707,0.030982421107235147,,,0.001,64,,True,False,123,2.5,,0.0,yuri,torchchem_v1,test:data/yuri/splits/fold_0_test_indices.npy,both,0.0,True,vector_masked,128.0,0.8,False,1e-05,25,3,hirshfeld,False,64,
0kin3snx,fcgcomyp,ethereal-sweep-22,128.0,0.01861140877008438,0.4100380480803292,2.366789566992596,2.2211916662476763,,,0.001,64,,True,False,123,10.0,,0.0,yuri,torchchem_v1,test:data/yuri/splits/fold_0_test_indices.npy,both,0.0,True,vector_masked,128.0,0.8,False,0.0001,50,2,dipole_moment_Debye,False,16,
gl5ebgjm,bcsxkqp7,resilient-sweep-32,128.0,0.12040290236473083,0.4868803080813638,0.4289068856594054,0.4032821717012923,,,0.001,64,,True,False,123,2.5,,0.0,yuri,torchchem_v1,test:data/yuri/splits/fold_0_test_indices.npy,node,0.05,True,vector,128.0,0.8,False,0.0001,50,3,gap,False,64,
9dl5jleh,qrpbckee,crisp-sweep-32,128.0,0.013940755277872086,0.2525672218922911,1.791980111077346,1.7934718320706142,,,0.001,64,,True,False,123,10.0,,0.0,yuri,torchchem_v1,test:data/yuri/splits/fold_0_test_indices.npy,node,0.05,True,energy,128.0,0.8,False,1e-05,25,3,dipole_moment_Debye,False,16,
dvhzb1pe,47bcozmh,lyric-sweep-40,128.0,0.020002445206046104,0.14579170158710972,0.03532022196944139,0.033036292898923465,,,0.001,48,,True,False,123,2.5,,0.0,yuri,torchchem_v1,test:data/yuri/splits/fold_0_test_indices.npy,node,0.05,True,energy,128.0,0.8,False,0.0001,50,3,hirshfeld,False,64,
64kr33ap,fpavgbiz,happy-sweep-26,128.0,0.07204771786928177,0.3357111460946757,1.314330229143906,1.1881126357902132,,,0.001,32,,True,False,123,2.5,,0.0,yuri,torchchem_v1,test:data/yuri/splits/fold_0_test_indices.npy,node,0.0,True,vector,128.0,0.8,False,0.001,50,2,HOMO,False,16,
hckbym1b,bkpi0ype,pleasant-sweep-30,128.0,0.021094536408782005,0.0649143891601727,9.540289737525825,9.240990531963318,,,0.0005,64,,True,False,123,2.5,,0.0,yuri,torchchem_v1,test:data/yuri/splits/fold_0_test_indices.npy,both,0.05,True,vector_masked,128.0,0.8,False,0.0001,25,2,splitting,False,32,
acra22t9,xh84iuna,eager-sweep-35,128.0,0.019565187394618988,0.06804495542470751,10.709580378071756,10.39860824937018,,,0.001,64,,True,False,123,2.5,,0.0,yuri,torchchem_v1,test:data/yuri/splits/fold_0_test_indices.npy,both,0.05,True,vector,128.0,0.8,False,0.0001,25,3,splitting,False,48,
ghrl4mqm,mlm1x5ng,smooth-sweep-23,128.0,0.0013705110177397728,0.3836392115416198,1.2356344765280023,1.1667512328560914,,,0.0005,64,,True,False,123,5.0,,0.0,yuri,torchchem_v1,test:data/yuri/splits/fold_0_test_indices.npy,node,0.0,True,vector_masked,128.0,0.8,False,1e-05,10,3,LUMO,False,64,
movudyqw,f8eeknq4,kind-sweep-22,128.0,0.07198020815849304,0.5272502526640892,0.4401692597729535,0.43164043496661464,,,0.001,32,,True,False,123,2.5,,0.0,yuri,torchchem_v1,test:data/yuri/splits/fold_0_test_indices.npy,both,0.1,True,vector_masked,128.0,0.8,False,0.0001,10,3,gap,False,48,
cqfvdkub,1v3jgco6,fanciful-sweep-39,128.0,0.021047981455922127,0.3866844213214414,1.3153707433501436,1.244905093334289,,,0.0005,64,,True,False,123,5.0,,0.0,yuri,torchchem_v1,test:data/yuri/splits/fold_0_test_indices.npy,node,0.0,True,vector,128.0,0.8,False,0.0001,10,3,LUMO,False,64,
suqjj60x,y6iw3edy,hopeful-sweep-26,128.0,0.0018434366211295128,0.12642027588625407,0.029735503638581167,0.030095414171851746,,,0.001,64,,True,False,123,2.5,,0.0,yuri,torchchem_v1,test:data/yuri/splits/fold_0_test_indices.npy,both,0.0,True,vector_masked,128.0,0.8,False,1e-05,50,3,hirshfeld,False,32,
zw2jr9mk,bcsxkqp7,silvery-sweep-31,128.0,0.02921167016029358,0.49172894708041487,0.42015050843219576,0.4027390687369854,,,0.0005,48,,True,False,123,2.5,,0.0,yuri,torchchem_v1,test:data/yuri/splits/fold_0_test_indices.npy,both,0.1,True,vector,128.0,0.8,False,1e-05,50,3,gap,False,64,
x3oqgjqb,bzlfi4qw,rosy-sweep-24,128.0,0.004365956876426935,0.3003450787529863,1.134302663809796,1.0839946906875313,,,0.001,64,,True,False,123,10.0,,0.0,yuri,torchchem_v1,test:data/yuri/splits/fold_0_test_indices.npy,node,0.0,True,vector_masked,128.0,0.8,False,1e-05,10,3,HOMO,False,64,
fzpz2jlx,bkpi0ype,restful-sweep-29,128.0,0.0063229999504983425,0.055400771410043896,9.004647359550816,8.776110151898004,,,0.001,48,,True,False,123,2.5,,0.0,yuri,torchchem_v1,test:data/yuri/splits/fold_0_test_indices.npy,both,0.05,True,vector_masked,128.0,0.8,False,0.0001,25,2,splitting,False,32,
ox0h8seo,xh84iuna,swept-sweep-34,128.0,0.00040351663483306766,0.06619729454918154,9.756759301515672,9.414086420580595,,,0.001,64,,True,False,123,2.5,,0.0,yuri,torchchem_v1,test:data/yuri/splits/fold_0_test_indices.npy,node,0.0,True,energy,128.0,0.8,False,1e-05,50,2,splitting,False,64,
wgk2ydfd,47bcozmh,hearty-sweep-39,128.0,0.009260309860110285,0.1062787995384685,0.030951575548929865,0.030346817777226063,,,0.001,48,,True,False,123,2.5,,0.0,yuri,torchchem_v1,test:data/yuri/splits/fold_0_test_indices.npy,both,0.05,True,energy,128.0,0.8,False,1e-05,50,3,hirshfeld,False,64,
3uerxynb,fpavgbiz,cerulean-sweep-25,128.0,0.21852415800094604,0.28718017414212227,1.165765307109879,1.1153917725129163,,,5e-05,64,,True,False,123,2.5,,0.0,yuri,torchchem_v1,test:data/yuri/splits/fold_0_test_indices.npy,node,0.1,True,vector,128.0,0.8,False,1e-05,50,3,HOMO,False,48,
iifaidgq,fcgcomyp,rich-sweep-21,128.0,0.016405602917075157,0.3076389993316141,2.031159691079661,1.982729322944094,,,0.001,48,,True,False,123,10.0,,0.0,yuri,torchchem_v1,test:data/yuri/splits/fold_0_test_indices.npy,both,0.05,True,vector_masked,128.0,0.8,False,1e-05,25,3,dipole_moment_Debye,False,16,
pf1rgomo,f8eeknq4,deep-sweep-21,128.0,0.03956947475671768,0.5699819773435593,0.4690561414293711,0.4264885567001944,,,0.001,48,,True,False,123,2.5,,0.0,yuri,torchchem_v1,test:data/yuri/splits/fold_0_test_indices.npy,both,0.1,True,vector_masked,128.0,0.8,False,1e-05,25,2,gap,False,64,
l0c5xfcx,qrpbckee,eager-sweep-31,128.0,0.4115036129951477,0.7260539480324449,3.418677340574782,1.669639388425171,,,0.001,48,,True,False,123,10.0,,0.0,yuri,torchchem_v1,test:data/yuri/splits/fold_0_test_indices.npy,both,0.05,True,energy,128.0,0.8,False,1e-05,10,3,dipole_moment_Debye,False,48,
u6nt7n12,bcsxkqp7,prime-sweep-30,128.0,0.05760969966650009,0.465612235768088,0.4119321894475453,0.3955501122247997,,,0.0005,48,,True,False,123,2.5,,0.0,yuri,torchchem_v1,test:data/yuri/splits/fold_0_test_indices.npy,both,0.1,True,vector,128.0,0.8,False,1e-05,50,3,gap,False,48,
b2n45mxa,1v3jgco6,copper-sweep-38,128.0,0.00283107697032392,0.29679997946167813,1.220972672649992,1.2040966668328654,,,0.001,48,,True,False,123,2.5,,0.0,yuri,torchchem_v1,test:data/yuri/splits/fold_0_test_indices.npy,node,0.0,True,energy,128.0,0.8,False,1e-05,10,3,LUMO,False,64,
f1lbsp74,y6iw3edy,true-sweep-25,128.0,0.0012542017502710223,0.1417296619379315,0.03508773393732364,0.033713696397930065,,,0.0005,48,,True,False,123,2.5,,0.0,yuri,torchchem_v1,test:data/yuri/splits/fold_0_test_indices.npy,node,0.0,True,vector_masked,128.0,0.8,False,1e-05,50,3,hirshfeld,False,48,
z9o2d8y2,mlm1x5ng,rural-sweep-22,128.0,0.0071284156292676926,0.3163801368069032,1.1118060118637711,1.079436150277714,,,0.001,48,,True,False,123,5.0,,0.0,yuri,torchchem_v1,test:data/yuri/splits/fold_0_test_indices.npy,node,0.05,True,vector_masked,128.0,0.8,False,1e-05,50,3,LUMO,False,64,
iaigxv45,xh84iuna,copper-sweep-33,128.0,0.00572251109406352,0.07141436344205306,10.324328318066671,10.006052691441989,,,0.0005,64,,True,False,123,2.5,,0.0,yuri,torchchem_v1,test:data/yuri/splits/fold_0_test_indices.npy,node,0.0,True,vector,128.0,0.8,False,1e-05,25,2,splitting,False,16,
furftlec,bkpi0ype,golden-sweep-28,128.0,0.008499925956130028,0.05954200279866827,9.24997970954938,9.022212514906364,,,0.001,48,,True,False,123,2.5,,0.0,yuri,torchchem_v1,test:data/yuri/splits/fold_0_test_indices.npy,both,0.0,True,vector_masked,128.0,0.8,False,0.0001,10,3,splitting,False,32,
5h3bks13,fpavgbiz,winter-sweep-24,128.0,0.011728385463356972,0.28514795056704817,1.1665696774890817,1.1105405134131263,,,0.001,16,,True,False,123,2.5,,0.0,yuri,torchchem_v1,test:data/yuri/splits/fold_0_test_indices.npy,node,0.0,True,vector,128.0,0.8,False,1e-05,50,2,HOMO,False,64,
vta4h79j,47bcozmh,wandering-sweep-38,128.0,0.021192487329244617,0.12086285647518676,0.03147628011302238,0.03161796468779859,,,0.001,32,,True,False,123,2.5,,0.0,yuri,torchchem_v1,test:data/yuri/splits/fold_0_test_indices.npy,both,0.05,True,energy,128.0,0.8,False,1e-05,25,3,hirshfeld,False,32,
6jvkcz6e,bcsxkqp7,dry-sweep-29,128.0,0.006216525100171566,0.49683494429136144,0.4345367004322461,0.4257911955647589,,,0.001,48,,True,False,123,2.5,,0.0,yuri,torchchem_v1,test:data/yuri/splits/fold_0_test_indices.npy,node,0.0,True,energy,128.0,0.8,False,1e-05,50,3,gap,False,32,
8jfhu1m9,1v3jgco6,fiery-sweep-37,128.0,0.010324399918317797,0.2991823083881674,1.1142867967323986,1.022544304847594,,,0.0005,64,,True,False,123,2.5,,0.0,yuri,torchchem_v1,test:data/yuri/splits/fold_0_test_indices.npy,node,0.05,True,vector,128.0,0.8,False,1e-05,10,2,LUMO,False,64,
inpijklk,y6iw3edy,olive-sweep-24,128.0,0.015970226377248764,0.14768307129370756,0.034303685155819726,0.03228514288394796,,,0.001,64,,True,False,123,2.5,,0.0,yuri,torchchem_v1,test:data/yuri/splits/fold_0_test_indices.npy,node,0.0,True,vector_masked,128.0,0.8,False,1e-05,50,2,hirshfeld,False,16,
hx93vxci,xh84iuna,clean-sweep-32,128.0,0.08829881250858307,0.06505966404902525,9.730294278075204,9.566871145109284,,,0.001,64,,True,False,123,2.5,,0.0,yuri,torchchem_v1,test:data/yuri/splits/fold_0_test_indices.npy,node,0.05,True,energy,128.0,0.8,False,0.001,25,2,splitting,False,32,
cw1ymh1y,bzlfi4qw,valiant-sweep-23,128.0,0.009612083435058594,0.3008065701558672,1.1006049173502812,1.0527244960556603,,,0.001,64,,True,False,123,10.0,,0.0,yuri,torchchem_v1,test:data/yuri/splits/fold_0_test_indices.npy,node,0.05,True,vector_masked,128.0,0.8,False,1e-05,50,3,HOMO,False,16,
gzld1xsv,bkpi0ype,still-sweep-27,128.0,0.0012383090797811749,0.06528389916337769,9.500937920902532,8.959275116813199,,,0.001,64,,True,False,123,2.5,,0.0,yuri,torchchem_v1,test:data/yuri/splits/fold_0_test_indices.npy,both,0.0,True,vector_masked,128.0,0.8,False,1e-05,25,3,splitting,False,16,
jb9bw5f8,mlm1x5ng,scarlet-sweep-21,128.0,0.008316896855831146,0.3610774063151972,1.1906516150563644,1.1801347178523642,,,0.001,32,,True,False,123,2.5,,0.0,yuri,torchchem_v1,test:data/yuri/splits/fold_0_test_indices.npy,node,0.05,True,vector_masked,128.0,0.8,False,1e-05,50,3,LUMO,False,64,
f6nq0bv0,f8eeknq4,tough-sweep-20,128.0,0.06514531373977661,0.5770312871398597,0.45058621228600687,0.4241566039601712,,,0.001,64,,True,False,123,5.0,,0.0,yuri,torchchem_v1,test:data/yuri/splits/fold_0_test_indices.npy,both,0.1,True,vector_masked,128.0,0.8,False,1e-05,10,3,gap,False,48,
xdekv37w,fpavgbiz,exalted-sweep-23,128.0,0.02763314358890057,0.22563586377635084,0.9646339741971136,0.9624624191793696,,,0.001,48,,True,False,123,2.5,,0.0,yuri,torchchem_v1,test:data/yuri/splits/fold_0_test_indices.npy,node,0.1,True,vector,128.0,0.8,False,1e-05,50,3,HOMO,False,48,
6h26u483,bcsxkqp7,floral-sweep-28,128.0,0.1095430850982666,0.5938907687006325,0.4442262444403502,0.4193358755834245,,,0.001,32,,True,False,123,2.5,,0.0,yuri,torchchem_v1,test:data/yuri/splits/fold_0_test_indices.npy,node,0.1,True,energy,128.0,0.8,False,1e-05,50,2,gap,False,64,
ocicfy34,fcgcomyp,vague-sweep-20,128.0,0.04294119030237198,0.306815458782788,1.953473976752428,1.8439103293704084,,,0.001,64,,True,False,123,10.0,,0.0,yuri,torchchem_v1,test:data/yuri/splits/fold_0_test_indices.npy,both,0.05,True,vector_masked,128.0,0.8,False,1e-05,25,3,dipole_moment_Debye,False,32,
4nwizoex,1v3jgco6,laced-sweep-36,128.0,0.0041482108645141125,0.3385725121559768,1.151912927710404,1.1157316703445048,,,0.001,64,,True,False,123,2.5,,0.0,yuri,torchchem_v1,test:data/yuri/splits/fold_0_test_indices.npy,node,0.0,True,vector,128.0,0.8,False,1e-05,50,2,LUMO,False,32,
ml79ks0p,xh84iuna,silvery-sweep-31,128.0,0.01435607485473156,0.05875624191208646,9.636993164756117,9.36565186875685,,,0.001,64,,True,False,123,2.5,,0.0,yuri,torchchem_v1,test:data/yuri/splits/fold_0_test_indices.npy,both,0.05,True,energy,128.0,0.8,False,1e-05,50,2,splitting,False,16,
cl4dwfg6,47bcozmh,vague-sweep-37,128.0,0.019753191620111465,0.12676289754694903,0.03278558902429244,0.0308652610756246,,,0.001,48,,True,False,123,2.5,,0.0,yuri,torchchem_v1,test:data/yuri/splits/fold_0_test_indices.npy,both,0.05,True,energy,128.0,0.8,False,1e-05,25,3,hirshfeld,False,48,
wgm4qw8i,qrpbckee,super-sweep-30,128.0,0.05041058361530304,0.2574226186964019,1.8275434799956125,1.7196989099165791,,,0.001,64,,True,False,123,10.0,,0.0,yuri,torchchem_v1,test:data/yuri/splits/fold_0_test_indices.npy,node,0.1,True,energy,128.0,0.8,False,1e-05,10,3,dipole_moment_Debye,False,64,
gsczrtvk,bkpi0ype,magic-sweep-26,128.0,0.03175457566976547,0.06816058271917803,10.138548582797457,9.792697688331383,,,0.0001,64,,True,False,123,2.5,,0.0,yuri,torchchem_v1,test:data/yuri/splits/fold_0_test_indices.npy,both,0.0,True,vector_masked,128.0,0.8,False,0.001,10,2,splitting,False,32,
1ok89vwb,y6iw3edy,fresh-sweep-23,128.0,0.001274003298021853,0.1143250315739163,0.03117123742872198,0.031028763833869013,,,0.0005,48,,True,False,123,2.5,,0.0,yuri,torchchem_v1,test:data/yuri/splits/fold_0_test_indices.npy,node,0.0,True,vector_masked,128.0,0.8,False,1e-05,50,3,hirshfeld,False,32,
j849zjv9,bzlfi4qw,lemon-sweep-22,128.0,0.04116387665271759,0.2740841157862852,1.0570887342843012,0.9845025080150224,,,0.001,32,,True,False,123,10.0,,0.0,yuri,torchchem_v1,test:data/yuri/splits/fold_0_test_indices.npy,node,0.1,True,vector_masked,128.0,0.8,False,1e-05,10,3,HOMO,False,64,
n2txrs2e,mlm1x5ng,dark-sweep-20,128.0,0.3616702258586883,0.3195191069409765,1.193452484099783,1.1844736143643448,,,0.001,16,,True,False,123,10.0,,0.0,yuri,torchchem_v1,test:data/yuri/splits/fold_0_test_indices.npy,node,0.1,True,vector_masked,128.0,0.8,False,1e-05,50,3,LUMO,False,64,
efnzlggq,bcsxkqp7,fanciful-sweep-27,128.0,0.033354293555021286,0.4607549258347215,0.41963280642688133,0.39995106168758393,,,0.001,48,,True,False,123,2.5,,0.0,yuri,torchchem_v1,test:data/yuri/splits/fold_0_test_indices.npy,both,0.05,True,vector,128.0,0.8,False,1e-05,50,3,gap,False,64,
xdxnbs2f,fpavgbiz,zany-sweep-22,128.0,0.0508580207824707,0.29123711932835905,1.1317767604959577,1.1181676140893282,,,0.0001,64,,True,False,123,2.5,,0.0,yuri,torchchem_v1,test:data/yuri/splits/fold_0_test_indices.npy,node,0.0,True,vector,128.0,0.8,False,0.0001,50,3,HOMO,False,16,
dunw8flm,f8eeknq4,stilted-sweep-19,128.0,0.04575149342417717,0.4962479675124432,0.4212918304171768,0.4046726251058598,,,0.001,64,,True,False,123,2.5,,0.0,yuri,torchchem_v1,test:data/yuri/splits/fold_0_test_indices.npy,both,0.1,True,vector_masked,128.0,0.8,False,1e-05,10,3,gap,False,48,
639geh1u,xh84iuna,hearty-sweep-30,128.0,0.04428505152463913,0.057334131368532264,9.159024701741275,8.661854299491571,,,0.001,64,,True,False,123,2.5,,0.0,yuri,torchchem_v1,test:data/yuri/splits/fold_0_test_indices.npy,node,0.05,True,energy,128.0,0.8,False,0.0001,25,2,splitting,False,32,
s1tlbd95,bkpi0ype,astral-sweep-25,128.0,0.03373399376869202,0.05627569854901782,9.48147442533416,9.02832661191811,,,5e-05,64,,True,False,123,2.5,,0.0,yuri,torchchem_v1,test:data/yuri/splits/fold_0_test_indices.npy,both,0.05,True,vector_masked,128.0,0.8,False,0.0001,10,2,splitting,False,16,
r9t43zt6,1v3jgco6,iconic-sweep-35,128.0,0.017944786697626114,0.2965309057256271,1.0973894362952663,1.0748832610733907,,,0.001,48,,True,False,123,5.0,,0.0,yuri,torchchem_v1,test:data/yuri/splits/fold_0_test_indices.npy,node,0.05,True,vector,128.0,0.8,False,1e-05,10,3,LUMO,False,64,
4t2vbmvf,y6iw3edy,summer-sweep-22,128.0,0.002000441774725914,0.1105793718377064,0.03160707536993146,0.030478944896155494,,,0.001,64,,True,False,123,2.5,,0.0,yuri,torchchem_v1,test:data/yuri/splits/fold_0_test_indices.npy,node,0.0,True,vector_masked,128.0,0.8,False,1e-05,25,3,hirshfeld,False,16,
1t0be60f,47bcozmh,cerulean-sweep-36,128.0,0.022814875468611717,0.12572632293248998,0.03732060416742941,0.03260983193749548,,,0.001,48,,True,False,123,2.5,,0.0,yuri,torchchem_v1,test:data/yuri/splits/fold_0_test_indices.npy,both,0.0,True,energy,128.0,0.8,False,0.001,25,3,hirshfeld,False,64,
h3gci0hm,bcsxkqp7,golden-sweep-26,128.0,0.002186293015256524,0.5263105615459639,0.4400466621525726,0.4210896635877121,,,0.001,48,,True,False,123,2.5,,0.0,yuri,torchchem_v1,test:data/yuri/splits/fold_0_test_indices.npy,node,0.0,True,vector,128.0,0.8,False,1e-05,50,3,gap,False,16,
ojinj7mn,qrpbckee,stilted-sweep-29,128.0,0.07321222126483917,0.39400976228302925,2.20795191656853,1.9399309368911848,,,0.001,48,,True,False,123,10.0,,0.0,yuri,torchchem_v1,test:data/yuri/splits/fold_0_test_indices.npy,node,0.0,True,vector,128.0,0.8,False,1e-05,25,3,dipole_moment_Debye,False,32,
7vuaig96,mlm1x5ng,clear-sweep-19,128.0,0.0622863695025444,0.39145672013019694,1.2103682236340232,1.1270051434004515,,,0.0005,64,,True,False,123,2.5,,0.0,yuri,torchchem_v1,test:data/yuri/splits/fold_0_test_indices.npy,node,0.1,True,vector_masked,128.0,0.8,False,1e-05,50,3,LUMO,False,64,
pqsok3et,fpavgbiz,splendid-sweep-21,128.0,0.03850454464554787,0.2746761881200404,1.099852714891251,0.9955220630108164,,,0.001,48,,True,False,123,5.0,,0.0,yuri,torchchem_v1,test:data/yuri/splits/fold_0_test_indices.npy,node,0.05,True,vector,128.0,0.8,False,1e-05,50,2,HOMO,False,32,
9lvag4fg,xh84iuna,happy-sweep-29,128.0,0.002647763816639781,0.06455862066098328,9.484138672047298,8.913648893544048,,,0.001,64,,True,False,123,2.5,,0.0,yuri,torchchem_v1,test:data/yuri/splits/fold_0_test_indices.npy,both,0.0,True,energy,128.0,0.8,False,1e-05,50,3,splitting,False,32,
vuzhbanf,f8eeknq4,dandy-sweep-18,128.0,0.11415055394172668,0.5360650679674642,0.427611598318118,0.41502243663384186,,,0.001,64,,True,False,123,2.5,,0.0,yuri,torchchem_v1,test:data/yuri/splits/fold_0_test_indices.npy,both,0.1,True,vector_masked,128.0,0.8,False,0.0001,10,3,gap,False,32,
g8a4r53o,fcgcomyp,splendid-sweep-19,128.0,0.008412385359406471,0.3705112652788902,2.207865716312738,1.9597339600217072,,,0.001,64,,True,False,123,10.0,,0.0,yuri,torchchem_v1,test:data/yuri/splits/fold_0_test_indices.npy,both,0.0,True,vector_masked,128.0,0.8,False,1e-05,50,3,dipole_moment_Debye,False,16,
nhtj8fuf,bkpi0ype,logical-sweep-24,128.0,0.0012008341727778316,0.06797140847955799,9.519476396888388,9.214537643966397,,,0.001,64,,True,False,123,2.5,,0.0,yuri,torchchem_v1,test:data/yuri/splits/fold_0_test_indices.npy,node,0.0,True,vector_masked,128.0,0.8,False,1e-05,10,3,splitting,False,16,
ywbr79h6,bzlfi4qw,charmed-sweep-21,128.0,0.0024663819931447506,0.3051545392593433,1.097624606124892,1.0437810195769968,,,0.001,64,,True,False,123,10.0,,0.0,yuri,torchchem_v1,test:data/yuri/splits/fold_0_test_indices.npy,node,0.0,True,vector_masked,128.0,0.8,False,1e-05,50,3,HOMO,False,64,
vx21771b,bcsxkqp7,exalted-sweep-25,128.0,0.006820139475166798,0.4983342608501171,0.41951697054452536,0.4040964888915317,,,0.001,48,,True,False,123,2.5,,0.0,yuri,torchchem_v1,test:data/yuri/splits/fold_0_test_indices.npy,both,0.0,True,energy,128.0,0.8,False,1e-05,50,2,gap,False,64,
71517y8y,1v3jgco6,rich-sweep-34,128.0,0.015213165432214735,0.23965438570955705,1.009097977495886,0.9941838210938544,,,0.001,64,,True,False,123,2.5,,0.0,yuri,torchchem_v1,test:data/yuri/splits/fold_0_test_indices.npy,node,0.05,True,vector,128.0,0.8,False,1e-05,25,3,LUMO,False,32,
xxm8gpcp,y6iw3edy,volcanic-sweep-21,128.0,0.01708017662167549,0.14222282550201334,0.03241890381166043,0.031405962381866465,,,0.001,64,,True,False,123,2.5,,0.0,yuri,torchchem_v1,test:data/yuri/splits/fold_0_test_indices.npy,node,0.05,True,vector_masked,128.0,0.8,False,1e-05,50,3,hirshfeld,False,48,
01uqij5o,47bcozmh,fiery-sweep-35,128.0,0.02004200778901577,0.1462815247861476,0.0334415500247014,0.031641043673859275,,,0.001,64,,True,False,123,2.5,,0.0,yuri,torchchem_v1,test:data/yuri/splits/fold_0_test_indices.npy,both,0.0,True,energy,128.0,0.8,False,0.0001,50,3,hirshfeld,False,48,
ct6gos88,fpavgbiz,hardy-sweep-20,128.0,0.008604508824646473,0.281750934776561,1.0117082689263253,1.0172649027874567,,,0.001,64,,True,False,123,2.5,,0.0,yuri,torchchem_v1,test:data/yuri/splits/fold_0_test_indices.npy,node,0.0,True,vector,128.0,0.8,False,1e-05,50,2,HOMO,False,32,
w4iwsf8a,xh84iuna,eternal-sweep-28,128.0,0.00146768509875983,0.060069287203830375,9.028630677704998,8.581087796605543,,,0.001,64,,True,False,123,2.5,,0.0,yuri,torchchem_v1,test:data/yuri/splits/fold_0_test_indices.npy,both,0.0,True,energy,128.0,0.8,False,1e-05,10,2,splitting,False,16,
kvngtm29,qrpbckee,dashing-sweep-28,128.0,0.017980879172682762,0.47501482865933714,2.174127712412656,2.181612067152575,,,0.001,16,,True,False,123,10.0,,0.0,yuri,torchchem_v1,test:data/yuri/splits/fold_0_test_indices.npy,node,0.0,True,vector,128.0,0.8,False,1e-05,25,3,dipole_moment_Debye,False,64,
z53f5axw,mlm1x5ng,wandering-sweep-18,128.0,0.022433605045080185,0.329636799621171,1.20916892241722,1.1777858055042028,,,0.001,64,,True,False,123,2.5,,0.0,yuri,torchchem_v1,test:data/yuri/splits/fold_0_test_indices.npy,node,0.1,True,vector_masked,128.0,0.8,False,1e-05,25,3,LUMO,False,48,
lnd82b3l,bkpi0ype,earthy-sweep-23,128.0,0.005609211511909962,0.06221465832264773,8.563896262811355,8.428613156024197,,,0.001,64,,True,False,123,2.5,,0.0,yuri,torchchem_v1,test:data/yuri/splits/fold_0_test_indices.npy,both,0.05,True,vector_masked,128.0,0.8,False,0.0,10,3,splitting,False,16,
bhm8tab8,f8eeknq4,restful-sweep-17,128.0,0.12520639598369598,0.584680395393536,0.4714599625563208,0.4366138556820357,,,0.001,64,,True,False,123,2.5,,0.0,yuri,torchchem_v1,test:data/yuri/splits/fold_0_test_indices.npy,node,0.1,True,vector_masked,128.0,0.8,False,0.0001,25,3,gap,False,32,
0wmrieqd,bcsxkqp7,ruby-sweep-24,128.0,0.04726567491889,0.493742144827185,0.4235225045325862,0.4084278007594616,,,0.001,64,,True,False,123,2.5,,0.0,yuri,torchchem_v1,test:data/yuri/splits/fold_0_test_indices.npy,node,0.05,True,vector,128.0,0.8,False,1e-05,50,2,gap,False,64,
o514wxrx,fcgcomyp,playful-sweep-18,128.0,0.15166381001472473,0.3680503650985915,2.1860447979656135,2.097918659242422,,,0.001,48,,True,False,123,10.0,,0.0,yuri,torchchem_v1,test:data/yuri/splits/fold_0_test_indices.npy,node,0.1,True,vector_masked,128.0,0.8,False,0.0001,50,3,dipole_moment_Debye,False,16,
c9ise46y,bzlfi4qw,honest-sweep-20,128.0,0.06988918036222458,0.352194711822888,1.1860293622211928,1.1114850954058186,,,0.001,64,,True,False,123,5.0,,0.0,yuri,torchchem_v1,test:data/yuri/splits/fold_0_test_indices.npy,node,0.05,True,vector_masked,128.0,0.8,False,1e-05,50,3,HOMO,False,64,
6itq969w,xh84iuna,twilight-sweep-27,128.0,0.0032330218236893415,0.06658534785925314,9.665542015194797,9.3195510533543,,,0.001,48,,True,False,123,2.5,,0.0,yuri,torchchem_v1,test:data/yuri/splits/fold_0_test_indices.npy,both,0.0,True,energy,128.0,0.8,False,1e-05,10,2,splitting,False,48,
5hz6a7u5,y6iw3edy,peachy-sweep-20,128.0,0.004233289044350386,0.11659869930610577,0.03128854069530496,0.030249662053478184,,,0.0005,64,,True,False,123,2.5,,0.0,yuri,torchchem_v1,test:data/yuri/splits/fold_0_test_indices.npy,node,0.0,True,vector_masked,128.0,0.8,False,1e-05,50,3,hirshfeld,False,16,
a6iws0l2,fpavgbiz,expert-sweep-19,128.0,0.14089703559875488,0.2558379455887038,1.0471493746039686,0.9879201829559224,,,0.001,32,,True,False,123,5.0,,0.0,yuri,torchchem_v1,test:data/yuri/splits/fold_0_test_indices.npy,node,0.1,True,vector,128.0,0.8,False,1e-05,50,2,HOMO,False,16,
f2qr21cl,bkpi0ype,vital-sweep-22,128.0,0.01705845259130001,0.060666219556126104,8.914437612412572,8.496024171391257,,,0.001,64,,True,False,123,2.5,,0.0,yuri,torchchem_v1,test:data/yuri/splits/fold_0_test_indices.npy,both,0.0,True,vector_masked,128.0,0.8,False,0.0001,10,2,splitting,False,16,
zu6kwebq,47bcozmh,revived-sweep-34,128.0,0.0390683189034462,0.12136963208944632,0.03151916987231544,0.030811207098928994,,,0.001,32,,True,False,123,2.5,,0.0,yuri,torchchem_v1,test:data/yuri/splits/fold_0_test_indices.npy,both,0.05,True,energy,128.0,0.8,False,0.0001,50,3,hirshfeld,False,32,
09wbyu0j,bcsxkqp7,fresh-sweep-23,128.0,0.28166481852531433,0.5389831508028096,0.4515232737117085,0.4134454107619649,,,0.0005,16,,True,False,123,2.5,,0.0,yuri,torchchem_v1,test:data/yuri/splits/fold_0_test_indices.npy,both,0.05,True,energy,128.0,0.8,False,1e-05,50,2,gap,False,48,
htbgi444,1v3jgco6,swift-sweep-33,128.0,0.12932239472866058,0.3741188518189151,1.316939101162519,1.153815972862675,,,0.001,64,,True,False,123,5.0,,0.0,yuri,torchchem_v1,test:data/yuri/splits/fold_0_test_indices.npy,node,0.0,True,vector,128.0,0.8,False,0.0001,50,3,LUMO,False,64,
9odns4yo,mlm1x5ng,twilight-sweep-17,128.0,0.001602907432243228,0.3228753137177435,1.1155373552635302,1.0930334723084685,,,0.001,64,,True,False,123,2.5,,0.0,yuri,torchchem_v1,test:data/yuri/splits/fold_0_test_indices.npy,both,0.0,True,vector_masked,128.0,0.8,False,1e-05,50,3,LUMO,False,64,
tl5sak83,qrpbckee,eternal-sweep-27,128.0,0.0013943995581939816,0.3367809786878783,2.1467691186251687,2.0607400093181316,,,0.001,48,,True,False,123,10.0,,0.0,yuri,torchchem_v1,test:data/yuri/splits/fold_0_test_indices.npy,node,0.0,True,energy,128.0,0.8,False,1e-05,10,2,dipole_moment_Debye,False,64,
15auo5n6,bzlfi4qw,unique-sweep-19,128.0,0.06006162613630295,0.3553587222022229,1.2216673597265824,1.153481611680137,,,0.001,16,,True,False,123,5.0,,0.0,yuri,torchchem_v1,test:data/yuri/splits/fold_0_test_indices.npy,node,0.1,True,vector_masked,128.0,0.8,False,1e-05,10,3,HOMO,False,48,
2gfp5tju,xh84iuna,bumbling-sweep-26,128.0,0.003375730477273464,0.06939791104403036,10.44830701137982,9.99148156383208,,,0.001,64,,True,False,123,2.5,,0.0,yuri,torchchem_v1,test:data/yuri/splits/fold_0_test_indices.npy,both,0.05,True,vector,128.0,0.8,False,1e-05,10,3,splitting,False,64,
3n12d9gk,f8eeknq4,worthy-sweep-16,128.0,0.8462082147598267,0.5934376490527186,0.45705748216068515,0.44991746725784704,,,0.001,64,,True,False,123,5.0,,0.0,yuri,torchchem_v1,test:data/yuri/splits/fold_0_test_indices.npy,both,0.1,True,vector_masked,128.0,0.8,False,0.001,25,3,gap,False,16,
vfttx61k,bkpi0ype,wise-sweep-21,128.0,0.004039145074784756,0.06096651832219856,9.32562366754005,8.607378519958889,,,0.001,64,,True,False,123,2.5,,0.0,yuri,torchchem_v1,test:data/yuri/splits/fold_0_test_indices.npy,both,0.0,True,vector_masked,128.0,0.8,False,1e-05,10,3,splitting,False,32,
aq7fm2pa,y6iw3edy,atomic-sweep-19,128.0,0.00528787262737751,0.13619317217119808,0.03219655034211478,0.03160611722097555,,,0.001,48,,True,False,123,2.5,,0.0,yuri,torchchem_v1,test:data/yuri/splits/fold_0_test_indices.npy,node,0.0,True,vector_masked,128.0,0.8,False,1e-05,50,3,hirshfeld,False,16,
zv1frt7q,fpavgbiz,major-sweep-18,128.0,0.006891701370477676,0.2595122344791889,1.0424359900326157,0.9996347560201336,,,0.001,32,,True,False,123,2.5,,0.0,yuri,torchchem_v1,test:data/yuri/splits/fold_0_test_indices.npy,node,0.0,True,vector,128.0,0.8,False,1e-05,50,3,HOMO,False,48,
o2f0miwx,bcsxkqp7,hopeful-sweep-22,128.0,0.001993299229070544,0.4826952316637697,0.4180077497866572,0.4030011944892408,,,0.001,48,,True,False,123,2.5,,0.0,yuri,torchchem_v1,test:data/yuri/splits/fold_0_test_indices.npy,both,0.0,True,vector,128.0,0.8,False,1e-05,50,3,gap,False,48,
vjw0y2gz,fcgcomyp,lucky-sweep-17,128.0,0.012726755812764168,0.4435351435737363,2.294581090419702,2.1815059201954696,,,0.001,64,,True,False,123,5.0,,0.0,yuri,torchchem_v1,test:data/yuri/splits/fold_0_test_indices.npy,node,0.1,True,vector_masked,128.0,0.8,False,1e-05,50,3,dipole_moment_Debye,False,32,
77pfgeqa,47bcozmh,devout-sweep-33,128.0,0.013918590731918812,0.1525790191994145,0.036908323803108,0.03306109874069344,,,0.001,32,,True,False,123,2.5,,0.0,yuri,torchchem_v1,test:data/yuri/splits/fold_0_test_indices.npy,both,0.05,True,energy,128.0,0.8,False,1e-05,10,3,hirshfeld,False,64,
nodry6f9,1v3jgco6,young-sweep-32,128.0,0.002254938241094351,0.2976214888280836,1.1121650227925552,1.099500605838526,,,0.0005,64,,True,False,123,2.5,,0.0,yuri,torchchem_v1,test:data/yuri/splits/fold_0_test_indices.npy,node,0.0,True,vector,128.0,0.8,False,1e-05,50,3,LUMO,False,64,
yjc0pxzh,mlm1x5ng,glamorous-sweep-16,128.0,0.005260429345071316,0.34698960185050964,1.1736442659554986,1.1376083635385716,,,0.001,48,,True,False,123,5.0,,0.0,yuri,torchchem_v1,test:data/yuri/splits/fold_0_test_indices.npy,node,0.05,True,vector_masked,128.0,0.8,False,1e-05,25,3,LUMO,False,64,
tlu0fye2,xh84iuna,misty-sweep-25,128.0,0.016756825149059296,0.05695118991144259,9.351650568899474,9.2279813081563,,,0.001,48,,True,False,123,2.5,,0.0,yuri,torchchem_v1,test:data/yuri/splits/fold_0_test_indices.npy,both,0.05,True,energy,128.0,0.8,False,1e-05,25,3,splitting,False,64,
nprj0suk,bkpi0ype,floral-sweep-20,128.0,0.006170839071273804,0.060239569284021854,9.046497456182305,8.72940092879432,,,0.001,64,,True,False,123,2.5,,0.0,yuri,torchchem_v1,test:data/yuri/splits/fold_0_test_indices.npy,both,0.05,True,vector_masked,128.0,0.8,False,0.0,10,3,splitting,False,16,
6gvkj8hy,y6iw3edy,revived-sweep-18,128.0,0.016391480341553688,0.160434037575434,0.035593993334131414,0.03390732154528644,,,0.001,64,,True,False,123,2.5,,0.0,yuri,torchchem_v1,test:data/yuri/splits/fold_0_test_indices.npy,both,0.0,True,vector_masked,128.0,0.8,False,0.0001,50,2,hirshfeld,False,48,
52tcj9yt,bcsxkqp7,northern-sweep-21,128.0,0.023874012753367424,0.4397269084021963,0.4085162732005051,0.4044081460361812,,,0.0005,48,,True,False,123,2.5,,0.0,yuri,torchchem_v1,test:data/yuri/splits/fold_0_test_indices.npy,node,0.05,True,energy,128.0,0.8,False,1e-05,50,3,gap,False,64,
y0mf676d,bzlfi4qw,polished-sweep-18,128.0,0.008080907166004181,0.28004278749998274,1.0137015444863169,1.0256770043652277,,,0.001,64,,True,False,123,5.0,,0.0,yuri,torchchem_v1,test:data/yuri/splits/fold_0_test_indices.npy,node,0.05,True,vector_masked,128.0,0.8,False,1e-05,25,3,HOMO,False,32,
pxbpbhpw,f8eeknq4,chocolate-sweep-15,128.0,0.06824173778295517,0.5394250488486784,0.4416143540847299,0.4288317888333102,,,0.001,64,,True,False,123,2.5,,0.0,yuri,torchchem_v1,test:data/yuri/splits/fold_0_test_indices.npy,both,0.1,True,vector_masked,128.0,0.8,False,1e-05,50,3,gap,False,32,
lygvf4li,fpavgbiz,grateful-sweep-17,128.0,0.05163218826055527,0.2548931724038617,1.046988110676711,0.9727521426449888,,,0.001,64,,True,False,123,5.0,,0.0,yuri,torchchem_v1,test:data/yuri/splits/fold_0_test_indices.npy,node,0.05,True,vector,128.0,0.8,False,1e-05,50,2,HOMO,False,16,
q8xdnhq5,qrpbckee,lively-sweep-26,128.0,0.09736616909503935,0.2932989078349081,1.9631684267656584,1.841092925629679,,,0.001,64,,True,False,123,10.0,,0.0,yuri,torchchem_v1,test:data/yuri/splits/fold_0_test_indices.npy,both,0.05,True,vector,128.0,0.8,False,1e-05,10,3,dipole_moment_Debye,False,64,
xucw1376,1v3jgco6,astral-sweep-31,128.0,0.004298118874430656,0.30957353240328617,1.0609094567478488,1.0404229250663009,,,0.0005,64,,True,False,123,2.5,,0.0,yuri,torchchem_v1,test:data/yuri/splits/fold_0_test_indices.npy,node,0.05,True,vector,128.0,0.8,False,1e-05,50,3,LUMO,False,32,
1562e723,47bcozmh,cosmic-sweep-32,128.0,0.02545594237744808,0.13306903903340472,0.03830386403699153,0.03571725629168458,,,0.001,48,,True,False,123,2.5,,0.0,yuri,torchchem_v1,test:data/yuri/splits/fold_0_test_indices.npy,both,0.05,True,energy,128.0,0.8,False,0.001,25,3,hirshfeld,False,64,
zp1t2kko,xh84iuna,driven-sweep-24,128.0,0.0041368999518454075,0.053833299043492,9.09603455624178,8.468854428441821,,,0.001,48,,True,False,123,2.5,,0.0,yuri,torchchem_v1,test:data/yuri/splits/fold_0_test_indices.npy,both,0.0,True,energy,128.0,0.8,False,1e-05,25,3,splitting,False,64,
1fuqette,fcgcomyp,volcanic-sweep-16,128.0,0.02391323819756508,0.3350939279229477,1.9774416505108985,1.9605826750157036,,,0.001,48,,True,False,123,10.0,,0.0,yuri,torchchem_v1,test:data/yuri/splits/fold_0_test_indices.npy,node,0.1,True,vector_masked,128.0,0.8,False,1e-05,50,3,dipole_moment_Debye,False,16,
v73xj6au,bkpi0ype,sweet-sweep-19,128.0,0.0030755987390875816,0.05102854610645566,9.059395726351118,8.807084611287355,,,0.001,64,,True,False,123,2.5,,0.0,yuri,torchchem_v1,test:data/yuri/splits/fold_0_test_indices.npy,both,0.0,True,vector_masked,128.0,0.8,False,1e-05,25,3,splitting,False,32,
0q61r5m9,y6iw3edy,colorful-sweep-17,128.0,0.004289219155907631,0.1106073779278788,0.031018851155290596,0.030527178473241136,,,0.001,64,,True,False,123,2.5,,0.0,yuri,torchchem_v1,test:data/yuri/splits/fold_0_test_indices.npy,node,0.0,True,vector_masked,128.0,0.8,False,1e-05,50,2,hirshfeld,False,32,
n67hojdx,mlm1x5ng,amber-sweep-15,128.0,0.03679562360048294,0.3373879397223736,1.2115816848006529,1.1309466331048863,,,0.001,48,,True,False,123,5.0,,0.0,yuri,torchchem_v1,test:data/yuri/splits/fold_0_test_indices.npy,node,0.1,True,vector_masked,128.0,0.8,False,1e-05,50,3,LUMO,False,48,
iq5pq4tc,bcsxkqp7,deft-sweep-20,128.0,0.16324090957641602,0.4888892404992005,0.4298341500410939,0.41316067513668314,,,0.001,64,,True,False,123,2.5,,0.0,yuri,torchchem_v1,test:data/yuri/splits/fold_0_test_indices.npy,both,0.1,True,vector,128.0,0.8,False,1e-05,50,3,gap,False,48,
0gytru6k,bzlfi4qw,astral-sweep-17,128.0,0.08783990889787674,0.3310560887872145,1.142444268870331,1.0851928093118466,,,0.001,64,,True,False,123,2.5,,0.0,yuri,torchchem_v1,test:data/yuri/splits/fold_0_test_indices.npy,node,0.05,True,vector_masked,128.0,0.8,False,0.0001,10,3,HOMO,False,48,
3926oafw,fpavgbiz,royal-sweep-16,128.0,0.0012869766214862466,0.2712214984449333,1.0166183227458954,0.9543112448853038,,,0.0005,64,,True,False,123,2.5,,0.0,yuri,torchchem_v1,test:data/yuri/splits/fold_0_test_indices.npy,node,0.0,True,vector,128.0,0.8,False,1e-05,50,3,HOMO,False,48,
sgn2wa1t,1v3jgco6,noble-sweep-30,128.0,0.0028491185512393713,0.2945593009734976,1.0984195193937762,1.091702912190872,,,0.001,64,,True,False,123,2.5,,0.0,yuri,torchchem_v1,test:data/yuri/splits/fold_0_test_indices.npy,node,0.0,True,vector,128.0,0.8,False,1e-05,50,3,LUMO,False,64,
adkvagej,xh84iuna,ancient-sweep-23,128.0,0.0032654092647135258,0.06271257476303084,9.506413809698616,9.133549658615284,,,0.001,64,,True,False,123,2.5,,0.0,yuri,torchchem_v1,test:data/yuri/splits/fold_0_test_indices.npy,node,0.0,True,energy,128.0,0.8,False,1e-05,10,3,splitting,False,64,
t18h4n5f,bkpi0ype,lilac-sweep-18,128.0,0.0014349728589877486,0.06814658840925529,9.752847256494205,9.320797449785251,,,0.0005,64,,True,False,123,2.5,,0.0,yuri,torchchem_v1,test:data/yuri/splits/fold_0_test_indices.npy,both,0.0,True,vector_masked,128.0,0.8,False,1e-05,10,3,splitting,False,64,
75c5awti,47bcozmh,magic-sweep-31,128.0,0.027901027351617813,0.12890149575882945,0.03321498689791767,0.03190621941484344,,,0.001,48,,True,False,123,2.5,,0.0,yuri,torchchem_v1,test:data/yuri/splits/fold_0_test_indices.npy,both,0.1,True,energy,128.0,0.8,False,0.0001,25,3,hirshfeld,False,32,
yqefjgjz,y6iw3edy,golden-sweep-16,128.0,0.0005978996050544083,0.141600980038016,0.03275077864754223,0.03165785360001124,,,0.0005,64,,True,False,123,2.5,,0.0,yuri,torchchem_v1,test:data/yuri/splits/fold_0_test_indices.npy,both,0.0,True,vector_masked,128.0,0.8,False,1e-05,50,3,hirshfeld,False,48,
x9tijbrn,mlm1x5ng,exalted-sweep-14,128.0,0.03326090797781944,0.3536303534076132,1.3132366789933076,1.251741044238364,,,0.001,64,,True,False,123,5.0,,0.0,yuri,torchchem_v1,test:data/yuri/splits/fold_0_test_indices.npy,both,0.1,True,vector_masked,128.0,0.8,False,1e-05,50,2,LUMO,False,64,
q55mgntf,f8eeknq4,jolly-sweep-14,128.0,0.15985402464866638,0.6286433724493816,0.487111009507804,0.4459076826784504,,,0.001,64,,True,False,123,10.0,,0.0,yuri,torchchem_v1,test:data/yuri/splits/fold_0_test_indices.npy,node,0.1,True,vector_masked,128.0,0.8,False,0.0001,50,3,gap,False,16,
6vr7ap45,bcsxkqp7,warm-sweep-19,128.0,0.04381083697080612,0.6962954247819966,0.4889668690210968,0.4416892187356681,,,0.001,64,,True,False,123,5.0,,0.0,yuri,torchchem_v1,test:data/yuri/splits/fold_0_test_indices.npy,node,0.0,True,energy,128.0,0.8,False,0.0001,50,3,gap,False,64,
yvc7twlc,bzlfi4qw,northern-sweep-16,128.0,0.007935977540910244,0.2890524756291817,1.0401503554184115,1.0327557314721267,,,0.001,48,,True,False,123,10.0,,0.0,yuri,torchchem_v1,test:data/yuri/splits/fold_0_test_indices.npy,node,0.1,True,vector_masked,128.0,0.8,False,1e-05,10,3,HOMO,False,64,
ipf9zmgb,fcgcomyp,neat-sweep-15,128.0,0.028347060084342957,0.32563719718620693,2.0936180209417774,2.0869718665663513,,,0.001,48,,True,False,123,10.0,,0.0,yuri,torchchem_v1,test:data/yuri/splits/fold_0_test_indices.npy,both,0.1,True,vector_masked,128.0,0.8,False,1e-05,50,3,dipole_moment_Debye,False,48,
9qi1g9lb,fpavgbiz,stellar-sweep-15,128.0,0.005662711802870035,0.22759384591260864,0.9778557495993728,0.9014660303828996,,,0.001,32,,True,False,123,2.5,,0.0,yuri,torchchem_v1,test:data/yuri/splits/fold_0_test_indices.npy,node,0.0,True,vector,128.0,0.8,False,0.0,50,3,HOMO,False,48,
or3sved8,qrpbckee,northern-sweep-25,128.0,0.024412808939814568,0.22923216634783253,1.7269013876191135,1.7295151195186018,,,0.001,64,,True,False,123,10.0,,0.0,yuri,torchchem_v1,test:data/yuri/splits/fold_0_test_indices.npy,node,0.05,True,energy,128.0,0.8,False,1e-05,25,3,dipole_moment_Debye,False,48,
z108ti9g,1v3jgco6,misunderstood-sweep-29,128.0,0.05802826210856438,0.3005157491384909,1.086259891051483,1.088504946017125,,,0.001,64,,True,False,123,2.5,,0.0,yuri,torchchem_v1,test:data/yuri/splits/fold_0_test_indices.npy,node,0.1,True,vector,128.0,0.8,False,1e-05,25,2,LUMO,False,48,
2mytv6y8,xh84iuna,blooming-sweep-22,128.0,0.012925312854349611,0.07373271477890425,10.8626649627552,10.284945022924116,,,0.001,64,,True,False,123,2.5,,0.0,yuri,torchchem_v1,test:data/yuri/splits/fold_0_test_indices.npy,both,0.0,True,vector,128.0,0.8,False,0.0001,50,3,splitting,False,32,
g5jb982u,bkpi0ype,confused-sweep-17,128.0,0.01999551057815552,0.05363303809908443,8.828225325693108,8.48869985771317,,,0.001,64,,True,False,123,2.5,,0.0,yuri,torchchem_v1,test:data/yuri/splits/fold_0_test_indices.npy,both,0.05,True,vector_masked,128.0,0.8,False,0.0001,25,3,splitting,False,32,
txu6gv47,47bcozmh,fallen-sweep-30,128.0,0.036124374717473984,0.11504436531585864,0.03081461490074863,0.03024898308250493,,,0.001,32,,True,False,123,2.5,,0.0,yuri,torchchem_v1,test:data/yuri/splits/fold_0_test_indices.npy,both,0.05,True,energy,128.0,0.8,False,0.0001,25,3,hirshfeld,False,48,
o33leeoo,y6iw3edy,soft-sweep-15,128.0,0.0005441748071461916,0.13474471526670043,0.031931758061613975,0.03100408712679757,,,0.0005,64,,True,False,123,2.5,,0.0,yuri,torchchem_v1,test:data/yuri/splits/fold_0_test_indices.npy,node,0.0,True,vector_masked,128.0,0.8,False,1e-05,50,3,hirshfeld,False,32,
vpo10jj0,bcsxkqp7,super-sweep-18,128.0,0.02406253106892109,0.5656576012742931,0.4643723660754229,0.4439180030532879,,,0.001,32,,True,False,123,5.0,,0.0,yuri,torchchem_v1,test:data/yuri/splits/fold_0_test_indices.npy,node,0.05,True,vector,128.0,0.8,False,1e-05,25,3,gap,False,64,
semq3dw4,mlm1x5ng,swept-sweep-13,128.0,0.028216080740094185,0.33071678838339347,1.1527364069494506,1.0509654894323044,,,0.001,64,,True,False,123,2.5,,0.0,yuri,torchchem_v1,test:data/yuri/splits/fold_0_test_indices.npy,node,0.05,True,vector_masked,128.0,0.8,False,1e-05,50,3,LUMO,False,48,
kfam6to5,bzlfi4qw,peach-sweep-15,128.0,0.0011659939773380756,0.2988796424249123,1.13468021602177,1.083658017229476,,,0.001,48,,True,False,123,5.0,,0.0,yuri,torchchem_v1,test:data/yuri/splits/fold_0_test_indices.npy,node,0.0,True,vector_masked,128.0,0.8,False,1e-05,10,3,HOMO,False,48,
ijh91vpr,fpavgbiz,super-sweep-14,128.0,0.09361131489276886,0.25918635109375265,1.1033071306302835,0.9757357208994468,,,0.001,32,,True,False,123,2.5,,0.0,yuri,torchchem_v1,test:data/yuri/splits/fold_0_test_indices.npy,node,0.1,True,vector,128.0,0.8,False,0.0001,50,3,HOMO,False,64,
catkm0w5,xh84iuna,elated-sweep-21,128.0,0.049377650022506714,0.07938686584861114,11.558706694997278,10.78653865982443,,,0.001,64,,True,False,123,2.5,,0.0,yuri,torchchem_v1,test:data/yuri/splits/fold_0_test_indices.npy,both,0.0,True,vector,128.0,0.8,False,0.001,50,2,splitting,False,32,
ht1c9udj,1v3jgco6,exalted-sweep-28,128.0,0.011175332590937614,0.29068388391671507,1.0434804755607765,1.0267654724038973,,,0.0005,64,,True,False,123,2.5,,0.0,yuri,torchchem_v1,test:data/yuri/splits/fold_0_test_indices.npy,node,0.05,True,vector,128.0,0.8,False,1e-05,50,3,LUMO,False,48,
qxwg1qyx,f8eeknq4,gallant-sweep-13,128.0,0.036606401205062866,0.6104842753245913,0.4722607691460555,0.4461027147944142,,,0.001,48,,True,False,123,10.0,,0.0,yuri,torchchem_v1,test:data/yuri/splits/fold_0_test_indices.npy,node,0.05,True,vector_masked,128.0,0.8,False,0.0001,50,3,gap,False,16,
ytglv4xk,bkpi0ype,frosty-sweep-16,128.0,0.01655460149049759,0.0677860709999142,10.071694665003522,9.789310228656213,,,0.0001,64,,True,False,123,2.5,,0.0,yuri,torchchem_v1,test:data/yuri/splits/fold_0_test_indices.npy,both,0.0,True,vector_masked,128.0,0.8,False,0.001,50,3,splitting,False,48,
n7sw8qeu,fcgcomyp,helpful-sweep-14,128.0,0.0955757200717926,0.33388179823242387,2.0666867367323714,1.9452970717239464,,,0.001,48,,True,False,123,10.0,,0.0,yuri,torchchem_v1,test:data/yuri/splits/fold_0_test_indices.npy,node,0.1,True,vector_masked,128.0,0.8,False,1e-05,50,3,dipole_moment_Debye,False,16,
036a6qd7,bcsxkqp7,playful-sweep-17,128.0,0.18689653277397156,0.5098507686935622,0.44724655830958887,0.42380106820288926,,,0.001,16,,True,False,123,2.5,,0.0,yuri,torchchem_v1,test:data/yuri/splits/fold_0_test_indices.npy,node,0.1,True,vector,128.0,0.8,False,1e-05,50,3,gap,False,32,
exqj79lf,47bcozmh,avid-sweep-29,128.0,0.02236100286245346,0.12306410112771494,0.03333115399493615,0.03098041232045542,,,0.001,48,,True,False,123,2.5,,0.0,yuri,torchchem_v1,test:data/yuri/splits/fold_0_test_indices.npy,both,0.05,True,energy,128.0,0.8,False,0.0001,25,3,hirshfeld,False,64,
xz9muv6o,y6iw3edy,brisk-sweep-14,128.0,0.0025594509206712246,0.1452941593296569,0.034603536149029446,0.033088249357564214,,,0.0005,32,,True,False,123,2.5,,0.0,yuri,torchchem_v1,test:data/yuri/splits/fold_0_test_indices.npy,node,0.0,True,vector_masked,128.0,0.8,False,1e-05,10,3,hirshfeld,False,64,
pv1xatzg,fpavgbiz,restful-sweep-13,128.0,0.101564422249794,0.26407037290005847,1.1071175049945776,1.0096771430429743,,,0.001,48,,True,False,123,5.0,,0.0,yuri,torchchem_v1,test:data/yuri/splits/fold_0_test_indices.npy,both,0.05,True,vector,128.0,0.8,False,1e-05,50,2,HOMO,False,48,
e0ks6arv,xh84iuna,easy-sweep-20,128.0,0.054304055869579315,0.061915953290359725,10.420731672736546,9.965396661566256,,,0.001,64,,True,False,123,2.5,,0.0,yuri,torchchem_v1,test:data/yuri/splits/fold_0_test_indices.npy,node,0.0,True,energy,128.0,0.8,False,0.001,50,3,splitting,False,64,
8gpucx75,qrpbckee,peach-sweep-24,128.0,0.04401768371462822,0.20968032525531177,1.6188117564215756,1.6114691617157606,,,0.001,64,,True,False,123,10.0,,0.0,yuri,torchchem_v1,test:data/yuri/splits/fold_0_test_indices.npy,node,0.05,True,energy,128.0,0.8,False,1e-05,10,3,dipole_moment_Debye,False,64,
6yr5v7sb,bkpi0ype,eager-sweep-15,128.0,0.005555730778723955,0.062079842491396545,9.410617567055334,9.052737927483395,,,0.001,48,,True,False,123,2.5,,0.0,yuri,torchchem_v1,test:data/yuri/splits/fold_0_test_indices.npy,both,0.0,True,vector_masked,128.0,0.8,False,0.0001,25,3,splitting,False,48,
gfoxax2u,1v3jgco6,youthful-sweep-27,128.0,0.024819526821374893,0.252208874303976,1.016510954547913,1.03483022250866,,,0.001,64,,True,False,123,2.5,,0.0,yuri,torchchem_v1,test:data/yuri/splits/fold_0_test_indices.npy,node,0.0,True,vector,128.0,0.8,False,1e-05,50,3,LUMO,False,64,
0dj9l6xx,bzlfi4qw,bumbling-sweep-14,128.0,0.006051820702850819,0.2710969702437006,1.0639866113085108,0.99519732453689,,,0.001,64,,True,False,123,5.0,,0.0,yuri,torchchem_v1,test:data/yuri/splits/fold_0_test_indices.npy,node,0.0,True,vector_masked,128.0,0.8,False,1e-05,10,3,HOMO,False,48,
rotsx7b5,bcsxkqp7,brisk-sweep-16,128.0,0.03226012736558914,0.47021713493199185,0.4213830262437382,0.4003561097316119,,,0.001,48,,True,False,123,2.5,,0.0,yuri,torchchem_v1,test:data/yuri/splits/fold_0_test_indices.npy,node,0.1,True,energy,128.0,0.8,False,1e-05,50,3,gap,False,48,
bffd4n44,mlm1x5ng,comic-sweep-12,128.0,0.07216236740350723,0.32832208712553157,1.2065669243145876,1.1962914999693866,,,0.0005,64,,True,False,123,10.0,,0.0,yuri,torchchem_v1,test:data/yuri/splits/fold_0_test_indices.npy,node,0.1,True,vector_masked,128.0,0.8,False,1e-05,25,3,LUMO,False,64,
y4w2o09p,y6iw3edy,ruby-sweep-13,128.0,0.006145190447568893,0.13608160126825858,0.0331328520583121,0.031896025958515144,,,0.0005,64,,True,False,123,2.5,,0.0,yuri,torchchem_v1,test:data/yuri/splits/fold_0_test_indices.npy,both,0.0,True,vector_masked,128.0,0.8,False,1e-05,25,3,hirshfeld,False,64,
nyjvqkk5,47bcozmh,electric-sweep-28,128.0,0.009764902293682098,0.12981454128849096,0.03252032321269314,0.0328236048509103,,,0.001,64,,True,False,123,2.5,,0.0,yuri,torchchem_v1,test:data/yuri/splits/fold_0_test_indices.npy,both,0.1,True,energy,128.0,0.8,False,1e-05,50,3,hirshfeld,False,48,
5qk9q49v,xh84iuna,honest-sweep-19,128.0,0.0103212371468544,0.06208093326281885,9.867543694887374,8.612379582975345,,,0.001,64,,True,False,123,2.5,,0.0,yuri,torchchem_v1,test:data/yuri/splits/fold_0_test_indices.npy,both,0.0,True,energy,128.0,0.8,False,1e-05,25,3,splitting,False,64,
lgqra1b5,bkpi0ype,crimson-sweep-14,128.0,0.00633386243134737,0.06866473694942121,9.977101983649138,9.420489063605451,,,0.0005,64,,True,False,123,2.5,,0.0,yuri,torchchem_v1,test:data/yuri/splits/fold_0_test_indices.npy,both,0.0,True,vector_masked,128.0,0.8,False,0.0001,50,3,splitting,False,64,
82fc7k01,fpavgbiz,magic-sweep-12,128.0,0.03366528078913689,0.27877639837819956,1.0998905432938997,1.0541742804632108,,,0.001,48,,True,False,123,2.5,,0.0,yuri,torchchem_v1,test:data/yuri/splits/fold_0_test_indices.npy,both,0.05,True,vector,128.0,0.8,False,0.0001,50,3,HOMO,False,48,
1oancddp,f8eeknq4,genial-sweep-12,128.0,0.2590693235397339,0.6969964555625258,0.5005544644586815,0.4778111982901691,,,0.001,64,,True,False,123,10.0,,0.0,yuri,torchchem_v1,test:data/yuri/splits/fold_0_test_indices.npy,both,0.05,True,vector_masked,128.0,0.8,False,0.001,25,3,gap,False,48,
c88mfgzw,qrpbckee,noble-sweep-23,128.0,0.09913377463817596,0.32330402577745504,2.000142386271966,1.9243921827294657,,,0.001,32,,True,False,123,10.0,,0.0,yuri,torchchem_v1,test:data/yuri/splits/fold_0_test_indices.npy,node,0.1,True,energy,128.0,0.8,False,0.0001,50,3,dipole_moment_Debye,False,64,
et8fxi16,1v3jgco6,ruby-sweep-26,128.0,0.041457466781139374,0.33625832367046127,1.127372243622489,1.108216892232225,,,0.001,64,,True,False,123,2.5,,0.0,yuri,torchchem_v1,test:data/yuri/splits/fold_0_test_indices.npy,node,0.05,True,vector,128.0,0.8,False,0.0001,25,3,LUMO,False,16,
h96ttzxe,bcsxkqp7,upbeat-sweep-15,128.0,0.02820204570889473,0.5031618285795738,0.42706208333221224,0.406533562152774,,,0.001,48,,True,False,123,2.5,,0.0,yuri,torchchem_v1,test:data/yuri/splits/fold_0_test_indices.npy,both,0.05,True,vector,128.0,0.8,False,1e-05,50,3,gap,False,64,
ncazyjge,fcgcomyp,wobbly-sweep-13,128.0,0.04926721751689911,0.30212318177880915,2.0376210275205144,1.8935662807758291,,,0.001,64,,True,False,123,10.0,,0.0,yuri,torchchem_v1,test:data/yuri/splits/fold_0_test_indices.npy,node,0.1,True,vector_masked,128.0,0.8,False,1e-05,50,3,dipole_moment_Debye,False,32,
ik5h43gc,47bcozmh,comfy-sweep-27,128.0,0.043000347912311554,0.14392681342774424,0.03690396756254749,0.036661893985646815,,,0.001,64,,True,False,123,2.5,,0.0,yuri,torchchem_v1,test:data/yuri/splits/fold_0_test_indices.npy,node,0.1,True,energy,128.0,0.8,False,0.001,25,2,hirshfeld,False,64,
islu9c1j,mlm1x5ng,fearless-sweep-11,128.0,0.054925404489040375,0.33377923148459404,1.1967229393200791,1.1338163135730783,,,0.001,32,,True,False,123,10.0,,0.0,yuri,torchchem_v1,test:data/yuri/splits/fold_0_test_indices.npy,node,0.1,True,vector_masked,128.0,0.8,False,1e-05,50,3,LUMO,False,48,
fgr8kzuo,xh84iuna,iconic-sweep-18,128.0,0.0011515922378748655,0.07595963275124287,10.659909412883222,9.930610490510489,,,0.0005,64,,True,False,123,2.5,,0.0,yuri,torchchem_v1,test:data/yuri/splits/fold_0_test_indices.npy,both,0.0,True,vector,128.0,0.8,False,1e-05,50,3,splitting,False,48,
meclyrm0,y6iw3edy,woven-sweep-12,128.0,0.000739209121093154,0.12049061882084812,0.03295500727528697,0.031415720329470764,,,0.0005,48,,True,False,123,2.5,,0.0,yuri,torchchem_v1,test:data/yuri/splits/fold_0_test_indices.npy,both,0.0,True,vector_masked,128.0,0.8,False,1e-05,50,3,hirshfeld,False,64,
dssw4q70,bkpi0ype,rose-sweep-13,128.0,0.003523067105561495,0.0587865880465713,9.277042159318206,8.949857247957533,,,0.0005,64,,True,False,123,2.5,,0.0,yuri,torchchem_v1,test:data/yuri/splits/fold_0_test_indices.npy,both,0.0,True,vector_masked,128.0,0.8,False,0.0001,25,3,splitting,False,48,
n93a8265,bzlfi4qw,flowing-sweep-13,128.0,0.02173532545566559,0.3231504885158662,1.2239460749839943,1.1185559867015784,,,0.001,64,,True,False,123,10.0,,0.0,yuri,torchchem_v1,test:data/yuri/splits/fold_0_test_indices.npy,node,0.0,True,vector_masked,128.0,0.8,False,0.0001,10,3,HOMO,False,64,
rlhwd9dw,f8eeknq4,amber-sweep-11,128.0,0.28024226427078247,0.6448209938304178,0.47340344306330145,0.4604070743967753,,,0.0005,32,,True,False,123,5.0,,0.0,yuri,torchchem_v1,test:data/yuri/splits/fold_0_test_indices.npy,both,0.1,True,vector_masked,128.0,0.8,False,0.001,50,2,gap,False,64,
pnljngz9,bcsxkqp7,crimson-sweep-14,128.0,0.04216385632753372,0.48792527333415786,0.4361181035742119,0.4046348827289511,,,0.001,48,,True,False,123,2.5,,0.0,yuri,torchchem_v1,test:data/yuri/splits/fold_0_test_indices.npy,both,0.1,True,vector,128.0,0.8,False,1e-05,50,3,gap,False,64,
lo99meks,fpavgbiz,vocal-sweep-11,128.0,0.05724949389696121,0.33681229540500146,1.2628891795197903,1.2063956150604072,,,0.001,64,,True,False,123,2.5,,0.0,yuri,torchchem_v1,test:data/yuri/splits/fold_0_test_indices.npy,both,0.1,True,vector,128.0,0.8,False,0.001,50,3,HOMO,False,48,
xsi01yua,fcgcomyp,rare-sweep-12,128.0,0.06321879476308823,0.5784441677146944,2.726701002091601,2.5947530712918705,,,0.0001,64,,True,False,123,2.5,,0.0,yuri,torchchem_v1,test:data/yuri/splits/fold_0_test_indices.npy,both,0.05,True,vector_masked,128.0,0.8,False,0.0001,10,2,dipole_moment_Debye,False,32,
xsux4a2m,1v3jgco6,serene-sweep-25,128.0,0.052207112312316895,0.2690955233471147,1.044536419164738,1.0143101858821886,,,0.001,64,,True,False,123,2.5,,0.0,yuri,torchchem_v1,test:data/yuri/splits/fold_0_test_indices.npy,node,0.1,True,vector,128.0,0.8,False,1e-05,50,3,LUMO,False,16,
8t4vimu8,xh84iuna,twilight-sweep-17,128.0,0.020492367446422577,0.07724389674720065,11.40855492274737,10.546744957415202,,,0.001,64,,True,False,123,2.5,,0.0,yuri,torchchem_v1,test:data/yuri/splits/fold_0_test_indices.npy,both,0.05,True,vector,128.0,0.8,False,0.0001,50,3,splitting,False,64,
kgm1md7h,47bcozmh,royal-sweep-26,128.0,0.0026547734159976244,0.1355855375656794,0.034613683881778226,0.033017631093393396,,,0.001,64,,True,False,123,2.5,,0.0,yuri,torchchem_v1,test:data/yuri/splits/fold_0_test_indices.npy,both,0.05,True,energy,128.0,0.8,False,1e-05,50,2,hirshfeld,False,64,
vg6md7pv,y6iw3edy,distinctive-sweep-11,128.0,0.053002431988716125,0.12636517675529266,0.035663113918548844,0.035570477872045626,,,0.0001,48,,True,False,123,2.5,,0.0,yuri,torchchem_v1,test:data/yuri/splits/fold_0_test_indices.npy,node,0.0,True,vector_masked,128.0,0.8,False,0.001,50,3,hirshfeld,False,64,
lgmrm4jy,bkpi0ype,morning-sweep-12,128.0,0.08766372501850128,0.07194578946279041,10.186866113261226,9.467771541273033,,,0.0005,64,,True,False,123,2.5,,0.0,yuri,torchchem_v1,test:data/yuri/splits/fold_0_test_indices.npy,node,0.05,True,vector_masked,128.0,0.8,False,0.001,50,3,splitting,False,16,
stug202e,bcsxkqp7,serene-sweep-13,128.0,0.134801983833313,0.4640465887456104,0.4097306256942182,0.4022546018370165,,,0.001,48,,True,False,123,2.5,,0.0,yuri,torchchem_v1,test:data/yuri/splits/fold_0_test_indices.npy,node,0.1,True,vector,128.0,0.8,False,1e-05,50,3,gap,False,32,
cw3apq27,fcgcomyp,avid-sweep-11,128.0,0.3977843225002289,0.5165217850228836,2.691818398170705,2.6015707227678506,,,0.0001,32,,True,False,123,2.5,,0.0,yuri,torchchem_v1,test:data/yuri/splits/fold_0_test_indices.npy,node,0.0,True,vector_masked,128.0,0.8,False,1e-05,50,2,dipole_moment_Debye,False,16,
qgt1vuab,qrpbckee,ethereal-sweep-22,128.0,0.03472442924976349,0.2620094945204669,1.8717385958033168,1.7988891734177757,,,0.0005,64,,True,False,123,10.0,,0.0,yuri,torchchem_v1,test:data/yuri/splits/fold_0_test_indices.npy,node,0.1,True,energy,128.0,0.8,False,1e-05,10,3,dipole_moment_Debye,False,64,
9am3339p,f8eeknq4,kind-sweep-10,128.0,0.6537898778915405,0.5649470111419415,0.4638796679638951,0.46551828047670274,,,5e-05,32,,True,False,123,5.0,,0.0,yuri,torchchem_v1,test:data/yuri/splits/fold_0_test_indices.npy,node,0.0,True,vector_masked,128.0,0.8,False,0.0001,50,3,gap,False,16,
cl1biqwg,mlm1x5ng,morning-sweep-10,128.0,0.06969178467988968,0.36158751619273216,1.1756158710222102,1.138679181480016,,,0.0005,48,,True,False,123,10.0,,0.0,yuri,torchchem_v1,test:data/yuri/splits/fold_0_test_indices.npy,node,0.1,True,vector_masked,128.0,0.8,False,1e-05,50,3,LUMO,False,48,
uxvz9yb9,fpavgbiz,snowy-sweep-10,128.0,0.12885193526744845,0.2920208652985507,1.140976412522628,1.1535264985517828,,,0.001,32,,True,False,123,10.0,,0.0,yuri,torchchem_v1,test:data/yuri/splits/fold_0_test_indices.npy,both,0.1,True,vector,128.0,0.8,False,0.0001,25,3,HOMO,False,48,
d03r8iwq,xh84iuna,fancy-sweep-16,128.0,0.023303743451833725,0.07973170781443858,11.320036802630648,10.905560711225464,,,0.001,64,,True,False,123,2.5,,0.0,yuri,torchchem_v1,test:data/yuri/splits/fold_0_test_indices.npy,both,0.05,True,vector,128.0,0.8,False,0.0001,10,2,splitting,False,64,
fa7eoe9q,1v3jgco6,giddy-sweep-24,128.0,0.01258065551519394,0.33127080777595785,1.153498960063254,1.103620458150953,,,0.001,64,,True,False,123,10.0,,0.0,yuri,torchchem_v1,test:data/yuri/splits/fold_0_test_indices.npy,node,0.05,True,vector,128.0,0.8,False,1e-05,25,2,LUMO,False,64,
9fweradz,bkpi0ype,radiant-sweep-11,128.0,0.07164984196424484,0.0755642951177112,10.828256052477816,10.018862069840802,,,0.001,64,,True,False,123,2.5,,0.0,yuri,torchchem_v1,test:data/yuri/splits/fold_0_test_indices.npy,both,0.05,True,vector_masked,128.0,0.8,False,0.001,50,2,splitting,False,48,
viz5r13v,bzlfi4qw,skilled-sweep-12,128.0,0.1753753423690796,0.3452461928386113,1.2345019900764171,1.1603761626579785,,,0.001,64,,True,False,123,10.0,,0.0,yuri,torchchem_v1,test:data/yuri/splits/fold_0_test_indices.npy,node,0.05,True,vector_masked,128.0,0.8,False,0.0001,10,3,HOMO,False,48,
6tx0wdca,bcsxkqp7,desert-sweep-12,128.0,0.01104258093982935,0.4886651496435034,0.42236803827713343,0.40791344681128594,,,0.001,64,,True,False,123,2.5,,0.0,yuri,torchchem_v1,test:data/yuri/splits/fold_0_test_indices.npy,both,0.05,True,vector,128.0,0.8,False,1e-05,50,3,gap,False,48,
snhvet0m,y6iw3edy,denim-sweep-10,128.0,0.005222591571509838,0.1442031786166902,0.032838625400217605,0.0315349713684556,,,0.0005,64,,True,False,123,2.5,,0.0,yuri,torchchem_v1,test:data/yuri/splits/fold_0_test_indices.npy,node,0.0,True,vector_masked,128.0,0.8,False,1e-05,25,3,hirshfeld,False,64,
0flr4lp2,47bcozmh,winter-sweep-25,128.0,0.04312361031770706,0.12843881791521763,0.03684947733305011,0.03417187311662577,,,0.001,64,,True,False,123,2.5,,0.0,yuri,torchchem_v1,test:data/yuri/splits/fold_0_test_indices.npy,both,0.05,True,energy,128.0,0.8,False,0.001,50,3,hirshfeld,False,64,
2em5hdcz,fcgcomyp,pretty-sweep-12,128.0,0.049414388835430145,0.6769549810680849,2.8761881640955256,2.781979591801582,,,0.001,48,,True,False,123,2.5,,0.0,yuri,torchchem_v1,test:data/yuri/splits/fold_0_test_indices.npy,node,0.05,True,vector_masked,128.0,0.8,False,1e-05,10,3,dipole_moment_Debye,False,64,
i012dueg,f8eeknq4,dandy-sweep-9,128.0,0.2144905924797058,0.6183281653913958,0.4752031045590749,0.4733571268191906,,,0.0005,32,,True,False,123,10.0,,0.0,yuri,torchchem_v1,test:data/yuri/splits/fold_0_test_indices.npy,both,0.1,True,vector_masked,128.0,0.8,False,0.001,25,2,gap,False,16,
7tnyjir9,mlm1x5ng,ethereal-sweep-9,128.0,0.15027116239070892,0.5216386333621782,1.5893073434489602,1.5299141646740757,,,0.0001,32,,True,False,123,2.5,,0.0,yuri,torchchem_v1,test:data/yuri/splits/fold_0_test_indices.npy,node,0.0,True,vector_masked,128.0,0.8,False,0.001,50,2,LUMO,False,32,
ymfl5j54,xh84iuna,earthy-sweep-15,128.0,0.010688217356801031,0.05806649257910663,9.623241342430218,9.3815475722421,,,0.0005,64,,True,False,123,2.5,,0.0,yuri,torchchem_v1,test:data/yuri/splits/fold_0_test_indices.npy,both,0.05,True,energy,128.0,0.8,False,0.0001,25,3,splitting,False,64,
1h16agqz,bzlfi4qw,pretty-sweep-11,128.0,0.19721587002277377,0.4520991698935114,1.3750451576951372,1.2701913731012109,,,0.001,32,,True,False,123,5.0,,0.0,yuri,torchchem_v1,test:data/yuri/splits/fold_0_test_indices.npy,node,0.05,True,vector_masked,128.0,0.8,False,0.001,25,3,HOMO,False,64,
1ib91bz8,bkpi0ype,expert-sweep-10,128.0,0.03139388561248779,0.06451308390061403,9.920928658057123,9.287220256362788,,,0.0005,64,,True,False,123,2.5,,0.0,yuri,torchchem_v1,test:data/yuri/splits/fold_0_test_indices.npy,both,0.0,True,vector_masked,128.0,0.8,False,0.001,50,3,splitting,False,16,
qnap17cm,62zfn7wz,skilled-sweep-11,128.0,0.0057733310386538506,0.2979203961018858,0.16299849031925276,0.1607935002188335,,,0.001,64,,True,False,123,2.5,,0.0,yuri,torchchem_v1,test:data/yuri/splits/fold_0_test_indices.npy,both,0.05,True,vector_masked,128.0,0.8,False,0.0,50,3,N_FOD,False,32,
f8ry7rrz,bcsxkqp7,eternal-sweep-11,128.0,0.01717197522521019,0.4837855249643326,0.4200339868232133,0.3888707461243394,,,0.001,48,,True,False,123,2.5,,0.0,yuri,torchchem_v1,test:data/yuri/splits/fold_0_test_indices.npy,node,0.05,True,vector,128.0,0.8,False,1e-05,50,3,gap,False,48,
vum3t1t6,fpavgbiz,scarlet-sweep-9,128.0,0.23781463503837583,0.3049402803439519,1.1910138688931542,1.1640906229505392,,,0.0005,48,,True,False,123,10.0,,0.0,yuri,torchchem_v1,test:data/yuri/splits/fold_0_test_indices.npy,both,0.05,True,vector,128.0,0.8,False,1e-05,50,3,HOMO,False,32,
61cgo4yg,62zfn7wz,confused-sweep-10,128.0,0.015519602224230766,0.28293840805518217,0.15722108135420473,0.15355389188753724,,,0.0005,64,,True,False,123,5.0,,0.0,yuri,torchchem_v1,test:data/yuri/splits/fold_0_test_indices.npy,node,0.05,True,vector_masked,128.0,0.8,False,1e-05,25,3,N_FOD,False,32,
gjkm0hkt,qrpbckee,generous-sweep-21,128.0,0.004569924436509609,0.2811763527128717,1.8934408320453977,1.7397513448702815,,,0.001,64,,True,False,123,10.0,,0.0,yuri,torchchem_v1,test:data/yuri/splits/fold_0_test_indices.npy,node,0.0,True,energy,128.0,0.8,False,1e-05,10,3,dipole_moment_Debye,False,32,
ttzmhda7,47bcozmh,gallant-sweep-24,128.0,0.0069095538929104805,0.14037386951004638,0.033733616773819274,0.032964513947825326,,,0.001,64,,True,False,123,2.5,,0.0,yuri,torchchem_v1,test:data/yuri/splits/fold_0_test_indices.npy,node,0.1,True,energy,128.0,0.8,False,1e-05,25,3,hirshfeld,False,48,
i7zrj7g4,f8eeknq4,vocal-sweep-8,128.0,0.0026676226407289505,0.6304094981530617,0.45985532072733415,0.4452879045953889,,,0.001,48,,True,False,123,2.5,,0.0,yuri,torchchem_v1,test:data/yuri/splits/fold_0_test_indices.npy,node,0.0,True,vector_masked,128.0,0.8,False,0.0,25,3,gap,False,16,
1ybesmtc,y6iw3edy,treasured-sweep-9,128.0,0.007277429569512606,0.16713764168450546,0.03616059237907992,0.0332178723571365,,,0.0005,64,,True,False,123,2.5,,0.0,yuri,torchchem_v1,test:data/yuri/splits/fold_0_test_indices.npy,node,0.0,True,vector_masked,128.0,0.8,False,0.0001,10,3,hirshfeld,False,64,
t64ufz78,1v3jgco6,noble-sweep-23,128.0,0.017282336950302124,0.35891904694766835,1.220085008301647,1.1222457339003584,,,0.001,64,,True,False,123,5.0,,0.0,yuri,torchchem_v1,test:data/yuri/splits/fold_0_test_indices.npy,node,0.0,True,vector,128.0,0.8,False,1e-05,50,3,LUMO,False,16,
pjwyflwz,mlm1x5ng,iconic-sweep-8,128.0,0.039786119014024734,0.5016178845845419,1.5129576329492684,1.3920495178446943,,,0.0005,16,,True,False,123,5.0,,0.0,yuri,torchchem_v1,test:data/yuri/splits/fold_0_test_indices.npy,both,0.0,True,vector_masked,128.0,0.8,False,0.0001,50,3,LUMO,False,48,
d5mkofuy,fcgcomyp,autumn-sweep-11,128.0,0.06216544657945633,0.351171159795646,2.173764345397099,2.1275235154552563,,,0.001,32,,True,False,123,10.0,,0.0,yuri,torchchem_v1,test:data/yuri/splits/fold_0_test_indices.npy,both,0.1,True,vector_masked,128.0,0.8,False,1e-05,10,3,dipole_moment_Debye,False,64,
s46t4h6l,xh84iuna,vague-sweep-14,128.0,0.026479089632630348,0.07586687713347633,11.522974964731365,10.627432742762494,,,0.001,64,,True,False,123,2.5,,0.0,yuri,torchchem_v1,test:data/yuri/splits/fold_0_test_indices.npy,both,0.1,True,vector,128.0,0.8,False,0.0001,25,3,splitting,False,64,
ftklm5g4,bkpi0ype,azure-sweep-9,128.0,0.024820657446980476,0.06978726444830155,9.975622592366166,9.784991483431456,,,0.0001,64,,True,False,123,2.5,,0.0,yuri,torchchem_v1,test:data/yuri/splits/fold_0_test_indices.npy,both,0.05,True,vector_masked,128.0,0.8,False,0.001,50,3,splitting,False,48,
a4hz0pvt,bcsxkqp7,smart-sweep-10,128.0,0.04795114696025848,0.5223384992829685,0.4505311007983814,0.432924918063968,,,0.001,32,,True,False,123,10.0,,0.0,yuri,torchchem_v1,test:data/yuri/splits/fold_0_test_indices.npy,both,0.1,True,vector,128.0,0.8,False,0.0,25,3,gap,False,48,
i82i7jma,fpavgbiz,icy-sweep-8,128.0,0.1092347577214241,0.2849998147837047,1.2612261108080591,1.2475954466941013,,,0.001,64,,True,False,123,2.5,,0.0,yuri,torchchem_v1,test:data/yuri/splits/fold_0_test_indices.npy,node,0.05,True,energy,128.0,0.8,False,0.001,25,3,HOMO,False,32,
pi0mp6xo,bzlfi4qw,daily-sweep-10,128.0,0.030483700335025787,0.31407626281524526,1.1864850870616228,1.0803192956315917,,,0.001,48,,True,False,123,10.0,,0.0,yuri,torchchem_v1,test:data/yuri/splits/fold_0_test_indices.npy,node,0.05,True,vector_masked,128.0,0.8,False,0.0001,25,3,HOMO,False,64,
w7h0cye2,47bcozmh,lively-sweep-23,128.0,0.0028416027780622244,0.15340679113207192,0.035806759398699706,0.03352090279469551,,,0.001,48,,True,False,123,2.5,,0.0,yuri,torchchem_v1,test:data/yuri/splits/fold_0_test_indices.npy,node,0.0,True,energy,128.0,0.8,False,0.0001,50,3,hirshfeld,False,64,
m9yjrto8,y6iw3edy,serene-sweep-8,128.0,0.005647026933729649,0.12515527080616046,0.033506124479909125,0.033321228108977155,,,0.0005,48,,True,False,123,2.5,,0.0,yuri,torchchem_v1,test:data/yuri/splits/fold_0_test_indices.npy,both,0.0,True,vector_masked,128.0,0.8,False,0.0001,10,3,hirshfeld,False,64,
cisomcc0,f8eeknq4,apricot-sweep-7,128.0,0.07725708931684494,0.6675915754046934,0.4800786457938623,0.44097131736729095,,,0.0001,64,,True,False,123,2.5,,0.0,yuri,torchchem_v1,test:data/yuri/splits/fold_0_test_indices.npy,both,0.1,True,vector_masked,128.0,0.8,False,1e-05,25,3,gap,False,16,
mwd9y8a5,62zfn7wz,silver-sweep-9,128.0,0.0012551427353173494,0.335380252193788,0.16280586513713916,0.15400392579121802,,,0.0005,64,,True,False,123,5.0,,0.0,yuri,torchchem_v1,test:data/yuri/splits/fold_0_test_indices.npy,both,0.0,True,vector_masked,128.0,0.8,False,1e-05,25,3,N_FOD,False,16,
t23kx241,fcgcomyp,breezy-sweep-10,128.0,0.022813530638813972,0.4647627691256589,2.499250061987743,2.3744108806360495,,,0.001,64,,True,False,123,2.5,,0.0,yuri,torchchem_v1,test:data/yuri/splits/fold_0_test_indices.npy,both,0.1,True,vector_masked,128.0,0.8,False,1e-05,25,3,dipole_moment_Debye,False,48,
kilqkylu,1v3jgco6,hopeful-sweep-22,128.0,0.00605918699875474,0.283099807156571,1.068433004132458,1.054514183898134,,,0.001,64,,True,False,123,5.0,,0.0,yuri,torchchem_v1,test:data/yuri/splits/fold_0_test_indices.npy,node,0.05,True,vector,128.0,0.8,False,1e-05,25,3,LUMO,False,32,
3upo7alo,mlm1x5ng,royal-sweep-7,128.0,0.00929777231067419,0.38427692600365343,1.2963203774522647,1.2531613189929434,,,0.0005,64,,True,False,123,10.0,,0.0,yuri,torchchem_v1,test:data/yuri/splits/fold_0_test_indices.npy,node,0.0,True,vector_masked,128.0,0.8,False,1e-05,10,2,LUMO,False,16,
7bsgsvj3,bcsxkqp7,lemon-sweep-9,128.0,1.0126579999923706,0.5276675111260908,0.4446678274674023,0.4434988176604334,,,5e-05,48,,True,False,123,5.0,,0.0,yuri,torchchem_v1,test:data/yuri/splits/fold_0_test_indices.npy,both,0.0,True,vector,128.0,0.8,False,1e-05,50,3,gap,False,32,
wdillwkb,xh84iuna,cool-sweep-13,128.0,0.0026397090405225754,0.08031537435178099,12.365838656445137,11.687805653385002,,,0.0001,64,,True,False,123,5.0,,0.0,yuri,torchchem_v1,test:data/yuri/splits/fold_0_test_indices.npy,both,0.0,True,vector,128.0,0.8,False,1e-05,25,3,splitting,False,64,
x04ihr5o,qrpbckee,treasured-sweep-20,128.0,0.05589662492275238,0.33455105125904083,1.9941112731017072,1.9570516789312156,,,0.001,64,,True,False,123,10.0,,0.0,yuri,torchchem_v1,test:data/yuri/splits/fold_0_test_indices.npy,node,0.05,True,vector,128.0,0.8,False,1e-05,50,3,dipole_moment_Debye,False,48,
5knp73bt,bkpi0ype,resilient-sweep-8,128.0,0.01683046482503414,0.06374305261877077,10.683633199637873,10.111219415237503,,,0.001,64,,True,False,123,5.0,,0.0,yuri,torchchem_v1,test:data/yuri/splits/fold_0_test_indices.npy,both,0.1,True,vector_masked,128.0,0.8,False,0.0001,25,3,splitting,False,64,
qcj8nfsr,bzlfi4qw,earnest-sweep-9,128.0,0.07007580250501633,0.3193214051425457,1.1945844863221091,1.122702070012636,,,0.001,48,,True,False,123,5.0,,0.0,yuri,torchchem_v1,test:data/yuri/splits/fold_0_test_indices.npy,node,0.1,True,vector_masked,128.0,0.8,False,0.0001,10,3,HOMO,False,64,
e3ft0y2g,fpavgbiz,pretty-sweep-7,128.0,0.023795638233423233,0.2838613587463724,1.1461984166104686,1.1093055342698712,,,0.001,32,,True,False,123,10.0,,0.0,yuri,torchchem_v1,test:data/yuri/splits/fold_0_test_indices.npy,node,0.05,True,vector,128.0,0.8,False,1e-05,25,3,HOMO,False,32,
m3ml9w7p,f8eeknq4,blooming-sweep-6,128.0,0.1512957066297531,0.6111043059620364,0.4669579417236692,0.45025084918561314,,,0.0001,32,,True,False,123,2.5,,0.0,yuri,torchchem_v1,test:data/yuri/splits/fold_0_test_indices.npy,both,0.05,True,vector_masked,128.0,0.8,False,0.001,25,2,gap,False,48,
s6mqpz6y,47bcozmh,sunny-sweep-22,128.0,0.009720053523778915,0.13725668336425362,0.03416471843674265,0.03277858602466456,,,0.001,48,,True,False,123,2.5,,0.0,yuri,torchchem_v1,test:data/yuri/splits/fold_0_test_indices.npy,both,0.05,True,energy,128.0,0.8,False,1e-05,10,2,hirshfeld,False,64,
k0ckok3j,62zfn7wz,deft-sweep-8,128.0,0.011776106432080269,0.4194183151783614,0.1795485578016107,0.17146959473850887,,,0.001,16,,True,False,123,10.0,,0.0,yuri,torchchem_v1,test:data/yuri/splits/fold_0_test_indices.npy,both,0.0,True,vector_masked,128.0,0.8,False,0.0,10,3,N_FOD,False,16,
pjjamndz,y6iw3edy,northern-sweep-7,128.0,0.001475035911425948,0.12894225791738978,0.03290217228401266,0.03265989523904335,,,0.001,32,,True,False,123,2.5,,0.0,yuri,torchchem_v1,test:data/yuri/splits/fold_0_test_indices.npy,node,0.0,True,vector_masked,128.0,0.8,False,1e-05,10,3,hirshfeld,False,48,
sbl7epnx,fcgcomyp,legendary-sweep-9,128.0,0.0967855229973793,0.3801474779330451,2.3166177883632533,2.2430438098581735,,,0.001,16,,True,False,123,5.0,,0.0,yuri,torchchem_v1,test:data/yuri/splits/fold_0_test_indices.npy,both,0.1,True,vector_masked,128.0,0.8,False,1e-05,25,3,dipole_moment_Debye,False,48,
7z2nikin,bcsxkqp7,rosy-sweep-8,128.0,0.15715539455413818,0.5797927965377939,0.49191748465581575,0.4615518549193814,,,5e-05,32,,True,False,123,5.0,,0.0,yuri,torchchem_v1,test:data/yuri/splits/fold_0_test_indices.npy,both,0.05,True,energy,128.0,0.8,False,1e-05,10,2,gap,False,48,
l2s30lcj,bkpi0ype,peach-sweep-7,128.0,0.023464152589440342,0.05240173843400232,8.461964300259822,8.608518671077167,,,0.001,64,,True,False,123,2.5,,0.0,yuri,torchchem_v1,test:data/yuri/splits/fold_0_test_indices.npy,node,0.05,True,vector_masked,128.0,0.8,False,0.0001,25,3,splitting,False,32,
bfh1d37t,bzlfi4qw,amber-sweep-8,128.0,0.6056816577911377,0.4313363181105975,1.4622564693372282,1.444177315584345,,,0.001,16,,True,False,123,5.0,,0.0,yuri,torchchem_v1,test:data/yuri/splits/fold_0_test_indices.npy,both,0.1,True,vector_masked,128.0,0.8,False,0.001,25,3,HOMO,False,64,
norsfgwn,1v3jgco6,dauntless-sweep-21,128.0,0.052125997841358185,0.3186783009561999,1.146455487737588,1.1561982066433345,,,0.0005,64,,True,False,123,5.0,,0.0,yuri,torchchem_v1,test:data/yuri/splits/fold_0_test_indices.npy,node,0.0,True,vector,128.0,0.8,False,0.0001,50,3,LUMO,False,64,
54ei2hc3,62zfn7wz,vibrant-sweep-7,128.0,0.18256895244121552,0.4640241738023429,0.21398811819273508,0.19020106913694235,,,0.0005,48,,True,False,123,2.5,,0.0,yuri,torchchem_v1,test:data/yuri/splits/fold_0_test_indices.npy,both,0.05,True,vector_masked,128.0,0.8,False,0.001,10,2,N_FOD,False,16,
yeero7b9,xh84iuna,curious-sweep-12,128.0,0.023946326225996017,0.07969565439070093,11.639504577279933,10.55423634938787,,,0.0005,64,,True,False,123,5.0,,0.0,yuri,torchchem_v1,test:data/yuri/splits/fold_0_test_indices.npy,both,0.1,True,vector,128.0,0.8,False,0.0001,10,3,splitting,False,64,
90yobz83,fpavgbiz,crisp-sweep-6,128.0,1.520092487335205,6.905647960202447,7.384903905006156,2.1584138346794246,,,0.0001,16,,True,False,123,5.0,,0.0,yuri,torchchem_v1,test:data/yuri/splits/fold_0_test_indices.npy,both,0.1,True,energy,128.0,0.8,False,0.0001,10,3,HOMO,False,64,
f80h6d95,47bcozmh,bumbling-sweep-21,128.0,0.03658027946949005,0.11866254616400292,0.033007036653550044,0.03109046495832571,,,0.001,48,,True,False,123,2.5,,0.0,yuri,torchchem_v1,test:data/yuri/splits/fold_0_test_indices.npy,both,0.05,True,energy,128.0,0.8,False,0.0001,25,3,hirshfeld,False,48,
lhnxxjxv,y6iw3edy,ethereal-sweep-6,128.0,0.0171988382935524,0.14328925289085198,0.03529019798461569,0.03489594145353672,,,0.001,16,,True,False,123,5.0,,0.0,yuri,torchchem_v1,test:data/yuri/splits/fold_0_test_indices.npy,node,0.0,True,vector_masked,128.0,0.8,False,0.0001,10,3,hirshfeld,False,64,
m9xl392c,mlm1x5ng,floral-sweep-6,128.0,0.4572579860687256,0.4123237879368766,1.383110319563225,1.3192621587399924,,,0.001,64,,True,False,123,10.0,,0.0,yuri,torchchem_v1,test:data/yuri/splits/fold_0_test_indices.npy,node,0.05,True,vector_masked,128.0,0.8,False,0.001,25,3,LUMO,False,16,
wkkkfhjq,fcgcomyp,swept-sweep-8,128.0,0.05211668461561203,0.4175416038467966,2.2929622188027023,2.215564459703207,,,0.001,32,,True,False,123,5.0,,0.0,yuri,torchchem_v1,test:data/yuri/splits/fold_0_test_indices.npy,both,0.1,True,vector_masked,128.0,0.8,False,1e-05,25,3,dipole_moment_Debye,False,48,
x90r44g3,bcsxkqp7,floral-sweep-7,128.0,0.3733092248439789,0.620270894519214,0.4903470070371146,0.4637868344510295,,,0.001,48,,True,False,123,5.0,,0.0,yuri,torchchem_v1,test:data/yuri/splits/fold_0_test_indices.npy,node,0.05,True,vector,128.0,0.8,False,0.001,50,3,gap,False,48,
6sqa1xum,qrpbckee,fast-sweep-19,128.0,0.0032679655123502016,0.30321255326271057,2.042932298687712,1.909086751740963,,,0.001,64,,True,False,123,10.0,,0.0,yuri,torchchem_v1,test:data/yuri/splits/fold_0_test_indices.npy,node,0.0,True,energy,128.0,0.8,False,0.0001,50,3,dipole_moment_Debye,False,48,
yxeiqxtv,bzlfi4qw,charmed-sweep-7,128.0,0.13840682804584503,0.42670235705786735,1.5116094464427852,1.4335466019667782,,,0.001,16,,True,False,123,10.0,,0.0,yuri,torchchem_v1,test:data/yuri/splits/fold_0_test_indices.npy,both,0.1,True,vector_masked,128.0,0.8,False,0.001,25,3,HOMO,False,64,
a05gkepk,62zfn7wz,fanciful-sweep-6,128.0,0.030959507450461388,0.3801589189418431,0.18261446424261848,0.17455956266003556,,,0.0005,32,,True,False,123,5.0,,0.0,yuri,torchchem_v1,test:data/yuri/splits/fold_0_test_indices.npy,node,0.05,True,vector_masked,128.0,0.8,False,1e-05,10,2,N_FOD,False,16,
kq11753a,bkpi0ype,bright-sweep-6,128.0,0.09579800069332124,0.09053947079669812,12.368041416454291,12.062843479062025,,,0.0001,32,,True,False,123,10.0,,0.0,yuri,torchchem_v1,test:data/yuri/splits/fold_0_test_indices.npy,both,0.1,True,vector_masked,128.0,0.8,False,0.001,25,3,splitting,False,32,
bljymo33,xh84iuna,drawn-sweep-11,128.0,0.007641234435141087,0.06248454711046712,10.087514213978368,9.527143752792538,,,0.0005,64,,True,False,123,2.5,,0.0,yuri,torchchem_v1,test:data/yuri/splits/fold_0_test_indices.npy,both,0.05,True,energy,128.0,0.8,False,0.0,25,2,splitting,False,64,
bllp5inu,f8eeknq4,youthful-sweep-5,128.0,0.1603916883468628,0.7960973587529413,0.5154785394277378,0.48258317196064626,,,0.001,64,,True,False,123,10.0,,0.0,yuri,torchchem_v1,test:data/yuri/splits/fold_0_test_indices.npy,both,0.1,True,vector_masked,128.0,0.8,False,0.001,50,3,gap,False,48,
o6pjbitc,47bcozmh,colorful-sweep-20,128.0,0.012482305988669395,0.12230703054830946,0.035111786251526916,0.03175162709961314,,,0.001,48,,True,False,123,2.5,,0.0,yuri,torchchem_v1,test:data/yuri/splits/fold_0_test_indices.npy,both,0.0,True,energy,128.0,0.8,False,0.001,25,3,hirshfeld,False,64,
scu4okti,y6iw3edy,lunar-sweep-5,128.0,0.010236946865916252,0.12111600520538872,0.03554887573156052,0.03398871993391033,,,0.001,32,,True,False,123,5.0,,0.0,yuri,torchchem_v1,test:data/yuri/splits/fold_0_test_indices.npy,both,0.0,True,vector_masked,128.0,0.8,False,0.0001,10,3,hirshfeld,False,48,
0nbwn5ih,1v3jgco6,devoted-sweep-20,128.0,0.03370048478245735,0.31553292865383215,1.1348653164749498,1.114590675285371,,,0.001,64,,True,False,123,5.0,,0.0,yuri,torchchem_v1,test:data/yuri/splits/fold_0_test_indices.npy,node,0.0,True,vector,128.0,0.8,False,0.0001,50,3,LUMO,False,48,
7s41amwy,fcgcomyp,winter-sweep-7,128.0,0.04370855540037155,0.8561247222382447,3.240352842965841,2.664437878111277,,,0.001,16,,True,False,123,2.5,,0.0,yuri,torchchem_v1,test:data/yuri/splits/fold_0_test_indices.npy,both,0.0,True,vector_masked,128.0,0.8,False,0.0001,50,2,dipole_moment_Debye,False,48,
ag90vc3v,62zfn7wz,deft-sweep-5,128.0,0.5279862880706787,0.44652986757714175,0.21517916126335876,0.20753552127063185,,,5e-05,32,,True,False,123,2.5,,0.0,yuri,torchchem_v1,test:data/yuri/splits/fold_0_test_indices.npy,both,0.05,True,vector_masked,128.0,0.8,False,0.0001,25,2,N_FOD,False,48,
z15psoln,bzlfi4qw,smart-sweep-6,128.0,0.2541657090187073,0.47600430815384304,1.577606890361943,1.5730938003871937,,,0.0001,16,,True,False,123,5.0,,0.0,yuri,torchchem_v1,test:data/yuri/splits/fold_0_test_indices.npy,both,0.05,True,vector_masked,128.0,0.8,False,0.001,10,2,HOMO,False,64,
bt7zlzp3,bcsxkqp7,crimson-sweep-6,128.0,0.7174580693244934,0.651771075766662,0.5252394010816982,0.5248196790693396,,,5e-05,16,,True,False,123,10.0,,0.0,yuri,torchchem_v1,test:data/yuri/splits/fold_0_test_indices.npy,both,0.1,True,vector,128.0,0.8,False,0.001,10,3,gap,False,16,
1i79ljhl,mlm1x5ng,devoted-sweep-5,128.0,0.016959400847554207,0.4211554463053572,1.4053437510813074,1.2783636866238193,,,0.0005,32,,True,False,123,10.0,,0.0,yuri,torchchem_v1,test:data/yuri/splits/fold_0_test_indices.npy,node,0.0,True,vector_masked,128.0,0.8,False,0.0001,25,2,LUMO,False,64,
lncettp7,xh84iuna,sage-sweep-10,128.0,0.2643726170063019,1.2715000839068973,51.4440751006026,28.242185429533308,,,5e-05,16,,True,False,123,10.0,,0.0,yuri,torchchem_v1,test:data/yuri/splits/fold_0_test_indices.npy,node,0.1,True,energy,128.0,0.8,False,0.0001,50,3,splitting,False,32,
88ycz4nu,f8eeknq4,young-sweep-4,128.0,1.1940773725509644,0.5658128811367626,0.4783004831361509,0.4723541766590409,,,5e-05,48,,True,False,123,5.0,,0.0,yuri,torchchem_v1,test:data/yuri/splits/fold_0_test_indices.npy,node,0.1,True,vector_masked,128.0,0.8,False,0.001,25,2,gap,False,32,
uhjy02oy,bzlfi4qw,warm-sweep-5,128.0,0.4376370906829834,0.4999271302387632,1.5901008408222037,1.593032039537316,,,0.0001,16,,True,False,123,2.5,,0.0,yuri,torchchem_v1,test:data/yuri/splits/fold_0_test_indices.npy,both,0.0,True,vector_masked,128.0,0.8,False,0.0,10,2,HOMO,False,64,
0i2ais56,qrpbckee,apricot-sweep-18,128.0,0.06777389347553253,0.2839348919946572,1.9506029800078224,1.8824989812579895,,,0.001,48,,True,False,123,10.0,,0.0,yuri,torchchem_v1,test:data/yuri/splits/fold_0_test_indices.npy,node,0.05,True,vector,128.0,0.8,False,1e-05,10,3,dipole_moment_Debye,False,32,
pa2il4kr,bkpi0ype,floral-sweep-5,128.0,0.02747214585542679,0.05958432903320625,9.32290032957144,9.223326423889532,,,0.0005,64,,True,False,123,5.0,,0.0,yuri,torchchem_v1,test:data/yuri/splits/fold_0_test_indices.npy,node,0.05,True,vector_masked,128.0,0.8,False,0.001,50,3,splitting,False,48,
aoxfvzg9,y6iw3edy,sandy-sweep-4,128.0,0.0027877341490238905,0.11847861726158138,0.03268730111179617,0.03174756290958084,,,0.0005,32,,True,False,123,2.5,,0.0,yuri,torchchem_v1,test:data/yuri/splits/fold_0_test_indices.npy,node,0.0,True,vector_masked,128.0,0.8,False,0.0,10,3,hirshfeld,False,64,
789iyspw,bcsxkqp7,leafy-sweep-5,128.0,0.07711932808160782,0.4975355177603919,0.43326920474799,0.4230035286789595,,,0.001,48,,True,False,123,5.0,,0.0,yuri,torchchem_v1,test:data/yuri/splits/fold_0_test_indices.npy,both,0.1,True,vector,128.0,0.8,False,0.0,50,2,gap,False,16,
gj53wc7h,fcgcomyp,dulcet-sweep-6,128.0,0.11375923454761504,0.5035107564823381,2.602626454527212,2.581208324418852,,,0.001,16,,True,False,123,2.5,,0.0,yuri,torchchem_v1,test:data/yuri/splits/fold_0_test_indices.npy,both,0.1,True,vector_masked,128.0,0.8,False,1e-05,25,2,dipole_moment_Debye,False,48,
jfojdx1r,1v3jgco6,elated-sweep-19,128.0,0.0056061348877847195,0.32403139018550003,1.122031837060488,1.106958159205643,,,0.001,48,,True,False,123,2.5,,0.0,yuri,torchchem_v1,test:data/yuri/splits/fold_0_test_indices.npy,node,0.0,True,vector,128.0,0.8,False,1e-05,25,3,LUMO,False,48,
pa2r5gax,62zfn7wz,lively-sweep-4,128.0,0.14312590658664703,0.30571082529836685,0.1690484293910617,0.16398163713995312,,,0.0005,64,,True,False,123,2.5,,0.0,yuri,torchchem_v1,test:data/yuri/splits/fold_0_test_indices.npy,both,0.05,True,vector_masked,128.0,0.8,False,0.001,50,3,N_FOD,False,32,
n4umqulf,47bcozmh,icy-sweep-19,128.0,0.044986918568611145,0.1105437800930492,0.034565774573788635,0.03310426161373525,,,0.0005,64,,True,False,123,2.5,,0.0,yuri,torchchem_v1,test:data/yuri/splits/fold_0_test_indices.npy,both,0.05,True,energy,128.0,0.8,False,0.001,10,3,hirshfeld,False,64,
s641l575,mlm1x5ng,different-sweep-4,128.0,0.13744404911994934,0.323259791616222,1.133348568255219,1.104371592531785,,,0.001,32,,True,False,123,5.0,,0.0,yuri,torchchem_v1,test:data/yuri/splits/fold_0_test_indices.npy,node,0.1,True,vector_masked,128.0,0.8,False,1e-05,50,3,LUMO,False,48,
cgvmiwl5,f8eeknq4,gentle-sweep-3,128.0,0.37261924147605896,0.6000163637358567,0.490411965409574,0.4810948345067031,,,5e-05,16,,True,False,123,5.0,,0.0,yuri,torchchem_v1,test:data/yuri/splits/fold_0_test_indices.npy,both,0.0,True,vector_masked,128.0,0.8,False,0.0001,25,2,gap,False,16,
unzukvl1,hp3mppyt,fresh-sweep-18,128.0,0.0048149265348911285,0.2736275822951876,0.1589053525162811,0.14623941751620917,,,0.001,64,,True,False,123,2.5,,0.0,yuri,torchchem_v1,test:data/yuri/splits/fold_0_test_indices.npy,node,0.0,True,energy,128.0,0.8,False,0.0001,10,3,N_FOD,False,32,
8mus6ceq,hp3mppyt,eternal-sweep-17,128.0,0.09912511706352234,0.2650507578048213,0.15060219629337987,0.15410032010554217,,,0.001,64,,True,False,123,5.0,,0.0,yuri,torchchem_v1,test:data/yuri/splits/fold_0_test_indices.npy,both,0.0,True,energy,128.0,0.8,False,0.0001,10,3,N_FOD,False,32,
vqzlq2uy,bkpi0ype,genial-sweep-4,128.0,0.16069769859313965,0.1299452132962901,15.464498776952272,15.292625523652434,,,5e-05,16,,True,False,123,5.0,,0.0,yuri,torchchem_v1,test:data/yuri/splits/fold_0_test_indices.npy,both,0.1,True,vector_masked,128.0,0.8,False,0.0,50,3,splitting,False,32,
8mfo7bfu,bzlfi4qw,dauntless-sweep-4,128.0,0.04346954822540283,0.502086064425008,1.6415420455775058,1.423713353704395,,,0.001,32,,True,False,123,10.0,,0.0,yuri,torchchem_v1,test:data/yuri/splits/fold_0_test_indices.npy,both,0.0,True,vector_masked,128.0,0.8,False,0.001,10,3,HOMO,False,64,
5vufdagl,y6iw3edy,playful-sweep-3,128.0,0.1420385241508484,0.17908108619780377,0.04369862734693597,0.04196607892177783,,,0.0001,32,,True,False,123,5.0,,0.0,yuri,torchchem_v1,test:data/yuri/splits/fold_0_test_indices.npy,both,0.1,True,vector_masked,128.0,0.8,False,0.0,10,2,hirshfeld,False,48,
grc4dkgr,bcsxkqp7,robust-sweep-4,128.0,0.3962276577949524,0.5539558642897112,0.4503452069969155,0.4210282372680883,,,0.0005,16,,True,False,123,5.0,,0.0,yuri,torchchem_v1,test:data/yuri/splits/fold_0_test_indices.npy,both,0.0,True,energy,128.0,0.8,False,0.0001,50,3,gap,False,32,
vfoui8q2,qrpbckee,decent-sweep-17,128.0,0.012031011283397676,0.3805479543476269,2.1370097305058136,2.0220516111277926,,,0.001,48,,True,False,123,10.0,,0.0,yuri,torchchem_v1,test:data/yuri/splits/fold_0_test_indices.npy,node,0.0,True,vector,128.0,0.8,False,1e-05,10,2,dipole_moment_Debye,False,64,
tdp440je,fcgcomyp,legendary-sweep-5,128.0,0.5634708404541016,0.6137444191965563,3.040806774967258,3.0359503443813978,,,0.0001,16,,True,False,123,5.0,,0.0,yuri,torchchem_v1,test:data/yuri/splits/fold_0_test_indices.npy,both,0.1,True,vector_masked,128.0,0.8,False,0.001,50,2,dipole_moment_Debye,False,48,
giyt407e,62zfn7wz,serene-sweep-3,128.0,0.2350185066461563,0.36651801934529993,0.1927974351905989,0.18590256183843695,,,0.001,48,,True,False,123,5.0,,0.0,yuri,torchchem_v1,test:data/yuri/splits/fold_0_test_indices.npy,node,0.1,True,vector_masked,128.0,0.8,False,0.001,50,3,N_FOD,False,48,
jw4ytkuv,47bcozmh,desert-sweep-18,128.0,0.03972969204187393,0.12203794236070124,0.032550978398698686,0.031525097977183905,,,0.0005,64,,True,False,123,2.5,,0.0,yuri,torchchem_v1,test:data/yuri/splits/fold_0_test_indices.npy,both,0.05,True,energy,128.0,0.8,False,0.0001,50,3,hirshfeld,False,64,
hxhfh2m8,mlm1x5ng,solar-sweep-3,128.0,0.7761498093605042,0.42726579745268,1.3576481294695109,1.37945360673448,,,0.0001,32,,True,False,123,2.5,,0.0,yuri,torchchem_v1,test:data/yuri/splits/fold_0_test_indices.npy,node,0.1,True,vector_masked,128.0,0.8,False,0.0001,25,3,LUMO,False,48,
8fz4wwdi,1v3jgco6,northern-sweep-18,128.0,0.07814997434616089,0.29972047076143066,1.1297281925252127,1.107304543824156,,,0.001,64,,True,False,123,5.0,,0.0,yuri,torchchem_v1,test:data/yuri/splits/fold_0_test_indices.npy,node,0.0,True,vector,128.0,0.8,False,0.0001,50,3,LUMO,False,48,
as2utjxn,f8eeknq4,likely-sweep-2,128.0,0.2706388235092163,0.5923825409905664,0.4761635820330797,0.4654215070469511,,,5e-05,48,,True,False,123,5.0,,0.0,yuri,torchchem_v1,test:data/yuri/splits/fold_0_test_indices.npy,node,0.1,True,vector_masked,128.0,0.8,False,0.0,10,3,gap,False,64,
cbb5r7qf,bkpi0ype,wandering-sweep-3,128.0,0.008609912358224392,0.067770939384555,10.168438817479618,10.264124297649792,,,5e-05,32,,True,False,123,2.5,,0.0,yuri,torchchem_v1,test:data/yuri/splits/fold_0_test_indices.npy,both,0.05,True,vector_masked,128.0,0.8,False,1e-05,50,3,splitting,False,48,
54levvf5,bzlfi4qw,good-sweep-3,128.0,0.37820661067962646,0.4152789380529831,1.4179842291394686,1.412480618106245,,,5e-05,48,,True,False,123,10.0,,0.0,yuri,torchchem_v1,test:data/yuri/splits/fold_0_test_indices.npy,node,0.05,True,vector_masked,128.0,0.8,False,0.001,25,2,HOMO,False,64,
ti0kikmn,hp3mppyt,faithful-sweep-16,128.0,0.01271566841751337,0.2724713848839546,0.15741712751530168,0.15351346768840587,,,0.001,48,,True,False,123,2.5,,0.0,yuri,torchchem_v1,test:data/yuri/splits/fold_0_test_indices.npy,node,0.1,True,energy,128.0,0.8,False,1e-05,25,3,N_FOD,False,48,
z60elpqp,y6iw3edy,winter-sweep-2,128.0,0.07097475230693817,0.15456064873985176,0.03806828823090686,0.0367381010924228,,,0.0001,48,,True,False,123,2.5,,0.0,yuri,torchchem_v1,test:data/yuri/splits/fold_0_test_indices.npy,node,0.05,True,vector_masked,128.0,0.8,False,0.0001,50,2,hirshfeld,False,48,
fhy6xzst,62zfn7wz,glad-sweep-2,128.0,0.01973041146993637,0.3941707647052304,0.1919324049437444,0.18195074356540047,,,0.0005,64,,True,False,123,2.5,,0.0,yuri,torchchem_v1,test:data/yuri/splits/fold_0_test_indices.npy,node,0.05,True,vector_masked,128.0,0.8,False,0.0,25,2,N_FOD,False,32,
8d9myepy,bcsxkqp7,woven-sweep-3,128.0,0.6158562302589417,0.9271876431744674,0.6030914053236858,0.4292863437646619,,,0.0005,48,,True,False,123,10.0,,0.0,yuri,torchchem_v1,test:data/yuri/splits/fold_0_test_indices.npy,both,0.0,True,energy,128.0,0.8,False,0.001,50,2,gap,False,64,
aewhbzqi,fcgcomyp,misunderstood-sweep-4,128.0,0.005124742165207863,0.8037171990707003,3.366281015934512,2.7044377143301257,,,0.0005,16,,True,False,123,2.5,,0.0,yuri,torchchem_v1,test:data/yuri/splits/fold_0_test_indices.npy,both,0.0,True,vector_masked,128.0,0.8,False,0.0001,50,3,dipole_moment_Debye,False,64,
hwhc06g3,bkpi0ype,clear-sweep-2,128.0,0.04819308966398239,0.05566294504136875,9.212353504853706,9.033540137239155,,,5e-05,48,,True,False,123,2.5,,0.0,yuri,torchchem_v1,test:data/yuri/splits/fold_0_test_indices.npy,both,0.0,True,vector_masked,128.0,0.8,False,0.0001,25,2,splitting,False,16,
xpu04v8r,1v3jgco6,curious-sweep-17,128.0,0.008223937824368477,0.38890985373792974,1.4386242603084909,1.3129637124529978,,,0.0005,64,,True,False,123,5.0,,0.0,yuri,torchchem_v1,test:data/yuri/splits/fold_0_test_indices.npy,both,0.0,True,vector,128.0,0.8,False,0.0001,50,2,LUMO,False,64,
2uhh1e9d,mlm1x5ng,sunny-sweep-2,128.0,1.2655465602874756,0.4634949829557846,1.5361792919863284,1.5099017053928054,,,5e-05,32,,True,False,123,10.0,,0.0,yuri,torchchem_v1,test:data/yuri/splits/fold_0_test_indices.npy,node,0.05,True,vector_masked,128.0,0.8,False,0.001,50,3,LUMO,False,16,
6zue11ai,47bcozmh,chocolate-sweep-17,128.0,0.013302718289196491,0.11772999764773352,0.03132231364161193,0.031588582693280534,,,0.001,64,,True,False,123,2.5,,0.0,yuri,torchchem_v1,test:data/yuri/splits/fold_0_test_indices.npy,both,0.05,True,energy,128.0,0.8,False,1e-05,25,3,hirshfeld,False,48,
yooluq1u,bzlfi4qw,silvery-sweep-2,128.0,0.4012708067893982,0.4067759136187619,1.3925825815404116,1.387814305822076,,,5e-05,48,,True,False,123,5.0,,0.0,yuri,torchchem_v1,test:data/yuri/splits/fold_0_test_indices.npy,both,0.1,True,vector_masked,128.0,0.8,False,0.0,50,2,HOMO,False,48,
xx9bwuxv,bcsxkqp7,fancy-sweep-2,128.0,0.178853839635849,0.5008921530740015,0.4533894893168881,0.4428855330056448,,,5e-05,32,,True,False,123,2.5,,0.0,yuri,torchchem_v1,test:data/yuri/splits/fold_0_test_indices.npy,node,0.0,True,vector,128.0,0.8,False,0.001,25,3,gap,False,64,
ieygbxg0,qrpbckee,stilted-sweep-16,128.0,0.06617077440023422,0.3089518895180061,2.0449162558486145,1.9912936876550764,,,0.001,64,,True,False,123,10.0,,0.0,yuri,torchchem_v1,test:data/yuri/splits/fold_0_test_indices.npy,both,0.1,True,vector,128.0,0.8,False,1e-05,50,3,dipole_moment_Debye,False,48,
aoq8icqw,hp3mppyt,easy-sweep-15,128.0,0.07169944792985916,0.3078331256221081,0.17908398296299555,0.15118970765812445,,,0.001,64,,True,False,123,5.0,,0.0,yuri,torchchem_v1,test:data/yuri/splits/fold_0_test_indices.npy,both,0.1,True,energy,128.0,0.8,False,1e-05,10,3,N_FOD,False,64,
wimht7x5,bkpi0ype,flowing-sweep-1,128.0,0.23877853155136108,0.08542490146797278,12.105405708160118,11.510402149599711,,,5e-05,32,,True,False,123,5.0,,0.0,yuri,torchchem_v1,test:data/yuri/splits/fold_0_test_indices.npy,node,0.05,True,vector_masked,128.0,0.8,False,0.0001,25,3,splitting,False,32,
u92l2ezu,y6iw3edy,summer-sweep-1,128.0,0.08512245118618011,0.1651127003133297,0.04288380309925354,0.04212808779506552,,,5e-05,64,,True,False,123,10.0,,0.0,yuri,torchchem_v1,test:data/yuri/splits/fold_0_test_indices.npy,both,0.1,True,vector_masked,128.0,0.8,False,0.0,50,2,hirshfeld,False,64,
qvygfx5t,62zfn7wz,proud-sweep-1,128.0,0.13312050700187683,0.3566878864477421,0.1808450391564577,0.18136642930089897,,,0.0001,64,,True,False,123,10.0,,0.0,yuri,torchchem_v1,test:data/yuri/splits/fold_0_test_indices.npy,both,0.05,True,vector_masked,128.0,0.8,False,1e-05,25,2,N_FOD,False,48,
xgoz4lpw,fcgcomyp,fragrant-sweep-1,128.0,1.435070514678955,0.6424559113280527,3.0411573189205954,3.0212342035448665,,,5e-05,16,,True,False,123,5.0,,0.0,yuri,torchchem_v1,test:data/yuri/splits/fold_0_test_indices.npy,both,0.05,True,vector_masked,128.0,0.8,False,0.0001,10,2,dipole_moment_Debye,False,16,
lams2v5v,mlm1x5ng,visionary-sweep-1,128.0,0.636779248714447,0.4345426096998412,1.356659285873105,1.2922950487854687,,,0.0005,16,,True,False,123,2.5,,0.0,yuri,torchchem_v1,test:data/yuri/splits/fold_0_test_indices.npy,node,0.1,True,vector_masked,128.0,0.8,False,0.0,25,3,LUMO,False,32,
mzgoghm0,bzlfi4qw,treasured-sweep-1,128.0,0.03244020789861679,0.27912411247861796,1.025852498206453,0.9908927047409072,,,0.001,32,,True,False,123,5.0,,0.0,yuri,torchchem_v1,test:data/yuri/splits/fold_0_test_indices.npy,node,0.05,True,vector_masked,128.0,0.8,False,0.0001,10,3,HOMO,False,64,
1fzdd96j,f8eeknq4,ancient-sweep-1,128.0,0.0599423423409462,0.6142417767952228,0.4806220303588069,0.4317752514795606,,,0.001,64,,True,False,123,10.0,,0.0,yuri,torchchem_v1,test:data/yuri/splits/fold_0_test_indices.npy,node,0.05,True,vector_masked,128.0,0.8,False,0.0001,25,3,gap,False,16,
ydev3u5v,47bcozmh,chocolate-sweep-16,128.0,0.07765848189592361,0.1457025083745348,0.03915581575683158,0.03733602034289176,,,0.001,64,,True,False,123,2.5,,0.0,yuri,torchchem_v1,test:data/yuri/splits/fold_0_test_indices.npy,both,0.1,True,energy,128.0,0.8,False,0.001,25,3,hirshfeld,False,32,
jb0ysc47,bcsxkqp7,proud-sweep-1,128.0,0.03678763657808304,0.47925108671188354,0.4223831275856378,0.4139196461720991,,,0.0005,64,,True,False,123,2.5,,0.0,yuri,torchchem_v1,test:data/yuri/splits/fold_0_test_indices.npy,node,0.05,True,vector,128.0,0.8,False,0.0,50,3,gap,False,48,
kttt1abv,1v3jgco6,quiet-sweep-16,128.0,0.051226019859313965,0.3876686562494985,1.363522544081486,1.211213476950048,,,0.001,64,,True,False,123,5.0,,0.0,yuri,torchchem_v1,test:data/yuri/splits/fold_0_test_indices.npy,both,0.0,True,vector,128.0,0.8,False,0.0001,50,3,LUMO,False,64,
12w0y099,qrpbckee,neat-sweep-15,128.0,0.22682225704193115,0.3308315747256937,2.0712886971610573,2.000970542906756,,,0.001,32,,True,False,123,10.0,,0.0,yuri,torchchem_v1,test:data/yuri/splits/fold_0_test_indices.npy,node,0.1,True,vector,128.0,0.8,False,0.0001,10,3,dipole_moment_Debye,False,48,
lifq8jm7,hp3mppyt,clean-sweep-14,128.0,0.04892127215862274,0.2653716146817495,0.15647203932773485,0.15041169957225817,,,0.001,64,,True,False,123,2.5,,0.0,yuri,torchchem_v1,test:data/yuri/splits/fold_0_test_indices.npy,both,0.1,True,energy,128.0,0.8,False,1e-05,10,2,N_FOD,False,48,
g9yigvlt,47bcozmh,dashing-sweep-15,128.0,0.014384735375642776,0.12442857849186864,0.03402715995926995,0.03319261035848417,,,0.001,64,,True,False,123,2.5,,0.0,yuri,torchchem_v1,test:data/yuri/splits/fold_0_test_indices.npy,both,0.1,True,energy,128.0,0.8,False,1e-05,50,2,hirshfeld,False,64,
li5z2ea4,1v3jgco6,swept-sweep-15,128.0,0.11598867923021317,0.5149108286433178,1.335194589543658,1.1643712045015449,,,0.001,48,,True,False,123,2.5,,0.0,yuri,torchchem_v1,test:data/yuri/splits/fold_0_test_indices.npy,both,0.0,True,vector,128.0,0.8,False,0.0001,50,3,LUMO,False,16,
pv0pl93y,hp3mppyt,fluent-sweep-13,128.0,0.01837773993611336,0.27654937757500286,0.16022118873663158,0.15207472806135536,,,0.001,64,,True,False,123,2.5,,0.0,yuri,torchchem_v1,test:data/yuri/splits/fold_0_test_indices.npy,node,0.05,True,vector,128.0,0.8,False,1e-05,10,3,N_FOD,False,48,
nmgglpj7,qrpbckee,still-sweep-14,128.0,0.5273709297180176,0.4059416945895245,2.447679790288592,2.095621241487436,,,0.001,48,,True,False,123,10.0,,0.0,yuri,torchchem_v1,test:data/yuri/splits/fold_0_test_indices.npy,both,0.1,True,vector,128.0,0.8,False,0.0001,50,3,dipole_moment_Debye,False,32,
gertk3g6,47bcozmh,frosty-sweep-14,128.0,0.027836088091135025,0.12427929361704096,0.035143082795373995,0.0318327704927822,,,0.001,64,,True,False,123,2.5,,0.0,yuri,torchchem_v1,test:data/yuri/splits/fold_0_test_indices.npy,both,0.05,True,energy,128.0,0.8,False,1e-05,10,3,hirshfeld,False,64,
7id5dokh,1v3jgco6,happy-sweep-14,128.0,0.025227993726730347,0.3294884768025628,1.2156030417342414,1.1529656172458216,,,0.001,64,,True,False,123,5.0,,0.0,yuri,torchchem_v1,test:data/yuri/splits/fold_0_test_indices.npy,both,0.0,True,vector,128.0,0.8,False,0.0,25,3,LUMO,False,16,
floc7r7q,hp3mppyt,easy-sweep-12,128.0,0.017414061352610588,0.24546917348072447,0.1537169941091997,0.1433723374403473,,,0.001,64,,True,False,123,2.5,,0.0,yuri,torchchem_v1,test:data/yuri/splits/fold_0_test_indices.npy,node,0.05,True,energy,128.0,0.8,False,1e-05,10,2,N_FOD,False,48,
xm06a5lx,qrpbckee,vibrant-sweep-13,128.0,0.36686331033706665,0.4051193749082499,2.475431596925703,2.3898397590308336,,,0.001,16,,True,False,123,10.0,,0.0,yuri,torchchem_v1,test:data/yuri/splits/fold_0_test_indices.npy,both,0.1,True,vector,128.0,0.8,False,0.0001,25,3,dipole_moment_Debye,False,64,
dddpz4sv,47bcozmh,sweet-sweep-13,128.0,0.06660541892051697,0.1525985856765303,0.0397109349837876,0.03618643933447815,,,0.001,48,,True,False,123,2.5,,0.0,yuri,torchchem_v1,test:data/yuri/splits/fold_0_test_indices.npy,both,0.1,True,energy,128.0,0.8,False,0.001,25,3,hirshfeld,False,48,
ycf99c2d,1v3jgco6,worthy-sweep-13,128.0,0.15011289715766907,0.3242073517678113,1.2285345495539592,1.205083699882574,,,0.0001,32,,True,False,123,2.5,,0.0,yuri,torchchem_v1,test:data/yuri/splits/fold_0_test_indices.npy,node,0.0,True,vector,128.0,0.8,False,0.0001,25,3,LUMO,False,48,
wo33iy92,hp3mppyt,logical-sweep-11,128.0,0.05047094449400902,0.2798119453263694,0.15971451458696573,0.1607086518967567,,,0.001,16,,True,False,123,2.5,,0.0,yuri,torchchem_v1,test:data/yuri/splits/fold_0_test_indices.npy,both,0.05,True,energy,128.0,0.8,False,1e-05,10,3,N_FOD,False,64,
4yswq024,qrpbckee,royal-sweep-12,128.0,0.3064582049846649,0.35761463179670533,2.2563429261822217,2.0757079766189372,,,0.001,16,,True,False,123,10.0,,0.0,yuri,torchchem_v1,test:data/yuri/splits/fold_0_test_indices.npy,node,0.1,True,vector,128.0,0.8,False,1e-05,25,3,dipole_moment_Debye,False,64,
zfvrmhby,1v3jgco6,northern-sweep-12,128.0,0.05040432885289192,0.3211486069806691,1.1976419564386085,1.1809663953451666,,,0.001,48,,True,False,123,2.5,,0.0,yuri,torchchem_v1,test:data/yuri/splits/fold_0_test_indices.npy,node,0.1,True,energy,128.0,0.8,False,0.0,50,2,LUMO,False,64,
iafjcyei,47bcozmh,morning-sweep-12,128.0,0.023758627474308017,0.13273819947037205,0.035712962293230274,0.03574973324052012,,,0.0005,64,,True,False,123,5.0,,0.0,yuri,torchchem_v1,test:data/yuri/splits/fold_0_test_indices.npy,both,0.05,True,energy,128.0,0.8,False,0.0001,25,2,hirshfeld,False,64,
hvvntpjm,hp3mppyt,fallen-sweep-10,128.0,0.010908923111855984,0.2477009910447844,0.15426982986148702,0.1495754778524492,,,0.001,64,,True,False,123,2.5,,0.0,yuri,torchchem_v1,test:data/yuri/splits/fold_0_test_indices.npy,both,0.05,True,energy,128.0,0.8,False,1e-05,10,3,N_FOD,False,32,
vtl1yl63,qrpbckee,mild-sweep-11,128.0,0.3045347332954407,0.4849219674180294,2.4600008605240995,2.3654023140962765,,,0.0001,48,,True,False,123,5.0,,0.0,yuri,torchchem_v1,test:data/yuri/splits/fold_0_test_indices.npy,node,0.05,True,vector,128.0,0.8,False,0.0,10,3,dipole_moment_Debye,False,64,
0r6yp3hv,1v3jgco6,lyric-sweep-11,128.0,0.4233897924423218,0.42520888303888255,1.4252647277799966,1.3875919125517646,,,0.0005,16,,True,False,123,10.0,,0.0,yuri,torchchem_v1,test:data/yuri/splits/fold_0_test_indices.npy,node,0.1,True,vector,128.0,0.8,False,0.001,10,2,LUMO,False,16,
zxg56o21,47bcozmh,glorious-sweep-11,128.0,0.21941101551055908,0.16316442602667316,0.04105422097910327,0.0389183727991724,,,0.001,48,,True,False,123,5.0,,0.0,yuri,torchchem_v1,test:data/yuri/splits/fold_0_test_indices.npy,both,0.05,True,energy,128.0,0.8,False,0.001,50,3,hirshfeld,False,48,
ohtrgy2y,hp3mppyt,sage-sweep-9,128.0,0.06180254369974136,0.2698354968993828,0.15738508898364492,0.141548101311492,,,0.001,64,,True,False,123,2.5,,0.0,yuri,torchchem_v1,test:data/yuri/splits/fold_0_test_indices.npy,both,0.1,True,energy,128.0,0.8,False,1e-05,10,3,N_FOD,False,48,
pbznpf1t,1v3jgco6,gallant-sweep-10,128.0,0.012961586937308311,0.3663322925567627,1.21253277235403,1.100872746267017,,,0.0005,64,,True,False,123,5.0,,0.0,yuri,torchchem_v1,test:data/yuri/splits/fold_0_test_indices.npy,node,0.0,True,vector,128.0,0.8,False,0.0,50,2,LUMO,False,64,
vpkmfw81,qrpbckee,magic-sweep-10,128.0,0.28125202655792236,0.47930144647072104,2.513099225107598,2.4538351237550216,,,0.0005,48,,True,False,123,5.0,,0.0,yuri,torchchem_v1,test:data/yuri/splits/fold_0_test_indices.npy,both,0.1,True,vector,128.0,0.8,False,0.001,10,3,dipole_moment_Debye,False,64,
y1u5t4mq,qrpbckee,ethereal-sweep-9,128.0,0.5488570332527161,0.5563402252978292,2.8711267411015946,2.858411338349818,,,5e-05,32,,True,False,123,5.0,,0.0,yuri,torchchem_v1,test:data/yuri/splits/fold_0_test_indices.npy,both,0.1,True,vector,128.0,0.8,False,0.0,10,2,dipole_moment_Debye,False,64,
1acfycck,1v3jgco6,youthful-sweep-9,128.0,0.40332239866256714,0.31573526946635083,1.2036663908198697,1.1297161380527674,,,0.0005,32,,True,False,123,2.5,,0.0,yuri,torchchem_v1,test:data/yuri/splits/fold_0_test_indices.npy,both,0.05,True,vector,128.0,0.8,False,1e-05,50,3,LUMO,False,16,
umjannuy,47bcozmh,sandy-sweep-10,128.0,0.04410389065742493,0.1378310281654884,0.036305482998986005,0.034973860497262546,,,0.001,64,,True,False,123,5.0,,0.0,yuri,torchchem_v1,test:data/yuri/splits/fold_0_test_indices.npy,both,0.05,True,energy,128.0,0.8,False,0.0001,50,3,hirshfeld,False,48,
ouzoh7az,xh84iuna,celestial-sweep-9,128.0,0.03595241904258728,0.10300525509077928,13.246004081963662,11.78445027256738,,,5e-05,32,,True,False,123,2.5,,0.0,yuri,torchchem_v1,test:data/yuri/splits/fold_0_test_indices.npy,node,0.0,True,vector,128.0,0.8,False,0.0001,10,2,splitting,False,64,
zbk07a7x,hp3mppyt,snowy-sweep-8,128.0,0.007486375048756599,0.236044576520036,0.14465656750964365,0.14281271553848246,,,0.001,64,,True,False,123,5.0,,0.0,yuri,torchchem_v1,test:data/yuri/splits/fold_0_test_indices.npy,both,0.0,True,energy,128.0,0.8,False,1e-05,10,3,N_FOD,False,48,
hjxv75md,xh84iuna,resilient-sweep-8,128.0,0.13768507540225983,0.21301520024908,20.426939448633338,12.712757356660644,,,0.0005,16,,True,False,123,10.0,,0.0,yuri,torchchem_v1,test:data/yuri/splits/fold_0_test_indices.npy,both,0.0,True,energy,128.0,0.8,False,0.0001,25,2,splitting,False,48,
73t7acgg,1v3jgco6,ethereal-sweep-8,128.0,1.2070701122283936,0.4100961915120997,1.3715576077744276,1.2962606277727489,,,0.001,32,,True,False,123,5.0,,0.0,yuri,torchchem_v1,test:data/yuri/splits/fold_0_test_indices.npy,both,0.05,True,vector,128.0,0.8,False,0.001,50,2,LUMO,False,32,
v1ys8s03,qrpbckee,comic-sweep-8,128.0,1.2557297945022583,0.7270301703749031,3.286237426971984,2.839306831091738,,,0.0001,16,,True,False,123,5.0,,0.0,yuri,torchchem_v1,test:data/yuri/splits/fold_0_test_indices.npy,both,0.0,True,energy,128.0,0.8,False,0.0001,50,2,dipole_moment_Debye,False,16,
dmsa9lh2,47bcozmh,radiant-sweep-9,128.0,0.012856610119342804,0.15047958595999356,0.03707625151749582,0.03519710931559956,,,0.0005,48,,True,False,123,2.5,,0.0,yuri,torchchem_v1,test:data/yuri/splits/fold_0_test_indices.npy,both,0.05,True,vector,128.0,0.8,False,0.0,25,3,hirshfeld,False,64,
hna014hf,xh84iuna,eager-sweep-7,128.0,0.016116846352815628,0.06705226639992204,10.626725375262929,10.162268093118094,,,5e-05,64,,True,False,123,2.5,,0.0,yuri,torchchem_v1,test:data/yuri/splits/fold_0_test_indices.npy,node,0.05,True,vector,128.0,0.8,False,0.0,10,3,splitting,False,32,
m2z31vpu,1v3jgco6,stoic-sweep-7,128.0,0.008440406993031502,0.31014665498815736,1.1445948683641711,1.1175182637548096,,,0.0005,48,,True,False,123,2.5,,0.0,yuri,torchchem_v1,test:data/yuri/splits/fold_0_test_indices.npy,node,0.0,True,vector,128.0,0.8,False,0.0,25,2,LUMO,False,48,
8bc2a7kv,hp3mppyt,peachy-sweep-7,128.0,0.1021914854645729,0.3681605825650281,0.17660894907869376,0.14759708314576686,,,0.001,48,,True,False,123,5.0,,0.0,yuri,torchchem_v1,test:data/yuri/splits/fold_0_test_indices.npy,both,0.05,True,energy,128.0,0.8,False,1e-05,25,3,N_FOD,False,32,
fjyf6m70,47bcozmh,swift-sweep-8,128.0,0.033674322068691254,0.18456292409321357,0.042360917768126574,0.04247264484142663,,,0.001,48,,True,False,123,2.5,,0.0,yuri,torchchem_v1,test:data/yuri/splits/fold_0_test_indices.npy,both,0.1,True,vector,128.0,0.8,False,0.001,50,3,hirshfeld,False,48,
978ngfj6,qrpbckee,efficient-sweep-7,128.0,0.2600148022174835,0.5502483258987295,2.7405187582421817,2.6880156980200565,,,5e-05,48,,True,False,123,10.0,,0.0,yuri,torchchem_v1,test:data/yuri/splits/fold_0_test_indices.npy,both,0.05,True,energy,128.0,0.8,False,0.0,50,2,dipole_moment_Debye,False,32,
zfaeyuuz,hp3mppyt,magic-sweep-6,128.0,0.13715538382530212,0.26955330063556804,0.1611320332622213,0.15884782750839643,,,0.001,16,,True,False,123,2.5,,0.0,yuri,torchchem_v1,test:data/yuri/splits/fold_0_test_indices.npy,both,0.1,True,energy,128.0,0.8,False,1e-05,50,3,N_FOD,False,16,
eso93pqp,xh84iuna,revived-sweep-6,128.0,0.1925621926784515,0.09861611420738288,13.036120169717972,12.390272402048444,,,5e-05,48,,True,False,123,10.0,,0.0,yuri,torchchem_v1,test:data/yuri/splits/fold_0_test_indices.npy,node,0.05,True,vector,128.0,0.8,False,1e-05,25,3,splitting,False,32,
1dfw23cj,47bcozmh,fiery-sweep-7,128.0,0.5438401103019714,0.38534167537401465,0.07068098427258893,0.07019458866455527,,,5e-05,16,,True,False,123,10.0,,0.0,yuri,torchchem_v1,test:data/yuri/splits/fold_0_test_indices.npy,both,0.0,True,vector,128.0,0.8,False,0.0,25,2,hirshfeld,False,32,
1bbyuqyr,qrpbckee,expert-sweep-6,128.0,0.31275567412376404,0.5325606835299524,2.7314425382447203,2.4688534824529103,,,0.0005,16,,True,False,123,5.0,,0.0,yuri,torchchem_v1,test:data/yuri/splits/fold_0_test_indices.npy,both,0.0,True,vector,128.0,0.8,False,1e-05,25,3,dipole_moment_Debye,False,32,
8zd1ylqc,1v3jgco6,colorful-sweep-6,128.0,0.19994063675403595,0.3806299842765619,1.4112871852080384,1.3493927550135794,,,5e-05,64,,True,False,123,10.0,,0.0,yuri,torchchem_v1,test:data/yuri/splits/fold_0_test_indices.npy,node,0.05,True,energy,128.0,0.8,False,1e-05,10,3,LUMO,False,48,
l5ltlt80,xh84iuna,usual-sweep-5,128.0,0.010884540155529976,0.0880142081015069,12.043620058534438,12.131364427301696,,,0.0001,32,,True,False,123,2.5,,0.0,yuri,torchchem_v1,test:data/yuri/splits/fold_0_test_indices.npy,node,0.1,True,energy,128.0,0.8,False,0.001,25,2,splitting,False,48,
vmod8kj4,hp3mppyt,glorious-sweep-5,128.0,0.13477450609207153,0.2839521340511996,0.16601825838425194,0.1663166433671275,,,0.0005,32,,True,False,123,5.0,,0.0,yuri,torchchem_v1,test:data/yuri/splits/fold_0_test_indices.npy,both,0.1,True,vector,128.0,0.8,False,0.0001,25,3,N_FOD,False,16,
sh2c6r77,qrpbckee,sweet-sweep-5,128.0,0.14462712407112122,0.5510268296147215,2.74490327812895,2.6830980223085703,,,0.0001,48,,True,False,123,2.5,,0.0,yuri,torchchem_v1,test:data/yuri/splits/fold_0_test_indices.npy,both,0.1,True,vector,128.0,0.8,False,0.001,50,2,dipole_moment_Debye,False,48,
52zjrkdx,47bcozmh,hopeful-sweep-6,128.0,0.016639389097690582,0.13076373298877272,0.03462825046923262,0.03421058618132636,,,0.0005,48,,True,False,123,2.5,,0.0,yuri,torchchem_v1,test:data/yuri/splits/fold_0_test_indices.npy,both,0.0,True,energy,128.0,0.8,False,0.001,25,3,hirshfeld,False,32,
n1vmnyi6,1v3jgco6,serene-sweep-5,128.0,0.7493051886558533,0.40273951302314626,1.3532897503281145,1.346960968781794,,,0.0001,16,,True,False,123,2.5,,0.0,yuri,torchchem_v1,test:data/yuri/splits/fold_0_test_indices.npy,both,0.1,True,vector,128.0,0.8,False,0.0001,10,2,LUMO,False,48,
ttfm89in,xh84iuna,floral-sweep-4,128.0,0.06514480710029602,0.07515492116839721,11.7179344196268,10.390582218183162,,,0.0005,32,,True,False,123,2.5,,0.0,yuri,torchchem_v1,test:data/yuri/splits/fold_0_test_indices.npy,both,0.0,True,energy,128.0,0.8,False,0.001,10,2,splitting,False,64,
tlbfq0g6,fpavgbiz,fresh-sweep-5,128.0,0.06376710534095764,0.347745679832738,1.2668725234711078,1.2046015650407975,,,0.001,32,,True,False,123,5.0,,0.0,yuri,torchchem_v1,test:data/yuri/splits/fold_0_test_indices.npy,node,0.0,True,vector,128.0,0.8,False,0.001,10,3,HOMO,False,48,
7onyr5n0,47bcozmh,misty-sweep-5,128.0,0.02613595500588417,0.13153077321576662,0.037267979340923754,0.03628165037374696,,,0.0005,48,,True,False,123,5.0,,0.0,yuri,torchchem_v1,test:data/yuri/splits/fold_0_test_indices.npy,node,0.0,True,energy,128.0,0.8,False,0.001,10,2,hirshfeld,False,64,
myx261ce,fpavgbiz,dashing-sweep-4,128.0,0.12926828861236572,0.47749901434470865,1.5580254192171858,1.5461992393813555,,,0.001,64,,True,False,123,10.0,,0.0,yuri,torchchem_v1,test:data/yuri/splits/fold_0_test_indices.npy,both,0.0,True,energy,128.0,0.8,False,0.001,25,3,HOMO,False,32,
u7o1do0j,hp3mppyt,clean-sweep-4,128.0,0.042354702949523926,0.23310774166522355,0.14705751645630052,0.14602640323913774,,,0.001,32,,True,False,123,2.5,,0.0,yuri,torchchem_v1,test:data/yuri/splits/fold_0_test_indices.npy,both,0.05,True,energy,128.0,0.8,False,0.0,25,3,N_FOD,False,16,
mz561zlw,1v3jgco6,serene-sweep-4,128.0,0.19666129350662231,0.4787165306765458,1.4914060090778,1.4241978045620811,,,5e-05,48,,True,False,123,10.0,,0.0,yuri,torchchem_v1,test:data/yuri/splits/fold_0_test_indices.npy,both,0.1,True,vector,128.0,0.8,False,0.0001,50,2,LUMO,False,64,
kl034g3e,qrpbckee,polished-sweep-4,128.0,0.08261183649301529,0.3015021851350521,2.006370811576927,1.861420871516132,,,0.0005,48,,True,False,123,10.0,,0.0,yuri,torchchem_v1,test:data/yuri/splits/fold_0_test_indices.npy,both,0.1,True,vector,128.0,0.8,False,0.0,10,3,dipole_moment_Debye,False,48,
t2wcmdyo,47bcozmh,celestial-sweep-4,128.0,0.29701700806617737,0.17599534680103435,0.04540533863852256,0.044507379175864704,,,0.0005,16,,True,False,123,10.0,,0.0,yuri,torchchem_v1,test:data/yuri/splits/fold_0_test_indices.npy,node,0.05,True,energy,128.0,0.8,False,0.001,10,2,hirshfeld,False,32,
izuphkcj,xh84iuna,volcanic-sweep-3,128.0,0.07634586095809937,0.101822628222149,12.978880142885972,11.710179828716823,,,5e-05,48,,True,False,123,2.5,,0.0,yuri,torchchem_v1,test:data/yuri/splits/fold_0_test_indices.npy,both,0.1,True,energy,128.0,0.8,False,0.0,10,3,splitting,False,32,
7308egb8,hp3mppyt,skilled-sweep-3,128.0,0.13052412867546082,0.3853362983670728,0.1970177864423781,0.19558236951132896,,,5e-05,32,,True,False,123,10.0,,0.0,yuri,torchchem_v1,test:data/yuri/splits/fold_0_test_indices.npy,node,0.0,True,vector,128.0,0.8,False,0.0001,50,2,N_FOD,False,64,
nrjernws,qrpbckee,solar-sweep-3,128.0,0.4051074683666229,0.5165494806293783,2.764583698401746,2.6987956130202413,,,0.0001,32,,True,False,123,10.0,,0.0,yuri,torchchem_v1,test:data/yuri/splits/fold_0_test_indices.npy,both,0.1,True,vector,128.0,0.8,False,0.0001,10,2,dipole_moment_Debye,False,64,
5ejxhoj8,1v3jgco6,crisp-sweep-3,128.0,0.5346888303756714,0.48604993869004576,1.4904737970881816,1.450347607521367,,,5e-05,48,,True,False,123,10.0,,0.0,yuri,torchchem_v1,test:data/yuri/splits/fold_0_test_indices.npy,both,0.1,True,vector,128.0,0.8,False,0.0,10,3,LUMO,False,48,
5usyl2kq,fpavgbiz,worldly-sweep-3,128.0,0.040421612560749054,0.3188203616902746,1.245580744482044,1.1759108648029546,,,0.0005,64,,True,False,123,10.0,,0.0,yuri,torchchem_v1,test:data/yuri/splits/fold_0_test_indices.npy,both,0.0,True,vector,128.0,0.8,False,0.0001,50,3,HOMO,False,48,
01kpiv6a,xh84iuna,peach-sweep-2,128.0,0.16585129499435425,0.12363110790992606,15.161336846963264,14.540446008365963,,,0.0001,32,,True,False,123,5.0,,0.0,yuri,torchchem_v1,test:data/yuri/splits/fold_0_test_indices.npy,node,0.1,True,energy,128.0,0.8,False,0.001,50,2,splitting,False,32,
eobxx94z,47bcozmh,restful-sweep-3,128.0,0.024016939103603363,0.1496757815816793,0.038686768917475446,0.03693803311744099,,,0.0001,64,,True,False,123,2.5,,0.0,yuri,torchchem_v1,test:data/yuri/splits/fold_0_test_indices.npy,node,0.05,True,vector,128.0,0.8,False,1e-05,10,3,hirshfeld,False,48,
3g7fp8e0,hp3mppyt,neat-sweep-2,128.0,0.023932477459311485,0.3248251638021962,0.17478413948906907,0.15976609229159994,,,0.0005,48,,True,False,123,10.0,,0.0,yuri,torchchem_v1,test:data/yuri/splits/fold_0_test_indices.npy,both,0.0,True,vector,128.0,0.8,False,1e-05,10,3,N_FOD,False,32,
jrh1okcz,qrpbckee,genial-sweep-2,128.0,0.15029942989349365,0.4990183495242021,2.703450836311095,2.57457315429311,,,0.001,64,,True,False,123,2.5,,0.0,yuri,torchchem_v1,test:data/yuri/splits/fold_0_test_indices.npy,node,0.05,True,energy,128.0,0.8,False,0.001,10,3,dipole_moment_Debye,False,16,
w5ugpuas,fpavgbiz,golden-sweep-2,128.0,0.06379760801792145,0.242856299633096,0.9972870326777438,0.997105232416535,,,0.0005,32,,True,False,123,2.5,,0.0,yuri,torchchem_v1,test:data/yuri/splits/fold_0_test_indices.npy,both,0.1,True,vector,128.0,0.8,False,0.0,50,3,HOMO,False,64,
smf8gye5,47bcozmh,chocolate-sweep-2,128.0,0.016790542751550674,0.12311720533360695,0.03654098276032167,0.034825350980670945,,,0.001,32,,True,False,123,5.0,,0.0,yuri,torchchem_v1,test:data/yuri/splits/fold_0_test_indices.npy,both,0.05,True,energy,128.0,0.8,False,1e-05,25,2,hirshfeld,False,32,
j17tih14,1v3jgco6,winter-sweep-2,128.0,0.0950675532221794,0.4093971574871704,1.3251431601372377,1.1676257138028738,,,0.0005,32,,True,False,123,10.0,,0.0,yuri,torchchem_v1,test:data/yuri/splits/fold_0_test_indices.npy,node,0.05,True,vector,128.0,0.8,False,0.0,10,3,LUMO,False,64,
z4v9dv4t,hp3mppyt,skilled-sweep-1,128.0,0.15546530485153198,0.32154418502388327,0.18084111536431896,0.1801642550911403,,,0.0001,48,,True,False,123,10.0,,0.0,yuri,torchchem_v1,test:data/yuri/splits/fold_0_test_indices.npy,both,0.0,True,energy,128.0,0.8,False,0.001,25,2,N_FOD,False,16,
fqm43v1f,47bcozmh,breezy-sweep-1,128.0,0.03761882707476616,0.13270124259950786,0.0368037152847149,0.03640392341022306,,,0.0001,48,,True,False,123,2.5,,0.0,yuri,torchchem_v1,test:data/yuri/splits/fold_0_test_indices.npy,both,0.0,True,energy,128.0,0.8,False,0.001,50,2,hirshfeld,False,64,
7xgkj2es,xh84iuna,decent-sweep-1,128.0,0.10263889282941818,0.2699492443995229,22.2157362269382,14.813550894425406,,,5e-05,64,,True,False,123,10.0,,0.0,yuri,torchchem_v1,test:data/yuri/splits/fold_0_test_indices.npy,both,0.05,True,energy,128.0,0.8,False,0.001,10,3,splitting,False,32,
9x5hodl9,fpavgbiz,neat-sweep-1,128.0,0.23741379380226135,0.3221224091690162,1.28726482317382,1.2592580811625036,,,0.001,16,,True,False,123,10.0,,0.0,yuri,torchchem_v1,test:data/yuri/splits/fold_0_test_indices.npy,both,0.05,True,vector,128.0,0.8,False,0.0001,25,3,HOMO,False,64,
u0ndzpfg,qrpbckee,rich-sweep-1,128.0,0.15425197780132294,0.5281179968653054,2.687124678821196,2.3364216304499497,,,0.0001,64,,True,False,123,5.0,,0.0,yuri,torchchem_v1,test:data/yuri/splits/fold_0_test_indices.npy,node,0.05,True,energy,128.0,0.8,False,0.001,10,3,dipole_moment_Debye,False,48,
orgs5m54,1v3jgco6,snowy-sweep-1,128.0,0.8819073438644409,0.4780063194961384,1.5164277726274868,1.4996969890405245,,,0.0001,16,,True,False,123,10.0,,0.0,yuri,torchchem_v1,test:data/yuri/splits/fold_0_test_indices.npy,node,0.05,True,vector,128.0,0.8,False,0.0,25,3,LUMO,False,64,
zpym3xbi,yi37j58p,solar-sweep-81,128.0,0.010341044515371324,0.054345495549255406,9.124991112270552,9.0105902717585,,,0.001,64,32.0,True,False,123,10.0,,0.0,yuri,torchchem_v1,test:data/yuri/splits/fold_0_test_indices.npy,node,0.0,True,vector,128.0,0.8,False,1e-05,10,3,splitting,False,48,False
6fagwjac,yi37j58p,wild-sweep-80,128.0,0.008123576641082764,0.07254019215831468,9.902721598627371,9.271107686695537,,,0.001,48,32.0,True,False,123,2.5,,0.0,yuri,torchchem_v1,test:data/yuri/splits/fold_0_test_indices.npy,node,0.0,True,energy,128.0,0.8,False,1e-05,25,3,splitting,False,64,False
p6dffknb,yi37j58p,jolly-sweep-79,128.0,0.015623783692717552,0.05597494934396497,8.696947736579553,8.707791286406188,,,0.001,64,16.0,True,False,123,2.5,,0.0,yuri,torchchem_v1,test:data/yuri/splits/fold_0_test_indices.npy,node,0.0,True,energy,128.0,0.8,False,0.0001,50,3,splitting,False,48,False
qjho2h56,yi37j58p,bright-sweep-78,128.0,0.0037531540729105473,0.06585549781548566,9.592222723903513,9.281458044732876,,,0.001,32,16.0,True,False,123,2.5,,0.0,yuri,torchchem_v1,test:data/yuri/splits/fold_0_test_indices.npy,node,0.0,True,energy,128.0,0.8,False,0.0001,25,3,splitting,False,48,False
6v1ermtq,yi37j58p,worthy-sweep-77,128.0,0.008268344216048717,0.06354518202615195,9.43834537048357,8.981084038194433,,,0.001,48,16.0,True,False,123,2.5,,0.0,yuri,torchchem_v1,test:data/yuri/splits/fold_0_test_indices.npy,node,0.0,True,energy,128.0,0.8,False,0.0001,50,2,splitting,False,64,False
yolcsuvi,yi37j58p,bumbling-sweep-76,128.0,0.034798458218574524,0.06330074955998309,10.25747886079166,9.74991251824932,,,0.001,48,32.0,True,False,123,5.0,,0.0,yuri,torchchem_v1,test:data/yuri/splits/fold_0_test_indices.npy,node,0.05,True,vector,128.0,0.8,False,0.0001,25,3,splitting,False,48,False
dy7dd02v,yi37j58p,revived-sweep-75,128.0,0.003397829830646515,0.04929684601916835,8.7621902600511,8.813354125522778,,,0.001,64,64.0,True,False,123,2.5,,0.0,yuri,torchchem_v1,test:data/yuri/splits/fold_0_test_indices.npy,node,0.0,True,energy,128.0,0.8,False,1e-05,25,3,splitting,False,16,False
f3co6lmj,yi37j58p,upbeat-sweep-74,128.0,0.003662794828414917,0.05333388725231434,8.915667908494262,8.356167149376098,,,0.001,32,48.0,True,False,123,2.5,,0.0,yuri,torchchem_v1,test:data/yuri/splits/fold_0_test_indices.npy,node,0.0,True,energy,128.0,0.8,False,1e-05,25,3,splitting,False,48,False
mr3z20af,yi37j58p,restful-sweep-73,128.0,0.00076383410487324,0.055338549572203695,8.935861994581366,8.914825819162795,,,0.001,48,64.0,True,False,123,2.5,,0.0,yuri,torchchem_v1,test:data/yuri/splits/fold_0_test_indices.npy,node,0.0,True,energy,128.0,0.8,False,1e-05,25,2,splitting,False,32,False
s0mmvajq,yi37j58p,avid-sweep-72,128.0,0.021207420155406,0.08886533322069666,12.433744860214723,12.101081100539062,,,0.001,64,48.0,True,False,123,5.0,,0.0,yuri,torchchem_v1,test:data/yuri/splits/fold_0_test_indices.npy,node,0.0,True,energy,128.0,0.8,False,0.001,25,3,splitting,False,64,False
eaeevypn,yi37j58p,ethereal-sweep-71,128.0,0.0017957977252081037,0.05735878845484092,9.72393955376794,9.217679775100711,,,0.001,64,64.0,True,False,123,5.0,,0.0,yuri,torchchem_v1,test:data/yuri/splits/fold_0_test_indices.npy,node,0.0,True,energy,128.0,0.8,False,1e-05,25,3,splitting,False,64,False
c54g7ksb,yi37j58p,silvery-sweep-70,128.0,0.002185944002121687,0.056543197225907754,8.940963766202877,8.149785806514593,,,0.001,48,48.0,True,False,123,2.5,,0.0,yuri,torchchem_v1,test:data/yuri/splits/fold_0_test_indices.npy,node,0.0,True,energy,128.0,0.8,False,1e-05,25,2,splitting,False,48,False
hsd5eg9j,yi37j58p,zesty-sweep-69,128.0,0.013446537777781488,0.06041625655930618,9.470696919508365,8.894220855561027,,,0.001,48,64.0,True,False,123,2.5,,0.0,yuri,torchchem_v1,test:data/yuri/splits/fold_0_test_indices.npy,node,0.0,True,energy,128.0,0.8,False,0.0001,50,3,splitting,False,48,False
bo4ns74p,yi37j58p,dandy-sweep-68,128.0,0.0010204046266153457,0.06538431078259802,9.50801998592188,9.193640360610912,,,0.001,64,32.0,True,False,123,2.5,,0.0,yuri,torchchem_v1,test:data/yuri/splits/fold_0_test_indices.npy,node,0.0,True,energy,128.0,0.8,False,1e-05,10,2,splitting,False,64,False
9txe9hs2,yi37j58p,helpful-sweep-67,128.0,0.015047503635287285,0.057680699460465334,9.247427089092374,8.787620627185955,,,0.001,64,64.0,True,False,123,2.5,,0.0,yuri,torchchem_v1,test:data/yuri/splits/fold_0_test_indices.npy,node,0.05,True,energy,128.0,0.8,False,0.0001,10,3,splitting,False,64,False
zsvwmv5j,yi37j58p,sparkling-sweep-66,128.0,0.007471128366887569,0.05015702055895637,8.550502896282469,8.458206773278055,,,0.001,48,32.0,True,False,123,2.5,,0.0,yuri,torchchem_v1,test:data/yuri/splits/fold_0_test_indices.npy,node,0.0,True,energy,128.0,0.8,False,0.0001,25,3,splitting,False,48,False
kxo4p3jw,yi37j58p,blooming-sweep-65,128.0,0.0009336795192211866,0.06698465748722184,9.606469083254572,8.923970619298006,,,0.001,64,32.0,True,False,123,2.5,,0.0,yuri,torchchem_v1,test:data/yuri/splits/fold_0_test_indices.npy,node,0.0,True,energy,128.0,0.8,False,1e-05,50,3,splitting,False,64,False
ts5pblgo,yi37j58p,peach-sweep-64,128.0,0.002011982491239906,0.06849500760114913,9.479567999545752,9.239209043185935,,,0.001,64,32.0,True,False,123,2.5,,0.0,yuri,torchchem_v1,test:data/yuri/splits/fold_0_test_indices.npy,node,0.0,True,energy,128.0,0.8,False,1e-05,25,3,splitting,False,64,False
mkemczcd,yi37j58p,brisk-sweep-63,128.0,0.005075010936707258,0.05793558507515439,9.37324845817425,8.592582270666874,,,0.001,48,32.0,True,False,123,2.5,,0.0,yuri,torchchem_v1,test:data/yuri/splits/fold_0_test_indices.npy,node,0.0,True,energy,128.0,0.8,False,0.0001,25,3,splitting,False,48,False
yakbjjzg,,cv-yuri-N_FOD-inv-noH-ns32-nv16-d64-l3-energy-both,446.0,0.004928656853735447,0.2176175081524356,0.14463560678193682,0.1416478286447565,0.19050926712063856,0.14874889926312582,0.001,32,16.0,True,False,123,5.0,,0.0,yuri,torchchem_v1,test:data/yuri/splits/fold_9_test_indices.npy,both,0.05,True,energy,,0.8,False,0.0,25,3,N_FOD,False,64,
zsqzu29a,,cv-yuri-N_FOD-inv-noH-ns32-nv16-d64-l3-energy-both,300.0,0.0064700329676270485,0.2564645331224491,0.15504337865275222,0.1480241547468746,0.22558214062388016,0.1603477576469333,0.001,32,16.0,True,False,123,5.0,,0.0,yuri,torchchem_v1,test:data/yuri/splits/fold_8_test_indices.npy,both,0.05,True,energy,,0.8,False,0.0,25,3,N_FOD,False,64,
xdydumwn,,cv-yuri-N_FOD-inv-noH-ns32-nv16-d64-l3-energy-both,379.0,0.01950256898999214,0.20847958390568863,0.14141191550817475,0.14016763144936517,0.24472271891030328,0.1638256110779366,0.001,32,16.0,True,False,123,5.0,,0.0,yuri,torchchem_v1,test:data/yuri/splits/fold_7_test_indices.npy,both,0.05,True,energy,,0.8,False,0.0,25,3,N_FOD,False,64,
cmjpwsc2,,cv-yuri-N_FOD-inv-noH-ns32-nv16-d64-l3-energy-both,289.0,0.010029575787484646,0.2029975761241954,0.1423451455421191,0.13698708489929215,0.23288257545045743,0.17402581660275532,0.001,32,16.0,True,False,123,5.0,,0.0,yuri,torchchem_v1,test:data/yuri/splits/fold_6_test_indices.npy,both,0.05,True,energy,,0.8,False,0.0,25,3,N_FOD,False,64,
w5y57gcd,yi37j58p,legendary-sweep-62,128.0,0.0019796243868768215,0.07179646097637456,10.428452151297032,10.21112722970196,,,0.001,48,16.0,True,False,123,10.0,,0.0,yuri,torchchem_v1,test:data/yuri/splits/fold_0_test_indices.npy,node,0.0,True,energy,128.0,0.8,False,1e-05,50,2,splitting,False,64,False
ib09xevr,,cv-yuri-N_FOD-inv-noH-ns32-nv16-d64-l3-energy-both,318.0,0.00453100074082613,0.19295502646729865,0.1399182511785698,0.13690221872713326,0.23214028065516512,0.17325943709264863,0.001,32,16.0,True,False,123,5.0,,0.0,yuri,torchchem_v1,test:data/yuri/splits/fold_5_test_indices.npy,both,0.05,True,energy,,0.8,False,0.0,25,3,N_FOD,False,64,
e6d5m5hb,,cv-yuri-N_FOD-inv-noH-ns32-nv16-d64-l3-energy-both,486.0,0.005137776490300894,0.21029541872698684,0.14568978036959354,0.14379183834851098,0.22460417930405163,0.16073520615199088,0.001,32,16.0,True,False,123,5.0,,0.0,yuri,torchchem_v1,test:data/yuri/splits/fold_4_test_indices.npy,both,0.05,True,energy,,0.8,False,0.0,25,3,N_FOD,False,64,
wu8x8vbn,,cv-yuri-N_FOD-inv-noH-ns32-nv16-d64-l3-energy-both,383.0,0.0029059890657663345,0.21758777262835663,0.1418660613825704,0.13761019362892515,0.21929439478459692,0.1566297857720596,0.001,32,16.0,True,False,123,5.0,,0.0,yuri,torchchem_v1,test:data/yuri/splits/fold_3_test_indices.npy,both,0.05,True,energy,,0.8,False,0.0,25,3,N_FOD,False,64,
18dn0cc3,,cv-yuri-N_FOD-inv-noH-ns32-nv16-d64-l3-energy-both,502.0,0.011125337332487106,0.2573323290923546,0.1515280632759976,0.1511304578591763,0.22703781721739016,0.15621561010253904,0.001,32,16.0,True,False,123,5.0,,0.0,yuri,torchchem_v1,test:data/yuri/splits/fold_1_test_indices.npy,both,0.05,True,energy,,0.8,False,0.0,25,3,N_FOD,False,64,
07wved62,,cv-yuri-N_FOD-inv-noH-ns32-nv16-d64-l3-energy-both,283.0,0.01031314581632614,0.22817384490165216,0.14386961115612543,0.1401369951169271,0.19883602571708944,0.1401806488905472,0.001,32,16.0,True,False,123,5.0,,0.0,yuri,torchchem_v1,test:data/yuri/splits/fold_2_test_indices.npy,both,0.05,True,energy,,0.8,False,0.0,25,3,N_FOD,False,64,
qisq6boj,,cv-yuri-N_FOD-inv-noH-ns32-nv16-d64-l3-energy-both,282.0,0.00986357033252716,0.2460354552443685,0.14596814594776542,0.14410606495663905,0.23322242595334805,0.16129474880379252,0.001,32,16.0,True,False,123,5.0,,0.0,yuri,torchchem_v1,test:data/yuri/splits/fold_0_test_indices.npy,both,0.05,True,energy,,0.8,False,0.0,25,3,N_FOD,False,64,
0tefmaoq,,cv-yuri-HOMO-inv-noH-ns64-nv64-d32-l3-vector-node,474.0,0.006331538315862417,0.24909005320534625,0.9549263029442,0.8997101586542131,1.7681687776814758,1.1046995105970046,0.001,64,64.0,True,False,123,2.5,,0.0,yuri,torchchem_v1,test:data/yuri/splits/fold_9_test_indices.npy,node,0.05,True,vector,,0.8,False,1e-05,50,3,HOMO,False,32,
18xivnlw,,cv-yuri-HOMO-inv-noH-ns64-nv64-d32-l3-vector-node,369.0,0.0036385552957654,0.27852439026123493,1.0422154887558333,0.9848639485042848,1.8822669949707969,1.1519355169418442,0.001,64,64.0,True,False,123,2.5,,0.0,yuri,torchchem_v1,test:data/yuri/splits/fold_8_test_indices.npy,node,0.05,True,vector,,0.8,False,1e-05,50,3,HOMO,False,32,
gr0agr3u,,cv-yuri-HOMO-inv-noH-ns64-nv64-d32-l3-vector-node,414.0,0.005877482704818249,0.29026597307930735,0.9687168879203036,0.9613174127520154,1.540462453457604,0.9272841200648624,0.001,64,64.0,True,False,123,2.5,,0.0,yuri,torchchem_v1,test:data/yuri/splits/fold_7_test_indices.npy,node,0.05,True,vector,,0.8,False,1e-05,50,3,HOMO,False,32,
kf3r0qtl,,cv-yuri-HOMO-inv-noH-ns64-nv64-d32-l3-vector-node,240.0,0.016926150768995285,0.2864025066895732,1.0616725421594997,1.011087555323947,1.794251969346646,1.1497921932707769,0.001,64,64.0,True,False,123,2.5,,0.0,yuri,torchchem_v1,test:data/yuri/splits/fold_6_test_indices.npy,node,0.05,True,vector,,0.8,False,1e-05,50,3,HOMO,False,32,
6hhyvr9u,yi37j58p,classic-sweep-61,128.0,0.0016800779849290848,0.048319379799067974,8.797895552892147,8.490641769407686,,,0.001,64,48.0,True,False,123,5.0,,0.0,yuri,torchchem_v1,test:data/yuri/splits/fold_0_test_indices.npy,node,0.0,True,energy,128.0,0.8,False,1e-05,10,3,splitting,False,32,False
oeil6940,,cv-yuri-HOMO-inv-noH-ns64-nv64-d32-l3-vector-node,446.0,0.0016813757829368114,0.23579439536893165,0.9356293769632272,0.8791581522378407,2.0020086895316465,1.1951262246607608,0.001,64,64.0,True,False,123,2.5,,0.0,yuri,torchchem_v1,test:data/yuri/splits/fold_5_test_indices.npy,node,0.05,True,vector,,0.8,False,1e-05,50,3,HOMO,False,32,
xywbl90c,,cv-yuri-HOMO-inv-noH-ns64-nv64-d32-l3-vector-node,468.0,0.0015810311306267977,0.2468642664366755,0.9413949455535808,0.8926965664112485,1.836028440365428,1.0496766167673963,0.001,64,64.0,True,False,123,2.5,,0.0,yuri,torchchem_v1,test:data/yuri/splits/fold_4_test_indices.npy,node,0.05,True,vector,,0.8,False,1e-05,50,3,HOMO,False,32,
haf2p9vx,,cv-yuri-HOMO-inv-noH-ns64-nv64-d32-l3-vector-node,290.0,0.005186192225664854,0.26906780301239985,1.014970485556011,0.949433009821104,1.8077550348547424,1.1724420893118956,0.001,64,64.0,True,False,123,2.5,,0.0,yuri,torchchem_v1,test:data/yuri/splits/fold_3_test_indices.npy,node,0.05,True,vector,,0.8,False,1e-05,50,3,HOMO,False,32,
so2692e8,,cv-yuri-HOMO-inv-noH-ns64-nv64-d32-l3-vector-node,503.0,0.01195972878485918,0.18073493479911623,0.8932290491511599,0.8834010686042918,1.932254335596881,1.111147436358865,0.001,64,64.0,True,False,123,2.5,,0.0,yuri,torchchem_v1,test:data/yuri/splits/fold_1_test_indices.npy,node,0.05,True,vector,,0.8,False,1e-05,50,3,HOMO,False,32,
ddaqo91n,,cv-yuri-HOMO-inv-noH-ns64-nv64-d32-l3-vector-node,486.0,0.0022307236213237047,0.2712822064821576,1.0000239987159962,0.9679795552913864,1.548509707962611,0.994759734026329,0.001,64,64.0,True,False,123,2.5,,0.0,yuri,torchchem_v1,test:data/yuri/splits/fold_2_test_indices.npy,node,0.05,True,vector,,0.8,False,1e-05,50,3,HOMO,False,32,
2ecfjuui,,cv-yuri-HOMO-inv-noH-ns64-nv64-d32-l3-vector-node,512.0,0.008177939802408218,0.24426217653371135,0.8951415081076858,0.8678661506246207,1.771181572466882,0.9817291569686414,0.001,64,64.0,True,False,123,2.5,,0.0,yuri,torchchem_v1,test:data/yuri/splits/fold_0_test_indices.npy,node,0.05,True,vector,,0.8,False,1e-05,50,3,HOMO,False,32,
tcjp7oi0,yi37j58p,volcanic-sweep-60,128.0,0.003487433772534132,0.06087701555726857,9.317036828760994,8.636626708963071,,,0.001,64,64.0,True,False,123,2.5,,0.0,yuri,torchchem_v1,test:data/yuri/splits/fold_0_test_indices.npy,node,0.0,True,energy,128.0,0.8,False,1e-05,10,2,splitting,False,64,False
fp7xdk5w,,cv-yuri-hirshfeld-inv-noH-ns48-nv64-d48-l3-energy-node,365.0,0.0001532289752503857,0.1347293654649422,0.032744885886368265,0.031889027832596714,0.04474079562254893,0.02926183871769411,0.001,48,64.0,True,False,123,2.5,,0.0,yuri,torchchem_v1,test:data/yuri/splits/fold_9_test_indices.npy,node,0.0,True,energy,,0.8,False,1e-05,25,3,hirshfeld,False,48,
fkkec1vw,,cv-yuri-gap-inv-noH-ns64-nv64-d64-l3-vector-node,418.0,0.016221238300204277,0.41870178153802606,0.3913487835562165,0.38349185662529456,0.5206155750914869,0.409988975588956,0.001,64,64.0,True,False,123,2.5,,0.0,yuri,torchchem_v1,test:data/yuri/splits/fold_0_test_indices.npy,node,0.1,True,vector,,0.8,False,1e-05,10,3,gap,False,64,
a32mh2cr,,cv-yuri-hirshfeld-inv-noH-ns48-nv64-d48-l3-energy-node,321.0,0.00016034531290642917,0.12518613427427822,0.031429597156824106,0.030406853841632994,0.045588300424021115,0.032356320917831846,0.001,48,64.0,True,False,123,2.5,,0.0,yuri,torchchem_v1,test:data/yuri/splits/fold_8_test_indices.npy,node,0.0,True,energy,,0.8,False,1e-05,25,3,hirshfeld,False,48,
jijqc8cr,yi37j58p,dauntless-sweep-59,128.0,0.0008798682247288525,0.06439152141583376,10.54046749212779,9.995766989688487,,,0.0005,48,48.0,True,False,123,5.0,,0.0,yuri,torchchem_v1,test:data/yuri/splits/fold_0_test_indices.npy,node,0.0,True,energy,128.0,0.8,False,1e-05,25,3,splitting,False,64,False
0p1xv3ux,,cv-yuri-hirshfeld-inv-noH-ns48-nv64-d48-l3-energy-node,317.0,0.0002326779067516327,0.11822475570029226,0.03265543691101156,0.031149717248404225,0.03836618857302058,0.02631654723735456,0.001,48,64.0,True,False,123,2.5,,0.0,yuri,torchchem_v1,test:data/yuri/splits/fold_7_test_indices.npy,node,0.0,True,energy,,0.8,False,1e-05,25,3,hirshfeld,False,48,
wr53xzd5,,cv-yuri-hirshfeld-inv-noH-ns48-nv64-d48-l3-energy-node,356.0,0.00037597454502247274,0.13732049627036885,0.03329799141563123,0.0325571284619686,0.04232406808018815,0.029960024123046228,0.001,48,64.0,True,False,123,2.5,,0.0,yuri,torchchem_v1,test:data/yuri/splits/fold_6_test_indices.npy,node,0.0,True,energy,,0.8,False,1e-05,25,3,hirshfeld,False,48,
ug6yb9l8,,cv-yuri-hirshfeld-inv-noH-ns48-nv64-d48-l3-energy-node,331.0,9.060344018507747e-05,0.1527404385972126,0.03413083064203052,0.0319763495267874,0.05046665715951823,0.03283893013727196,0.001,48,64.0,True,False,123,2.5,,0.0,yuri,torchchem_v1,test:data/yuri/splits/fold_5_test_indices.npy,node,0.0,True,energy,,0.8,False,1e-05,25,3,hirshfeld,False,48,
stvvij5a,,cv-yuri-hirshfeld-inv-noH-ns48-nv64-d48-l3-energy-node,339.0,0.00014985659800004214,0.16706266838671832,0.03553945336303452,0.034018898500894595,0.04704595924386129,0.029384349375408913,0.001,48,64.0,True,False,123,2.5,,0.0,yuri,torchchem_v1,test:data/yuri/splits/fold_4_test_indices.npy,node,0.0,True,energy,,0.8,False,1e-05,25,3,hirshfeld,False,48,
cbjvm0rt,,cv-yuri-hirshfeld-inv-noH-ns48-nv64-d48-l3-energy-node,383.0,7.603734411532059e-05,0.11229835938790748,0.03193118698191866,0.030000671492340876,0.04542943014951187,0.03120447780135869,0.001,48,64.0,True,False,123,2.5,,0.0,yuri,torchchem_v1,test:data/yuri/splits/fold_3_test_indices.npy,node,0.0,True,energy,,0.8,False,1e-05,25,3,hirshfeld,False,48,
dn3g4p0y,yi37j58p,vague-sweep-58,128.0,0.0006947965011931956,0.05014922158343011,9.07486062867051,8.877971886057132,,,0.001,48,16.0,True,False,123,5.0,,0.0,yuri,torchchem_v1,test:data/yuri/splits/fold_0_test_indices.npy,node,0.0,True,energy,128.0,0.8,False,1e-05,50,2,splitting,False,64,False
u5qb0fko,,cv-yuri-hirshfeld-inv-noH-ns48-nv64-d48-l3-energy-node,287.0,0.000270754040684551,0.11249000328625072,0.031085384469659087,0.02994938139255503,0.04305448582033013,0.029055447985943308,0.001,48,64.0,True,False,123,2.5,,0.0,yuri,torchchem_v1,test:data/yuri/splits/fold_2_test_indices.npy,node,0.0,True,energy,,0.8,False,1e-05,25,3,hirshfeld,False,48,
3fjw7yhy,,cv-yuri-hirshfeld-inv-noH-ns48-nv64-d48-l3-energy-node,380.0,0.00015755406639073044,0.11976658838704744,0.03187133771823812,0.030462320636011304,0.04337005823284349,0.02980939152932807,0.001,48,64.0,True,False,123,2.5,,0.0,yuri,torchchem_v1,test:data/yuri/splits/fold_1_test_indices.npy,node,0.0,True,energy,,0.8,False,1e-05,25,3,hirshfeld,False,48,
11u2kfla,,cv-yuri-hirshfeld-inv-noH-ns48-nv64-d48-l3-energy-node,249.0,0.00016703337314538658,0.13477378723950223,0.032209100478788326,0.030693439416200303,0.048908673223994927,0.03210771869088735,0.001,48,64.0,True,False,123,2.5,,0.0,yuri,torchchem_v1,test:data/yuri/splits/fold_0_test_indices.npy,node,0.0,True,energy,,0.8,False,1e-05,25,3,hirshfeld,False,48,
edz7y63m,yi37j58p,icy-sweep-57,128.0,0.0017585237510502338,0.07126245199670565,10.138189787151385,9.273550266858685,,,0.001,64,16.0,True,False,123,2.5,,0.0,yuri,torchchem_v1,test:data/yuri/splits/fold_0_test_indices.npy,node,0.0,True,energy,128.0,0.8,False,1e-05,25,2,splitting,False,48,False
9bqw9q5d,,cv-yuri-gap-inv-noH-ns64-nv64-d64-l3-vector-node,381.0,0.02808396890759468,0.4412374771360693,0.39480929238564727,0.3736087221469689,0.5513516829222416,0.40683541560796754,0.001,64,64.0,True,False,123,2.5,,0.0,yuri,torchchem_v1,test:data/yuri/splits/fold_9_test_indices.npy,node,0.1,True,vector,,0.8,False,1e-05,10,3,gap,False,64,
bfohmrkg,,cv-yuri-gap-inv-noH-ns64-nv64-d64-l3-vector-node,182.0,0.044091153889894485,0.5261998274203005,0.4455837148510576,0.4080123314151397,0.5999867363630135,0.4528564006195051,0.001,64,64.0,True,False,123,2.5,,0.0,yuri,torchchem_v1,test:data/yuri/splits/fold_8_test_indices.npy,node,0.1,True,vector,,0.8,False,1e-05,10,3,gap,False,64,
jh4asolx,,cv-yuri-gap-inv-noH-ns64-nv64-d64-l3-vector-node,360.0,0.006216670852154493,0.4370819868455673,0.4074116062318584,0.3944681950988178,0.6679218138005859,0.4522745813055826,0.001,64,64.0,True,False,123,2.5,,0.0,yuri,torchchem_v1,test:data/yuri/splits/fold_7_test_indices.npy,node,0.1,True,vector,,0.8,False,1e-05,10,3,gap,False,64,
pljsi2mc,,cv-yuri-gap-inv-noH-ns64-nv64-d64-l3-vector-node,216.0,0.050955768674612045,0.45014750083972666,0.4116415144577822,0.3966700695265946,0.6219854421400239,0.4787353492819168,0.001,64,64.0,True,False,123,2.5,,0.0,yuri,torchchem_v1,test:data/yuri/splits/fold_6_test_indices.npy,node,0.1,True,vector,,0.8,False,1e-05,10,3,gap,False,64,
gzml4l0c,,cv-yuri-gap-inv-noH-ns64-nv64-d64-l3-vector-node,502.0,0.011502204462885857,0.4322135671973229,0.3948592295653909,0.38565549234465546,0.5822846715404446,0.4445787498757261,0.001,64,64.0,True,False,123,2.5,,0.0,yuri,torchchem_v1,test:data/yuri/splits/fold_5_test_indices.npy,node,0.1,True,vector,,0.8,False,1e-05,10,3,gap,False,64,
madzrprd,yi37j58p,winter-sweep-56,128.0,0.010149028152227402,0.07074753156509893,10.166167337158267,9.578614303720949,,,0.0001,64,32.0,True,False,123,2.5,,0.0,yuri,torchchem_v1,test:data/yuri/splits/fold_0_test_indices.npy,node,0.0,True,vector,128.0,0.8,False,1e-05,10,3,splitting,False,32,False
s47f4l5o,yi37j58p,rare-sweep-55,128.0,0.0027162202168256044,0.056422731614318385,8.574079825761666,8.352126457324692,,,0.001,64,64.0,True,False,123,2.5,,0.0,yuri,torchchem_v1,test:data/yuri/splits/fold_0_test_indices.npy,node,0.0,True,energy,128.0,0.8,False,1e-05,25,3,splitting,False,48,False
nesmggg7,,cv-yuri-dipole_moment_Debye-inv-noH-ns64-nv48-d64-l3-energy-node,339.0,0.008676864206790924,0.30469116388723766,2.007640800186079,1.892704024853343,2.99416573656171,2.1588533390574347,0.001,64,48.0,True,False,123,10.0,,0.0,yuri,torchchem_v1,test:data/yuri/splits/fold_7_test_indices.npy,node,0.1,True,energy,,0.8,False,1e-05,50,3,dipole_moment_Debye,False,64,
zz5not6u,,cv-yuri-gap-inv-noH-ns64-nv64-d64-l3-vector-node,456.0,0.0558333694934845,0.4394596982105025,0.4004530173162395,0.3942031864704179,0.5718562526442579,0.4254078187249652,0.001,64,64.0,True,False,123,2.5,,0.0,yuri,torchchem_v1,test:data/yuri/splits/fold_1_test_indices.npy,node,0.1,True,vector,,0.8,False,1e-05,10,3,gap,False,64,
mx6erbbd,,cv-yuri-dipole_moment_Debye-inv-noH-ns64-nv48-d64-l3-energy-node,207.0,0.007933731190860271,0.2883450823097393,1.9394496184330452,1.8746439324039943,3.528266694128815,2.303002815998312,0.001,64,48.0,True,False,123,10.0,,0.0,yuri,torchchem_v1,test:data/yuri/splits/fold_9_test_indices.npy,node,0.1,True,energy,,0.8,False,1e-05,50,3,dipole_moment_Debye,False,64,
8vvg9h73,,cv-yuri-dipole_moment_Debye-inv-noH-ns64-nv48-d64-l3-energy-node,341.0,0.0098420400172472,0.2742222636167345,1.8791455988529808,1.7741165655505242,2.9999782476038748,2.1119439132951197,0.001,64,48.0,True,False,123,10.0,,0.0,yuri,torchchem_v1,test:data/yuri/splits/fold_3_test_indices.npy,node,0.1,True,energy,,0.8,False,1e-05,50,3,dipole_moment_Debye,False,64,
we775rkf,,cv-yuri-dipole_moment_Debye-inv-noH-ns64-nv48-d64-l3-energy-node,226.0,0.03027897328138351,0.28315582742978784,1.8809105313036172,1.7888363072349835,3.050439201281979,2.1021309040202705,0.001,64,48.0,True,False,123,10.0,,0.0,yuri,torchchem_v1,test:data/yuri/splits/fold_5_test_indices.npy,node,0.1,True,energy,,0.8,False,1e-05,50,3,dipole_moment_Debye,False,64,
mz90b8v1,,cv-yuri-dipole_moment_Debye-inv-noH-ns64-nv48-d64-l3-energy-node,275.0,0.02141760289669037,0.2930042884986976,1.9012310272481243,1.8292194712465115,3.048730639731094,2.0257568158255426,0.001,64,48.0,True,False,123,10.0,,0.0,yuri,torchchem_v1,test:data/yuri/splits/fold_6_test_indices.npy,node,0.1,True,energy,,0.8,False,1e-05,50,3,dipole_moment_Debye,False,64,
cusg95ei,,cv-yuri-dipole_moment_Debye-inv-noH-ns64-nv48-d64-l3-energy-node,327.0,0.01100064069032669,0.25607415564872066,1.808216869263899,1.6738339437496608,2.501769779333904,1.778754772467625,0.001,64,48.0,True,False,123,10.0,,0.0,yuri,torchchem_v1,test:data/yuri/splits/fold_0_test_indices.npy,node,0.1,True,energy,,0.8,False,1e-05,50,3,dipole_moment_Debye,False,64,
0te8bvmj,,cv-yuri-dipole_moment_Debye-inv-noH-ns64-nv48-d64-l3-energy-node,385.0,0.009975765831768513,0.2227633695664077,1.6966144995860772,1.637733869343511,3.291532870510802,2.220458470140502,0.001,64,48.0,True,False,123,10.0,,0.0,yuri,torchchem_v1,test:data/yuri/splits/fold_1_test_indices.npy,node,0.1,True,energy,,0.8,False,1e-05,50,3,dipole_moment_Debye,False,64,
640a5vxu,,cv-yuri-dipole_moment_Debye-inv-noH-ns64-nv48-d64-l3-energy-node,342.0,0.014683675020933151,0.22954946383833885,1.749158192830624,1.68284322175761,2.508489040315915,1.8328711174900996,0.001,64,48.0,True,False,123,10.0,,0.0,yuri,torchchem_v1,test:data/yuri/splits/fold_8_test_indices.npy,node,0.1,True,energy,,0.8,False,1e-05,50,3,dipole_moment_Debye,False,64,
1z1qmfq4,,cv-yuri-gap-inv-noH-ns64-nv64-d64-l3-vector-node,286.0,0.0318257100880146,0.4339063470733577,0.3951310152994022,0.37666573298189937,0.6044432984124988,0.4509979489681893,0.001,64,64.0,True,False,123,2.5,,0.0,yuri,torchchem_v1,test:data/yuri/splits/fold_4_test_indices.npy,node,0.1,True,vector,,0.8,False,1e-05,10,3,gap,False,64,
spcy9347,,cv-yuri-dipole_moment_Debye-inv-noH-ns64-nv48-d64-l3-energy-node,339.0,0.007909538224339485,0.2793352386175558,1.848956934376066,1.735528195179128,3.248706855669236,2.084833784412736,0.001,64,48.0,True,False,123,10.0,,0.0,yuri,torchchem_v1,test:data/yuri/splits/fold_4_test_indices.npy,node,0.1,True,energy,,0.8,False,1e-05,50,3,dipole_moment_Debye,False,64,
j5r6v6of,,cv-yuri-gap-inv-noH-ns64-nv64-d64-l3-vector-node,220.0,0.06308767944574356,0.4670796204229881,0.41952758996208217,0.3950682262486691,0.5710953479785565,0.4230681331815911,0.001,64,64.0,True,False,123,2.5,,0.0,yuri,torchchem_v1,test:data/yuri/splits/fold_2_test_indices.npy,node,0.1,True,vector,,0.8,False,1e-05,10,3,gap,False,64,
g1b139ma,,cv-yuri-dipole_moment_Debye-inv-noH-ns64-nv48-d64-l3-energy-node,447.0,0.0048928470350801945,0.25493016723414946,1.824733743732062,1.7473729809777283,2.8931927032280575,1.9794117954640789,0.001,64,48.0,True,False,123,10.0,,0.0,yuri,torchchem_v1,test:data/yuri/splits/fold_2_test_indices.npy,node,0.1,True,energy,,0.8,False,1e-05,50,3,dipole_moment_Debye,False,64,
ngx0gxhf,,cv-yuri-gap-inv-noH-ns64-nv64-d64-l3-vector-node,431.0,0.021218836307525635,0.4841334203193928,0.41589874417566064,0.3970704927577904,0.6002757372587805,0.4457615984019368,0.001,64,64.0,True,False,123,2.5,,0.0,yuri,torchchem_v1,test:data/yuri/splits/fold_3_test_indices.npy,node,0.1,True,vector,,0.8,False,1e-05,10,3,gap,False,64,
d7rew65z,yi37j58p,expert-sweep-54,128.0,0.002566155046224594,0.05849651539505556,9.293037905870763,8.934252356145793,,,0.001,64,16.0,True,False,123,2.5,,0.0,yuri,torchchem_v1,test:data/yuri/splits/fold_0_test_indices.npy,node,0.0,True,energy,128.0,0.8,False,1e-05,10,2,splitting,False,64,False
7b412l0a,yi37j58p,misty-sweep-53,128.0,0.008811351843178272,0.05224924830013308,8.510886408042603,8.245862205147288,,,0.001,64,64.0,True,False,123,2.5,,0.0,yuri,torchchem_v1,test:data/yuri/splits/fold_0_test_indices.npy,node,0.0,True,energy,128.0,0.8,False,1e-05,10,3,splitting,False,48,False
etowcdfx,yi37j58p,cool-sweep-52,128.0,0.005671468563377857,0.06021676758496926,9.984345526533746,9.504566843335494,,,0.0005,64,16.0,True,False,123,5.0,,0.0,yuri,torchchem_v1,test:data/yuri/splits/fold_0_test_indices.npy,node,0.0,True,energy,128.0,0.8,False,0.0001,10,2,splitting,False,48,False
xvx02xkg,yi37j58p,generous-sweep-51,128.0,0.015901602804660797,0.057141411712328935,9.837780407989849,9.251393970175863,,,0.001,64,16.0,True,False,123,5.0,,0.0,yuri,torchchem_v1,test:data/yuri/splits/fold_0_test_indices.npy,node,0.05,True,vector,128.0,0.8,False,1e-05,25,3,splitting,False,48,False
huigyx5b,yi37j58p,wobbly-sweep-50,128.0,0.09769710153341292,0.061328531046205295,9.793623989428074,9.428273462110146,,,0.001,32,32.0,True,False,123,5.0,,0.0,yuri,torchchem_v1,test:data/yuri/splits/fold_0_test_indices.npy,node,0.05,True,vector,128.0,0.8,False,1e-05,25,2,splitting,False,64,False
y0v7n75c,yi37j58p,pleasant-sweep-49,128.0,0.001483120839111507,0.052386747416237306,9.419130630267414,9.047701675928758,,,0.001,64,16.0,True,False,123,5.0,,0.0,yuri,torchchem_v1,test:data/yuri/splits/fold_0_test_indices.npy,node,0.0,True,energy,128.0,0.8,False,1e-05,10,3,splitting,False,64,False
lk1f7bvr,yi37j58p,apricot-sweep-48,128.0,0.024697696790099144,0.06411677374151246,10.18304575668432,10.353909474188296,,,0.001,64,32.0,True,False,123,2.5,,0.0,yuri,torchchem_v1,test:data/yuri/splits/fold_0_test_indices.npy,node,0.0,True,vector,128.0,0.8,False,0.0001,50,3,splitting,False,64,False
70n8c9xr,yi37j58p,northern-sweep-47,128.0,0.024613935500383377,0.056975593726182806,9.49816162312193,9.578411116463649,,,0.001,48,32.0,True,False,123,2.5,,0.0,yuri,torchchem_v1,test:data/yuri/splits/fold_0_test_indices.npy,node,0.0,True,energy,128.0,0.8,False,0.001,10,2,splitting,False,64,False
wgjay5a2,yi37j58p,polar-sweep-46,128.0,0.0029341690242290497,0.057249295300450816,9.751660517733823,9.666684545256503,,,0.001,48,48.0,True,False,123,5.0,,0.0,yuri,torchchem_v1,test:data/yuri/splits/fold_0_test_indices.npy,node,0.0,True,vector,128.0,0.8,False,1e-05,25,2,splitting,False,64,False
l0nd8qom,yi37j58p,effortless-sweep-45,128.0,0.0011032081674784422,0.05179164089776318,8.974598656083622,8.773659344555504,,,0.001,64,16.0,True,False,123,5.0,,0.0,yuri,torchchem_v1,test:data/yuri/splits/fold_0_test_indices.npy,node,0.0,True,energy,128.0,0.8,False,1e-05,10,2,splitting,False,48,False
iz3i4hrn,yi37j58p,ethereal-sweep-44,128.0,0.02689328044652939,0.08062069214366634,11.120294227089452,10.637819082319162,,,0.0005,16,16.0,True,False,123,5.0,,0.0,yuri,torchchem_v1,test:data/yuri/splits/fold_0_test_indices.npy,node,0.0,True,vector,128.0,0.8,False,1e-05,10,3,splitting,False,48,False
pmuu2nrc,yi37j58p,hearty-sweep-43,128.0,0.045796945691108704,0.06026307075958827,9.545748605548102,9.758269080968844,,,0.0001,32,32.0,True,False,123,2.5,,0.0,yuri,torchchem_v1,test:data/yuri/splits/fold_0_test_indices.npy,node,0.0,True,vector,128.0,0.8,False,0.0001,10,3,splitting,False,64,False
0lq9z4hv,yi37j58p,ancient-sweep-42,128.0,0.001657553599216044,0.060123641300818015,10.002188919147548,9.158119230559944,,,0.0005,64,16.0,True,False,123,5.0,,0.0,yuri,torchchem_v1,test:data/yuri/splits/fold_0_test_indices.npy,node,0.0,True,vector,128.0,0.8,False,1e-05,25,2,splitting,False,64,False
ipounjz5,yi37j58p,peach-sweep-41,128.0,0.005739453248679638,0.06372847167196972,9.841781366021882,9.433169058634697,,,0.001,64,32.0,True,False,123,5.0,,0.0,yuri,torchchem_v1,test:data/yuri/splits/fold_0_test_indices.npy,node,0.0,True,vector,128.0,0.8,False,1e-05,50,2,splitting,False,48,False
1m630k7u,yi37j58p,avid-sweep-40,128.0,0.014747697860002518,0.06042211971663196,9.716300072566977,9.474915692467697,,,0.0005,64,16.0,True,False,123,5.0,,0.0,yuri,torchchem_v1,test:data/yuri/splits/fold_0_test_indices.npy,node,0.05,True,vector,128.0,0.8,False,0.0001,10,3,splitting,False,64,False
h87pz1ef,yi37j58p,desert-sweep-39,128.0,0.05556044727563858,0.06259281406628675,9.74043547317592,9.730101895185962,,,0.001,48,32.0,True,False,123,10.0,,0.0,yuri,torchchem_v1,test:data/yuri/splits/fold_0_test_indices.npy,node,0.05,True,vector,128.0,0.8,False,1e-05,10,2,splitting,False,16,False
w8hvt1or,y1ka3fj5,jolly-sweep-64,128.0,0.1273697018623352,0.3262933544043837,2.118366405620944,2.134723317474416,,,0.0001,64,64.0,True,False,123,10.0,,0.0,yuri,torchchem_v1,test:data/yuri/splits/fold_0_test_indices.npy,node,0.1,True,vector,128.0,0.8,False,0.0,10,3,dipole_moment_Debye,False,16,False
gpje09wk,y1ka3fj5,swept-sweep-63,128.0,0.1558549404144287,0.3897357200240267,2.17613294068056,2.0089271269709026,,,0.001,64,32.0,True,False,123,10.0,,0.0,yuri,torchchem_v1,test:data/yuri/splits/fold_0_test_indices.npy,both,0.1,True,energy,128.0,0.8,False,1e-05,10,2,dipole_moment_Debye,False,16,False
e348yb82,y1ka3fj5,bumbling-sweep-62,128.0,0.017222287133336067,0.3186836389118227,1.9391889958676145,1.8497371257714388,,,0.001,64,16.0,True,False,123,10.0,,0.0,yuri,torchchem_v1,test:data/yuri/splits/fold_0_test_indices.npy,node,0.1,True,energy,128.0,0.8,False,1e-05,50,2,dipole_moment_Debye,False,64,False
cqohgq1e,y1ka3fj5,kind-sweep-61,128.0,0.04505662620067597,0.3983798235140998,2.216618873454975,2.1607234766655767,,,0.001,64,64.0,True,False,123,5.0,,0.0,yuri,torchchem_v1,test:data/yuri/splits/fold_0_test_indices.npy,node,0.1,True,energy,128.0,0.8,False,1e-05,25,3,dipole_moment_Debye,False,64,False
3gnqurm3,y1ka3fj5,restful-sweep-60,128.0,0.024451695382595066,0.2958567024304949,1.946606038808124,1.831809440620763,,,0.0005,64,64.0,True,False,123,10.0,,0.0,yuri,torchchem_v1,test:data/yuri/splits/fold_0_test_indices.npy,node,0.05,True,energy,128.0,0.8,False,1e-05,50,3,dipole_moment_Debye,False,32,False
vb8e45cc,y1ka3fj5,swept-sweep-59,128.0,0.09726642817258836,0.2903828366563238,1.9304294406302671,1.869138361325272,,,0.001,64,64.0,True,False,123,10.0,,0.0,yuri,torchchem_v1,test:data/yuri/splits/fold_0_test_indices.npy,node,0.1,True,vector,128.0,0.8,False,1e-05,25,3,dipole_moment_Debye,False,48,False
o85iqnze,y1ka3fj5,fearless-sweep-58,128.0,0.029381483793258667,0.1969639403295928,1.6401133183555154,1.545241389001376,,,0.001,64,48.0,True,False,123,10.0,,0.0,yuri,torchchem_v1,test:data/yuri/splits/fold_0_test_indices.npy,node,0.1,True,energy,128.0,0.8,False,1e-05,50,3,dipole_moment_Debye,False,64,False
0yjdn08d,y1ka3fj5,kind-sweep-57,128.0,0.32318034768104553,0.3767785067702162,2.1298252839149168,1.814502409084284,,,0.001,48,48.0,True,False,123,10.0,,0.0,yuri,torchchem_v1,test:data/yuri/splits/fold_0_test_indices.npy,both,0.1,True,energy,128.0,0.8,False,1e-05,50,3,dipole_moment_Debye,False,32,False
zeput0sk,y1ka3fj5,crisp-sweep-56,128.0,0.07780057191848755,0.2605082965616522,1.9142340039011705,1.9259707898543217,,,0.0005,64,16.0,True,False,123,10.0,,0.0,yuri,torchchem_v1,test:data/yuri/splits/fold_0_test_indices.npy,both,0.1,True,energy,128.0,0.8,False,1e-05,50,2,dipole_moment_Debye,False,48,False
6x9kuktx,y1ka3fj5,soft-sweep-55,128.0,0.18655511736869812,0.3685775126876502,2.1338658933933567,2.0688279897819237,,,0.0001,64,32.0,True,False,123,10.0,,0.0,yuri,torchchem_v1,test:data/yuri/splits/fold_0_test_indices.npy,node,0.1,True,energy,128.0,0.8,False,1e-05,25,3,dipole_moment_Debye,False,64,False
qzyn33nn,y1ka3fj5,fearless-sweep-54,128.0,0.03595889359712601,0.3374075856188248,2.183640301690874,1.8556807667445976,,,0.001,64,64.0,True,False,123,10.0,,0.0,yuri,torchchem_v1,test:data/yuri/splits/fold_0_test_indices.npy,node,0.05,True,vector,128.0,0.8,False,0.0001,50,3,dipole_moment_Debye,False,16,False
u7mxfrqc,y1ka3fj5,decent-sweep-53,128.0,0.0471881628036499,0.3601762053781542,2.0913028420747675,1.9757799986707585,,,0.001,64,64.0,True,False,123,10.0,,0.0,yuri,torchchem_v1,test:data/yuri/splits/fold_0_test_indices.npy,node,0.05,True,vector,128.0,0.8,False,1e-05,50,2,dipole_moment_Debye,False,32,False
sbr7egk3,y1ka3fj5,dazzling-sweep-52,128.0,0.475083589553833,0.3290213631658718,2.1291818658783197,2.0391373095212897,,,0.001,64,16.0,True,False,123,10.0,,0.0,yuri,torchchem_v1,test:data/yuri/splits/fold_0_test_indices.npy,both,0.1,True,vector,128.0,0.8,False,1e-05,50,3,dipole_moment_Debye,False,48,False
ibk2ftjg,y1ka3fj5,glorious-sweep-51,128.0,0.3190560042858124,0.5499021652443655,2.8235526274753,2.8146247102040025,,,5e-05,32,16.0,True,False,123,10.0,,0.0,yuri,torchchem_v1,test:data/yuri/splits/fold_0_test_indices.npy,node,0.0,True,energy,128.0,0.8,False,1e-05,10,2,dipole_moment_Debye,False,32,False
yxghxy1h,y1ka3fj5,cool-sweep-50,128.0,0.04773575812578201,0.3072032206531229,1.9479748805459565,1.823054384523897,,,0.001,64,64.0,True,False,123,10.0,,0.0,yuri,torchchem_v1,test:data/yuri/splits/fold_0_test_indices.npy,both,0.0,True,energy,128.0,0.8,False,1e-05,25,3,dipole_moment_Debye,False,48,False
1c19px15,y1ka3fj5,decent-sweep-49,128.0,0.3141777515411377,0.29224798918284217,1.9340661997861548,1.9296093507137917,,,0.001,64,48.0,True,False,123,10.0,,0.0,yuri,torchchem_v1,test:data/yuri/splits/fold_0_test_indices.npy,node,0.05,True,vector,128.0,0.8,False,0.0001,50,3,dipole_moment_Debye,False,32,False
hv3c1dds,y1ka3fj5,skilled-sweep-48,128.0,0.06182948499917984,0.27133736322666036,1.8465492288168197,1.77939399335383,,,0.001,64,32.0,True,False,123,10.0,,0.0,yuri,torchchem_v1,test:data/yuri/splits/fold_0_test_indices.npy,both,0.0,True,energy,128.0,0.8,False,1e-05,25,3,dipole_moment_Debye,False,48,False
ebxveav3,fdjuxx0p,hardy-sweep-64,128.0,0.009408592246472836,0.1827577772582399,0.9024525416374382,0.8890174347171581,,,0.0005,64,32.0,True,False,123,2.5,,0.0,yuri,torchchem_v1,test:data/yuri/splits/fold_0_test_indices.npy,node,0.1,True,vector,128.0,0.8,False,1e-05,10,3,HOMO,False,32,False
th4vcluo,y1ka3fj5,toasty-sweep-47,128.0,0.0007246544701047242,0.31378656394522764,1.9367719951557931,1.9355526538675287,,,0.001,64,16.0,True,False,123,10.0,,0.0,yuri,torchchem_v1,test:data/yuri/splits/fold_0_test_indices.npy,node,0.0,True,energy,128.0,0.8,False,1e-05,50,2,dipole_moment_Debye,False,64,False
s7tn6aon,fdjuxx0p,chocolate-sweep-63,128.0,0.00687723234295845,0.21650187073853508,0.8902590895600692,0.8698018505936145,,,0.001,64,64.0,True,False,123,2.5,,0.0,yuri,torchchem_v1,test:data/yuri/splits/fold_0_test_indices.npy,node,0.05,True,vector,128.0,0.8,False,1e-05,50,3,HOMO,False,32,False
p80vdf9n,fdjuxx0p,wild-sweep-62,128.0,0.1014966294169426,0.28512951359152794,1.091052900851878,1.0772495993339817,,,0.001,64,64.0,True,False,123,2.5,,0.0,yuri,torchchem_v1,test:data/yuri/splits/fold_0_test_indices.npy,both,0.1,True,vector,128.0,0.8,False,0.0001,10,3,HOMO,False,64,False
csje9dol,y1ka3fj5,rare-sweep-46,128.0,0.04053850471973419,0.3287596567694483,2.0196223670211695,1.9273908419454109,,,0.001,64,64.0,True,False,123,10.0,,0.0,yuri,torchchem_v1,test:data/yuri/splits/fold_0_test_indices.npy,both,0.0,True,energy,128.0,0.8,False,1e-05,50,2,dipole_moment_Debye,False,48,False
c1h22e31,fdjuxx0p,still-sweep-61,128.0,0.14666669070720673,0.22679720089995656,0.953034652644306,0.9317003761411138,,,0.001,64,16.0,True,False,123,2.5,,0.0,yuri,torchchem_v1,test:data/yuri/splits/fold_0_test_indices.npy,node,0.1,True,vector,128.0,0.8,False,1e-05,10,3,HOMO,False,64,False
q5e6mbnk,y1ka3fj5,glowing-sweep-45,128.0,0.05042784661054611,0.364726405333856,2.072187330093098,1.9658935085531952,,,0.001,64,16.0,True,False,123,10.0,,0.0,yuri,torchchem_v1,test:data/yuri/splits/fold_0_test_indices.npy,node,0.05,True,vector,128.0,0.8,False,1e-05,25,2,dipole_moment_Debye,False,48,False
71o75xnl,fdjuxx0p,different-sweep-60,128.0,0.11919127404689787,0.2302913280396626,0.989771884445914,0.9631423971106098,,,0.0005,32,64.0,True,False,123,2.5,,0.0,yuri,torchchem_v1,test:data/yuri/splits/fold_0_test_indices.npy,node,0.1,True,vector,128.0,0.8,False,1e-05,25,3,HOMO,False,48,False
3wq6ukxc,fdjuxx0p,peach-sweep-59,128.0,0.14460168778896332,0.24756833525567215,0.9592865558189284,0.9537418974109312,,,0.001,48,64.0,True,False,123,2.5,,0.0,yuri,torchchem_v1,test:data/yuri/splits/fold_0_test_indices.npy,node,0.1,True,vector,128.0,0.8,False,1e-05,10,3,HOMO,False,16,False
4mdwzvw7,y1ka3fj5,visionary-sweep-44,128.0,0.08167246729135513,0.32943463428267117,2.078766363332349,1.9725531961793972,,,0.0005,64,16.0,True,False,123,10.0,,0.0,yuri,torchchem_v1,test:data/yuri/splits/fold_0_test_indices.npy,both,0.1,True,vector,128.0,0.8,False,1e-05,50,3,dipole_moment_Debye,False,64,False
bdo3reah,fdjuxx0p,peach-sweep-58,128.0,0.018621794879436493,0.2297739409038733,0.970891711653325,0.9540431174910832,,,0.001,48,32.0,True,False,123,2.5,,0.0,yuri,torchchem_v1,test:data/yuri/splits/fold_0_test_indices.npy,node,0.05,True,vector,128.0,0.8,False,1e-05,10,3,HOMO,False,32,False
6f6lqblz,fdjuxx0p,astral-sweep-57,128.0,0.05660007894039154,0.22942751992879243,0.9606762800071804,0.9501856675564432,,,0.001,48,48.0,True,False,123,2.5,,0.0,yuri,torchchem_v1,test:data/yuri/splits/fold_0_test_indices.npy,node,0.1,True,vector,128.0,0.8,False,1e-05,10,2,HOMO,False,64,False
ep5v6aww,y1ka3fj5,crisp-sweep-43,128.0,0.1066516786813736,0.397155622084593,2.2213395057517533,2.084812645106494,,,0.0001,64,16.0,True,False,123,10.0,,0.0,yuri,torchchem_v1,test:data/yuri/splits/fold_0_test_indices.npy,node,0.1,True,energy,128.0,0.8,False,1e-05,10,2,dipole_moment_Debye,False,32,False
xtxdtw24,fdjuxx0p,easy-sweep-56,128.0,0.2846418619155884,0.20610800886462471,0.98603634907577,0.9227219555195292,,,0.001,64,16.0,True,False,123,2.5,,0.0,yuri,torchchem_v1,test:data/yuri/splits/fold_0_test_indices.npy,node,0.1,True,vector,128.0,0.8,False,1e-05,50,3,HOMO,False,64,False
yv408auf,y1ka3fj5,distinctive-sweep-42,128.0,0.06548498570919037,0.45170932597127456,2.5027032930650313,2.123651974360467,,,0.0001,64,16.0,True,False,123,10.0,,0.0,yuri,torchchem_v1,test:data/yuri/splits/fold_0_test_indices.npy,both,0.0,True,energy,128.0,0.8,False,1e-05,50,2,dipole_moment_Debye,False,64,False
adj5zzqv,s0fn667a,faithful-sweep-64,128.0,0.024005908519029617,0.11989382357368696,0.03197851222605569,0.031586650825541206,,,0.001,64,48.0,True,False,123,2.5,,0.0,yuri,torchchem_v1,test:data/yuri/splits/fold_0_test_indices.npy,node,0.05,True,energy,128.0,0.8,False,1e-05,50,3,hirshfeld,False,32,False
0xcb6cok,fdjuxx0p,dauntless-sweep-55,128.0,0.019189635291695595,0.3017374632944321,1.0456358270631407,1.0208161018387305,,,0.0005,48,16.0,True,False,123,5.0,,0.0,yuri,torchchem_v1,test:data/yuri/splits/fold_0_test_indices.npy,node,0.05,True,vector,128.0,0.8,False,1e-05,10,3,HOMO,False,64,False
8hyohyo8,s0fn667a,stilted-sweep-63,128.0,0.011705839075148106,0.1187655627085217,0.03218758368402447,0.03169769466802272,,,0.001,64,16.0,True,False,123,2.5,,0.0,yuri,torchchem_v1,test:data/yuri/splits/fold_0_test_indices.npy,node,0.0,True,energy,128.0,0.8,False,1e-05,10,3,hirshfeld,False,64,False
4vc2fv9s,fdjuxx0p,glad-sweep-54,128.0,0.03199629485607147,0.2464823167899559,1.0347590736971717,0.930476544522594,,,0.001,48,16.0,True,False,123,2.5,,0.0,yuri,torchchem_v1,test:data/yuri/splits/fold_0_test_indices.npy,node,0.1,True,vector,128.0,0.8,False,1e-05,25,3,HOMO,False,64,False
shkx6lou,y1ka3fj5,jolly-sweep-41,128.0,0.020000481978058815,0.2599418394524476,1.7735729091721133,1.666598350786458,,,0.001,64,32.0,True,False,123,10.0,,0.0,yuri,torchchem_v1,test:data/yuri/splits/fold_0_test_indices.npy,both,0.05,True,energy,128.0,0.8,False,1e-05,50,3,dipole_moment_Debye,False,48,False
4hlw66t2,ehysb74i,expert-sweep-64,128.0,0.016589531674981117,0.2332721367992204,0.14609194852546747,0.13837027141487454,,,0.001,48,48.0,True,False,123,2.5,,0.0,yuri,torchchem_v1,test:data/yuri/splits/fold_0_test_indices.npy,both,0.0,True,energy,128.0,0.8,False,1e-05,50,3,N_FOD,False,48,False
yoih8l50,fdjuxx0p,pretty-sweep-53,128.0,0.4604840576648712,0.3169716464291359,1.2800977303077696,1.2077259914524738,,,0.0005,16,16.0,True,False,123,2.5,,0.0,yuri,torchchem_v1,test:data/yuri/splits/fold_0_test_indices.npy,node,0.1,True,energy,128.0,0.8,False,1e-05,10,3,HOMO,False,32,False
p3dzi2r1,s0fn667a,absurd-sweep-62,128.0,0.07490533590316772,0.12120136541539224,0.033015443207092286,0.03306215313611005,,,0.001,64,64.0,True,False,123,2.5,,0.0,yuri,torchchem_v1,test:data/yuri/splits/fold_0_test_indices.npy,both,0.0,True,energy,128.0,0.8,False,0.001,50,3,hirshfeld,False,32,False
774b4lfb,y1ka3fj5,azure-sweep-40,128.0,0.02248600497841835,0.6851404185952812,3.0832252139809424,2.6299870355630404,,,0.0005,48,32.0,True,False,123,2.5,,0.0,yuri,torchchem_v1,test:data/yuri/splits/fold_0_test_indices.npy,node,0.0,True,energy,128.0,0.8,False,1e-05,50,2,dipole_moment_Debye,False,16,False
z8yup5s2,ehysb74i,jolly-sweep-63,128.0,0.009697625413537024,0.21382232132399903,0.14269284126920498,0.14173545921396397,,,0.001,48,16.0,True,False,123,2.5,,0.0,yuri,torchchem_v1,test:data/yuri/splits/fold_0_test_indices.npy,both,0.0,True,energy,128.0,0.8,False,0.0,50,3,N_FOD,False,32,False
uqczplaj,fdjuxx0p,fast-sweep-52,128.0,0.03420327976346016,0.22295672176726933,0.96766126066344,0.9604449558008088,,,0.001,64,16.0,True,False,123,2.5,,0.0,yuri,torchchem_v1,test:data/yuri/splits/fold_0_test_indices.npy,both,0.1,True,vector,128.0,0.8,False,1e-05,50,3,HOMO,False,48,False
ixqd98gv,s0fn667a,major-sweep-61,128.0,0.0016134381294250488,0.12567421408562823,0.03107036771514845,0.029014774983169175,,,0.001,48,64.0,True,False,123,2.5,,0.0,yuri,torchchem_v1,test:data/yuri/splits/fold_0_test_indices.npy,node,0.0,True,energy,128.0,0.8,False,1e-05,10,3,hirshfeld,False,48,False
e8de271y,ehysb74i,snowy-sweep-62,128.0,0.09137862920761108,0.2284497181917059,0.14890958591705455,0.14289308348995763,,,0.001,48,16.0,True,False,123,2.5,,0.0,yuri,torchchem_v1,test:data/yuri/splits/fold_0_test_indices.npy,both,0.0,True,energy,128.0,0.8,False,0.001,50,2,N_FOD,False,16,False
dbj6c191,s0fn667a,mild-sweep-60,128.0,0.003172691911458969,0.1448805707924325,0.03626174365168499,0.03334928225949485,,,0.001,16,32.0,True,False,123,2.5,,0.0,yuri,torchchem_v1,test:data/yuri/splits/fold_0_test_indices.npy,node,0.0,True,energy,128.0,0.8,False,1e-05,10,2,hirshfeld,False,32,False
tjyn235j,y1ka3fj5,fine-sweep-39,128.0,0.03924635425209999,0.34211511691582613,2.0992772972981735,1.969351410239914,,,0.001,64,16.0,True,False,123,10.0,,0.0,yuri,torchchem_v1,test:data/yuri/splits/fold_0_test_indices.npy,node,0.05,True,energy,128.0,0.8,False,1e-05,50,2,dipole_moment_Debye,False,16,False
s0hist94,fdjuxx0p,polished-sweep-51,128.0,0.19294853508472443,0.26609844997011384,1.1366276924712886,1.072076009666077,,,0.001,16,16.0,True,False,123,2.5,,0.0,yuri,torchchem_v1,test:data/yuri/splits/fold_0_test_indices.npy,node,0.1,True,vector,128.0,0.8,False,1e-05,25,3,HOMO,False,64,False
jcm75anr,ehysb74i,legendary-sweep-61,128.0,0.10626598447561264,0.26861391987266214,0.1676890578958288,0.15943984763182495,,,0.001,64,32.0,True,False,123,5.0,,0.0,yuri,torchchem_v1,test:data/yuri/splits/fold_0_test_indices.npy,both,0.0,True,energy,128.0,0.8,False,0.001,25,2,N_FOD,False,48,False
tjnvp172,fdjuxx0p,autumn-sweep-50,128.0,0.07343725860118866,0.2607358178316519,1.1256330410895945,1.0465501095743677,,,0.001,16,48.0,True,False,123,2.5,,0.0,yuri,torchchem_v1,test:data/yuri/splits/fold_0_test_indices.npy,node,0.1,True,vector,128.0,0.8,False,1e-05,10,2,HOMO,False,32,False
labqw6ym,s0fn667a,soft-sweep-59,128.0,0.005556414369493723,0.11015490545281048,0.03038431996695314,0.0298698277587645,,,0.001,64,32.0,True,False,123,2.5,,0.0,yuri,torchchem_v1,test:data/yuri/splits/fold_0_test_indices.npy,both,0.0,True,energy,128.0,0.8,False,1e-05,25,3,hirshfeld,False,32,False
59dj6vdp,ehysb74i,stoic-sweep-60,128.0,0.0008626696071587503,0.2408504998632546,0.14649759873771404,0.13882607111012782,,,0.001,64,48.0,True,False,123,2.5,,0.0,yuri,torchchem_v1,test:data/yuri/splits/fold_0_test_indices.npy,both,0.0,True,energy,128.0,0.8,False,1e-05,50,3,N_FOD,False,48,False
icgldg1s,fdjuxx0p,stoic-sweep-49,128.0,0.04195713251829147,0.2237249181188386,0.9532589284989312,0.9081225983167988,,,0.001,32,64.0,True,False,123,2.5,,0.0,yuri,torchchem_v1,test:data/yuri/splits/fold_0_test_indices.npy,node,0.1,True,vector,128.0,0.8,False,1e-05,25,3,HOMO,False,32,False
7pi8twav,y1ka3fj5,earthy-sweep-38,128.0,0.01949074305593967,0.31257932890078116,2.008221731866598,1.902103522682024,,,0.0005,64,16.0,True,False,123,10.0,,0.0,yuri,torchchem_v1,test:data/yuri/splits/fold_0_test_indices.npy,both,0.0,True,energy,128.0,0.8,False,1e-05,50,3,dipole_moment_Debye,False,16,False
cytlt9hj,s0fn667a,kind-sweep-58,128.0,0.0012849982595071197,0.13781403493264627,0.03310884822077612,0.0309371135416073,,,0.001,64,48.0,True,False,123,2.5,,0.0,yuri,torchchem_v1,test:data/yuri/splits/fold_0_test_indices.npy,both,0.0,True,energy,128.0,0.8,False,1e-05,10,3,hirshfeld,False,48,False
81txbwmg,ehysb74i,daily-sweep-59,128.0,0.19482383131980896,0.25509663979555,0.1653890412705073,0.15696503827144714,,,0.001,64,16.0,True,False,123,2.5,,0.0,yuri,torchchem_v1,test:data/yuri/splits/fold_0_test_indices.npy,both,0.05,True,energy,128.0,0.8,False,0.001,25,3,N_FOD,False,48,False
cc0lf9eu,n2njum0o,giddy-sweep-64,128.0,0.019214507192373276,0.5321980041676554,0.44685139951509256,0.41857693943658303,,,0.001,64,48.0,True,False,123,2.5,,0.0,yuri,torchchem_v1,test:data/yuri/splits/fold_0_test_indices.npy,both,0.05,True,vector,128.0,0.8,False,1e-05,10,3,gap,False,64,False
tjxndti1,fdjuxx0p,resilient-sweep-48,128.0,0.04765285551548004,0.2732860541035389,1.19519485840744,1.1209640897997872,,,0.001,48,48.0,True,False,123,2.5,,0.0,yuri,torchchem_v1,test:data/yuri/splits/fold_0_test_indices.npy,node,0.1,True,energy,128.0,0.8,False,1e-05,25,3,HOMO,False,64,False
ma861obe,n2njum0o,comic-sweep-63,128.0,0.00830182433128357,0.4627562314271927,0.4166073971643939,0.4007042312514561,,,0.001,48,16.0,True,False,123,2.5,,0.0,yuri,torchchem_v1,test:data/yuri/splits/fold_0_test_indices.npy,node,0.0,True,energy,128.0,0.8,False,1e-05,25,2,gap,False,48,False
kd4n14tb,y1ka3fj5,peachy-sweep-37,128.0,0.01138153113424778,0.2983960062265396,1.9044934876031503,1.8576340335228791,,,0.001,64,16.0,True,False,123,5.0,,0.0,yuri,torchchem_v1,test:data/yuri/splits/fold_0_test_indices.npy,both,0.0,True,energy,128.0,0.8,False,1e-05,50,3,dipole_moment_Debye,False,64,False
qjojrcnn,s0fn667a,spring-sweep-57,128.0,0.005337686277925968,0.14137277097023768,0.03426314080409357,0.03210825881694706,,,0.001,48,64.0,True,False,123,2.5,,0.0,yuri,torchchem_v1,test:data/yuri/splits/fold_0_test_indices.npy,both,0.0,True,energy,128.0,0.8,False,0.0001,10,3,hirshfeld,False,64,False
rnx9a9tx,ehysb74i,cool-sweep-58,128.0,0.22858142852783203,0.24803860292866312,0.15772310136379522,0.14866646629372152,,,0.001,48,32.0,True,False,123,2.5,,0.0,yuri,torchchem_v1,test:data/yuri/splits/fold_0_test_indices.npy,both,0.0,True,energy,128.0,0.8,False,0.001,50,3,N_FOD,False,32,False
v43xmzjb,fdjuxx0p,rich-sweep-47,128.0,0.47747236490249634,0.20182411751613535,0.9469548523455112,0.919322949436609,,,0.001,64,16.0,True,False,123,2.5,,0.0,yuri,torchchem_v1,test:data/yuri/splits/fold_0_test_indices.npy,node,0.1,True,vector,128.0,0.8,False,1e-05,10,3,HOMO,False,64,False
ejpq322c,n2njum0o,peach-sweep-62,128.0,0.03784892335534096,0.4536087703088234,0.4121922231313466,0.3987449482968931,,,0.001,64,64.0,True,False,123,2.5,,0.0,yuri,torchchem_v1,test:data/yuri/splits/fold_0_test_indices.npy,node,0.1,True,energy,128.0,0.8,False,1e-05,10,3,gap,False,16,False
hara2fcn,ehysb74i,rose-sweep-57,128.0,0.12034358084201811,0.254459872841835,0.15689054235179198,0.14975706609224654,,,0.001,48,16.0,True,False,123,2.5,,0.0,yuri,torchchem_v1,test:data/yuri/splits/fold_0_test_indices.npy,both,0.0,True,energy,128.0,0.8,False,0.001,50,3,N_FOD,False,64,False
i71d12xx,s0fn667a,bumbling-sweep-56,128.0,0.008240758441388607,0.14024860652741686,0.033023207509899656,0.031019241461289523,,,0.001,48,64.0,True,False,123,2.5,,0.0,yuri,torchchem_v1,test:data/yuri/splits/fold_0_test_indices.npy,node,0.05,True,energy,128.0,0.8,False,1e-05,50,3,hirshfeld,False,32,False
8jezcacx,fdjuxx0p,robust-sweep-46,128.0,0.19551905989646912,0.25123783817579004,1.0088757488218656,0.9516748384233438,,,0.001,64,16.0,True,False,123,2.5,,0.0,yuri,torchchem_v1,test:data/yuri/splits/fold_0_test_indices.npy,node,0.1,True,vector,128.0,0.8,False,1e-05,10,3,HOMO,False,64,False
55ktk0we,n2njum0o,warm-sweep-61,128.0,0.004378846846520901,0.4969369589254774,0.4258610836097379,0.4050558964492495,,,0.001,64,64.0,True,False,123,2.5,,0.0,yuri,torchchem_v1,test:data/yuri/splits/fold_0_test_indices.npy,both,0.0,True,vector,128.0,0.8,False,1e-05,10,3,gap,False,48,False
57nfiwxj,s0fn667a,faithful-sweep-55,128.0,0.003022143617272377,0.12882636477849607,0.03433940446078076,0.03314328838162743,,,0.001,32,64.0,True,False,123,2.5,,0.0,yuri,torchchem_v1,test:data/yuri/splits/fold_0_test_indices.npy,node,0.0,True,vector,128.0,0.8,False,1e-05,25,2,hirshfeld,False,32,False
ehxerfgj,y1ka3fj5,decent-sweep-36,128.0,0.016285240650177002,0.3470855247357796,2.105475843498973,1.992347766146661,,,0.0005,64,32.0,True,False,123,10.0,,0.0,yuri,torchchem_v1,test:data/yuri/splits/fold_0_test_indices.npy,both,0.0,True,vector,128.0,0.8,False,1e-05,25,3,dipole_moment_Debye,False,48,False
x3osyfmf,ehysb74i,toasty-sweep-56,128.0,0.022052418440580368,0.2933070933895892,0.16677771120226736,0.1421843812510864,,,0.001,64,48.0,True,False,123,2.5,,0.0,yuri,torchchem_v1,test:data/yuri/splits/fold_0_test_indices.npy,both,0.0,True,energy,128.0,0.8,False,0.0001,50,3,N_FOD,False,48,False
n3jl72ko,fdjuxx0p,icy-sweep-45,128.0,0.009203778579831123,0.265353099025529,1.03666291444179,0.9783142541546004,,,0.0005,48,16.0,True,False,123,2.5,,0.0,yuri,torchchem_v1,test:data/yuri/splits/fold_0_test_indices.npy,node,0.1,True,vector,128.0,0.8,False,1e-05,25,2,HOMO,False,64,False
6sea7oe1,n2njum0o,quiet-sweep-60,128.0,0.0007340864976868033,0.40586150617435063,0.3921172235169085,0.3905038479037247,,,0.001,64,48.0,True,False,123,2.5,,0.0,yuri,torchchem_v1,test:data/yuri/splits/fold_0_test_indices.npy,node,0.0,True,energy,128.0,0.8,False,0.0,10,3,gap,False,48,False
clfih2yq,y1ka3fj5,fancy-sweep-35,128.0,0.08753719925880432,0.48889197678915386,2.387393153053321,2.325091742871862,,,0.001,32,16.0,True,False,123,10.0,,0.0,yuri,torchchem_v1,test:data/yuri/splits/fold_0_test_indices.npy,node,0.0,True,vector,128.0,0.8,False,1e-05,10,2,dipole_moment_Debye,False,64,False
wfqiuhbb,s0fn667a,still-sweep-54,128.0,0.014537686482071877,0.15008882124876155,0.03383770242875714,0.03324023632165555,,,0.001,48,64.0,True,False,123,2.5,,0.0,yuri,torchchem_v1,test:data/yuri/splits/fold_0_test_indices.npy,node,0.05,True,energy,128.0,0.8,False,1e-05,10,3,hirshfeld,False,48,False
kdy41d0u,ehysb74i,icy-sweep-55,128.0,0.0007319379365071654,0.22411524555806456,0.1460069434237541,0.1425995289973659,,,0.001,64,16.0,True,False,123,2.5,,0.0,yuri,torchchem_v1,test:data/yuri/splits/fold_0_test_indices.npy,both,0.0,True,energy,128.0,0.8,False,0.0,50,3,N_FOD,False,48,False
j0od26xh,fdjuxx0p,mild-sweep-44,128.0,0.010232622735202312,0.26235084852267954,0.992798780554961,0.934680033117585,,,0.001,64,64.0,True,False,123,2.5,,0.0,yuri,torchchem_v1,test:data/yuri/splits/fold_0_test_indices.npy,node,0.1,True,vector,128.0,0.8,False,1e-05,25,3,HOMO,False,32,False
53woq59t,n2njum0o,lucky-sweep-59,128.0,0.0318329855799675,0.5270892227518147,0.4434751532387065,0.4280179845881851,,,0.001,64,48.0,True,False,123,5.0,,0.0,yuri,torchchem_v1,test:data/yuri/splits/fold_0_test_indices.npy,both,0.05,True,vector,128.0,0.8,False,1e-05,10,3,gap,False,32,False
2ltcl6x7,ehysb74i,silvery-sweep-54,128.0,0.15259391069412231,0.2390362859286111,0.1558260333515508,0.14701884092002915,,,0.001,64,16.0,True,False,123,2.5,,0.0,yuri,torchchem_v1,test:data/yuri/splits/fold_0_test_indices.npy,both,0.0,True,energy,128.0,0.8,False,0.001,25,3,N_FOD,False,48,False
1lrtg8tb,s0fn667a,dutiful-sweep-53,128.0,0.011805055662989616,0.14069261350508394,0.034063808282541845,0.03155103362665338,,,0.001,16,64.0,True,False,123,2.5,,0.0,yuri,torchchem_v1,test:data/yuri/splits/fold_0_test_indices.npy,both,0.0,True,energy,128.0,0.8,False,1e-05,10,3,hirshfeld,False,48,False
ygcl7nhf,fdjuxx0p,drawn-sweep-43,128.0,0.168343186378479,0.3172190694202637,1.168843686538426,1.0174807771079737,,,0.001,16,16.0,True,False,123,2.5,,0.0,yuri,torchchem_v1,test:data/yuri/splits/fold_0_test_indices.npy,node,0.1,True,vector,128.0,0.8,False,1e-05,50,3,HOMO,False,48,False
l640jwh5,n2njum0o,pretty-sweep-58,128.0,0.056777484714984894,0.4357649663399006,0.4106655414725833,0.3978261232121907,,,0.001,64,64.0,True,False,123,2.5,,0.0,yuri,torchchem_v1,test:data/yuri/splits/fold_0_test_indices.npy,both,0.1,True,vector,128.0,0.8,False,1e-05,50,3,gap,False,48,False
gbb0uexq,ehysb74i,misunderstood-sweep-53,128.0,0.02421554923057556,0.2515392877675336,0.15540337824785944,0.15099710226164398,,,0.0005,48,32.0,True,False,123,2.5,,0.0,yuri,torchchem_v1,test:data/yuri/splits/fold_0_test_indices.npy,both,0.05,True,energy,128.0,0.8,False,1e-05,50,3,N_FOD,False,48,False
rrej4ptn,y1ka3fj5,dandy-sweep-34,128.0,0.28400641679763794,0.2695698680291916,1.9074819994402517,1.7953941474239934,,,0.001,64,16.0,True,False,123,10.0,,0.0,yuri,torchchem_v1,test:data/yuri/splits/fold_0_test_indices.npy,both,0.05,True,energy,128.0,0.8,False,1e-05,25,3,dipole_moment_Debye,False,48,False
di139hhp,s0fn667a,prime-sweep-52,128.0,0.010474380105733871,0.12169856788462093,0.031275403406856084,0.03138713847899226,,,0.001,32,64.0,True,False,123,2.5,,0.0,yuri,torchchem_v1,test:data/yuri/splits/fold_0_test_indices.npy,node,0.0,True,energy,128.0,0.8,False,0.0001,25,3,hirshfeld,False,48,False
vg7turn8,fdjuxx0p,fanciful-sweep-42,128.0,0.026143081486225128,0.22331388153392692,1.0220291973674018,1.00541303525055,,,0.0005,32,16.0,True,False,123,2.5,,0.0,yuri,torchchem_v1,test:data/yuri/splits/fold_0_test_indices.npy,both,0.1,True,vector,128.0,0.8,False,1e-05,25,3,HOMO,False,64,False
qrf0azfh,n2njum0o,vocal-sweep-57,128.0,0.0010409962851554155,0.4584601228607112,0.41786501315194224,0.4121773036969733,,,0.0005,64,64.0,True,False,123,2.5,,0.0,yuri,torchchem_v1,test:data/yuri/splits/fold_0_test_indices.npy,both,0.0,True,energy,128.0,0.8,False,1e-05,10,3,gap,False,64,False
24yg0jwu,ehysb74i,major-sweep-52,128.0,0.006451095920056105,0.2512196698065462,0.15254030487024042,0.14436670303763377,,,0.0005,64,16.0,True,False,123,2.5,,0.0,yuri,torchchem_v1,test:data/yuri/splits/fold_0_test_indices.npy,both,0.0,True,energy,128.0,0.8,False,0.0001,50,3,N_FOD,False,48,False
mlxxtk8l,s0fn667a,usual-sweep-51,128.0,0.012897547334432602,0.1324276897157061,0.03290707542174068,0.032734505592109685,,,0.001,48,16.0,True,False,123,2.5,,0.0,yuri,torchchem_v1,test:data/yuri/splits/fold_0_test_indices.npy,both,0.05,True,vector,128.0,0.8,False,1e-05,50,3,hirshfeld,False,32,False
qj9zvaui,y1ka3fj5,desert-sweep-33,128.0,0.04266631603240967,0.41368772063789694,2.381708491614768,2.312695858430619,,,0.0001,32,16.0,True,False,123,10.0,,0.0,yuri,torchchem_v1,test:data/yuri/splits/fold_0_test_indices.npy,node,0.0,True,energy,128.0,0.8,False,1e-05,50,3,dipole_moment_Debye,False,48,False
zn1ncgne,fdjuxx0p,lucky-sweep-41,128.0,0.029991989955306053,0.2810469199100445,1.0126771474980387,0.9502579696498268,,,0.001,32,32.0,True,False,123,2.5,,0.0,yuri,torchchem_v1,test:data/yuri/splits/fold_0_test_indices.npy,node,0.05,True,vector,128.0,0.8,False,1e-05,10,3,HOMO,False,64,False
umj6mqnz,n2njum0o,leafy-sweep-56,128.0,0.032713986933231354,0.5559451076491125,0.4430489992684205,0.4205233680281154,,,0.0001,64,64.0,True,False,123,2.5,,0.0,yuri,torchchem_v1,test:data/yuri/splits/fold_0_test_indices.npy,both,0.05,True,vector,128.0,0.8,False,1e-05,10,3,gap,False,48,False
x1gzlzzm,ehysb74i,playful-sweep-51,128.0,0.03866982460021973,0.1954990373603229,0.14162001348553166,0.14492455874914842,,,0.0005,64,16.0,True,False,123,2.5,,0.0,yuri,torchchem_v1,test:data/yuri/splits/fold_0_test_indices.npy,both,0.0,True,energy,128.0,0.8,False,0.001,50,3,N_FOD,False,32,False
s0of68wv,s0fn667a,pious-sweep-50,128.0,0.004777624271810055,0.12392809049322688,0.03286166015085434,0.031690813659946686,,,0.001,32,48.0,True,False,123,2.5,,0.0,yuri,torchchem_v1,test:data/yuri/splits/fold_0_test_indices.npy,node,0.0,True,energy,128.0,0.8,False,1e-05,50,3,hirshfeld,False,32,False
4m81k79y,n2njum0o,classic-sweep-55,128.0,0.09168436378240584,0.5591002137496554,0.4469566990479265,0.4287185870383348,,,0.001,64,64.0,True,False,123,2.5,,0.0,yuri,torchchem_v1,test:data/yuri/splits/fold_0_test_indices.npy,node,0.1,True,energy,128.0,0.8,False,0.0001,10,2,gap,False,48,False
py8b95hs,y1ka3fj5,smart-sweep-32,128.0,0.05400341749191284,0.3525871295353462,2.100304450046299,1.919418546718913,,,0.001,48,48.0,True,False,123,10.0,,0.0,yuri,torchchem_v1,test:data/yuri/splits/fold_0_test_indices.npy,both,0.0,True,vector,128.0,0.8,False,1e-05,50,2,dipole_moment_Debye,False,48,False
dhm2yi73,ehysb74i,lucky-sweep-50,128.0,0.188499316573143,0.3226086928926665,0.18297384747224096,0.16581880780388633,,,0.001,16,16.0,True,False,123,5.0,,0.0,yuri,torchchem_v1,test:data/yuri/splits/fold_0_test_indices.npy,both,0.0,True,energy,128.0,0.8,False,1e-05,10,2,N_FOD,False,64,False
fg0jqpbe,fdjuxx0p,expert-sweep-40,128.0,0.06362797319889069,0.2956091048003271,1.0673036170695622,1.0571726821770469,,,0.001,64,32.0,True,False,123,5.0,,0.0,yuri,torchchem_v1,test:data/yuri/splits/fold_0_test_indices.npy,node,0.1,True,vector,128.0,0.8,False,1e-05,25,3,HOMO,False,48,False
3bad47ec,s0fn667a,good-sweep-49,128.0,0.0005749133415520191,0.12662822900918022,0.03128616686396691,0.03072543007300344,,,0.001,48,48.0,True,False,123,2.5,,0.0,yuri,torchchem_v1,test:data/yuri/splits/fold_0_test_indices.npy,both,0.0,True,energy,128.0,0.8,False,1e-05,10,3,hirshfeld,False,16,False
kozly6k0,n2njum0o,treasured-sweep-54,128.0,0.026115501299500465,0.4602149971600237,0.4173003673235148,0.4009827355281144,,,0.001,64,64.0,True,False,123,2.5,,0.0,yuri,torchchem_v1,test:data/yuri/splits/fold_0_test_indices.npy,both,0.05,True,vector,128.0,0.8,False,1e-05,10,3,gap,False,48,False
6fffkbvx,ehysb74i,divine-sweep-49,128.0,0.06987764686346054,0.25938976401912756,0.15691444877316413,0.147284477239067,,,0.001,64,48.0,True,False,123,2.5,,0.0,yuri,torchchem_v1,test:data/yuri/splits/fold_0_test_indices.npy,both,0.1,True,energy,128.0,0.8,False,1e-05,50,3,N_FOD,False,48,False
nloaqapl,fdjuxx0p,olive-sweep-39,128.0,0.12888367474079132,0.21337882288057228,1.0138111227490478,1.0107262463589513,,,0.0001,64,32.0,True,False,123,2.5,,0.0,yuri,torchchem_v1,test:data/yuri/splits/fold_0_test_indices.npy,node,0.1,True,vector,128.0,0.8,False,1e-05,10,3,HOMO,False,48,False
lrfgv2j2,n2njum0o,true-sweep-53,128.0,0.044892240315675735,0.5517621048051735,0.45711224808528617,0.40005520657473537,,,0.001,64,48.0,True,False,123,2.5,,0.0,yuri,torchchem_v1,test:data/yuri/splits/fold_0_test_indices.npy,node,0.1,True,vector,128.0,0.8,False,1e-05,25,2,gap,False,48,False
plxvxnwl,s0fn667a,young-sweep-48,128.0,0.007693775463849306,0.12557037303159976,0.03367619856105799,0.03344173742069002,,,0.001,32,64.0,True,False,123,2.5,,0.0,yuri,torchchem_v1,test:data/yuri/splits/fold_0_test_indices.npy,both,0.0,True,vector,128.0,0.8,False,1e-05,10,3,hirshfeld,False,16,False
5ewb9f1g,y1ka3fj5,misunderstood-sweep-31,128.0,0.0026578381657600403,0.302301324903965,1.9501127374866245,1.9027772344193457,,,0.001,64,16.0,True,False,123,10.0,,0.0,yuri,torchchem_v1,test:data/yuri/splits/fold_0_test_indices.npy,node,0.0,True,energy,128.0,0.8,False,1e-05,25,3,dipole_moment_Debye,False,64,False
yzcqsqv1,ehysb74i,floral-sweep-48,128.0,0.014305062592029572,0.24545375020082655,0.15267615861901876,0.1507970213368137,,,0.0005,64,32.0,True,False,123,2.5,,0.0,yuri,torchchem_v1,test:data/yuri/splits/fold_0_test_indices.npy,both,0.05,True,energy,128.0,0.8,False,1e-05,50,3,N_FOD,False,64,False
egznbiij,n2njum0o,twilight-sweep-52,128.0,0.07235544174909592,0.499932163362873,0.4399025964293023,0.4107037594139907,,,0.001,32,64.0,True,False,123,2.5,,0.0,yuri,torchchem_v1,test:data/yuri/splits/fold_0_test_indices.npy,node,0.1,True,vector,128.0,0.8,False,1e-05,25,3,gap,False,64,False
3p7229jd,fdjuxx0p,charmed-sweep-38,128.0,0.06629109382629395,0.23797509857806667,1.016102585743111,0.9727663245020126,,,0.001,64,32.0,True,False,123,2.5,,0.0,yuri,torchchem_v1,test:data/yuri/splits/fold_0_test_indices.npy,node,0.1,True,vector,128.0,0.8,False,1e-05,10,3,HOMO,False,64,False
0u0kh3q7,s0fn667a,decent-sweep-47,128.0,0.004155127797275782,0.11575947107811428,0.031702181605845106,0.03133050660762773,,,0.001,64,64.0,True,False,123,2.5,,0.0,yuri,torchchem_v1,test:data/yuri/splits/fold_0_test_indices.npy,node,0.0,True,energy,128.0,0.8,False,1e-05,50,2,hirshfeld,False,48,False
tgumb842,n2njum0o,skilled-sweep-51,128.0,0.030985351651906967,0.48693971901104366,0.4283058909203515,0.4033060545919505,,,0.001,48,64.0,True,False,123,2.5,,0.0,yuri,torchchem_v1,test:data/yuri/splits/fold_0_test_indices.npy,both,0.05,True,energy,128.0,0.8,False,1e-05,10,3,gap,False,48,False
adw7pr11,ehysb74i,ruby-sweep-47,128.0,0.003865445265546441,0.22805696635924536,0.15100890482193854,0.14413042279153268,,,0.001,48,16.0,True,False,123,5.0,,0.0,yuri,torchchem_v1,test:data/yuri/splits/fold_0_test_indices.npy,both,0.0,True,energy,128.0,0.8,False,1e-05,25,3,N_FOD,False,64,False
3zoidom3,fdjuxx0p,rural-sweep-37,128.0,0.0312414076179266,0.26782581454207155,1.09699455935818,0.9890300479539552,,,0.0005,48,16.0,True,False,123,5.0,,0.0,yuri,torchchem_v1,test:data/yuri/splits/fold_0_test_indices.npy,node,0.1,True,vector,128.0,0.8,False,1e-05,25,3,HOMO,False,32,False
v701vy8h,s0fn667a,atomic-sweep-46,128.0,0.004374613054096699,0.12138085426955388,0.031095568476199587,0.02980370766799053,,,0.001,48,48.0,True,False,123,2.5,,0.0,yuri,torchchem_v1,test:data/yuri/splits/fold_0_test_indices.npy,both,0.0,True,energy,128.0,0.8,False,1e-05,50,3,hirshfeld,False,16,False
us7sbce4,y1ka3fj5,rich-sweep-30,128.0,0.23154298961162567,0.3331105298009412,2.074777616812867,2.05909732910961,,,0.0005,64,48.0,True,False,123,10.0,,0.0,yuri,torchchem_v1,test:data/yuri/splits/fold_0_test_indices.npy,both,0.0,True,energy,128.0,0.8,False,0.0001,50,3,dipole_moment_Debye,False,64,False
p217iuvg,n2njum0o,ruby-sweep-50,128.0,0.02376215159893036,0.554301899568788,0.4466936333808583,0.4085039326132693,,,0.001,64,64.0,True,False,123,2.5,,0.0,yuri,torchchem_v1,test:data/yuri/splits/fold_0_test_indices.npy,both,0.0,True,energy,128.0,0.8,False,0.0001,10,3,gap,False,64,False
dhs0hjwp,ehysb74i,jolly-sweep-46,128.0,0.005742361303418875,0.29982697437035627,0.16358825272989028,0.1620331051904651,,,0.001,48,32.0,True,False,123,5.0,,0.0,yuri,torchchem_v1,test:data/yuri/splits/fold_0_test_indices.npy,both,0.0,True,energy,128.0,0.8,False,1e-05,25,3,N_FOD,False,32,False
e6xbwolp,fdjuxx0p,vital-sweep-36,128.0,0.1672317534685135,0.2735981659899498,1.1212748479186114,1.0877226870192411,,,0.001,64,32.0,True,False,123,2.5,,0.0,yuri,torchchem_v1,test:data/yuri/splits/fold_0_test_indices.npy,node,0.1,True,vector,128.0,0.8,False,0.001,25,3,HOMO,False,64,False
sqjgq6dh,s0fn667a,lilac-sweep-45,128.0,0.002569779520854354,0.14240258855038676,0.031927604582248206,0.031049721119347028,,,0.001,48,48.0,True,False,123,2.5,,0.0,yuri,torchchem_v1,test:data/yuri/splits/fold_0_test_indices.npy,node,0.0,True,energy,128.0,0.8,False,1e-05,25,3,hirshfeld,False,64,False
bxisz2fv,n2njum0o,cosmic-sweep-49,128.0,0.023783642798662186,0.4615005126287197,0.4162761932804978,0.39871750469492734,,,0.001,64,32.0,True,False,123,2.5,,0.0,yuri,torchchem_v1,test:data/yuri/splits/fold_0_test_indices.npy,both,0.1,True,energy,128.0,0.8,False,1e-05,25,3,gap,False,48,False
7mwwtbym,y1ka3fj5,drawn-sweep-29,128.0,0.0014486804138869047,0.3422490332661004,2.0040190407243665,1.946975068137853,,,0.001,64,16.0,True,False,123,10.0,,0.0,yuri,torchchem_v1,test:data/yuri/splits/fold_0_test_indices.npy,node,0.0,True,energy,128.0,0.8,False,1e-05,25,2,dipole_moment_Debye,False,64,False
8qk5rolf,ehysb74i,summer-sweep-45,128.0,0.09875185042619704,0.2079073996122541,0.14829250449344955,0.14761710513120538,,,0.0005,32,16.0,True,False,123,2.5,,0.0,yuri,torchchem_v1,test:data/yuri/splits/fold_0_test_indices.npy,both,0.0,True,energy,128.0,0.8,False,0.001,50,3,N_FOD,False,32,False
wg3qoerm,fdjuxx0p,lunar-sweep-35,128.0,0.034513283520936966,0.2562307484191039,1.123533843810116,1.095864419388522,,,0.001,32,64.0,True,False,123,5.0,,0.0,yuri,torchchem_v1,test:data/yuri/splits/fold_0_test_indices.npy,node,0.1,True,energy,128.0,0.8,False,1e-05,10,3,HOMO,False,32,False
vj9sbskh,s0fn667a,trim-sweep-44,128.0,0.012256723828613758,0.12510835710142193,0.03210402445632673,0.03065295085170562,,,0.001,48,48.0,True,False,123,2.5,,0.0,yuri,torchchem_v1,test:data/yuri/splits/fold_0_test_indices.npy,node,0.1,True,energy,128.0,0.8,False,1e-05,25,3,hirshfeld,False,16,False
lnktcyqc,n2njum0o,divine-sweep-48,128.0,0.05685184895992279,0.5122323827496891,0.4386776627293285,0.4015439651836145,,,0.001,64,48.0,True,False,123,2.5,,0.0,yuri,torchchem_v1,test:data/yuri/splits/fold_0_test_indices.npy,both,0.05,True,vector,128.0,0.8,False,1e-05,10,2,gap,False,16,False
xzd93tp7,s0fn667a,snowy-sweep-43,128.0,0.007029872853308916,0.12666885487349896,0.031635140793227504,0.03149333110177278,,,0.001,32,64.0,True,False,123,2.5,,0.0,yuri,torchchem_v1,test:data/yuri/splits/fold_0_test_indices.npy,node,0.0,True,energy,128.0,0.8,False,0.0001,50,2,hirshfeld,False,48,False
gki65vb5,ehysb74i,toasty-sweep-44,128.0,0.019557932391762733,0.2725824057285128,0.15711788508330268,0.15041573670166505,,,0.001,64,48.0,True,False,123,5.0,,0.0,yuri,torchchem_v1,test:data/yuri/splits/fold_0_test_indices.npy,both,0.0,True,energy,128.0,0.8,False,1e-05,50,3,N_FOD,False,32,False
mphgrbwd,fdjuxx0p,lunar-sweep-34,128.0,0.05835502967238426,0.22807975453806337,0.9371362235112708,0.923412437686942,,,0.001,64,16.0,True,False,123,2.5,,0.0,yuri,torchchem_v1,test:data/yuri/splits/fold_0_test_indices.npy,node,0.1,True,vector,128.0,0.8,False,0.0,50,3,HOMO,False,48,False
l2egwnrs,n2njum0o,autumn-sweep-47,128.0,0.020530564710497856,0.617096125051893,0.47135690253770257,0.40893807108305114,,,0.001,64,64.0,True,False,123,2.5,,0.0,yuri,torchchem_v1,test:data/yuri/splits/fold_0_test_indices.npy,both,0.0,True,energy,128.0,0.8,False,1e-05,10,2,gap,False,64,False
kw2kzs9e,y1ka3fj5,comfy-sweep-28,128.0,0.033272627741098404,0.2663565631313571,1.874338707437936,1.718895684099193,,,0.0005,64,32.0,True,False,123,10.0,,0.0,yuri,torchchem_v1,test:data/yuri/splits/fold_0_test_indices.npy,both,0.0,True,energy,128.0,0.8,False,1e-05,50,3,dipole_moment_Debye,False,48,False
pla67f6x,ehysb74i,sage-sweep-43,128.0,0.019605347886681557,0.23107838373759695,0.1434367918285886,0.14129513489468876,,,0.001,64,32.0,True,False,123,2.5,,0.0,yuri,torchchem_v1,test:data/yuri/splits/fold_0_test_indices.npy,both,0.05,True,energy,128.0,0.8,False,0.0,50,2,N_FOD,False,32,False
urz30m6l,s0fn667a,drawn-sweep-42,128.0,0.0006869008648209274,0.11842037035666148,0.03255112503782696,0.03173070128862518,,,0.001,64,64.0,True,False,123,5.0,,0.0,yuri,torchchem_v1,test:data/yuri/splits/fold_0_test_indices.npy,node,0.0,True,energy,128.0,0.8,False,1e-05,50,2,hirshfeld,False,64,False
bwtdpi3l,n2njum0o,swept-sweep-46,128.0,0.04058875888586044,0.4396615619289464,0.4083119142056046,0.4004428472967506,,,0.001,48,48.0,True,False,123,2.5,,0.0,yuri,torchchem_v1,test:data/yuri/splits/fold_0_test_indices.npy,both,0.1,True,vector,128.0,0.8,False,0.0,10,3,gap,False,48,False
b44ki8qy,fdjuxx0p,celestial-sweep-33,128.0,0.07430562376976013,0.23871642286921368,0.9767694788744994,0.9522099474330744,,,0.001,48,48.0,True,False,123,2.5,,0.0,yuri,torchchem_v1,test:data/yuri/splits/fold_0_test_indices.npy,node,0.1,True,vector,128.0,0.8,False,1e-05,25,3,HOMO,False,32,False
9bglgdul,ehysb74i,eternal-sweep-42,128.0,0.07253371179103851,0.3506095152476738,0.18588138884529629,0.16299399553954877,,,0.001,16,16.0,True,False,123,5.0,,0.0,yuri,torchchem_v1,test:data/yuri/splits/fold_0_test_indices.npy,both,0.1,True,energy,128.0,0.8,False,0.0001,50,3,N_FOD,False,48,False
k57awo3u,n2njum0o,colorful-sweep-45,128.0,0.06520695984363556,0.4467968154570152,0.40354539519762633,0.3892410584389749,,,0.001,48,64.0,True,False,123,2.5,,0.0,yuri,torchchem_v1,test:data/yuri/splits/fold_0_test_indices.npy,node,0.1,True,vector,128.0,0.8,False,1e-05,50,3,gap,False,32,False
095cyoni,s0fn667a,celestial-sweep-41,128.0,0.01263069175183773,0.1349142698635315,0.034795289457121306,0.03325787587592906,,,0.0005,64,64.0,True,False,123,2.5,,0.0,yuri,torchchem_v1,test:data/yuri/splits/fold_0_test_indices.npy,node,0.05,True,energy,128.0,0.8,False,0.0001,50,2,hirshfeld,False,64,False
jhf850e5,fdjuxx0p,sweet-sweep-32,128.0,0.06020110100507736,0.24344626036954337,0.9927613315492364,0.8972425796079693,,,0.001,64,32.0,True,False,123,2.5,,0.0,yuri,torchchem_v1,test:data/yuri/splits/fold_0_test_indices.npy,node,0.1,True,vector,128.0,0.8,False,1e-05,50,3,HOMO,False,64,False
fly4h4h7,y1ka3fj5,lucky-sweep-27,128.0,0.031448908150196075,0.35030250700897186,2.066576510349824,1.9360123339680075,,,0.0005,64,16.0,True,False,123,10.0,,0.0,yuri,torchchem_v1,test:data/yuri/splits/fold_0_test_indices.npy,node,0.05,True,vector,128.0,0.8,False,1e-05,50,3,dipole_moment_Debye,False,64,False
lpb9e1kj,s0fn667a,winter-sweep-40,128.0,0.053346432745456696,0.14633122561820622,0.03825832044989221,0.03781294086448877,,,0.0001,32,64.0,True,False,123,2.5,,0.0,yuri,torchchem_v1,test:data/yuri/splits/fold_0_test_indices.npy,node,0.05,True,energy,128.0,0.8,False,1e-05,25,2,hirshfeld,False,64,False
xjjpnkwa,ehysb74i,cerulean-sweep-41,128.0,0.02508380077779293,0.24746773391962051,0.15159087169311616,0.14944598410942142,,,0.001,48,32.0,True,False,123,5.0,,0.0,yuri,torchchem_v1,test:data/yuri/splits/fold_0_test_indices.npy,both,0.0,True,energy,128.0,0.8,False,1e-05,50,3,N_FOD,False,32,False
iz3unm86,n2njum0o,earnest-sweep-44,128.0,0.013129204511642456,0.4900388003423296,0.4208369349068828,0.4066455129431468,,,0.0005,64,64.0,True,False,123,2.5,,0.0,yuri,torchchem_v1,test:data/yuri/splits/fold_0_test_indices.npy,both,0.05,True,energy,128.0,0.8,False,0.0001,10,3,gap,False,32,False
17gpayte,fdjuxx0p,vocal-sweep-31,128.0,0.05914543569087982,0.2538502024936265,1.0480120338403858,1.046823153952725,,,0.001,64,48.0,True,False,123,5.0,,0.0,yuri,torchchem_v1,test:data/yuri/splits/fold_0_test_indices.npy,both,0.1,True,vector,128.0,0.8,False,1e-05,50,2,HOMO,False,64,False
mi9n7aqk,s0fn667a,elated-sweep-39,128.0,0.00214047241024673,0.1400270776758934,0.033940852666315253,0.031937943282558945,,,0.001,64,64.0,True,False,123,2.5,,0.0,yuri,torchchem_v1,test:data/yuri/splits/fold_0_test_indices.npy,node,0.0,True,energy,128.0,0.8,False,1e-05,25,3,hirshfeld,False,48,False
6cvdhhtm,n2njum0o,light-sweep-43,128.0,0.067828468978405,0.4558511647427904,0.4168351364883427,0.400520002964086,,,0.001,48,64.0,True,False,123,2.5,,0.0,yuri,torchchem_v1,test:data/yuri/splits/fold_0_test_indices.npy,both,0.1,True,energy,128.0,0.8,False,1e-05,10,3,gap,False,48,False
7pnwsfr7,ehysb74i,drawn-sweep-40,128.0,0.052405945956707,0.3055926200387807,0.1695197782282949,0.1619705739872718,,,0.001,64,16.0,True,False,123,5.0,,0.0,yuri,torchchem_v1,test:data/yuri/splits/fold_0_test_indices.npy,both,0.0,True,energy,128.0,0.8,False,0.0001,50,3,N_FOD,False,32,False
fk46rk5c,y1ka3fj5,celestial-sweep-26,128.0,0.10057392716407776,0.5286476193317051,2.572859317030019,2.3501104752210256,,,0.0001,64,32.0,True,False,123,10.0,,0.0,yuri,torchchem_v1,test:data/yuri/splits/fold_0_test_indices.npy,node,0.0,True,vector,128.0,0.8,False,1e-05,50,3,dipole_moment_Debye,False,64,False
evsjjhk2,n2njum0o,ethereal-sweep-42,128.0,0.06350362300872803,0.4454171495704815,0.4153431423795118,0.3976226854417949,,,0.001,64,64.0,True,False,123,2.5,,0.0,yuri,torchchem_v1,test:data/yuri/splits/fold_0_test_indices.npy,both,0.1,True,vector,128.0,0.8,False,1e-05,10,3,gap,False,48,False
22rcgp95,fdjuxx0p,upbeat-sweep-30,128.0,0.14856408536434174,0.24135023972083783,1.0205389422684026,1.017529339071158,,,0.001,64,32.0,True,False,123,5.0,,0.0,yuri,torchchem_v1,test:data/yuri/splits/fold_0_test_indices.npy,both,0.1,True,vector,128.0,0.8,False,1e-05,10,3,HOMO,False,64,False
ss4aj1jo,yi37j58p,dry-sweep-38,128.0,0.011574151925742626,0.06864358285634682,10.336628744175991,9.7283797808716,,,0.001,48,48.0,True,False,123,2.5,,0.0,yuri,torchchem_v1,test:data/yuri/splits/fold_0_test_indices.npy,node,0.0,True,vector,128.0,0.8,False,1e-05,25,2,splitting,False,48,False
litzyxms,s0fn667a,gallant-sweep-38,128.0,0.0017963505815714598,0.14826799607996283,0.03185718606575714,0.030769375195014215,,,0.001,48,64.0,True,False,123,2.5,,0.0,yuri,torchchem_v1,test:data/yuri/splits/fold_0_test_indices.npy,both,0.0,True,energy,128.0,0.8,False,1e-05,25,3,hirshfeld,False,48,False
m8neku48,yi37j58p,denim-sweep-37,128.0,0.0016460618935525415,0.06824705908717267,9.668975404054516,9.372507275693122,,,0.001,64,16.0,True,False,123,10.0,,0.0,yuri,torchchem_v1,test:data/yuri/splits/fold_0_test_indices.npy,node,0.0,True,vector,128.0,0.8,False,1e-05,10,3,splitting,False,64,False
sxyr8137,fdjuxx0p,serene-sweep-29,128.0,0.18912139534950256,0.2684413473410853,1.1036662542689963,1.0572814257665453,,,0.001,48,64.0,True,False,123,2.5,,0.0,yuri,torchchem_v1,test:data/yuri/splits/fold_0_test_indices.npy,both,0.1,True,vector,128.0,0.8,False,0.0001,25,2,HOMO,False,64,False
xegfph3x,n2njum0o,noble-sweep-41,128.0,0.05446894094347954,0.38262309956139534,0.3868091520094912,0.3763976313152273,,,0.001,64,64.0,True,False,123,2.5,,0.0,yuri,torchchem_v1,test:data/yuri/splits/fold_0_test_indices.npy,node,0.1,True,vector,128.0,0.8,False,1e-05,10,3,gap,False,64,False
0rwnnpak,ehysb74i,dulcet-sweep-39,128.0,0.07675838470458984,0.277513124562543,0.16279260403158372,0.1588101224359248,,,0.001,48,16.0,True,False,123,10.0,,0.0,yuri,torchchem_v1,test:data/yuri/splits/fold_0_test_indices.npy,both,0.05,True,energy,128.0,0.8,False,1e-05,25,3,N_FOD,False,48,False
3jzzlp7e,s0fn667a,cool-sweep-37,128.0,0.01085234060883522,0.1148480945587929,0.03021242185353706,0.028346177607472097,,,0.001,48,64.0,True,False,123,2.5,,0.0,yuri,torchchem_v1,test:data/yuri/splits/fold_0_test_indices.npy,node,0.0,True,energy,128.0,0.8,False,1e-05,25,3,hirshfeld,False,48,False
9xk8jz3j,y1ka3fj5,sage-sweep-25,128.0,0.017842842265963554,0.303335678731573,1.980203106748752,1.84001548641323,,,0.001,64,48.0,True,False,123,10.0,,0.0,yuri,torchchem_v1,test:data/yuri/splits/fold_0_test_indices.npy,both,0.05,True,vector,128.0,0.8,False,1e-05,50,3,dipole_moment_Debye,False,64,False
viklwv77,yi37j58p,denim-sweep-36,128.0,0.007680374663323164,0.053330043041757466,9.023560327961246,8.812894338064098,,,0.0005,64,16.0,True,False,123,5.0,,0.0,yuri,torchchem_v1,test:data/yuri/splits/fold_0_test_indices.npy,node,0.05,True,vector,128.0,0.8,False,1e-05,10,3,splitting,False,64,False
s21gevwc,ehysb74i,easy-sweep-38,128.0,0.06828032433986664,0.2652389814370665,0.16396236507302317,0.15416887151774286,,,0.001,48,16.0,True,False,123,2.5,,0.0,yuri,torchchem_v1,test:data/yuri/splits/fold_0_test_indices.npy,both,0.0,True,energy,128.0,0.8,False,0.001,50,2,N_FOD,False,64,False
ov6sdfqy,n2njum0o,bumbling-sweep-40,128.0,0.08849387615919113,0.5061074174169836,0.4416272013869774,0.4037064254902843,,,0.001,64,64.0,True,False,123,2.5,,0.0,yuri,torchchem_v1,test:data/yuri/splits/fold_0_test_indices.npy,both,0.1,True,energy,128.0,0.8,False,0.0001,10,3,gap,False,64,False
mihugoih,s0fn667a,desert-sweep-36,128.0,0.0044705686159431934,0.13727627383095437,0.03398614970324253,0.032801300673040795,,,0.001,64,64.0,True,False,123,2.5,,0.0,yuri,torchchem_v1,test:data/yuri/splits/fold_0_test_indices.npy,node,0.0,True,energy,128.0,0.8,False,0.0001,50,2,hirshfeld,False,32,False
ws5eene0,fdjuxx0p,mild-sweep-28,128.0,0.026037897914648056,0.34249905445452394,1.2710429522612348,1.1449164580107551,,,0.001,64,32.0,True,False,123,10.0,,0.0,yuri,torchchem_v1,test:data/yuri/splits/fold_0_test_indices.npy,both,0.1,True,vector,128.0,0.8,False,1e-05,10,3,HOMO,False,32,False
xxlo3nct,ehysb74i,wobbly-sweep-37,128.0,0.032272838056087494,0.24210157348164196,0.15416355649450816,0.14306379479299372,,,0.001,32,16.0,True,False,123,5.0,,0.0,yuri,torchchem_v1,test:data/yuri/splits/fold_0_test_indices.npy,both,0.05,True,energy,128.0,0.8,False,1e-05,25,3,N_FOD,False,48,False
j5ifz12h,yi37j58p,silvery-sweep-35,128.0,0.003106240648776293,0.05494972700574275,9.41541394181447,9.06947246341328,,,0.0005,64,16.0,True,False,123,5.0,,0.0,yuri,torchchem_v1,test:data/yuri/splits/fold_0_test_indices.npy,node,0.0,True,vector,128.0,0.8,False,1e-05,10,2,splitting,False,64,False
t28ufjiq,n2njum0o,dashing-sweep-39,128.0,0.32393404841423035,0.46669935460748346,0.4331242522734493,0.39984297231480453,,,0.001,64,48.0,True,False,123,2.5,,0.0,yuri,torchchem_v1,test:data/yuri/splits/fold_0_test_indices.npy,both,0.05,True,energy,128.0,0.8,False,0.001,10,3,gap,False,64,False
7f0z5evq,s0fn667a,fiery-sweep-35,128.0,0.028554152697324753,0.14394702659598713,0.03558511827201569,0.034515556950509424,,,0.001,48,48.0,True,False,123,2.5,,0.0,yuri,torchchem_v1,test:data/yuri/splits/fold_0_test_indices.npy,node,0.05,True,energy,128.0,0.8,False,0.0001,50,2,hirshfeld,False,64,False
bdjvfjk9,y1ka3fj5,giddy-sweep-24,128.0,0.021266929805278775,0.28849087950998337,1.972480234862006,1.87676334491608,,,0.001,64,64.0,True,False,123,10.0,,0.0,yuri,torchchem_v1,test:data/yuri/splits/fold_0_test_indices.npy,both,0.0,True,vector,128.0,0.8,False,1e-05,50,3,dipole_moment_Debye,False,64,False
77q68mqt,s0fn667a,avid-sweep-34,128.0,0.0038266368210315704,0.14155371821132198,0.03373282094543084,0.032451813664947746,,,0.0005,48,64.0,True,False,123,2.5,,0.0,yuri,torchchem_v1,test:data/yuri/splits/fold_0_test_indices.npy,node,0.0,True,energy,128.0,0.8,False,0.0001,50,2,hirshfeld,False,48,False
fevcjk94,fdjuxx0p,northern-sweep-27,128.0,0.02621171995997429,0.2539201783465928,1.0250524816177309,0.9621782348642154,,,0.001,64,64.0,True,False,123,2.5,,0.0,yuri,torchchem_v1,test:data/yuri/splits/fold_0_test_indices.npy,node,0.1,True,vector,128.0,0.8,False,1e-05,25,3,HOMO,False,48,False
kd8qfpno,n2njum0o,charmed-sweep-38,128.0,0.034383513033390045,0.5203706313823832,0.43282098956904697,0.4133450645760405,,,0.0005,64,32.0,True,False,123,2.5,,0.0,yuri,torchchem_v1,test:data/yuri/splits/fold_0_test_indices.npy,both,0.1,True,energy,128.0,0.8,False,1e-05,10,3,gap,False,64,False
60x2w8rk,yi37j58p,rosy-sweep-34,128.0,0.004793925676494837,0.061666375186679695,9.48448293914602,9.236830057278311,,,0.0005,64,16.0,True,False,123,2.5,,0.0,yuri,torchchem_v1,test:data/yuri/splits/fold_0_test_indices.npy,node,0.0,True,vector,128.0,0.8,False,1e-05,25,3,splitting,False,32,False
77dx995u,ehysb74i,clean-sweep-36,128.0,0.1927296668291092,0.2972645941993286,0.16776804106804494,0.16505920465807125,,,0.0001,64,16.0,True,False,123,5.0,,0.0,yuri,torchchem_v1,test:data/yuri/splits/fold_0_test_indices.npy,both,0.0,True,energy,128.0,0.8,False,0.001,50,3,N_FOD,False,32,False
6u47h5q9,n2njum0o,genial-sweep-37,128.0,0.007677420042455196,0.5168642632920166,0.4458047389550808,0.4265675726761671,,,0.001,64,64.0,True,False,123,2.5,,0.0,yuri,torchchem_v1,test:data/yuri/splits/fold_0_test_indices.npy,both,0.0,True,energy,128.0,0.8,False,1e-05,25,3,gap,False,16,False
g9n3flnt,yi37j58p,major-sweep-33,128.0,0.005836763884872198,0.06285565134523244,10.122923229240175,9.397695882702262,,,0.001,48,48.0,True,False,123,2.5,,0.0,yuri,torchchem_v1,test:data/yuri/splits/fold_0_test_indices.npy,node,0.0,True,vector,128.0,0.8,False,1e-05,25,3,splitting,False,64,False
g8fw0ukn,fdjuxx0p,snowy-sweep-26,128.0,0.37336665391922,0.3443899180354743,1.2917167206402285,1.162070625200525,,,0.001,48,64.0,True,False,123,10.0,,0.0,yuri,torchchem_v1,test:data/yuri/splits/fold_0_test_indices.npy,both,0.1,True,vector,128.0,0.8,False,1e-05,10,2,HOMO,False,32,False
cuxx1rzg,s0fn667a,classic-sweep-33,128.0,0.031370460987091064,0.13068042933170138,0.032821452531527025,0.03267727830970647,,,0.001,64,48.0,True,False,123,2.5,,0.0,yuri,torchchem_v1,test:data/yuri/splits/fold_0_test_indices.npy,both,0.05,True,energy,128.0,0.8,False,1e-05,50,3,hirshfeld,False,64,False
35v4e5v2,ehysb74i,morning-sweep-35,128.0,0.0457591637969017,0.24874310837737448,0.1525537988871078,0.1397656011477396,,,0.001,48,16.0,True,False,123,2.5,,0.0,yuri,torchchem_v1,test:data/yuri/splits/fold_0_test_indices.npy,both,0.05,True,energy,128.0,0.8,False,1e-05,25,3,N_FOD,False,48,False
78ce6001,y1ka3fj5,snowy-sweep-23,128.0,0.025423165410757065,0.3517920883565113,2.098611168583175,1.974236765334144,,,0.001,64,32.0,True,False,123,10.0,,0.0,yuri,torchchem_v1,test:data/yuri/splits/fold_0_test_indices.npy,both,0.0,True,vector,128.0,0.8,False,1e-05,50,3,dipole_moment_Debye,False,48,False
barxl21f,n2njum0o,magic-sweep-36,128.0,0.02310902625322342,0.5100964960353128,0.4397437533179981,0.41193279916692,,,0.0005,64,64.0,True,False,123,2.5,,0.0,yuri,torchchem_v1,test:data/yuri/splits/fold_0_test_indices.npy,both,0.1,True,energy,128.0,0.8,False,1e-05,25,3,gap,False,48,False
8vbdcjzi,s0fn667a,expert-sweep-32,128.0,0.018496263772249225,0.14732960110594487,0.03607887243724387,0.03178884400991979,,,0.001,64,32.0,True,False,123,2.5,,0.0,yuri,torchchem_v1,test:data/yuri/splits/fold_0_test_indices.npy,node,0.1,True,energy,128.0,0.8,False,1e-05,25,2,hirshfeld,False,64,False
v0nx1il4,yi37j58p,astral-sweep-32,128.0,0.005791698582470417,0.055289861224270584,9.117108242500452,8.701758441640756,,,0.0005,64,48.0,True,False,123,5.0,,0.0,yuri,torchchem_v1,test:data/yuri/splits/fold_0_test_indices.npy,node,0.0,True,vector,128.0,0.8,False,1e-05,10,3,splitting,False,32,False
ot5wl50h,fdjuxx0p,dainty-sweep-25,128.0,0.15779782831668854,0.2853800794430848,1.127725818130012,1.1247156104270013,,,0.0005,48,16.0,True,False,123,10.0,,0.0,yuri,torchchem_v1,test:data/yuri/splits/fold_0_test_indices.npy,both,0.1,True,vector,128.0,0.8,False,1e-05,10,3,HOMO,False,32,False
m1wa2nlt,ehysb74i,fallen-sweep-34,128.0,0.01731352135539055,0.26764870049624606,0.1632820577984524,0.15031525149262653,,,0.001,64,32.0,True,False,123,5.0,,0.0,yuri,torchchem_v1,test:data/yuri/splits/fold_0_test_indices.npy,both,0.0,True,energy,128.0,0.8,False,0.0001,50,3,N_FOD,False,32,False
ww6nxwe2,n2njum0o,misunderstood-sweep-35,128.0,0.1337452530860901,0.5835272459120586,0.47599743765686503,0.4346201821457646,,,0.0001,64,16.0,True,False,123,2.5,,0.0,yuri,torchchem_v1,test:data/yuri/splits/fold_0_test_indices.npy,both,0.0,True,energy,128.0,0.8,False,0.0001,10,3,gap,False,16,False
allry4gk,s0fn667a,ethereal-sweep-31,128.0,0.020540092140436172,0.12739756786874656,0.03357555333575036,0.03228676285288431,,,0.0005,64,48.0,True,False,123,2.5,,0.0,yuri,torchchem_v1,test:data/yuri/splits/fold_0_test_indices.npy,node,0.1,True,energy,128.0,0.8,False,0.0,50,2,hirshfeld,False,64,False
p3zrbr2j,yi37j58p,toasty-sweep-31,128.0,0.0014946331502869723,0.06577780110568836,9.498777854431657,9.058904842703363,,,0.001,48,16.0,True,False,123,2.5,,0.0,yuri,torchchem_v1,test:data/yuri/splits/fold_0_test_indices.npy,node,0.0,True,vector,128.0,0.8,False,1e-05,25,2,splitting,False,64,False
bjymm9qu,y1ka3fj5,young-sweep-22,128.0,0.2238144725561142,0.5965341848546061,2.8186606004474895,2.646460669145215,,,0.001,64,16.0,True,False,123,10.0,,0.0,yuri,torchchem_v1,test:data/yuri/splits/fold_0_test_indices.npy,node,0.05,True,energy,128.0,0.8,False,0.001,50,3,dipole_moment_Debye,False,64,False
01ujkl7z,ehysb74i,stilted-sweep-33,128.0,0.022893572226166725,0.22853496426652217,0.14975399630825156,0.15047791412913522,,,0.001,32,16.0,True,False,123,5.0,,0.0,yuri,torchchem_v1,test:data/yuri/splits/fold_0_test_indices.npy,both,0.0,True,energy,128.0,0.8,False,0.0001,25,3,N_FOD,False,32,False
0dp72qve,fdjuxx0p,golden-sweep-24,128.0,0.07306273281574249,0.27076680193944225,1.114208688124048,1.0798514090119824,,,0.0005,48,64.0,True,False,123,5.0,,0.0,yuri,torchchem_v1,test:data/yuri/splits/fold_0_test_indices.npy,both,0.1,True,vector,128.0,0.8,False,1e-05,25,3,HOMO,False,64,False
giqle2p6,n2njum0o,northern-sweep-34,128.0,0.060748618096113205,0.45980103596531113,0.4181933852465351,0.3955076744272293,,,0.001,64,32.0,True,False,123,2.5,,0.0,yuri,torchchem_v1,test:data/yuri/splits/fold_0_test_indices.npy,both,0.1,True,vector,128.0,0.8,False,1e-05,25,3,gap,False,32,False
ugbqi2ad,s0fn667a,royal-sweep-30,128.0,0.01432829163968563,0.12705803167974128,0.034411897652138874,0.03118543618132637,,,0.001,64,48.0,True,False,123,2.5,,0.0,yuri,torchchem_v1,test:data/yuri/splits/fold_0_test_indices.npy,node,0.1,True,energy,128.0,0.8,False,0.0001,25,3,hirshfeld,False,64,False
fh2nbzvf,yi37j58p,restful-sweep-30,128.0,0.003988337703049183,0.07381741978741925,9.985590903417515,9.462898686314812,,,0.001,64,64.0,True,False,123,2.5,,0.0,yuri,torchchem_v1,test:data/yuri/splits/fold_0_test_indices.npy,node,0.0,True,vector,128.0,0.8,False,1e-05,50,2,splitting,False,48,False
xvc5i3r5,n2njum0o,hearty-sweep-33,128.0,0.04405147582292557,0.4913288876414299,0.435689941434187,0.4059065505052504,,,0.001,64,48.0,True,False,123,2.5,,0.0,yuri,torchchem_v1,test:data/yuri/splits/fold_0_test_indices.npy,node,0.05,True,energy,128.0,0.8,False,1e-05,10,3,gap,False,64,False
eu22ihw7,ehysb74i,crimson-sweep-32,128.0,0.0071760667487978935,0.27056662892473154,0.1634695548455401,0.1562937990536333,,,0.001,48,32.0,True,False,123,5.0,,0.0,yuri,torchchem_v1,test:data/yuri/splits/fold_0_test_indices.npy,both,0.05,True,energy,128.0,0.8,False,1e-05,50,3,N_FOD,False,64,False
60xqm9lp,s0fn667a,happy-sweep-29,128.0,0.004866412375122309,0.1454876591612039,0.03428978868481302,0.031739195048083105,,,0.001,64,48.0,True,False,123,2.5,,0.0,yuri,torchchem_v1,test:data/yuri/splits/fold_0_test_indices.npy,node,0.05,True,energy,128.0,0.8,False,1e-05,10,2,hirshfeld,False,64,False
e920wda2,fdjuxx0p,lunar-sweep-23,128.0,0.10922089964151382,0.27554565494687394,1.1332213471656474,1.1110715696206033,,,0.0005,64,48.0,True,False,123,10.0,,0.0,yuri,torchchem_v1,test:data/yuri/splits/fold_0_test_indices.npy,both,0.1,True,vector,128.0,0.8,False,1e-05,10,2,HOMO,False,64,False
60e9d9d9,yi37j58p,crimson-sweep-29,128.0,0.008217382244765759,0.06512973907178846,9.957348575591224,9.419028795912345,,,0.0005,64,16.0,True,False,123,5.0,,0.0,yuri,torchchem_v1,test:data/yuri/splits/fold_0_test_indices.npy,node,0.0,True,vector,128.0,0.8,False,1e-05,50,2,splitting,False,64,False
vd4y3i3t,y1ka3fj5,colorful-sweep-21,128.0,0.006735644768923521,0.2655477799989026,1.853736869336795,1.8296616103294383,,,0.001,64,16.0,True,False,123,10.0,,0.0,yuri,torchchem_v1,test:data/yuri/splits/fold_0_test_indices.npy,node,0.0,True,vector,128.0,0.8,False,1e-05,25,3,dipole_moment_Debye,False,64,False
1jzbnzbw,ehysb74i,worthy-sweep-31,128.0,0.2695354223251343,0.3206206549858225,0.17303995958043628,0.16676293843132722,,,0.001,16,16.0,True,False,123,2.5,,0.0,yuri,torchchem_v1,test:data/yuri/splits/fold_0_test_indices.npy,both,0.0,True,vector,128.0,0.8,False,0.001,25,3,N_FOD,False,32,False
4yuhtqf3,s0fn667a,pretty-sweep-28,128.0,0.0013804074842482803,0.126143559171208,0.0316305334636205,0.030117046968341336,,,0.001,48,64.0,True,False,123,2.5,,0.0,yuri,torchchem_v1,test:data/yuri/splits/fold_0_test_indices.npy,node,0.0,True,energy,128.0,0.8,False,1e-05,50,2,hirshfeld,False,64,False
ac1iapva,n2njum0o,ruby-sweep-32,128.0,0.07947669923305511,0.533030721647986,0.45392376131842543,0.4331215824668138,,,0.001,64,64.0,True,False,123,5.0,,0.0,yuri,torchchem_v1,test:data/yuri/splits/fold_0_test_indices.npy,both,0.0,True,energy,128.0,0.8,False,0.0001,10,3,gap,False,64,False
eron7kv6,yi37j58p,devout-sweep-28,128.0,0.030420556664466854,0.06702646044693117,10.680037639054394,10.696974413496283,,,0.001,64,48.0,True,False,123,5.0,,0.0,yuri,torchchem_v1,test:data/yuri/splits/fold_0_test_indices.npy,node,0.0,True,vector,128.0,0.8,False,0.001,25,2,splitting,False,64,False
j6a9so9u,y1ka3fj5,clean-sweep-20,128.0,0.03691035136580467,0.4592282299337716,2.401534335470928,2.191240516975894,,,0.001,16,48.0,True,False,123,10.0,,0.0,yuri,torchchem_v1,test:data/yuri/splits/fold_0_test_indices.npy,node,0.0,True,vector,128.0,0.8,False,1e-05,25,3,dipole_moment_Debye,False,64,False
hf8thwj0,fdjuxx0p,iconic-sweep-22,128.0,0.09270739555358888,0.301411637458308,1.1756030541766789,1.1334998582321294,,,0.0005,64,32.0,True,False,123,10.0,,0.0,yuri,torchchem_v1,test:data/yuri/splits/fold_0_test_indices.npy,both,0.1,True,vector,128.0,0.8,False,1e-05,10,2,HOMO,False,48,False
zhacybw1,ehysb74i,fragrant-sweep-30,128.0,0.1003490760922432,0.27615452249502315,0.1682000620882966,0.1536836505860002,,,0.001,32,16.0,True,False,123,5.0,,0.0,yuri,torchchem_v1,test:data/yuri/splits/fold_0_test_indices.npy,both,0.0,True,energy,128.0,0.8,False,0.001,50,3,N_FOD,False,48,False
h6xs8yuz,s0fn667a,devoted-sweep-27,128.0,0.015431837178766727,0.14935637265443802,0.033955261769707736,0.031739230391777604,,,0.001,48,64.0,True,False,123,2.5,,0.0,yuri,torchchem_v1,test:data/yuri/splits/fold_0_test_indices.npy,node,0.1,True,energy,128.0,0.8,False,1e-05,50,3,hirshfeld,False,48,False
lqhvl1h6,n2njum0o,northern-sweep-31,128.0,0.0204613097012043,0.45683823962663783,0.4239171433211852,0.3986120514862293,,,0.0005,48,64.0,True,False,123,2.5,,0.0,yuri,torchchem_v1,test:data/yuri/splits/fold_0_test_indices.npy,both,0.05,True,energy,128.0,0.8,False,1e-05,10,3,gap,False,48,False
67yh10a8,yi37j58p,divine-sweep-27,128.0,0.013736630789935589,0.06682823322199542,9.944154424333744,9.638917021969272,,,0.001,48,64.0,True,False,123,10.0,,0.0,yuri,torchchem_v1,test:data/yuri/splits/fold_0_test_indices.npy,node,0.05,True,vector,128.0,0.8,False,1e-05,50,3,splitting,False,64,False
xywex70p,y1ka3fj5,legendary-sweep-19,128.0,0.016787946224212646,0.36416245842802114,2.166583773492601,2.017225384669327,,,0.001,48,16.0,True,False,123,10.0,,0.0,yuri,torchchem_v1,test:data/yuri/splits/fold_0_test_indices.npy,node,0.0,True,energy,128.0,0.8,False,0.0001,50,3,dipole_moment_Debye,False,48,False
dtu9uzg0,ehysb74i,summer-sweep-29,128.0,0.24150295555591583,0.5547074192556841,0.25174593400087963,0.16393137044857614,,,0.001,64,16.0,True,False,123,5.0,,0.0,yuri,torchchem_v1,test:data/yuri/splits/fold_0_test_indices.npy,both,0.05,True,energy,128.0,0.8,False,0.0001,25,3,N_FOD,False,64,False
d8qxyg52,s0fn667a,restful-sweep-26,128.0,0.011823441833257675,0.1289122118775187,0.03416281724360976,0.031068691828767012,,,0.001,64,64.0,True,False,123,2.5,,0.0,yuri,torchchem_v1,test:data/yuri/splits/fold_0_test_indices.npy,node,0.1,True,energy,128.0,0.8,False,0.0001,50,3,hirshfeld,False,64,False
49q962gb,fdjuxx0p,dutiful-sweep-21,128.0,0.11776229739189148,0.30027327224098405,1.2182712986068978,1.1566892794631758,,,0.0005,48,48.0,True,False,123,10.0,,0.0,yuri,torchchem_v1,test:data/yuri/splits/fold_0_test_indices.npy,both,0.05,True,vector,128.0,0.8,False,0.0001,10,3,HOMO,False,48,False
sf3b7t2f,n2njum0o,polar-sweep-30,128.0,0.21852535009384155,0.470219142991921,0.430068364518348,0.3898937298024191,,,0.001,64,48.0,True,False,123,2.5,,0.0,yuri,torchchem_v1,test:data/yuri/splits/fold_0_test_indices.npy,both,0.1,True,energy,128.0,0.8,False,0.0001,10,3,gap,False,32,False
5dlvh2xb,yi37j58p,young-sweep-26,128.0,0.0024214549921453,0.07394742259177668,10.594665119364482,9.753404849680544,,,0.0005,48,32.0,True,False,123,2.5,,0.0,yuri,torchchem_v1,test:data/yuri/splits/fold_0_test_indices.npy,node,0.0,True,vector,128.0,0.8,False,1e-05,10,2,splitting,False,16,False
5otcbcs3,s0fn667a,crisp-sweep-25,128.0,0.013275960460305214,0.13000803130903635,0.03260847529768508,0.03218769455161352,,,0.001,48,64.0,True,False,123,2.5,,0.0,yuri,torchchem_v1,test:data/yuri/splits/fold_0_test_indices.npy,node,0.05,True,energy,128.0,0.8,False,0.0001,25,2,hirshfeld,False,48,False
we27af6c,ehysb74i,toasty-sweep-28,128.0,0.014966685324907305,0.27364622095021707,0.1590840860333133,0.15505121870988667,,,0.001,64,16.0,True,False,123,2.5,,0.0,yuri,torchchem_v1,test:data/yuri/splits/fold_0_test_indices.npy,both,0.05,True,energy,128.0,0.8,False,0.0001,50,3,N_FOD,False,64,False
vtu01ecj,n2njum0o,sage-sweep-29,128.0,0.026982292532920837,0.4694520566484024,0.4214180132539356,0.4153168999413278,,,0.001,64,16.0,True,False,123,2.5,,0.0,yuri,torchchem_v1,test:data/yuri/splits/fold_0_test_indices.npy,node,0.05,True,energy,128.0,0.8,False,1e-05,25,3,gap,False,32,False
zn80xc9b,fdjuxx0p,vague-sweep-20,128.0,0.7967807054519653,0.4516404990492196,1.410847633041284,1.4128405899078589,,,0.0001,16,32.0,True,False,123,10.0,,0.0,yuri,torchchem_v1,test:data/yuri/splits/fold_0_test_indices.npy,both,0.05,True,vector,128.0,0.8,False,1e-05,25,3,HOMO,False,48,False
r24l3a8t,y1ka3fj5,absurd-sweep-18,128.0,0.46825459599494934,0.46865672797992314,2.5804595783813236,2.114895687270102,,,0.0001,48,16.0,True,False,123,10.0,,0.0,yuri,torchchem_v1,test:data/yuri/splits/fold_0_test_indices.npy,node,0.0,True,energy,128.0,0.8,False,0.0001,50,3,dipole_moment_Debye,False,48,False
2ba1gmvl,s0fn667a,fancy-sweep-24,128.0,0.008843256160616875,0.14097907195060416,0.0334792900960944,0.030849430039596615,,,0.001,48,64.0,True,False,123,2.5,,0.0,yuri,torchchem_v1,test:data/yuri/splits/fold_0_test_indices.npy,node,0.0,True,energy,128.0,0.8,False,0.0001,50,2,hirshfeld,False,64,False
meovzsf1,yi37j58p,dazzling-sweep-25,128.0,0.0036952118389308457,0.06087797324590642,9.796933149295649,9.402960201297535,,,0.0005,48,64.0,True,False,123,5.0,,0.0,yuri,torchchem_v1,test:data/yuri/splits/fold_0_test_indices.npy,node,0.0,True,vector,128.0,0.8,False,1e-05,25,3,splitting,False,48,False
5k87lyqn,ehysb74i,resilient-sweep-27,128.0,0.01152840442955494,0.2156230517630947,0.14716218095021882,0.1459483910683744,,,0.001,48,16.0,True,False,123,2.5,,0.0,yuri,torchchem_v1,test:data/yuri/splits/fold_0_test_indices.npy,both,0.0,True,energy,128.0,0.8,False,0.0001,50,3,N_FOD,False,64,False
poh33k7t,n2njum0o,true-sweep-28,128.0,0.0016161503735929728,0.43243548813565025,0.39577166754890486,0.3843583517555138,,,0.001,64,48.0,True,False,123,2.5,,0.0,yuri,torchchem_v1,test:data/yuri/splits/fold_0_test_indices.npy,both,0.0,True,energy,128.0,0.8,False,1e-05,10,3,gap,False,48,False
kf7pgdgb,fdjuxx0p,revived-sweep-19,128.0,0.06528480350971222,0.29220241597243424,1.1968249954661574,1.1262380409144794,,,0.001,48,32.0,True,False,123,10.0,,0.0,yuri,torchchem_v1,test:data/yuri/splits/fold_0_test_indices.npy,both,0.1,True,vector,128.0,0.8,False,1e-05,50,3,HOMO,False,48,False
fzgi77wg,s0fn667a,treasured-sweep-23,128.0,0.042541760951280594,0.16135365888476372,0.039908116860131064,0.038731328089673264,,,0.001,64,48.0,True,False,123,2.5,,0.0,yuri,torchchem_v1,test:data/yuri/splits/fold_0_test_indices.npy,both,0.05,True,vector,128.0,0.8,False,0.0001,50,2,hirshfeld,False,48,False
v9oueky7,n2njum0o,zany-sweep-27,124.0,0.2778059244155884,0.5534765668984117,0.4543144344390476,0.426991163166902,,,0.001,64,16.0,True,False,123,2.5,,0.0,yuri,torchchem_v1,test:data/yuri/splits/fold_0_test_indices.npy,both,0.1,True,vector,128.0,0.8,False,0.0001,10,2,gap,False,16,False
a2n60gr2,ehysb74i,sandy-sweep-26,128.0,0.014069173485040665,0.23572033052814417,0.1502798831679479,0.14399024674215666,,,0.001,64,16.0,True,False,123,2.5,,0.0,yuri,torchchem_v1,test:data/yuri/splits/fold_0_test_indices.npy,both,0.0,True,energy,128.0,0.8,False,1e-05,50,3,N_FOD,False,32,False
y3ymwyl3,yi37j58p,dark-sweep-24,128.0,0.0017071671318262815,0.06420525205161037,9.677511470799908,9.337034708656924,,,0.0005,64,16.0,True,False,123,10.0,,0.0,yuri,torchchem_v1,test:data/yuri/splits/fold_0_test_indices.npy,node,0.0,True,vector,128.0,0.8,False,1e-05,10,2,splitting,False,64,False
9x2ggndo,y1ka3fj5,absurd-sweep-17,128.0,0.00788364838808775,0.30309376300408924,2.0029453405547,1.7977761761479465,,,0.001,64,16.0,True,False,123,10.0,,0.0,yuri,torchchem_v1,test:data/yuri/splits/fold_0_test_indices.npy,node,0.0,True,energy,128.0,0.8,False,0.0001,50,3,dipole_moment_Debye,False,64,False
ekjlofgk,s0fn667a,dainty-sweep-22,128.0,0.014871465042233469,0.12511606122656116,0.034322808624407716,0.03270015695282518,,,0.001,32,64.0,True,False,123,2.5,,0.0,yuri,torchchem_v1,test:data/yuri/splits/fold_0_test_indices.npy,node,0.05,True,vector,128.0,0.8,False,1e-05,25,2,hirshfeld,False,64,False
lj321nve,n2njum0o,fragrant-sweep-26,128.0,0.34293925762176514,0.5227104728591854,0.45466225940600785,0.4343122165445774,,,0.0005,16,32.0,True,False,123,2.5,,0.0,yuri,torchchem_v1,test:data/yuri/splits/fold_0_test_indices.npy,both,0.1,True,energy,128.0,0.8,False,1e-05,50,3,gap,False,16,False
i56v9iap,ehysb74i,lemon-sweep-25,128.0,0.008961129933595657,0.2552195443161603,0.15338519097687786,0.14424046542915664,,,0.0005,64,16.0,True,False,123,2.5,,0.0,yuri,torchchem_v1,test:data/yuri/splits/fold_0_test_indices.npy,both,0.05,True,energy,128.0,0.8,False,1e-05,25,3,N_FOD,False,48,False
k6scpxnl,fdjuxx0p,woven-sweep-18,128.0,0.03829728811979294,0.29952276440273073,1.1867877943777174,1.1582725500414073,,,0.001,48,48.0,True,False,123,10.0,,0.0,yuri,torchchem_v1,test:data/yuri/splits/fold_0_test_indices.npy,both,0.05,True,vector,128.0,0.8,False,1e-05,25,3,HOMO,False,48,False
xvko8fuh,yi37j58p,drawn-sweep-23,128.0,0.016228744760155678,0.07197002649050334,10.394912348351458,9.500961526251892,,,0.001,48,48.0,True,False,123,2.5,,0.0,yuri,torchchem_v1,test:data/yuri/splits/fold_0_test_indices.npy,node,0.05,True,vector,128.0,0.8,False,1e-05,10,2,splitting,False,48,False
c81phdx3,s0fn667a,robust-sweep-21,128.0,0.041141629219055176,0.13725526813931507,0.03373290517503541,0.03185059565725767,,,0.001,48,64.0,True,False,123,2.5,,0.0,yuri,torchchem_v1,test:data/yuri/splits/fold_0_test_indices.npy,node,0.05,True,energy,128.0,0.8,False,0.0001,50,3,hirshfeld,False,32,False
s6biu6x6,n2njum0o,stoic-sweep-25,128.0,0.04711051285266876,0.4168507269230382,0.39445072422975846,0.3906657508260873,,,0.001,64,48.0,True,False,123,2.5,,0.0,yuri,torchchem_v1,test:data/yuri/splits/fold_0_test_indices.npy,both,0.1,True,energy,128.0,0.8,False,0.0,25,3,gap,False,16,False
nzt9zvvr,ehysb74i,youthful-sweep-24,128.0,0.10325419902801514,0.2231322994519924,0.15164686546504424,0.15069975494920246,,,0.0005,64,16.0,True,False,123,2.5,,0.0,yuri,torchchem_v1,test:data/yuri/splits/fold_0_test_indices.npy,both,0.05,True,energy,128.0,0.8,False,0.001,50,3,N_FOD,False,32,False
guoi1btj,fdjuxx0p,jumping-sweep-17,128.0,0.015418894588947296,0.27878588656413145,1.188636545845848,1.0921174355054155,,,0.0005,32,32.0,True,False,123,10.0,,0.0,yuri,torchchem_v1,test:data/yuri/splits/fold_0_test_indices.npy,both,0.05,True,vector,128.0,0.8,False,1e-05,10,3,HOMO,False,32,False
u10juemf,y1ka3fj5,rich-sweep-16,128.0,0.008278599940240383,0.300180172098094,1.9682487215809248,1.8778688794477736,,,0.001,64,32.0,True,False,123,10.0,,0.0,yuri,torchchem_v1,test:data/yuri/splits/fold_0_test_indices.npy,node,0.0,True,energy,128.0,0.8,False,0.0001,50,3,dipole_moment_Debye,False,64,False
alwgpahp,n2njum0o,peach-sweep-24,128.0,0.08058565109968185,0.48122897435878886,0.43342131602576167,0.4122159814199528,,,0.001,32,64.0,True,False,123,2.5,,0.0,yuri,torchchem_v1,test:data/yuri/splits/fold_0_test_indices.npy,both,0.1,True,vector,128.0,0.8,False,1e-05,50,2,gap,False,16,False
zup6bmtd,yi37j58p,kind-sweep-22,128.0,0.0013524265959858894,0.04816768466141717,8.678540860062354,8.472214997560046,,,0.001,64,32.0,True,False,123,5.0,,0.0,yuri,torchchem_v1,test:data/yuri/splits/fold_0_test_indices.npy,node,0.0,True,vector,128.0,0.8,False,0.0,10,3,splitting,False,32,False
o9wljorh,s0fn667a,dark-sweep-20,128.0,0.018591133877635,0.11082886181900212,0.03133027088378737,0.031682678173939306,,,0.001,64,48.0,True,False,123,2.5,,0.0,yuri,torchchem_v1,test:data/yuri/splits/fold_0_test_indices.npy,both,0.1,True,energy,128.0,0.8,False,1e-05,25,3,hirshfeld,False,48,False
twwr4w3w,ehysb74i,winter-sweep-23,128.0,0.06561634689569473,0.4256727818785042,0.1967166673860874,0.1685595812366163,,,0.001,32,16.0,True,False,123,10.0,,0.0,yuri,torchchem_v1,test:data/yuri/splits/fold_0_test_indices.npy,both,0.0,True,energy,128.0,0.8,False,0.0001,50,3,N_FOD,False,64,False
3qpgy56k,n2njum0o,hearty-sweep-23,128.0,0.24445879459381104,0.4864532433707139,0.44456019123075224,0.424778424686206,,,0.0005,64,48.0,True,False,123,2.5,,0.0,yuri,torchchem_v1,test:data/yuri/splits/fold_0_test_indices.npy,both,0.1,True,vector,128.0,0.8,False,0.001,50,3,gap,False,16,False
tf5gpad3,yi37j58p,different-sweep-21,128.0,0.023354073986411095,0.06800884380936623,10.38112761730816,9.939968135280482,,,0.0005,32,32.0,True,False,123,10.0,,0.0,yuri,torchchem_v1,test:data/yuri/splits/fold_0_test_indices.npy,node,0.0,True,vector,128.0,0.8,False,0.0001,10,3,splitting,False,48,False
11lcqacq,y1ka3fj5,electric-sweep-15,128.0,0.029720034450292587,0.3792355040024067,2.2871198008126523,1.9862913523491013,,,0.001,48,32.0,True,False,123,10.0,,0.0,yuri,torchchem_v1,test:data/yuri/splits/fold_0_test_indices.npy,both,0.0,True,vector,128.0,0.8,False,1e-05,25,3,dipole_moment_Debye,False,48,False
qa1jqkf4,fdjuxx0p,colorful-sweep-16,128.0,0.066216841340065,0.37401156936740054,1.411600580804494,1.3242023765513686,,,0.001,48,32.0,True,False,123,10.0,,0.0,yuri,torchchem_v1,test:data/yuri/splits/fold_0_test_indices.npy,both,0.0,True,energy,128.0,0.8,False,1e-05,10,3,HOMO,False,48,False
okiyn3xu,s0fn667a,astral-sweep-19,128.0,0.03796912729740143,0.14531141577352738,0.036772471868021225,0.03356891006052469,,,0.001,64,64.0,True,False,123,2.5,,0.0,yuri,torchchem_v1,test:data/yuri/splits/fold_0_test_indices.npy,both,0.1,True,energy,128.0,0.8,False,0.0001,50,2,hirshfeld,False,64,False
lmugifob,ehysb74i,youthful-sweep-22,128.0,0.056302592158317566,0.3327392303738101,0.1824086586029106,0.15698506821415112,,,0.0005,32,16.0,True,False,123,10.0,,0.0,yuri,torchchem_v1,test:data/yuri/splits/fold_0_test_indices.npy,both,0.05,True,energy,128.0,0.8,False,1e-05,50,3,N_FOD,False,48,False
klpph0qp,n2njum0o,toasty-sweep-22,128.0,0.15445318818092346,0.5775501473710455,0.4618470114296169,0.4205548823791221,,,0.001,48,64.0,True,False,123,2.5,,0.0,yuri,torchchem_v1,test:data/yuri/splits/fold_0_test_indices.npy,both,0.1,True,energy,128.0,0.8,False,0.0001,25,3,gap,False,16,False
uqc66u48,yi37j58p,kind-sweep-20,128.0,0.014743607491254808,0.06246795591994606,9.87704785708376,9.700275948617827,,,0.001,48,16.0,True,False,123,5.0,,0.0,yuri,torchchem_v1,test:data/yuri/splits/fold_0_test_indices.npy,node,0.0,True,vector,128.0,0.8,False,0.0001,50,3,splitting,False,64,False
rp95v7xb,s0fn667a,sage-sweep-18,128.0,0.013135184533894062,0.12081219063236796,0.03305011875694895,0.03223328322982624,,,0.001,64,48.0,True,False,123,2.5,,0.0,yuri,torchchem_v1,test:data/yuri/splits/fold_0_test_indices.npy,node,0.05,True,energy,128.0,0.8,False,1e-05,25,3,hirshfeld,False,64,False
zt5pc4b9,n2njum0o,peach-sweep-21,128.0,0.1196085438132286,0.523036433191135,0.44101592407124746,0.4240531256939982,,,0.001,64,32.0,True,False,123,2.5,,0.0,yuri,torchchem_v1,test:data/yuri/splits/fold_0_test_indices.npy,both,0.05,True,vector,128.0,0.8,False,0.0001,50,3,gap,False,32,False
mxpaan64,fdjuxx0p,distinctive-sweep-15,128.0,0.0616987980902195,0.3107877265790413,1.3066509049026502,1.2422448203041467,,,0.001,32,16.0,True,False,123,10.0,,0.0,yuri,torchchem_v1,test:data/yuri/splits/fold_0_test_indices.npy,both,0.05,True,energy,128.0,0.8,False,1e-05,25,3,HOMO,False,48,False
gwngj0cl,y1ka3fj5,genial-sweep-14,128.0,0.00858408771455288,0.37976642338366345,2.2705895645626626,2.265549850305438,,,0.001,64,16.0,True,False,123,5.0,,0.0,yuri,torchchem_v1,test:data/yuri/splits/fold_0_test_indices.npy,both,0.0,True,vector,128.0,0.8,False,1e-05,50,3,dipole_moment_Debye,False,64,False
fi30hfgs,ehysb74i,soft-sweep-21,128.0,0.03213871270418167,0.22955067160314527,0.1536440838359923,0.14250642468973612,,,0.001,48,16.0,True,False,123,5.0,,0.0,yuri,torchchem_v1,test:data/yuri/splits/fold_0_test_indices.npy,both,0.05,True,energy,128.0,0.8,False,1e-05,50,3,N_FOD,False,48,False
3m76t1ed,yi37j58p,treasured-sweep-19,128.0,0.001969164237380028,0.06734807108496797,9.991608454975204,9.187938224382709,,,0.001,32,16.0,True,False,123,2.5,,0.0,yuri,torchchem_v1,test:data/yuri/splits/fold_0_test_indices.npy,node,0.0,True,vector,128.0,0.8,False,1e-05,10,2,splitting,False,48,False
l6e6h21h,n2njum0o,faithful-sweep-20,128.0,0.24216122925281525,0.6208450329200975,0.4662399032930348,0.4302203815139003,,,0.001,16,48.0,True,False,123,2.5,,0.0,yuri,torchchem_v1,test:data/yuri/splits/fold_0_test_indices.npy,both,0.0,True,vector,128.0,0.8,False,0.001,50,3,gap,False,16,False
nb25u3p6,s0fn667a,expert-sweep-17,128.0,0.003211511531844735,0.1352909048698072,0.03532840165366884,0.034117835100398515,,,0.001,64,64.0,True,False,123,2.5,,0.0,yuri,torchchem_v1,test:data/yuri/splits/fold_0_test_indices.npy,both,0.0,True,vector,128.0,0.8,False,1e-05,25,3,hirshfeld,False,48,False
uixb4gcw,ehysb74i,driven-sweep-20,128.0,0.007889173924922943,0.22082693630765224,0.15058433911428115,0.14162465472193322,,,0.001,48,32.0,True,False,123,5.0,,0.0,yuri,torchchem_v1,test:data/yuri/splits/fold_0_test_indices.npy,both,0.0,True,energy,128.0,0.8,False,1e-05,25,3,N_FOD,False,48,False
0wtocibq,fdjuxx0p,misty-sweep-14,128.0,0.445586621761322,0.6190673135991754,2.0651780978273764,1.4349866055216245,,,0.001,32,32.0,True,False,123,10.0,,0.0,yuri,torchchem_v1,test:data/yuri/splits/fold_0_test_indices.npy,both,0.05,True,energy,128.0,0.8,False,0.001,10,3,HOMO,False,64,False
1ei2az79,y1ka3fj5,lucky-sweep-13,128.0,0.00258505716919899,0.3128667414702218,1.9923676386300715,1.9767324728527655,,,0.001,32,32.0,True,False,123,10.0,,0.0,yuri,torchchem_v1,test:data/yuri/splits/fold_0_test_indices.npy,both,0.0,True,vector,128.0,0.8,False,1e-05,50,3,dipole_moment_Debye,False,48,False
8o7gdwkg,yi37j58p,snowy-sweep-18,128.0,0.01096353866159916,0.08273069785329802,10.970920156934348,10.242921086417772,,,0.001,32,16.0,True,False,123,2.5,,0.0,yuri,torchchem_v1,test:data/yuri/splits/fold_0_test_indices.npy,node,0.05,True,vector,128.0,0.8,False,1e-05,50,3,splitting,False,64,False
uwg80fen,n2njum0o,brisk-sweep-19,128.0,0.4248763620853424,0.4645376120661867,0.42295649555770926,0.40939795981291127,,,0.001,32,64.0,True,False,123,2.5,,0.0,yuri,torchchem_v1,test:data/yuri/splits/fold_0_test_indices.npy,both,0.1,True,vector,128.0,0.8,False,0.0001,50,3,gap,False,16,False
pamiha2v,s0fn667a,valiant-sweep-16,128.0,0.012569907121360302,0.1171947850620952,0.03304842702171082,0.03290058583578025,,,0.001,64,64.0,True,False,123,2.5,,0.0,yuri,torchchem_v1,test:data/yuri/splits/fold_0_test_indices.npy,node,0.05,True,vector,128.0,0.8,False,1e-05,25,3,hirshfeld,False,64,False
6gqrwdun,ehysb74i,floral-sweep-19,128.0,0.1869901567697525,0.287563134370179,0.1638399838349892,0.15612309613798522,,,0.0005,16,16.0,True,False,123,5.0,,0.0,yuri,torchchem_v1,test:data/yuri/splits/fold_0_test_indices.npy,both,0.0,True,energy,128.0,0.8,False,0.001,50,3,N_FOD,False,48,False
t5b7b6vk,n2njum0o,sandy-sweep-18,128.0,0.2610653042793274,0.616153938503101,0.4702589084242837,0.43197125299948946,,,0.0005,32,32.0,True,False,123,2.5,,0.0,yuri,torchchem_v1,test:data/yuri/splits/fold_0_test_indices.npy,both,0.0,True,vector,128.0,0.8,False,0.001,50,3,gap,False,16,False
kn7uqhm4,yi37j58p,soft-sweep-17,128.0,0.008014999330043793,0.07660207627662297,11.02017248472133,10.23821985523532,,,0.001,16,32.0,True,False,123,10.0,,0.0,yuri,torchchem_v1,test:data/yuri/splits/fold_0_test_indices.npy,node,0.0,True,vector,128.0,0.8,False,1e-05,25,2,splitting,False,32,False
7z6l8055,y1ka3fj5,devout-sweep-12,128.0,0.05744390934705734,0.32474486118760604,2.0943513782809484,2.0390286417147108,,,0.001,48,16.0,True,False,123,10.0,,0.0,yuri,torchchem_v1,test:data/yuri/splits/fold_0_test_indices.npy,both,0.0,True,energy,128.0,0.8,False,1e-05,25,2,dipole_moment_Debye,False,64,False
cf4yjw7j,ehysb74i,trim-sweep-18,128.0,0.07125303894281387,0.25127633673877553,0.14973087163444992,0.15119903981007163,,,0.0005,48,16.0,True,False,123,5.0,,0.0,yuri,torchchem_v1,test:data/yuri/splits/fold_0_test_indices.npy,both,0.05,True,energy,128.0,0.8,False,0.0,50,2,N_FOD,False,48,False
uu4fzcvz,n2njum0o,feasible-sweep-17,128.0,0.35202348232269287,0.4738323092460632,0.4357350864190084,0.4245212688944671,,,0.001,48,32.0,True,False,123,2.5,,0.0,yuri,torchchem_v1,test:data/yuri/splits/fold_0_test_indices.npy,both,0.05,True,vector,128.0,0.8,False,0.001,50,3,gap,False,16,False
5dnrolle,yi37j58p,celestial-sweep-16,128.0,0.0185537151992321,0.06817257128142078,10.2785191568801,9.939514096935085,,,0.0005,48,32.0,True,False,123,2.5,,0.0,yuri,torchchem_v1,test:data/yuri/splits/fold_0_test_indices.npy,node,0.05,True,vector,128.0,0.8,False,0.0001,25,2,splitting,False,64,False
7y77urrs,s0fn667a,glorious-sweep-15,128.0,0.027286473661661148,0.1455520733805566,0.036031642769897544,0.03552977146017922,,,0.001,48,64.0,True,False,123,2.5,,0.0,yuri,torchchem_v1,test:data/yuri/splits/fold_0_test_indices.npy,both,0.1,True,vector,128.0,0.8,False,1e-05,10,3,hirshfeld,False,64,False
xzgkpw9d,fdjuxx0p,graceful-sweep-13,128.0,1.1643154621124268,0.6353577226400375,2.043837137193486,1.4422933366902568,,,0.001,64,64.0,True,False,123,10.0,,0.0,yuri,torchchem_v1,test:data/yuri/splits/fold_0_test_indices.npy,both,0.1,True,energy,128.0,0.8,False,0.001,10,3,HOMO,False,64,False
xzf4k8x2,n2njum0o,sleek-sweep-16,128.0,0.05712004750967026,0.7717528230157392,0.4934316496231096,0.43249862370870346,,,0.001,16,64.0,True,False,123,2.5,,0.0,yuri,torchchem_v1,test:data/yuri/splits/fold_0_test_indices.npy,both,0.0,True,vector,128.0,0.8,False,0.0,50,2,gap,False,16,False
0z9byktp,y1ka3fj5,helpful-sweep-11,128.0,0.5581544637680054,0.5381371463681089,2.73278424950005,2.707112537800958,,,0.001,64,16.0,True,False,123,10.0,,0.0,yuri,torchchem_v1,test:data/yuri/splits/fold_0_test_indices.npy,both,0.05,True,energy,128.0,0.8,False,0.001,10,2,dipole_moment_Debye,False,48,False
muv33hsf,yi37j58p,light-sweep-15,128.0,0.003928882069885731,0.07132392232145729,10.33857957690836,9.9910514706851,,,0.001,32,16.0,True,False,123,5.0,,0.0,yuri,torchchem_v1,test:data/yuri/splits/fold_0_test_indices.npy,both,0.0,True,vector,128.0,0.8,False,1e-05,25,3,splitting,False,48,False
izhzl6p7,fdjuxx0p,sweet-sweep-12,128.0,0.13110561668872833,0.3513600931599222,1.2982139958246668,1.2614440903599526,,,0.001,32,32.0,True,False,123,10.0,,0.0,yuri,torchchem_v1,test:data/yuri/splits/fold_0_test_indices.npy,both,0.05,True,vector,128.0,0.8,False,0.001,10,3,HOMO,False,64,False
qf0gyor5,ehysb74i,rich-sweep-17,128.0,0.4030896425247192,0.3784309425230684,0.19874278869596088,0.1739102416225239,,,0.001,48,16.0,True,False,123,10.0,,0.0,yuri,torchchem_v1,test:data/yuri/splits/fold_0_test_indices.npy,both,0.1,True,energy,128.0,0.8,False,0.0001,25,3,N_FOD,False,64,False
swzdf8it,n2njum0o,iconic-sweep-15,128.0,0.5117784738540649,0.5542763646306663,0.47566931975045834,0.4614287605521529,,,0.0001,16,16.0,True,False,123,5.0,,0.0,yuri,torchchem_v1,test:data/yuri/splits/fold_0_test_indices.npy,both,0.0,True,vector,128.0,0.8,False,0.001,25,3,gap,False,32,False
vtsforc9,s0fn667a,happy-sweep-14,128.0,0.06998017430305481,0.17586699552063284,0.044017561777349175,0.03926174400877725,,,0.001,64,64.0,True,False,123,5.0,,0.0,yuri,torchchem_v1,test:data/yuri/splits/fold_0_test_indices.npy,both,0.1,True,vector,128.0,0.8,False,0.0001,10,3,hirshfeld,False,64,False
hufrz7jc,yi37j58p,sleek-sweep-14,128.0,0.0028184407856315374,0.05802507611826576,9.303509944032296,9.1556006799713,,,0.001,32,16.0,True,False,123,10.0,,0.0,yuri,torchchem_v1,test:data/yuri/splits/fold_0_test_indices.npy,node,0.0,True,vector,128.0,0.8,False,1e-05,25,3,splitting,False,64,False
zjlsulb2,n2njum0o,lilac-sweep-14,128.0,0.7218047976493835,0.506507293417536,0.44868332712758674,0.4371059905922883,,,0.0001,32,32.0,True,False,123,2.5,,0.0,yuri,torchchem_v1,test:data/yuri/splits/fold_0_test_indices.npy,both,0.05,True,vector,128.0,0.8,False,0.001,25,3,gap,False,16,False
8x9sebsm,ehysb74i,wise-sweep-16,128.0,0.023985974490642548,0.39533221952874087,0.20270149000365895,0.13630830821549428,,,0.001,32,16.0,True,False,123,5.0,,0.0,yuri,torchchem_v1,test:data/yuri/splits/fold_0_test_indices.npy,both,0.05,True,energy,128.0,0.8,False,0.0,25,3,N_FOD,False,64,False
v42vc15c,s0fn667a,young-sweep-13,128.0,0.031161945313215256,0.20943459097681377,0.047324933558966505,0.041800386342630086,,,0.001,64,48.0,True,False,123,2.5,,0.0,yuri,torchchem_v1,test:data/yuri/splits/fold_0_test_indices.npy,both,0.1,True,vector,128.0,0.8,False,0.001,50,3,hirshfeld,False,64,False
3agxzqi6,y1ka3fj5,fallen-sweep-10,128.0,0.05085374042391777,0.5509785179947985,2.6103951854004652,2.198141415346964,,,0.0005,64,32.0,True,False,123,10.0,,0.0,yuri,torchchem_v1,test:data/yuri/splits/fold_0_test_indices.npy,both,0.0,True,energy,128.0,0.8,False,0.0001,25,2,dipole_moment_Debye,False,64,False
qagw4v65,fdjuxx0p,lucky-sweep-11,128.0,0.03656727820634842,0.3320917732499797,1.2054077346045249,1.198571826587694,,,0.001,48,48.0,True,False,123,10.0,,0.0,yuri,torchchem_v1,test:data/yuri/splits/fold_0_test_indices.npy,both,0.05,True,vector,128.0,0.8,False,0.0001,10,3,HOMO,False,64,False
ps5gw7g8,n2njum0o,ancient-sweep-13,128.0,0.022940903902053833,0.5650795025044474,0.4596807549137611,0.4380741875787583,,,0.001,32,32.0,True,False,123,5.0,,0.0,yuri,torchchem_v1,test:data/yuri/splits/fold_0_test_indices.npy,both,0.05,True,vector,128.0,0.8,False,0.0,25,3,gap,False,16,False
wv66qg01,yi37j58p,sweepy-sweep-13,128.0,0.0057584987953305244,0.06325503005164451,10.155772869544892,9.388039099956762,,,0.001,64,48.0,True,False,123,2.5,,0.0,yuri,torchchem_v1,test:data/yuri/splits/fold_0_test_indices.npy,node,0.0,True,vector,128.0,0.8,False,1e-05,25,3,splitting,False,64,False
nrikovoc,ehysb74i,comic-sweep-15,128.0,0.4294201731681824,0.29071001091907767,0.1732552618939322,0.1584063093842343,,,0.0005,48,32.0,True,False,123,5.0,,0.0,yuri,torchchem_v1,test:data/yuri/splits/fold_0_test_indices.npy,both,0.0,True,energy,128.0,0.8,False,0.001,50,2,N_FOD,False,48,False
ec0oftc5,y1ka3fj5,faithful-sweep-9,128.0,0.7552773356437683,0.8807750118189844,3.589891947315518,2.712529431281461,,,0.001,16,16.0,True,False,123,10.0,,0.0,yuri,torchchem_v1,test:data/yuri/splits/fold_0_test_indices.npy,both,0.1,True,energy,128.0,0.8,False,0.001,50,2,dipole_moment_Debye,False,64,False
xa50y8qm,n2njum0o,rich-sweep-12,128.0,0.3317045569419861,0.5956288933240134,0.4745219400290463,0.4282899451804094,,,0.0005,16,32.0,True,False,123,2.5,,0.0,yuri,torchchem_v1,test:data/yuri/splits/fold_0_test_indices.npy,both,0.0,True,vector,128.0,0.8,False,0.001,25,3,gap,False,16,False
74fnwjq1,s0fn667a,vivid-sweep-12,128.0,0.2542060613632202,0.7195993787769613,0.0994252742221903,0.05495656581020445,,,5e-05,32,16.0,True,False,123,10.0,,0.0,yuri,torchchem_v1,test:data/yuri/splits/fold_0_test_indices.npy,both,0.1,True,energy,128.0,0.8,False,0.0,10,3,hirshfeld,False,48,False
9fhjrry6,ehysb74i,autumn-sweep-14,128.0,0.02907723933458328,0.2808240855048443,0.16855281713081482,0.15753559851005436,,,0.001,48,48.0,True,False,123,2.5,,0.0,yuri,torchchem_v1,test:data/yuri/splits/fold_0_test_indices.npy,both,0.05,True,vector,128.0,0.8,False,0.0,50,2,N_FOD,False,48,False
95smj5xg,yi37j58p,prime-sweep-12,128.0,0.006850230507552624,0.06981531363622896,10.937449215904744,9.692630265171498,,,0.001,48,16.0,True,False,123,5.0,,0.0,yuri,torchchem_v1,test:data/yuri/splits/fold_0_test_indices.npy,both,0.0,True,vector,128.0,0.8,False,1e-05,25,2,splitting,False,64,False
rz4k9j4r,fdjuxx0p,dazzling-sweep-10,128.0,0.15031160414218905,0.2991909510616598,1.274188648507582,1.2055671049195789,,,0.001,48,32.0,True,False,123,10.0,,0.0,yuri,torchchem_v1,test:data/yuri/splits/fold_0_test_indices.npy,both,0.05,True,energy,128.0,0.8,False,1e-05,10,3,HOMO,False,48,False
yjrlbxdu,ehysb74i,brisk-sweep-13,128.0,0.11465606093406676,0.35653943337243177,0.188848129692972,0.17154451217817457,,,0.001,48,32.0,True,False,123,2.5,,0.0,yuri,torchchem_v1,test:data/yuri/splits/fold_0_test_indices.npy,both,0.05,True,vector,128.0,0.8,False,0.001,50,2,N_FOD,False,48,False
pqvcwmt3,n2njum0o,dashing-sweep-11,128.0,0.566551923751831,0.533291227858642,0.4712387706548674,0.46633295112142986,,,5e-05,32,16.0,True,False,123,10.0,,0.0,yuri,torchchem_v1,test:data/yuri/splits/fold_0_test_indices.npy,both,0.1,True,vector,128.0,0.8,False,0.0001,50,3,gap,False,64,False
0b08fsxq,s0fn667a,summer-sweep-11,128.0,0.2559679448604584,0.18145353616825463,0.045711796372739005,0.04330545932723977,,,5e-05,48,48.0,True,False,123,2.5,,0.0,yuri,torchchem_v1,test:data/yuri/splits/fold_0_test_indices.npy,both,0.1,True,vector,128.0,0.8,False,0.001,25,3,hirshfeld,False,16,False
usqiunz2,yi37j58p,avid-sweep-11,128.0,0.29047882556915283,0.2914416761747722,23.808585892335064,20.84764607783477,,,5e-05,16,64.0,True,False,123,2.5,,0.0,yuri,torchchem_v1,test:data/yuri/splits/fold_0_test_indices.npy,both,0.1,True,energy,128.0,0.8,False,0.001,50,2,splitting,False,16,False
3wynknkc,ehysb74i,warm-sweep-12,128.0,0.01127922534942627,0.2958533673964698,0.1691994621614434,0.16300824635688402,,,0.0001,48,32.0,True,False,123,2.5,,0.0,yuri,torchchem_v1,test:data/yuri/splits/fold_0_test_indices.npy,node,0.05,True,vector,128.0,0.8,False,0.0,50,3,N_FOD,False,64,False
c8dechr8,y1ka3fj5,skilled-sweep-8,128.0,0.11353563517332076,0.3695452107951559,2.2081215838138832,2.0722731720555645,,,0.001,64,16.0,True,False,123,10.0,,0.0,yuri,torchchem_v1,test:data/yuri/splits/fold_0_test_indices.npy,both,0.1,True,energy,128.0,0.8,False,0.0001,50,3,dipole_moment_Debye,False,48,False
2mnx11dc,fdjuxx0p,misty-sweep-9,128.0,0.3145684003829956,0.33528835120899925,1.377564235236758,1.2980878455042897,,,0.001,48,16.0,True,False,123,10.0,,0.0,yuri,torchchem_v1,test:data/yuri/splits/fold_0_test_indices.npy,both,0.05,True,energy,128.0,0.8,False,0.0001,25,3,HOMO,False,32,False
x5nkjy6f,s0fn667a,smooth-sweep-10,128.0,0.02298751100897789,0.1470802583057305,0.03800611156634167,0.03532420033010188,,,0.001,32,64.0,True,False,123,2.5,,0.0,yuri,torchchem_v1,test:data/yuri/splits/fold_0_test_indices.npy,both,0.1,True,vector,128.0,0.8,False,1e-05,50,3,hirshfeld,False,48,False
586jd0cb,ehysb74i,lyric-sweep-11,128.0,0.045257389545440674,0.3087356640347119,0.17695897606951125,0.1693326057086031,,,0.001,32,16.0,True,False,123,5.0,,0.0,yuri,torchchem_v1,test:data/yuri/splits/fold_0_test_indices.npy,both,0.05,True,vector,128.0,0.8,False,0.0001,50,2,N_FOD,False,64,False
n1t3f8mn,yi37j58p,crimson-sweep-10,128.0,0.019645925611257553,0.1139395880223862,13.893103683649118,13.091460765988073,,,0.0005,32,48.0,True,False,123,5.0,,0.0,yuri,torchchem_v1,test:data/yuri/splits/fold_0_test_indices.npy,both,0.05,True,vector,128.0,0.8,False,0.001,50,3,splitting,False,64,False
zrrss4vz,n2njum0o,dulcet-sweep-10,128.0,0.12655480206012726,0.5995536076611486,0.46753099569856954,0.45469727839739865,,,5e-05,64,48.0,True,False,123,10.0,,0.0,yuri,torchchem_v1,test:data/yuri/splits/fold_0_test_indices.npy,both,0.05,True,vector,128.0,0.8,False,1e-05,25,3,gap,False,48,False
jpc34oiw,fdjuxx0p,eager-sweep-8,128.0,0.09558583796024324,0.29012966669839,1.25726159506143,1.251659091269067,,,0.001,32,16.0,True,False,123,10.0,,0.0,yuri,torchchem_v1,test:data/yuri/splits/fold_0_test_indices.npy,both,0.05,True,energy,128.0,0.8,False,1e-05,10,2,HOMO,False,32,False
us676s2p,ehysb74i,sparkling-sweep-10,128.0,0.15268167853355408,0.29990943161578015,0.17580181223961072,0.16510605252107718,,,0.0005,48,32.0,True,False,123,2.5,,0.0,yuri,torchchem_v1,test:data/yuri/splits/fold_0_test_indices.npy,node,0.0,True,vector,128.0,0.8,False,0.001,50,3,N_FOD,False,32,False
9e44cmoh,y1ka3fj5,comfy-sweep-7,128.0,0.1598808467388153,0.47285134088376474,2.4929626846344424,2.325346553407695,,,0.001,64,16.0,True,False,123,10.0,,0.0,yuri,torchchem_v1,test:data/yuri/splits/fold_0_test_indices.npy,both,0.0,True,vector,128.0,0.8,False,0.0001,25,2,dipole_moment_Debye,False,64,False
fganok01,n2njum0o,autumn-sweep-9,128.0,0.6801550388336182,0.4852065505652592,0.4491692826067376,0.4404064896198675,,,0.0001,16,32.0,True,False,123,2.5,,0.0,yuri,torchchem_v1,test:data/yuri/splits/fold_0_test_indices.npy,node,0.0,True,energy,128.0,0.8,False,0.0001,50,2,gap,False,32,False
ey5cfjwl,s0fn667a,jolly-sweep-9,128.0,0.2175927609205246,0.19608569543423324,0.04702395952916507,0.047540295338866514,,,0.0001,64,48.0,True,False,123,10.0,,0.0,yuri,torchchem_v1,test:data/yuri/splits/fold_0_test_indices.npy,both,0.0,True,energy,128.0,0.8,False,0.001,25,2,hirshfeld,False,16,False
9238dauj,yi37j58p,efficient-sweep-9,128.0,0.017157791182398796,0.06860788885889382,10.732390239899686,10.228895827201605,,,0.001,48,48.0,True,False,123,10.0,,0.0,yuri,torchchem_v1,test:data/yuri/splits/fold_0_test_indices.npy,both,0.05,True,vector,128.0,0.8,False,0.0001,50,3,splitting,False,64,False
kvl5zaiu,fdjuxx0p,divine-sweep-7,128.0,0.10669182240962982,0.39851303282996703,1.5439595918898776,1.3095100300056384,,,5e-05,48,32.0,True,False,123,2.5,,0.0,yuri,torchchem_v1,test:data/yuri/splits/fold_0_test_indices.npy,node,0.0,True,energy,128.0,0.8,False,0.0,10,2,HOMO,False,32,False
6nrc215l,ehysb74i,trim-sweep-9,128.0,0.006839381065219641,0.2736425755609726,0.15773764638489293,0.1511676365692879,,,0.0005,48,32.0,True,False,123,2.5,,0.0,yuri,torchchem_v1,test:data/yuri/splits/fold_0_test_indices.npy,both,0.0,True,energy,128.0,0.8,False,0.0,25,2,N_FOD,False,64,False
1kobh4y4,n2njum0o,silvery-sweep-8,128.0,0.7375450134277344,0.6426764300157284,0.5033737229487597,0.4570530845389278,,,5e-05,48,48.0,True,False,123,10.0,,0.0,yuri,torchchem_v1,test:data/yuri/splits/fold_0_test_indices.npy,both,0.0,True,energy,128.0,0.8,False,0.0,50,2,gap,False,16,False
yc2pquz9,s0fn667a,polished-sweep-8,128.0,0.02717159502208233,0.1857083085924387,0.04244058476216672,0.04135791881722607,,,0.0005,32,64.0,True,False,123,2.5,,0.0,yuri,torchchem_v1,test:data/yuri/splits/fold_0_test_indices.npy,both,0.05,True,vector,128.0,0.8,False,0.001,50,2,hirshfeld,False,64,False
uzccuid0,ehysb74i,absurd-sweep-8,128.0,0.0003574807778932154,0.2936708295139773,0.1707586696267658,0.16654484440800654,,,0.0005,64,32.0,True,False,123,2.5,,0.0,yuri,torchchem_v1,test:data/yuri/splits/fold_0_test_indices.npy,both,0.0,True,vector,128.0,0.8,False,0.0,50,2,N_FOD,False,48,False
ps4jwnq6,y1ka3fj5,radiant-sweep-6,128.0,0.15604382753372192,0.36493066030329674,2.210245009211222,2.2085094875241853,,,0.0001,64,16.0,True,False,123,10.0,,0.0,yuri,torchchem_v1,test:data/yuri/splits/fold_0_test_indices.npy,node,0.1,True,energy,128.0,0.8,False,0.001,10,2,dipole_moment_Debye,False,48,False
2zkr3dd0,yi37j58p,honest-sweep-8,128.0,0.07872325927019119,0.07838675591709285,11.10787778500696,11.104214976790548,,,0.001,48,48.0,True,False,123,10.0,,0.0,yuri,torchchem_v1,test:data/yuri/splits/fold_0_test_indices.npy,both,0.0,True,vector,128.0,0.8,False,0.001,25,3,splitting,False,48,False
is1h9u2p,fdjuxx0p,hardy-sweep-6,128.0,0.4799681603908539,0.3718238681040961,1.3776078793727016,1.3589081755796697,,,5e-05,48,48.0,True,False,123,10.0,,0.0,yuri,torchchem_v1,test:data/yuri/splits/fold_0_test_indices.npy,node,0.05,True,energy,128.0,0.8,False,1e-05,50,3,HOMO,False,32,False
vt4iw37o,ehysb74i,driven-sweep-7,128.0,0.015908610075712204,0.25928077307240716,0.15745142526517808,0.15779964036513405,,,0.001,32,32.0,True,False,123,2.5,,0.0,yuri,torchchem_v1,test:data/yuri/splits/fold_0_test_indices.npy,both,0.05,True,vector,128.0,0.8,False,0.0,50,2,N_FOD,False,64,False
5rtwmfrm,n2njum0o,solar-sweep-7,128.0,0.03565989434719086,0.6113759099409498,0.4656111887507996,0.4540904431448246,,,0.001,48,64.0,True,False,123,10.0,,0.0,yuri,torchchem_v1,test:data/yuri/splits/fold_0_test_indices.npy,node,0.0,True,energy,128.0,0.8,False,1e-05,25,2,gap,False,48,False
47zvkrcz,s0fn667a,polished-sweep-7,128.0,0.21522819995880127,0.2602352774862585,0.05652966298062434,0.05592911661474139,,,0.0001,32,16.0,True,False,123,10.0,,0.0,yuri,torchchem_v1,test:data/yuri/splits/fold_0_test_indices.npy,node,0.1,True,vector,128.0,0.8,False,0.001,10,2,hirshfeld,False,16,False
2fu3onzk,y1ka3fj5,genial-sweep-5,128.0,0.14820247888565063,0.5967665509930973,3.0098879163693932,2.830356433473463,,,5e-05,64,64.0,True,False,123,2.5,,0.0,yuri,torchchem_v1,test:data/yuri/splits/fold_0_test_indices.npy,node,0.0,True,vector,128.0,0.8,False,0.001,25,2,dipole_moment_Debye,False,16,False
g8q4vqcm,ehysb74i,soft-sweep-6,128.0,0.015034722164273262,0.33118409226680623,0.1810136086647056,0.16029060663052733,,,0.0005,32,32.0,True,False,123,2.5,,0.0,yuri,torchchem_v1,test:data/yuri/splits/fold_0_test_indices.npy,node,0.0,True,energy,128.0,0.8,False,0.0,50,2,N_FOD,False,64,False
lnk1ml8c,n2njum0o,smart-sweep-6,128.0,0.5691207051277161,0.5396078100492214,0.4678628375449721,0.4628089218272204,,,0.0001,48,32.0,True,False,123,10.0,,0.0,yuri,torchchem_v1,test:data/yuri/splits/fold_0_test_indices.npy,node,0.1,True,vector,128.0,0.8,False,0.0001,25,2,gap,False,16,False
adnitgyz,yi37j58p,stoic-sweep-7,128.0,0.031391702592372894,0.0903170758794094,11.965131521422672,11.997007310082925,,,0.001,48,64.0,True,False,123,10.0,,0.0,yuri,torchchem_v1,test:data/yuri/splits/fold_0_test_indices.npy,node,0.05,True,vector,128.0,0.8,False,0.001,10,2,splitting,False,48,False
je9rc092,s0fn667a,proud-sweep-6,128.0,0.7384366393089294,0.2972968913100917,0.05822697805801885,0.060772208679749494,,,5e-05,32,48.0,True,False,123,10.0,,0.0,yuri,torchchem_v1,test:data/yuri/splits/fold_0_test_indices.npy,both,0.1,True,energy,128.0,0.8,False,0.0,25,2,hirshfeld,False,32,False
tfzemlr3,fdjuxx0p,jolly-sweep-5,128.0,0.1869875192642212,0.38444135061882695,1.3886554237442452,1.3189513005418885,,,5e-05,48,16.0,True,False,123,10.0,,0.0,yuri,torchchem_v1,test:data/yuri/splits/fold_0_test_indices.npy,node,0.05,True,energy,128.0,0.8,False,0.0001,25,3,HOMO,False,64,False
d21k0nyo,y1ka3fj5,charmed-sweep-4,128.0,0.12323573976755142,0.34224707068040455,2.0960651182929944,2.0143364502252723,,,0.001,48,16.0,True,False,123,10.0,,0.0,yuri,torchchem_v1,test:data/yuri/splits/fold_0_test_indices.npy,both,0.0,True,energy,128.0,0.8,False,1e-05,25,2,dipole_moment_Debye,False,64,False
9l7fzqp3,ehysb74i,comic-sweep-5,128.0,0.039025578647851944,0.41823366566978654,0.20430740962835128,0.1800411678070888,,,0.001,48,48.0,True,False,123,5.0,,0.0,yuri,torchchem_v1,test:data/yuri/splits/fold_0_test_indices.npy,both,0.0,True,vector,128.0,0.8,False,0.001,50,3,N_FOD,False,64,False
x262lf87,s0fn667a,wild-sweep-5,128.0,0.027205724269151688,0.14542039162639914,0.0372218374780863,0.03460885928145977,,,0.0005,16,64.0,True,False,123,2.5,,0.0,yuri,torchchem_v1,test:data/yuri/splits/fold_0_test_indices.npy,node,0.0,True,energy,128.0,0.8,False,0.0001,50,2,hirshfeld,False,48,False
2oeyg4vi,yi37j58p,still-sweep-6,128.0,0.004411704372614622,0.06086423309070283,9.619877615547802,9.24224451835663,,,0.0005,32,48.0,True,False,123,5.0,,0.0,yuri,torchchem_v1,test:data/yuri/splits/fold_0_test_indices.npy,node,0.0,True,vector,128.0,0.8,False,0.0001,25,3,splitting,False,48,False
ajequoxu,ehysb74i,cerulean-sweep-4,128.0,0.2820966839790344,0.37116881408568086,0.19837607790011472,0.1945288942274856,,,0.0001,16,48.0,True,False,123,2.5,,0.0,yuri,torchchem_v1,test:data/yuri/splits/fold_0_test_indices.npy,node,0.1,True,energy,128.0,0.8,False,0.0001,10,2,N_FOD,False,48,False
8ac86jc1,n2njum0o,clear-sweep-5,128.0,0.6133044958114624,0.7165343268164273,0.49997202545722014,0.4612840809561061,,,0.0001,48,64.0,True,False,123,10.0,,0.0,yuri,torchchem_v1,test:data/yuri/splits/fold_0_test_indices.npy,both,0.0,True,vector,128.0,0.8,False,1e-05,10,3,gap,False,32,False
xeizrcjn,fdjuxx0p,brisk-sweep-4,128.0,0.12050879001617432,0.3753780387341976,1.446211864471056,1.386561233661061,,,0.0001,32,64.0,True,False,123,5.0,,0.0,yuri,torchchem_v1,test:data/yuri/splits/fold_0_test_indices.npy,both,0.0,True,energy,128.0,0.8,False,0.0001,50,3,HOMO,False,64,False
597zkwhb,y1ka3fj5,solar-sweep-3,128.0,0.09125667065382004,0.3857184258000604,2.299870585030384,2.2848037518047075,,,0.0001,64,16.0,True,False,123,5.0,,0.0,yuri,torchchem_v1,test:data/yuri/splits/fold_0_test_indices.npy,both,0.1,True,energy,128.0,0.8,False,0.0,50,2,dipole_moment_Debye,False,16,False
x8kbkuof,yi37j58p,wobbly-sweep-5,128.0,0.034583091735839844,0.07662166494490771,10.815500795041954,10.372320074884788,,,0.0005,32,48.0,True,False,123,2.5,,0.0,yuri,torchchem_v1,test:data/yuri/splits/fold_0_test_indices.npy,node,0.05,True,vector,128.0,0.8,False,0.001,25,2,splitting,False,48,False
u732jb43,s0fn667a,solar-sweep-4,128.0,0.007545231841504574,0.1246655480293878,0.033395884520458004,0.031611442455425603,,,0.0005,64,48.0,True,False,123,2.5,,0.0,yuri,torchchem_v1,test:data/yuri/splits/fold_0_test_indices.npy,node,0.1,True,energy,128.0,0.8,False,1e-05,10,2,hirshfeld,False,64,False
224khu6q,ehysb74i,celestial-sweep-3,128.0,0.46259090304374695,0.4228938776871254,0.2143665571376903,0.183384445813264,,,0.0005,16,64.0,True,False,123,5.0,,0.0,yuri,torchchem_v1,test:data/yuri/splits/fold_0_test_indices.npy,both,0.1,True,energy,128.0,0.8,False,0.001,25,3,N_FOD,False,64,False
21h9jshg,fdjuxx0p,noble-sweep-3,128.0,0.61375892162323,0.3202121388809434,1.3831186989474835,1.3525108318588384,,,5e-05,48,48.0,True,False,123,2.5,,0.0,yuri,torchchem_v1,test:data/yuri/splits/fold_0_test_indices.npy,both,0.05,True,energy,128.0,0.8,False,0.0001,50,2,HOMO,False,16,False
7ks3h391,n2njum0o,playful-sweep-4,128.0,1.1273118257522583,0.5389579668127257,0.4632462750299453,0.4347187905484029,,,5e-05,48,48.0,True,False,123,10.0,,0.0,yuri,torchchem_v1,test:data/yuri/splits/fold_0_test_indices.npy,both,0.0,True,energy,128.0,0.8,False,0.0,10,3,gap,False,32,False
nhxzd0m7,yi37j58p,treasured-sweep-4,128.0,0.11602889001369476,0.14801619214744405,16.21573232237765,15.559979398940596,,,0.0001,16,64.0,True,False,123,2.5,,0.0,yuri,torchchem_v1,test:data/yuri/splits/fold_0_test_indices.npy,node,0.1,True,energy,128.0,0.8,False,0.001,10,3,splitting,False,32,False
dyqfv6q8,y1ka3fj5,pleasant-sweep-2,128.0,0.8751603960990906,1.1756524844416256,4.062419781067782,3.0434689865130093,,,0.0001,16,64.0,True,False,123,2.5,,0.0,yuri,torchchem_v1,test:data/yuri/splits/fold_0_test_indices.npy,both,0.1,True,energy,128.0,0.8,False,0.0,10,3,dipole_moment_Debye,False,32,False
2tcv3t17,ehysb74i,glowing-sweep-2,128.0,0.05446730554103851,0.2402626725620237,0.1572707723266694,0.14191674314212105,,,0.0005,32,16.0,True,False,123,2.5,,0.0,yuri,torchchem_v1,test:data/yuri/splits/fold_0_test_indices.npy,node,0.0,True,energy,128.0,0.8,False,0.001,50,2,N_FOD,False,48,False
vy6wrkc8,s0fn667a,playful-sweep-3,128.0,0.14613887667655945,0.26851095618872806,0.057966343088884376,0.0560014647853404,,,0.0001,16,48.0,True,False,123,5.0,,0.0,yuri,torchchem_v1,test:data/yuri/splits/fold_0_test_indices.npy,node,0.0,True,vector,128.0,0.8,False,0.0001,50,3,hirshfeld,False,64,False
yp05r26g,fdjuxx0p,scarlet-sweep-2,128.0,0.18648813664913175,0.3631847038351256,1.399328973803859,1.3860648020599848,,,5e-05,32,48.0,True,False,123,2.5,,0.0,yuri,torchchem_v1,test:data/yuri/splits/fold_0_test_indices.npy,both,0.0,True,vector,128.0,0.8,False,1e-05,25,2,HOMO,False,16,False
9qf1ph9b,n2njum0o,decent-sweep-3,128.0,0.35105183720588684,0.5906746526216639,0.49525181978597155,0.4869861233630669,,,5e-05,16,64.0,True,False,123,10.0,,0.0,yuri,torchchem_v1,test:data/yuri/splits/fold_0_test_indices.npy,both,0.1,True,vector,128.0,0.8,False,0.0001,50,3,gap,False,48,False
sskgreop,yi37j58p,different-sweep-3,128.0,0.02234017290174961,0.08068338440377908,11.21015775299688,10.330957527132142,,,0.0005,16,48.0,True,False,123,2.5,,0.0,yuri,torchchem_v1,test:data/yuri/splits/fold_0_test_indices.npy,node,0.0,True,energy,128.0,0.8,False,0.0,25,2,splitting,False,48,False
dcgcf3d1,y1ka3fj5,sage-sweep-1,128.0,0.4811743497848511,0.6036366558280485,3.0380697773673884,2.77582258715271,,,5e-05,48,16.0,True,False,123,2.5,,0.0,yuri,torchchem_v1,test:data/yuri/splits/fold_0_test_indices.npy,both,0.1,True,energy,128.0,0.8,False,0.0001,25,3,dipole_moment_Debye,False,16,False
p0arwkcg,fdjuxx0p,fiery-sweep-1,128.0,0.18092653155326843,0.3336196919453555,1.3976812850003273,1.3059799254233462,,,0.0001,32,64.0,True,False,123,2.5,,0.0,yuri,torchchem_v1,test:data/yuri/splits/fold_0_test_indices.npy,node,0.0,True,energy,128.0,0.8,False,0.0001,50,2,HOMO,False,64,False
b8v2ha5z,ehysb74i,bumbling-sweep-1,128.0,0.01886938512325287,0.31854896144620304,0.16637410772774536,0.16692142887997669,,,0.0005,48,64.0,True,False,123,10.0,,0.0,yuri,torchchem_v1,test:data/yuri/splits/fold_0_test_indices.npy,node,0.05,True,vector,128.0,0.8,False,0.0,10,3,N_FOD,False,16,False
9au1oie6,n2njum0o,eternal-sweep-2,128.0,0.4147404432296753,0.5127758465964218,0.4608459984160365,0.4513328103376534,,,0.0001,16,48.0,True,False,123,2.5,,0.0,yuri,torchchem_v1,test:data/yuri/splits/fold_0_test_indices.npy,node,0.05,True,vector,128.0,0.8,False,0.0001,10,3,gap,False,48,False
r0f8bcav,s0fn667a,copper-sweep-2,128.0,0.0313178226351738,0.137558334667621,0.03879063934791576,0.03865680408683317,,,5e-05,64,64.0,True,False,123,10.0,,0.0,yuri,torchchem_v1,test:data/yuri/splits/fold_0_test_indices.npy,node,0.0,True,energy,128.0,0.8,False,0.0,50,2,hirshfeld,False,64,False
pda70fyb,yi37j58p,dainty-sweep-2,128.0,0.214069664478302,0.10135531515396874,13.248335658927283,12.85350282908333,,,5e-05,32,64.0,True,False,123,2.5,,0.0,yuri,torchchem_v1,test:data/yuri/splits/fold_0_test_indices.npy,both,0.05,True,vector,128.0,0.8,False,1e-05,10,2,splitting,False,64,False
vgmr9lry,s0fn667a,summer-sweep-1,128.0,0.01177493017166853,0.1264428018977673,0.03481379863369698,0.03319778363364982,,,0.001,32,16.0,True,False,123,5.0,,0.0,yuri,torchchem_v1,test:data/yuri/splits/fold_0_test_indices.npy,node,0.05,True,vector,128.0,0.8,False,0.0,50,3,hirshfeld,False,64,False
0bhwvy3h,n2njum0o,dazzling-sweep-1,128.0,0.4181910753250122,0.6036188921024059,0.49762583277934747,0.44971176006874314,,,5e-05,64,48.0,True,False,123,5.0,,0.0,yuri,torchchem_v1,test:data/yuri/splits/fold_0_test_indices.npy,both,0.05,True,energy,128.0,0.8,False,0.0,25,2,gap,False,64,False
0kroevvf,yi37j58p,dazzling-sweep-1,128.0,0.13529863953590393,0.06500704470893433,10.295673548004002,9.485214889060993,,,0.001,32,32.0,True,False,123,10.0,,0.0,yuri,torchchem_v1,test:data/yuri/splits/fold_0_test_indices.npy,node,0.05,True,vector,128.0,0.8,False,0.0001,10,2,splitting,False,32,False
0qydtqu5,,gap-yuri-smiles_atoms_equiv-random-noH-ns64-nv64-d32-l2-vector-both,193.0,0.018188253045082092,0.7361649241426895,0.47411862478422234,0.42938794344723,0.6691656221485419,0.5277025618592399,0.001,64,64.0,True,False,666,2.5,,0.0,yuri,smiles_atoms,random,both,0.05,False,vector,,0.8,False,0.0001,10,2,gap,False,32,
wmnykv11,,gap-yuri-torchchem-equiv-random-noH-ns64-nv64-d32-l2-vector-both,219.0,0.06805232912302017,0.6218509129409132,0.4550797277825849,0.4296796626021895,0.6363979474183884,0.5016075096278408,0.001,64,64.0,True,False,666,2.5,,0.0,yuri,torchchem_v1,random,both,0.05,False,vector,,0.8,False,0.0001,10,2,gap,False,32,
4dzzm7hr,,gap-yuri-smiles_atoms-inv-random-noH-ns64-nv64-d32-l2-vector-both,190.0,0.05441170185804367,0.5895939130207588,0.4578659044278417,0.4394410172649359,0.6679041785691774,0.5290970731373028,0.001,64,64.0,True,False,666,2.5,,0.0,yuri,smiles_atoms,random,both,0.05,True,vector,,0.8,False,0.0001,10,2,gap,False,32,
otnl15u7,,gap-yuri-torchchem-inv-random-noH-ns64-nv64-d32-l2-vector-both,303.0,0.02804702520370483,0.4700980042589122,0.4335508082930231,0.4081398553853189,0.6390560127804967,0.5004917148652649,0.001,64,64.0,True,False,666,2.5,,0.0,yuri,torchchem_v1,random,both,0.05,True,vector,,0.8,False,0.0001,10,2,gap,False,32,
42rnxy6b,,test-gap_Hartree-qm9-smiles_atoms-inv-random-noH-ns64-nv64-d32-l2-vector-both,512.0,0.05220332369208336,0.02916127107683134,0.005915913461083143,0.005658333187188268,0.007709959145622606,0.005622951146818536,0.001,64,64.0,True,False,666,2.5,,0.0,qm9,,random,both,0.05,True,vector,,0.8,False,0.0001,10,2,gap_Hartree,False,32,
i07fggdp,,test-gap_Hartree-qm9-inv-random-noH-ns64-nv64-d32-l2-vector-both,512.0,0.030311327427625656,0.0241859204332116,0.0054966600135490686,0.005279041687666901,0.007184137686850151,0.005214849817263482,0.001,64,64.0,True,False,666,2.5,,0.0,qm9,,random,both,0.05,True,vector,,0.8,False,0.0001,10,2,gap_Hartree,False,32,
astfqhzr,,test-gap_Hartree-dsC7O2H10nsd-inv-random-noH-ns64-nv64-d32-l2-vector-both,512.0,0.043089669197797775,0.0176761158977865,0.0042539810052312005,0.004123683388760621,0.006246585157543377,0.00466980255641504,0.001,64,64.0,True,False,666,2.5,,0.0,dsC7O2H10nsd,,random,both,0.05,True,vector,,0.8,False,0.0001,10,2,gap_Hartree,False,32,
jg4cch8d,,test-dsC7O2H10nsd-random-noH-ns64-nv64-d32-l2-vector-both,512.0,0.0006090477108955383,0.006675068902867762,0.002003480423245604,0.0019550711033342436,0.002632712083212014,0.001916389536378462,0.001,64,64.0,True,False,666,2.5,,0.0,dsC7O2H10nsd,,random,both,0.05,False,vector,,0.8,False,0.0001,10,2,U0_Hartree,False,32,
xaz19vmr,,test-dsC7O2H10nsd-inv-random-noH-ns64-nv64-d32-l2-vector-both,512.0,0.006555899046361446,0.006050533578767405,0.0019194121150840368,0.001866834855383444,0.002633531356116809,0.001958763758940691,0.001,64,64.0,True,False,666,2.5,,0.0,dsC7O2H10nsd,,random,both,0.05,True,vector,,0.8,False,0.0001,10,2,U0_Hartree,False,32,
f1sgfgfu,,test-dsC7O2H10nsd-inv-random-noH-ns64-nv64-d32-l2-vector-both,512.0,0.037282444536685944,0.01741067531319069,0.004272328922408172,0.0041848059677797025,0.006172682798545793,0.0045645618094503765,0.001,64,64.0,True,False,666,2.5,,0.0,dsC7O2H10nsd,,random,both,0.05,True,vector,,0.8,False,0.0001,10,2,,False,32,
