run_id,name,epoch,test_rmse,test_score,val_score_best,lr,n_s,n_v,noH,arch,seed,radius,dataset,features,geometry,splitter,sum_mode,dropout_p,invariant,graph_mode,train_frac,graph_method,weight_decay,max_neighbors,n_conv_layers,target_column,classification,embedding_specs,distance_emb_dim,internal_weights
2muggmf9,cv10-TMGSspinPlus-HOMO-inv-noH-ns64-d16-l3-energy-node,312,1.6013997793197632,1.175503492355347,1.1481854915618896,0.001,64,0,True,normal,123,2.5,data/yuri/dataloader_yuri.py:TMGSspinPlus,torchchem_v1,default,test:data/yuri/splits/9_test_indices.txt,node,0.05,True,energy,0.8,torchchem_v1,1e-05,50,3,HOMO,False,,16,
8vqd75fh,cv10-TMGSspinPlus-HOMO-inv-noH-ns64-d16-l3-energy-node,392,1.698457956314087,1.1972051858901978,1.1209566593170166,0.001,64,0,True,normal,123,2.5,data/yuri/dataloader_yuri.py:TMGSspinPlus,torchchem_v1,default,test:data/yuri/splits/7_test_indices.txt,node,0.05,True,energy,0.8,torchchem_v1,1e-05,50,3,HOMO,False,,16,
flwhav8j,cv10-TMGSspinPlus-HOMO-inv-noH-ns64-d16-l3-energy-node,325,1.864615559577942,1.3388036489486694,1.1331731081008911,0.001,64,0,True,normal,123,2.5,data/yuri/dataloader_yuri.py:TMGSspinPlus,torchchem_v1,default,test:data/yuri/splits/0_test_indices.txt,node,0.05,True,energy,0.8,torchchem_v1,1e-05,50,3,HOMO,False,,16,
fqditwrj,cv10-TMGSspinPlus-HOMO-inv-noH-ns64-d16-l3-energy-node,297,1.7510331869125366,1.2639694213867188,1.0633333921432495,0.001,64,0,True,normal,123,2.5,data/yuri/dataloader_yuri.py:TMGSspinPlus,torchchem_v1,default,test:data/yuri/splits/3_test_indices.txt,node,0.05,True,energy,0.8,torchchem_v1,1e-05,50,3,HOMO,False,,16,
npgmtaur,cv10-TMGSspinPlus-HOMO-inv-noH-ns64-d16-l3-energy-node,256,1.8638049364089968,1.2336541414260864,1.0633362531661987,0.001,64,0,True,normal,123,2.5,data/yuri/dataloader_yuri.py:TMGSspinPlus,torchchem_v1,default,test:data/yuri/splits/6_test_indices.txt,node,0.05,True,energy,0.8,torchchem_v1,1e-05,50,3,HOMO,False,,16,
ol5y5afi,cv10-TMGSspinPlus-HOMO-inv-noH-ns64-d16-l3-energy-node,367,1.9641743898391724,1.3411675691604614,1.106544852256775,0.001,64,0,True,normal,123,2.5,data/yuri/dataloader_yuri.py:TMGSspinPlus,torchchem_v1,default,test:data/yuri/splits/5_test_indices.txt,node,0.05,True,energy,0.8,torchchem_v1,1e-05,50,3,HOMO,False,,16,
orrjqpiw,cv10-TMGSspinPlus-HOMO-inv-noH-ns64-d16-l3-energy-node,296,1.6882306337356567,1.175573468208313,1.0853115320205688,0.001,64,0,True,normal,123,2.5,data/yuri/dataloader_yuri.py:TMGSspinPlus,torchchem_v1,default,test:data/yuri/splits/2_test_indices.txt,node,0.05,True,energy,0.8,torchchem_v1,1e-05,50,3,HOMO,False,,16,
xd31j5hh,cv10-TMGSspinPlus-HOMO-inv-noH-ns64-d16-l3-energy-node,329,1.5766053199768066,1.0509164333343506,1.0996391773223877,0.001,64,0,True,normal,123,2.5,data/yuri/dataloader_yuri.py:TMGSspinPlus,torchchem_v1,default,test:data/yuri/splits/4_test_indices.txt,node,0.05,True,energy,0.8,torchchem_v1,1e-05,50,3,HOMO,False,,16,
xtq8qss6,cv10-TMGSspinPlus-HOMO-inv-noH-ns64-d16-l3-energy-node,396,1.739830493927002,1.215582013130188,1.1116575002670288,0.001,64,0,True,normal,123,2.5,data/yuri/dataloader_yuri.py:TMGSspinPlus,torchchem_v1,default,test:data/yuri/splits/1_test_indices.txt,node,0.05,True,energy,0.8,torchchem_v1,1e-05,50,3,HOMO,False,,16,
yiq2ve7f,cv10-TMGSspinPlus-HOMO-inv-noH-ns64-d16-l3-energy-node,239,1.8953129053115845,1.3146235942840576,1.061166524887085,0.001,64,0,True,normal,123,2.5,data/yuri/dataloader_yuri.py:TMGSspinPlus,torchchem_v1,default,test:data/yuri/splits/8_test_indices.txt,node,0.05,True,energy,0.8,torchchem_v1,1e-05,50,3,HOMO,False,,16,
1b1iw40o,cv10-TMGSspinPlus-HOMO-inv-noH-ns64-d32-l3-vector_masked-node,378,1.5463922023773191,0.929336667060852,0.9689996242523192,0.001,64,0,True,normal,123,5.0,data/yuri/dataloader_yuri.py:TMGSspinPlus,torchchem_v1,default,test:data/yuri/splits/9_test_indices.txt,node,0.1,True,vector_masked,0.8,torchchem_v1,1e-05,50,3,HOMO,False,,32,
2nhplmh3,cv10-TMGSspinPlus-HOMO-inv-noH-ns64-d32-l3-vector_masked-node,472,1.9115434885025024,1.1463016271591189,0.9355663657188416,0.001,64,0,True,normal,123,5.0,data/yuri/dataloader_yuri.py:TMGSspinPlus,torchchem_v1,default,test:data/yuri/splits/1_test_indices.txt,node,0.1,True,vector_masked,0.8,torchchem_v1,1e-05,50,3,HOMO,False,,32,
47cmvq7w,cv10-TMGSspinPlus-HOMO-inv-noH-ns64-d32-l3-vector_masked-node,433,1.822742819786072,1.1304277181625366,0.9237857460975648,0.001,64,0,True,normal,123,5.0,data/yuri/dataloader_yuri.py:TMGSspinPlus,torchchem_v1,default,test:data/yuri/splits/8_test_indices.txt,node,0.1,True,vector_masked,0.8,torchchem_v1,1e-05,50,3,HOMO,False,,32,
5kn9gorm,cv10-TMGSspinPlus-HOMO-inv-noH-ns64-d32-l3-vector_masked-node,433,2.0651636123657227,1.155111312866211,0.956526517868042,0.001,64,0,True,normal,123,5.0,data/yuri/dataloader_yuri.py:TMGSspinPlus,torchchem_v1,default,test:data/yuri/splits/6_test_indices.txt,node,0.1,True,vector_masked,0.8,torchchem_v1,1e-05,50,3,HOMO,False,,32,
5yizfu6l,cv10-TMGSspinPlus-HOMO-inv-noH-ns64-d32-l3-vector_masked-node,483,1.8575888872146609,1.1172921657562256,1.0536766052246094,0.001,64,0,True,normal,123,5.0,data/yuri/dataloader_yuri.py:TMGSspinPlus,torchchem_v1,default,test:data/yuri/splits/7_test_indices.txt,node,0.1,True,vector_masked,0.8,torchchem_v1,1e-05,50,3,HOMO,False,,32,
cpaf072t,cv10-TMGSspinPlus-HOMO-inv-noH-ns64-d32-l3-vector_masked-node,328,1.944076418876648,1.2037590742111206,1.0685874223709106,0.001,64,0,True,normal,123,5.0,data/yuri/dataloader_yuri.py:TMGSspinPlus,torchchem_v1,default,test:data/yuri/splits/0_test_indices.txt,node,0.1,True,vector_masked,0.8,torchchem_v1,1e-05,50,3,HOMO,False,,32,
e0p9b903,cv10-TMGSspinPlus-HOMO-inv-noH-ns64-d32-l3-vector_masked-node,328,1.7784913778305054,1.1163996458053589,0.968959629535675,0.001,64,0,True,normal,123,5.0,data/yuri/dataloader_yuri.py:TMGSspinPlus,torchchem_v1,default,test:data/yuri/splits/3_test_indices.txt,node,0.1,True,vector_masked,0.8,torchchem_v1,1e-05,50,3,HOMO,False,,32,
nbok02pt,cv10-TMGSspinPlus-HOMO-inv-noH-ns64-d32-l3-vector_masked-node,371,1.872020959854126,1.0908540487289429,1.0478228330612185,0.001,64,0,True,normal,123,5.0,data/yuri/dataloader_yuri.py:TMGSspinPlus,torchchem_v1,default,test:data/yuri/splits/2_test_indices.txt,node,0.1,True,vector_masked,0.8,torchchem_v1,1e-05,50,3,HOMO,False,,32,
wrc2m279,cv10-TMGSspinPlus-HOMO-inv-noH-ns64-d32-l3-vector_masked-node,451,1.854876160621643,1.0728164911270142,0.9535428881645204,0.001,64,0,True,normal,123,5.0,data/yuri/dataloader_yuri.py:TMGSspinPlus,torchchem_v1,default,test:data/yuri/splits/4_test_indices.txt,node,0.1,True,vector_masked,0.8,torchchem_v1,1e-05,50,3,HOMO,False,,32,
x3nufu6v,cv10-TMGSspinPlus-HOMO-inv-noH-ns64-d32-l3-vector_masked-node,512,2.0295541286468506,1.2981643676757812,1.045251727104187,0.001,64,0,True,normal,123,5.0,data/yuri/dataloader_yuri.py:TMGSspinPlus,torchchem_v1,default,test:data/yuri/splits/5_test_indices.txt,node,0.1,True,vector_masked,0.8,torchchem_v1,1e-05,50,3,HOMO,False,,32,
1a1mtieb,cv10-TMGSspinPlus-LUMO-inv-noH-ns48-d64-l3-vector_masked-node,330,1.7477251291275024,1.1765300035476685,1.1958136558532717,0.0005,48,0,True,normal,123,5.0,data/yuri/dataloader_yuri.py:TMGSspinPlus,torchchem_v1,default,test:data/yuri/splits/9_test_indices.txt,node,0.0,True,vector_masked,0.8,torchchem_v1,0.0,50,3,LUMO,False,,64,
1me7xccu,cv10-TMGSspinPlus-LUMO-inv-noH-ns48-d64-l3-vector_masked-node,249,1.861806869506836,1.2305216789245603,1.0847516059875488,0.0005,48,0,True,normal,123,5.0,data/yuri/dataloader_yuri.py:TMGSspinPlus,torchchem_v1,default,test:data/yuri/splits/2_test_indices.txt,node,0.0,True,vector_masked,0.8,torchchem_v1,0.0,50,3,LUMO,False,,64,
23p7v76d,cv10-TMGSspinPlus-LUMO-inv-noH-ns48-d64-l3-vector_masked-node,206,2.1476407051086426,1.2951538562774658,1.2247949838638306,0.0005,48,0,True,normal,123,5.0,data/yuri/dataloader_yuri.py:TMGSspinPlus,torchchem_v1,default,test:data/yuri/splits/3_test_indices.txt,node,0.0,True,vector_masked,0.8,torchchem_v1,0.0,50,3,LUMO,False,,64,
ctglshil,cv10-TMGSspinPlus-LUMO-inv-noH-ns48-d64-l3-vector_masked-node,346,2.19254732131958,1.4151901006698608,1.2115167379379272,0.0005,48,0,True,normal,123,5.0,data/yuri/dataloader_yuri.py:TMGSspinPlus,torchchem_v1,default,test:data/yuri/splits/1_test_indices.txt,node,0.0,True,vector_masked,0.8,torchchem_v1,0.0,50,3,LUMO,False,,64,
plrokdub,cv10-TMGSspinPlus-LUMO-inv-noH-ns48-d64-l3-vector_masked-node,190,2.136139392852783,1.2875843048095703,1.1617136001586914,0.0005,48,0,True,normal,123,5.0,data/yuri/dataloader_yuri.py:TMGSspinPlus,torchchem_v1,default,test:data/yuri/splits/4_test_indices.txt,node,0.0,True,vector_masked,0.8,torchchem_v1,0.0,50,3,LUMO,False,,64,
qmagt3br,cv10-TMGSspinPlus-LUMO-inv-noH-ns48-d64-l3-vector_masked-node,204,2.2734925746917725,1.4562426805496216,1.1255229711532593,0.0005,48,0,True,normal,123,5.0,data/yuri/dataloader_yuri.py:TMGSspinPlus,torchchem_v1,default,test:data/yuri/splits/0_test_indices.txt,node,0.0,True,vector_masked,0.8,torchchem_v1,0.0,50,3,LUMO,False,,64,
r71khlte,cv10-TMGSspinPlus-LUMO-inv-noH-ns48-d64-l3-vector_masked-node,185,2.090670585632324,1.4919644594192505,1.1113030910491943,0.0005,48,0,True,normal,123,5.0,data/yuri/dataloader_yuri.py:TMGSspinPlus,torchchem_v1,default,test:data/yuri/splits/5_test_indices.txt,node,0.0,True,vector_masked,0.8,torchchem_v1,0.0,50,3,LUMO,False,,64,
sycj3s93,cv10-TMGSspinPlus-LUMO-inv-noH-ns48-d64-l3-vector_masked-node,273,2.0649547576904297,1.3297162055969238,1.21091890335083,0.0005,48,0,True,normal,123,5.0,data/yuri/dataloader_yuri.py:TMGSspinPlus,torchchem_v1,default,test:data/yuri/splits/6_test_indices.txt,node,0.0,True,vector_masked,0.8,torchchem_v1,0.0,50,3,LUMO,False,,64,
tk6elucw,cv10-TMGSspinPlus-LUMO-inv-noH-ns48-d64-l3-vector_masked-node,202,1.8347612619400024,1.3039268255233765,1.1693894863128662,0.0005,48,0,True,normal,123,5.0,data/yuri/dataloader_yuri.py:TMGSspinPlus,torchchem_v1,default,test:data/yuri/splits/7_test_indices.txt,node,0.0,True,vector_masked,0.8,torchchem_v1,0.0,50,3,LUMO,False,,64,
x5rcvgfd,cv10-TMGSspinPlus-LUMO-inv-noH-ns48-d64-l3-vector_masked-node,194,2.0632922649383545,1.393657088279724,1.1752817630767822,0.0005,48,0,True,normal,123,5.0,data/yuri/dataloader_yuri.py:TMGSspinPlus,torchchem_v1,default,test:data/yuri/splits/8_test_indices.txt,node,0.0,True,vector_masked,0.8,torchchem_v1,0.0,50,3,LUMO,False,,64,
3wich8sp,cv10-TMGSspinPlus-LUMO-inv-noH-ns64-d32-l3-energy-both,337,1.659396052360535,1.1979453563690186,1.1486973762512207,0.0005,64,0,True,normal,123,2.5,data/yuri/dataloader_yuri.py:TMGSspinPlus,torchchem_v1,default,test:data/yuri/splits/4_test_indices.txt,both,0.1,True,energy,0.8,torchchem_v1,0.001,25,3,LUMO,False,,32,
4w93uea3,cv10-TMGSspinPlus-LUMO-inv-noH-ns64-d32-l3-energy-both,228,1.7572191953659058,1.3427139520645142,1.2194916009902954,0.0005,64,0,True,normal,123,2.5,data/yuri/dataloader_yuri.py:TMGSspinPlus,torchchem_v1,default,test:data/yuri/splits/3_test_indices.txt,both,0.1,True,energy,0.8,torchchem_v1,0.001,25,3,LUMO,False,,32,
7co0t34v,cv10-TMGSspinPlus-LUMO-inv-noH-ns64-d32-l3-energy-both,276,1.6561821699142456,1.1773598194122314,1.1260504722595217,0.0005,64,0,True,normal,123,2.5,data/yuri/dataloader_yuri.py:TMGSspinPlus,torchchem_v1,default,test:data/yuri/splits/2_test_indices.txt,both,0.1,True,energy,0.8,torchchem_v1,0.001,25,3,LUMO,False,,32,
a2pnav4w,cv10-TMGSspinPlus-LUMO-inv-noH-ns64-d32-l3-energy-both,263,2.121976375579834,1.4801052808761597,1.1576228141784668,0.0005,64,0,True,normal,123,2.5,data/yuri/dataloader_yuri.py:TMGSspinPlus,torchchem_v1,default,test:data/yuri/splits/1_test_indices.txt,both,0.1,True,energy,0.8,torchchem_v1,0.001,25,3,LUMO,False,,32,
b1r6xo3k,cv10-TMGSspinPlus-LUMO-inv-noH-ns64-d32-l3-energy-both,259,1.6128934621810913,1.2217541933059692,1.17695951461792,0.0005,64,0,True,normal,123,2.5,data/yuri/dataloader_yuri.py:TMGSspinPlus,torchchem_v1,default,test:data/yuri/splits/9_test_indices.txt,both,0.1,True,energy,0.8,torchchem_v1,0.001,25,3,LUMO,False,,32,
c3pd9x3e,cv10-TMGSspinPlus-LUMO-inv-noH-ns64-d32-l3-energy-both,294,1.7616311311721802,1.2392234802246094,1.1011643409729004,0.0005,64,0,True,normal,123,2.5,data/yuri/dataloader_yuri.py:TMGSspinPlus,torchchem_v1,default,test:data/yuri/splits/8_test_indices.txt,both,0.1,True,energy,0.8,torchchem_v1,0.001,25,3,LUMO,False,,32,
dii6nig5,cv10-TMGSspinPlus-LUMO-inv-noH-ns64-d32-l3-energy-both,420,1.974196195602417,1.3713773488998413,1.1652984619140625,0.0005,64,0,True,normal,123,2.5,data/yuri/dataloader_yuri.py:TMGSspinPlus,torchchem_v1,default,test:data/yuri/splits/0_test_indices.txt,both,0.1,True,energy,0.8,torchchem_v1,0.001,25,3,LUMO,False,,32,
e0iex0zp,cv10-TMGSspinPlus-LUMO-inv-noH-ns64-d32-l3-energy-both,286,1.8308134078979492,1.3677412271499634,1.2177001237869265,0.0005,64,0,True,normal,123,2.5,data/yuri/dataloader_yuri.py:TMGSspinPlus,torchchem_v1,default,test:data/yuri/splits/7_test_indices.txt,both,0.1,True,energy,0.8,torchchem_v1,0.001,25,3,LUMO,False,,32,
o4rjr17x,cv10-TMGSspinPlus-LUMO-inv-noH-ns64-d32-l3-energy-both,359,1.8195037841796875,1.3146395683288574,1.119632124900818,0.0005,64,0,True,normal,123,2.5,data/yuri/dataloader_yuri.py:TMGSspinPlus,torchchem_v1,default,test:data/yuri/splits/5_test_indices.txt,both,0.1,True,energy,0.8,torchchem_v1,0.001,25,3,LUMO,False,,32,
xycniphq,cv10-TMGSspinPlus-LUMO-inv-noH-ns64-d32-l3-energy-both,398,1.7803900241851809,1.2504397630691528,1.1383723020553589,0.0005,64,0,True,normal,123,2.5,data/yuri/dataloader_yuri.py:TMGSspinPlus,torchchem_v1,default,test:data/yuri/splits/6_test_indices.txt,both,0.1,True,energy,0.8,torchchem_v1,0.001,25,3,LUMO,False,,32,
1o00jn3r,cv10-TMGSspinPlus-dipole_moment_Debye-inv-noH-ns64-d16-l3-energy-node,507,2.260714292526245,1.6260496377944946,1.970898151397705,0.001,64,0,True,normal,123,10.0,data/yuri/dataloader_yuri.py:TMGSspinPlus,torchchem_v1,default,test:data/yuri/splits/4_test_indices.txt,node,0.05,True,energy,0.8,torchchem_v1,1e-05,10,3,dipole_moment_Debye,False,,16,
7j00bjna,cv10-TMGSspinPlus-dipole_moment_Debye-inv-noH-ns64-d16-l3-energy-node,470,3.262956142425537,2.344754219055176,1.8030065298080444,0.001,64,0,True,normal,123,10.0,data/yuri/dataloader_yuri.py:TMGSspinPlus,torchchem_v1,default,test:data/yuri/splits/0_test_indices.txt,node,0.05,True,energy,0.8,torchchem_v1,1e-05,10,3,dipole_moment_Debye,False,,16,
avw1gutt,cv10-TMGSspinPlus-dipole_moment_Debye-inv-noH-ns64-d16-l3-energy-node,276,2.8756303787231445,2.056593179702759,1.873010754585266,0.001,64,0,True,normal,123,10.0,data/yuri/dataloader_yuri.py:TMGSspinPlus,torchchem_v1,default,test:data/yuri/splits/5_test_indices.txt,node,0.05,True,energy,0.8,torchchem_v1,1e-05,10,3,dipole_moment_Debye,False,,16,
f8bqxpd3,cv10-TMGSspinPlus-dipole_moment_Debye-inv-noH-ns64-d16-l3-energy-node,359,3.1788594722747803,2.1011526584625244,1.939977765083313,0.001,64,0,True,normal,123,10.0,data/yuri/dataloader_yuri.py:TMGSspinPlus,torchchem_v1,default,test:data/yuri/splits/7_test_indices.txt,node,0.05,True,energy,0.8,torchchem_v1,1e-05,10,3,dipole_moment_Debye,False,,16,
klsqt7wj,cv10-TMGSspinPlus-dipole_moment_Debye-inv-noH-ns64-d16-l3-energy-node,345,2.601952314376831,1.7852123975753784,2.0129358768463135,0.001,64,0,True,normal,123,10.0,data/yuri/dataloader_yuri.py:TMGSspinPlus,torchchem_v1,default,test:data/yuri/splits/8_test_indices.txt,node,0.05,True,energy,0.8,torchchem_v1,1e-05,10,3,dipole_moment_Debye,False,,16,
nyha7eec,cv10-TMGSspinPlus-dipole_moment_Debye-inv-noH-ns64-d16-l3-energy-node,321,2.992434024810791,1.9836411476135256,1.9746636152267456,0.001,64,0,True,normal,123,10.0,data/yuri/dataloader_yuri.py:TMGSspinPlus,torchchem_v1,default,test:data/yuri/splits/9_test_indices.txt,node,0.05,True,energy,0.8,torchchem_v1,1e-05,10,3,dipole_moment_Debye,False,,16,
sgcx0jql,cv10-TMGSspinPlus-dipole_moment_Debye-inv-noH-ns64-d16-l3-energy-node,401,3.3999783992767334,2.114154577255249,1.97044837474823,0.001,64,0,True,normal,123,10.0,data/yuri/dataloader_yuri.py:TMGSspinPlus,torchchem_v1,default,test:data/yuri/splits/1_test_indices.txt,node,0.05,True,energy,0.8,torchchem_v1,1e-05,10,3,dipole_moment_Debye,False,,16,
t4xa153y,cv10-TMGSspinPlus-dipole_moment_Debye-inv-noH-ns64-d16-l3-energy-node,413,2.7829949855804443,1.880561351776123,1.9468148946762085,0.001,64,0,True,normal,123,10.0,data/yuri/dataloader_yuri.py:TMGSspinPlus,torchchem_v1,default,test:data/yuri/splits/3_test_indices.txt,node,0.05,True,energy,0.8,torchchem_v1,1e-05,10,3,dipole_moment_Debye,False,,16,
v4skf2ze,cv10-TMGSspinPlus-dipole_moment_Debye-inv-noH-ns64-d16-l3-energy-node,339,2.852330207824707,1.7547050714492798,1.9755948781967163,0.001,64,0,True,normal,123,10.0,data/yuri/dataloader_yuri.py:TMGSspinPlus,torchchem_v1,default,test:data/yuri/splits/6_test_indices.txt,node,0.05,True,energy,0.8,torchchem_v1,1e-05,10,3,dipole_moment_Debye,False,,16,
y6zmbosp,cv10-TMGSspinPlus-dipole_moment_Debye-inv-noH-ns64-d16-l3-energy-node,284,2.822842836380005,2.0439772605895996,1.968616247177124,0.001,64,0,True,normal,123,10.0,data/yuri/dataloader_yuri.py:TMGSspinPlus,torchchem_v1,default,test:data/yuri/splits/2_test_indices.txt,node,0.05,True,energy,0.8,torchchem_v1,1e-05,10,3,dipole_moment_Debye,False,,16,
3a13jec1,cv10-TMGSspinPlus-dipole_moment_Debye-inv-noH-ns64-d16-l3-vector_masked-node,455,2.8695173263549805,1.9972530603408811,1.9785397052764893,0.0005,64,0,True,normal,123,10.0,data/yuri/dataloader_yuri.py:TMGSspinPlus,torchchem_v1,default,test:data/yuri/splits/3_test_indices.txt,node,0.1,True,vector_masked,0.8,torchchem_v1,1e-05,10,3,dipole_moment_Debye,False,,16,
40nkym3z,cv10-TMGSspinPlus-dipole_moment_Debye-inv-noH-ns64-d16-l3-vector_masked-node,444,3.030012607574463,2.1699209213256836,1.8938331604003904,0.0005,64,0,True,normal,123,10.0,data/yuri/dataloader_yuri.py:TMGSspinPlus,torchchem_v1,default,test:data/yuri/splits/2_test_indices.txt,node,0.1,True,vector_masked,0.8,torchchem_v1,1e-05,10,3,dipole_moment_Debye,False,,16,
75f9oafw,cv10-TMGSspinPlus-dipole_moment_Debye-inv-noH-ns64-d16-l3-vector_masked-node,267,3.326653480529785,2.1484808921813965,1.9924123287200928,0.0005,64,0,True,normal,123,10.0,data/yuri/dataloader_yuri.py:TMGSspinPlus,torchchem_v1,default,test:data/yuri/splits/1_test_indices.txt,node,0.1,True,vector_masked,0.8,torchchem_v1,1e-05,10,3,dipole_moment_Debye,False,,16,
chog7mrf,cv10-TMGSspinPlus-dipole_moment_Debye-inv-noH-ns64-d16-l3-vector_masked-node,344,3.213696002960205,2.1606712341308594,1.9070522785186768,0.0005,64,0,True,normal,123,10.0,data/yuri/dataloader_yuri.py:TMGSspinPlus,torchchem_v1,default,test:data/yuri/splits/9_test_indices.txt,node,0.1,True,vector_masked,0.8,torchchem_v1,1e-05,10,3,dipole_moment_Debye,False,,16,
ek2hvhv3,cv10-TMGSspinPlus-dipole_moment_Debye-inv-noH-ns64-d16-l3-vector_masked-node,309,2.6157703399658203,1.8402704000473025,2.0876073837280273,0.0005,64,0,True,normal,123,10.0,data/yuri/dataloader_yuri.py:TMGSspinPlus,torchchem_v1,default,test:data/yuri/splits/8_test_indices.txt,node,0.1,True,vector_masked,0.8,torchchem_v1,1e-05,10,3,dipole_moment_Debye,False,,16,
gonrhocl,cv10-TMGSspinPlus-dipole_moment_Debye-inv-noH-ns64-d16-l3-vector_masked-node,435,3.137242317199707,2.281156539916992,1.8072686195373535,0.0005,64,0,True,normal,123,10.0,data/yuri/dataloader_yuri.py:TMGSspinPlus,torchchem_v1,default,test:data/yuri/splits/0_test_indices.txt,node,0.1,True,vector_masked,0.8,torchchem_v1,1e-05,10,3,dipole_moment_Debye,False,,16,
h2pqgt6h,cv10-TMGSspinPlus-dipole_moment_Debye-inv-noH-ns64-d16-l3-vector_masked-node,283,3.327294111251831,2.384608507156372,1.9345334768295288,0.0005,64,0,True,normal,123,10.0,data/yuri/dataloader_yuri.py:TMGSspinPlus,torchchem_v1,default,test:data/yuri/splits/5_test_indices.txt,node,0.1,True,vector_masked,0.8,torchchem_v1,1e-05,10,3,dipole_moment_Debye,False,,16,
lafdibbz,cv10-TMGSspinPlus-dipole_moment_Debye-inv-noH-ns64-d16-l3-vector_masked-node,231,2.9684972763061523,2.00720739364624,1.9159173965454104,0.0005,64,0,True,normal,123,10.0,data/yuri/dataloader_yuri.py:TMGSspinPlus,torchchem_v1,default,test:data/yuri/splits/6_test_indices.txt,node,0.1,True,vector_masked,0.8,torchchem_v1,1e-05,10,3,dipole_moment_Debye,False,,16,
t8iaq31a,cv10-TMGSspinPlus-dipole_moment_Debye-inv-noH-ns64-d16-l3-vector_masked-node,336,2.2494688034057617,1.6430702209472656,2.019425630569458,0.0005,64,0,True,normal,123,10.0,data/yuri/dataloader_yuri.py:TMGSspinPlus,torchchem_v1,default,test:data/yuri/splits/4_test_indices.txt,node,0.1,True,vector_masked,0.8,torchchem_v1,1e-05,10,3,dipole_moment_Debye,False,,16,
wanvugbh,cv10-TMGSspinPlus-dipole_moment_Debye-inv-noH-ns64-d16-l3-vector_masked-node,271,3.2442398071289062,2.3142831325531006,1.937064528465271,0.0005,64,0,True,normal,123,10.0,data/yuri/dataloader_yuri.py:TMGSspinPlus,torchchem_v1,default,test:data/yuri/splits/7_test_indices.txt,node,0.1,True,vector_masked,0.8,torchchem_v1,1e-05,10,3,dipole_moment_Debye,False,,16,
4x4zzzh9,cv10-TMGSspinPlus-gap-inv-noH-ns64-d32-l3-vector-both,246,0.6100010871887207,0.4179080128669739,0.40293949842453,0.001,64,0,True,normal,123,2.5,data/yuri/dataloader_yuri.py:TMGSspinPlus,torchchem_v1,default,test:data/yuri/splits/6_test_indices.txt,both,0.0,True,vector,0.8,torchchem_v1,1e-05,50,3,gap,False,,32,
b12in3om,cv10-TMGSspinPlus-gap-inv-noH-ns64-d32-l3-vector-both,229,0.5560266971588135,0.4218851327896118,0.39463943243026733,0.001,64,0,True,normal,123,2.5,data/yuri/dataloader_yuri.py:TMGSspinPlus,torchchem_v1,default,test:data/yuri/splits/2_test_indices.txt,both,0.0,True,vector,0.8,torchchem_v1,1e-05,50,3,gap,False,,32,
c6o4et9h,cv10-TMGSspinPlus-gap-inv-noH-ns64-d32-l3-vector-both,269,0.5556932091712952,0.41740626096725464,0.3979946970939636,0.001,64,0,True,normal,123,2.5,data/yuri/dataloader_yuri.py:TMGSspinPlus,torchchem_v1,default,test:data/yuri/splits/4_test_indices.txt,both,0.0,True,vector,0.8,torchchem_v1,1e-05,50,3,gap,False,,32,
elx42nxk,cv10-TMGSspinPlus-gap-inv-noH-ns64-d32-l3-vector-both,376,0.5968127846717834,0.4163922965526581,0.4175704419612885,0.001,64,0,True,normal,123,2.5,data/yuri/dataloader_yuri.py:TMGSspinPlus,torchchem_v1,default,test:data/yuri/splits/8_test_indices.txt,both,0.0,True,vector,0.8,torchchem_v1,1e-05,50,3,gap,False,,32,
g1pwow0c,cv10-TMGSspinPlus-gap-inv-noH-ns64-d32-l3-vector-both,214,0.5766595602035522,0.42434602975845337,0.4194479286670685,0.001,64,0,True,normal,123,2.5,data/yuri/dataloader_yuri.py:TMGSspinPlus,torchchem_v1,default,test:data/yuri/splits/7_test_indices.txt,both,0.0,True,vector,0.8,torchchem_v1,1e-05,50,3,gap,False,,32,
grfv62v5,cv10-TMGSspinPlus-gap-inv-noH-ns64-d32-l3-vector-both,308,0.6225689649581909,0.4695397019386291,0.3721890151500702,0.001,64,0,True,normal,123,2.5,data/yuri/dataloader_yuri.py:TMGSspinPlus,torchchem_v1,default,test:data/yuri/splits/0_test_indices.txt,both,0.0,True,vector,0.8,torchchem_v1,1e-05,50,3,gap,False,,32,
kbsio0z0,cv10-TMGSspinPlus-gap-inv-noH-ns64-d32-l3-vector-both,214,0.6461378335952759,0.4684506058692932,0.4081976115703583,0.001,64,0,True,normal,123,2.5,data/yuri/dataloader_yuri.py:TMGSspinPlus,torchchem_v1,default,test:data/yuri/splits/1_test_indices.txt,both,0.0,True,vector,0.8,torchchem_v1,1e-05,50,3,gap,False,,32,
rn03vrmf,cv10-TMGSspinPlus-gap-inv-noH-ns64-d32-l3-vector-both,327,0.536551833152771,0.4167749583721161,0.39721041917800903,0.001,64,0,True,normal,123,2.5,data/yuri/dataloader_yuri.py:TMGSspinPlus,torchchem_v1,default,test:data/yuri/splits/9_test_indices.txt,both,0.0,True,vector,0.8,torchchem_v1,1e-05,50,3,gap,False,,32,
y72vhffo,cv10-TMGSspinPlus-gap-inv-noH-ns64-d32-l3-vector-both,324,0.5083203911781311,0.3916617035865784,0.4087949693202973,0.001,64,0,True,normal,123,2.5,data/yuri/dataloader_yuri.py:TMGSspinPlus,torchchem_v1,default,test:data/yuri/splits/5_test_indices.txt,both,0.0,True,vector,0.8,torchchem_v1,1e-05,50,3,gap,False,,32,
z30pg3gc,cv10-TMGSspinPlus-gap-inv-noH-ns64-d32-l3-vector-both,452,0.5513924956321716,0.4162379503250122,0.3925214111804962,0.001,64,0,True,normal,123,2.5,data/yuri/dataloader_yuri.py:TMGSspinPlus,torchchem_v1,default,test:data/yuri/splits/3_test_indices.txt,both,0.0,True,vector,0.8,torchchem_v1,1e-05,50,3,gap,False,,32,
097kq1jk,cv10-TMGSspinPlus-gap-inv-noH-ns64-d48-l3-vector_masked-both,510,0.5453809499740601,0.40781334042549133,0.3970622420310974,0.001,64,0,True,normal,123,2.5,data/yuri/dataloader_yuri.py:TMGSspinPlus,torchchem_v1,default,test:data/yuri/splits/5_test_indices.txt,both,0.1,True,vector_masked,0.8,torchchem_v1,1e-05,50,3,gap,False,,48,
1ifyqoil,cv10-TMGSspinPlus-gap-inv-noH-ns64-d48-l3-vector_masked-both,249,0.5761378407478333,0.4406089186668396,0.3990303874015808,0.001,64,0,True,normal,123,2.5,data/yuri/dataloader_yuri.py:TMGSspinPlus,torchchem_v1,default,test:data/yuri/splits/3_test_indices.txt,both,0.1,True,vector_masked,0.8,torchchem_v1,1e-05,50,3,gap,False,,48,
3hjo5dzb,cv10-TMGSspinPlus-gap-inv-noH-ns64-d48-l3-vector_masked-both,508,0.5929407477378845,0.4326727092266083,0.3971482217311859,0.001,64,0,True,normal,123,2.5,data/yuri/dataloader_yuri.py:TMGSspinPlus,torchchem_v1,default,test:data/yuri/splits/4_test_indices.txt,both,0.1,True,vector_masked,0.8,torchchem_v1,1e-05,50,3,gap,False,,48,
7xspqb5x,cv10-TMGSspinPlus-gap-inv-noH-ns64-d48-l3-vector_masked-both,512,0.6477357745170593,0.4863373935222626,0.3723336458206177,0.001,64,0,True,normal,123,2.5,data/yuri/dataloader_yuri.py:TMGSspinPlus,torchchem_v1,default,test:data/yuri/splits/0_test_indices.txt,both,0.1,True,vector_masked,0.8,torchchem_v1,1e-05,50,3,gap,False,,48,
czs5sd7v,cv10-TMGSspinPlus-gap-inv-noH-ns64-d48-l3-vector_masked-both,258,0.5848947167396545,0.4024413824081421,0.4180854856967926,0.001,64,0,True,normal,123,2.5,data/yuri/dataloader_yuri.py:TMGSspinPlus,torchchem_v1,default,test:data/yuri/splits/6_test_indices.txt,both,0.1,True,vector_masked,0.8,torchchem_v1,1e-05,50,3,gap,False,,48,
k71wge2j,cv10-TMGSspinPlus-gap-inv-noH-ns64-d48-l3-vector_masked-both,386,0.596293032169342,0.42371419072151184,0.4035820960998535,0.001,64,0,True,normal,123,2.5,data/yuri/dataloader_yuri.py:TMGSspinPlus,torchchem_v1,default,test:data/yuri/splits/7_test_indices.txt,both,0.1,True,vector_masked,0.8,torchchem_v1,1e-05,50,3,gap,False,,48,
kflfv751,cv10-TMGSspinPlus-gap-inv-noH-ns64-d48-l3-vector_masked-both,365,0.5517838597297668,0.3935890197753906,0.4173400998115539,0.001,64,0,True,normal,123,2.5,data/yuri/dataloader_yuri.py:TMGSspinPlus,torchchem_v1,default,test:data/yuri/splits/1_test_indices.txt,both,0.1,True,vector_masked,0.8,torchchem_v1,1e-05,50,3,gap,False,,48,
peewyx41,cv10-TMGSspinPlus-gap-inv-noH-ns64-d48-l3-vector_masked-both,328,0.545880913734436,0.4030041694641114,0.4055652320384979,0.001,64,0,True,normal,123,2.5,data/yuri/dataloader_yuri.py:TMGSspinPlus,torchchem_v1,default,test:data/yuri/splits/9_test_indices.txt,both,0.1,True,vector_masked,0.8,torchchem_v1,1e-05,50,3,gap,False,,48,
vvc7fiiw,cv10-TMGSspinPlus-gap-inv-noH-ns64-d48-l3-vector_masked-both,214,0.7179134488105774,0.4896368682384491,0.40862786769866943,0.001,64,0,True,normal,123,2.5,data/yuri/dataloader_yuri.py:TMGSspinPlus,torchchem_v1,default,test:data/yuri/splits/8_test_indices.txt,both,0.1,True,vector_masked,0.8,torchchem_v1,1e-05,50,3,gap,False,,48,
yq2f9fft,cv10-TMGSspinPlus-gap-inv-noH-ns64-d48-l3-vector_masked-both,350,0.5449820756912231,0.4184689521789551,0.4035901129245758,0.001,64,0,True,normal,123,2.5,data/yuri/dataloader_yuri.py:TMGSspinPlus,torchchem_v1,default,test:data/yuri/splits/2_test_indices.txt,both,0.1,True,vector_masked,0.8,torchchem_v1,1e-05,50,3,gap,False,,48,
0brygvlv,cv10-TMGSspinPlus-hirshfeld-inv-noH-ns48-d16-l3-energy-both,422,0.039215344935655594,0.026654653251171112,0.02449404075741768,0.001,48,0,True,normal,123,2.5,data/yuri/dataloader_yuri.py:TMGSspinPlus,torchchem_v1,default,test:data/yuri/splits/5_test_indices.txt,both,0.0,True,energy,0.8,torchchem_v1,0.0,10,3,hirshfeld,False,,16,
12k73icz,cv10-TMGSspinPlus-hirshfeld-inv-noH-ns48-d16-l3-energy-both,481,0.0427665188908577,0.0268004946410656,0.0274038203060627,0.001,48,0,True,normal,123,2.5,data/yuri/dataloader_yuri.py:TMGSspinPlus,torchchem_v1,default,test:data/yuri/splits/3_test_indices.txt,both,0.0,True,energy,0.8,torchchem_v1,0.0,10,3,hirshfeld,False,,16,
206kx209,cv10-TMGSspinPlus-hirshfeld-inv-noH-ns48-d16-l3-energy-both,356,0.041996750980615616,0.025740914046764377,0.02525961399078369,0.001,48,0,True,normal,123,2.5,data/yuri/dataloader_yuri.py:TMGSspinPlus,torchchem_v1,default,test:data/yuri/splits/9_test_indices.txt,both,0.0,True,energy,0.8,torchchem_v1,0.0,10,3,hirshfeld,False,,16,
ileyc5by,cv10-TMGSspinPlus-hirshfeld-inv-noH-ns48-d16-l3-energy-both,398,0.04178374260663986,0.028144596144557,0.025185519829392433,0.001,48,0,True,normal,123,2.5,data/yuri/dataloader_yuri.py:TMGSspinPlus,torchchem_v1,default,test:data/yuri/splits/4_test_indices.txt,both,0.0,True,energy,0.8,torchchem_v1,0.0,10,3,hirshfeld,False,,16,
opq3wdol,cv10-TMGSspinPlus-hirshfeld-inv-noH-ns48-d16-l3-energy-both,336,0.05212706699967384,0.034202877432107925,0.02631991356611252,0.001,48,0,True,normal,123,2.5,data/yuri/dataloader_yuri.py:TMGSspinPlus,torchchem_v1,default,test:data/yuri/splits/0_test_indices.txt,both,0.0,True,energy,0.8,torchchem_v1,0.0,10,3,hirshfeld,False,,16,
q99u4809,cv10-TMGSspinPlus-hirshfeld-inv-noH-ns48-d16-l3-energy-both,344,0.03987713158130646,0.02699603885412216,0.024621235206723213,0.001,48,0,True,normal,123,2.5,data/yuri/dataloader_yuri.py:TMGSspinPlus,torchchem_v1,default,test:data/yuri/splits/7_test_indices.txt,both,0.0,True,energy,0.8,torchchem_v1,0.0,10,3,hirshfeld,False,,16,
whjvzpz1,cv10-TMGSspinPlus-hirshfeld-inv-noH-ns48-d16-l3-energy-both,280,0.04334438964724541,0.028609855100512505,0.024447321891784668,0.001,48,0,True,normal,123,2.5,data/yuri/dataloader_yuri.py:TMGSspinPlus,torchchem_v1,default,test:data/yuri/splits/8_test_indices.txt,both,0.0,True,energy,0.8,torchchem_v1,0.0,10,3,hirshfeld,False,,16,
xipws7ov,cv10-TMGSspinPlus-hirshfeld-inv-noH-ns48-d16-l3-energy-both,291,0.03965314105153084,0.026927193626761436,0.024625448510050777,0.001,48,0,True,normal,123,2.5,data/yuri/dataloader_yuri.py:TMGSspinPlus,torchchem_v1,default,test:data/yuri/splits/6_test_indices.txt,both,0.0,True,energy,0.8,torchchem_v1,0.0,10,3,hirshfeld,False,,16,
xqd2zxmw,cv10-TMGSspinPlus-hirshfeld-inv-noH-ns48-d16-l3-energy-both,273,0.047211069613695145,0.03209115192294121,0.027488572522997856,0.001,48,0,True,normal,123,2.5,data/yuri/dataloader_yuri.py:TMGSspinPlus,torchchem_v1,default,test:data/yuri/splits/1_test_indices.txt,both,0.0,True,energy,0.8,torchchem_v1,0.0,10,3,hirshfeld,False,,16,
zjmh1v3r,cv10-TMGSspinPlus-hirshfeld-inv-noH-ns48-d16-l3-energy-both,451,0.03964143991470337,0.025835152715444565,0.025253184139728543,0.001,48,0,True,normal,123,2.5,data/yuri/dataloader_yuri.py:TMGSspinPlus,torchchem_v1,default,test:data/yuri/splits/2_test_indices.txt,both,0.0,True,energy,0.8,torchchem_v1,0.0,10,3,hirshfeld,False,,16,
1ucfyiap,cv10-TMGSspinPlus-hirshfeld-inv-noH-ns48-d16-l3-vector_masked-both,321,0.04173655807971954,0.02762947790324688,0.026461033150553703,0.001,48,0,True,normal,123,2.5,data/yuri/dataloader_yuri.py:TMGSspinPlus,torchchem_v1,default,test:data/yuri/splits/3_test_indices.txt,both,0.0,True,vector_masked,0.8,torchchem_v1,1e-05,10,3,hirshfeld,False,,16,
2e0q3g77,cv10-TMGSspinPlus-hirshfeld-inv-noH-ns48-d16-l3-vector_masked-both,334,0.05181846767663956,0.03361038491129875,0.027396267279982567,0.001,48,0,True,normal,123,2.5,data/yuri/dataloader_yuri.py:TMGSspinPlus,torchchem_v1,default,test:data/yuri/splits/0_test_indices.txt,both,0.0,True,vector_masked,0.8,torchchem_v1,1e-05,10,3,hirshfeld,False,,16,
4ls43yh1,cv10-TMGSspinPlus-hirshfeld-inv-noH-ns48-d16-l3-vector_masked-both,338,0.04594882577657699,0.03133596479892731,0.028086956590414047,0.001,48,0,True,normal,123,2.5,data/yuri/dataloader_yuri.py:TMGSspinPlus,torchchem_v1,default,test:data/yuri/splits/8_test_indices.txt,both,0.0,True,vector_masked,0.8,torchchem_v1,1e-05,10,3,hirshfeld,False,,16,
97efpgsr,cv10-TMGSspinPlus-hirshfeld-inv-noH-ns48-d16-l3-vector_masked-both,217,0.04211992397904396,0.029282839968800545,0.027312928810715675,0.001,48,0,True,normal,123,2.5,data/yuri/dataloader_yuri.py:TMGSspinPlus,torchchem_v1,default,test:data/yuri/splits/6_test_indices.txt,both,0.0,True,vector_masked,0.8,torchchem_v1,1e-05,10,3,hirshfeld,False,,16,
bcyagmz2,cv10-TMGSspinPlus-hirshfeld-inv-noH-ns48-d16-l3-vector_masked-both,274,0.03956088423728943,0.02776570245623589,0.02542800083756447,0.001,48,0,True,normal,123,2.5,data/yuri/dataloader_yuri.py:TMGSspinPlus,torchchem_v1,default,test:data/yuri/splits/7_test_indices.txt,both,0.0,True,vector_masked,0.8,torchchem_v1,1e-05,10,3,hirshfeld,False,,16,
ikxgr525,cv10-TMGSspinPlus-hirshfeld-inv-noH-ns48-d16-l3-vector_masked-both,288,0.04075803607702255,0.02776462212204933,0.026450324803590775,0.001,48,0,True,normal,123,2.5,data/yuri/dataloader_yuri.py:TMGSspinPlus,torchchem_v1,default,test:data/yuri/splits/4_test_indices.txt,both,0.0,True,vector_masked,0.8,torchchem_v1,1e-05,10,3,hirshfeld,False,,16,
jsmwwg71,cv10-TMGSspinPlus-hirshfeld-inv-noH-ns48-d16-l3-vector_masked-both,277,0.05211205780506134,0.03393227979540825,0.026835953816771507,0.001,48,0,True,normal,123,2.5,data/yuri/dataloader_yuri.py:TMGSspinPlus,torchchem_v1,default,test:data/yuri/splits/1_test_indices.txt,both,0.0,True,vector_masked,0.8,torchchem_v1,1e-05,10,3,hirshfeld,False,,16,
m66bliou,cv10-TMGSspinPlus-hirshfeld-inv-noH-ns48-d16-l3-vector_masked-both,213,0.04480872303247452,0.02981046587228775,0.027647309005260468,0.001,48,0,True,normal,123,2.5,data/yuri/dataloader_yuri.py:TMGSspinPlus,torchchem_v1,default,test:data/yuri/splits/5_test_indices.txt,both,0.0,True,vector_masked,0.8,torchchem_v1,1e-05,10,3,hirshfeld,False,,16,
trgad77j,cv10-TMGSspinPlus-hirshfeld-inv-noH-ns48-d16-l3-vector_masked-both,274,0.04072010517120361,0.02598966471850872,0.02730151079595089,0.001,48,0,True,normal,123,2.5,data/yuri/dataloader_yuri.py:TMGSspinPlus,torchchem_v1,default,test:data/yuri/splits/9_test_indices.txt,both,0.0,True,vector_masked,0.8,torchchem_v1,1e-05,10,3,hirshfeld,False,,16,
tu38gg99,cv10-TMGSspinPlus-hirshfeld-inv-noH-ns48-d16-l3-vector_masked-both,263,0.04152810573577881,0.02757393755018711,0.025962168350815773,0.001,48,0,True,normal,123,2.5,data/yuri/dataloader_yuri.py:TMGSspinPlus,torchchem_v1,default,test:data/yuri/splits/2_test_indices.txt,both,0.0,True,vector_masked,0.8,torchchem_v1,1e-05,10,3,hirshfeld,False,,16,
2xmvfl9i,cv10-TMGSspinPlus-splitting-inv-noH-ns64-d16-l3-energy-both,359,12.93075942993164,8.588370323181152,7.978957653045654,0.001,64,0,True,normal,123,5.0,data/yuri/dataloader_yuri.py:TMGSspinPlus,torchchem_v1,default,test:data/yuri/splits/2_test_indices.txt,both,0.0,True,energy,0.8,torchchem_v1,1e-05,50,3,splitting,False,,16,
3qtczqnl,cv10-TMGSspinPlus-splitting-inv-noH-ns64-d16-l3-energy-both,324,15.647112846374512,9.488539695739746,7.846933364868164,0.001,64,0,True,normal,123,5.0,data/yuri/dataloader_yuri.py:TMGSspinPlus,torchchem_v1,default,test:data/yuri/splits/6_test_indices.txt,both,0.0,True,energy,0.8,torchchem_v1,1e-05,50,3,splitting,False,,16,
8kfxci9u,cv10-TMGSspinPlus-splitting-inv-noH-ns64-d16-l3-energy-both,345,11.81836223602295,8.156713485717773,8.594305992126465,0.001,64,0,True,normal,123,5.0,data/yuri/dataloader_yuri.py:TMGSspinPlus,torchchem_v1,default,test:data/yuri/splits/9_test_indices.txt,both,0.0,True,energy,0.8,torchchem_v1,1e-05,50,3,splitting,False,,16,
90mdrqdk,cv10-TMGSspinPlus-splitting-inv-noH-ns64-d16-l3-energy-both,227,14.65491008758545,9.63458251953125,8.325764656066895,0.001,64,0,True,normal,123,5.0,data/yuri/dataloader_yuri.py:TMGSspinPlus,torchchem_v1,default,test:data/yuri/splits/7_test_indices.txt,both,0.0,True,energy,0.8,torchchem_v1,1e-05,50,3,splitting,False,,16,
apae86qm,cv10-TMGSspinPlus-splitting-inv-noH-ns64-d16-l3-energy-both,328,15.686841011047363,9.627488136291504,8.374629974365234,0.001,64,0,True,normal,123,5.0,data/yuri/dataloader_yuri.py:TMGSspinPlus,torchchem_v1,default,test:data/yuri/splits/8_test_indices.txt,both,0.0,True,energy,0.8,torchchem_v1,1e-05,50,3,splitting,False,,16,
k87nm3qg,cv10-TMGSspinPlus-splitting-inv-noH-ns64-d16-l3-energy-both,362,11.382214546203612,8.384921073913574,8.552111625671387,0.001,64,0,True,normal,123,5.0,data/yuri/dataloader_yuri.py:TMGSspinPlus,torchchem_v1,default,test:data/yuri/splits/5_test_indices.txt,both,0.0,True,energy,0.8,torchchem_v1,1e-05,50,3,splitting,False,,16,
lxr7uw5s,cv10-TMGSspinPlus-splitting-inv-noH-ns64-d16-l3-energy-both,327,13.477401733398438,9.28921890258789,7.915647506713867,0.001,64,0,True,normal,123,5.0,data/yuri/dataloader_yuri.py:TMGSspinPlus,torchchem_v1,default,test:data/yuri/splits/4_test_indices.txt,both,0.0,True,energy,0.8,torchchem_v1,1e-05,50,3,splitting,False,,16,
oipsohq3,cv10-TMGSspinPlus-splitting-inv-noH-ns64-d16-l3-energy-both,300,12.446274757385254,9.117114067077637,8.663475036621094,0.001,64,0,True,normal,123,5.0,data/yuri/dataloader_yuri.py:TMGSspinPlus,torchchem_v1,default,test:data/yuri/splits/3_test_indices.txt,both,0.0,True,energy,0.8,torchchem_v1,1e-05,50,3,splitting,False,,16,
whh9s5qs,cv10-TMGSspinPlus-splitting-inv-noH-ns64-d16-l3-energy-both,244,14.98190975189209,9.981456756591797,8.3724946975708,0.001,64,0,True,normal,123,5.0,data/yuri/dataloader_yuri.py:TMGSspinPlus,torchchem_v1,default,test:data/yuri/splits/0_test_indices.txt,both,0.0,True,energy,0.8,torchchem_v1,1e-05,50,3,splitting,False,,16,
zd0dbky1,cv10-TMGSspinPlus-splitting-inv-noH-ns64-d16-l3-energy-both,285,15.753216743469238,10.406094551086426,8.71101188659668,0.001,64,0,True,normal,123,5.0,data/yuri/dataloader_yuri.py:TMGSspinPlus,torchchem_v1,default,test:data/yuri/splits/1_test_indices.txt,both,0.0,True,energy,0.8,torchchem_v1,1e-05,50,3,splitting,False,,16,
8zcp5o67,cv10-TMGSspinPlus-splitting-inv-noH-ns64-d64-l2-vector_masked-node,251,12.54857063293457,8.933897018432617,8.364522933959961,0.001,64,0,True,normal,123,5.0,data/yuri/dataloader_yuri.py:TMGSspinPlus,torchchem_v1,default,test:data/yuri/splits/5_test_indices.txt,node,0.05,True,vector_masked,0.8,torchchem_v1,1e-05,25,2,splitting,False,,64,
96k0t8ee,cv10-TMGSspinPlus-splitting-inv-noH-ns64-d64-l2-vector_masked-node,249,15.622739791870115,9.401654243469238,8.256993293762207,0.001,64,0,True,normal,123,5.0,data/yuri/dataloader_yuri.py:TMGSspinPlus,torchchem_v1,default,test:data/yuri/splits/6_test_indices.txt,node,0.05,True,vector_masked,0.8,torchchem_v1,1e-05,25,2,splitting,False,,64,
f54c55ql,cv10-TMGSspinPlus-splitting-inv-noH-ns64-d64-l2-vector_masked-node,465,17.80405044555664,10.592174530029297,8.364556312561035,0.001,64,0,True,normal,123,5.0,data/yuri/dataloader_yuri.py:TMGSspinPlus,torchchem_v1,default,test:data/yuri/splits/8_test_indices.txt,node,0.05,True,vector_masked,0.8,torchchem_v1,1e-05,25,2,splitting,False,,64,
hgsl681y,cv10-TMGSspinPlus-splitting-inv-noH-ns64-d64-l2-vector_masked-node,351,13.30343532562256,8.55907917022705,8.812899589538574,0.001,64,0,True,normal,123,5.0,data/yuri/dataloader_yuri.py:TMGSspinPlus,torchchem_v1,default,test:data/yuri/splits/9_test_indices.txt,node,0.05,True,vector_masked,0.8,torchchem_v1,1e-05,25,2,splitting,False,,64,
jrtglq7l,cv10-TMGSspinPlus-splitting-inv-noH-ns64-d64-l2-vector_masked-node,250,13.834224700927734,9.268339157104492,8.638090133666992,0.001,64,0,True,normal,123,5.0,data/yuri/dataloader_yuri.py:TMGSspinPlus,torchchem_v1,default,test:data/yuri/splits/7_test_indices.txt,node,0.05,True,vector_masked,0.8,torchchem_v1,1e-05,25,2,splitting,False,,64,
lh4nntif,cv10-TMGSspinPlus-splitting-inv-noH-ns64-d64-l2-vector_masked-node,421,11.699055671691896,8.203286170959473,8.445755958557129,0.001,64,0,True,normal,123,5.0,data/yuri/dataloader_yuri.py:TMGSspinPlus,torchchem_v1,default,test:data/yuri/splits/2_test_indices.txt,node,0.05,True,vector_masked,0.8,torchchem_v1,1e-05,25,2,splitting,False,,64,
qw029r2t,cv10-TMGSspinPlus-splitting-inv-noH-ns64-d64-l2-vector_masked-node,231,15.751880645751951,10.31943416595459,8.460138320922852,0.001,64,0,True,normal,123,5.0,data/yuri/dataloader_yuri.py:TMGSspinPlus,torchchem_v1,default,test:data/yuri/splits/0_test_indices.txt,node,0.05,True,vector_masked,0.8,torchchem_v1,1e-05,25,2,splitting,False,,64,
sgoyymu8,cv10-TMGSspinPlus-splitting-inv-noH-ns64-d64-l2-vector_masked-node,380,13.444476127624512,9.418262481689451,8.36681842803955,0.001,64,0,True,normal,123,5.0,data/yuri/dataloader_yuri.py:TMGSspinPlus,torchchem_v1,default,test:data/yuri/splits/3_test_indices.txt,node,0.05,True,vector_masked,0.8,torchchem_v1,1e-05,25,2,splitting,False,,64,
t031hmly,cv10-TMGSspinPlus-splitting-inv-noH-ns64-d64-l2-vector_masked-node,377,13.794642448425291,9.348797798156738,8.480278968811035,0.001,64,0,True,normal,123,5.0,data/yuri/dataloader_yuri.py:TMGSspinPlus,torchchem_v1,default,test:data/yuri/splits/4_test_indices.txt,node,0.05,True,vector_masked,0.8,torchchem_v1,1e-05,25,2,splitting,False,,64,
xosnm2nv,cv10-TMGSspinPlus-splitting-inv-noH-ns64-d64-l2-vector_masked-node,287,17.543241500854492,10.580735206604004,9.144488334655762,0.001,64,0,True,normal,123,5.0,data/yuri/dataloader_yuri.py:TMGSspinPlus,torchchem_v1,default,test:data/yuri/splits/1_test_indices.txt,node,0.05,True,vector_masked,0.8,torchchem_v1,1e-05,25,2,splitting,False,,64,
3xnmi4qq,cv10-TMGSspinPlus_emb-HOMO-inv-noH-ns64-d16-l3-energy-node,325,0.6186404228210449,0.4087938964366913,0.4353845417499542,0.001,64,0,True,normal,123,2.5,data/yuri/dataloader_yuri.py:TMGSspinPlus,torchchem_v1,default,test:data/yuri/splits/2_test_indices.txt,node,0.05,True,energy,0.8,torchchem_v1,1e-05,50,3,HOMO,False,"{""multiplicity"":{""type"":""categorical"",""per"":""graph"",""in_dim"":1,""emb_dim"":1024,""num_classes"":101,""offset"":0},""total_charge"":{""type"":""categorical"",""per"":""graph"",""in_dim"":1,""emb_dim"":1024,""num_classes"":201,""offset"":100}}",16,False
5rryk4fl,cv10-TMGSspinPlus_emb-HOMO-inv-noH-ns64-d16-l3-energy-node,443,0.6365741491317749,0.4228399991989136,0.4675167798995972,0.001,64,0,True,normal,123,2.5,data/yuri/dataloader_yuri.py:TMGSspinPlus,torchchem_v1,default,test:data/yuri/splits/4_test_indices.txt,node,0.05,True,energy,0.8,torchchem_v1,1e-05,50,3,HOMO,False,"{""multiplicity"":{""type"":""categorical"",""per"":""graph"",""in_dim"":1,""emb_dim"":1024,""num_classes"":101,""offset"":0},""total_charge"":{""type"":""categorical"",""per"":""graph"",""in_dim"":1,""emb_dim"":1024,""num_classes"":201,""offset"":100}}",16,False
dzzimkrs,cv10-TMGSspinPlus_emb-HOMO-inv-noH-ns64-d16-l3-energy-node,391,0.5390161275863647,0.38959842920303345,0.41839614510536194,0.001,64,0,True,normal,123,2.5,data/yuri/dataloader_yuri.py:TMGSspinPlus,torchchem_v1,default,test:data/yuri/splits/3_test_indices.txt,node,0.05,True,energy,0.8,torchchem_v1,1e-05,50,3,HOMO,False,"{""multiplicity"":{""type"":""categorical"",""per"":""graph"",""in_dim"":1,""emb_dim"":1024,""num_classes"":101,""offset"":0},""total_charge"":{""type"":""categorical"",""per"":""graph"",""in_dim"":1,""emb_dim"":1024,""num_classes"":201,""offset"":100}}",16,False
ere7ocs0,cv10-TMGSspinPlus_emb-HOMO-inv-noH-ns64-d16-l3-energy-node,384,0.6208985447883606,0.4183544516563415,0.4646992087364197,0.001,64,0,True,normal,123,2.5,data/yuri/dataloader_yuri.py:TMGSspinPlus,torchchem_v1,default,test:data/yuri/splits/7_test_indices.txt,node,0.05,True,energy,0.8,torchchem_v1,1e-05,50,3,HOMO,False,"{""multiplicity"":{""type"":""categorical"",""per"":""graph"",""in_dim"":1,""emb_dim"":1024,""num_classes"":101,""offset"":0},""total_charge"":{""type"":""categorical"",""per"":""graph"",""in_dim"":1,""emb_dim"":1024,""num_classes"":201,""offset"":100}}",16,False
htqt147j,cv10-TMGSspinPlus_emb-HOMO-inv-noH-ns64-d16-l3-energy-node,356,1.4825042486190796,0.5041595697402954,0.3444478213787079,0.001,64,0,True,normal,123,2.5,data/yuri/dataloader_yuri.py:TMGSspinPlus,torchchem_v1,default,test:data/yuri/splits/1_test_indices.txt,node,0.05,True,energy,0.8,torchchem_v1,1e-05,50,3,HOMO,False,"{""multiplicity"":{""type"":""categorical"",""per"":""graph"",""in_dim"":1,""emb_dim"":1024,""num_classes"":101,""offset"":0},""total_charge"":{""type"":""categorical"",""per"":""graph"",""in_dim"":1,""emb_dim"":1024,""num_classes"":201,""offset"":100}}",16,False
igmytnsn,cv10-TMGSspinPlus_emb-HOMO-inv-noH-ns64-d16-l3-energy-node,505,0.5705388784408569,0.4060707986354828,0.4988543689250946,0.001,64,0,True,normal,123,2.5,data/yuri/dataloader_yuri.py:TMGSspinPlus,torchchem_v1,default,test:data/yuri/splits/9_test_indices.txt,node,0.05,True,energy,0.8,torchchem_v1,1e-05,50,3,HOMO,False,"{""multiplicity"":{""type"":""categorical"",""per"":""graph"",""in_dim"":1,""emb_dim"":1024,""num_classes"":101,""offset"":0},""total_charge"":{""type"":""categorical"",""per"":""graph"",""in_dim"":1,""emb_dim"":1024,""num_classes"":201,""offset"":100}}",16,False
m7ktz9sj,cv10-TMGSspinPlus_emb-HOMO-inv-noH-ns64-d16-l3-energy-node,512,0.6294078230857849,0.4253182709217071,0.40431320667266846,0.001,64,0,True,normal,123,2.5,data/yuri/dataloader_yuri.py:TMGSspinPlus,torchchem_v1,default,test:data/yuri/splits/5_test_indices.txt,node,0.05,True,energy,0.8,torchchem_v1,1e-05,50,3,HOMO,False,"{""multiplicity"":{""type"":""categorical"",""per"":""graph"",""in_dim"":1,""emb_dim"":1024,""num_classes"":101,""offset"":0},""total_charge"":{""type"":""categorical"",""per"":""graph"",""in_dim"":1,""emb_dim"":1024,""num_classes"":201,""offset"":100}}",16,False
q77z153k,cv10-TMGSspinPlus_emb-HOMO-inv-noH-ns64-d16-l3-energy-node,447,0.8066396117210388,0.43935874104499817,0.3899047374725342,0.001,64,0,True,normal,123,2.5,data/yuri/dataloader_yuri.py:TMGSspinPlus,torchchem_v1,default,test:data/yuri/splits/0_test_indices.txt,node,0.05,True,energy,0.8,torchchem_v1,1e-05,50,3,HOMO,False,"{""multiplicity"":{""type"":""categorical"",""per"":""graph"",""in_dim"":1,""emb_dim"":1024,""num_classes"":101,""offset"":0},""total_charge"":{""type"":""categorical"",""per"":""graph"",""in_dim"":1,""emb_dim"":1024,""num_classes"":201,""offset"":100}}",16,False
rmsnoc0a,cv10-TMGSspinPlus_emb-HOMO-inv-noH-ns64-d16-l3-energy-node,399,0.6030111908912659,0.4463108479976654,0.4870292246341706,0.001,64,0,True,normal,123,2.5,data/yuri/dataloader_yuri.py:TMGSspinPlus,torchchem_v1,default,test:data/yuri/splits/8_test_indices.txt,node,0.05,True,energy,0.8,torchchem_v1,1e-05,50,3,HOMO,False,"{""multiplicity"":{""type"":""categorical"",""per"":""graph"",""in_dim"":1,""emb_dim"":1024,""num_classes"":101,""offset"":0},""total_charge"":{""type"":""categorical"",""per"":""graph"",""in_dim"":1,""emb_dim"":1024,""num_classes"":201,""offset"":100}}",16,False
zshtwgky,cv10-TMGSspinPlus_emb-HOMO-inv-noH-ns64-d16-l3-energy-node,512,0.655665934085846,0.39615169167518616,0.411395788192749,0.001,64,0,True,normal,123,2.5,data/yuri/dataloader_yuri.py:TMGSspinPlus,torchchem_v1,default,test:data/yuri/splits/6_test_indices.txt,node,0.05,True,energy,0.8,torchchem_v1,1e-05,50,3,HOMO,False,"{""multiplicity"":{""type"":""categorical"",""per"":""graph"",""in_dim"":1,""emb_dim"":1024,""num_classes"":101,""offset"":0},""total_charge"":{""type"":""categorical"",""per"":""graph"",""in_dim"":1,""emb_dim"":1024,""num_classes"":201,""offset"":100}}",16,False
0nawhsst,cv10-TMGSspinPlus_emb-HOMO-inv-noH-ns64-d32-l3-vector_masked-node,512,0.5632251501083374,0.4046908617019654,0.40804195404052734,0.001,64,0,True,normal,123,5.0,data/yuri/dataloader_yuri.py:TMGSspinPlus,torchchem_v1,default,test:data/yuri/splits/4_test_indices.txt,node,0.1,True,vector_masked,0.8,torchchem_v1,1e-05,50,3,HOMO,False,"{""multiplicity"":{""type"":""categorical"",""per"":""graph"",""in_dim"":1,""emb_dim"":1024,""num_classes"":101,""offset"":0},""total_charge"":{""type"":""categorical"",""per"":""graph"",""in_dim"":1,""emb_dim"":1024,""num_classes"":201,""offset"":100}}",32,False
36x9ppap,cv10-TMGSspinPlus_emb-HOMO-inv-noH-ns64-d32-l3-vector_masked-node,367,1.7720507383346558,0.5312310457229614,0.34119442105293274,0.001,64,0,True,normal,123,5.0,data/yuri/dataloader_yuri.py:TMGSspinPlus,torchchem_v1,default,test:data/yuri/splits/1_test_indices.txt,node,0.1,True,vector_masked,0.8,torchchem_v1,1e-05,50,3,HOMO,False,"{""multiplicity"":{""type"":""categorical"",""per"":""graph"",""in_dim"":1,""emb_dim"":1024,""num_classes"":101,""offset"":0},""total_charge"":{""type"":""categorical"",""per"":""graph"",""in_dim"":1,""emb_dim"":1024,""num_classes"":201,""offset"":100}}",32,False
39ctri9m,cv10-TMGSspinPlus_emb-HOMO-inv-noH-ns64-d32-l3-vector_masked-node,352,0.6166977286338806,0.395782470703125,0.4526362121105194,0.001,64,0,True,normal,123,5.0,data/yuri/dataloader_yuri.py:TMGSspinPlus,torchchem_v1,default,test:data/yuri/splits/0_test_indices.txt,node,0.1,True,vector_masked,0.8,torchchem_v1,1e-05,50,3,HOMO,False,"{""multiplicity"":{""type"":""categorical"",""per"":""graph"",""in_dim"":1,""emb_dim"":1024,""num_classes"":101,""offset"":0},""total_charge"":{""type"":""categorical"",""per"":""graph"",""in_dim"":1,""emb_dim"":1024,""num_classes"":201,""offset"":100}}",32,False
8yrselzq,cv10-TMGSspinPlus_emb-HOMO-inv-noH-ns64-d32-l3-vector_masked-node,450,0.4834277927875519,0.3542395830154419,0.3863557577133178,0.001,64,0,True,normal,123,5.0,data/yuri/dataloader_yuri.py:TMGSspinPlus,torchchem_v1,default,test:data/yuri/splits/3_test_indices.txt,node,0.1,True,vector_masked,0.8,torchchem_v1,1e-05,50,3,HOMO,False,"{""multiplicity"":{""type"":""categorical"",""per"":""graph"",""in_dim"":1,""emb_dim"":1024,""num_classes"":101,""offset"":0},""total_charge"":{""type"":""categorical"",""per"":""graph"",""in_dim"":1,""emb_dim"":1024,""num_classes"":201,""offset"":100}}",32,False
9d27re78,cv10-TMGSspinPlus_emb-HOMO-inv-noH-ns64-d32-l3-vector_masked-node,512,0.5553016066551208,0.3822078704833984,0.4113355278968811,0.001,64,0,True,normal,123,5.0,data/yuri/dataloader_yuri.py:TMGSspinPlus,torchchem_v1,default,test:data/yuri/splits/6_test_indices.txt,node,0.1,True,vector_masked,0.8,torchchem_v1,1e-05,50,3,HOMO,False,"{""multiplicity"":{""type"":""categorical"",""per"":""graph"",""in_dim"":1,""emb_dim"":1024,""num_classes"":101,""offset"":0},""total_charge"":{""type"":""categorical"",""per"":""graph"",""in_dim"":1,""emb_dim"":1024,""num_classes"":201,""offset"":100}}",32,False
ctnv2cuq,cv10-TMGSspinPlus_emb-HOMO-inv-noH-ns64-d32-l3-vector_masked-node,494,0.4925349950790405,0.3763664960861206,0.4278186559677124,0.001,64,0,True,normal,123,5.0,data/yuri/dataloader_yuri.py:TMGSspinPlus,torchchem_v1,default,test:data/yuri/splits/8_test_indices.txt,node,0.1,True,vector_masked,0.8,torchchem_v1,1e-05,50,3,HOMO,False,"{""multiplicity"":{""type"":""categorical"",""per"":""graph"",""in_dim"":1,""emb_dim"":1024,""num_classes"":101,""offset"":0},""total_charge"":{""type"":""categorical"",""per"":""graph"",""in_dim"":1,""emb_dim"":1024,""num_classes"":201,""offset"":100}}",32,False
mcfqsloc,cv10-TMGSspinPlus_emb-HOMO-inv-noH-ns64-d32-l3-vector_masked-node,372,0.5346167683601379,0.33553698658943176,0.4130294919013977,0.001,64,0,True,normal,123,5.0,data/yuri/dataloader_yuri.py:TMGSspinPlus,torchchem_v1,default,test:data/yuri/splits/2_test_indices.txt,node,0.1,True,vector_masked,0.8,torchchem_v1,1e-05,50,3,HOMO,False,"{""multiplicity"":{""type"":""categorical"",""per"":""graph"",""in_dim"":1,""emb_dim"":1024,""num_classes"":101,""offset"":0},""total_charge"":{""type"":""categorical"",""per"":""graph"",""in_dim"":1,""emb_dim"":1024,""num_classes"":201,""offset"":100}}",32,False
pnz5e3d0,cv10-TMGSspinPlus_emb-HOMO-inv-noH-ns64-d32-l3-vector_masked-node,228,0.7077343463897705,0.4362860321998596,0.428325355052948,0.001,64,0,True,normal,123,5.0,data/yuri/dataloader_yuri.py:TMGSspinPlus,torchchem_v1,default,test:data/yuri/splits/5_test_indices.txt,node,0.1,True,vector_masked,0.8,torchchem_v1,1e-05,50,3,HOMO,False,"{""multiplicity"":{""type"":""categorical"",""per"":""graph"",""in_dim"":1,""emb_dim"":1024,""num_classes"":101,""offset"":0},""total_charge"":{""type"":""categorical"",""per"":""graph"",""in_dim"":1,""emb_dim"":1024,""num_classes"":201,""offset"":100}}",32,False
t4sp8tu3,cv10-TMGSspinPlus_emb-HOMO-inv-noH-ns64-d32-l3-vector_masked-node,512,0.5236175060272217,0.37131252884864807,0.4058285653591156,0.001,64,0,True,normal,123,5.0,data/yuri/dataloader_yuri.py:TMGSspinPlus,torchchem_v1,default,test:data/yuri/splits/9_test_indices.txt,node,0.1,True,vector_masked,0.8,torchchem_v1,1e-05,50,3,HOMO,False,"{""multiplicity"":{""type"":""categorical"",""per"":""graph"",""in_dim"":1,""emb_dim"":1024,""num_classes"":101,""offset"":0},""total_charge"":{""type"":""categorical"",""per"":""graph"",""in_dim"":1,""emb_dim"":1024,""num_classes"":201,""offset"":100}}",32,False
um7uh96u,cv10-TMGSspinPlus_emb-HOMO-inv-noH-ns64-d32-l3-vector_masked-node,339,0.5028931498527527,0.3574524223804474,0.454754650592804,0.001,64,0,True,normal,123,5.0,data/yuri/dataloader_yuri.py:TMGSspinPlus,torchchem_v1,default,test:data/yuri/splits/7_test_indices.txt,node,0.1,True,vector_masked,0.8,torchchem_v1,1e-05,50,3,HOMO,False,"{""multiplicity"":{""type"":""categorical"",""per"":""graph"",""in_dim"":1,""emb_dim"":1024,""num_classes"":101,""offset"":0},""total_charge"":{""type"":""categorical"",""per"":""graph"",""in_dim"":1,""emb_dim"":1024,""num_classes"":201,""offset"":100}}",32,False
1ijklf9y,cv10-TMGSspinPlus_emb-LUMO-inv-noH-ns48-d64-l3-vector_masked-node,324,0.5603193640708923,0.4268248975276947,0.479792982339859,0.0005,48,0,True,normal,123,5.0,data/yuri/dataloader_yuri.py:TMGSspinPlus,torchchem_v1,default,test:data/yuri/splits/3_test_indices.txt,node,0.0,True,vector_masked,0.8,torchchem_v1,0.0,50,3,LUMO,False,"{""multiplicity"":{""type"":""categorical"",""per"":""graph"",""in_dim"":1,""emb_dim"":1024,""num_classes"":101,""offset"":0},""total_charge"":{""type"":""categorical"",""per"":""graph"",""in_dim"":1,""emb_dim"":1024,""num_classes"":201,""offset"":100}}",64,False
b19578zo,cv10-TMGSspinPlus_emb-LUMO-inv-noH-ns48-d64-l3-vector_masked-node,252,0.5678728818893433,0.4361749589443207,0.491293340921402,0.0005,48,0,True,normal,123,5.0,data/yuri/dataloader_yuri.py:TMGSspinPlus,torchchem_v1,default,test:data/yuri/splits/9_test_indices.txt,node,0.0,True,vector_masked,0.8,torchchem_v1,0.0,50,3,LUMO,False,"{""multiplicity"":{""type"":""categorical"",""per"":""graph"",""in_dim"":1,""emb_dim"":1024,""num_classes"":101,""offset"":0},""total_charge"":{""type"":""categorical"",""per"":""graph"",""in_dim"":1,""emb_dim"":1024,""num_classes"":201,""offset"":100}}",64,False
bqxla6oe,cv10-TMGSspinPlus_emb-LUMO-inv-noH-ns48-d64-l3-vector_masked-node,197,0.6081454753875732,0.4582113325595856,0.49186038970947266,0.0005,48,0,True,normal,123,5.0,data/yuri/dataloader_yuri.py:TMGSspinPlus,torchchem_v1,default,test:data/yuri/splits/7_test_indices.txt,node,0.0,True,vector_masked,0.8,torchchem_v1,0.0,50,3,LUMO,False,"{""multiplicity"":{""type"":""categorical"",""per"":""graph"",""in_dim"":1,""emb_dim"":1024,""num_classes"":101,""offset"":0},""total_charge"":{""type"":""categorical"",""per"":""graph"",""in_dim"":1,""emb_dim"":1024,""num_classes"":201,""offset"":100}}",64,False
c2nsmwn1,cv10-TMGSspinPlus_emb-LUMO-inv-noH-ns48-d64-l3-vector_masked-node,294,0.6572079062461853,0.466273695230484,0.4931848347187042,0.0005,48,0,True,normal,123,5.0,data/yuri/dataloader_yuri.py:TMGSspinPlus,torchchem_v1,default,test:data/yuri/splits/4_test_indices.txt,node,0.0,True,vector_masked,0.8,torchchem_v1,0.0,50,3,LUMO,False,"{""multiplicity"":{""type"":""categorical"",""per"":""graph"",""in_dim"":1,""emb_dim"":1024,""num_classes"":101,""offset"":0},""total_charge"":{""type"":""categorical"",""per"":""graph"",""in_dim"":1,""emb_dim"":1024,""num_classes"":201,""offset"":100}}",64,False
dj68kmmm,cv10-TMGSspinPlus_emb-LUMO-inv-noH-ns48-d64-l3-vector_masked-node,316,0.6363372802734375,0.46098822355270386,0.5123317837715149,0.0005,48,0,True,normal,123,5.0,data/yuri/dataloader_yuri.py:TMGSspinPlus,torchchem_v1,default,test:data/yuri/splits/0_test_indices.txt,node,0.0,True,vector_masked,0.8,torchchem_v1,0.0,50,3,LUMO,False,"{""multiplicity"":{""type"":""categorical"",""per"":""graph"",""in_dim"":1,""emb_dim"":1024,""num_classes"":101,""offset"":0},""total_charge"":{""type"":""categorical"",""per"":""graph"",""in_dim"":1,""emb_dim"":1024,""num_classes"":201,""offset"":100}}",64,False
gyi8nkhn,cv10-TMGSspinPlus_emb-LUMO-inv-noH-ns48-d64-l3-vector_masked-node,456,1.5776777267456057,0.5765102505683899,0.42586687207221985,0.0005,48,0,True,normal,123,5.0,data/yuri/dataloader_yuri.py:TMGSspinPlus,torchchem_v1,default,test:data/yuri/splits/1_test_indices.txt,node,0.0,True,vector_masked,0.8,torchchem_v1,0.0,50,3,LUMO,False,"{""multiplicity"":{""type"":""categorical"",""per"":""graph"",""in_dim"":1,""emb_dim"":1024,""num_classes"":101,""offset"":0},""total_charge"":{""type"":""categorical"",""per"":""graph"",""in_dim"":1,""emb_dim"":1024,""num_classes"":201,""offset"":100}}",64,False
lyruehsa,cv10-TMGSspinPlus_emb-LUMO-inv-noH-ns48-d64-l3-vector_masked-node,331,0.5977300405502319,0.4410705864429474,0.49293237924575806,0.0005,48,0,True,normal,123,5.0,data/yuri/dataloader_yuri.py:TMGSspinPlus,torchchem_v1,default,test:data/yuri/splits/6_test_indices.txt,node,0.0,True,vector_masked,0.8,torchchem_v1,0.0,50,3,LUMO,False,"{""multiplicity"":{""type"":""categorical"",""per"":""graph"",""in_dim"":1,""emb_dim"":1024,""num_classes"":101,""offset"":0},""total_charge"":{""type"":""categorical"",""per"":""graph"",""in_dim"":1,""emb_dim"":1024,""num_classes"":201,""offset"":100}}",64,False
messw7cb,cv10-TMGSspinPlus_emb-LUMO-inv-noH-ns48-d64-l3-vector_masked-node,297,0.5780699849128723,0.4204623699188232,0.5116486549377441,0.0005,48,0,True,normal,123,5.0,data/yuri/dataloader_yuri.py:TMGSspinPlus,torchchem_v1,default,test:data/yuri/splits/2_test_indices.txt,node,0.0,True,vector_masked,0.8,torchchem_v1,0.0,50,3,LUMO,False,"{""multiplicity"":{""type"":""categorical"",""per"":""graph"",""in_dim"":1,""emb_dim"":1024,""num_classes"":101,""offset"":0},""total_charge"":{""type"":""categorical"",""per"":""graph"",""in_dim"":1,""emb_dim"":1024,""num_classes"":201,""offset"":100}}",64,False
whgjzp7b,cv10-TMGSspinPlus_emb-LUMO-inv-noH-ns48-d64-l3-vector_masked-node,423,0.5865204334259033,0.4154303371906281,0.4901355504989624,0.0005,48,0,True,normal,123,5.0,data/yuri/dataloader_yuri.py:TMGSspinPlus,torchchem_v1,default,test:data/yuri/splits/8_test_indices.txt,node,0.0,True,vector_masked,0.8,torchchem_v1,0.0,50,3,LUMO,False,"{""multiplicity"":{""type"":""categorical"",""per"":""graph"",""in_dim"":1,""emb_dim"":1024,""num_classes"":101,""offset"":0},""total_charge"":{""type"":""categorical"",""per"":""graph"",""in_dim"":1,""emb_dim"":1024,""num_classes"":201,""offset"":100}}",64,False
z6mm4owr,cv10-TMGSspinPlus_emb-LUMO-inv-noH-ns48-d64-l3-vector_masked-node,198,0.5885801315307617,0.4628276228904724,0.4850573241710663,0.0005,48,0,True,normal,123,5.0,data/yuri/dataloader_yuri.py:TMGSspinPlus,torchchem_v1,default,test:data/yuri/splits/5_test_indices.txt,node,0.0,True,vector_masked,0.8,torchchem_v1,0.0,50,3,LUMO,False,"{""multiplicity"":{""type"":""categorical"",""per"":""graph"",""in_dim"":1,""emb_dim"":1024,""num_classes"":101,""offset"":0},""total_charge"":{""type"":""categorical"",""per"":""graph"",""in_dim"":1,""emb_dim"":1024,""num_classes"":201,""offset"":100}}",64,False
0rpym9so,cv10-TMGSspinPlus_emb-LUMO-inv-noH-ns64-d32-l3-energy-both,280,0.7708902955055237,0.5099228024482727,0.5519662499427795,0.0005,64,0,True,normal,123,2.5,data/yuri/dataloader_yuri.py:TMGSspinPlus,torchchem_v1,default,test:data/yuri/splits/8_test_indices.txt,both,0.1,True,energy,0.8,torchchem_v1,0.001,25,3,LUMO,False,"{""multiplicity"":{""type"":""categorical"",""per"":""graph"",""in_dim"":1,""emb_dim"":1024,""num_classes"":101,""offset"":0},""total_charge"":{""type"":""categorical"",""per"":""graph"",""in_dim"":1,""emb_dim"":1024,""num_classes"":201,""offset"":100}}",32,False
27gvgo80,cv10-TMGSspinPlus_emb-LUMO-inv-noH-ns64-d32-l3-energy-both,389,0.8505756258964539,0.4994681477546692,0.5386766791343689,0.0005,64,0,True,normal,123,2.5,data/yuri/dataloader_yuri.py:TMGSspinPlus,torchchem_v1,default,test:data/yuri/splits/5_test_indices.txt,both,0.1,True,energy,0.8,torchchem_v1,0.001,25,3,LUMO,False,"{""multiplicity"":{""type"":""categorical"",""per"":""graph"",""in_dim"":1,""emb_dim"":1024,""num_classes"":101,""offset"":0},""total_charge"":{""type"":""categorical"",""per"":""graph"",""in_dim"":1,""emb_dim"":1024,""num_classes"":201,""offset"":100}}",32,False
2wm8gcph,cv10-TMGSspinPlus_emb-LUMO-inv-noH-ns64-d32-l3-energy-both,452,0.5827419757843018,0.4385572671890259,0.5346322059631348,0.0005,64,0,True,normal,123,2.5,data/yuri/dataloader_yuri.py:TMGSspinPlus,torchchem_v1,default,test:data/yuri/splits/9_test_indices.txt,both,0.1,True,energy,0.8,torchchem_v1,0.001,25,3,LUMO,False,"{""multiplicity"":{""type"":""categorical"",""per"":""graph"",""in_dim"":1,""emb_dim"":1024,""num_classes"":101,""offset"":0},""total_charge"":{""type"":""categorical"",""per"":""graph"",""in_dim"":1,""emb_dim"":1024,""num_classes"":201,""offset"":100}}",32,False
7tv8w1gy,cv10-TMGSspinPlus_emb-LUMO-inv-noH-ns64-d32-l3-energy-both,481,1.6397210359573364,0.6396862268447876,0.4551642537117005,0.0005,64,0,True,normal,123,2.5,data/yuri/dataloader_yuri.py:TMGSspinPlus,torchchem_v1,default,test:data/yuri/splits/1_test_indices.txt,both,0.1,True,energy,0.8,torchchem_v1,0.001,25,3,LUMO,False,"{""multiplicity"":{""type"":""categorical"",""per"":""graph"",""in_dim"":1,""emb_dim"":1024,""num_classes"":101,""offset"":0},""total_charge"":{""type"":""categorical"",""per"":""graph"",""in_dim"":1,""emb_dim"":1024,""num_classes"":201,""offset"":100}}",32,False
83tr9mxu,cv10-TMGSspinPlus_emb-LUMO-inv-noH-ns64-d32-l3-energy-both,477,0.7691437602043152,0.5001516938209534,0.5298604369163513,0.0005,64,0,True,normal,123,2.5,data/yuri/dataloader_yuri.py:TMGSspinPlus,torchchem_v1,default,test:data/yuri/splits/4_test_indices.txt,both,0.1,True,energy,0.8,torchchem_v1,0.001,25,3,LUMO,False,"{""multiplicity"":{""type"":""categorical"",""per"":""graph"",""in_dim"":1,""emb_dim"":1024,""num_classes"":101,""offset"":0},""total_charge"":{""type"":""categorical"",""per"":""graph"",""in_dim"":1,""emb_dim"":1024,""num_classes"":201,""offset"":100}}",32,False
a0osrkgj,cv10-TMGSspinPlus_emb-LUMO-inv-noH-ns64-d32-l3-energy-both,392,0.6351315379142761,0.4298986196517944,0.554409384727478,0.0005,64,0,True,normal,123,2.5,data/yuri/dataloader_yuri.py:TMGSspinPlus,torchchem_v1,default,test:data/yuri/splits/2_test_indices.txt,both,0.1,True,energy,0.8,torchchem_v1,0.001,25,3,LUMO,False,"{""multiplicity"":{""type"":""categorical"",""per"":""graph"",""in_dim"":1,""emb_dim"":1024,""num_classes"":101,""offset"":0},""total_charge"":{""type"":""categorical"",""per"":""graph"",""in_dim"":1,""emb_dim"":1024,""num_classes"":201,""offset"":100}}",32,False
blwhr9x0,cv10-TMGSspinPlus_emb-LUMO-inv-noH-ns64-d32-l3-energy-both,512,0.6560788154602051,0.4879332482814789,0.539455771446228,0.0005,64,0,True,normal,123,2.5,data/yuri/dataloader_yuri.py:TMGSspinPlus,torchchem_v1,default,test:data/yuri/splits/7_test_indices.txt,both,0.1,True,energy,0.8,torchchem_v1,0.001,25,3,LUMO,False,"{""multiplicity"":{""type"":""categorical"",""per"":""graph"",""in_dim"":1,""emb_dim"":1024,""num_classes"":101,""offset"":0},""total_charge"":{""type"":""categorical"",""per"":""graph"",""in_dim"":1,""emb_dim"":1024,""num_classes"":201,""offset"":100}}",32,False
dwyaqjtm,cv10-TMGSspinPlus_emb-LUMO-inv-noH-ns64-d32-l3-energy-both,512,0.6134880185127258,0.46246370673179626,0.5240906476974487,0.0005,64,0,True,normal,123,2.5,data/yuri/dataloader_yuri.py:TMGSspinPlus,torchchem_v1,default,test:data/yuri/splits/3_test_indices.txt,both,0.1,True,energy,0.8,torchchem_v1,0.001,25,3,LUMO,False,"{""multiplicity"":{""type"":""categorical"",""per"":""graph"",""in_dim"":1,""emb_dim"":1024,""num_classes"":101,""offset"":0},""total_charge"":{""type"":""categorical"",""per"":""graph"",""in_dim"":1,""emb_dim"":1024,""num_classes"":201,""offset"":100}}",32,False
et7ej3v1,cv10-TMGSspinPlus_emb-LUMO-inv-noH-ns64-d32-l3-energy-both,435,0.7228350639343262,0.4830193817615509,0.5477017164230347,0.0005,64,0,True,normal,123,2.5,data/yuri/dataloader_yuri.py:TMGSspinPlus,torchchem_v1,default,test:data/yuri/splits/6_test_indices.txt,both,0.1,True,energy,0.8,torchchem_v1,0.001,25,3,LUMO,False,"{""multiplicity"":{""type"":""categorical"",""per"":""graph"",""in_dim"":1,""emb_dim"":1024,""num_classes"":101,""offset"":0},""total_charge"":{""type"":""categorical"",""per"":""graph"",""in_dim"":1,""emb_dim"":1024,""num_classes"":201,""offset"":100}}",32,False
o025o0lh,cv10-TMGSspinPlus_emb-LUMO-inv-noH-ns64-d32-l3-energy-both,493,0.786102831363678,0.5405992865562439,0.5358428359031677,0.0005,64,0,True,normal,123,2.5,data/yuri/dataloader_yuri.py:TMGSspinPlus,torchchem_v1,default,test:data/yuri/splits/0_test_indices.txt,both,0.1,True,energy,0.8,torchchem_v1,0.001,25,3,LUMO,False,"{""multiplicity"":{""type"":""categorical"",""per"":""graph"",""in_dim"":1,""emb_dim"":1024,""num_classes"":101,""offset"":0},""total_charge"":{""type"":""categorical"",""per"":""graph"",""in_dim"":1,""emb_dim"":1024,""num_classes"":201,""offset"":100}}",32,False
18k7414n,cv10-TMGSspinPlus_emb-dipole_moment_Debye-inv-noH-ns64-d16-l3-energy-node,272,2.525584936141968,1.9174902439117432,2.1234986782073975,0.001,64,0,True,normal,123,10.0,data/yuri/dataloader_yuri.py:TMGSspinPlus,torchchem_v1,default,test:data/yuri/splits/4_test_indices.txt,node,0.05,True,energy,0.8,torchchem_v1,1e-05,10,3,dipole_moment_Debye,False,"{""multiplicity"":{""type"":""categorical"",""per"":""graph"",""in_dim"":1,""emb_dim"":1024,""num_classes"":101,""offset"":0},""total_charge"":{""type"":""categorical"",""per"":""graph"",""in_dim"":1,""emb_dim"":1024,""num_classes"":201,""offset"":100}}",16,False
329dr5em,cv10-TMGSspinPlus_emb-dipole_moment_Debye-inv-noH-ns64-d16-l3-energy-node,452,2.9214587211608887,2.0929923057556152,2.0172390937805176,0.001,64,0,True,normal,123,10.0,data/yuri/dataloader_yuri.py:TMGSspinPlus,torchchem_v1,default,test:data/yuri/splits/3_test_indices.txt,node,0.05,True,energy,0.8,torchchem_v1,1e-05,10,3,dipole_moment_Debye,False,"{""multiplicity"":{""type"":""categorical"",""per"":""graph"",""in_dim"":1,""emb_dim"":1024,""num_classes"":101,""offset"":0},""total_charge"":{""type"":""categorical"",""per"":""graph"",""in_dim"":1,""emb_dim"":1024,""num_classes"":201,""offset"":100}}",16,False
6rux6b9j,cv10-TMGSspinPlus_emb-dipole_moment_Debye-inv-noH-ns64-d16-l3-energy-node,512,3.2655675411224365,2.1903655529022217,1.9599428176879885,0.001,64,0,True,normal,123,10.0,data/yuri/dataloader_yuri.py:TMGSspinPlus,torchchem_v1,default,test:data/yuri/splits/7_test_indices.txt,node,0.05,True,energy,0.8,torchchem_v1,1e-05,10,3,dipole_moment_Debye,False,"{""multiplicity"":{""type"":""categorical"",""per"":""graph"",""in_dim"":1,""emb_dim"":1024,""num_classes"":101,""offset"":0},""total_charge"":{""type"":""categorical"",""per"":""graph"",""in_dim"":1,""emb_dim"":1024,""num_classes"":201,""offset"":100}}",16,False
b3wu6t3p,cv10-TMGSspinPlus_emb-dipole_moment_Debye-inv-noH-ns64-d16-l3-energy-node,450,3.227722406387329,2.278052568435669,1.9275810718536377,0.001,64,0,True,normal,123,10.0,data/yuri/dataloader_yuri.py:TMGSspinPlus,torchchem_v1,default,test:data/yuri/splits/2_test_indices.txt,node,0.05,True,energy,0.8,torchchem_v1,1e-05,10,3,dipole_moment_Debye,False,"{""multiplicity"":{""type"":""categorical"",""per"":""graph"",""in_dim"":1,""emb_dim"":1024,""num_classes"":101,""offset"":0},""total_charge"":{""type"":""categorical"",""per"":""graph"",""in_dim"":1,""emb_dim"":1024,""num_classes"":201,""offset"":100}}",16,False
b9v33t0c,cv10-TMGSspinPlus_emb-dipole_moment_Debye-inv-noH-ns64-d16-l3-energy-node,507,3.29166841506958,2.2081410884857178,2.0571298599243164,0.001,64,0,True,normal,123,10.0,data/yuri/dataloader_yuri.py:TMGSspinPlus,torchchem_v1,default,test:data/yuri/splits/5_test_indices.txt,node,0.05,True,energy,0.8,torchchem_v1,1e-05,10,3,dipole_moment_Debye,False,"{""multiplicity"":{""type"":""categorical"",""per"":""graph"",""in_dim"":1,""emb_dim"":1024,""num_classes"":101,""offset"":0},""total_charge"":{""type"":""categorical"",""per"":""graph"",""in_dim"":1,""emb_dim"":1024,""num_classes"":201,""offset"":100}}",16,False
eclp84am,cv10-TMGSspinPlus_emb-dipole_moment_Debye-inv-noH-ns64-d16-l3-energy-node,512,2.9678287506103516,1.8550320863723757,1.9843096733093264,0.001,64,0,True,normal,123,10.0,data/yuri/dataloader_yuri.py:TMGSspinPlus,torchchem_v1,default,test:data/yuri/splits/6_test_indices.txt,node,0.05,True,energy,0.8,torchchem_v1,1e-05,10,3,dipole_moment_Debye,False,"{""multiplicity"":{""type"":""categorical"",""per"":""graph"",""in_dim"":1,""emb_dim"":1024,""num_classes"":101,""offset"":0},""total_charge"":{""type"":""categorical"",""per"":""graph"",""in_dim"":1,""emb_dim"":1024,""num_classes"":201,""offset"":100}}",16,False
kswwm9s6,cv10-TMGSspinPlus_emb-dipole_moment_Debye-inv-noH-ns64-d16-l3-energy-node,395,3.0634920597076416,2.0463249683380127,2.1735644340515137,0.001,64,0,True,normal,123,10.0,data/yuri/dataloader_yuri.py:TMGSspinPlus,torchchem_v1,default,test:data/yuri/splits/9_test_indices.txt,node,0.05,True,energy,0.8,torchchem_v1,1e-05,10,3,dipole_moment_Debye,False,"{""multiplicity"":{""type"":""categorical"",""per"":""graph"",""in_dim"":1,""emb_dim"":1024,""num_classes"":101,""offset"":0},""total_charge"":{""type"":""categorical"",""per"":""graph"",""in_dim"":1,""emb_dim"":1024,""num_classes"":201,""offset"":100}}",16,False
kvdod7bc,cv10-TMGSspinPlus_emb-dipole_moment_Debye-inv-noH-ns64-d16-l3-energy-node,512,2.8665130138397217,2.005941390991211,2.033690929412842,0.001,64,0,True,normal,123,10.0,data/yuri/dataloader_yuri.py:TMGSspinPlus,torchchem_v1,default,test:data/yuri/splits/8_test_indices.txt,node,0.05,True,energy,0.8,torchchem_v1,1e-05,10,3,dipole_moment_Debye,False,"{""multiplicity"":{""type"":""categorical"",""per"":""graph"",""in_dim"":1,""emb_dim"":1024,""num_classes"":101,""offset"":0},""total_charge"":{""type"":""categorical"",""per"":""graph"",""in_dim"":1,""emb_dim"":1024,""num_classes"":201,""offset"":100}}",16,False
okyqsn2a,cv10-TMGSspinPlus_emb-dipole_moment_Debye-inv-noH-ns64-d16-l3-energy-node,512,3.131904363632202,2.3841516971588135,2.067955255508423,0.001,64,0,True,normal,123,10.0,data/yuri/dataloader_yuri.py:TMGSspinPlus,torchchem_v1,default,test:data/yuri/splits/0_test_indices.txt,node,0.05,True,energy,0.8,torchchem_v1,1e-05,10,3,dipole_moment_Debye,False,"{""multiplicity"":{""type"":""categorical"",""per"":""graph"",""in_dim"":1,""emb_dim"":1024,""num_classes"":101,""offset"":0},""total_charge"":{""type"":""categorical"",""per"":""graph"",""in_dim"":1,""emb_dim"":1024,""num_classes"":201,""offset"":100}}",16,False
plregwpt,cv10-TMGSspinPlus_emb-dipole_moment_Debye-inv-noH-ns64-d16-l3-energy-node,454,3.904030799865722,2.3447959423065186,1.9327448606491089,0.001,64,0,True,normal,123,10.0,data/yuri/dataloader_yuri.py:TMGSspinPlus,torchchem_v1,default,test:data/yuri/splits/1_test_indices.txt,node,0.05,True,energy,0.8,torchchem_v1,1e-05,10,3,dipole_moment_Debye,False,"{""multiplicity"":{""type"":""categorical"",""per"":""graph"",""in_dim"":1,""emb_dim"":1024,""num_classes"":101,""offset"":0},""total_charge"":{""type"":""categorical"",""per"":""graph"",""in_dim"":1,""emb_dim"":1024,""num_classes"":201,""offset"":100}}",16,False
0aa54820,cv10-TMGSspinPlus_emb-dipole_moment_Debye-inv-noH-ns64-d16-l3-vector_masked-node,255,3.84941291809082,2.5360164642333984,2.310361385345459,0.0005,64,0,True,normal,123,10.0,data/yuri/dataloader_yuri.py:TMGSspinPlus,torchchem_v1,default,test:data/yuri/splits/9_test_indices.txt,node,0.1,True,vector_masked,0.8,torchchem_v1,1e-05,10,3,dipole_moment_Debye,False,"{""multiplicity"":{""type"":""categorical"",""per"":""graph"",""in_dim"":1,""emb_dim"":1024,""num_classes"":101,""offset"":0},""total_charge"":{""type"":""categorical"",""per"":""graph"",""in_dim"":1,""emb_dim"":1024,""num_classes"":201,""offset"":100}}",16,False
2anqe8hx,cv10-TMGSspinPlus_emb-dipole_moment_Debye-inv-noH-ns64-d16-l3-vector_masked-node,301,3.730696439743042,2.638784408569336,2.3927154541015625,0.0005,64,0,True,normal,123,10.0,data/yuri/dataloader_yuri.py:TMGSspinPlus,torchchem_v1,default,test:data/yuri/splits/5_test_indices.txt,node,0.1,True,vector_masked,0.8,torchchem_v1,1e-05,10,3,dipole_moment_Debye,False,"{""multiplicity"":{""type"":""categorical"",""per"":""graph"",""in_dim"":1,""emb_dim"":1024,""num_classes"":101,""offset"":0},""total_charge"":{""type"":""categorical"",""per"":""graph"",""in_dim"":1,""emb_dim"":1024,""num_classes"":201,""offset"":100}}",16,False
44mix2cj,cv10-TMGSspinPlus_emb-dipole_moment_Debye-inv-noH-ns64-d16-l3-vector_masked-node,393,3.080296277999878,2.159057140350342,2.385902404785156,0.0005,64,0,True,normal,123,10.0,data/yuri/dataloader_yuri.py:TMGSspinPlus,torchchem_v1,default,test:data/yuri/splits/3_test_indices.txt,node,0.1,True,vector_masked,0.8,torchchem_v1,1e-05,10,3,dipole_moment_Debye,False,"{""multiplicity"":{""type"":""categorical"",""per"":""graph"",""in_dim"":1,""emb_dim"":1024,""num_classes"":101,""offset"":0},""total_charge"":{""type"":""categorical"",""per"":""graph"",""in_dim"":1,""emb_dim"":1024,""num_classes"":201,""offset"":100}}",16,False
a1kwc3dh,cv10-TMGSspinPlus_emb-dipole_moment_Debye-inv-noH-ns64-d16-l3-vector_masked-node,327,2.8395683765411377,2.1408631801605225,2.4100828170776367,0.0005,64,0,True,normal,123,10.0,data/yuri/dataloader_yuri.py:TMGSspinPlus,torchchem_v1,default,test:data/yuri/splits/4_test_indices.txt,node,0.1,True,vector_masked,0.8,torchchem_v1,1e-05,10,3,dipole_moment_Debye,False,"{""multiplicity"":{""type"":""categorical"",""per"":""graph"",""in_dim"":1,""emb_dim"":1024,""num_classes"":101,""offset"":0},""total_charge"":{""type"":""categorical"",""per"":""graph"",""in_dim"":1,""emb_dim"":1024,""num_classes"":201,""offset"":100}}",16,False
gn4azylc,cv10-TMGSspinPlus_emb-dipole_moment_Debye-inv-noH-ns64-d16-l3-vector_masked-node,353,3.493060350418091,2.195220708847046,2.24674916267395,0.0005,64,0,True,normal,123,10.0,data/yuri/dataloader_yuri.py:TMGSspinPlus,torchchem_v1,default,test:data/yuri/splits/6_test_indices.txt,node,0.1,True,vector_masked,0.8,torchchem_v1,1e-05,10,3,dipole_moment_Debye,False,"{""multiplicity"":{""type"":""categorical"",""per"":""graph"",""in_dim"":1,""emb_dim"":1024,""num_classes"":101,""offset"":0},""total_charge"":{""type"":""categorical"",""per"":""graph"",""in_dim"":1,""emb_dim"":1024,""num_classes"":201,""offset"":100}}",16,False
go9dc6a4,cv10-TMGSspinPlus_emb-dipole_moment_Debye-inv-noH-ns64-d16-l3-vector_masked-node,239,3.4354004859924316,2.4381279945373535,2.2457292079925537,0.0005,64,0,True,normal,123,10.0,data/yuri/dataloader_yuri.py:TMGSspinPlus,torchchem_v1,default,test:data/yuri/splits/2_test_indices.txt,node,0.1,True,vector_masked,0.8,torchchem_v1,1e-05,10,3,dipole_moment_Debye,False,"{""multiplicity"":{""type"":""categorical"",""per"":""graph"",""in_dim"":1,""emb_dim"":1024,""num_classes"":101,""offset"":0},""total_charge"":{""type"":""categorical"",""per"":""graph"",""in_dim"":1,""emb_dim"":1024,""num_classes"":201,""offset"":100}}",16,False
nimaqsox,cv10-TMGSspinPlus_emb-dipole_moment_Debye-inv-noH-ns64-d16-l3-vector_masked-node,272,3.588136911392212,2.3767197132110596,2.4885189533233643,0.0005,64,0,True,normal,123,10.0,data/yuri/dataloader_yuri.py:TMGSspinPlus,torchchem_v1,default,test:data/yuri/splits/1_test_indices.txt,node,0.1,True,vector_masked,0.8,torchchem_v1,1e-05,10,3,dipole_moment_Debye,False,"{""multiplicity"":{""type"":""categorical"",""per"":""graph"",""in_dim"":1,""emb_dim"":1024,""num_classes"":101,""offset"":0},""total_charge"":{""type"":""categorical"",""per"":""graph"",""in_dim"":1,""emb_dim"":1024,""num_classes"":201,""offset"":100}}",16,False
ygupalwf,cv10-TMGSspinPlus_emb-dipole_moment_Debye-inv-noH-ns64-d16-l3-vector_masked-node,300,4.001853942871094,2.68841814994812,2.4364683628082275,0.0005,64,0,True,normal,123,10.0,data/yuri/dataloader_yuri.py:TMGSspinPlus,torchchem_v1,default,test:data/yuri/splits/7_test_indices.txt,node,0.1,True,vector_masked,0.8,torchchem_v1,1e-05,10,3,dipole_moment_Debye,False,"{""multiplicity"":{""type"":""categorical"",""per"":""graph"",""in_dim"":1,""emb_dim"":1024,""num_classes"":101,""offset"":0},""total_charge"":{""type"":""categorical"",""per"":""graph"",""in_dim"":1,""emb_dim"":1024,""num_classes"":201,""offset"":100}}",16,False
yu1fqtuo,cv10-TMGSspinPlus_emb-dipole_moment_Debye-inv-noH-ns64-d16-l3-vector_masked-node,227,3.2351725101470947,2.4641923904418945,2.3253843784332275,0.0005,64,0,True,normal,123,10.0,data/yuri/dataloader_yuri.py:TMGSspinPlus,torchchem_v1,default,test:data/yuri/splits/0_test_indices.txt,node,0.1,True,vector_masked,0.8,torchchem_v1,1e-05,10,3,dipole_moment_Debye,False,"{""multiplicity"":{""type"":""categorical"",""per"":""graph"",""in_dim"":1,""emb_dim"":1024,""num_classes"":101,""offset"":0},""total_charge"":{""type"":""categorical"",""per"":""graph"",""in_dim"":1,""emb_dim"":1024,""num_classes"":201,""offset"":100}}",16,False
zy3ylslh,cv10-TMGSspinPlus_emb-dipole_moment_Debye-inv-noH-ns64-d16-l3-vector_masked-node,244,3.4933130741119385,2.371535301208496,2.284336805343628,0.0005,64,0,True,normal,123,10.0,data/yuri/dataloader_yuri.py:TMGSspinPlus,torchchem_v1,default,test:data/yuri/splits/8_test_indices.txt,node,0.1,True,vector_masked,0.8,torchchem_v1,1e-05,10,3,dipole_moment_Debye,False,"{""multiplicity"":{""type"":""categorical"",""per"":""graph"",""in_dim"":1,""emb_dim"":1024,""num_classes"":101,""offset"":0},""total_charge"":{""type"":""categorical"",""per"":""graph"",""in_dim"":1,""emb_dim"":1024,""num_classes"":201,""offset"":100}}",16,False
0vjpkba7,cv10-TMGSspinPlus_emb-gap-inv-noH-ns64-d32-l3-vector-both,189,0.5610669851303101,0.4266009330749512,0.4259984493255615,0.001,64,0,True,normal,123,2.5,data/yuri/dataloader_yuri.py:TMGSspinPlus,torchchem_v1,default,test:data/yuri/splits/3_test_indices.txt,both,0.0,True,vector,0.8,torchchem_v1,1e-05,50,3,gap,False,"{""multiplicity"":{""type"":""categorical"",""per"":""graph"",""in_dim"":1,""emb_dim"":1024,""num_classes"":101,""offset"":0},""total_charge"":{""type"":""categorical"",""per"":""graph"",""in_dim"":1,""emb_dim"":1024,""num_classes"":201,""offset"":100}}",32,False
2p2crojx,cv10-TMGSspinPlus_emb-gap-inv-noH-ns64-d32-l3-vector-both,444,0.6086871027946472,0.429190069437027,0.4133969843387604,0.001,64,0,True,normal,123,2.5,data/yuri/dataloader_yuri.py:TMGSspinPlus,torchchem_v1,default,test:data/yuri/splits/1_test_indices.txt,both,0.0,True,vector,0.8,torchchem_v1,1e-05,50,3,gap,False,"{""multiplicity"":{""type"":""categorical"",""per"":""graph"",""in_dim"":1,""emb_dim"":1024,""num_classes"":101,""offset"":0},""total_charge"":{""type"":""categorical"",""per"":""graph"",""in_dim"":1,""emb_dim"":1024,""num_classes"":201,""offset"":100}}",32,False
4a7p5bpt,cv10-TMGSspinPlus_emb-gap-inv-noH-ns64-d32-l3-vector-both,202,0.660624086856842,0.48197370767593384,0.4077805280685425,0.001,64,0,True,normal,123,2.5,data/yuri/dataloader_yuri.py:TMGSspinPlus,torchchem_v1,default,test:data/yuri/splits/0_test_indices.txt,both,0.0,True,vector,0.8,torchchem_v1,1e-05,50,3,gap,False,"{""multiplicity"":{""type"":""categorical"",""per"":""graph"",""in_dim"":1,""emb_dim"":1024,""num_classes"":101,""offset"":0},""total_charge"":{""type"":""categorical"",""per"":""graph"",""in_dim"":1,""emb_dim"":1024,""num_classes"":201,""offset"":100}}",32,False
8k3b55b1,cv10-TMGSspinPlus_emb-gap-inv-noH-ns64-d32-l3-vector-both,238,0.6508153676986694,0.44596078991889954,0.4114779829978943,0.001,64,0,True,normal,123,2.5,data/yuri/dataloader_yuri.py:TMGSspinPlus,torchchem_v1,default,test:data/yuri/splits/8_test_indices.txt,both,0.0,True,vector,0.8,torchchem_v1,1e-05,50,3,gap,False,"{""multiplicity"":{""type"":""categorical"",""per"":""graph"",""in_dim"":1,""emb_dim"":1024,""num_classes"":101,""offset"":0},""total_charge"":{""type"":""categorical"",""per"":""graph"",""in_dim"":1,""emb_dim"":1024,""num_classes"":201,""offset"":100}}",32,False
gi3xltv8,cv10-TMGSspinPlus_emb-gap-inv-noH-ns64-d32-l3-vector-both,232,0.5626777410507202,0.4306855797767639,0.4259679913520813,0.001,64,0,True,normal,123,2.5,data/yuri/dataloader_yuri.py:TMGSspinPlus,torchchem_v1,default,test:data/yuri/splits/5_test_indices.txt,both,0.0,True,vector,0.8,torchchem_v1,1e-05,50,3,gap,False,"{""multiplicity"":{""type"":""categorical"",""per"":""graph"",""in_dim"":1,""emb_dim"":1024,""num_classes"":101,""offset"":0},""total_charge"":{""type"":""categorical"",""per"":""graph"",""in_dim"":1,""emb_dim"":1024,""num_classes"":201,""offset"":100}}",32,False
j3fpkfyt,cv10-TMGSspinPlus_emb-gap-inv-noH-ns64-d32-l3-vector-both,192,0.560958206653595,0.4310228228569031,0.4344562888145447,0.001,64,0,True,normal,123,2.5,data/yuri/dataloader_yuri.py:TMGSspinPlus,torchchem_v1,default,test:data/yuri/splits/4_test_indices.txt,both,0.0,True,vector,0.8,torchchem_v1,1e-05,50,3,gap,False,"{""multiplicity"":{""type"":""categorical"",""per"":""graph"",""in_dim"":1,""emb_dim"":1024,""num_classes"":101,""offset"":0},""total_charge"":{""type"":""categorical"",""per"":""graph"",""in_dim"":1,""emb_dim"":1024,""num_classes"":201,""offset"":100}}",32,False
jravnn4v,cv10-TMGSspinPlus_emb-gap-inv-noH-ns64-d32-l3-vector-both,182,0.6018998026847839,0.454452246427536,0.4174201488494873,0.001,64,0,True,normal,123,2.5,data/yuri/dataloader_yuri.py:TMGSspinPlus,torchchem_v1,default,test:data/yuri/splits/6_test_indices.txt,both,0.0,True,vector,0.8,torchchem_v1,1e-05,50,3,gap,False,"{""multiplicity"":{""type"":""categorical"",""per"":""graph"",""in_dim"":1,""emb_dim"":1024,""num_classes"":101,""offset"":0},""total_charge"":{""type"":""categorical"",""per"":""graph"",""in_dim"":1,""emb_dim"":1024,""num_classes"":201,""offset"":100}}",32,False
kqmlc470,cv10-TMGSspinPlus_emb-gap-inv-noH-ns64-d32-l3-vector-both,217,0.6380125284194946,0.4565107524394989,0.43003684282302856,0.001,64,0,True,normal,123,2.5,data/yuri/dataloader_yuri.py:TMGSspinPlus,torchchem_v1,default,test:data/yuri/splits/7_test_indices.txt,both,0.0,True,vector,0.8,torchchem_v1,1e-05,50,3,gap,False,"{""multiplicity"":{""type"":""categorical"",""per"":""graph"",""in_dim"":1,""emb_dim"":1024,""num_classes"":101,""offset"":0},""total_charge"":{""type"":""categorical"",""per"":""graph"",""in_dim"":1,""emb_dim"":1024,""num_classes"":201,""offset"":100}}",32,False
p8tk4je2,cv10-TMGSspinPlus_emb-gap-inv-noH-ns64-d32-l3-vector-both,348,0.5128644704818726,0.39513033628463745,0.40317949652671814,0.001,64,0,True,normal,123,2.5,data/yuri/dataloader_yuri.py:TMGSspinPlus,torchchem_v1,default,test:data/yuri/splits/9_test_indices.txt,both,0.0,True,vector,0.8,torchchem_v1,1e-05,50,3,gap,False,"{""multiplicity"":{""type"":""categorical"",""per"":""graph"",""in_dim"":1,""emb_dim"":1024,""num_classes"":101,""offset"":0},""total_charge"":{""type"":""categorical"",""per"":""graph"",""in_dim"":1,""emb_dim"":1024,""num_classes"":201,""offset"":100}}",32,False
we3h50mw,cv10-TMGSspinPlus_emb-gap-inv-noH-ns64-d32-l3-vector-both,332,0.6141493320465088,0.4364963471889496,0.3727332949638366,0.001,64,0,True,normal,123,2.5,data/yuri/dataloader_yuri.py:TMGSspinPlus,torchchem_v1,default,test:data/yuri/splits/2_test_indices.txt,both,0.0,True,vector,0.8,torchchem_v1,1e-05,50,3,gap,False,"{""multiplicity"":{""type"":""categorical"",""per"":""graph"",""in_dim"":1,""emb_dim"":1024,""num_classes"":101,""offset"":0},""total_charge"":{""type"":""categorical"",""per"":""graph"",""in_dim"":1,""emb_dim"":1024,""num_classes"":201,""offset"":100}}",32,False
0y25dqlx,cv10-TMGSspinPlus_emb-gap-inv-noH-ns64-d48-l3-vector_masked-both,460,0.4878867268562317,0.36015427112579346,0.39257845282554626,0.001,64,0,True,normal,123,2.5,data/yuri/dataloader_yuri.py:TMGSspinPlus,torchchem_v1,default,test:data/yuri/splits/5_test_indices.txt,both,0.1,True,vector_masked,0.8,torchchem_v1,1e-05,50,3,gap,False,"{""multiplicity"":{""type"":""categorical"",""per"":""graph"",""in_dim"":1,""emb_dim"":1024,""num_classes"":101,""offset"":0},""total_charge"":{""type"":""categorical"",""per"":""graph"",""in_dim"":1,""emb_dim"":1024,""num_classes"":201,""offset"":100}}",48,False
1fuopeve,cv10-TMGSspinPlus_emb-gap-inv-noH-ns64-d48-l3-vector_masked-both,470,0.5908012986183167,0.4386691451072693,0.36743414402008057,0.001,64,0,True,normal,123,2.5,data/yuri/dataloader_yuri.py:TMGSspinPlus,torchchem_v1,default,test:data/yuri/splits/0_test_indices.txt,both,0.1,True,vector_masked,0.8,torchchem_v1,1e-05,50,3,gap,False,"{""multiplicity"":{""type"":""categorical"",""per"":""graph"",""in_dim"":1,""emb_dim"":1024,""num_classes"":101,""offset"":0},""total_charge"":{""type"":""categorical"",""per"":""graph"",""in_dim"":1,""emb_dim"":1024,""num_classes"":201,""offset"":100}}",48,False
1p0w8kut,cv10-TMGSspinPlus_emb-gap-inv-noH-ns64-d48-l3-vector_masked-both,217,0.6060077548027039,0.4363096058368683,0.3933993577957154,0.001,64,0,True,normal,123,2.5,data/yuri/dataloader_yuri.py:TMGSspinPlus,torchchem_v1,default,test:data/yuri/splits/8_test_indices.txt,both,0.1,True,vector_masked,0.8,torchchem_v1,1e-05,50,3,gap,False,"{""multiplicity"":{""type"":""categorical"",""per"":""graph"",""in_dim"":1,""emb_dim"":1024,""num_classes"":101,""offset"":0},""total_charge"":{""type"":""categorical"",""per"":""graph"",""in_dim"":1,""emb_dim"":1024,""num_classes"":201,""offset"":100}}",48,False
4ywiy04f,cv10-TMGSspinPlus_emb-gap-inv-noH-ns64-d48-l3-vector_masked-both,369,0.5337657928466797,0.3880561888217926,0.3696601390838623,0.001,64,0,True,normal,123,2.5,data/yuri/dataloader_yuri.py:TMGSspinPlus,torchchem_v1,default,test:data/yuri/splits/4_test_indices.txt,both,0.1,True,vector_masked,0.8,torchchem_v1,1e-05,50,3,gap,False,"{""multiplicity"":{""type"":""categorical"",""per"":""graph"",""in_dim"":1,""emb_dim"":1024,""num_classes"":101,""offset"":0},""total_charge"":{""type"":""categorical"",""per"":""graph"",""in_dim"":1,""emb_dim"":1024,""num_classes"":201,""offset"":100}}",48,False
85psvuh1,cv10-TMGSspinPlus_emb-gap-inv-noH-ns64-d48-l3-vector_masked-both,507,0.47642338275909424,0.3605790138244629,0.39441734552383423,0.001,64,0,True,normal,123,2.5,data/yuri/dataloader_yuri.py:TMGSspinPlus,torchchem_v1,default,test:data/yuri/splits/9_test_indices.txt,both,0.1,True,vector_masked,0.8,torchchem_v1,1e-05,50,3,gap,False,"{""multiplicity"":{""type"":""categorical"",""per"":""graph"",""in_dim"":1,""emb_dim"":1024,""num_classes"":101,""offset"":0},""total_charge"":{""type"":""categorical"",""per"":""graph"",""in_dim"":1,""emb_dim"":1024,""num_classes"":201,""offset"":100}}",48,False
c775h389,cv10-TMGSspinPlus_emb-gap-inv-noH-ns64-d48-l3-vector_masked-both,207,0.5602693557739258,0.41565442085266113,0.4015432298183441,0.001,64,0,True,normal,123,2.5,data/yuri/dataloader_yuri.py:TMGSspinPlus,torchchem_v1,default,test:data/yuri/splits/2_test_indices.txt,both,0.1,True,vector_masked,0.8,torchchem_v1,1e-05,50,3,gap,False,"{""multiplicity"":{""type"":""categorical"",""per"":""graph"",""in_dim"":1,""emb_dim"":1024,""num_classes"":101,""offset"":0},""total_charge"":{""type"":""categorical"",""per"":""graph"",""in_dim"":1,""emb_dim"":1024,""num_classes"":201,""offset"":100}}",48,False
daket6a3,cv10-TMGSspinPlus_emb-gap-inv-noH-ns64-d48-l3-vector_masked-both,512,0.5438260436058044,0.4039001762866974,0.3848305642604828,0.001,64,0,True,normal,123,2.5,data/yuri/dataloader_yuri.py:TMGSspinPlus,torchchem_v1,default,test:data/yuri/splits/3_test_indices.txt,both,0.1,True,vector_masked,0.8,torchchem_v1,1e-05,50,3,gap,False,"{""multiplicity"":{""type"":""categorical"",""per"":""graph"",""in_dim"":1,""emb_dim"":1024,""num_classes"":101,""offset"":0},""total_charge"":{""type"":""categorical"",""per"":""graph"",""in_dim"":1,""emb_dim"":1024,""num_classes"":201,""offset"":100}}",48,False
gp1vse73,cv10-TMGSspinPlus_emb-gap-inv-noH-ns64-d48-l3-vector_masked-both,444,0.5628822445869446,0.4216834306716919,0.3750448524951935,0.001,64,0,True,normal,123,2.5,data/yuri/dataloader_yuri.py:TMGSspinPlus,torchchem_v1,default,test:data/yuri/splits/7_test_indices.txt,both,0.1,True,vector_masked,0.8,torchchem_v1,1e-05,50,3,gap,False,"{""multiplicity"":{""type"":""categorical"",""per"":""graph"",""in_dim"":1,""emb_dim"":1024,""num_classes"":101,""offset"":0},""total_charge"":{""type"":""categorical"",""per"":""graph"",""in_dim"":1,""emb_dim"":1024,""num_classes"":201,""offset"":100}}",48,False
ncfw3aa1,cv10-TMGSspinPlus_emb-gap-inv-noH-ns64-d48-l3-vector_masked-both,303,0.5551053285598755,0.39157769083976746,0.3866119086742401,0.001,64,0,True,normal,123,2.5,data/yuri/dataloader_yuri.py:TMGSspinPlus,torchchem_v1,default,test:data/yuri/splits/6_test_indices.txt,both,0.1,True,vector_masked,0.8,torchchem_v1,1e-05,50,3,gap,False,"{""multiplicity"":{""type"":""categorical"",""per"":""graph"",""in_dim"":1,""emb_dim"":1024,""num_classes"":101,""offset"":0},""total_charge"":{""type"":""categorical"",""per"":""graph"",""in_dim"":1,""emb_dim"":1024,""num_classes"":201,""offset"":100}}",48,False
s9ogsw3s,cv10-TMGSspinPlus_emb-gap-inv-noH-ns64-d48-l3-vector_masked-both,512,0.5578575730323792,0.3834267854690552,0.3670204281806946,0.001,64,0,True,normal,123,2.5,data/yuri/dataloader_yuri.py:TMGSspinPlus,torchchem_v1,default,test:data/yuri/splits/1_test_indices.txt,both,0.1,True,vector_masked,0.8,torchchem_v1,1e-05,50,3,gap,False,"{""multiplicity"":{""type"":""categorical"",""per"":""graph"",""in_dim"":1,""emb_dim"":1024,""num_classes"":101,""offset"":0},""total_charge"":{""type"":""categorical"",""per"":""graph"",""in_dim"":1,""emb_dim"":1024,""num_classes"":201,""offset"":100}}",48,False
0macxkb0,cv10-TMGSspinPlus_emb-hirshfeld-inv-noH-ns48-d16-l3-energy-both,343,0.04382983595132828,0.02921323850750923,0.025806106626987457,0.001,48,0,True,normal,123,2.5,data/yuri/dataloader_yuri.py:TMGSspinPlus,torchchem_v1,default,test:data/yuri/splits/9_test_indices.txt,both,0.0,True,energy,0.8,torchchem_v1,0.0,10,3,hirshfeld,False,"{""multiplicity"":{""type"":""categorical"",""per"":""graph"",""in_dim"":1,""emb_dim"":1024,""num_classes"":101,""offset"":0},""total_charge"":{""type"":""categorical"",""per"":""graph"",""in_dim"":1,""emb_dim"":1024,""num_classes"":201,""offset"":100}}",16,False
2h4bb28q,cv10-TMGSspinPlus_emb-hirshfeld-inv-noH-ns48-d16-l3-energy-both,314,0.044318970292806625,0.03055320307612419,0.025650301948189735,0.001,48,0,True,normal,123,2.5,data/yuri/dataloader_yuri.py:TMGSspinPlus,torchchem_v1,default,test:data/yuri/splits/5_test_indices.txt,both,0.0,True,energy,0.8,torchchem_v1,0.0,10,3,hirshfeld,False,"{""multiplicity"":{""type"":""categorical"",""per"":""graph"",""in_dim"":1,""emb_dim"":1024,""num_classes"":101,""offset"":0},""total_charge"":{""type"":""categorical"",""per"":""graph"",""in_dim"":1,""emb_dim"":1024,""num_classes"":201,""offset"":100}}",16,False
5u531y8b,cv10-TMGSspinPlus_emb-hirshfeld-inv-noH-ns48-d16-l3-energy-both,394,0.03468490019440651,0.025486374273896217,0.026507526636123657,0.001,48,0,True,normal,123,2.5,data/yuri/dataloader_yuri.py:TMGSspinPlus,torchchem_v1,default,test:data/yuri/splits/6_test_indices.txt,both,0.0,True,energy,0.8,torchchem_v1,0.0,10,3,hirshfeld,False,"{""multiplicity"":{""type"":""categorical"",""per"":""graph"",""in_dim"":1,""emb_dim"":1024,""num_classes"":101,""offset"":0},""total_charge"":{""type"":""categorical"",""per"":""graph"",""in_dim"":1,""emb_dim"":1024,""num_classes"":201,""offset"":100}}",16,False
6p6pe2zj,cv10-TMGSspinPlus_emb-hirshfeld-inv-noH-ns48-d16-l3-energy-both,397,0.04457646235823631,0.02862553484737873,0.026956673711538315,0.001,48,0,True,normal,123,2.5,data/yuri/dataloader_yuri.py:TMGSspinPlus,torchchem_v1,default,test:data/yuri/splits/8_test_indices.txt,both,0.0,True,energy,0.8,torchchem_v1,0.0,10,3,hirshfeld,False,"{""multiplicity"":{""type"":""categorical"",""per"":""graph"",""in_dim"":1,""emb_dim"":1024,""num_classes"":101,""offset"":0},""total_charge"":{""type"":""categorical"",""per"":""graph"",""in_dim"":1,""emb_dim"":1024,""num_classes"":201,""offset"":100}}",16,False
78ctlflh,cv10-TMGSspinPlus_emb-hirshfeld-inv-noH-ns48-d16-l3-energy-both,390,0.04575849696993828,0.03032480925321579,0.028285156935453415,0.001,48,0,True,normal,123,2.5,data/yuri/dataloader_yuri.py:TMGSspinPlus,torchchem_v1,default,test:data/yuri/splits/4_test_indices.txt,both,0.0,True,energy,0.8,torchchem_v1,0.0,10,3,hirshfeld,False,"{""multiplicity"":{""type"":""categorical"",""per"":""graph"",""in_dim"":1,""emb_dim"":1024,""num_classes"":101,""offset"":0},""total_charge"":{""type"":""categorical"",""per"":""graph"",""in_dim"":1,""emb_dim"":1024,""num_classes"":201,""offset"":100}}",16,False
dha9i0qi,cv10-TMGSspinPlus_emb-hirshfeld-inv-noH-ns48-d16-l3-energy-both,372,0.05244072899222374,0.031395044177770615,0.028194302693009377,0.001,48,0,True,normal,123,2.5,data/yuri/dataloader_yuri.py:TMGSspinPlus,torchchem_v1,default,test:data/yuri/splits/1_test_indices.txt,both,0.0,True,energy,0.8,torchchem_v1,0.0,10,3,hirshfeld,False,"{""multiplicity"":{""type"":""categorical"",""per"":""graph"",""in_dim"":1,""emb_dim"":1024,""num_classes"":101,""offset"":0},""total_charge"":{""type"":""categorical"",""per"":""graph"",""in_dim"":1,""emb_dim"":1024,""num_classes"":201,""offset"":100}}",16,False
emym345t,cv10-TMGSspinPlus_emb-hirshfeld-inv-noH-ns48-d16-l3-energy-both,331,0.043735526502132416,0.02791530266404152,0.027049625292420387,0.001,48,0,True,normal,123,2.5,data/yuri/dataloader_yuri.py:TMGSspinPlus,torchchem_v1,default,test:data/yuri/splits/2_test_indices.txt,both,0.0,True,energy,0.8,torchchem_v1,0.0,10,3,hirshfeld,False,"{""multiplicity"":{""type"":""categorical"",""per"":""graph"",""in_dim"":1,""emb_dim"":1024,""num_classes"":101,""offset"":0},""total_charge"":{""type"":""categorical"",""per"":""graph"",""in_dim"":1,""emb_dim"":1024,""num_classes"":201,""offset"":100}}",16,False
jubcsocy,cv10-TMGSspinPlus_emb-hirshfeld-inv-noH-ns48-d16-l3-energy-both,283,0.043609485030174255,0.028367027640342712,0.028282521292567253,0.001,48,0,True,normal,123,2.5,data/yuri/dataloader_yuri.py:TMGSspinPlus,torchchem_v1,default,test:data/yuri/splits/3_test_indices.txt,both,0.0,True,energy,0.8,torchchem_v1,0.0,10,3,hirshfeld,False,"{""multiplicity"":{""type"":""categorical"",""per"":""graph"",""in_dim"":1,""emb_dim"":1024,""num_classes"":101,""offset"":0},""total_charge"":{""type"":""categorical"",""per"":""graph"",""in_dim"":1,""emb_dim"":1024,""num_classes"":201,""offset"":100}}",16,False
qov7c6oj,cv10-TMGSspinPlus_emb-hirshfeld-inv-noH-ns48-d16-l3-energy-both,367,0.04526154696941376,0.02993556670844555,0.02696639858186245,0.001,48,0,True,normal,123,2.5,data/yuri/dataloader_yuri.py:TMGSspinPlus,torchchem_v1,default,test:data/yuri/splits/7_test_indices.txt,both,0.0,True,energy,0.8,torchchem_v1,0.0,10,3,hirshfeld,False,"{""multiplicity"":{""type"":""categorical"",""per"":""graph"",""in_dim"":1,""emb_dim"":1024,""num_classes"":101,""offset"":0},""total_charge"":{""type"":""categorical"",""per"":""graph"",""in_dim"":1,""emb_dim"":1024,""num_classes"":201,""offset"":100}}",16,False
ujq9k04n,cv10-TMGSspinPlus_emb-hirshfeld-inv-noH-ns48-d16-l3-energy-both,183,0.05007993057370186,0.032453589141368866,0.028516793623566628,0.001,48,0,True,normal,123,2.5,data/yuri/dataloader_yuri.py:TMGSspinPlus,torchchem_v1,default,test:data/yuri/splits/0_test_indices.txt,both,0.0,True,energy,0.8,torchchem_v1,0.0,10,3,hirshfeld,False,"{""multiplicity"":{""type"":""categorical"",""per"":""graph"",""in_dim"":1,""emb_dim"":1024,""num_classes"":101,""offset"":0},""total_charge"":{""type"":""categorical"",""per"":""graph"",""in_dim"":1,""emb_dim"":1024,""num_classes"":201,""offset"":100}}",16,False
5uqvmrh7,cv10-TMGSspinPlus_emb-hirshfeld-inv-noH-ns48-d16-l3-vector_masked-both,278,0.030229248106479645,0.02115410938858986,0.02186655066907406,0.001,48,0,True,normal,123,2.5,data/yuri/dataloader_yuri.py:TMGSspinPlus,torchchem_v1,default,test:data/yuri/splits/2_test_indices.txt,both,0.0,True,vector_masked,0.8,torchchem_v1,1e-05,10,3,hirshfeld,False,"{""multiplicity"":{""type"":""categorical"",""per"":""graph"",""in_dim"":1,""emb_dim"":1024,""num_classes"":101,""offset"":0},""total_charge"":{""type"":""categorical"",""per"":""graph"",""in_dim"":1,""emb_dim"":1024,""num_classes"":201,""offset"":100}}",16,False
6hct1lkq,cv10-TMGSspinPlus_emb-hirshfeld-inv-noH-ns48-d16-l3-vector_masked-both,280,0.03876826912164688,0.026722386479377747,0.02169062942266464,0.001,48,0,True,normal,123,2.5,data/yuri/dataloader_yuri.py:TMGSspinPlus,torchchem_v1,default,test:data/yuri/splits/4_test_indices.txt,both,0.0,True,vector_masked,0.8,torchchem_v1,1e-05,10,3,hirshfeld,False,"{""multiplicity"":{""type"":""categorical"",""per"":""graph"",""in_dim"":1,""emb_dim"":1024,""num_classes"":101,""offset"":0},""total_charge"":{""type"":""categorical"",""per"":""graph"",""in_dim"":1,""emb_dim"":1024,""num_classes"":201,""offset"":100}}",16,False
925zfqab,cv10-TMGSspinPlus_emb-hirshfeld-inv-noH-ns48-d16-l3-vector_masked-both,281,0.03357246145606041,0.024251358583569527,0.021053146570920944,0.001,48,0,True,normal,123,2.5,data/yuri/dataloader_yuri.py:TMGSspinPlus,torchchem_v1,default,test:data/yuri/splits/6_test_indices.txt,both,0.0,True,vector_masked,0.8,torchchem_v1,1e-05,10,3,hirshfeld,False,"{""multiplicity"":{""type"":""categorical"",""per"":""graph"",""in_dim"":1,""emb_dim"":1024,""num_classes"":101,""offset"":0},""total_charge"":{""type"":""categorical"",""per"":""graph"",""in_dim"":1,""emb_dim"":1024,""num_classes"":201,""offset"":100}}",16,False
a37fk3n2,cv10-TMGSspinPlus_emb-hirshfeld-inv-noH-ns48-d16-l3-vector_masked-both,285,0.04242781922221184,0.02656574361026287,0.022035714238882065,0.001,48,0,True,normal,123,2.5,data/yuri/dataloader_yuri.py:TMGSspinPlus,torchchem_v1,default,test:data/yuri/splits/0_test_indices.txt,both,0.0,True,vector_masked,0.8,torchchem_v1,1e-05,10,3,hirshfeld,False,"{""multiplicity"":{""type"":""categorical"",""per"":""graph"",""in_dim"":1,""emb_dim"":1024,""num_classes"":101,""offset"":0},""total_charge"":{""type"":""categorical"",""per"":""graph"",""in_dim"":1,""emb_dim"":1024,""num_classes"":201,""offset"":100}}",16,False
d3in6x6z,cv10-TMGSspinPlus_emb-hirshfeld-inv-noH-ns48-d16-l3-vector_masked-both,282,0.03080657124519348,0.02203226089477539,0.02071927860379219,0.001,48,0,True,normal,123,2.5,data/yuri/dataloader_yuri.py:TMGSspinPlus,torchchem_v1,default,test:data/yuri/splits/3_test_indices.txt,both,0.0,True,vector_masked,0.8,torchchem_v1,1e-05,10,3,hirshfeld,False,"{""multiplicity"":{""type"":""categorical"",""per"":""graph"",""in_dim"":1,""emb_dim"":1024,""num_classes"":101,""offset"":0},""total_charge"":{""type"":""categorical"",""per"":""graph"",""in_dim"":1,""emb_dim"":1024,""num_classes"":201,""offset"":100}}",16,False
j3eppuev,cv10-TMGSspinPlus_emb-hirshfeld-inv-noH-ns48-d16-l3-vector_masked-both,274,0.03276002034544945,0.022596079856157303,0.02139780856668949,0.001,48,0,True,normal,123,2.5,data/yuri/dataloader_yuri.py:TMGSspinPlus,torchchem_v1,default,test:data/yuri/splits/9_test_indices.txt,both,0.0,True,vector_masked,0.8,torchchem_v1,1e-05,10,3,hirshfeld,False,"{""multiplicity"":{""type"":""categorical"",""per"":""graph"",""in_dim"":1,""emb_dim"":1024,""num_classes"":101,""offset"":0},""total_charge"":{""type"":""categorical"",""per"":""graph"",""in_dim"":1,""emb_dim"":1024,""num_classes"":201,""offset"":100}}",16,False
k1ayv2c5,cv10-TMGSspinPlus_emb-hirshfeld-inv-noH-ns48-d16-l3-vector_masked-both,246,0.030854055657982823,0.022265955805778503,0.020369956269860268,0.001,48,0,True,normal,123,2.5,data/yuri/dataloader_yuri.py:TMGSspinPlus,torchchem_v1,default,test:data/yuri/splits/7_test_indices.txt,both,0.0,True,vector_masked,0.8,torchchem_v1,1e-05,10,3,hirshfeld,False,"{""multiplicity"":{""type"":""categorical"",""per"":""graph"",""in_dim"":1,""emb_dim"":1024,""num_classes"":101,""offset"":0},""total_charge"":{""type"":""categorical"",""per"":""graph"",""in_dim"":1,""emb_dim"":1024,""num_classes"":201,""offset"":100}}",16,False
krsu95k8,cv10-TMGSspinPlus_emb-hirshfeld-inv-noH-ns48-d16-l3-vector_masked-both,363,0.03726128116250038,0.024359632283449173,0.02061794511973858,0.001,48,0,True,normal,123,2.5,data/yuri/dataloader_yuri.py:TMGSspinPlus,torchchem_v1,default,test:data/yuri/splits/1_test_indices.txt,both,0.0,True,vector_masked,0.8,torchchem_v1,1e-05,10,3,hirshfeld,False,"{""multiplicity"":{""type"":""categorical"",""per"":""graph"",""in_dim"":1,""emb_dim"":1024,""num_classes"":101,""offset"":0},""total_charge"":{""type"":""categorical"",""per"":""graph"",""in_dim"":1,""emb_dim"":1024,""num_classes"":201,""offset"":100}}",16,False
v8n3hhv5,cv10-TMGSspinPlus_emb-hirshfeld-inv-noH-ns48-d16-l3-vector_masked-both,317,0.033609844744205475,0.023338716477155685,0.021869555115699768,0.001,48,0,True,normal,123,2.5,data/yuri/dataloader_yuri.py:TMGSspinPlus,torchchem_v1,default,test:data/yuri/splits/8_test_indices.txt,both,0.0,True,vector_masked,0.8,torchchem_v1,1e-05,10,3,hirshfeld,False,"{""multiplicity"":{""type"":""categorical"",""per"":""graph"",""in_dim"":1,""emb_dim"":1024,""num_classes"":101,""offset"":0},""total_charge"":{""type"":""categorical"",""per"":""graph"",""in_dim"":1,""emb_dim"":1024,""num_classes"":201,""offset"":100}}",16,False
vrx14yhi,cv10-TMGSspinPlus_emb-hirshfeld-inv-noH-ns48-d16-l3-vector_masked-both,275,0.030226130038499832,0.02188059687614441,0.022201858460903168,0.001,48,0,True,normal,123,2.5,data/yuri/dataloader_yuri.py:TMGSspinPlus,torchchem_v1,default,test:data/yuri/splits/5_test_indices.txt,both,0.0,True,vector_masked,0.8,torchchem_v1,1e-05,10,3,hirshfeld,False,"{""multiplicity"":{""type"":""categorical"",""per"":""graph"",""in_dim"":1,""emb_dim"":1024,""num_classes"":101,""offset"":0},""total_charge"":{""type"":""categorical"",""per"":""graph"",""in_dim"":1,""emb_dim"":1024,""num_classes"":201,""offset"":100}}",16,False
14h7hsiv,cv10-TMGSspinPlus_emb-splitting-inv-noH-ns64-d16-l3-energy-both,330,11.010881423950195,7.268204689025879,7.876052379608154,0.001,64,0,True,normal,123,5.0,data/yuri/dataloader_yuri.py:TMGSspinPlus,torchchem_v1,default,test:data/yuri/splits/9_test_indices.txt,both,0.0,True,energy,0.8,torchchem_v1,1e-05,50,3,splitting,False,"{""multiplicity"":{""type"":""categorical"",""per"":""graph"",""in_dim"":1,""emb_dim"":1024,""num_classes"":101,""offset"":0},""total_charge"":{""type"":""categorical"",""per"":""graph"",""in_dim"":1,""emb_dim"":1024,""num_classes"":201,""offset"":100}}",16,False
75b4v58p,cv10-TMGSspinPlus_emb-splitting-inv-noH-ns64-d16-l3-energy-both,307,13.270440101623535,8.132670402526855,7.477347373962402,0.001,64,0,True,normal,123,5.0,data/yuri/dataloader_yuri.py:TMGSspinPlus,torchchem_v1,default,test:data/yuri/splits/6_test_indices.txt,both,0.0,True,energy,0.8,torchchem_v1,1e-05,50,3,splitting,False,"{""multiplicity"":{""type"":""categorical"",""per"":""graph"",""in_dim"":1,""emb_dim"":1024,""num_classes"":101,""offset"":0},""total_charge"":{""type"":""categorical"",""per"":""graph"",""in_dim"":1,""emb_dim"":1024,""num_classes"":201,""offset"":100}}",16,False
jc72bwhj,cv10-TMGSspinPlus_emb-splitting-inv-noH-ns64-d16-l3-energy-both,298,11.927352905273438,8.032977104187012,8.062664031982422,0.001,64,0,True,normal,123,5.0,data/yuri/dataloader_yuri.py:TMGSspinPlus,torchchem_v1,default,test:data/yuri/splits/8_test_indices.txt,both,0.0,True,energy,0.8,torchchem_v1,1e-05,50,3,splitting,False,"{""multiplicity"":{""type"":""categorical"",""per"":""graph"",""in_dim"":1,""emb_dim"":1024,""num_classes"":101,""offset"":0},""total_charge"":{""type"":""categorical"",""per"":""graph"",""in_dim"":1,""emb_dim"":1024,""num_classes"":201,""offset"":100}}",16,False
lsnnzzwi,cv10-TMGSspinPlus_emb-splitting-inv-noH-ns64-d16-l3-energy-both,388,10.026915550231934,6.960087776184082,7.805445194244385,0.001,64,0,True,normal,123,5.0,data/yuri/dataloader_yuri.py:TMGSspinPlus,torchchem_v1,default,test:data/yuri/splits/2_test_indices.txt,both,0.0,True,energy,0.8,torchchem_v1,1e-05,50,3,splitting,False,"{""multiplicity"":{""type"":""categorical"",""per"":""graph"",""in_dim"":1,""emb_dim"":1024,""num_classes"":101,""offset"":0},""total_charge"":{""type"":""categorical"",""per"":""graph"",""in_dim"":1,""emb_dim"":1024,""num_classes"":201,""offset"":100}}",16,False
o8s0v5xp,cv10-TMGSspinPlus_emb-splitting-inv-noH-ns64-d16-l3-energy-both,311,15.063291549682615,10.294489860534668,7.466327667236328,0.001,64,0,True,normal,123,5.0,data/yuri/dataloader_yuri.py:TMGSspinPlus,torchchem_v1,default,test:data/yuri/splits/0_test_indices.txt,both,0.0,True,energy,0.8,torchchem_v1,1e-05,50,3,splitting,False,"{""multiplicity"":{""type"":""categorical"",""per"":""graph"",""in_dim"":1,""emb_dim"":1024,""num_classes"":101,""offset"":0},""total_charge"":{""type"":""categorical"",""per"":""graph"",""in_dim"":1,""emb_dim"":1024,""num_classes"":201,""offset"":100}}",16,False
osokkv7d,cv10-TMGSspinPlus_emb-splitting-inv-noH-ns64-d16-l3-energy-both,288,11.823859214782717,8.366678237915039,7.933640003204346,0.001,64,0,True,normal,123,5.0,data/yuri/dataloader_yuri.py:TMGSspinPlus,torchchem_v1,default,test:data/yuri/splits/4_test_indices.txt,both,0.0,True,energy,0.8,torchchem_v1,1e-05,50,3,splitting,False,"{""multiplicity"":{""type"":""categorical"",""per"":""graph"",""in_dim"":1,""emb_dim"":1024,""num_classes"":101,""offset"":0},""total_charge"":{""type"":""categorical"",""per"":""graph"",""in_dim"":1,""emb_dim"":1024,""num_classes"":201,""offset"":100}}",16,False
r98hvkv9,cv10-TMGSspinPlus_emb-splitting-inv-noH-ns64-d16-l3-energy-both,330,10.88288688659668,7.829996109008789,8.004399299621582,0.001,64,0,True,normal,123,5.0,data/yuri/dataloader_yuri.py:TMGSspinPlus,torchchem_v1,default,test:data/yuri/splits/3_test_indices.txt,both,0.0,True,energy,0.8,torchchem_v1,1e-05,50,3,splitting,False,"{""multiplicity"":{""type"":""categorical"",""per"":""graph"",""in_dim"":1,""emb_dim"":1024,""num_classes"":101,""offset"":0},""total_charge"":{""type"":""categorical"",""per"":""graph"",""in_dim"":1,""emb_dim"":1024,""num_classes"":201,""offset"":100}}",16,False
tw4pp8rq,cv10-TMGSspinPlus_emb-splitting-inv-noH-ns64-d16-l3-energy-both,300,10.633267402648926,8.026594161987305,7.951517581939697,0.001,64,0,True,normal,123,5.0,data/yuri/dataloader_yuri.py:TMGSspinPlus,torchchem_v1,default,test:data/yuri/splits/5_test_indices.txt,both,0.0,True,energy,0.8,torchchem_v1,1e-05,50,3,splitting,False,"{""multiplicity"":{""type"":""categorical"",""per"":""graph"",""in_dim"":1,""emb_dim"":1024,""num_classes"":101,""offset"":0},""total_charge"":{""type"":""categorical"",""per"":""graph"",""in_dim"":1,""emb_dim"":1024,""num_classes"":201,""offset"":100}}",16,False
u233tsx7,cv10-TMGSspinPlus_emb-splitting-inv-noH-ns64-d16-l3-energy-both,287,16.672794342041016,10.471729278564451,9.090185165405272,0.001,64,0,True,normal,123,5.0,data/yuri/dataloader_yuri.py:TMGSspinPlus,torchchem_v1,default,test:data/yuri/splits/1_test_indices.txt,both,0.0,True,energy,0.8,torchchem_v1,1e-05,50,3,splitting,False,"{""multiplicity"":{""type"":""categorical"",""per"":""graph"",""in_dim"":1,""emb_dim"":1024,""num_classes"":101,""offset"":0},""total_charge"":{""type"":""categorical"",""per"":""graph"",""in_dim"":1,""emb_dim"":1024,""num_classes"":201,""offset"":100}}",16,False
yhw22h6b,cv10-TMGSspinPlus_emb-splitting-inv-noH-ns64-d16-l3-energy-both,373,14.506507873535156,9.227357864379885,7.74308443069458,0.001,64,0,True,normal,123,5.0,data/yuri/dataloader_yuri.py:TMGSspinPlus,torchchem_v1,default,test:data/yuri/splits/7_test_indices.txt,both,0.0,True,energy,0.8,torchchem_v1,1e-05,50,3,splitting,False,"{""multiplicity"":{""type"":""categorical"",""per"":""graph"",""in_dim"":1,""emb_dim"":1024,""num_classes"":101,""offset"":0},""total_charge"":{""type"":""categorical"",""per"":""graph"",""in_dim"":1,""emb_dim"":1024,""num_classes"":201,""offset"":100}}",16,False
3gazjf29,cv10-TMGSspinPlus_emb-splitting-inv-noH-ns64-d64-l2-vector_masked-node,230,15.198665618896484,10.51977825164795,8.116483688354492,0.001,64,0,True,normal,123,5.0,data/yuri/dataloader_yuri.py:TMGSspinPlus,torchchem_v1,default,test:data/yuri/splits/1_test_indices.txt,node,0.05,True,vector_masked,0.8,torchchem_v1,1e-05,25,2,splitting,False,"{""multiplicity"":{""type"":""categorical"",""per"":""graph"",""in_dim"":1,""emb_dim"":1024,""num_classes"":101,""offset"":0},""total_charge"":{""type"":""categorical"",""per"":""graph"",""in_dim"":1,""emb_dim"":1024,""num_classes"":201,""offset"":100}}",64,False
6t1tx78m,cv10-TMGSspinPlus_emb-splitting-inv-noH-ns64-d64-l2-vector_masked-node,407,13.06289768218994,8.13067626953125,7.794398784637451,0.001,64,0,True,normal,123,5.0,data/yuri/dataloader_yuri.py:TMGSspinPlus,torchchem_v1,default,test:data/yuri/splits/9_test_indices.txt,node,0.05,True,vector_masked,0.8,torchchem_v1,1e-05,25,2,splitting,False,"{""multiplicity"":{""type"":""categorical"",""per"":""graph"",""in_dim"":1,""emb_dim"":1024,""num_classes"":101,""offset"":0},""total_charge"":{""type"":""categorical"",""per"":""graph"",""in_dim"":1,""emb_dim"":1024,""num_classes"":201,""offset"":100}}",64,False
a983wrda,cv10-TMGSspinPlus_emb-splitting-inv-noH-ns64-d64-l2-vector_masked-node,350,13.112837791442873,8.47706413269043,7.82275915145874,0.001,64,0,True,normal,123,5.0,data/yuri/dataloader_yuri.py:TMGSspinPlus,torchchem_v1,default,test:data/yuri/splits/7_test_indices.txt,node,0.05,True,vector_masked,0.8,torchchem_v1,1e-05,25,2,splitting,False,"{""multiplicity"":{""type"":""categorical"",""per"":""graph"",""in_dim"":1,""emb_dim"":1024,""num_classes"":101,""offset"":0},""total_charge"":{""type"":""categorical"",""per"":""graph"",""in_dim"":1,""emb_dim"":1024,""num_classes"":201,""offset"":100}}",64,False
ah99wtkm,cv10-TMGSspinPlus_emb-splitting-inv-noH-ns64-d64-l2-vector_masked-node,228,13.36390495300293,9.74625015258789,7.961124420166016,0.001,64,0,True,normal,123,5.0,data/yuri/dataloader_yuri.py:TMGSspinPlus,torchchem_v1,default,test:data/yuri/splits/5_test_indices.txt,node,0.05,True,vector_masked,0.8,torchchem_v1,1e-05,25,2,splitting,False,"{""multiplicity"":{""type"":""categorical"",""per"":""graph"",""in_dim"":1,""emb_dim"":1024,""num_classes"":101,""offset"":0},""total_charge"":{""type"":""categorical"",""per"":""graph"",""in_dim"":1,""emb_dim"":1024,""num_classes"":201,""offset"":100}}",64,False
awm0797u,cv10-TMGSspinPlus_emb-splitting-inv-noH-ns64-d64-l2-vector_masked-node,241,11.6849946975708,8.212716102600098,8.033421516418457,0.001,64,0,True,normal,123,5.0,data/yuri/dataloader_yuri.py:TMGSspinPlus,torchchem_v1,default,test:data/yuri/splits/2_test_indices.txt,node,0.05,True,vector_masked,0.8,torchchem_v1,1e-05,25,2,splitting,False,"{""multiplicity"":{""type"":""categorical"",""per"":""graph"",""in_dim"":1,""emb_dim"":1024,""num_classes"":101,""offset"":0},""total_charge"":{""type"":""categorical"",""per"":""graph"",""in_dim"":1,""emb_dim"":1024,""num_classes"":201,""offset"":100}}",64,False
c5tha4b9,cv10-TMGSspinPlus_emb-splitting-inv-noH-ns64-d64-l2-vector_masked-node,327,11.853431701660156,8.114428520202637,7.507735729217529,0.001,64,0,True,normal,123,5.0,data/yuri/dataloader_yuri.py:TMGSspinPlus,torchchem_v1,default,test:data/yuri/splits/4_test_indices.txt,node,0.05,True,vector_masked,0.8,torchchem_v1,1e-05,25,2,splitting,False,"{""multiplicity"":{""type"":""categorical"",""per"":""graph"",""in_dim"":1,""emb_dim"":1024,""num_classes"":101,""offset"":0},""total_charge"":{""type"":""categorical"",""per"":""graph"",""in_dim"":1,""emb_dim"":1024,""num_classes"":201,""offset"":100}}",64,False
fh1fc0uc,cv10-TMGSspinPlus_emb-splitting-inv-noH-ns64-d64-l2-vector_masked-node,366,12.253857612609863,8.319086074829102,8.067642211914062,0.001,64,0,True,normal,123,5.0,data/yuri/dataloader_yuri.py:TMGSspinPlus,torchchem_v1,default,test:data/yuri/splits/3_test_indices.txt,node,0.05,True,vector_masked,0.8,torchchem_v1,1e-05,25,2,splitting,False,"{""multiplicity"":{""type"":""categorical"",""per"":""graph"",""in_dim"":1,""emb_dim"":1024,""num_classes"":101,""offset"":0},""total_charge"":{""type"":""categorical"",""per"":""graph"",""in_dim"":1,""emb_dim"":1024,""num_classes"":201,""offset"":100}}",64,False
qh20nk2w,cv10-TMGSspinPlus_emb-splitting-inv-noH-ns64-d64-l2-vector_masked-node,328,13.035629272460938,9.481361389160156,7.82499361038208,0.001,64,0,True,normal,123,5.0,data/yuri/dataloader_yuri.py:TMGSspinPlus,torchchem_v1,default,test:data/yuri/splits/0_test_indices.txt,node,0.05,True,vector_masked,0.8,torchchem_v1,1e-05,25,2,splitting,False,"{""multiplicity"":{""type"":""categorical"",""per"":""graph"",""in_dim"":1,""emb_dim"":1024,""num_classes"":101,""offset"":0},""total_charge"":{""type"":""categorical"",""per"":""graph"",""in_dim"":1,""emb_dim"":1024,""num_classes"":201,""offset"":100}}",64,False
ujdmse9s,cv10-TMGSspinPlus_emb-splitting-inv-noH-ns64-d64-l2-vector_masked-node,298,13.003353118896484,7.849987030029297,7.577978134155273,0.001,64,0,True,normal,123,5.0,data/yuri/dataloader_yuri.py:TMGSspinPlus,torchchem_v1,default,test:data/yuri/splits/6_test_indices.txt,node,0.05,True,vector_masked,0.8,torchchem_v1,1e-05,25,2,splitting,False,"{""multiplicity"":{""type"":""categorical"",""per"":""graph"",""in_dim"":1,""emb_dim"":1024,""num_classes"":101,""offset"":0},""total_charge"":{""type"":""categorical"",""per"":""graph"",""in_dim"":1,""emb_dim"":1024,""num_classes"":201,""offset"":100}}",64,False
v4dk2fr1,cv10-TMGSspinPlus_emb-splitting-inv-noH-ns64-d64-l2-vector_masked-node,236,13.36447811126709,8.855755805969238,8.283750534057617,0.001,64,0,True,normal,123,5.0,data/yuri/dataloader_yuri.py:TMGSspinPlus,torchchem_v1,default,test:data/yuri/splits/8_test_indices.txt,node,0.05,True,vector_masked,0.8,torchchem_v1,1e-05,25,2,splitting,False,"{""multiplicity"":{""type"":""categorical"",""per"":""graph"",""in_dim"":1,""emb_dim"":1024,""num_classes"":101,""offset"":0},""total_charge"":{""type"":""categorical"",""per"":""graph"",""in_dim"":1,""emb_dim"":1024,""num_classes"":201,""offset"":100}}",64,False
epu0jcke,time-500-TMGSspinPlus-gap-inv-noH-ns64-d32-l3-vector-both,128,0.5380975604057312,0.425516277551651,0.4926609992980957,0.001,64,0,True,normal,123,2.5,data/yuri/dataloader_yuri.py:TMGSspinPlus,torchchem_v1,default,random,both,0.0,True,vector,0.8,torchchem_v1,1e-05,50,3,gap,False,,32,
i9lwk385,time-500-TMGSspinPlus-gap-inv-noH-ns64-d32-l3-vector-both,128,0.7023162841796875,0.5292140245437622,0.4439613223075866,0.001,64,0,True,normal,123,2.5,data/yuri/dataloader_yuri.py:TMGSspinPlus,torchchem_v1,default,random,both,0.0,True,vector,0.8,torchchem_v1,1e-05,50,3,gap,False,,32,
sdpqyfow,time-500-TMGSspinPlus-gap-inv-noH-ns64-d32-l3-vector-both,128,0.7443789839744568,0.547783374786377,0.33562740683555603,0.001,64,0,True,normal,123,2.5,data/yuri/dataloader_yuri.py:TMGSspinPlus,torchchem_v1,default,random,both,0.0,True,vector,0.8,torchchem_v1,1e-05,50,3,gap,False,,32,
vqkaixqn,time-500-TMGSspinPlus-gap-inv-noH-ns64-d32-l3-vector-both,128,0.7322782874107361,0.579587459564209,0.4122369885444641,0.001,64,0,True,normal,123,2.5,data/yuri/dataloader_yuri.py:TMGSspinPlus,torchchem_v1,default,random,both,0.0,True,vector,0.8,torchchem_v1,1e-05,50,3,gap,False,,32,
w12zvkg2,time-500-TMGSspinPlus-gap-inv-noH-ns64-d32-l3-vector-both,128,0.644225537776947,0.4565403163433075,0.3961571455001831,0.001,64,0,True,normal,123,2.5,data/yuri/dataloader_yuri.py:TMGSspinPlus,torchchem_v1,default,random,both,0.0,True,vector,0.8,torchchem_v1,1e-05,50,3,gap,False,,32,
6aq9cdyb,time-TMGSspinPlus-gap-inv-noH-ns64-d32-l3-vector-both,128,0.5836818218231201,0.4350241720676422,0.4167259633541107,0.001,64,0,True,normal,666,2.5,data/yuri/dataloader_yuri.py:TMGSspinPlus,torchchem_v1,default,random,both,0.0,True,vector,0.8,torchchem_v1,1e-05,50,3,gap,False,,32,
rhtwmnb7,time-TMGSspinPlus-gap-inv-noH-ns64-d32-l3-vector-both,128,0.6148441433906555,0.44320148229599,0.4369604587554931,0.001,64,0,True,normal,667,2.5,data/yuri/dataloader_yuri.py:TMGSspinPlus,torchchem_v1,default,random,both,0.0,True,vector,0.8,torchchem_v1,1e-05,50,3,gap,False,,32,
t2l0gx1y,time-TMGSspinPlus-gap-inv-noH-ns64-d32-l3-vector-both,128,0.6372090578079224,0.4886137545108795,0.4402666389942169,0.001,64,0,True,normal,668,2.5,data/yuri/dataloader_yuri.py:TMGSspinPlus,torchchem_v1,default,random,both,0.0,True,vector,0.8,torchchem_v1,1e-05,50,3,gap,False,,32,
tum7uehj,time-TMGSspinPlus-gap-inv-noH-ns64-d32-l3-vector-both,128,0.6129806041717529,0.4465048611164093,0.4253269135951996,0.001,64,0,True,normal,669,2.5,data/yuri/dataloader_yuri.py:TMGSspinPlus,torchchem_v1,default,random,both,0.0,True,vector,0.8,torchchem_v1,1e-05,50,3,gap,False,,32,
vpz1hxug,time-TMGSspinPlus-gap-inv-noH-ns64-d32-l3-vector-both,128,0.514787495136261,0.39341017603874207,0.419725239276886,0.001,64,0,True,normal,670,2.5,data/yuri/dataloader_yuri.py:TMGSspinPlus,torchchem_v1,default,random,both,0.0,True,vector,0.8,torchchem_v1,1e-05,50,3,gap,False,,32,
