refcode,HOMO,LUMO,gap,dipole_moment_Debye,splitting,hirshfeld,N_FOD
AACANI11,-4.9865,-2.634,2.3525,12.2721,-11.63,0.185111,0.448779
ABAJIX,-11.7195,-8.5144,3.2051,2.74325,15.57,0.100697,0.495257
ABATED,-4.0879,-0.9421,3.1458,0.93595,-17.55,0.036665,0.824691
ABATUT,-4.805,-2.3375,2.4675,1.39135,25.81,0.048443,1.233073
ABEDAN,-11.3693,-8.4592,2.9101,10.25912,-31.41,0.025579,0.47186
ABOTNI,-4.6112,-2.4605,2.1507,1.00E-05,-17.81,0.096442,1.252563
ACEGOH,-6.5123,-4.3865,2.1258,12.10396,-41.92,0.295628,1.01312
ACEYOW,-11.0312,-8.6888,2.3424,1.00E-05,-16.04,0.334763,1.123977
ACNCOB20,-7.3765,-4.0193,3.3572,7.24299,38.64,-0.127751,0.618854
ACODUR,-6.5235,-2.1474,4.3761,7.44063,106.09,0.057144,0.237556
ADEQUY,-4.4726,-1.7617,2.7109,3.73732,-13.2,0.269936,0.596021
ADERAF,-4.111,-1.3519,2.7591,0.07105,-17.75,0.209665,0.617252
ADIGEB,-4.773,-3.3661,1.4069,23.14373,-45.98,0.348487,1.909328
AENNIN,-14.067,-10.2781,3.7889,2.18552,-37.94,0.258251,0.122218
AETSFE,-7.8997,-5.829,2.0707,7.59193,49.29,0.081766,1.34774
AFAVIO,-4.5788,-0.9441,3.6347,0,-42.1,0.098807,0.372074
AFOMEQ,-5.1451,-2.1984,2.9467,6.18392,-35.94,0.351813,0.584528
AFOSUM,-4.5649,-0.515,4.0499,8.63412,-64.17,0.247065,0.284159
AFUDAH,-4.6118,-2.3796,2.2322,2.40914,16.19,0.025392,0.870531
AGAMIH,-9.151,-5.5802,3.5708,8.04798,-41.88,0.164436,0.473894
AGAVAI,-4.7743,-2.1774,2.5969,1.48705,45.76,-0.091368,0.878475
AGEZIW,-8.0007,-5.5949,2.4058,8.0554,55.98,0.006565,1.034046
AGIDEC,0.1566,3.9281,3.7715,1.83165,-28.72,0.234636,0.247913
AGLCMN,-5.235,-1.4306,3.8044,11.36008,-47.11,0.316138,0.294381
AGODAC,-4.1639,-0.7893,3.3746,5.03567,93.29,-0.130299,0.492653
AGOZUR,-6.4734,-3.0447,3.4287,0,-50.34,0.227545,0.289643
AGUBAF,-5.9478,-1.8448,4.103,0,-46.05,0.342749,0.244199
AGUDUE,-8.0658,-5.5531,2.5127,4.21554,26.38,0.236759,0.982002
AGXICO,-4.8039,-2.4833,2.3206,0.00033,50.84,0.203538,1.249769
AHABER,-5.3364,-2.7731,2.5633,9.41166,-27.85,0.076537,0.735129
AHABIV,-5.4877,-2.5968,2.8909,8.99849,-32.54,0.115409,0.606235
AHEZAO,-5.2412,-3.1551,2.0861,10.4065,-36.09,0.206415,0.849189
AHIGOO,-4.2372,-1.2349,3.0023,2.52247,45.82,-0.171917,0.785092
AHUCUE,-5.0771,-2.9669,2.1102,5.00017,-15.77,0.16303,1.040208
AHUGOA,-4.5367,-1.8463,2.6904,1.14259,-39.1,0.302154,0.936268
AJAFEX,-4.8457,-1.1911,3.6546,11.1483,55.06,-0.133493,0.454951
AJALAZ,-4.34,-1.7319,2.6081,1.00E-05,24.93,-0.043124,1.177097
AJALED,-5.0899,-2.4727,2.6172,8.98281,-44.46,0.103977,0.662351
AJALIH,-5.203,-2.6948,2.5082,9.14573,-40.85,0.075936,0.759047
AJICUT,-4.8648,-3.0653,1.7995,12.41419,-60.54,0.199998,0.831475
AJIMOV,-5.782,-1.9349,3.8471,6.03085,106.56,-0.037887,0.550826
AJUKIA,-5.3208,-1.4344,3.8864,2.10666,66.87,0.056771,0.798943
AKASIQ,-4.3955,-2.9624,1.4331,4.90139,-55.23,0.330212,1.575649
ALALAA,-4.5662,-2.827,1.7392,0.07032,34.29,0.185019,2.05819
ALEQEO,-4.7473,-1.2807,3.4666,6.93631,76.99,-0.002485,0.504995
ALILOX,-4.7067,-2.4761,2.2306,3.12261,45.28,0.005455,1.336453
ALIYOJ,-4.6147,-2.926,1.6887,9.54585,-57.71,0.328355,0.802316
ALLPMN,-5.1762,-0.1944,4.9818,0.9792,144.27,-0.059496,0.227674
ALOTOL,-4.4594,-0.8703,3.5891,9.19701,60.44,-0.20607,0.568509
ALOTUR,-4.0528,-0.5117,3.5411,8.05632,59.83,-0.203856,0.598047
AMATEQ,0.5306,4.6189,4.0883,1.24802,-43.75,0.290882,0.350191
APOHUK,1.2011,3.155,1.9539,0.54357,-19.51,0.018958,1.72402
APRCOB,-9.9359,-6.5316,3.4043,13.68209,57.18,0.183215,0.476542
APUDUM,-4.7038,-2.3692,2.3346,6.0442,-28.08,0.252948,1.60102
AQIYAA,1.4683,5.2543,3.786,7.25983,108.23,-0.047829,0.548064
AQIYII,-2.1456,1.307,3.4526,4.61045,107.26,-0.037979,0.601813
AQIZEF,1.6432,4.9536,3.3104,10.28072,120.34,-0.017572,0.501623
AQSUMN,-3.0629,-2.0187,1.0442,21.39366,-44.12,0.305647,0.871209
AQUGEY,-4.1475,-1.7631,2.3844,5.36335,-27.24,0.176445,1.331849
AQUGIF,-3.6304,-0.9225,2.7079,2.71431,-24.75,-0.017179,0.95234
AREJUD,-4.653,-1.4696,3.1834,3.88769,57.82,-0.103874,0.51098
ARIMUJ,-9.1413,-6.1858,2.9555,3.29114,83.25,0.092275,0.67019
ARIRIC,-5.5942,-2.1924,3.4018,6.77717,-19.36,0.213877,0.443465
ARIVEE,-4.6261,-2.2995,2.3266,2.70371,19.15,0.028828,0.984747
ASASOF,-4.3901,-2.5022,1.8879,5.20552,43.87,-0.024926,1.406145
ASATEW,-4.729,-2.5813,2.1477,9.13798,53.52,-0.019246,1.488091
ASENIA,0.9564,3.5352,2.5788,0,19.03,-0.173328,1.161974
ASUTUD,-3.8908,-0.9893,2.9015,7.99845,-51.92,0.167032,0.599126
ASUVIT,-4.2033,-0.4596,3.7437,8.77474,-67.71,0.220563,0.257056
ATOCOC,-4.7056,-2.1567,2.5489,2.00E-05,-29.02,-0.032432,1.272292
ATOFAS,3.8659,5.0069,1.141,7.61868,-15.56,0.103751,2.308891
ATOMOM,-10.5695,-8.5765,1.993,2.03752,-46.48,0.218643,0.617545
ATUFAW,-4.7965,-1.3871,3.4094,0.74264,34.16,-0.021826,0.520143
AVALAL,-4.7936,-1.2058,3.5878,5.34074,-56.18,0.325012,0.47078
AVOKAX,-5.1743,-1.9555,3.2188,15.43063,48.13,-0.089183,0.607142
AVUCUP,-4.7711,-2.1904,2.5807,4.08028,-19.07,0.227885,0.867545
AWESAY,-5.1701,-2.0562,3.1139,13.47604,-22.84,0.207315,0.406076
AWOLOO,-4.7992,-3.0425,1.7567,4.85191,-50.25,0.398277,1.075581
AXISIJ,-5.1289,-3.4422,1.6867,12.26586,-43.95,0.282665,1.246333
AXITAC,-4.7812,-2.1342,2.647,10.12107,-48.18,0.173597,0.755513
AYAGIQ,-4.6866,-2.2923,2.3943,5.30523,24.11,-0.085854,1.035829
AYIZOY,9.1298,12.307,3.1772,1.26757,-16.98,0.140239,0.625873
AYOYES,-5.2407,-2.4296,2.8111,4.13709,-30,0.080616,0.583188
AZIDIY,-1.7892,-0.9142,0.875,27.61996,-39.96,0.128192,1.963086
AZISUY,-4.6266,-2.0037,2.6229,0,-51.53,0.217216,0.523381
AZOCNI16,-7.5559,-4.7479,2.808,1.66709,-29.59,0.112273,0.61051
AZUMAJ,-4.5373,-2.2299,2.3074,13.39312,-49.47,0.205731,0.604322
BABCAK,-4.5112,-2.3012,2.21,20.60836,-20.36,0.141946,0.954219
BABPAX,3.1466,6.2248,3.0782,2.34391,27.34,-0.121415,0.622353
BABQIE,-5.2301,-1.4355,3.7946,5.39442,129.16,-0.06165,0.554241
BABTED,-4.0179,-0.3444,3.6735,4.8034,47.56,-0.193213,0.366725
BACNOK,-8.0529,-5.23,2.8229,8.58812,-46.79,0.274563,0.494404
BADHIZ,-5.4078,-2.3029,3.1049,14.08518,-32.29,0.167876,0.45493
BAFSIO,-3.523,-1.0603,2.4627,5.14936,30.12,-0.256221,0.752772
BAHDAS,1.2144,4.8803,3.6659,1.379,-38.4,0.192821,0.41755
BAJJEB,-5.3907,-2.805,2.5857,1.00E-05,-9.39,0.168834,0.598925
BAJVUE,-4.9013,-2.9583,1.943,6.76762,-18.42,0.167627,1.447209
BAJWAL,-5.0134,-3.2169,1.7965,4.57158,-14.07,0.180256,1.650636
BAJWEP,-5.0298,-3.2982,1.7316,5.69131,-13.71,0.169608,1.853663
BAJWOZ,-5.0625,-2.4748,2.5877,6.7471,-35.98,0.16488,0.735637
BAMBAV,10.0861,14.393,4.3069,1.00E-05,132.98,-0.108728,0.22402
BAMCOM,1.2496,3.7573,2.5077,0,23.11,-0.133668,1.326594
BAPKEI,-8.0682,-4.5118,3.5564,1.5535,48.64,-0.191554,0.333508
BAPPOX,-13.9204,-9.3797,4.5407,6.96867,-23.27,0.366965,0.125138
BATSIY,-8.1302,-5.5664,2.5638,6.07422,-22.84,0.175792,0.47042
BAVNAN,-13.2444,-9.3473,3.8971,6.05863,-42.77,0.211132,0.139188
BAWLAN,-4.7423,-3.1739,1.5684,12.48438,-46.41,0.312184,0.940054
BAWZIL,-5.4691,-3.4086,2.0605,0,-14.91,0.248821,0.971765
BAYDEL,-4.5932,-1.9918,2.6014,6.69121,69.98,0.105322,1.487794
BAYHUF,-3.9749,-1.5089,2.466,11.27721,-27.9,0.116789,0.80034
BAZSUR,-5.2853,-2.4384,2.8469,0,35.04,0.016309,0.597281
BEFPOR,-4.6753,-1.119,3.5563,5.1323,88.86,0.034806,0.445462
BEJDUS,-4.2155,-2.1169,2.0986,7.31829,16.33,-0.067244,0.967014
BEKGAB,-5.0245,-2.0559,2.9686,7.93482,-19.24,0.164206,0.786344
BEKGOP,-4.5892,-1.659,2.9302,7.05815,-19.31,0.147973,0.637232
BEKPUE,-5.0873,-1.8381,3.2492,9.3486,58.58,0.04987,0.605797
BEKZIA,-4.8585,-2.9674,1.8911,4.8896,-29.49,0.426396,1.354606
BEMJIN,-4.9408,-2.4683,2.4725,11.87256,-18.75,0.129748,1.274948
BEMNAK,-4.7453,-1.4043,3.341,1.00E-05,37.6,-0.101827,0.508904
BEMWUM,-14.3905,-9.1075,5.283,4.00E-05,-54.5,0.443201,0.038421
BEPRET,-5.2515,-3.1734,2.0781,5.37277,-54.04,0.398536,1.167216
BEPTIA,-5.3722,-3.3119,2.0603,7.64827,-41.85,0.342256,0.92864
BEQYOM,-5.2108,-2.2338,2.977,6.56272,-19.52,0.188195,0.591294
BESBEI,-5.4136,-4.0875,1.3261,7.61432,-36.92,0.418317,1.913762
BETQAT,-7.3562,-2.9421,4.4141,0.377,95.46,-0.195476,0.379249
BEXJEW,-1.4409,-0.2908,1.1501,0.23905,35.75,-0.081429,1.461671
BEXJUK,-3.9187,-1.4057,2.513,5.60307,-40.4,0.257987,0.677839
BEXKOE,-4.9906,-2.2746,2.716,0,23.01,0.076261,0.511874
BEXLIC,-3.7455,-1.3901,2.3554,0.08954,-36.94,0.301048,0.601251
BEXZIN,-5.9773,-3.3678,2.6095,0,43.67,0.114995,0.895136
BEZLOH,-5.3407,-1.9579,3.3828,5.37031,117.65,0.041055,0.486299
BGUCRM,-4.1751,-0.616,3.5591,1.29162,-37.03,0.290129,0.383349
BIBDOG,-1.4384,0.9081,2.3465,6.78019,29.36,-0.154068,1.338929
BIBDUM,-1.7015,-0.1843,1.5172,6.61006,27.58,-0.07583,2.10852
BIBFEY,-1.7204,-0.2335,1.4869,7.92665,25.59,-0.061556,2.177977
BIHKAE,-5.4455,-2.6512,2.7943,0,-36.97,0.054587,0.424411
BIJJAG,-4.7357,-2.1899,2.5458,2.38231,-58.32,0.278356,0.866037
BIKDAA,-4.9993,-1.9341,3.0652,8.50007,-65.8,0.229503,0.535958
BILQUI,-7.5183,-4.3368,3.1815,5.99275,92.12,-0.13573,0.650652
BILVUQ,-5.2559,-2.2633,2.9926,0.99128,-43.42,0.037982,1.206693
BILWAX,-5.1611,-2.1476,3.0135,1.23983,-42.64,0.036398,1.3496
BINCOR,-5.8136,-3.2268,2.5868,6.80504,42.88,0.108496,0.870625
BINJOZ,2.5816,6.3127,3.7311,0.23264,-45.1,0.057831,0.319953
BIPJER,1.6036,3.5307,1.9271,1.39855,-52.01,0.271059,1.084158
BIPMAO,-4.2544,-1.7671,2.4873,5.16905,89.28,0.028433,0.854311
BISHIX,-4.9759,-0.4557,4.5202,4.43787,118.55,-0.004294,0.27829
BISXIK,-5.1831,-2.4329,2.7502,10.32362,90.29,0.036551,1.054543
BITTAC,-4.6781,-1.8443,2.8338,0.64746,37.16,-0.05408,0.789982
BIVTOP,-5.221,-1.3974,3.8236,11.01124,140.39,0.012149,0.414574
BIWPED,-4.4643,-1.9072,2.5571,7.17721,-27.08,0.070969,0.619796
BIXWOX,-3.6505,-1.0069,2.6436,2.62833,55.08,-0.069004,0.943879
BIZQOQ,-6.0167,-3.6124,2.4043,10.48758,47.44,0.019809,0.978297
BODQES,-3.1748,1.509,4.6838,14.59091,102.23,0.05313,0.241465
BOFFOS,4.3139,6.9192,2.6053,0.71344,-13.46,0.403109,0.640634
BOFGOS,-4.957,-1.4359,3.5211,4.1166,99.25,-0.085725,0.667732
BOHGAG,-17.5767,-12.9486,4.6281,2.9635,89.36,0.036905,0.236326
BOJPOI,-5.8962,-1.7951,4.1011,4.50631,78.34,-0.156635,0.581534
BOKZEH,-5.3345,-3.3188,2.0157,10.31221,-24.73,0.105445,1.408889
BOLVAA,-4.2927,-0.2077,4.085,0.54312,63.91,-0.145344,0.324344
BOMVEF,-5.2258,-1.9243,3.3015,4.1271,39.51,-0.086604,0.519555
BONGEQ,-5.0671,-2.173,2.8941,6.94184,106.79,0.001069,0.759099
BOQPIH,-13.2096,-9.7975,3.4121,1.00E-05,-14.51,0.29114,0.372178
BORFET,-5.0178,-1.7114,3.3064,8.07332,126.89,-0.03746,0.510807
BOTHEX,-6.0861,-1.7758,4.3103,16.65385,-22.11,0.29346,0.294894
BOTQEH,-13.5713,-10.1116,3.4597,8.68612,63.89,0.194508,0.374255
BOWYUJ,-3.1489,-0.3019,2.847,0,-48.72,0.205647,0.589356
BOXMIK,-11.0612,-9.5992,1.462,0,18.41,-0.11902,0.986356
BOXSAK,-2.6164,-0.2953,2.3211,1.985,-41.48,0.338801,0.795571
BOXSEO,-1.6724,1.4721,3.1445,1.95735,-62.56,0.244631,0.517929
BOZJEH,-13.5969,-10.0165,3.5804,5.06197,-42.72,0.276814,0.227355
BRURMN,-4.3738,-0.7047,3.6691,20.24149,-74.27,0.229697,0.409924
BUBHEM,-4.4088,-0.6448,3.764,8.00886,-65.29,0.238618,0.229909
BUBLEQ,-5.7736,-3.023,2.7506,7.01172,-32.95,0.089342,0.737814
BUCRAS,-7.3989,-5.7601,1.6388,9.38329,-58.8,0.222002,1.046277
BUDHEN,-5.3698,-3.555,1.8148,7.26931,40.86,0.074585,1.24659
BUJPIH,-4.2618,-2.4032,1.8586,5.81755,-55.99,0.178548,1.094286
BUKFAR,-4.4487,-2.3252,2.1235,14.78029,-15.52,0.134879,1.066626
BUQCUL,-8.3437,-5.4877,2.856,2.40702,52,0.036343,0.925426
BURMIL,-5.5935,-0.5483,5.0452,5.59162,166.92,-0.075065,0.211588
BUSMOR,-3.861,-0.153,3.708,2.60826,-59.15,0.170774,0.272381
BUTDAV,-9.9787,-5.6467,4.332,1.25906,-49.15,0.380275,0.136104
BUXJEJ,-12.0938,-9.3122,2.7816,0,-31.76,-0.046071,0.331047
BUXYIE,-4.821,-3.3214,1.4996,10.91482,-38.67,0.186151,1.621539
CADHOE,-8.9755,-5.4518,3.5237,5.97241,80.76,-0.117987,0.630153
CADYEM,-3.7161,1.6354,5.3515,9.98174,159.07,0.03355,0.202308
CADYUC,-4.9102,-2.5821,2.3281,9.07644,-27.43,0.104384,0.738605
CADZAJ,-4.9655,-2.8587,2.1068,11.47478,-26.05,0.166266,0.84168
CAFTIM,-4.9633,-0.2302,4.7331,0.72833,154.98,-0.082224,0.264811
CAFYAK,-4.2471,-1.2912,2.9559,4.33808,-39.82,-0.074926,1.306923
CAFZAM,-3.6059,-1.3625,2.2434,0.16756,-48.87,0.204213,1.062237
CAGCIW,3.1541,4.8023,1.6482,3.00E-05,-52.51,0.049876,1.026956
CAGSOV,-8.0174,-4.9428,3.0746,7.01386,-34.48,0.10256,0.6329
CAHCOP,-4.3155,-1.2706,3.0449,2.54065,52.26,-0.217098,1.189953
CAHGAW,-4.6827,-2.9536,1.7291,8.37731,-64.34,0.187708,1.027454
CAHQAD,-5.4056,-2.0002,3.4054,3.73783,-44.31,0.156083,0.46442
CAHQEH,-4.3226,-1.2,3.1226,1.5647,-37.39,0.090117,0.536427
CAJFAV,-7.4381,-5.2978,2.1403,7.63609,-33.97,0.181351,1.150292
CAJFEZ,-12.176,-9.7902,2.3858,5.45615,45.99,0.127739,0.769788
CAMRAM,1.748,3.1905,1.4425,0,12.84,-0.154887,1.972028
CAPZAW,-2.6746,-0.1561,2.5185,9.91074,-18.39,0.374493,0.523752
CASLOX,-4.9963,-2.3481,2.6482,1.66731,-32.46,0.194709,0.69754
CASXAY,1.5561,5.2743,3.7182,0.80842,-24.44,0.257609,0.315925
CATGEJ,-5.0302,-1.3311,3.6991,2.66122,102.48,-0.023018,0.437863
CAWPOG,-10.1588,-7.5289,2.6299,2.60459,28.49,-0.180255,1.29019
CAXVAZ,-8.3175,-5.7009,2.6166,8.99478,-54.55,0.349452,0.492629
CAZVAA,-2.2685,0.6774,2.9459,12.75775,-21.79,0.08741,1.024282
CAZZUY,-3.978,-1.3109,2.6671,7.86903,-52.01,0.136504,0.53227
CEBZIS,2.6551,5.1065,2.4514,0,26.31,-0.178507,1.247033
CECBOB,-4.8536,-1.9464,2.9072,5.31389,78.94,-0.06217,0.787057
CECKEB,1.9401,4.1257,2.1856,0,19.43,-0.161088,1.074084
CEDXIT,-10.988,-6.9631,4.0249,1.34839,-57.22,0.250765,0.248317
CEDYAM,-11.6074,-8.6491,2.9583,0.56897,-31.02,0.175258,0.414343
CEHHON,-18.768,-12.756,6.012,0,134.45,0.136561,0.088213
CEHYAP01,-10.8067,-6.4707,4.336,0.00065,89.57,0.129667,0.23902
CEHZOF,-5.2709,-2.9669,2.304,9.0351,41.17,-0.015265,1.178461
CEKJIO,-4.9457,-2.9518,1.9939,10.44553,37.67,-0.011934,1.029938
CEMSIW,3.1846,6.5422,3.3576,0.42323,-58.11,0.057046,0.41049
CEMWIC,-4.3413,-1.872,2.4693,6.79192,-47.89,0.164233,1.16617
CEPFEI,-5.5727,-3.4595,2.1132,4.32129,-22.44,0.139216,0.828676
CEQPIZ,-5.1236,-2.067,3.0566,4.69476,51.33,0.067523,0.712297
CEQPOF,-5.0529,-2.2025,2.8504,5.17297,52.61,0.049203,0.835334
CEQSEW,-4.575,-2.1271,2.4479,1.93258,26.16,-0.125505,0.831389
CESGOW,-7.9204,-5.9593,1.9611,4.61744,72.64,0.110608,1.327808
CETFAI,-12.1151,-9.3171,2.798,0,-21.58,0.202088,0.655889
CETGOX,-12.1047,-8.3432,3.7615,1.29043,-46.7,0.24849,0.292008
CETJIU,-12.5344,-9.9404,2.594,0.71105,-10.3,0.159894,0.718016
CETXAA,-5.5761,-3.5951,1.981,11.56077,34.68,-0.031625,1.701489
CEXJEW,-7.7563,-5.2081,2.5482,7.48926,-47.95,0.261929,0.83255
CEXLUN,-3.3319,0.226,3.5579,11.35677,-44.79,0.469013,0.350102
CEZYOW,-4.6616,-0.6997,3.9619,6.51914,-65.98,0.254603,0.38178
CEZYUC,-4.723,-1.1282,3.5948,8.91184,-62.12,0.259062,0.331431
CGLYMN,-4.8976,-0.5114,4.3862,10.07036,-60.13,0.207225,0.179712
CIDKEI,-3.7646,-2.862,0.9026,18.13154,-47.36,0.225335,1.146561
CIDVOA,-4.6637,-3.0109,1.6528,0.26473,-41.57,0.235745,1.692551
CIGBUP,-12.5212,-9.2567,3.2645,0,-28.08,0.204065,0.233352
CIHJEJ,-4.4333,-1.4912,2.9421,9.73519,-19.59,0.267117,0.45819
CIHWAR,-8.5693,-5.8242,2.7451,1.9482,33.74,-0.04526,0.587785
CIJYID,-11.6833,-9.2084,2.4749,0,-25.95,0.04948,0.331251
CILGIO,-4.1896,-1.3317,2.8579,3.87702,-61.85,0.192786,0.663303
CIMBUV,-9.6215,-5.0008,4.6207,7.69535,120.45,-0.035049,0.299505
CIMGOU,-9.8233,-5.2488,4.5745,7.51896,120.05,-0.009134,0.258934
CIMHEL,-8.8531,-4.2187,4.6344,5.15262,146.51,-0.064995,0.651557
CIRDEN,-4.4971,-0.9218,3.5753,9.39568,-77.13,0.36254,0.442437
CIVREF,-1.4014,1.8873,3.2887,1.00284,-58.6,0.321376,0.302492
CIXXAJ,-4.0339,-1.5406,2.4933,6.19825,-25.2,-0.148779,1.264774
CIXXEN,-3.9683,-1.4597,2.5086,5.634,-25.59,-0.140096,1.215911
CIZLAY,-4.8158,-2.34,2.4758,10.55919,67.26,-0.002431,0.887897
CLSINI10,-4.7285,-1.7688,2.9597,2.3437,29.52,-0.081631,0.820817
CMNMVK,-5.7499,-1.6821,4.0678,5.67582,107.6,0.071716,0.323379
CMPHSC,-5.1968,-1.6383,3.5585,9.34534,137.33,-0.010785,0.418407
CMPYCR,-4.885,-1.4076,3.4774,9.00654,115.92,0.014512,0.440192
CNITSC,-12.976,-10.1951,2.7809,9.26744,25.04,0.021907,0.593019
COBDEC,-5.0828,-4.2476,0.8352,9.95497,42.17,0.075772,1.917348
COBGAB,-8.8368,-5.365,3.4718,8.95854,-40.18,0.13113,0.247893
CODLEO,-5.7416,-3.2755,2.4661,0.29103,-22.81,0.096292,0.798343
CODLIS,-5.5944,-2.1686,3.4258,0.31703,-57.1,0.189793,0.410616
CODWAU,-4.1609,-1.0832,3.0777,1.78824,52.84,-0.137271,0.639167
COETDS10,-14.0329,-10.5988,3.4341,1.1751,-20.9,0.31189,0.285489
COFMOC,-14.6984,-10.2459,4.4525,0.46913,-50.58,0.280938,0.150396
COFRIZ,-4.6761,-1.5397,3.1364,8.592,-20.26,0.187603,0.544669
COIMAC10,-4.902,-1.3168,3.5852,10.69103,-35.54,0.247901,0.41314
COJGUG,-4.5582,-2.3365,2.2217,8.78132,-33.43,0.168127,1.494553
COJHAN,-2.0352,0.2489,2.2841,5.80409,-30.43,0.093497,1.436492
COKLOD,-12.2506,-8.4622,3.7884,0.65954,-34,0.230293,0.437652
COLNEW,-3.9798,-1.4065,2.5733,7.36317,-49.15,0.166447,0.46824
COPCAM,-4.2877,-1.6551,2.6326,7.6605,-53.69,0.202517,0.809397
COPKAU,-5.5161,-2.0387,3.4774,5.71769,123.58,0.056891,0.429469
CORHUN,-4.807,-2.6847,2.1223,3.48254,-19.72,0.072255,1.07223
CORLIE,-1.5769,1.959,3.5359,0.74481,-52.03,0.336926,0.346188
CORSIO,-4.1765,-2.3695,1.807,10.50907,-55.51,0.183685,0.956637
CORSUA,-3.9673,-2.2602,1.7071,13.57135,-56,0.191568,1.140467
COSCIZ,-12.7564,-10.1823,2.5741,3.56317,89.93,0.085667,0.673452
COSGEW,-5.1388,-1.0849,4.0539,6.06432,118.66,-0.091487,0.389529
COYLEH10,-4.61,-2.6248,1.9852,17.84616,-54.28,0.283644,0.903376
CPMSNI10,-8.3831,-5.0335,3.3496,10.29852,-36.8,0.082611,0.576732
CPTCFE,-5.2474,-1.4258,3.8216,5.27676,79.81,-0.05606,0.579784
CSCNCC01,4.0746,10.0289,5.9543,1.00E-05,152.64,-0.008403,0.106058
CTHUCO10,-4.2368,-1.5181,2.7187,0,-15.94,0.047238,0.847379
CUBBOQ,-3.953,-0.7705,3.1825,5.61218,-59.63,0.228517,0.823988
CUCQIB,-6.3121,-3.3217,2.9904,3.66793,93.57,0.005536,0.679922
CUCWEE,-4.6866,-3.5027,1.1839,9.73892,-43.04,0.182332,1.789065
CUDKAN,-12.3494,-8.8902,3.4592,0.94594,-34.1,0.135225,0.251997
CUHGUH,-2.6262,-0.2812,2.345,0.95112,52.81,0.017006,1.789545
CUHGUK,-5.299,-3.0994,2.1996,10.37054,-25.66,0.11468,1.295589
CUJNAY,-4.9306,-1.6242,3.3064,3.74439,-32.86,0.075521,1.063423
CUJSAD,0.2106,2.35,2.1394,2.00E-05,-71.1,0.069948,1.047603
CUPCEV,-11.6132,-9.1093,2.5039,10.55051,-20.91,0.336537,0.527642
CUQSEN,-4.5098,-1.9969,2.5129,11.50041,-34.86,0.163682,0.749307
CURVOB,-5.8492,-3.1305,2.7187,0.5812,-17.56,0.301255,0.884506
CUVGOP01,1.4632,3.3706,1.9074,4.02249,-21.7,-0.013967,1.866281
CUVZIE,-1.3154,1.7899,3.1053,12.4049,-53.95,0.179135,0.358345
CUWMOW,-1.755,1.7587,3.5137,1.64076,-51.07,0.361975,0.310953
CUWSIW,-4.0365,-1.3091,2.7274,6.47775,-38.16,-0.141441,1.205211
CUXREV,-10.4849,-7.7574,2.7275,1.05807,54.63,-0.053165,1.106721
CUXXOL,-5.0814,-1.7472,3.3342,8.71002,41.7,-0.109214,0.588949
CUZBUU,-5.324,-2.1458,3.1782,7.67595,-25.54,0.172673,0.568801
CUZWUR,-3.6505,-2.1808,1.4697,5.18325,-16.61,0.212951,0.921014
DABHUK,-2.32,0.5957,2.9157,8.61755,69.31,0.027271,0.673739
DABPOM,-5.1718,-3.5747,1.5971,6.94177,-21.96,0.387772,1.229344
DABQED,-5.4423,-3.0601,2.3822,3.14819,-33.37,0.371903,0.819804
DABSOP,-4.3685,-2.1038,2.2647,4.07212,-43.33,0.271203,1.081717
DADJEX,-5.1724,-2.8294,2.343,6.66236,-8.04,0.181275,0.935265
DAGFAT,-5.0258,-3.1159,1.9099,14.90746,-36.25,0.131674,0.81625
DAJBAS,-4.5875,-1.8209,2.7666,4.32782,-56.18,0.107649,0.701225
DAJVIT,-4.3647,-1.1483,3.2164,6.94431,-35.86,-0.142188,0.530967
DAKNEI,-4.3989,-1.0831,3.3158,5.01369,62.5,-0.18274,0.526831
DALPEO,-3.9362,-1.6077,2.3285,5.24065,-30.53,0.223783,1.306456
DAMTES,-7.9956,-5.0477,2.9479,8.06716,-15.12,0.146521,0.813081
DAMYUL,-8.0173,-5.4362,2.5811,10.70357,-18,0.210165,0.485829
DAPQOD,-5.2237,-3.4567,1.767,11.30899,-26.15,0.125082,1.226518
DAPSCR10,-15.7951,-13.0784,2.7167,2.06598,-25.47,0.410584,0.697228
DAQRAR,-2.2297,0.5768,2.8065,0.95576,-30.98,0.293765,0.897282
DAQXEY,-5.9864,-3.927,2.0594,1.98866,-25.87,0.354316,1.143954
DAXPEY,-5.7286,-1.2385,4.4901,6.65056,111.64,0.042917,0.323724
DAXPOI,-5.217,-2.4148,2.8022,10.7974,108.64,0.040846,0.586481
DBENCR11,-3.7544,-0.4709,3.2835,0,96.81,0.039114,0.551196
DECKAZ,-4.916,-2.5481,2.3679,10.75762,-47.23,0.143151,0.766411
DECKED,-5.0334,-2.6697,2.3637,10.88155,-45.19,0.116536,0.86645
DECKUT,-4.6105,-2.5058,2.1047,14.48916,-56.87,0.156984,0.87425
DECLAA,-4.7244,-2.5825,2.1419,14.83085,-54.93,0.130018,0.978581
DECLEE,-4.6222,-2.5059,2.1163,14.58784,-57.59,0.145793,0.904656
DEDREK,-4.3394,-3.1527,1.1867,9.73867,10.12,-0.054628,1.686474
DEDROU,-5.0106,-3.1943,1.8163,9.60355,-17.3,0.070244,1.604431
DEFPEJ,-4.6755,-2.1926,2.4829,13.33493,-38.7,0.078502,0.952347
DEGJEF,-4.4034,-2.0963,2.3071,19.57451,-8.84,0.173573,1.18138
DEKFAD,-5.886,-2.5572,3.3288,6.51451,104.89,-0.024554,0.514915
DEKFEH,-5.2914,-1.9195,3.3719,6.41184,92.81,-0.066875,0.760209
DELPOZ01,-12.0679,-10.0528,2.0151,0.17063,60.72,0.189167,1.891604
DENYAZ,-10.6788,-8.1203,2.5585,8.84719,42.77,0.060804,0.951103
DEPLES,-11.8124,-8.4191,3.3933,2.58463,-24.39,0.207095,0.348679
DEQNIX,-4.8691,-1.0522,3.8169,8.13966,47.65,-0.054967,0.391016
DESSAW,-7.4647,-4.8183,2.6464,5.17571,-30.8,0.150788,0.672449
DEXFAN,-4.192,-1.3026,2.8894,6.17981,31.02,-0.04623,0.683686
DEXFOB,-4.2216,-2.4596,1.762,9.48801,-38.06,0.119382,1.281055
DEXZAK,-4.6075,-2.6156,1.9919,3.66109,-22.6,0.272578,1.923989
DIBHIF,-6.179,-2.1679,4.0111,2.6847,67.75,-0.051861,0.461819
DIDMAG,-1.8979,0.5461,2.444,13.02942,-34.18,0.055019,1.117647
DIDMEK,-2.0255,0.2861,2.3116,10.62536,-30.22,0.018919,1.272938
DIFKUY,-5.0341,-2.6873,2.3468,13.67861,-13.4,0.126645,1.076439
DIGJEJ,-4.8208,-1.2765,3.5443,10.15115,38.79,0.022489,0.383643
DIGNUD,-5.2315,-2.7517,2.4798,15.42047,20.79,0.091238,1.031688
DIHZEC,-6.0854,-3.9391,2.1463,0.8253,-11.71,0.464203,0.901945
DIJJIR,-5.1124,-1.8707,3.2417,5.078,-41.16,0.224558,0.874665
DIJPOE,-8.2326,-4.1466,4.086,3.39964,55.33,-0.098687,0.265335
DIJQAR,-4.7024,-1.3219,3.3805,9.42371,36.46,-0.052658,0.525508
DIMDAH,-4.205,-1.4781,2.7269,6.63705,-31.46,0.157238,0.570052
DIMPEU11,-5.0321,-1.2385,3.7936,0,-44.02,0.2105,0.291731
DIRPOJ,-4.8611,-2.6682,2.1929,16.2724,26.25,0.051392,0.948783
DITLAW,-5.0725,-2.1775,2.895,10.18525,-18.26,0.11417,0.75525
DITQEE,-4.8594,-3.6602,1.1992,19.2477,-57.16,0.249223,1.131381
DIXXEP,-3.7938,-0.9085,2.8853,11.06305,-65.4,0.168972,0.502948
DIYVAL,-4.821,-0.8267,3.9943,8.39789,-23.12,0.179524,0.463035
DODWUQ,-3.9732,-2.4084,1.5648,13.00721,-25.68,0.196019,1.511395
DOFVIG,-10.8126,-7.0816,3.731,2.32362,-44.84,0.362969,0.311298
DOFZAA,-4.8725,-1.2114,3.6611,4.74551,90.32,-0.125177,0.408284
DOGHEM,-8.6196,-5.6153,3.0043,2.22484,44.54,0.14511,0.854257
DOGHOY,-7.2993,-6.2417,1.0576,9.39551,-41.92,0.370132,1.755473
DOHXED,-8.4844,-6.0632,2.4212,7.75761,-19.34,0.203087,0.420981
DOJCOX,-0.2864,2.2667,2.5531,4.91959,-32.12,0.122415,0.497526
DOKQOJ,-4.7034,-1.2002,3.5032,0,33.35,-0.088863,0.523904
DOPROS,-4.9438,-1.8404,3.1034,8.67502,35.48,-0.095202,0.947472
DOQRAC,-11.558,-7.6682,3.8898,4.69265,5.09,0.095335,0.450214
DOQWUC,-4.3002,-1.7403,2.5599,3.92939,-58.55,0.217235,0.861771
DOQXUD,-3.9136,-1.652,2.2616,1.95686,-56.41,0.208053,0.868414
DORPIJ,-1.0653,0.8445,1.9098,5.79421,-15.94,0.128491,1.759911
DORZEP,-1.7521,2.4065,4.1586,14.52935,-36.59,0.286606,0.26424
DOVKUV,-5.0054,-2.5765,2.4289,6.43799,-46.38,0.333536,0.870048
DOVMOQ,-5.3195,-2.9422,2.3773,4.84074,46.9,0.152011,0.951834
DOVTUD,-4.769,-1.9341,2.8349,15.36347,-41.31,0.109689,0.761296
DOVYES,-8.985,-5.7525,3.2325,2.55619,63.94,0.077912,0.546508
DOXXOE,-4.4819,-2.4868,1.9951,10.59368,-16.37,0.179826,0.775431
DOZQIV,-5.1507,-2.4255,2.7252,4.50309,41.69,-0.046128,0.943705
DPBPCR,-7.8352,-5.7478,2.0874,10.21539,-48.39,0.205819,1.187221
DUBPIA,-4.0101,-1.3561,2.654,0.58474,-63.47,0.254654,0.538971
DUCGUD,-8.5098,-5.286,3.2238,5.62706,98.75,0.037152,0.808731
DUCQIC,-4.8232,-2.8738,1.9494,7.70748,-21.12,0.294278,0.548507
DUDTUS,-11.2208,-7.8194,3.4014,7.80179,80.36,-0.010133,0.978237
DUFLEW,-4.5905,-2.7586,1.8319,5.85746,-30.85,0.30729,1.472455
DUGPIF,1.7559,6.8213,5.0654,6.7229,147.03,-0.075107,0.20752
DUJCIU,3.3852,5.423,2.0378,0.94974,-26.99,0.036337,1.607775
DULQAD,-12.7199,-9.2896,3.4303,5.40065,-39.7,0.350469,0.525107
DUMCUJ,-4.3237,-2.1208,2.2029,1.48726,18.38,-0.150023,1.156274
DUPMUX,-5.0466,-2.7867,2.2599,5.38589,-28.17,0.227656,1.055785
DUQQAJ,-4.5683,-3.3156,1.2527,5.45565,-62.61,0.18177,1.199196
DUSSAL,-4.6569,-2.3586,2.2983,16.288,-28.8,0.029348,0.979299
DUSSOB,-4.2893,-2.1647,2.1246,12.40156,-41.47,0.094504,1.22088
DUTMIO10,-5.4461,-2.0813,3.3648,1.5896,-43.43,0.087888,0.612192
DUWWEY,-7.876,-4.802,3.074,17.64746,-28.41,0.238564,0.778679
DUXWAW,-12.38,-9.2427,3.1373,1.70293,-33.58,0.110843,0.295543
DUYZII,-4.2813,-1.9813,2.3,0.27069,-66.72,0.246763,0.728966
EACMCO,-4.4682,-1.4027,3.0655,4.26748,57.58,0.153245,0.65111
EAIMCO,-4.4968,-1.7561,2.7407,3.97981,25.83,0.126562,0.795297
EAIVCO,-4.6094,-1.1993,3.4101,3.83657,70.3,0.108692,0.577844
EAMNCR10,-5.2917,-1.4523,3.8394,9.6118,144.29,0.035375,0.369262
EBECAP,2.4479,4.9877,2.5398,0.03595,-23.55,-0.016436,1.515882
EBIXAQ,-2.0663,-1.1045,0.9618,0.3676,33.33,-0.085641,1.929385
EBOTEU,-5.0843,-2.1406,2.9437,0.44783,-53.46,0.179227,0.407022
EBOTIY,-5.2292,-1.9696,3.2596,0.62662,12.32,0.180311,0.497831
EBUSEB,-6.0601,-3.0611,2.999,4.00E-05,-11.9,0.172926,0.491642
ECADOB01,-13.9615,-10.3988,3.5627,0,-17.58,0.324532,0.246941
ECBIMA10,-5.0684,-1.2694,3.799,10.3032,-37.81,0.219294,0.386667
ECEWAL,-4.2231,-2.2576,1.9655,13.82469,-30.57,0.190133,1.376799
ECEXIU,-4.2602,-2.155,2.1052,3.53472,-19.08,0.196158,0.998288
ECOPAO,-6.0756,-3.7598,2.3158,4.01846,-33.67,0.346562,0.814811
ECOXAW,-4.2786,-2.9392,1.3394,4.41474,-61.61,0.303999,1.355228
EDAMEE,-5.4018,-2.6785,2.7233,8.86387,85.02,0.036223,0.675199
EDECEX,-4.7623,-3.0423,1.72,5.08273,-1.69,0.114761,1.750901
EDEZEU,-5.1381,-2.6601,2.478,2.17652,-41.94,0.227237,0.644984
EDIDAX,-13.0481,-9.8451,3.203,5.49423,-11.28,0.28523,0.473535
EDIDED,-3.2843,-0.5985,2.6858,5.66062,-46.39,0.161942,0.729542
EDIGON,-4.4233,-1.4762,2.9471,1.74083,52.57,0.076169,0.59406
EDIJIL,-3.4833,-0.0452,3.4381,4.81807,57.68,-0.132995,0.51573
EDISOA,-5.4811,-2.9648,2.5163,16.7909,-43.73,0.294158,0.640476
EDIXIY,-4.4004,-1.7475,2.6529,5.59726,15.19,0.012935,0.765062
EDOZAA,-4.654,-1.8242,2.8298,3.02145,39.93,-0.150153,0.766044
EDUPOL,-4.7827,-0.7141,4.0686,1.00E-05,77.07,-0.076499,0.337958
EGAMUX,-4.1039,-1.3928,2.7111,4.34248,46.81,-0.114721,1.074115
EGEMOS,-4.3244,-2.1471,2.1773,6.43084,43.97,0.069142,1.160193
EGEYIA,-5.4335,-3.1011,2.3324,12.14294,-41.29,0.188971,0.8564
EGUVOR,-5.2118,-2.318,2.8938,0.15784,-37.76,0.177382,1.153989
EGUZUB,-12.2267,-8.2765,3.9502,0.00017,56.59,-0.125833,0.414414
EHEXOE,0.883,3.4312,2.5482,5.36833,-25.2,0.344452,0.555504
EHIJEM,-8.2617,-4.8843,3.3774,12.17623,-27.87,0.190618,0.533629
EHIWIC,2.5438,6.6611,4.1173,0,-56.48,0.133532,0.164587
EJEVEV,-7.9869,-5.871,2.1159,7.04667,-40.98,0.303589,0.54863
EJOJOC,-4.4899,-1.941,2.5489,3.19503,-30.94,0.253299,1.421627
EJUSEK,-7.6133,-4.4188,3.1945,8.89918,-44.21,0.159636,0.882658
EKOKEV,-4.9875,-2.0533,2.9342,1.47898,90.21,-0.039499,0.624028
EKOXOR,-5.1865,-1.7739,3.4126,8.32695,137.14,0.001423,0.646217
ELAKOR,-4.6601,-1.6001,3.06,3.80884,43.37,-0.155139,0.600025
ELUJUQ,-4.8668,-3.1247,1.7421,17.43095,-11.41,0.333773,1.332112
ELUSUB,-4.9992,-2.7635,2.2357,10.70858,-21.22,0.098376,0.928494
ELUTAI,-5.3466,-3.0534,2.2932,10.29708,-19.64,0.126497,1.010634
ELUXIU,-8.2815,-4.7714,3.5101,18.13477,23.13,0.100281,0.866195
EMEDEH,-5.0846,-1.9334,3.1512,3.05863,-24.64,0.23213,0.571994
EMEKOW,-6.0806,-3.8093,2.2713,16.54109,-8.37,0.061662,1.249539
ENDACR,-18.8683,-13.6569,5.2114,0.07109,-51.08,0.385307,0.101393
ENTXCO,-8.8076,-6.144,2.6636,17.08712,59.44,0.108496,0.64532
ENUREM,-4.8798,-2.3879,2.4919,2.87139,-16.48,0.150509,0.928569
ENUSAJ,-5.1528,-1.8336,3.3192,4.22337,38.69,-0.02685,0.851713
ENUSEN,-4.9873,-1.6917,3.2956,3.66917,38.82,-0.02024,0.803104
EPUTOB,-4.3587,-3.1237,1.235,6.18541,-36.68,0.203891,1.314995
EQACEF,1.7942,4.1218,2.3276,0.32442,-40.42,0.247083,0.641869
EQEFAI,-5.7111,-3.197,2.5141,2.82043,-52.09,0.305175,0.775468
EQEQAV,-4.8314,-2.5454,2.286,3.36746,25.14,0.162891,1.156055
EQIVIJ,-4.445,-1.6273,2.8177,0.26856,-64.85,0.247424,0.732224
EQIVOP,-4.8351,-1.9731,2.862,3.00E-05,-67.26,0.14422,0.496742
EQOQIK,-5.6272,-1.0269,4.6003,6.09314,134.8,0.031462,0.25901
ERIMEZ02,-1.637,-1.7527,-0.1157,0.00014,39.62,0.059663,2.674036
ERIPEB,-10.5346,-7.6991,2.8355,1.08697,-59.85,0.342403,0.98573
ERIQIG,1.54,3.6111,2.0711,0,18.22,-0.153566,1.254314
ERUXIZ,-11.8705,-8.4404,3.4301,0.7851,-27.21,0.1899,0.412667
ESIJEY,-12.0253,-8.6503,3.375,4.11337,95.46,0.005796,0.772186
ESUYUM,-14.5331,-13.8045,0.7286,0.46995,10.32,0.200363,2.0892
ETAKIT,0.2139,2.5578,2.3439,1.6333,-43.63,0.304499,0.903992
ETOHIF,-4.16,-2.272,1.888,18.90985,-19.72,0.221284,1.407215
EVACOT,-5.2765,-2.3902,2.8863,11.47599,30.58,-0.054873,0.877636
EVILOM,-5.6956,-3.3682,2.3274,12.61594,-30.01,0.304223,1.050712
EVOJEE,-11.8463,-7.6846,4.1617,1.24687,-49.64,0.284043,0.109788
EWABUA,-5.2646,-1.6703,3.5943,5.45835,70.58,-0.09653,0.934523
EWANAR,1.0996,3.0663,1.9667,1.00E-05,20.56,-0.131002,1.668232
EWOBEX,-4.3542,-3.1893,1.1649,6.61169,7.85,0.190804,2.352219
EWOBUP02,-7.8957,-5.5736,2.3221,7.75776,-15.31,0.132073,1.286248
EWUSEW,-8.8777,-5.9403,2.9374,0.91178,43.98,0.044009,0.940866
EXOCEA,-5.137,-2.1181,3.0189,15.0538,40.6,-0.086264,0.520018
EXOVIX,-6.5946,-3.1957,3.3989,11.76329,-41.23,0.296103,0.655632
EXUKEP,1.2815,3.5785,2.297,0,18.64,-0.147461,1.24582
EYAQEA,-20.5736,-15.4669,5.1067,0.00038,75.68,0.25545,0.149195
EYAYIN,-2.8414,0.3407,3.1821,1.00E-05,-20.22,0.371737,0.653042
EYEYEM,-5.2456,-2.3484,2.8972,14.75072,44.02,-0.02829,0.712375
EYIRUA,-4.158,-1.978,2.18,13.07883,-28.58,0.102684,1.035174
EYITAJ,-4.6981,-2.2502,2.4479,9.00795,-57.55,0.222044,0.843589
EYOZEY,-5.7166,-3.1319,2.5847,7.02485,-20.65,0.24319,0.891163
EZOYIC,1.0954,5.3607,4.2653,0.35278,-60.22,0.198072,0.100534
FAGKEE,-4.7751,-2.2801,2.495,11.12504,-35.31,0.029149,0.648083
FAHFUQ,-7.739,-4.0734,3.6656,11.99424,-51.67,0.257285,0.255583
FAJHUX,-5.6556,-2.3357,3.3199,7.25877,70.81,0.012122,0.728054
FAJMAF,1.2336,4.632,3.3984,4.70755,-41.99,0.166415,0.674567
FALPOA,-7.6057,-5.628,1.9777,13.14042,-49.29,0.247348,0.891799
FANFAD,-4.8175,-1.9817,2.8358,10.50134,-34.54,0.028209,0.926142
FAPSAT,-3.8383,-1.234,2.6043,1.82814,83.83,-0.204281,1.385077
FARZIH,-4.8428,-1.2713,3.5715,12.94832,-22.93,0.196884,0.390959
FASSEX,-6.6877,-2.0938,4.5939,0.04742,146.81,-0.197006,0.282053
FAVZUY,-5.2022,-1.8051,3.3971,8.49244,42.05,-0.09073,0.680991
FAWQEZ,-5.6308,-1.608,4.0228,9.2753,103.84,-0.028838,0.419331
FAYHIZ,-5.2607,-2.2802,2.9805,3.34091,-20.86,0.052647,0.662989
FAYHOF,-5.157,-2.5153,2.6417,3.1497,-32.06,0.052194,0.833619
FAYVAF,-4.8277,-2.3705,2.4572,11.63845,18.55,-0.090217,0.838155
FAZPEE,-4.4441,-1.8305,2.6136,1.00E-05,-30.74,0.011453,0.834414
FAZTEG,-5.3921,-1.539,3.8531,7.80885,109.98,-0.006815,0.503047
FAZTIK,-4.7596,-1.7634,2.9962,10.15254,109.09,0.025155,0.628637
FEBRAF,-12.0911,-8.9711,3.12,0.54632,-33.72,0.085346,0.580441
FEGVOE,-5.1797,-2.8673,2.3124,8.00E-05,-38.33,0.324927,0.843609
FEGVUJ,-8.7998,-5.9818,2.818,4.41898,42.33,0.114302,0.656544
FEHKUZ,-4.7566,-1.3919,3.3647,8.64249,105.29,0.026065,0.529829
FEHLIO,-4.7797,-1.0286,3.7511,8.58639,105.6,0.008197,0.536102
FEHNOV,-5.5526,-2.9211,2.6315,5.65877,36.5,0.002321,1.02927
FEKPUG,-7.7317,-3.9243,3.8074,0.7966,100.8,-0.183078,0.934798
FENLEP,-8.9839,-5.1386,3.8453,1.86631,92.02,0.021037,0.548341
FERBEK,-4.1299,-1.9678,2.1621,1.93524,71.3,-0.124986,0.994352
FERWEH,-4.2146,-2.8162,1.3984,16.65412,-13.3,0.159624,1.477696
FESXOQ,-4.3041,-2.4254,1.8787,6.8366,-48.88,0.253631,1.232412
FEVFET,-4.3815,-2.6496,1.7319,5.22535,-37.48,0.22105,1.32994
FEVNAW,-5.9493,-2.8538,3.0955,5.84223,27.38,0.221233,0.725859
FEWFUI,-9.8729,-7.1275,2.7454,0.07669,78.17,0.132165,0.732516
FEWGIX,-9.8914,-6.2937,3.5977,0.25019,-20.71,0.272932,0.389205
FEWMEA,-8.1721,-5.4537,2.7184,3.53348,-26.15,0.333461,0.770014
FEWRIK,-7.1995,-4.8804,2.3191,8.42631,-24.74,0.170461,1.273137
FEWVEL,-4.057,-0.7987,3.2583,6.12362,33.01,-0.134559,0.454818
FEWYAK,-6.1667,-3.572,2.5947,0.5892,-22.57,-0.060898,0.827585
FEWYIS,-3.4485,-1.0292,2.4193,8.46714,46.23,-0.046317,1.343303
FEXROR,-5.464,-3.642,1.822,0.21507,-34.34,0.070401,2.333213
FEXTUY,-4.4264,-1.4613,2.9651,17.98408,-32.83,0.070646,0.649911
FEYMIG,-4.2874,-1.519,2.7684,3.00E-05,40.95,0.089569,0.917045
FEZTEM,-7.0756,-4.8952,2.1804,6.50731,-39.55,0.222502,0.677845
FEZXUD,-9.4597,-4.999,4.4607,9.2868,-43.5,0.33296,0.139111
FIDZEY,-5.5427,-2.4588,3.0839,15.14164,-19.59,0.184996,0.521895
FIFDUU,-5.5484,-3.1651,2.3833,9.81906,-26.79,0.065634,0.841899
FIGMEQ,-8.537,-4.6337,3.9033,0.00886,-38.11,0.04035,0.395222
FIHFIO,-5.6163,-3.4222,2.1941,2.28428,-27.11,0.410465,0.92571
FIKXEF,-1.9547,1.5969,3.5516,15.38594,-22.34,0.127947,0.596474
FILSEY,-3.5226,-1.1296,2.393,3.68202,27.54,-0.047508,0.780217
FIMPIB,-1.542,1.3239,2.8659,5.21623,59.64,-0.132147,1.426834
FIMPOH,-4.6613,-2.7103,1.951,4.97302,45.3,-0.035078,1.855579
FIPWEG,-5.3634,-1.3566,4.0068,4.24783,107.73,-0.04142,0.311857
FISGAS,-7.6819,-5.5187,2.1632,9.14238,-25.71,0.133649,0.551564
FIWLEE,-4.5167,-0.8628,3.6539,10.07394,39.46,0.006549,0.431423
FIYFEB,-1.0965,1.8959,2.9924,0.42497,-54.99,0.240069,0.631397
FIYMOP,-8.7033,-4.7087,3.9946,1.84614,59.95,-0.156243,0.264689
FIZQIP,-8.4398,-5.9662,2.4736,2.22173,-41.55,0.298944,0.829679
FOCSOF,-5.4779,-2.4258,3.0521,5.26873,-59.39,0.135102,0.589212
FOGQOI,-5.2363,-2.8234,2.4129,11.53393,-33.74,0.075194,1.318433
FOKYEJ,-5.4159,-1.0193,4.3966,6.23803,141.28,-0.066389,0.346239
FOMPUU,-4.5085,-3.4878,1.0207,23.94273,-34.18,0.12838,1.242648
FOMQAB,-4.5534,-3.5443,1.0091,23.87436,-19.13,0.107258,1.370953
FONPUT,-4.5469,-1.4904,3.0565,6.50967,135.11,-0.145561,0.682554
FOPJEB,-13.6133,-9.2814,4.3319,0,-46.23,0.190848,0.105507
FOQBOC,-0.6232,1.1769,1.8001,9.42223,-17.93,0.20892,1.918492
FOQNOP,-7.4228,-2.6428,4.78,0,175.48,-0.085778,0.249306
FOSKEF,-7.4407,-4.7518,2.6889,9.41609,-37.62,0.264982,0.858546
FOSVIS,-4.1366,-0.744,3.3926,9.92777,-40.41,0.059736,0.573431
FOTSIR,-5.4388,-3.1601,2.2787,4.77925,-16.67,0.249389,0.716975
FOTZET,-4.586,-0.2488,4.3372,2.11974,94.27,-0.03936,0.341791
FOXCOM,-4.458,-2.6561,1.8019,19.3707,-16.4,0.203553,1.198458
FOXGAB,-4.987,-2.9338,2.0532,8.57084,-61.37,0.340317,0.93425
FUMKIH,-4.5871,-2.0329,2.5542,14.35638,-38.72,0.031106,0.927446
FUNHUS,-2.187,0.2448,2.4318,1.93451,-34.6,0.174086,1.048664
FUQCUR,-8.9792,-5.5074,3.4718,10.47727,68.41,0.091656,0.572762
FURBIF,-3.55,-3.3615,0.1885,25.09724,-17.59,0.196339,1.353984
FURPEO,1.3372,2.9187,1.5815,0.74765,38.73,0.054171,2.422663
FURROZ,-6.2121,-1.1498,5.0623,2.79525,152.35,-0.003255,0.191662
FUWVOJ,-4.9396,-3.215,1.7246,11.1213,-45.24,0.287466,0.806147
FUYTEA,-4.933,-3.1232,1.8098,3.36074,-7.85,0.105523,1.455005
FUYTOK,-0.6572,1.1734,1.8306,7.30342,-8.34,-0.064216,1.425188
FUYYAB,-5.5673,-2.39,3.1773,7.59105,66.34,-0.001619,0.591998
GADMEH,-1.6752,1.2467,2.9219,16.45915,-11.56,0.176773,0.716101
GADMOR,-0.7911,2.0677,2.8588,8.41446,-24.88,0.198532,0.65159
GADTIS,-5.2921,-3.3,1.9921,6.64002,-28.96,0.360862,1.0258
GAGVUG,-5.1078,-2.2641,2.8437,0.21997,-30.91,0.369635,0.577014
GAHJEG,-8.014,-4.058,3.956,4.03435,67.89,-0.174119,0.403737
GAMQEQ,-5.0883,-1.444,3.6443,9.50746,154.9,-0.131236,0.412761
GAMZAW,-3.9353,-1.4808,2.4545,0.26801,11.88,0.022265,0.866158
GAMZEA,-3.9895,-1.3452,2.6443,1.00E-05,6.23,0.008618,1.056992
GAMZIE,-4.362,-1.8333,2.5287,6.95069,-46.79,0.07987,0.91651
GAMZOK,-4.6393,-2.1668,2.4725,7.77885,-49.6,0.089492,1.179236
GAPZEC,-8.5147,-5.3392,3.1755,0.01498,47.45,0.149007,0.438119
GARQIB,-4.0798,-2.8001,1.2797,9.19746,-50.82,0.264443,0.927927
GAVNEX,-5.652,-3.3815,2.2705,9.93453,-19.96,0.344791,0.947268
GAVXAC,-8.1276,-5.4921,2.6355,0.81674,76.12,-0.012686,1.013999
GAWNAU,-4.8418,-1.2679,3.5739,3.65574,37.22,-0.019591,0.429907
GAXYOW,-4.9675,-2.7244,2.2431,4.7934,-17.41,0.157023,1.094573
GAXZEN,-4.793,-2.0514,2.7416,3.49165,-56.97,0.229452,0.795913
GAYXEJ,-2.0828,1.9255,4.0083,7.64933,-79.65,0.184788,0.32539
GAYZEL,-4.8246,-2.5675,2.2571,1.00E-05,-19.55,0.210229,1.198694
GAZHAQ,-8.5311,-5.0081,3.523,3.16565,70.49,5.70E-05,0.401529
GEDFIE,-11.6005,-6.845,4.7555,1.00E-05,90.4,-0.085398,0.254723
GEDJEE,-6.2362,-2.8547,3.3815,3.89721,-40.97,0.199575,0.3719
GEFTIV,-4.7569,-2.1348,2.6221,6.58912,-39.98,0.137593,1.112341
GEFZEX,-7.8727,-5.4944,2.3783,10.07844,50.02,-0.07168,0.984589
GEGBUQ,-4.3429,-1.7599,2.583,5.01667,-16.85,0.189808,0.842882
GELBII,-5.947,-2.1413,3.8057,2.68837,43.63,-0.000474,0.413555
GELRIY,-4.9545,-1.388,3.5665,5.00673,107.72,-0.092597,0.860622
GEMZON,-8.9897,-4.649,4.3407,6.36535,160.77,-0.020674,0.521442
GENBUW,-4.6483,-1.482,3.1663,7.18763,130.74,-0.050652,0.703491
GENQAS,-5.6322,-3.5621,2.0701,1.74018,-7.04,0.263689,0.743978
GENYOP,-4.6973,-2.0085,2.6888,0.85451,31.11,-0.082232,0.939721
GEPBEJ,-4.4276,-2.7611,1.6665,14.10231,-44.6,0.175631,0.858539
GEPPEX,-4.4177,-2.2194,2.1983,4.70761,7.26,0.235802,1.109874
GEPVEF,-5.5031,-3.3591,2.144,1.46341,-12.72,0.10118,1.336674
GEQZUY,-5.9517,-2.4872,3.4645,12.3609,-42.13,0.111903,0.633447
GESMUM,-8.6876,-4.943,3.7446,4.15439,43.86,0.027551,0.344109
GESNAT,-5.2297,-1.7672,3.4625,4.28813,42.17,-0.021502,0.506984
GEWNAX,-17.0882,-13.4171,3.6711,11.00253,66.13,0.026243,0.563837
GEZGEA,-5.3248,-2.9527,2.3721,11.49414,-21.89,0.040123,0.783248
GEZGIE,-5.2844,-2.9216,2.3628,9.87316,-22.13,0.042888,0.775454
GIBGON,-5.1732,-2.3288,2.8444,7.7525,-17.86,0.167865,0.655765
GICZIB,-9.3269,-6.8231,2.5038,13.23324,64.67,0.170485,1.248076
GIDKAH,-5.5081,-2.6755,2.8326,12.12558,-41.25,0.22497,0.868764
GIFFOS,-1.623,0.7429,2.3659,11.63391,-35.75,0.076217,0.892358
GIFJEM,-4.8014,-0.9185,3.8829,1.00E-05,-67.37,0.262021,0.200938
GIGGUZ,-4.8421,-3.2948,1.5473,14.50107,-25.32,0.154933,1.202533
GILZIK,-4.825,-2.6005,2.2245,16.01664,27.8,-0.166871,1.856226
GINSUS,-4.1204,-1.1139,3.0065,1.01677,57.92,-0.131371,0.71427
GISLUQ,-9.3483,-4.8866,4.4617,3.57008,110.01,-0.04084,0.230123
GISVAF,-4.1095,-2.7653,1.3442,23.66181,-21.71,0.131602,1.091428
GITHEY,-4.8423,-2.8278,2.0145,3.18339,2.87,0.288372,1.567439
GITYOY,-4.8068,-2.4247,2.3821,11.79117,-24.86,0.107454,0.527746
GIXYIV,-4.41,-0.9208,3.4892,5.90957,117.27,-0.125911,0.529549
GIYGUT,-5.8754,-3.1308,2.7446,6.69984,-22.24,0.257918,1.117653
GOCDEH,-4.517,-1.4396,3.0774,1.00E-05,34.86,-0.164688,0.756268
GOFXIK,2.9191,5.3776,2.4585,4.24442,-49.98,0.022396,1.04299
GOHDEN,-1.9539,-0.1437,1.8102,6.31948,27.7,0.001051,1.928925
GOJFIU,-4.7775,-1.6199,3.1576,5.7161,61.7,-0.002976,0.632194
GOJVAC,-5.8166,-2.0195,3.7971,7.0255,124.4,-0.029426,0.407488
GOJZIP,-0.9925,1.4374,2.4299,22.93621,69.84,-0.013829,0.907865
GOKREF,-7.5721,-4.1987,3.3734,12.05034,-62.05,0.304729,0.514656
GONTIM,-5.8239,-1.6857,4.1382,8.03424,108.73,-0.015053,0.369512
GOQYUG,-5.1937,-2.4106,2.7831,0.39725,24.07,-0.088762,0.786511
GOQZIX,-3.9039,-2.1992,1.7047,19.50269,-50.64,0.179129,0.544972
GORWIT,-1.8206,1.3756,3.1962,8.40479,-36.98,0.0929,1.03364
GOVDOK,-5.1897,-1.2427,3.947,3.17032,-62.35,0.272907,0.81285
GOXBAW,-4.1498,-2.1073,2.0425,20.84897,-37.26,0.102389,0.766871
GOXBOK,-5.1233,-2.254,2.8693,4.83808,27.38,-0.112768,0.921744
GOXXEW,-4.597,-2.1518,2.4452,15.27093,-59.64,0.202193,0.5976
GUCBAJ,-4.9119,-2.9425,1.9694,5.23118,-39.17,0.225453,1.34572
GUGCUI,-4.7902,-1.7192,3.071,1.70668,-21.3,0.137359,0.644549
GUGYIS,-2.3449,-1.2972,1.0477,26.24365,-22.85,0.388372,1.897793
GULWUH,-5.339,-2.4615,2.8775,5.23772,-42.17,0.337205,0.984662
GUQYOH,-4.8149,-2.9513,1.8636,5.49155,-17.86,0.361859,1.100412
GUSCOP,-7.4948,-4.353,3.1418,3.59789,54.29,0.077995,0.789182
GUSJAI,-4.2213,0.208,4.4293,4.66587,65.18,-0.069432,0.296568
GUTXEB,-7.4664,-5.1595,2.3069,4.26804,73.05,-0.103182,0.917468
GUTXOL,-7.9548,-5.6451,2.3097,6.55826,62.33,0.022456,1.689861
GUTYAY,-4.1815,-2.4044,1.7771,6.99047,50.56,-0.071912,1.439223
GUVZIH,-4.7001,-1.8718,2.8283,4.55048,33.85,-0.017911,1.424439
GUWWAW,-5.4275,-3.0182,2.4093,10.38748,-28.56,0.175553,1.079904
GUZCUZ,-5.0378,-2.3389,2.6989,3.59423,4,0.208125,0.78209
GUZTIH,-4.6206,-2.0895,2.5311,4.92655,-6.51,0.230465,0.753502
HABRAG,-5.198,-2.1597,3.0383,7.19712,-28.46,0.125149,0.564114
HAFQUB,-4.9999,-0.7174,4.2825,1.19004,80.34,0.025504,0.344701
HAFRAI,-9.7046,-6.8627,2.8419,1.00763,82.76,0.111511,0.628505
HAGHOO,-3.3054,0.0411,3.3465,0.73995,-60.1,0.043997,0.519824
HAHHII,-4.7011,-1.8538,2.8473,4.66218,23.5,-0.032887,0.801492
HAHXOE,-4.8798,-3.2496,1.6302,12.01466,-63.04,0.177054,1.011551
HAHYAR,-4.8599,-3.2368,1.6231,12.53563,-53.18,0.18484,1.141994
HAKPUF,-5.041,-1.8356,3.2054,4.40292,86.19,0.099191,0.605789
HAKQEQ,-5.3955,-2.5877,2.8078,4.75185,-19.81,0.165947,0.673147
HALBEB,-4.7196,-2.4069,2.3127,7.62422,-17.42,0.231506,1.07068
HANJIP,-13.7359,-10.3452,3.3907,11.53366,63.95,0.142108,0.394269
HARLER,-8.2998,-5.7763,2.5235,5.00E-05,-9.87,0.436465,0.471596
HASJEQ,-4.3937,-1.3316,3.0621,10.0909,50.25,-0.049285,0.867395
HATNOG,-9.2733,-4.4561,4.8172,8.06565,137.27,-0.010275,0.267402
HATNUM,-5.9143,-1.003,4.9113,6.23999,151.8,-0.034812,0.247395
HATPAU,-6.0405,-1.5123,4.5282,8.12232,134.95,-0.005616,0.305024
HAVRII,-3.0151,-0.5907,2.4244,1.00E-05,-19.66,0.426015,1.050907
HAWNUQ,-9.2295,-5.3213,3.9082,8.69267,122.36,0.081697,0.392566
HAWSEF,-4.3573,-1.5529,2.8044,1.93249,-17.4,0.263746,0.766903
HAXCOA,-2.3461,0.9604,3.3065,6.10038,93.63,-0.014203,0.58055
HAXXOU,-4.7196,-3.2674,1.4522,15.01151,-16.88,0.314008,1.452596
HAYLOI,-3.9884,-1.6026,2.3858,4.68578,-19.28,0.039559,0.800776
HEBMOQ,-4.4976,-0.9716,3.526,3.13641,69.51,-0.050998,0.673862
HEBPUZ,-4.0022,-0.6953,3.3069,0.41129,45.72,-0.113646,0.793016
HECVER,-4.503,-2.2202,2.2828,1.19183,-45.81,0.179622,1.556221
HEFGEG,-5.1325,-2.9714,2.1611,12.99758,-23.85,0.126224,0.934772
HEHJOW,-2.0134,-0.0811,1.9323,0.00148,22.31,0.003186,1.450256
HEKXIG,1.7916,5.3115,3.5199,1.00E-05,-43.48,0.040969,0.421231
HELJAJ,-10.2012,-6.4933,3.7079,11.85963,83.59,0.041786,0.489365
HEQZEI,-6.5835,-3.9468,2.6367,0.01231,9.45,0.236385,1.835908
HERFIT,-3.7676,-1.6481,2.1195,2.85378,13.98,-0.080038,0.89278
HERGUG,-6.4257,-2.9889,3.4368,6.22225,50.62,0.141954,0.533985
HERHAN,-9.7783,-6.693,3.0853,3.25411,51.36,0.160954,0.474636
HERTII,-11.9952,-8.5914,3.4038,7.44391,42.53,-0.064751,0.472136
HERVOQ,-8.4154,-5.5471,2.8683,5.68093,31.21,-0.128858,0.672336
HESMIB,-9.086,-5.2883,3.7977,13.75182,-42.36,0.315549,0.236992
HESNAX,-4.1211,-1.5007,2.6204,6.01751,37.69,-0.189767,1.095673
HETLEX,-4.4652,-2.136,2.3292,4.64153,26.96,-0.095013,1.044975
HEYKOL,-5.0984,-1.2374,3.861,1.77173,48.78,-0.088101,0.414198
HEYMIH,-12.8957,-9.2455,3.6502,2.34266,91.39,-0.035503,0.521728
HEYNII,-3.9958,-1.0844,2.9114,2.25252,47.43,-0.12706,0.879907
HEYNOO,-4.0805,-1.1031,2.9774,1.53504,45.23,-0.115605,0.961688
HEYPEG,-4.6529,-2.1795,2.4734,8.34837,-29.96,0.065649,1.162626
HIDQUJ,-9.7277,-8.0459,1.6818,2.66416,-62.82,0.212338,1.4268
HIDXUP,-4.9832,-1.7179,3.2653,7.95142,-35.61,0.090686,0.856348
HIFCAD,-6.6763,-4.4744,2.2019,10.90644,89.23,0.032347,1.424585
HIGVAV,-5.7211,-3.3363,2.3848,4.72414,54.3,-0.007518,0.825473
HIHZII,-4.2988,-0.7626,3.5362,6.56698,108.25,-0.145837,0.554303
HIKNAR,-5.3068,-2.195,3.1118,3.98344,89.11,0.006142,0.718913
HIKNEV,-5.2563,-2.2318,3.0245,4.32811,87.43,0.016964,0.690098
HIKNIZ,-5.2451,-2.1521,3.093,2.95249,69.34,-0.011126,0.714146
HIMKOE,-8.1379,-5.5955,2.5424,8.20822,-21.53,0.138991,0.561415
HIMLIZ,-4.6259,-2.4463,2.1796,8.97135,-44.58,0.333266,0.949798
HIMYAD,-5.0605,-2.1935,2.867,6.57175,-23.2,0.202941,0.652763
HINTUU,-4.6191,-1.2145,3.4046,10.82227,113.21,0.022043,0.579514
HINVUY,-7.5428,-4.7778,2.765,3.06405,36.27,-0.185706,1.25061
HIPCIS,-4.8439,-1.4053,3.4386,13.1504,53.24,-0.021581,0.557538
HIPKUO,-4.3733,-1.5841,2.7892,0.08476,-63.48,0.235346,0.938029
HIPLAU,-4.4166,-1.6441,2.7725,7.17341,-52.13,0.202462,0.625039
HIPLEY,-4.9126,-2.0133,2.8993,7.50911,-29.27,0.175013,0.537763
HIPLIC,-3.9884,-1.0948,2.8936,6.58558,-44.27,0.186122,0.626198
HIPLOI,-4.1483,-1.377,2.7713,7.06328,-21.31,0.150375,0.523185
HIQLUR,-4.0057,-1.5331,2.4726,10.27307,22.98,-0.10601,0.796303
HITHOI,-5.1791,-3.211,1.9681,8.74812,-30.2,0.404268,0.837462
HIVDAS,-12.8428,-9.5333,3.3095,1.00E-05,-36.69,0.263627,0.263791
HIXZUJ,-11.1465,-8.427,2.7195,0.54268,-45.54,0.246592,0.801896
HIYRUE,1.1623,3.1835,2.0212,14.83603,88.12,0.074604,1.422645
HIZDID,-4.3638,-1.093,3.2708,4.10938,-58.82,0.309048,0.449958
HIZTUF,-4.6428,-2.1419,2.5009,6.77855,26.15,-0.076956,0.782684
HMSIAF13,-5.6988,-3.8447,1.8541,0.00249,-24.98,0.496082,0.781983
HOCREX,-8.1819,-5.3879,2.794,5.97779,-40.53,0.335459,0.894155
HOGFIV,-4.9393,-2.8229,2.1164,17.75694,-53.82,0.258628,1.146336
HOGHEQ,-4.8856,-2.8462,2.0394,3.2179,56.57,0.21766,1.829606
HOHBUB,-4.8992,-2.6411,2.2581,4.50494,-16.13,0.258574,0.649322
HOHCAI,-4.6346,-1.4301,3.2045,6.54495,-21.48,0.196078,0.441297
HOKXAG,-12.3954,-8.4652,3.9302,0,-41.89,0.13783,0.131305
HOMKUP,-5.0616,-2.4648,2.5968,6.91681,-18.82,0.073458,0.967865
HONGAV,-4.6069,-2.1672,2.4397,7.13971,-41.28,0.155546,1.203457
HONZIT,-4.8925,-2.1942,2.6983,3.41013,-29.02,0.160753,0.836333
HONZOZ,-4.72,-2.1863,2.5337,3.38101,-33.68,0.159492,0.87146
HONZUF,-4.3017,-1.8041,2.4976,1.72843,-24.93,0.181567,0.92514
HOPCEU,-12.8603,-10.0809,2.7794,0,22.95,0.033841,0.577064
HOPYIW,-5.1045,-3.0076,2.0969,7.91476,27.71,0.035145,1.038569
HOSRUD,-5.1359,-2.8991,2.2368,0.00192,-13.25,0.241463,1.200997
HOTRIS,-4.4592,-1.9484,2.5108,3.62627,17.24,-0.056926,1.049689
HOTVIW,-2.6082,0.9873,3.5955,0.11051,-43.77,0.35406,0.435773
HOTXIX,-4.8725,-2.1275,2.745,7.26839,27.63,-0.123225,1.053689
HOXMOX,-1.1681,1.001,2.1691,7.08042,-47.37,0.147805,1.101157
HOYFUW,-1.2775,1.0515,2.329,9.20035,17.81,-0.108095,1.115984
HOYHOS,-5.1221,-3.8028,1.3193,9.68064,-45.06,0.152455,1.403804
HUBLEW,-0.4018,1.5099,1.9117,10.23128,22.79,-0.127222,1.078691
HUBLUM,-2.0217,0.207,2.2287,5.20498,27.06,-0.075099,1.152905
HUBMUN,-1.8853,0.2287,2.114,7.63156,38.73,-0.073304,0.969983
HUDGOC,-10.5734,-7.0362,3.5372,0.60364,-56.78,0.241484,0.461286
HUKJAA,-4.6291,-2.3548,2.2743,2.84497,-14.95,0.08971,1.07117
HULQAI,-0.1499,1.7159,1.8658,12.59546,-18.96,0.435507,1.402241
HUMBEX,-16.9771,-14.6227,2.3544,0.45313,-11.15,0.2104,0.787239
HUMZEW,-4.452,-1.6604,2.7916,16.4246,-64.44,0.207709,0.623191
HUPLIQ,-8.7886,-5.9102,2.8784,6.51384,-30.14,0.17991,0.486207
HUQFAA,-12.7029,-8.4888,4.2141,0.70478,69.98,0.10096,0.314753
HURSAR,-5.1443,-2.176,2.9683,10.07701,-26.96,0.11475,0.567122
HURSIX,-1.4973,1.4605,2.9578,3.97613,-55.06,0.210827,0.863567
HURSOD,-1.1889,2.0281,3.217,5.44536,-62.69,0.254281,0.67025
HUSXUP,1.9152,4.1822,2.267,0.35378,-45.08,0.013747,1.126917
HUTCOR,-5.774,-1.8525,3.9215,6.49118,-64.53,0.322646,0.577195
HUWTIF,-10.4332,-7.2772,3.156,2.17297,44.33,-0.173534,0.92025
HUXWAZ,-4.6261,-2.0675,2.5586,2.68099,42.23,0.045628,0.937644
HUXWED,-4.6365,-2.1719,2.4646,3.20949,46.1,-0.001055,1.009943
HUYDUB,-7.5229,-5.5433,1.9796,9.02799,52.29,0.002687,1.380506
HZHCXC,-5.1709,-2.2747,2.8962,3.00E-05,-8.22,0.187371,0.480317
IBEGIH,-5.8112,-3.49,2.3212,7.56372,-31.31,0.354301,0.644661
IBUQOL,-12.2198,-9.5599,2.6599,9.4069,59.49,0.105733,0.569752
ICASOV,-4.7819,-2.5866,2.1953,6.63896,-27.15,0.310068,1.106878
ICATIS,-3.8207,-2.7118,1.1089,6.80659,-63.19,0.231346,1.287326
IDIKUD,-4.0211,-3.2063,0.8148,28.74972,-49.83,0.187402,0.813914
IDUBEO,-2.2802,1.6607,3.9409,2.92895,108.13,0.003394,0.289449
IDUBOY,-2.3079,1.7057,4.0136,9.2251,102.11,-0.01842,0.424258
IFEYOK,-10.7943,-8.0525,2.7418,2.99515,51.41,-0.011602,1.157143
IFIXON,-5.4925,-2.3454,3.1471,3.66958,-12.63,0.258767,0.558537
IFODIR,-4.4666,-2.0835,2.3831,7.95414,78.31,-0.010124,0.747241
IFOPAU,-0.7436,1.5063,2.2499,4.85773,-45.11,0.13523,1.186154
IFUFIY,-1.1673,2.3314,3.4987,0.34454,-53.77,0.260822,0.374662
IGIMIU,-4.2745,-0.7519,3.5226,4.70224,88.37,-0.012181,0.599847
IGUQUY,-7.4089,-4.7427,2.6662,7.07263,-37.64,0.203349,0.380252
IGUREJ,-8.0945,-5.2344,2.8601,6.91385,-9.73,0.141341,0.589079
IHABID,-5.6762,-1.4687,4.2075,5.42496,104.99,-0.010478,0.412662
IHALUZ,-4.3119,-1.6049,2.707,3.00E-05,-33.91,0.063078,0.389372
IHETOG,-5.3141,-2.6064,2.7077,2.75681,-36.15,0.232157,0.679515
IHEVUM,-4.8851,-1.8745,3.0106,0.17743,-64.37,0.262335,0.755492
IHIGEN,-4.6593,-1.635,3.0243,8.03001,109.22,0.08049,0.612852
IHUDUL,-3.739,-0.0471,3.6919,4.57221,53.87,-0.172611,0.462659
IJEZIJ,-8.2112,-4.2596,3.9516,2.6805,73.41,-0.046385,0.741863
IJIGUD,-4.7402,-2.1117,2.6285,8.54813,-60.74,0.101349,0.692008
IJOPED,-4.7715,-1.8985,2.873,7.68082,-31.74,0.173205,0.562751
IJOREG,-4.4685,-2.0723,2.3962,2.00E-05,-34.15,0.015152,1.349041
IJUDAV,-4.8217,-3.0092,1.8125,4.86069,5.53,0.031826,1.402044
IKERUO,-5.1252,-1.402,3.7232,10.45957,-35.23,0.25432,0.481026
IKIVOO,-4.1712,-2.4345,1.7367,1.00E-05,-24.27,0.307114,0.749016
IKURAI,-5.1769,-2.1099,3.067,2.16909,42.73,-0.026984,0.551216
ILASOE,-8.726,-4.8685,3.8575,6.33115,84.18,-0.046451,0.493111
ILATEV,-4.5,-1.4142,3.0858,0,-39.75,0.094029,0.736321
ILIJUK,-4.2041,-3.4059,0.7982,33.35168,-20.17,0.086389,0.996199
ILODOD,-8.6963,-6.1246,2.5717,6.64823,-19.38,0.150576,0.423627
ILOLOM,-4.2774,-1.4009,2.8765,6.38105,-52.09,0.260291,0.650711
ILONUV,2.1143,4.8212,2.7069,1.10441,-31.22,0.353701,0.653843
ILUFUQ,-0.0088,2.3899,2.3987,5.06257,-16.34,0.21318,0.695298
ILURIR,6.3081,8.2385,1.9304,15.52863,89.69,-0.08051,0.720312
IMACEG,-4.4315,-2.1657,2.2658,7.62729,-33.75,0.121172,1.69938
IMETNI01,-8.3959,-6.4013,1.9946,11.30617,-13.07,0.142181,0.718531
IMUCAX,-9.7973,-6.9057,2.8916,3.37394,67.77,-0.046642,0.853599
IMUDOK,-4.4443,-2.2296,2.2147,1.23992,-7.12,0.143131,1.274916
INAZED,-4.5356,-1.7889,2.7467,3.17668,-18.33,0.207518,0.902185
INEDEM,-4.8908,-2.179,2.7118,7.46547,-56.72,0.214396,0.846271
INIFOB,-4.6295,-1.9973,2.6322,3.18358,-17.19,0.351854,0.75277
INIHAP,-4.084,-1.6954,2.3886,2.51045,-52.76,0.254598,0.695123
INILOI,-5.1832,-2.6307,2.5525,1.2016,-28.56,0.032323,0.881742
INUVUJ,-4.899,-2.6907,2.2083,6.46786,-42.75,0.259052,1.113723
INUVUL,-8.7532,-6.1521,2.6011,3.58135,64.14,0.019402,1.008865
INUXEV,-4.1478,-1.5825,2.5653,2.94135,-38.77,0.277556,0.770934
IPEPNI,-4.8381,-2.1683,2.6698,1.00E-05,22.13,-0.102187,0.703175
IPIBUE,-5.3008,-2.0818,3.219,1.00E-05,-45.98,0.219856,0.476906
IPIYEM,-3.9157,-1.353,2.5627,3.00112,41.51,-0.132919,1.18805
IPOFUR,-4.4324,-1.4295,3.0029,1.62324,46.25,-0.050876,0.708595
IPOROX,-5.6093,-1.5877,4.0216,5.43586,105.99,0.121521,0.397061
IREWEK,-11.2842,-8.5035,2.7807,7.06299,-32.67,0.079442,0.455365
IROJEF,-3.7497,-1.874,1.8757,11.96806,-58.02,0.204657,1.397704
IRONOS,-7.5173,-5.4082,2.1091,8.34018,-47.75,0.233497,0.916993
ISALNI,-5.1851,-2.5133,2.6718,3.74084,-25.98,0.227619,0.8738
ISIBIW,-5.0185,-3.8343,1.1842,8.80723,-41.25,0.149819,1.551694
ISIKEA,-3.3158,-0.1347,3.1811,0.12289,-51.29,0.276947,0.40961
ISIPUV,-4.8908,-2.8327,2.0581,9.62277,34.58,-0.018639,1.176076
ISIYAK,-4.0592,0.0239,4.0831,4.72184,132.99,-0.190406,0.370822
ISOWOC,-5.6135,-1.6361,3.9774,4.9009,144.14,-0.001128,0.319104
ITARIF,-3.9154,-1.9877,1.9277,3.77929,48.93,-0.048676,1.437001
ITERAB,-4.0479,-2.3639,1.684,19.10795,-24,0.22998,1.675153
ITEREF,-4.6554,-2.2379,2.4175,10.23737,-50.29,0.292333,0.964995
ITERIJ,-4.3591,-2.4529,1.9062,19.97939,-46.22,0.263652,0.962782
ITEXAH,-7.597,-4.8712,2.7258,4.17112,36.96,-0.149026,0.970565
ITEXIO,-1.4358,0.8149,2.2507,5.05778,-54.27,0.110058,1.445851
ITEXOU,-1.7808,0.9144,2.6952,4.53585,78.24,-0.077762,1.084877
ITITOU,-4.607,-2.1894,2.4176,10.85535,29.76,-0.054999,0.986658
ITOQIS,-5.0376,-2.5543,2.4833,1.00E-05,-13.21,0.187259,0.257891
IVEQEF,-4.1602,-1.5459,2.6143,0,-26.89,0.215387,0.722064
IVILUV,-4.9292,-1.8607,3.0685,6.79609,48.5,-0.031364,0.546005
IVOSAO,-11.3384,-9.0992,2.2392,5.34709,-12.05,0.395988,0.723558
IVOSES,-11.3273,-9.0917,2.2356,5.26415,-12.33,0.394063,0.725917
IVUQOH,-4.1286,-1.5075,2.6211,5.36171,-22.25,0.165875,0.921733
IVUTEY,-5.0679,-3.2538,1.8141,6.07302,-22.35,0.206387,1.41975
IWORIX,-10.2029,-8.026,2.1769,0,-32.97,0.227446,0.561168
IWOWEX,-3.3604,-0.8335,2.5269,25.31657,-54.79,0.22713,0.657816
IXAQII,-4.1034,-1.819,2.2844,6.92694,-42.45,0.26233,1.211031
IXARAB,-3.9328,-1.9589,1.9739,5.53868,-48.28,0.243426,1.272439
IXAROP,-4.3952,-1.8655,2.5297,6.49878,-50.04,0.259923,1.323776
IXASAC,-4.5528,-2.1056,2.4472,7.20639,-62.11,0.289928,0.895874
IXEPAE,-4.6384,-2.0923,2.5461,10.60769,-48.52,0.148588,0.64419
IXEPIM,-4.4802,-2.8841,1.5961,18.73732,-12.2,0.140299,1.557749
IXEQAF,-5.0418,-2.3505,2.6913,10.76735,-9.6,0.084725,0.972328
IZOJEO,-0.4272,2.9476,3.3748,2.98853,-49.81,0.246342,0.457412
JACCUP,-4.1411,-0.4536,3.6875,3.86791,85.92,-0.16458,0.44831
JADGOK,-9.0075,-7.2284,1.7791,1.00E-05,37.21,0.136056,0.873525
JADKII,-4.482,-1.8219,2.6601,2.28823,44.99,-0.023617,0.610265
JAFVOB,-1.1727,2.4355,3.6082,3.46015,-59.43,0.321039,0.180649
JAGGED,-5.6711,-2.2713,3.3998,7.92124,125.14,-0.01147,0.643563
JAHBID,-4.3116,-1.5123,2.7993,0,-37.34,0.066723,0.399568
JAPLUI,-4.5179,-3.3602,1.1577,10.70786,-41.3,0.213427,1.438781
JAPRUN,-5.7729,-3.0719,2.701,0.58455,-24.52,0.108886,0.650558
JAPTAV,-5.7672,-3.2981,2.4691,0.70879,-30.05,0.054983,0.717298
JARKIX,-5.1039,-3.5026,1.6013,0.27504,-18.6,0.042924,1.81723
JASBOV,-4.3799,-1.758,2.6219,2.90525,-29.24,0.135937,1.275706
JASCEL,5.102,8.7609,3.6589,0.37078,-22.22,-9.60E-05,0.605544
JASLEU,-8.8971,-5.3355,3.5616,13.34469,27.78,0.10746,0.485693
JASRIF,-5.5506,-1.1747,4.3759,6.05478,145.61,-0.096871,0.305791
JAVLOK,-4.8409,-3.1685,1.6724,6.67315,-12.69,0.060372,1.356259
JAWSUY,-5.3765,-3.356,2.0205,10.30952,-27.95,0.156054,0.946064
JAXFIX,-5.0188,-1.5601,3.4587,5.15736,44.03,-0.009118,0.80559
JAYNAB,-5.0064,-1.3899,3.6165,2.81325,113.91,-0.187325,0.581954
JAZCAO,-4.9451,-2.3601,2.585,0,-17.08,0.064717,0.875219
JECBEZ,-4.1663,-1.5957,2.5706,4.87425,66.35,-0.092332,0.755892
JEDJAE,12.8197,16.0156,3.1959,0.61581,-56.1,0.24462,0.531707
JEJTUN,-4.1171,-1.5618,2.5553,15.16807,-69.09,0.29574,0.594388
JELSIC,-8.6018,-4.4156,4.1862,6.24711,129.02,0.024056,0.309965
JEPNUO,-4.8808,-2.1906,2.6902,0.66506,-9.71,0.172152,1.063671
JEPPOM,-4.4469,-1.8122,2.6347,8.47976,-19.81,0.101342,1.101767
JEQNOJ,-7.9804,-5.1549,2.8255,16.06199,-39.78,0.327453,0.536846
JEWNEF,-7.9374,-5.608,2.3294,4.13617,14.38,0.029897,0.935407
JEXKED,-3.9213,-1.8782,2.0431,6.43682,-47.96,0.280758,0.78613
JEXKIH,-4.0539,-1.6399,2.414,5.62766,-37.24,0.232363,1.05441
JIHPAR,4.7908,6.9009,2.1101,1.00E-05,108.28,0.041458,1.425923
JIKPAX,-9.1993,-7.1401,2.0592,10.25932,-11.86,0.328792,0.638062
JILVAB,-5.4603,-1.3021,4.1582,4.94622,142.76,0.031947,0.332795
JIPDUI,-4.8766,-1.1949,3.6817,1.09898,-49.62,0.287727,0.30152
JITWOZ,-11.456,-8.9606,2.4954,3.95715,-11.26,0.157228,0.656804
JITWUF,-11.2625,-7.854,3.4085,3.6816,27.88,0.018788,0.582704
JIVFID,-3.9021,-1.4202,2.4819,2.19842,24.33,0.088677,0.586856
JIVQEL,-4.9391,-2.6065,2.3326,2.92768,20.63,-0.115567,1.254712
JIWFUQ,-5.0441,-2.7791,2.265,6.0766,-21.94,0.428731,0.839595
JIWMIL,-5.0091,-2.752,2.2571,5.95915,-23.94,0.440872,0.813465
JIWRIQ,-3.2181,-0.4052,2.8129,0.82656,-32.45,0.158052,1.071677
JIWWUI,-4.7663,-2.0466,2.7197,3.05978,18.62,0.08232,0.743961
JIXLAD,-4.1938,-2.1802,2.0136,8.35512,-49.97,0.273444,1.025798
JIXLEH,-3.9514,-1.0657,2.8857,5.64856,-57.94,0.245121,0.895339
JIYYIA,-4.9265,-2.6707,2.2558,4.76782,-29.4,0.150812,0.751476
JIZNEM,-4.388,-1.8223,2.5657,17.38051,58.82,-0.130266,0.796272
JIZQUG,-4.8385,-0.9295,3.909,6.90822,-64.51,0.312514,0.22222
JOBBAF,-4.3146,-1.2615,3.0531,9.1551,-66.25,0.234423,0.428747
JOBJUI,-4.8509,-0.099,4.7519,14.03647,-76.11,0.24201,0.246312
JODGIT,-6.0706,-2.8703,3.2003,1.00E-05,-10.98,0.182447,0.406804
JODGOZ,-6.1814,-2.5138,3.6676,0,-44.29,0.150117,0.231896
JODNEV,-5.7744,-2.1989,3.5755,3.16518,111.79,0.026958,0.385108
JODWII,-3.3561,-1.4794,1.8767,4.09811,14.17,0.035484,1.017414
JODWUU,-3.9218,-1.3107,2.6111,5.80824,25.93,0.054519,0.593622
JOGYAH,-4.416,-3.1726,1.2434,11.37347,-35.82,0.156816,2.709944
JOJWAG,-4.0609,-0.938,3.1229,4.3762,60.24,-0.078458,0.46112
JOMNAA,-13.1155,-8.9053,4.2102,6.93504,-44.39,0.284735,0.199325
JONMEE,-6.6308,-3.1867,3.4441,0.82876,145.41,-0.018262,0.486386
JORKAC,-9.8775,-6.3338,3.5437,5.55785,73.15,0.092946,0.403803
JOTNIS,-4.0837,-2.057,2.0267,13.82106,-58.39,0.154704,1.284503
JOWGEH,-12.5149,-9.7966,2.7183,0.0008,61.46,0.119715,0.891865
JOXCOQ,-4.3032,-2.6335,1.6697,12.97188,-46.75,0.201744,1.198278
JOXJAH,-11.7761,-7.2847,4.4914,0.00117,-70,0.317303,0.103509
JOYXAW,-11.2379,-7.54,3.6979,1.44258,-37.75,0.224144,0.271255
JUCJID,1.1745,5.3211,4.1466,0.11371,-79.62,0.129783,0.27434
JUDRAD,-5.9484,-4.4914,1.457,10.74055,-18.49,0.412711,1.256636
JUGHAU,1.6514,3.8467,2.1953,0,31.66,-0.218647,1.338041
JUHQIM,-1.379,1.7072,3.0862,2.80614,118.34,0.034572,0.556381
JUHTIP,-4.3907,-2.1222,2.2685,0.99083,26.83,0.101234,1.440286
JULFAX,-6.3022,-2.5027,3.7995,8.61883,119.26,-0.012001,0.342557
JUNGEH,-12.6504,-9.5038,3.1466,0.03052,-8.62,0.203668,0.299453
JUQDAA,-1.683,0.4095,2.0925,9.45833,-51.09,0.086691,1.548525
JURHIN,-1.3207,0.8425,2.1632,0.00771,-25.89,0.146748,0.763174
JUVYOO,-4.1193,-2.6247,1.4946,5.78483,-49.84,0.212289,1.246271
JUWGUD,-4.0219,-1.8261,2.1958,10.10007,-56.97,0.192238,1.060868
JUWHAK,-5.8982,-3.7184,2.1798,11.00787,-42,0.261452,0.916799
KAFLUA,-5.9913,-4.4416,1.5497,2.48351,-31.22,0.372024,0.996477
KAGCIH,-1.9975,-0.2389,1.7586,8.13873,6.54,0.047393,2.088181
KAGHOS,-0.5663,2.7605,3.3268,1.00E-05,-40.07,0.015639,0.565029
KAGJOU,-5.089,-2.2789,2.8101,2.00E-05,-63.6,0.407747,0.557646
KAGLUA,1.9981,5.2516,3.2535,1.00E-05,-16.64,0.104057,0.413186
KAGRES,-1.9482,0.0224,1.9706,5.83989,10.12,0.075819,1.744754
KAGXID,-4.0266,-2.4557,1.5709,6.15658,75.08,-0.079107,1.112237
KAGXUP,-7.7442,-6.3905,1.3537,4.13992,94.15,-0.044761,1.408716
KAHDOP,-5.7156,-2.3025,3.4131,1.00E-05,-14.5,0.167461,0.328828
KAJHUC,-4.6863,-1.6036,3.0827,6.64815,32.23,-0.072161,0.604881
KAJTOE,-6.8691,-3.9736,2.8955,1.97023,-41.04,0.348698,0.454416
KAKVUO,-8.9198,-5.3772,3.5426,8.2088,79.7,-0.113473,0.533132
KANYON,-8.7024,-5.4492,3.2532,5.75212,34.79,0.106353,0.390079
KAPJAO,-22.583,-18.8122,3.7708,0,-24.11,0.687309,0.230904
KAPPEW,-5.3428,-3.3909,1.9519,3.60519,-63.27,0.353078,1.147993
KAWCIU,-4.6217,-3.1392,1.4825,12.19913,-48.47,0.387526,1.294997
KAWFET,-5.4079,-1.2895,4.1184,6.24326,70.22,0.039054,0.315876
KAWKIE,-9.753,-7.3912,2.3618,0.09423,-43.27,0.167552,0.477994
KAXMEB,-4.9362,-3.6652,1.271,0.40576,-55.33,0.436517,1.315564
KAXMIF,-5.7726,-3.6714,2.1012,0.00345,-17.99,0.37661,0.855563
KAXXIR,-4.5398,-1.3337,3.2061,13.40899,-30.68,0.082778,0.265126
KAXYUE,-4.3964,-2.7012,1.6952,4.64921,31.59,0.11818,1.768681
KEBXOG,-5.2112,-2.7451,2.4661,4.66735,-24.64,0.183981,0.854333
KEFLUD,2.3483,4.3429,1.9946,0.7139,-16.2,0.432187,2.325921
KEFQES,-7.6969,-5.3298,2.3671,11.99739,-46.12,0.228184,0.582597
KEFQOC,-7.6011,-5.3368,2.2643,13.76136,-49.99,0.231237,0.662468
KEFYAV,-10.3557,-5.808,4.5477,0.26063,-51.97,0.270736,0.158177
KEGRET,-4.7505,-1.1123,3.6382,0.60242,37.68,-0.010425,0.347812
KEHJAK,-4.1162,-1.3257,2.7905,8.92086,44.42,-0.115749,0.604154
KEHJOY,-4.6501,-1.7318,2.9183,8.04251,74.87,-0.002026,0.86721
KEHKOX,-4.4972,-1.8397,2.6575,6.45474,83.82,0.040467,0.6892
KEHREU,-5.2581,-1.3367,3.9214,4.56884,141.58,0.014296,0.324376
KEHREV,-10.8125,-7.9605,2.852,0.61986,-46.6,0.241809,0.597426
KEJTAV,-1.5882,1.9266,3.5148,0.75129,-59.83,0.251429,0.297859
KELXUU,-4.313,-2.1454,2.1676,8.3545,-54.13,0.09078,1.206106
KEQVAD,-4.5672,-1.7745,2.7927,2.04591,90.62,-0.028647,0.648231
KESFEV,-4.1947,-2.5139,1.6808,11.27033,-63.69,0.216745,1.317981
KETVEL,-8.2552,-6.4193,1.8359,7.50984,-6.01,0.39886,1.041438
KEVHIC,-2.3482,-0.5053,1.8429,0.56924,32.08,-0.005877,1.884267
KEXWIT,-5.1248,-1.924,3.2008,7.01516,-12.7,0.087299,0.494627
KEZRIR,-7.3847,-5.3397,2.045,6.18379,-25,0.182416,0.546261
KIBBED,-8.1465,-5.1527,2.9938,3.36897,40.67,-0.132355,0.486949
KIDMEQ,-5.0197,-1.9553,3.0644,8.48119,-34.95,0.134606,0.717071
KIDRIY,-2.3557,0.2855,2.6412,0.00063,83.97,0.04184,1.246838
KIFMUK,-4.414,-1.9711,2.4429,10.44554,-14.43,0.165004,0.923307
KIJSUR,-4.9944,-1.3404,3.654,8.46076,136.67,-0.047994,0.61991
KIJXAC01,-4.114,-1.4991,2.6149,0,20.71,-0.068726,0.589531
KIKBEM,-5.1405,-2.754,2.3865,1.00E-05,7.25,0.013629,1.304913
KIKNUQ,-4.277,-3.3031,0.9739,8.94795,-42.16,0.165922,1.732074
KILBAJ,-11.7172,-8.9616,2.7556,8.32308,-12.51,0.250084,0.633769
KIPLIH,-5.2237,-2.1009,3.1228,4.90563,108.62,0.017105,0.690244
KIQGOG,-4.7563,-1.7373,3.019,0.53341,39.64,-0.060303,0.494912
KIQMAB,-4.1639,-2.1201,2.0438,4.77034,-50.47,0.184813,1.336372
KIRDOH,-4.8075,-2.1729,2.6346,2.05671,-13.51,0.183626,0.7131
KIRFAV,-4.9561,-2.2884,2.6677,3.57984,-34.87,0.15787,0.611648
KIRKUR,-8.5314,-4.9562,3.5752,7.5859,84.83,0.110724,0.475831
KIRPAE,-11.8267,-8.9952,2.8315,2.0338,-19.22,0.134369,0.528594
KISKED,-8.8866,-5.3772,3.5094,2.71321,35.02,0.054582,0.54814
KISKIH,-5.1599,-1.7352,3.4247,8.49831,-38.1,0.12679,0.544849
KISKON,-9.1431,-5.687,3.4561,3.50324,29.71,0.113577,0.416075
KISMIJ,3.841,6.0607,2.2197,0.22002,-65.26,0.073603,0.950779
KITYOE,-4.1482,-1.9144,2.2338,10.11836,-22.68,0.094327,1.473634
KIWQOY,-5.3849,-2.2846,3.1003,7.22381,-40.32,0.108598,0.864079
KIWZAT,-5.3281,-2.029,3.2991,7.04967,-34.57,0.105427,0.863559
KIYWAR,-4.359,-0.1954,4.1636,2.72339,-69.97,0.215587,0.165792
KOBREZ,-4.4053,-1.8951,2.5102,3.90501,-33.11,0.05738,1.151614
KOBTOL,-4.5575,-1.4754,3.0821,3.69721,53.86,-0.022494,0.696176
KOBYIK,-4.8336,-2.889,1.9446,0.18804,-22.12,-0.014182,1.43239
KOCNUM,-5.1089,-2.0017,3.1072,10.9235,42.24,-0.130368,0.783965
KOCXEG,-13.4629,-11.8229,1.64,6.23793,25.3,0.345346,1.136975
KOGFET,-6.4985,-2.6166,3.8819,3.28651,133.77,0.028504,0.347738
KOHMAW,-5.0908,-1.3196,3.7712,2.78652,49.18,-0.139248,0.36012
KOHMEA,-5.6425,-3.4682,2.1743,4.69905,48.97,-0.03257,0.962009
KOLZAN,-5.4473,-1.8993,3.548,16.34867,-21.77,0.170127,0.587893
KOQBAT,-5.4726,-1.5707,3.9019,7.3673,153.5,-0.007692,0.375853
KOTBAW,-12.5571,-9.4287,3.1284,0,-26.29,0.202364,0.155182
KOZYED01,-3.9977,-1.1682,2.8295,8.26607,-30.11,0.122336,0.419713
KOZZEE01,-4.8397,-0.7435,4.0962,8.19211,-71.63,0.34696,0.249731
KUBGOD,-5.9164,-1.7343,4.1821,3.24686,151.43,-0.029238,0.362426
KUBHIZ,-5.5353,-3.5254,2.0099,11.50373,-26.64,0.115654,1.216734
KUGNEG,-10.5492,-5.9108,4.6384,4.75205,113.08,0.0738,0.25179
KUGWIT,-4.7101,-2.4716,2.2385,3.73789,-45.74,0.234678,1.149848
KUGXIU,-4.3066,-1.8854,2.4212,8.95659,-43.52,0.207066,1.249281
KUGXOA,-4.5584,-2.1254,2.433,7.8605,-35.59,0.174283,1.211785
KUGXUG,-4.2012,-1.8053,2.3959,7.69522,-43.76,0.196424,1.216919
KUHJED,-8.2439,-4.9243,3.3196,3.22863,61.63,-0.125286,0.510664
KULBUO,-4.5624,-2.7331,1.8293,8.08335,-27.69,0.041428,1.621622
KULMIQ,-7.5209,-5.1859,2.335,5.97122,63.89,-0.01097,0.969621
KUSPUJ,-4.991,-1.3894,3.6016,5.71753,-22.32,0.182761,0.90404
KUVWOQ,-3.8054,-1.2487,2.5567,6.05022,114.15,-0.157389,1.217842
KUWWAC,-5.1251,-3.7276,1.3975,10.67209,-25.35,0.114997,1.459223
LADCIC,-4.8316,-2.9708,1.8608,5.02784,12.69,0.172643,1.562879
LADCOI,-4.7985,-2.9083,1.8902,4.32453,6.01,0.168374,1.536941
LADXIY,-3.8714,-0.9232,2.9482,7.53144,-40.06,0.221889,0.412679
LAJYUR,-4.7346,-3.0726,1.662,9.40617,-27.1,0.131246,1.857643
LALBUV,-5.3622,-2.2656,3.0966,5.82638,78.21,0.019977,0.848699
LALDEH,4.8726,7.3407,2.4681,0.21508,-56.99,0.072617,1.064267
LALPET,-4.5787,-2.4785,2.1002,14.47817,29.28,-0.074242,1.217483
LAMLOC,2.1392,4.6011,2.4619,0,23.11,-0.176061,1.13113
LAMXAA,-5.1425,-2.8938,2.2487,3.91113,-26.8,0.06226,1.083707
LAPNIZ,-4.576,-1.7793,2.7967,7.25278,67.44,0.105914,0.985271
LAPYAC,-4.7938,-2.4533,2.3405,0.30363,46.95,0.110241,1.500701
LAQJIX,-5.1883,-2.7599,2.4284,3.23785,42.79,-0.037582,1.19793
LASXIM,-4.7536,-1.9576,2.796,6.56096,132.14,-0.142222,0.730833
LAVKEA,-7.2769,-5.3935,1.8834,14.52208,-21.48,0.244072,0.864124
LAXFAR,-8.2469,-5.5432,2.7037,3.66897,66.91,0.054856,0.837975
LAXNON,-11.8289,-8.0656,3.7633,0,49.71,-0.124811,0.439921
LAXNUT,-11.9764,-8.0562,3.9202,2.047,53.52,-0.125022,0.429755
LAYMEF,1.8188,3.9913,2.1725,0.41852,18.02,-0.139307,1.512203
LAYNEF,-4.4872,-1.412,3.0752,2.65803,101.45,-0.042067,0.539806
LAYVOX,-7.2443,-5.0603,2.184,6.09781,-37.98,0.172219,1.141416
LDHPCR10,-4.9234,-1.6416,3.2818,9.25479,-33.98,0.26124,0.455048
LEDQUH,-4.9788,-2.1652,2.8136,7.04602,-22.29,0.131568,0.493339
LELDUE,-8.5907,-5.31,3.2807,9.14353,-24.84,0.191154,0.577631
LELLAQ,-5.3227,-2.9104,2.4123,12.22314,-11.82,0.22679,1.086849
LEMRIF,-3.9803,-1.5039,2.4764,9.30693,-51.75,0.04056,0.832606
LEMVOQ,-4.9406,-1.7276,3.213,0.58448,25.68,-0.037735,0.741005
LEPSEF,-7.021,-5.6391,1.3819,10.19295,-36.27,0.249961,0.982509
LEPYOV,-6.2436,-3.3464,2.8972,0,11.56,0.118965,0.68041
LERZOX,-4.0376,-2.8469,1.1907,9.8723,-40.92,0.146863,1.040866
LEWNIN,-5.4337,-3.1897,2.244,7.6785,-14.81,0.298038,0.786329
LEXQAG,-4.578,-0.7064,3.8716,4.86501,-46.95,0.220687,0.497275
LEYSEN,-8.7249,-5.1476,3.5773,5.99609,-22.51,0.316645,0.286435
LEZQUC,-12.0823,-8.0907,3.9916,0,57.76,-0.14235,0.289961
LIBYOM,-2.5651,0.2481,2.8132,2.63186,-37.16,0.402628,0.496082
LIFVOM,-4.734,-2.7043,2.0297,9.05714,-20.88,0.076188,1.383844
LIGBUA,-4.9222,-2.0302,2.892,5.3069,29.71,0.042744,1.017906
LIHRUR,-1.2867,1.7504,3.0371,6.76065,-65.05,0.221715,0.649026
LIHSUS,-2.1401,0.3854,2.5255,6.5208,-14.87,0.168778,0.969061
LIJBUB,-4.7416,-2.8544,1.8872,11.2796,66.22,0.180011,2.288415
LILBOY,-4.4786,-2.7528,1.7258,8.39388,-38.84,0.185966,1.545965
LILLEZ,-5.1028,-2.6166,2.4862,10.06681,-52.26,0.326848,0.696363
LILYOW,-7.3274,-5.424,1.9034,8.46806,-29.84,0.203699,1.648223
LILZAJ,-7.3009,-4.9405,2.3604,7.34669,-35.62,0.198326,0.87204
LINROQ,-7.5987,-4.6335,2.9652,9.49488,50.55,0.028999,0.849856
LINRUW,-7.2719,-5.0215,2.2504,10.53528,-22.89,0.173791,1.487532
LINSOR,-8.602,-5.2597,3.3423,6.80982,-41.45,0.166017,0.494994
LISJEC,-4.4309,-1.3253,3.1056,3.03338,40.45,-0.125287,0.796697
LIWSIT,-4.019,-1.847,2.172,4.24159,74.99,-0.004498,0.851603
LIXMOX,-4.9747,-2.8794,2.0953,1.26069,-25.01,0.154143,1.217685
LIXMUD,-4.9763,-2.9391,2.0372,1.49782,-24.72,0.145115,1.286885
LIYCUU,-11.942,-8.5971,3.3449,2.35616,-39.3,0.201048,0.51404
LIYMAH,-13.2535,-9.7075,3.546,3.24004,-40.83,0.195075,0.188727
LODBEL,-4.2965,-1.8813,2.4152,5.81465,-29.03,0.218759,0.724054
LODFAL,-4.26,-0.2743,3.9857,1.76848,51.2,-0.119406,0.458001
LODYOS,-4.5205,-1.7164,2.8041,4.03046,23.36,-0.042457,0.661836
LOGKEZ,-8.1564,-6.698,1.4584,3.13835,19.79,0.102946,1.820885
LOHMUS,-4.7156,-2.5644,2.1512,6.68152,36.91,0.042794,1.222316
LOJLEE,-1.6903,2.0873,3.7776,2.69874,143.73,0.008538,0.50723
LOJVEN,-3.5435,-2.6975,0.846,15.09454,-18.37,0.115481,2.538144
LOLTOV,-5.3717,-3.3041,2.0676,9.16983,-57.31,0.187501,0.851486
LONGAW,-5.4196,-2.6925,2.7271,3.26395,-34.76,0.172315,1.303319
LONGEA,-5.3881,-2.6652,2.7229,5.24996,-31.79,0.185858,0.987205
LONRUC,-9.6263,-6.2165,3.4098,1.39075,-22.54,0.288637,0.552569
LOPXOD,-6.4277,-4.3589,2.0688,0.17851,39.75,0.106774,2.070926
LOQLOS,-4.7783,-2.9335,1.8448,5.8883,8.54,0.211754,1.35015
LOSHOS,-5.5114,-3.2343,2.2771,0,-43.24,0.241217,0.535606
LOVBUT,-9.3676,-5.0896,4.278,2.30921,129.73,-0.039334,0.27109
LOXSAS,-5.2448,-2.1159,3.1289,4.82121,-36.81,0.081114,0.572619
LOXSIA,-5.2899,-2.9361,2.3538,1.91003,23.98,-0.029137,1.756653
LOXWUQ,-2.2273,-0.3162,1.9111,7.53159,-16.84,0.313341,1.273395
LOYYUT,-4.7232,-3.0753,1.6479,8.51353,-46.79,0.286572,0.90944
LOZTEC,-7.0235,-3.4266,3.5969,8.79973,-20.98,0.349283,0.383679
LOZWIJ,-3.5698,-0.8367,2.7331,0.00094,-56.47,0.185812,0.603107
LOZXOQ,-7.6718,-4.8353,2.8365,4.82377,-40.36,0.290509,0.625188
LUBPOQ,-4.3002,-2.0927,2.2075,5.21102,-17.46,0.286317,0.899159
LUCYOX,-4.9887,-1.3734,3.6153,0,59.68,-0.026682,0.482908
LUGDUM,-5.137,-1.0703,4.0667,10.08461,-21.72,0.196635,0.307682
LUGPAE,-4.9194,-2.3465,2.5729,5.46876,-39.99,0.080397,1.268202
LUHHAA,-3.7157,-1.5606,2.1551,9.15468,95.35,-0.054287,1.420852
LUHPIO,-7.4822,-4.8069,2.6753,6.95503,22.19,-0.044414,0.621181
LUJPAI,-8.3768,-6.7516,1.6252,18.59507,32.89,0.060372,1.12871
LUJREN,-2.8171,1.0032,3.8203,3.0538,51.1,-0.05611,0.484671
LUJROX,-6.8112,-3.5008,3.3104,5.33137,68.41,0.026914,0.528637
LULDOM,2.7888,5.7881,2.9993,0.18916,-30.18,0.27529,0.56463
LUMVEU,-12.9027,-9.647,3.2557,0.00763,-26.85,0.20468,0.135911
LUNGOS,-4.4125,-2.086,2.3265,4.60153,-39.11,0.215234,1.244514
LUTFAJ,-4.6244,-2.1227,2.5017,2.72865,63.53,-0.024941,0.786493
LUVYAD,-5.0571,-1.1062,3.9509,0.52492,70.34,-0.004234,0.407256
LUWCIP,-4.1727,-3.0387,1.134,2.00E-05,-13.6,0.093825,1.681849
LUWCUB,-4.2098,-2.9611,1.2487,0,-29.62,0.062644,1.508041
LUWDAI,-4.3077,-3.0976,1.2101,2.00E-05,-26.78,0.047931,1.76092
LUYBEP,-2.2055,-0.5816,1.6239,7.88489,-74.85,0.49011,0.964951
LUYMAU,-5.5592,-2.9036,2.6556,9.42787,-23.08,0.113177,0.853967
LUYXEJ,-4.1429,-2.2992,1.8437,2.95058,-55.01,0.257137,1.206664
LUYXUZ,-4.5426,-2.1595,2.3831,3.29016,-35.9,0.257898,1.36367
LUZXEL,-5.4632,-2.7518,2.7114,6.98946,-25.38,0.115737,0.774445
MABHAZ,-5.7534,-1.5084,4.245,3.77641,126.28,0.04365,0.337661
MABLUA,-8.1116,-4.7696,3.342,5.25543,81.05,-0.044061,0.604262
MACPUC,-5.7777,-1.937,3.8407,4.65878,118.43,0.038483,0.458392
MACRCC,-13.6572,-9.4479,4.2093,8.72257,-23.28,0.323392,0.212486
MACZEW,-5.5711,-1.992,3.5791,6.8558,143.5,0.020676,0.505558
MADLOV,-5.6339,-4.1072,1.5267,5.29476,-36.63,0.383888,1.265292
MAENCO,-12.7518,-9.5508,3.201,5.03047,55.98,0.15903,0.372579
MAFECL,12.2593,14.6667,2.4074,0.01655,-27.76,-0.009944,0.855762
MAGGEK,-4.5534,-2.1199,2.4335,3.25854,27.88,-0.049853,1.146108
MAHNOZ,-5.625,-3.4364,2.1886,12.86114,-34.94,0.355777,0.980333
MAJCAC,-5.3354,-3.0419,2.2935,8.26287,-27.05,-0.003823,1.08797
MAJWUT,-4.9109,-1.9578,2.9531,5.76287,36.86,-0.130831,1.032232
MAJYOM,2.7048,5.298,2.5932,0,-9.48,-0.126803,1.073221
MAJYUS,-1.6364,0.101,1.7374,0.6534,27.54,-0.007276,1.224868
MAKBUW,-1.8303,-0.394,1.4363,0.12246,13.55,0.28037,1.691021
MAKPIX,-10.1888,-6.6689,3.5199,1.20679,50.2,0.128704,0.452634
MAKPOD,-10.0161,-6.796,3.2201,1.26766,53.72,0.105247,0.556357
MALGAI,-4.1756,-1.2021,2.9735,4.04326,141.06,-0.186774,0.501956
MALGIQ,-8.8793,-3.798,5.0813,2.98699,134.9,-0.110159,0.21458
MALNET,-5.3197,-2.5962,2.7235,5.63081,68.09,0.045603,0.643388
MALVUQ,-4.3446,-1.5104,2.8342,2.58089,20.45,0.020063,0.562286
MAMCOS,-7.5462,-4.9088,2.6374,7.75461,-46.88,0.211623,0.47774
MANHAM,0.64,2.4462,1.8062,6.8601,4.93,0.013721,1.761317
MANHEQ,0.6519,2.5901,1.9382,0.52129,7.69,0.028444,1.552308
MARJIZ,-7.1989,-5.9034,1.2955,4.3193,-39.89,0.220836,1.50351
MASNUR,-4.3241,-1.9168,2.4073,6.37911,-37.69,0.209725,1.146469
MASPAZ,-4.4191,-2.1553,2.2638,5.53243,-44.63,0.149437,1.215465
MASPED,-4.2113,-1.9262,2.2851,7.90029,-46.35,0.153044,1.279737
MATFUL,-4.6665,-3.1342,1.5323,20.91472,-41.46,0.291558,1.53199
MAWLOL,-8.5883,-4.7513,3.837,4.62949,60.27,-0.049808,0.388097
MAXZOC,-3.6742,-1.8666,1.8076,3.0077,-21.73,0.027291,1.275507
MAZOCT,-4.8833,-2.0948,2.7885,18.5957,-32.15,0.114677,0.681143
MCEACR,-8.3873,-5.0395,3.3478,0.39623,-39.51,0.217503,0.425854
MCENCR,-8.405,-5.2207,3.1843,13.72723,-22.33,0.264672,0.450186
MCPTCO,-4.9086,-2.2666,2.642,1.89958,-16.73,0.177439,0.877218
MCYSCO,-9.6753,-6.8689,2.8064,9.9458,57.36,0.103032,0.610433
MECPCO,-5.196,-2.3576,2.8384,6.86548,43.55,-0.023342,1.053777
MEDCAA,-4.7291,-3.3319,1.3972,1.01766,27.95,-0.082769,2.141091
MEDCEE,-1.0144,0.8921,1.9065,4.62286,16.96,-0.191647,1.812746
MEDCOO,-1.5151,0.9367,2.4518,10.52796,26.71,-0.119345,1.174769
MEDCUU,-4.166,-1.8598,2.3062,3.04985,24.91,-0.177981,1.398122
MEHBAC,-4.4412,-1.1218,3.3194,9.17803,103.27,-0.063339,0.828885
MEHKOA,0.7814,3.1448,2.3634,6.48806,-43.42,0.1746,0.733191
MEHNOC,-5.2332,-1.8664,3.3668,2.99601,-41.07,0.164967,0.328566
MEIMMN,-3.912,-0.6596,3.2524,17.51005,-61.51,0.213466,0.440937
MEJYOS,2.0674,4.1885,2.1211,0.07706,-71.08,0.08516,1.180978
MEJZAF,-4.052,-1.6036,2.4484,7.07285,-55.81,0.08655,0.988217
MENWUY,-4.3056,-2.11,2.1956,1.00E-05,-13.86,0.155715,1.187591
MERECO,-4.621,-1.9244,2.6966,5.45011,-12.19,0.091678,0.533019
MESROU,-2.8213,0.9769,3.7982,0.00158,-57.38,0.514507,0.259493
METGOH,-5.4818,-2.1881,3.2937,9.19463,-34.88,0.160347,0.353862
METGUN,-5.5385,-2.4563,3.0822,9.15202,-32.6,0.139144,0.419214
METYEQ,-3.9591,-1.8836,2.0755,0,-19.41,0.14968,1.033652
MGXANC,-5.1285,-4.3814,0.7471,8.54493,29.18,0.090546,2.015039
MHPCOB01,-5.0747,-0.9796,4.0951,0.55957,44.06,-0.00624,0.314801
MICHOV,-5.3825,-2.5251,2.8574,7.36373,80.99,0.045085,0.817525
MIDJOY,-7.9682,-5.6933,2.2749,6.84187,46.94,0.079026,0.954813
MIJPAZ,-4.6667,-1.5585,3.1082,2.0472,58.74,-0.100706,0.502949
MIJSOP,-4.8864,-3.3019,1.5845,4.64227,12.27,0.213293,1.603319
MIJVAE,-4.6247,-2.279,2.3457,13.51385,-28.97,0.115968,0.891237
MIKROO,-4.8755,-2.4865,2.389,11.79389,62.68,-0.006244,1.212629
MIMGIY,-5.1635,-0.866,4.2975,2.25726,51.39,-0.019472,0.340129
MINNAZ,-4.745,-1.5034,3.2416,15.68459,35.48,0.032936,0.54745
MINWIR,-4.3224,-3.0555,1.2669,10.9694,-38.68,0.128104,1.543486
MIPYOA,-5.4118,-2.0155,3.3963,2.39404,103.92,0.05286,0.657208
MIRVEP,-4.482,-0.9116,3.5704,0.0001,-65.13,0.146175,0.339668
MIVGIH,1.9957,4.2723,2.2766,0.02252,-30.55,0.027911,1.01755
MIVGUV,-6.5384,-3.7518,2.7866,10.7241,-39.24,0.289459,0.522204
MIZSEV,-4.5906,-0.8528,3.7378,9.09558,-68.72,0.140364,0.425886
MNMTBH,-4.0616,-2.4271,1.6345,4.65825,-40.21,0.207,1.347438
MOBKET,-6.3895,-3.5983,2.7912,13.40788,-41.87,0.331021,0.767115
MOCMAT,-1.9172,0.7007,2.6179,10.46512,10.53,0.243248,0.904441
MODREE,-5.7596,-2.8949,2.8647,3.61291,-26.91,0.189793,0.72158
MOFMAV,-4.5318,-1.9374,2.5944,3.75216,-40.45,0.317003,0.961968
MOHFUM,-8.1125,-5.898,2.2145,8.54235,-11.69,0.160744,0.992155
MOHWOW,-3.3643,-0.4438,2.9205,2.74399,25.84,-0.201806,0.545719
MOHWUC,-4.2742,-0.7487,3.5255,2.83382,36.64,-0.085894,0.367897
MOMCIB,-3.8174,-2.0071,1.8103,6.57781,-12.99,0.309018,1.475762
MOMXUJ,-5.4115,-3.424,1.9875,9.96929,-25.87,0.340855,1.01479
MONTIU,-3.8912,-3.1906,0.7006,12.05399,-43.85,0.152446,1.770482
MONZEU,-5.0182,-2.4481,2.5701,3.61877,-11.75,0.273046,0.850193
MOPSUF,-4.5975,-0.8523,3.7452,6.45218,91.07,0.048877,0.354919
MORDOM,-4.9497,-2.0187,2.931,5.75951,32.9,-0.04366,0.803622
MOTCMN,-4.1815,-3.2492,0.9323,1.86786,-43.71,0.120511,1.393765
MOWVOK,-3.8089,-1.2595,2.5494,6.39401,16.98,0.006173,0.817472
MOZRIC,-4.6678,-2.7853,1.8825,7.23398,-35.06,0.376226,1.038983
MTACNI,-4.994,-2.1698,2.8242,1.95961,24.19,0.023319,0.833112
MTCBFE,-5.128,-2.9499,2.1781,3.60957,-14.78,0.311262,0.729753
MTHUNI,-4.088,-1.3561,2.7319,1.00E-05,-35.99,0.006117,0.841845
MUCBIV,-11.9862,-7.6309,4.3553,3.47692,-52.67,0.311571,0.126513
MUDMIJ,0.1571,4.4316,4.2745,0.89112,-70.18,0.36992,0.287792
MUFXIU,-5.4729,-2.8983,2.5746,6.0353,-24.45,0.245302,0.797088
MUGYEU,-4.5446,-2.5358,2.0088,8.50514,-18.77,0.19807,0.976889
MUGYIY,-4.2699,-2.0735,2.1964,7.16175,-16.06,0.138652,1.060046
MUJZUM,-6.1407,-3.9713,2.1694,9.93716,-32.66,0.418543,0.645976
MUKGUU,-2.6872,-1.7533,0.9339,0.44943,31.07,-0.079936,1.960121
MUKJOS,-3.9107,-2.1717,1.739,2.00E-05,71.88,0.177268,1.41776
MULJIM,-5.7618,-3.5403,2.2215,6.4842,56.43,0.032692,1.053524
MUMPAL,-1.4591,1.3322,2.7913,11.98669,-25.37,0.088757,0.531181
MUNLIQ,-4.0899,-1.0236,3.0663,4.56208,-56.62,0.181131,0.444963
MUQPOF,1.3106,3.1251,1.8145,0.20955,-38.02,0.0728,2.02438
MUQQOE,-3.7026,-1.6502,2.0524,5.51424,-64.69,0.141038,0.764202
MUTVUU,-4.9749,-1.8722,3.1027,1.00E-05,-52.7,0.185564,0.464251
MUXVEJ,-4.7916,-3.0372,1.7544,12.73065,-65.81,0.303408,0.931952
NABDEZ,-7.1097,-4.8136,2.2961,3.22353,30.03,-0.050134,1.32675
NABDID,-7.4867,-5.2471,2.2396,2.01155,24.37,-0.030529,1.066762
NABFOL,-7.3804,-4.9848,2.3956,3.12271,33.91,-0.097221,1.22459
NADLIO,-4.6877,-1.2048,3.4829,12.4829,-58.56,0.152285,0.309375
NADLOU,-4.7513,-1.4819,3.2694,13.5597,-58.73,0.14607,0.459013
NAFDAB,-5.1998,-2.2943,2.9055,4.89374,-26.95,0.15826,0.772908
NAFNEO,-3.3876,-1.0258,2.3618,1.00E-05,0.41,-0.050812,0.760032
NAJKIS,-12.3982,-8.5808,3.8174,3.82152,75.22,-0.046506,0.51047
NAKHEN,-5.3291,-1.4642,3.8649,0.51299,54.14,0.006362,0.363624
NAKWUS,-6.0879,-2.1001,3.9878,11.91176,107.46,0.037296,0.440168
NALPUL,-4.9039,-2.3382,2.5657,1.46607,71.22,0.031247,1.346584
NAMYOQ,-4.418,-2.1497,2.2683,7.46371,-20.19,0.056449,0.734656
NANJEU,-5.0024,-2.3898,2.6126,11.35035,-20.6,0.164835,0.710382
NANJUJ,-2.4507,-0.1931,2.2576,1.90697,-24.82,0.379079,1.229114
NAPYFE10,-10.0223,-7.7964,2.2259,0.41397,-51.26,0.251881,1.260392
NAQQAY,-3.821,-2.0783,1.7427,1.00E-05,104.1,-0.068371,1.132894
NASJAT,-4.8099,-2.2365,2.5734,3.63866,-50.52,0.321438,0.798847
NASJEX,-4.2567,-1.8178,2.4389,6.08165,-43.98,0.27003,1.026281
NAVVIQ,1.2273,3.547,2.3197,4.01274,-1.43,0.125709,1.467246
NAYMUY,-5.1809,-0.85,4.3309,5.12223,112.39,-0.012522,0.293404
NAZROW,-4.0765,-2.1256,1.9509,11.42684,-32.32,0.158988,1.661524
NAZRUC,-4.0257,-2.2659,1.7598,12.48056,-30.16,0.135773,1.433905
NCACON,-13.0919,-10.7457,2.3462,10.95286,57.04,0.237337,0.501519
NEBKIR,-2.376,0.8672,3.2432,2.40367,80.52,-0.024081,0.800899
NEDGIM,-5.607,-3.5218,2.0852,14.86743,-49.03,0.263533,0.98908
NEFQEU,-8.4663,-5.3326,3.1337,9.74085,-35.07,0.054192,0.343131
NEHDIO,-8.3602,-4.9725,3.3877,1.60855,46.9,-0.137471,0.329959
NEHWIH,-4.444,-1.2609,3.1831,1.00E-05,-52.6,0.197157,0.733278
NEJBIN,-0.4627,1.0491,1.5118,7.49875,-45.31,0.267656,0.889509
NELGOA,-10.0171,-7.684,2.3331,0.00346,-61.13,0.242934,1.223978
NEMXIN,-5.3572,-3.1803,2.1769,2.86713,55.44,0.200439,1.144532
NENNEA,-8.0591,-5.0178,3.0413,7.70374,-8.9,0.176206,0.738308
NENWEK,-3.6823,-1.874,1.8083,14.23412,-61.75,0.197752,1.532359
NEPMEC,0.9859,2.6071,1.6212,0.57439,-80.73,0.233015,1.857986
NEPPIJ,2.2712,4.3088,2.0376,0.44209,-20.95,0.463955,1.103333
NETCAT,-4.0658,-2.3688,1.697,15.00729,-55.37,0.187962,0.766173
NETTOX,-4.7252,-2.2441,2.4811,3.89455,-16.45,0.225113,0.846968
NEXYAS,-2.0445,0.9065,2.951,6.04292,62.31,0.118454,0.874543
NEYJUY,-3.443,-2.184,1.259,19.52392,-46.72,0.148686,1.18611
NEYVUI,-4.423,-2.1354,2.2876,1.98414,21.09,-0.143801,1.138119
NEYWOD,-4.4672,-2.8421,1.6251,0.26926,27.18,0.051228,1.668876
NEYWUJ,-5.6364,-3.2697,2.3667,10.88144,-16.86,0.098912,1.376904
NEZBIG,2.9166,4.9647,2.0481,0.00144,-36.67,0.043969,1.341252
NEZGIJ,-5.1087,-1.9635,3.1452,4.98072,33.18,-0.035878,0.660821
NEZPEQ,-4.5924,-2.0615,2.5309,14.28177,-21.06,0.158179,1.327809
NICFAH,-2.0514,1.4819,3.5333,4.79125,-19.4,0.158245,0.46887
NIDMOE,-4.6106,-2.2042,2.4064,9.2336,-63.32,0.17987,0.83299
NIDTHC11,-4.8191,-2.0403,2.7788,0.28878,23.73,-0.102293,0.781015
NIFWAB,-5.2856,-1.5651,3.7205,6.01685,47.23,-0.066382,0.393161
NIHXEK,-3.7697,-1.7307,2.039,7.84462,-36.47,-0.055519,1.239912
NIHYIP,-3.6744,-1.7558,1.9186,7.81617,-39.88,-0.052381,1.207483
NIHZCH11,-1.7831,1.9122,3.6953,16.41955,-46.27,0.137348,0.428059
NIJZEM,-3.1237,-2.3135,0.8102,9.29602,-57.22,0.249507,1.648728
NISBEW,-4.5585,-0.8184,3.7401,8.25324,64.03,-0.148417,0.530273
NITVES,-0.1722,2.7304,2.9026,2.08712,-60.52,0.226942,0.624096
NIVWOF,-5.9065,-1.3921,4.5144,2.15358,179.41,-0.076759,0.378383
NIWTOC,-2.0691,0.6463,2.7154,5.40626,-41.15,0.329503,0.584675
NOBHET,-8.6016,-4.8433,3.7583,4.13982,-33.98,0.265823,0.241447
NOFJOI,-2.0983,0.2172,2.3155,3.37581,-22.28,0.383949,0.576129
NOGWIQ,-5.4785,-2.1392,3.3393,7.42329,-21.77,0.137767,0.879273
NOHKUQ,-4.2354,-1.0569,3.1785,0.2679,-42.24,0.281733,0.500859
NOJJAX,-8.3859,-5.2524,3.1335,1.56033,-20.45,0.345929,0.404209
NOKSOX,-4.4736,-2.987,1.4866,12.08827,-48.76,0.191149,0.886437
NONTIW,-5.4485,-2.2265,3.222,6.56233,-20.08,0.208173,0.464298
NONTUI,-4.97,-2.9266,2.0434,5.37445,-15.92,0.323585,0.924457
NONVEU,-3.7399,-1.279,2.4609,6.26887,-44.43,0.20154,0.649812
NONYUN,-3.3946,0.4057,3.8003,5.45878,68.22,-0.178519,0.483225
NOPTES,-5.3686,-2.9112,2.4574,12.73827,-10.91,0.08234,1.099828
NOQTAP,-5.5414,-3.7062,1.8352,12.89347,-24.04,0.197436,1.192553
NOSHEI,-3.9976,-1.3051,2.6925,5.83391,47.82,-0.084863,0.790199
NOTPUK,-6.4007,-2.2673,4.1334,3.57586,153.44,0.012168,0.314279
NOYCIN,-11.8724,-9.4748,2.3976,0.84161,-9.38,0.08802,0.686238
NOYJUG,4.9368,7.2185,2.2817,7.99823,-18.14,0.367546,0.8899
NOZPAT,-5.8953,-2.657,3.2383,1.89526,104.59,0.023933,0.759942
NTMTUC,-5.4108,-2.2103,3.2005,7.69695,-19.31,0.139023,0.643503
NUKPAM01,-4.0376,-2.7428,1.2948,2.52979,-45.29,0.243058,1.750427
NUNTAR,-5.148,-0.8042,4.3438,14.5004,-60.02,0.283173,0.255002
NUNWUP,-4.8433,-3.1653,1.678,4.48416,62.76,-0.104501,1.447402
NUPTAT,-5.3457,-2.8589,2.4868,9.19746,-21.99,0.037262,0.976308
NURPUN,-7.0162,-3.7434,3.2728,2.00E-05,-28.77,-0.017488,0.553334
NUSMIY,1.2055,3.0143,1.8088,18.46104,25.75,-0.06472,1.966504
NUTHIU,-4.6862,-2.2812,2.405,12.80423,-14.62,0.14823,0.822347
NUYHOE,-7.685,-4.9718,2.7132,4.27878,33.35,-0.188229,0.788927
NUZCUG,-8.3562,-5.2184,3.1378,1.20768,87.56,0.022511,0.528651
NUZSUX,-4.5602,-2.7409,1.8193,8.79192,-60.14,0.26864,1.211546
OBIMOC,-4.8841,-2.0722,2.8119,10.79966,-31.29,0.057452,0.82537
OBIVAX,-13.9467,-10.1114,3.8353,0,35.76,0.179723,0.328975
OBOFOC,-10.9775,-6.8863,4.0912,7.34095,65.61,0.021864,0.651627
OBOKAR,-5.7071,-3.1124,2.5947,9.00211,-40.55,0.132001,0.552411
OBOKOF,-5.3572,-2.071,3.2862,11.13044,37.78,-0.08678,0.491773
OCOCFE,-4.8215,-1.0347,3.7868,1.0244,78.89,0.023488,0.440009
OCUJOL,-3.9733,-2.516,1.4573,11.19404,-45.84,0.15808,1.072949
ODIHOY,-3.5703,-1.4467,2.1236,0.17803,-48.17,0.205565,1.045972
ODOWUC,-5.0267,-2.78,2.2467,17.46553,-13.09,0.130951,1.235973
ODUXIX,-4.1391,-1.9105,2.2286,9.16075,-37.68,0.21435,1.546143
OEPHNI,-5.5169,-3.0479,2.469,7.41338,-28.2,0.030692,1.001962
OFANER,-4.6272,-2.1597,2.4675,0,-17.08,0.24659,0.71114
OFEXAA,1.7114,6.6138,4.9024,0,67.79,-0.044146,0.155412
OFINAT,-12.5436,-9.3085,3.2351,0.0014,-13.22,0.303826,0.374732
OFIXEI,-5.052,-2.2438,2.8082,3.18621,-38.43,0.196591,0.874967
OFUROX,-4.7042,-1.5579,3.1463,1.37988,39.37,-0.008378,0.520969
OGEVUS,-4.8503,-2.3882,2.4621,3.05756,-45.16,0.134016,0.895906
OGUBOH,-8.2278,-5.8138,2.414,7.2469,69.17,0.073677,0.666405
OHUSEQ,-5.1247,-2.2115,2.9132,3.04513,19.96,0.059767,0.726977
OJEBUB,-4.0909,-3.3034,0.7875,13.91803,-54.35,0.225036,1.290015
OJUHAF,-4.9852,-0.917,4.0682,2.61202,-56.88,0.23363,0.273005
OKEMUO,-3.8657,-1.8745,1.9912,1.58619,-46.03,0.204883,0.634674
OLENAU,-5.9119,-2.7396,3.1723,10.50903,-91.24,0.346,0.68957
OLIWUB,-4.9631,-1.9293,3.0338,3.00E-05,-11.56,0.156259,0.535207
OLOZAR,-4.2575,-1.7932,2.4643,0.05573,-16.63,0.147389,0.725028
OLUYEB,-11.9775,-9.4689,2.5086,6.03667,14.02,0.171329,1.048711
OMANIB,-4.5748,-3.0093,1.5655,11.22004,33.7,0.11526,1.880303
OMIXAL,-4.1053,-2.9564,1.1489,10.16566,-38.71,0.141681,1.047638
OMUHAG,-5.6944,-2.1038,3.5906,13.54395,-64.57,0.282746,0.439252
ONAPOL,-2.5227,-1.0433,1.4794,7.34146,-13.81,0.420003,1.119548
ONAXIM,-4.673,-2.9498,1.7232,7.30512,28.34,0.082598,1.475755
ONUQAR,-4.5231,-2.2521,2.271,4.30951,-45.56,0.308955,0.997344
OPAKUM,-3.7212,-1.6218,2.0994,7.45286,27.73,-0.023248,1.122126
OQAKAV,-5.071,-2.0177,3.0533,6.80069,71.7,-0.004457,0.765462
OQEDOE,-4.9373,-2.6117,2.3256,8.8811,-25.39,0.149387,0.86739
OQEPOR,-4.3236,-1.6085,2.7151,1.33663,-23.28,0.097949,0.871733
ORESUC,-4.7974,-1.7035,3.0939,4.52268,38.93,-0.056037,0.87961
ORODOP,-5.6419,-3.5303,2.1116,5.49454,47.99,0.019188,1.052134
OROFEH,-5.029,-1.3113,3.7177,2.51173,49.89,-0.08054,0.405815
ORUDUB,-4.6729,-1.8013,2.8716,4.24047,32.05,-0.056159,0.519078
OSELOO,-3.7266,-2.576,1.1506,12.59965,-18.44,0.130869,2.421353
OTIQIT,-4.8084,-1.0707,3.7377,0.9931,37.53,-0.000633,0.32479
OTOTEX,-4.5256,-2.0418,2.4838,4.91102,-50.26,0.226757,0.951365
OTOTIB,-5.774,-3.7391,2.0349,5.52841,-30.21,0.30615,1.025452
OVOJIU,-4.3404,-1.6377,2.7027,4.92384,131.81,-0.179344,0.54464
OWIQER,-4.7634,-1.1666,3.5968,1.61271,54.58,-0.072996,0.575179
OWOGUE,-5.6548,-2.1723,3.4825,2.14513,-38.75,0.28126,0.467675
OYIKOY,-0.5145,2.007,2.5215,9.71749,-81.07,0.151027,0.718313
OYIKUE,-1.067,1.0413,2.1083,13.06267,-54.65,0.108887,1.363397
OYILIT,-1.2696,0.9916,2.2612,11.26557,-52.63,0.08356,1.169995
OYUKOK,-4.6997,-2.1304,2.5693,7.61972,-45.71,0.090065,1.344422
OZEDIH,-16.0141,-14.5696,1.4445,1.00E-05,42.96,0.008605,0.981515
OZIREV,-3.2046,-0.6633,2.5413,8.54348,-41.91,0.093279,0.91508
OZUSOT,-4.8932,-3.6332,1.26,16.83813,-57.1,0.198748,1.140548
PAACCO,-5.7223,-1.9277,3.7946,6.85948,47.48,0.196106,0.645035
PABZIC,-11.8588,-9.94,1.9188,7.99558,46.25,0.17761,0.764582
PACHEI,-4.4447,-1.2387,3.206,8.98533,-69.94,0.354112,0.625145
PADJAH,-5.1272,-3.9335,1.1937,20.05862,-36.65,0.351997,1.470427
PAHMUJ,-8.6499,-5.8996,2.7503,7.72196,61.55,0.093233,0.516252
PAMSUT,-1.9726,-0.0626,1.91,11.10474,-37.44,0.092604,0.978383
PANGER,-4.9663,-1.8847,3.0816,0.00157,-34.19,0.112313,0.455385
PARRUW,-5.1157,-1.9496,3.1661,0.00955,-15.95,0.148553,0.387926
PARSOR,-5.7015,-2.8046,2.8969,8.63408,-42.1,0.152737,0.45921
PASGIZ,-8.1432,-5.8922,2.251,12.35087,-22.68,0.052015,0.573529
PATACO10,-12.9116,-10.1941,2.7175,13.12991,62.22,0.204883,0.462438
PATQEG,-5.4757,-2.7836,2.6921,9.18593,-33.19,0.097599,0.91645
PAXVAM,-5.1585,-3.0838,2.0747,9.89661,-53.53,0.22952,1.176456
PAYHIG,-4.0749,-1.0734,3.0015,5.94683,-59.52,0.272906,0.896452
PAYVAO,-11.1681,-7.6306,3.5375,0,-50.42,0.328452,0.388547
PAZDUQ,-5.7427,-1.7358,4.0069,13.06132,-46.04,0.197958,0.361933
PAZPAI,-10.903,-7.9683,2.9347,8.02557,-33.23,0.05887,0.629846
PAZXAP,-11.041,-6.7922,4.2488,0.33587,40.19,0.018684,0.331692
PCTHFC,-5.545,-2.1244,3.4206,7.02871,130.61,0.03689,0.42588
PEHZOU,-4.1588,-1.2453,2.9135,4.12667,46.03,-0.195802,0.77764
PEJCOZ,-4.2355,-2.901,1.3345,9.70378,-56.66,0.275879,0.971391
PEKPAW,-12.2626,-8.6219,3.6407,2.72192,-36.39,0.165373,0.175859
PEMENI,-7.4956,-5.2151,2.2805,10.64554,30.32,-0.038331,0.913921
PEMSOP,-5.4153,-1.4711,3.9442,9.22132,167.19,-0.044929,0.470255
PEMTAC,-4.4266,-1.4757,2.9509,9.82312,123.65,-0.043849,0.697499
PENBUG,-2.0481,0.3693,2.4174,0.86025,18.05,0.095761,0.843698
PENHOI,-2.5261,0.1679,2.694,3.60792,-62.42,0.422348,0.93851
PEPPEI,-4.1351,-1.8992,2.2359,1.90859,22.47,-0.116631,1.457609
PEQMEE,1.5742,4.0994,2.5252,0,34.38,-0.17166,1.078197
PERJIG,-14.2655,-10.7852,3.4803,3.57504,100.48,-0.035141,0.883738
PEVHAC,-7.7146,-4.8896,2.825,1.30966,9.49,-0.081878,1.615449
PEXKAF,-14.2829,-10.805,3.4779,7.60036,57.61,0.173022,0.376633
PEXKUB,-5.2525,-2.9128,2.3397,8.46174,-20.7,0.121668,1.086505
PIBPOH,-7.5359,-5.1153,2.4206,6.11908,-19.97,0.165596,0.669892
PIGDIS,-8.5355,-5.4673,3.0682,8.3896,-37.57,0.041889,0.533991
PIHWEI,-4.505,-0.2483,4.2567,0.7247,-49.42,0.184512,0.177603
PIKZIT,-4.5,-1.6332,2.8668,0.15797,-45.07,0.223514,0.611202
PIMMOQ,-4.3436,-1.7331,2.6105,0,-27.17,0.199706,0.7428
PINBUJ,-11.9664,-9.3414,2.625,2.81313,-28.36,0.009699,0.330744
PIQKOR,-8.6431,-5.8982,2.7449,6.72412,52.32,0.0587,0.838959
PITBUP,-0.9544,2.4951,3.4495,7.62464,-41.29,0.112497,0.590464
PITHAD,-13.3445,-10.1709,3.1736,0,-11.63,0.249818,0.526592
PIVDAB,-9.3007,-6.2369,3.0638,8.33524,-39.19,0.157065,0.3845
PIVHUZ,-5.3169,-2.9567,2.3602,7.00E-05,-14.08,0.293786,0.846991
PIYYON,-4.3814,-2.0722,2.3092,8.8503,-35.75,0.140225,1.058834
PMCCOC,-4.8715,-1.3909,3.4806,3.74688,48.72,-0.068728,0.360354
POBWUA,-8.1739,-6.182,1.9919,21.07664,30.24,0.11774,0.904217
PODCIX,-4.9178,-2.8704,2.0474,5.14861,-20.34,0.14168,1.173635
POJHUT,-5.3659,-3.3008,2.0651,8.70829,-24.02,0.158254,1.066349
POJREL,-6.1976,-3.4233,2.7743,11.31545,-28.55,0.290504,0.471665
POPFEC10,-5.694,-1.9797,3.7143,3.97195,120.94,-0.15111,0.6865
PORNES,-5.0574,-2.8011,2.2563,10.94568,-9.68,0.222522,0.935647
PORPOB,-17.4234,-13.6229,3.8005,0.60588,76.65,-0.00465,0.424065
POWRID,-4.8918,-3.9462,0.9456,20.70042,-12.9,0.16666,1.087709
POWROJ,-7.9141,-5.7676,2.1465,10.18186,-52.11,0.271306,0.544652
PUCFID,-5.3289,-2.1457,3.1832,9.22888,76.52,0.008344,0.828899
PUCHOL,-4.602,-2.2419,2.3601,2.18735,-58.9,0.200044,1.17877
PUCHUR,-4.493,-2.1226,2.3704,3.13879,26.29,0.051254,1.155045
PUDPAG,-5.0491,-2.5795,2.4696,4.01771,-34.84,0.235689,1.16221
PUGLOS,-7.3654,-4.9238,2.4416,5.47054,58.13,-0.009371,1.156449
PUHWUL,-8.6879,-6.8095,1.8784,0.19924,-43.61,0.310382,0.653959
PUJBAX,4.5231,7.4326,2.9095,5.35152,-60.22,0.227711,0.294911
PUJSOC,-8.3628,-5.7363,2.6265,7.8901,29.89,-0.119662,0.615926
PUKPUG,-5.1731,-1.9404,3.2327,7.26985,96.78,-0.05526,0.789048
PUMQAQ,1.0632,4.3876,3.3244,1.07622,-51.58,0.195887,0.423885
PUQJAM,-0.6747,1.6433,2.318,10.92311,-22.06,0.178155,1.001196
PURCUA,-4.6368,-2.4786,2.1582,2.38123,-31.15,0.267849,0.627756
PUTTUT,-9.2712,-5.8229,3.4483,2.80281,62.79,-0.083039,0.573754
PUTVAB,-11.9924,-8.8109,3.1815,2.79574,75,-0.018512,0.510751
PUVLAV,-4.7583,-3.1865,1.5718,9.66545,-61.13,0.333705,0.952705
PUWMAX,-9.3679,-7.2523,2.1156,16.54192,48.13,0.215233,0.651642
PUXRAC,-4.6245,-3.653,0.9715,10.74522,-46.96,0.180306,1.234874
PUXVIO,-4.8042,-2.2666,2.5376,5.92381,-30.11,0.296075,1.07962
PUXVOU,-4.458,-1.7025,2.7555,3.42867,-58.83,0.258199,0.717921
PYESAF10,-3.9606,-2.0126,1.948,6.93749,-30.75,0.26982,1.282787
PYRMNC,-5.7561,-2.8025,2.9536,0.42922,134.02,0.012161,0.517814
QABMIP,-7.8301,-5.3827,2.4474,5.56099,21.95,0.001558,0.885304
QADJEK,-4.825,-1.8517,2.9733,20.31824,-30.32,0.207223,0.686508
QAFCEG,-5.0782,-2.2665,2.8117,13.60076,-32.14,0.011201,0.888823
QAFCOS,-4.6374,-1.8276,2.8098,9.46078,-47.41,0.142121,0.455293
QAFPAO,-8.8928,-6.3335,2.5593,9.03428,63.84,0.046316,0.546187
QAGCEG,1.2799,4.2524,2.9725,0,-38.31,0.106051,0.47645
QAHQAT,-8.3726,-5.558,2.8146,8.45488,31.94,0.109967,0.549297
QAHWUT,-5.1706,-2.9094,2.2612,6.40933,25.2,0.017014,0.969358
QALDUD,-5.5397,-2.6029,2.9368,10.2852,-13.55,0.154679,0.386515
QANFOD,-1.617,0.2391,1.8561,1.00E-05,20.85,-0.04983,1.25649
QANMOK,-3.7378,-0.9383,2.7995,2.95723,20.72,0.068086,0.795424
QAQBIV,-6.1692,-1.9122,4.257,1.26392,75.09,-0.111057,0.353481
QAQBOB,-6.024,-1.5084,4.5156,3.45972,125.9,-0.023373,0.344262
QAQZEO,-4.4964,-2.1274,2.369,5.38816,16.46,-0.064042,0.676541
QARMIF,-9.5305,-5.5051,4.0254,2.28481,73.85,0.104913,0.305519
QARPEF,-5.5887,-3.509,2.0797,11.32741,-19.79,0.293415,1.361539
QASCUI,-5.1305,-3.1718,1.9587,9.97899,-35.83,0.128525,1.21302
QAVFID,-4.0794,-2.7908,1.2886,8.23501,-38.2,0.232969,1.458429
QAWZET,-4.9511,-1.6432,3.3079,6.06213,-19.67,0.17085,0.359163
QAWZIX,-9.3876,-5.9953,3.3923,4.34889,-19.7,0.16142,0.373179
QAYBAT,-4.0357,-1.645,2.3907,11.0973,-44,0.121286,0.950135
QAYCEY,-5.0423,-2.8,2.2423,7.40495,-26.26,0.382874,0.712292
QAZCIF,-4.9419,-2.6956,2.2463,11.69409,26.77,0.100615,1.399563
QEDCOR,-13.1164,-10.5224,2.594,0,-30.27,0.387033,0.628425
QEDKOZ,-6.1735,-3.2291,2.9444,1.00E-05,-8.4,0.158081,0.705978
QEFDOW,-6.2205,-4.3109,1.9096,3.97259,-13.98,0.299671,1.032457
QEHKUL,-8.2495,-5.5021,2.7474,4.85871,24.26,0.029846,0.512403
QEHZIN,-11.5544,-9.1557,2.3987,2.28478,89.86,-0.060906,0.961167
QEKCAN,-5.3539,-2.1387,3.2152,8.49872,60.89,0.06475,0.528212
QEKFET,-4.8699,-1.9725,2.8974,7.00E-05,-36.41,0.1599,1.177568
QENWUC,-11.0672,-6.6975,4.3697,0,79.51,-0.08765,0.497563
QEQVEO,-4.8911,-2.7988,2.0923,13.58618,-33.57,0.283471,1.123228
QETKOS,-17.3436,-14.3546,2.989,0.08351,48.88,0.208747,0.562374
QETLAF,-8.6665,-6.5618,2.1047,12.60032,-61.43,0.291188,0.678543
QETVAM,-4.3988,-3.1774,1.2214,18.76699,-19.85,0.120107,1.053237
QEWGOR,-4.9806,-1.9922,2.9884,9.63309,25.61,0.127533,0.939355
QEZYUP,-4.632,-0.884,3.748,2.16786,80.07,0.078109,0.492058
QIDNAU,-3.142,-0.7719,2.3701,5.29355,-33.79,-0.049143,1.146549
QIGGOC,-8.714,-5.5476,3.1664,1.2338,75.5,0.028277,0.470182
QIGRED,-6.7582,-1.9317,4.8265,16.7409,101.48,0.084679,0.230044
QIGRON,-5.7857,-2.6012,3.1845,8.04334,45.53,0.073301,0.592885
QIGSEE,-5.786,-1.5965,4.1895,10.94532,87.76,0.06388,0.376651
QIJTAE,-5.4615,-3.3988,2.0627,8.01291,-18.48,0.34594,1.614258
QILWUD,-12.3136,-9.5045,2.8091,6.90368,55.98,0.105525,0.487813
QIMXUI,2.6306,4.95,2.3194,1.00E-05,21.66,-0.228218,1.254642
QIRWIZ,-7.5888,-4.5544,3.0344,7.87818,-46.78,0.147551,0.358996
QIRWOF,-7.4457,-5.2434,2.2023,8.1297,-47.42,0.158112,0.484791
QIRWUL,-7.4279,-5.3001,2.1278,8.63435,-51.76,0.172928,0.620541
QITBEA,-4.2825,-1.8749,2.4076,8.55452,-65.07,0.260282,1.001532
QITSUJ,0.2779,3.5187,3.2408,0.26352,-45.39,0.315454,0.546619
QITWUO,-7.6948,-6.0492,1.6456,4.57508,-7.17,0.337981,1.884451
QIVYEZ,-5.7883,-3.4594,2.3289,6.00E-05,-75.69,0.350869,0.752173
QIWCUU,-4.3973,-2.2279,2.1694,7.58691,14.51,-0.10786,1.175022
QIWKOX,-5.2495,-1.7972,3.4523,1.77239,105.13,-0.068185,0.512733
QIXCOR,-3.9613,-2.0842,1.8771,12.37634,-50.34,0.170571,1.148353
QIXDEI,-3.4341,-1.9411,1.493,13.14397,-26.35,0.156563,1.210141
QIXDIM,-3.8889,-2.0016,1.8873,13.76355,-49.45,0.182978,1.106956
QIYMAN,-4.9641,-2.3634,2.6007,6.64457,48.82,0.009965,1.007
QIZCAF,-4.203,-2.9886,1.2144,14.41495,-32.79,0.164379,1.25305
QOBRIK,-4.4684,-1.9696,2.4988,11.27082,-34.65,0.166121,0.769753
QOCDUI01,-4.83,-3.2548,1.5752,5.46446,0.87,0.257044,1.997586
QOFDIZ,-8.7824,-6.4809,2.3015,3.9834,109.87,0.103618,0.906816
QOFVOW,-5.267,-2.2289,3.0381,7.63337,-17.96,0.153961,0.609856
QOGLAZ,-4.7979,-1.428,3.3699,13.60671,-40.92,0.187728,0.476268
QOGNAD,-10.3757,-6.933,3.4427,0.15433,83.75,0.157597,0.408696
QOJDEZ,-4.6083,-1.6319,2.9764,1.00E-05,-38.86,0.128904,0.591874
QOKSOY,-5.4239,-2.632,2.7919,4.10322,118.89,-0.074714,0.918563
QOKYIY,-5.6346,-2.5748,3.0598,4.47061,108.71,-0.023098,0.61443
QOLKIM,-5.0951,-3.3217,1.7734,10.54364,7.71,0.240441,1.355324
QOLZOH,-4.308,-0.9046,3.4034,10.23798,-49.85,0.283514,0.5427
QOMLOU,-4.7466,-1.5449,3.2017,4.04029,-31.87,0.188952,0.728376
QOMQOZ,-7.7132,-6.1291,1.5841,4.95017,-43.53,0.233039,1.31802
QOPWOK,-4.3083,-1.6306,2.6777,1.81441,2.77,0.047258,1.132585
QOQKIQ,-14.7939,-10.1373,4.6566,0,-49.8,0.310827,0.121286
QORDUY,-1.593,0.3854,1.9784,9.12864,1.58,0.136485,1.140978
QORFAG,2.2865,4.6123,2.3258,1.87315,9.49,0.093672,1.023479
QOSGEL,-7.3295,-5.2227,2.1068,6.2934,-49.58,0.2309,1.109751
QOSTAT,-11.0759,-8.3573,2.7186,3.88791,29.54,-0.016974,0.917581
QOSZON,-6.0524,-1.0765,4.9759,3.244,191.59,-0.128515,0.471409
QOWJOE,-1.5927,1.8488,3.4415,0.9044,-28.09,0.254358,0.47245
QOXKUL,-4.3053,-1.7862,2.5191,14.92011,-48.93,0.146511,0.893114
QOXZAG,-8.2472,-6.2825,1.9647,1.1235,26.97,0.1604,1.654269
QOXZEK,-8.1393,-6.04,2.0993,0.09604,33.41,0.140513,1.501176
QOYFEQ,-5.6046,-3.2191,2.3855,6.62635,42.21,0.097673,0.950414
QOYWIN,-4.005,-2.3622,1.6428,19.91388,-29.88,0.291153,0.908142
QOZZUB,-5.2738,-3.3538,1.92,8.17847,-20.21,0.336128,1.62394
QUCBOG,-1.8389,-0.569,1.2699,0.68743,27.72,0.235335,1.668678
QUDDOJ,-1.1942,1.3001,2.4943,2.35588,-60.52,0.18917,1.402865
QUGQUF,-9.0097,-6.2123,2.7974,6.13908,-35.27,0.1687,0.673034
QUHKIO,-5.1657,-2.7522,2.4135,1.86736,44.49,-0.021218,1.107482
QUKTAS,-3.6798,-1.6946,1.9852,7.41902,-49.17,0.157188,1.340396
QUSHET,-1.5933,1.8413,3.4346,1.07442,-56.41,0.283619,0.483263
QUSJAQ,-4.4524,-2.3451,2.1073,6.94814,-38.11,0.16137,1.372122
QUSPOJ,-8.8267,-5.9123,2.9144,2.84971,83.43,0.016175,0.920661
QUTFIW,4.5372,8.6265,4.0893,0.30829,-48.52,0.279192,0.380685
QUZWAL,-2.2364,-0.5172,1.7192,10.2148,27.45,0.005265,1.95511
RABJOX,-3.6116,0.296,3.9076,6.7698,50.32,-0.088057,0.328675
RABLAL,-8.6518,-5.7236,2.9282,2.08205,53.62,-0.01523,0.784353
RABVOG,-4.4332,-1.3575,3.0757,5.17742,60.39,-0.195218,0.771761
RACNIV,-5.2802,-2.3539,2.9263,2.43261,-25.23,0.219688,0.664975
RADLEO,-4.8291,-2.3033,2.5258,13.09244,44.46,0.01626,0.753089
RADSEU,-10.3334,-5.7321,4.6013,2.47669,108.6,0.053398,0.218024
RAFLIV,-4.4699,-2.7498,1.7201,3.90326,-44.61,0.192913,1.396172
RAGLOD,-4.7995,-1.7637,3.0358,18.02721,-50.94,0.310719,0.598369
RAHXAB,-4.9032,-3.1835,1.7197,14.46489,-52.81,0.190428,0.963653
RAKTAA,-5.3562,-3.4382,1.918,5.02545,-26.38,0.336196,1.21142
RALNUO,-4.3606,-2.0035,2.3571,4.19693,-4.8,0.223291,1.248071
RANJIA,-7.9216,-5.69,2.2316,6.6567,-50.22,0.078643,1.234466
RAPJAT,-5.048,-1.7754,3.2726,0.00165,-45.81,0.163846,0.41206
RARMIG,-5.3458,-1.368,3.9778,3.14115,102.84,0.051352,0.381896
RATBIY,-5.0536,-2.3786,2.675,1.63592,-26.33,0.194263,1.028365
RATCAR,-3.9851,-1.8335,2.1516,5.28008,-19.03,0.289363,1.581897
RATDIZ,-14.4624,-10.0314,4.431,3.80477,80.67,0.15158,0.213975
RATDOF,-13.8896,-9.3344,4.5552,3.7576,77.66,0.118252,0.198363
RAVYIX,-8.0009,-5.2899,2.711,10.3697,-40.3,0.234574,0.772814
RAWPUB,-4.6444,-2.5089,2.1355,16.68863,29.75,-0.033272,1.089592
RAWRUF,-4.591,-3.5893,1.0017,17.49145,-20.73,0.239323,1.654935
RAWTEO,-4.7604,-2.3873,2.3731,2.78958,-16.25,0.26093,0.66428
RAXMOT,-5.8493,-3.1745,2.6748,0,-19.41,0.198725,0.687421
RAXXUM,-6.8759,-4.076,2.7999,0,-10.33,0.248926,0.606445
REGBUA,-4.341,-1.7923,2.5487,8.93493,-51.64,0.070803,1.026662
REJDAN,-7.9238,-6.7644,1.1594,7.67471,8.99,0.242206,1.620967
REMMEB,-4.8092,-1.7327,3.0765,14.69339,-35.9,0.065989,0.751678
REMMOM,-5.1798,-3.0502,2.1296,10.22592,28.83,0.024224,1.0933
RENGAV,-3.8838,-0.9604,2.9234,6.38179,-49.68,0.152398,0.55536
RERCUP,-5.3429,-1.9045,3.4384,8.41128,114.45,-0.007487,0.486779
RETFOM,-5.2084,-2.4087,2.7997,2.98083,-10.43,0.204012,0.539672
RETGON,-9.0192,-5.7537,3.2655,12.45014,-40.78,0.111902,0.422469
REXCUS,-3.9514,-3.7363,0.2151,22.89983,-44.42,0.388559,1.235609
REXMIQ,-5.9413,-3.5067,2.4346,12.23102,-21,0.273567,0.595109
REXQAN,-4.7557,-0.9768,3.7789,6.71304,74.9,0.019911,0.762047
RIHLAY,-4.2441,-3.2672,0.9769,18.3295,-54.79,0.251404,1.164516
RIMDIA,-5.6947,-1.5967,4.098,8.32303,128.94,-0.050486,0.461909
RIPHEG,-4.1342,-1.5343,2.5999,4.26823,-47.76,0.22982,0.935455
RIPQAL,-5.3917,-2.5437,2.848,7.84715,23.6,0.134361,0.963311
RIPXIX,-5.7933,-3.5417,2.2516,14.17142,-17.25,0.332108,0.573896
RIQQAJ,-1.3526,2.1459,3.4985,6.33743,114.11,0.038094,0.511694
RIQQEN,-1.3605,2.2335,3.594,6.63437,113.99,0.036422,0.48483
RIQSAM,-8.3698,-4.8719,3.4979,7.73764,-37.43,0.099713,0.23477
RIRCIH,-12.8144,-10.1356,2.6788,1.93802,-19.55,0.205804,0.324583
RIRFAB,1.2908,3.6522,2.3614,0.04598,-54.92,0.022795,1.53394
RIRFEF,-4.5122,-1.9662,2.546,8.02298,-57.71,0.191325,1.112804
RIRFIJ,-1.159,1.2056,2.3646,14.87706,-48.75,0.039621,1.544664
RISNOZ,-4.7557,-2.7448,2.0109,3.8012,-18.35,0.337276,1.172604
RISQOC,-4.0631,-1.4088,2.6543,0.72672,26.6,-0.13363,0.830441
RISSIW,-5.4949,-2.3154,3.1795,4.67125,76.66,-0.039975,0.658953
RITTAR,-4.9872,-2.3267,2.6605,5.44957,-15.43,0.203688,0.557576
RITYOK,-11.2963,-8.55,2.7463,0.06651,-32.88,0.261002,0.771624
RIVWEA,-3.8893,-0.7052,3.1841,5.42527,-83.72,0.253872,0.601447
RIWXEA,-3.8239,-1.1436,2.6803,3.91683,-55.63,0.194351,0.574085
RIXROH,-4.8517,-1.9961,2.8556,5.95909,62.13,0.020628,0.835415
RIXTIC,-4.2087,-1.7426,2.4661,3.12132,43.96,-0.070041,0.923543
RIZGUF,-5.3413,-2.6808,2.6605,14.3407,-52.8,0.205853,0.561472
ROBXEM,1.2194,4.3425,3.1231,0.09955,-41.61,0.060574,0.645213
ROCCOB,-6.8523,-2.9898,3.8625,7.64207,115.63,-0.025254,0.428341
ROCDOC,-11.3077,-8.3988,2.9089,5.17885,32.79,-0.123484,0.643192
ROFKOO,-4.2981,-2.0129,2.2852,1.05373,-37.51,0.096016,1.813663
ROFKUV,-4.7918,-2.9188,1.873,11.51183,-63.38,0.153714,0.794353
ROFXAO,-4.4875,-2.1234,2.3641,5.19901,27.4,-0.036957,0.897486
ROKBUO,-4.9712,-0.8875,4.0837,8.24077,148.97,-0.058287,0.358137
ROKMOT,-4.58,-2.0294,2.5506,6.26482,84.59,0.072316,0.567842
ROLQUE,-4.8707,-1.8175,3.0532,2.8515,40.79,0.020737,1.227813
ROLXIZ,-8.2331,-4.9145,3.3186,1.46803,45.1,-0.084108,0.721511
ROMSUI,-5.3586,-3.3272,2.0314,9.96113,-58.99,0.409624,0.914639
RONREU,-5.6996,-2.8044,2.8952,6.08167,-26.84,0.124404,0.725578
ROPBIH,-4.8061,-3.3598,1.4463,18.53169,-66.76,0.235015,1.017786
ROPBON,-10.9019,-8.3303,2.5716,1.16341,-54.53,0.265829,0.700762
RORXUR,-3.7648,-1.0345,2.7303,0,15.07,0.046832,0.550382
ROYGUJ,-4.4701,-2.3441,2.126,9.23376,-40.05,0.299608,0.607868
RUHGUW,-4.7504,-1.3783,3.3721,1.00E-05,-14.44,0.142392,0.620489
RUHHOS,-7.8173,-5.2619,2.5554,1.00E-05,-29.91,0.0636,0.639992
RUHMAI,-9.3489,-7.1358,2.2131,9.6936,-8.98,0.339166,0.513343
RUHRIV,-10.7258,-7.4439,3.2819,0.22533,-50.09,0.175306,0.644457
RUJSOE,-5.4685,-2.5882,2.8803,4.70101,-6.82,0.173963,0.466921
RUJSUK,-12.0187,-9.3732,2.6455,1.31703,-5.16,0.236219,0.3247
RUKLAK,-4.0064,-0.4272,3.5792,12.61733,96.94,0.006928,0.52799
RULVEA,-5.3358,-3.1684,2.1674,13.24993,-42.8,0.325991,0.97446
RUMGUB,-4.7544,-1.6879,3.0665,1.00E-05,24.77,-0.041312,0.911376
RUMHAI,-4.5115,-2.1507,2.3608,5.5242,23.01,-0.055266,1.281397
RUMNUK,-6.1146,-3.5918,2.5228,0.20897,-47.82,0.481626,0.870211
RUMRAU,8.9922,12.8085,3.8163,0.26237,-29.97,0.203405,0.138054
RUMZOP,-4.4462,-1.734,2.7122,8.36334,-56.74,0.156389,0.69191
RUTMAV,-1.8525,0.0244,1.8769,5.28904,42.7,-0.037457,1.699598
RUTRUT,-5.3112,-2.7814,2.5298,9.16031,-21.28,0.069366,0.900167
RUWKEA,-4.5875,-1.8561,2.7314,6.24783,-62.48,0.17355,0.921745
RUWSAG,-4.3521,-1.0844,3.2677,2.16218,-61.75,0.110721,0.599902
RUWSOU,-4.1655,-0.9556,3.2099,4.67492,-61.51,0.103418,0.655525
RUXYER,-4.8591,-0.9193,3.9398,15.50314,48.55,-0.025016,0.456001
SABDAB,-4.191,-3.3456,0.8454,5.58741,-41.05,0.180362,2.460219
SADRAU,-4.96,-1.5233,3.4367,10.37848,103.52,-0.000173,0.65421
SAFTEZ,-4.5209,-2.415,2.1059,17.32341,-57.77,0.233803,0.791051
SAFTID,-4.535,-2.0843,2.4507,18.56204,-57.18,0.235428,0.699567
SAFTOJ,-4.3393,-2.0181,2.3212,20.73101,-56.9,0.235202,0.643808
SAFTUP,-4.5579,-2.3447,2.2132,17.51243,-61.62,0.239171,0.78507
SAFVAX,-5.038,-2.8051,2.2329,15.58364,-69.7,0.218838,0.795271
SAGCAF,-6.1535,-3.7076,2.4459,16.96645,66.71,0.141371,1.193436
SAGFUB,-5.0624,-2.2305,2.8319,2.00E-05,85.52,-0.027409,1.251046
SAHHAN,-1.4774,0.9762,2.4536,10.91272,-28.99,0.122622,0.816072
SAHZIK,-5.8662,-3.1561,2.7101,1.63095,-31.08,0.387792,0.683337
SAJKUN,-7.7537,-4.1858,3.5679,6.18284,87.05,-0.043456,0.689972
SAKWOS,-4.5971,-1.7764,2.8207,7.84354,-58.38,0.184858,0.633354
SALDNI,-4.5966,-1.8489,2.7477,5.69445,-19.82,0.188924,0.843197
SAPJUO,-7.7732,-5.6714,2.1018,4.99298,-35.11,0.354872,0.686651
SASPAD,-9.0759,-7.3478,1.7281,0.20527,38.24,0.11668,0.957853
SATGOK,-4.3966,-1.2294,3.1672,17.33364,-13.24,0.125177,0.529724
SAVHIG,-5.3459,-3.6072,1.7387,0.60644,-31.98,0.239034,1.168757
SAVHOM,-5.4823,-3.1824,2.2999,0.9152,-7.86,0.099959,1.209887
SAXSOZ,-3.9705,-0.0154,3.9551,4.04896,65.43,-0.066963,0.292417
SAYMIO,-5.9024,-3.8497,2.0527,11.36393,-40.25,0.193218,1.105641
SAYZAV,-4.0108,-3.1212,0.8896,5.17624,-36.98,0.165702,2.464271
SAZFOR,-3.15,-1.8287,1.3213,7.57768,18.68,-0.140639,1.402408
SCYSCR,-1.5231,1.8946,3.4177,11.6067,-36.99,0.205016,0.473908
SEBQAS,-12.2706,-9.0227,3.2479,0.7026,-36.17,0.151071,0.293222
SEDHOZ,-3.9705,-1.5197,2.4508,6.28158,-24.97,0.15117,0.699962
SEDREZ,-2.5412,-0.4233,2.1179,18.49114,72.59,0.115027,1.613062
SELSEI,-4.4476,-2.0494,2.3982,9.82429,-44.71,0.230219,1.0006
SEMCUK,-4.7672,-2.1017,2.6655,0.86672,31.07,-0.086784,1.023126
SEMROU,-4.7542,-3.2278,1.5264,10.6694,-17.06,0.133083,1.247454
SEPHOL,-4.5968,-1.0309,3.5659,5.16718,-41.39,0.280123,0.430084
SEPPUZ,-5.2009,-3.1896,2.0113,14.91124,-53.41,0.275612,0.982462
SESGUT,-14.1379,-10.5349,3.603,1.04074,-21.37,0.329312,0.258362
SEWBUR,-5.8684,-1.9154,3.953,6.77698,130.45,-0.008537,0.460775
SEWMAK,1.5343,4.8814,3.3471,0.36528,-14.48,0.192417,0.337469
SEZTUM,-3.9519,-2.0144,1.9375,4.80776,-55.26,0.205252,1.166311
SEZVAU,-4.4053,-2.1581,2.2472,0,-64.73,0.252315,0.95334
SEZVEY,1.7247,5.7974,4.0727,0.20363,-65.66,0.208222,0.577628
SIBLIZ,-9.1206,-5.5382,3.5824,3.947,33.85,0.11622,0.377743
SIBZAE,-6.0523,-2.693,3.3593,4.64495,-31.63,0.29432,0.466255
SICCAL,-8.966,-5.3543,3.6117,0,74.98,0.069273,0.648228
SICCUC,-12.0773,-9.2345,2.8428,0,-29.93,0.012888,0.28009
SICFAM,-5.4648,-1.0777,4.3871,8.4557,108.97,0.052937,0.304916
SICFEQ,-5.3446,-1.2545,4.0901,8.9887,106.18,0.044839,0.375502
SIFQAA,-4.6137,-0.2571,4.3566,3.36453,74.54,-0.148237,0.322119
SIHKEA,-8.095,-7.2377,0.8573,6.71611,37.69,0.184243,1.622819
SILCIZ,-4.92,-1.9301,2.9899,5.97737,24.48,0.066562,0.913452
SILWOA,-0.1956,1.662,1.8576,4.78284,-18.4,0.441701,1.122427
SILYOC,-6.1206,-2.709,3.4116,3.96259,128.62,0.043388,0.473644
SINDIC,-5.6589,-1.4457,4.2132,6.69835,-67.64,0.348947,0.355144
SINMIO,-8.5875,-5.3266,3.2609,14.36406,-24.11,0.241023,0.657937
SIPHAA,-4.4364,-1.4023,3.0341,6.56096,-35.86,-0.145357,0.839867
SIPLEI,-14.6045,-10.9279,3.6766,8.30219,58.54,0.187673,0.355893
SIQMEL,-4.6899,-0.2876,4.4023,0.10005,82.11,-0.043334,0.280262
SIQNAK,-4.8418,-2.2355,2.6063,1.3963,116.03,-0.094282,0.732563
SIQNEO,-5.1502,-2.5267,2.6235,4.47019,83.61,-0.063578,0.929419
SIQZOH,-3.9484,-1.5453,2.4031,3.18121,-50.71,0.269586,1.044864
SIRMIP,-5.3767,-2.1774,3.1993,5.43628,69.51,-0.006259,0.78465
SISNAK,-8.5896,-5.1224,3.4672,8.60052,-31.89,0.169525,0.433507
SITFEG,-4.4669,-2.7823,1.6846,20.75516,-23.86,0.078333,1.21731
SIVQEU,-4.4279,-3.1744,1.2535,11.17237,-20.07,0.170187,1.383722
SIXMES,-7.4296,-4.9465,2.4831,7.78676,-22.83,0.196657,0.89986
SIXMOC,-7.2685,-4.3417,2.9268,4.41246,-36.69,0.199339,0.492518
SIXRAV,-4.3369,-2.154,2.1829,6.33895,-22.59,0.254869,1.890775
SIXZAA,-4.5793,-2.3526,2.2267,9.73841,16.14,-0.097809,1.046707
SIYHOA,-5.1858,-2.1207,3.0651,10.20871,-31.83,0.132643,0.946144
SIZMUL,-3.6974,-3.4577,0.2397,28.78331,-38.58,0.215777,2.065893
SOBXAI,-5.0066,-2.7582,2.2484,9.81535,111.43,0.036765,0.89578
SOCMEC,-8.9503,-5.9055,3.0448,2.51375,105.02,-0.000327,0.557914
SOFGOK,-5.1266,-2.0349,3.0917,10.64821,36.31,0.007273,0.668104
SOFWIU,-15.7783,-11.0429,4.7354,0,-53.18,0.334973,0.113162
SOGFAY,-4.5356,-1.8983,2.6373,8.05784,31.34,-0.120428,0.907445
SOGFEC,-7.6478,-4.368,3.2798,7.74355,56.07,-0.144153,0.688659
SOGPIO,-13.116,-9.3775,3.7385,5.00154,71.31,0.100984,0.399028
SOHJIJ,-3.2053,-1.1078,2.0975,15.37042,-36.16,0.144574,1.222923
SOHKAC,-4.2219,-3.2432,0.9787,13.15885,-47.19,0.163649,1.804285
SOHKEG,-3.3464,-1.4815,1.8649,20.8519,-37.74,0.194597,1.339741
SOMTIY,-7.3637,-4.4623,2.9014,7.5618,-54.09,0.212699,0.621953
SOPCAB,-5.6167,-3.9055,1.7112,6.4518,25.09,0.060176,1.557034
SOQLOZ,-4.3163,-1.2754,3.0409,3.79438,44.98,-0.051089,0.92251
SOQLUF,-4.6451,-1.8876,2.7575,5.6098,-51.3,0.15296,1.058312
SOSVAX,-4.7483,-2.5028,2.2455,5.07448,24.08,-0.02281,1.393807
SOTLET,-5.0833,-3.7145,1.3688,3.69473,-56.85,0.206221,1.639665
SOWKIY,-4.767,-1.6727,3.0943,4.24931,85.38,-0.093862,0.683591
SOXJUK,-1.4753,1.7317,3.207,11.15832,-21.16,0.123366,0.546168
SOZYEL,-5.2314,-2.5038,2.7276,6.72428,92.14,0.049114,1.030625
SUBGOO,-1.8785,-0.2219,1.6566,12.2066,-69.59,0.151266,0.76052
SUBJIL,-5.404,-3.1941,2.2099,6.24052,46.34,0.147866,1.403789
SUBQAK,-5.2472,-2.8931,2.3541,10.04574,-65.78,0.210168,0.826981
SUFBUS,-6.0887,-2.7939,3.2948,20.69839,-17.54,0.288637,0.665908
SUFDEC,-5.404,-2.2269,3.1771,9.37477,-69.89,0.160096,0.969201
SUJVAW,-6.9719,-4.2141,2.7578,5.94964,-31.52,0.189927,0.650753
SUKQUK,-2.5052,1.4148,3.92,10.30688,68.82,0.142572,0.498411
SUKWUQ,-8.7888,-5.0791,3.7097,3.11215,65.82,0.076258,0.526679
SUPKIY,-9.4317,-7.3205,2.1112,0.77092,-40.81,0.379744,0.757047
SUSGEV,-4.0754,-1.8152,2.2602,4.68213,3.42,-0.001817,1.584166
SUTQAB,-5.4885,-3.5683,1.9202,9.92972,-20.37,0.355709,1.101811
SUVREI,-5.3653,-2.0357,3.3296,3.23848,-38.81,0.092529,0.40283
SUXTEL,-7.723,-5.4371,2.2859,9.85421,28.81,-0.006934,1.057455
TABNEP,-5.7553,-1.8674,3.8879,5.90341,143.36,-0.004567,0.350707
TACNAN,-5.4356,-1.0791,4.3565,4.84032,165.33,-0.042461,0.315905
TACSAU,-4.211,-1.6301,2.5809,14.05188,-60.78,0.096273,0.91623
TADFEJ,-5.2824,-1.6906,3.5918,17.82652,-23.15,0.221933,0.441449
TADSUQ,-8.6438,-4.697,3.9468,2.95675,85.06,0.009123,0.367693
TAFTAV,-10.8944,-7.4231,3.4713,1.02354,-46.33,0.239949,0.41338
TAGFIR,-0.8551,0.363,1.2181,0,35.46,-0.000855,1.272818
TAGFUD,-0.9764,0.2605,1.2369,0.00205,32.83,-0.019889,1.377519
TAGLES10,-4.2711,-0.3996,3.8715,0.404,79,-0.147238,0.501245
TAGZUA,-4.6404,-3.0386,1.6018,15.81804,-14,0.149448,1.040758
TAHYOQ,-1.7288,1.4587,3.1875,1.86466,120.71,-0.025122,0.718029
TAJXUX,0.2886,3.9782,3.6896,4.0015,97.7,-0.169465,0.446852
TAJXUZ,-4.9067,-1.5675,3.3392,8.83419,144.35,-0.062277,0.653125
TAJYAG,-4.2534,-1.3908,2.8626,9.27486,123.35,-0.049115,0.848416
TAKDEQ,-1.9555,1.0707,3.0262,7.26286,-57.1,0.354933,0.381294
TAKZAH,-5.5557,-2.8998,2.6559,10.74439,-13.06,0.244913,0.556503
TALMEZ,-1.2912,0.5029,1.7941,11.27318,9.13,0.053359,1.412929
TALYIO,-5.4362,-1.7022,3.734,3.66835,139.6,0.05806,0.359271
TAMZAJ,-7.6887,-3.1396,4.5491,4.6389,103.75,-0.155421,0.332836
TANLEA,-4.8638,-3.0823,1.7815,3.47985,13.36,-0.094864,1.726185
TANLOK,-4.9612,-3.1116,1.8496,1.70844,-13.01,0.013737,1.603934
TANLUQ,-4.9074,-3.083,1.8244,2.48096,16.08,-0.082438,1.763903
TAPGUM,-4.7958,-1.8832,2.9126,14.49782,-39.36,0.130734,0.618796
TAPZUI,-7.8689,-5.1315,2.7374,5.78632,-42.45,0.201642,0.583399
TAQZEQ,-8.3318,-4.4999,3.8319,5.71834,121.66,0.080673,0.372054
TARWIU,-5.0738,-2.4241,2.6497,10.18679,27.22,0.019679,0.78758
TAVHOO,-2.2202,-0.0893,2.1309,4.29289,-16.17,0.355389,0.990356
TAVWAP,-7.8152,-4.6845,3.1307,7.62374,-48.85,0.235275,0.444323
TAWNEK,-5.1203,-0.9814,4.1389,5.61674,149.18,-0.077446,0.441424
TCDYNI,-4.0298,-1.6365,2.3933,0.82087,-22.53,0.054844,0.343372
TDTCCO,-5.3258,-1.9849,3.3409,0.33717,51.17,-0.088182,0.941565
TEANIN,-12.6592,-8.467,4.1922,0.04143,-47.73,0.146424,0.123959
TEBKIW,-0.812,1.0542,1.8662,9.97953,-40.25,0.231913,1.266968
TEBKOC,-1.2404,0.6687,1.9091,9.14316,-25.6,0.244895,1.353394
TEBLAP,-1.26,0.7482,2.0082,12.04915,-34.77,0.290299,1.263718
TEBRUP,-4.2275,-1.6456,2.5819,7.31491,-27.62,0.275402,1.030821
TEBVIH,-11.8651,-7.6861,4.179,0.00184,-37.31,0.284225,0.108438
TECFIR,-3.9496,-1.1683,2.7813,4.97587,-46.5,0.283373,0.480348
TECRAW,-2.8661,-1.7435,1.1226,0.1956,39.19,-0.06811,1.351331
TEHGAQ,-8.5928,-6.2291,2.3637,3.69364,-45.47,0.377915,0.791843
TEHYOV,-5.1446,-2.8493,2.2953,12.86514,-18.59,0.126909,0.774982
TEPCUM,-4.7338,-2.3918,2.342,2.00E-05,22.24,-0.133133,1.597518
TEQPUA,-1.2561,1.4569,2.713,5.0673,-46.16,0.205388,0.708317
TEQQAH,-1.9588,1.3032,3.262,2.94672,13.48,0.130348,0.567952
TETFON,-8.5256,-5.7406,2.785,9.86817,-27.14,0.078968,0.372031
TEVLAK,-4.1039,-2.3227,1.7812,7.53432,-52.15,0.270613,0.841018
TEVXIC,-13.1499,-9.6164,3.5335,9.38132,64.47,0.039545,0.452922
TEVXUQ,-3.9093,-1.6361,2.2732,2.13951,35.61,-0.031879,0.98777
TEVYAX,-4.2896,-1.66,2.6296,2.46892,48.14,-0.079814,0.825228
TEXLIS,-5.1742,-3.3557,1.8185,8.12025,-20.73,0.262485,1.448939
TEZKIS,-11.1407,-8.7023,2.4384,3.99881,25.37,-0.126784,0.989035
TGLYCR,-6.2738,-2.0602,4.2136,15.81422,-45.47,0.338656,0.36143
THETCO,-5.4476,-2.6679,2.7797,1.00E-05,-12.96,0.111083,0.489288
THOCCR,-5.0609,-1.2178,3.8431,8.41232,127.49,-0.036635,0.412017
TIBKOH,-4.8713,-1.7005,3.1708,4.14882,23.15,0.009864,0.70849
TICJEX,-11.7935,-9.1622,2.6313,2.86715,-32.87,0.28555,0.710174
TICMAW,-3.6232,-0.9957,2.6275,4.41521,-31.79,0.246154,0.841018
TIDCAL,-4.2497,-1.9782,2.2715,9.11633,-26.33,0.164951,1.053567
TIGBIV,-12.7113,-10.3181,2.3932,5.89117,-16.01,0.326631,0.461514
TIGGEW,5.2726,9.5176,4.245,1.00E-05,-52.76,0.223859,0.362421
TIKYOC,-3.945,-3.5489,0.3961,20.1844,-41.07,0.256792,2.033517
TILSUD,-13.0098,-10.5019,2.5079,0.00019,15.43,0.155272,0.725045
TINTUG,-5.4202,-3.0738,2.3464,6.42473,26.61,0.042435,1.066531
TIQZIE,-5.2755,-3.6379,1.6376,8.23539,1.43,0.326928,1.869562
TIRDUU,-11.2749,-7.7237,3.5512,2.04029,-56.58,0.261517,0.258296
TIRKAG,-3.9693,-1.0976,2.8717,2.0122,59.59,-0.186846,0.821789
TIRKOU,-4.6964,-1.2815,3.4149,11.29635,48.43,-0.079407,0.421905
TITRAQ,-4.8954,-2.805,2.0904,2.66583,-5.54,0.281213,1.185409
TIVNUJ,-8.7051,-6.3683,2.3368,7.51704,-11.73,0.158694,0.552875
TIVZIJ,-5.309,-2.7033,2.6057,10.48676,37.44,-0.001768,0.784351
TIZJES,-3.8798,-2.2582,1.6216,22.01262,-65.83,0.142336,0.857089
TOBBAP,-4.363,-1.3352,3.0278,3.14496,42.82,-0.09122,0.533591
TOBWEO,-5.7223,-2.8225,2.8998,8.44069,-34.36,0.1724,0.839086
TOCSOV,-1.1446,1.0961,2.2407,0.28766,-21.69,0.266761,1.033302
TODDUL,-0.0241,3.8217,3.8458,1.00E-05,73.48,-0.019658,0.427177
TOHNEJ,-4.9219,-1.3062,3.6157,7.00219,114.05,0.021596,0.472954
TOKRAN,-4.5139,-0.486,4.0279,11.04212,-67.4,0.206893,0.26849
TOLBEB,-1.6312,0.6114,2.2426,4.7327,25.73,-0.139968,1.642133
TOLMEO,-3.9149,-2.4592,1.4557,24.75046,-45.95,0.322616,0.751563
TOLTET,-9.1343,-6.1139,3.0204,1.00E-05,43.33,-0.108355,0.948325
TOLZOK,-4.6731,-2.5208,2.1523,2.195,11.77,0.044722,1.383643
TOLZUQ,-4.8563,-2.5011,2.3552,7.93715,-25.77,0.147947,1.116549
TOPJEO,-10.8158,-8.5444,2.2714,5.83375,-57.73,0.211543,0.762241
TOPJUF,-4.0944,-2.4301,1.6643,13.89797,-51.65,0.19032,0.847236
TOPKAM,-4.5149,-2.8417,1.6732,18.89886,-56.86,0.260324,0.843219
TOTGOY,-5.429,-2.3073,3.1217,9.52118,-33.05,0.160719,0.398211
TOWCEN,-4.9024,-3.0359,1.8665,15.27705,-23.71,0.200791,0.756448
TOWFAM,-5.0702,-1.5177,3.5525,6.73298,134.86,0.016542,0.395612
TRENCM,-8.5001,-4.662,3.8381,11.33807,-54.34,0.32295,0.214261
TUDGII,-12.4414,-9.0094,3.432,5.502,-43,0.092508,0.192496
TUDJEH,-5.1183,-3.4925,1.6258,12.74367,-27.36,0.254781,1.092089
TUDJIL,-2.5315,1.5843,4.1158,1.00E-05,-21.54,0.308844,0.272262
TUJWIE,-7.8055,-5.1912,2.6143,7.58343,24.99,-0.085698,0.713692
TUKGUB,-4.7297,-2.6518,2.0779,6.27822,-16.49,0.028372,0.895718
TUMYUV,-4.541,-1.3259,3.2151,6.90568,-36.42,-0.06525,0.97747
TUPMAV,-4.8285,-1.9739,2.8546,3.14885,40.92,-0.012726,0.941948
TUSBOZ,-5.2125,-2.6834,2.5291,7.33976,-59.08,0.274481,0.756433
TUTJOH,-1.0478,2.1899,3.2377,10.84448,119.33,-0.051155,0.660072
TUTKEA,-8.4895,-5.8717,2.6178,7.2732,-38.86,0.139347,0.704956
TUTMAW,-5.4673,-2.033,3.4343,12.39183,-38.71,0.103294,0.394191
TUTMUS,-7.4643,-4.2463,3.218,6.07202,47.07,-0.09429,1.156158
TUTPAB,-4.9345,-1.3669,3.5676,4.51481,58.4,-0.067026,0.551809
UBEVOP,-4.6061,-2.3738,2.2323,3.42561,59.21,0.045404,1.186578
UBEXOQ,-10.5372,-8.1614,2.3758,0.01975,-50.35,0.243184,0.949362
UBICEP,-11.5011,-9.5337,1.9674,4.62878,54.18,0.050621,0.820204
UBODUK,-3.5319,-2.2737,1.2582,4.00753,-53.98,0.290134,1.437634
UBOFOG,-5.178,-2.8643,2.3137,4.24885,-53.09,0.349754,1.461314
UBOMEG,-4.0895,-1.6056,2.4839,15.55182,-37.69,0.087162,1.0074
UBUBAU,-5.4766,-3.4444,2.0322,13.56305,-14.35,0.324781,0.836783
UCECEL,-0.6539,0.8096,1.4635,6.35849,13.02,0.035383,1.406851
UCISAA,-5.3793,-1.8615,3.5178,0,-41.65,0.146102,0.359733
UCIVOT,-0.3237,1.9625,2.2862,1.35076,-37.02,0.446278,1.056802
UCIVUZ,-0.2438,2.0604,2.3042,1.47166,-39.81,0.446891,1.062268
UCIWOS,-5.7389,-3.6695,2.0694,12.65508,88.91,0.046327,0.783977
UCOJIF,-4.6797,-2.319,2.3607,2.27252,-6.59,0.170308,0.558597
UCOMEE,-21.3991,-16.7689,4.6302,0.29784,-23.42,0.615546,0.139684
UDUGUY,-4.1122,-1.2434,2.8688,3.10806,-58.91,0.169965,0.417704
UDUMEL,-7.181,-4.9326,2.2484,8.89466,-20.53,0.169103,1.313909
UDURUJ,-4.5587,-1.0186,3.5401,1.45268,-62.98,0.18971,0.435967
UDUSAQ,-4.3898,-0.8664,3.5234,1.0801,-64.7,0.179214,0.490553
UFAWOO,-5.9558,-1.7342,4.2216,16.10796,-22.25,0.261987,0.336749
UFOYOF,-1.9711,1.1171,3.0882,11.69196,-31.78,0.057916,0.891161
UFUVUP,-8.9096,-5.8099,3.0997,9.25439,-42.27,0.156011,0.622256
UGEKAT,-7.9552,-5.7961,2.1591,1.72836,-59.59,0.27693,0.841127
UGINOP,-4.4161,-2.1772,2.2389,9.45691,-59.2,0.223366,1.048113
UGODAW,-4.3981,-2.0812,2.3169,9.88546,30.71,-0.109188,1.028607
UGOLOT,-11.4167,-8.8674,2.5493,7.15641,34.49,0.173162,1.035986
UGUNUF,-5.8186,-2.1197,3.6989,1.91301,-44.28,0.076868,0.637648
UHEHAQ,-5.4609,-3.5152,1.9457,7.3949,-13.02,0.321193,1.198934
UHEPED,-11.3913,-8.5597,2.8316,2.64436,-58.28,0.272444,0.773395
UHIBAP,-5.0319,-2.7162,2.3157,7.00609,49.31,0.179443,1.214162
UHIZAM,-5.7769,-2.4862,3.2907,9.31106,-39.34,0.147597,0.457291
UHOXOE,-8.9063,-5.9699,2.9364,2.94851,-31.31,0.302956,0.583204
UJOLEK,-5.8496,-2.7451,3.1045,4.76346,52.49,0.058639,1.150336
UJUPAR,-8.6333,-5.2406,3.3927,6.57606,-25.08,0.173417,0.551055
UJUPOF,-7.7496,-5.4645,2.2851,4.64186,-43.62,0.215244,1.193279
UJUSOI,-4.6557,-2.3275,2.3282,9.93685,-27.59,0.112886,1.026015
ULANIF,-5.7822,-2.0104,3.7718,3.60974,137.34,0.048223,0.343488
ULAYUC,-9.7782,-5.5138,4.2644,0.21643,-42.59,0.275634,0.219885
ULEVIQ,-1.3651,0.776,2.1411,6.41157,3.81,0.07441,1.140494
ULITUH,-4.491,-3.4658,1.0252,6.13886,-36.57,0.203719,2.006537
ULONEP,-18.8878,-14.4583,4.4295,3.16963,64.71,0.20938,0.256397
ULOVEY,-4.3575,-2.2064,2.1511,8.22962,-52.94,0.148092,1.188599
ULOVUO,-4.9225,-2.6049,2.3176,10.13795,-35.18,0.14357,0.941031
ULOXUQ,-4.9335,-2.3729,2.5606,10.26166,-73.46,0.164357,0.800474
UMIPIP,-11.026,-7.4205,3.6055,8.03192,-46.22,0.298604,0.610547
UMIZUL,-4.9637,-2.1381,2.8256,8.10912,-13.19,0.140241,0.767912
UMUBAF,-8.4533,-5.637,2.8163,3.80203,35.08,-0.059926,0.842159
UMUJUK,-5.1975,-3.1149,2.0826,9.302,-17.3,0.034995,0.967238
UNEHIG,-6.9684,-4.8324,2.136,6.2306,-46.41,0.118723,1.190527
UNEREL,-4.2194,-0.3742,3.8452,1.13858,-67.13,0.070281,0.339188
UNILIN,-4.7206,-1.6259,3.0947,1.00E-05,32.96,-0.109942,0.618475
UNOFEJ,-5.1795,-1.9592,3.2203,0.99623,52.47,-0.121708,0.84086
UNOJIR,-4.7238,-1.8411,2.8827,1.00E-05,29.91,0.028715,0.740902
UNONOB,-4.3135,-2.3256,1.9879,5.37261,-63.1,0.263124,0.678171
UPIDIH,-8.4909,-4.5025,3.9884,5.70027,49.04,0.012364,0.310107
UPIFUV,-4.932,-3.4386,1.4934,10.0319,-33.42,0.242692,1.732486
UPIMAI,-4.2019,-1.9217,2.2802,7.66032,-39.81,0.183491,1.060053
UQAREK,-5.7474,-2.5479,3.1995,0,16.8,0.164344,0.626009
URIRUL,-5.0441,-2.4105,2.6336,1.00E-05,26.77,-0.138378,1.456788
URUKIC,-4.943,-0.7591,4.1839,5.363,58.81,-0.074325,0.353943
URUKUO,-5.0136,-1.2672,3.7464,2.94462,40.77,-0.001551,0.502502
USORUS,-7.5237,-4.8914,2.6323,10.93003,-41.79,0.102187,0.932101
UTASAM,1.9054,3.4043,1.4989,0.99899,-56.58,0.268119,1.505075
UTEMIR,-5.2076,-2.0194,3.1882,11.89602,38.93,-0.118736,0.582564
UTEMOX,-5.0306,-2.2416,2.789,11.77266,35.29,-0.120344,0.749471
UTODAK,-4.9116,-0.7356,4.176,6.77024,107.22,-0.013803,0.346642
UWIFOW,-8.8776,-5.0746,3.803,6.74616,-39.45,0.157933,0.187939
UWIPEW,-5.0137,-2.5685,2.4452,4.14274,-32.21,0.158277,0.775156
UWIPOG,-4.656,-2.0618,2.5942,5.20257,-24.56,0.139506,0.84853
UWUYER,-4.0553,-1.7122,2.3431,5.06048,-21.84,0.322298,1.445282
UXOBEQ,-5.8446,-2.8004,3.0442,1.61546,-38.54,0.195441,0.540179
UXOHAS02,-5.0391,-2.6389,2.4002,3.22879,-37.46,0.225669,0.858145
UYAHOS,-4.0611,-2.2634,1.7977,5.93625,-38.7,0.179031,1.301889
UYAKAI,-6.0864,-2.6654,3.421,11.03426,-21.42,0.343337,0.567481
UYIFUF02,-4.6285,-2.2111,2.4174,7.71031,-17.36,0.108498,0.748778
UZEVUR,-7.7957,-5.1716,2.6241,8.27106,-48.33,0.267182,1.045214
UZEXON,-3.4449,-0.7816,2.6633,3.87418,-18.86,0.024223,1.060762
UZEXUT,-4.3841,-1.6087,2.7754,1.5348,-25.29,0.067015,0.781555
UZEYEE,-5.0876,-1.7997,3.2879,2.88436,36.94,-0.017741,0.755632
VABFIQ,-5.1491,-2.6446,2.5045,22.62441,-43.77,0.326033,1.039683
VABKUE,-12.0233,-9.0706,2.9527,7.42384,68.98,0.048323,0.440708
VABTOH,-4.0616,-1.2768,2.7848,9.06323,-59.72,0.072782,0.499724
VADBOR,-4.8013,-0.6095,4.1918,3.87947,140.93,-0.008382,0.334272
VADLUH,-5.1289,-1.7698,3.3591,0.19034,50.91,-0.046273,0.545414
VAFDIR,-4.6025,-3.0124,1.5901,9.26921,-19.7,0.284427,0.867729
VAFHAM,-5.8955,-2.1213,3.7742,10.47987,58.47,-0.115017,0.569537
VAGCAH,-8.3451,-6.8037,1.5414,7.36792,-51.01,0.342351,1.332383
VAHGES,-6.9222,-4.737,2.1852,6.12222,-35.94,0.209547,1.100013
VAHGOC,-8.0338,-5.0738,2.96,7.88759,-15.24,0.141762,0.718244
VAKYOX,-10.8437,-8.6057,2.238,3.36688,-36.13,0.277041,1.374065
VAMNAY,-4.3499,-1.1142,3.2357,1.07713,-65.09,0.272924,0.561824
VAPCAR,-4.8813,-2.6713,2.21,10.59779,-22.1,0.164411,0.961291
VAPFEY,-4.8941,-2.6238,2.2703,10.50841,-21.02,0.162035,0.869397
VAQFAU,-3.6132,-2.1629,1.4503,2.00E-05,-61.72,0.153375,1.170154
VARVIU,-17.5931,-13.5669,4.0262,2.38974,69.89,0.105588,0.382762
VAVDOM,-8.2957,-4.951,3.3447,8.91889,-60.82,0.265461,0.401174
VAWNIQ,-5.3978,-2.9524,2.4454,5.04329,-58.59,0.351941,0.807848
VAYWEY,-4.7508,-0.0531,4.6977,13.51751,-82.89,0.258966,0.215852
VEBKAQ,-5.1714,-2.2507,2.9207,9.35212,-31,0.109858,0.829395
VECTUU,-5.407,-2.7477,2.6593,9.98192,-30.2,0.11416,0.80307
VEDXOS,-4.683,-1.8256,2.8574,10.30728,-23.92,0.144374,0.738432
VEGCEQ,-8.9916,-6.2567,2.7349,4.65342,34.42,0.197663,0.629269
VEHDOC,-4.8059,-2.3188,2.4871,5.45659,23.72,-0.078353,0.949542
VEKNAA,-1.3564,1.4653,2.8217,4.18128,-45.55,0.085533,0.649133
VEKNEE,-1.7451,1.0397,2.7848,4.50147,-22.73,0.059143,0.601837
VEKNOO,0.7471,3.3026,2.5555,6.3117,-5.17,0.07214,1.131971
VEKNUU,-5.577,-3.6991,1.8779,0.29733,-8.03,0.194714,0.903784
VEMYOB,-7.0775,-4.21,2.8675,8.46643,-48.08,0.344188,0.38286
VENGUS,-5.1247,-3.2902,1.8345,11.09532,-17.45,0.396873,1.230677
VENJOO,-5.4669,-2.9097,2.5572,10.36191,-27.76,0.178617,0.842677
VENTAL,-4.3513,-2.5205,1.8308,5.28265,-14.3,0.176101,1.115501
VESZUP,-4.6912,-1.5641,3.1271,0.85157,49.95,-0.151622,1.260046
VEVWEY,-1.4647,1.7607,3.2254,3.94995,-64.07,0.249354,0.466887
VEWDIN,-5.1489,-3.0755,2.0734,8.43284,22.55,0.071758,1.209016
VEWKIU,-5.7835,-2.5415,3.242,9.40914,-37.48,0.151946,0.484118
VEWQUK,-5.1269,-3.3309,1.796,6.70375,-10.66,0.24288,1.607133
VEWVEZ,-4.3245,-2.6561,1.6684,34.21498,-23.11,0.136096,1.493988
VEXLIU,-4.841,-2.3981,2.4429,5.47041,29.93,0.1457,1.088
VEXWON,-9.6322,-6.6211,3.0111,0,-31.9,0.392074,0.587391
VEXXIH,-5.6234,-3.0131,2.6103,10.02479,-39.47,0.126532,0.747042
VEYTAW,-0.7723,2.7151,3.4874,0.2753,-71.94,0.237216,0.474117
VEYTAX,-4.9101,-1.9132,2.9969,7.68688,20.67,0.053178,0.600543
VEYTEB,-4.8401,-1.8341,3.006,6.79491,29.75,-0.004934,0.705877
VEYWOO,-4.1708,-2.3601,1.8107,9.96814,-38.4,0.141595,1.434941
VEYXOP,-3.4551,-1.1291,2.326,4.29916,-30.03,-0.055901,1.1351
VIBPOM,-8.2817,-4.6885,3.5932,1.01594,45.98,-0.096517,0.609582
VIBRIK,-4.6749,-1.8073,2.8676,9.20669,-52.83,0.17961,0.515111
VIBWUZ,-4.7037,-2.1415,2.5622,2.82487,23.84,-0.083356,1.12939
VIDMIH,-8.3151,-4.8959,3.4192,6.25548,85.19,0.060027,0.509374
VIFKED,-5.0494,-3.3247,1.7247,10.11322,6.23,0.110634,1.777051
VIFWUD,-3.9599,-2.2048,1.7551,13.84276,-51.49,0.162024,0.583165
VIGLOP,-4.5047,-2.1704,2.3343,11.28884,38.51,-0.057257,0.990155
VIHXAN,-12.5469,-8.8903,3.6566,4.93547,-42.05,0.211746,0.160445
VIJQUB,-5.8994,-3.6076,2.2918,15.39343,-17.34,0.360464,0.571707
VIJVIT,3.8031,6.5255,2.7224,0,24.03,-0.215863,0.823347
VILRIT,-6.3221,-3.5895,2.7326,0.90177,-34.12,0.319833,0.836568
VILVIX,1.2799,3.7092,2.4293,0.80372,-17.42,-0.005098,1.50319
VISVEA,-4.6022,-2.6669,1.9353,6.31997,-51.68,0.247367,1.280358
VIVGIQ,-5.2454,-2.8473,2.3981,7.21392,46.49,-0.032118,1.312673
VIWQEX,-2.1128,0.325,2.4378,2.763,20.37,0.096595,0.846043
VOBCEV,3.324,4.7558,1.4318,3.56823,-47.03,0.353173,1.985059
VOBYEQ,-2.2182,-0.4171,1.8011,3.64773,-16.53,0.305986,0.754903
VOCBAQ,1.5902,3.9416,2.3514,3.21155,-23.27,0.254706,0.706047
VOCTIQ,-3.8222,-1.5073,2.3149,3.04442,-16.65,0.291524,0.652716
VOGGOO,-4.724,-0.9295,3.7945,2.95653,43.65,-0.06668,0.428905
VOGHIJ,-4.8985,-1.0421,3.8564,0.75936,61.79,0.023455,0.402759
VOGYOG,-5.7497,-3.1707,2.579,8.86688,-39.99,0.214652,0.67425
VOGYUM,-1.9576,-0.1119,1.8457,15.1079,-38.72,0.153751,1.035674
VOPCIM,-4.9224,-1.939,2.9834,2.63978,22.81,0.11292,0.732611
VOPPAR,-6.5133,-4.6674,1.8459,0.03861,-22.47,0.432079,0.656696
VOPPEV,-6.5578,-4.6767,1.8811,0.26279,-22.12,0.417721,0.685239
VOVDIT,-4.1848,-2.2015,1.9833,10.17293,-37.91,0.249959,1.137075
VOWRAA,-1.2783,1.9327,3.211,2.27876,131.67,-0.035739,0.561416
VOYFIA,-4.749,-2.7516,1.9974,5.53247,-1.92,0.239379,1.318038
VOYJEY,-4.7336,-0.3973,4.3363,16.61384,171.67,-0.050051,0.372023
VUCFAA,-6.2202,-2.5659,3.6543,3.14398,137.44,0.020204,0.410674
VUCPIU,-4.9536,-2.3352,2.6184,8.10455,-26.57,0.220696,0.676716
VUCYAV,-8.8617,-5.6069,3.2548,7.01137,-24.79,0.190242,0.381045
VUDCEF,-8.0589,-4.4922,3.5667,1.60841,46.06,-0.008446,0.599922
VUDDON,-4.3069,-1.946,2.3609,1.83551,21.86,-0.15596,0.978079
VUDXOH,-4.3691,-0.7784,3.5907,0.08585,41.89,-0.155843,0.50898
VUJLOC,-4.091,-1.39,2.701,2.25752,56.46,-0.119679,0.687886
VUJMAP,-4.6491,-2.1055,2.5436,1.50755,94.46,-0.081015,0.719415
VUJPIZ,-4.2563,-1.5089,2.7474,5.4973,40.89,-0.198533,1.095567
VULMOE,-5.0092,-1.2899,3.7193,4.2883,-76.37,0.228358,0.381691
VUMCIP,-5.1774,-2.2464,2.931,0,17.42,-0.001057,0.745352
VUMFOA01,-4.4747,-2.4481,2.0266,12.00083,-52.54,0.171252,1.198745
VUMSUT,-5.9107,-3.344,2.5667,7.8035,-61.55,0.287942,0.659952
VUTSUY,-5.1179,-2.8699,2.248,3.31478,-22.82,0.07867,1.042034
VUTTAH,-3.9824,-1.6974,2.285,0.95874,15.33,0.150975,1.52342
WABGOW,-3.5271,-2.7976,0.7295,1.73826,31.22,-0.059616,1.682565
WABMOB,-4.6873,-3.1637,1.5236,8.95677,-60.7,0.247083,1.038295
WABZAC,-4.3348,-2.0641,2.2707,2.99895,36.19,-0.131194,0.855091
WACDAF,-5.0247,-3.5178,1.5069,2.97508,-36.56,0.351061,1.385396
WAFBUA,3.5972,6.16,2.5628,2.00E-05,-65.19,0.143021,1.021981
WAFWEJ,-3.2686,-2.8419,0.4267,14.43808,-50.66,0.223551,2.124279
WAFZUA,-5.0395,-2.4186,2.6209,5.26194,-18.93,0.266164,0.712733
WAGHET,-5.69,-2.9449,2.7451,8.3951,-21.24,0.240782,0.726016
WAHQEE,-5.1681,-2.9137,2.2544,11.56481,-29.29,0.157272,1.266019
WAJGUL,-1.0651,0.21,1.2751,2.33611,-44.14,0.207296,1.567304
WALJOL,-4.2968,-0.1179,4.1789,4.10424,75.63,-0.219616,0.465154
WALJUR,-4.3321,-1.8097,2.5224,5.82001,58.37,-0.181572,0.878306
WAMLEC,-5.4227,-1.5775,3.8452,0,-51.01,0.325058,0.398366
WAMYAL,-5.0304,-3.1446,1.8858,14.3404,-8.22,0.176902,1.00279
WAQVIT,-4.9842,-2.3098,2.6744,18.00591,41.34,-0.185768,1.029646
WASDOM,-3.8727,-0.0688,3.8039,0.16941,-47.33,0.195943,0.228683
WATSUF,-4.1358,-1.9011,2.2347,1.06164,51.97,0.110889,1.2751
WAVTOF,-5.2623,-1.1804,4.0819,5.93527,73.35,-0.148764,0.388886
WAVVEX,-3.9154,-0.6864,3.229,2.34614,50.18,-0.161929,0.765644
WAVWEY,-4.0503,-1.3504,2.6999,2.18266,85.85,-0.12582,0.933329
WAWSEU,-6.4497,-2.2154,4.2343,4.17467,130.08,0.055615,0.293619
WAXJIQ,-4.7738,-2.6529,2.1209,19.74532,-52.31,0.304613,0.668018
WAZWEC,-4.5998,-1.9555,2.6443,6.72653,86.03,-0.095726,1.209595
WEFCIT,-5.0009,-1.9477,3.0532,11.55861,-67.61,0.188317,0.724944
WEFCOZ,-4.5251,-1.9481,2.577,16.07104,-75.88,0.241547,0.795924
WEHFOE,-4.4286,-1.7641,2.6645,2.69067,21.46,0.004338,0.703793
WEHWAI,-0.1996,2.1686,2.3682,18.12658,-57.65,0.134688,1.079007
WEHZER,-4.0303,-1.6437,2.3866,6.66379,-23.45,0.145184,0.737217
WEJKOL,-4.3199,-1.4156,2.9043,6.51084,30.93,0.07668,0.581522
WELKED,-5.7691,-2.0914,3.6777,6.1498,98.18,-0.07642,0.427276
WELPIM,-8.1665,-4.9158,3.2507,8.20744,82.67,-0.185903,0.549728
WELREL,-4.3895,-2.2917,2.0978,7.55304,-27.45,0.043072,0.91426
WEMNIM,-10.1144,-6.4692,3.6452,0.19874,53.83,0.115238,0.416221
WEMVUH,-4.1516,-0.626,3.5256,5.54521,94.64,-0.146195,0.631305
WEMWAO,-4.1578,-1.3254,2.8324,2.55652,66.45,-0.077683,0.85926
WEPVOC,-4.0274,0.3089,4.3363,1.5444,69.56,-0.126556,0.262334
WERHUZ,-4.8919,-3.3254,1.5665,13.03034,-49.34,0.190543,0.91331
WERKIN,4.9148,8.9433,4.0285,1.00E-05,88.31,0.022878,0.741164
WEXYIH,-4.7557,-3.4682,1.2875,14.48002,-49.1,0.207276,0.817827
WIBLUO,-5.4643,-1.2542,4.2101,7.90153,125.15,-0.044518,0.308438
WIFSEJ,-4.9028,-2.5132,2.3896,1.00E-05,-42.41,0.244701,0.677853
WIGMAA,-4.4327,-1.6254,2.8073,14.19671,-23.84,0.217515,0.612826
WIGXUI,-4.8746,-2.8816,1.993,13.91156,-21.98,0.134119,0.994778
WIHFEB,-12.081,-9.7407,2.3403,6.61636,35.87,0.174011,1.591815
WIJLUZ,-5.3336,-2.1399,3.1937,11.68964,55.93,-0.108487,0.570786
WIMNIR,-5.3569,-2.5231,2.8338,15.89644,-42.39,0.151264,0.801926
WISHUE,-5.1955,-3.3088,1.8867,7.06906,-22.54,0.324831,1.294571
WITBEJ,-3.9167,-1.985,1.9317,12.55219,-31.27,0.132774,1.27841
WITBOT,-4.3284,-2.1273,2.2011,13.11689,-49.44,0.157521,0.709904
WIVDUB,-4.8394,-2.8532,1.9862,8.3442,-50.36,0.344714,0.659013
WIVQIC,-4.7547,-2.175,2.5797,2.34763,-8.53,0.197658,0.709105
WIVQOI,-4.724,-2.3023,2.4217,2.2509,-22.78,0.169047,0.608048
WIWJOD,-4.8387,-1.3548,3.4839,17.15099,-31.31,0.18166,0.511081
WIYCUF,-4.7572,-1.4717,3.2855,7.50761,59.7,-0.216382,0.636622
WIYSII,-5.5,-3.3359,2.1641,6.3442,-27.02,0.392208,0.950694
WOBXER,-8.2678,-6.3052,1.9626,7.11671,-15.77,0.390721,1.056144
WOFREP,-4.8774,-1.9165,2.9609,7.11017,-19.51,0.162643,0.564429
WOGMEL,-11.1865,-7.1623,4.0242,7.99264,69.14,0.004493,0.67534
WOJLUC,-10.2571,-8.0481,2.209,0.11777,-38.06,0.205545,1.228879
WOKCEE,-1.8828,-0.751,1.1318,0.32932,39.79,-0.086244,1.233816
WOKYOL,-3.4451,-1.6753,1.7698,4.62005,12.48,-0.163045,1.122722
WOPGIS,-1.3911,0.8043,2.1954,6.31718,-51.74,0.152467,0.969716
WOTRUU,-5.2104,-3.7564,1.454,11.88812,-62.94,0.216483,1.016449
WOVMAY,0.6932,3.4694,2.7762,0.08212,75.85,-0.0577,0.781126
WOWTOR,-14.0145,-10.3726,3.6419,0,33.1,0.154791,0.268049
WOZHUQ,-4.813,-1.2673,3.5457,5.6599,45.18,-0.058275,1.130102
WUBGEI,-5.7009,-3.5437,2.1572,13.66482,54.75,0.160256,1.044566
WUFFAF,-4.9997,-2.7882,2.2115,8.78996,-52.56,0.224639,0.598601
WUFVIC,-5.2747,-1.8122,3.4625,3.82739,-19.11,0.258057,0.465409
WUFVOI,-4.7816,-1.4978,3.2838,3.66699,-19.78,0.250098,0.55255
WUGCAD,-4.2346,-1.6371,2.5975,2.45731,-56,0.288325,0.986781
WUGCIL,-3.9117,-2.294,1.6177,6.9978,-62.08,0.268884,1.199632
WUKDOV,-8.622,-5.6473,2.9747,1.21802,-35.36,0.369911,0.636476
WULSEB,-7.4536,-5.0681,2.3855,8.01485,-25.09,0.149865,0.975369
WULSIF,-7.6569,-5.0493,2.6076,8.72138,-45.88,0.188097,0.501796
WUMPOL,-4.503,-1.7794,2.7236,6.04663,-32.78,0.114407,0.650727
WUNCAK,-4.2178,-1.5934,2.6244,10.26868,-68.36,0.132246,0.516175
WUNCEO,-7.7773,-4.6278,3.1495,12.3691,-74.57,0.170558,0.361297
WUPWOU,-11.4877,-9.0458,2.4419,2.55851,-17.19,0.203832,1.064311
WURXOZ,1.6843,6.3928,4.7085,0.12281,-77.92,0.092479,0.138326
WUSFEX,-4.3366,-1.9947,2.3419,6.06619,-41.95,0.15073,1.095017
WUTDAQ,-4.5501,-1.5528,2.9973,3.3941,64.06,-0.109487,0.926221
WUTDEW,-10.3519,-7.8421,2.5098,0.76982,-48.04,0.299359,0.342529
WUXVOA,-5.083,-3.1498,1.9332,3.7105,-6.15,0.192792,1.260496
WUYFIH,5.6855,7.5851,1.8996,0,6.63,0.10572,1.399819
XABHIV,-10.4887,-4.8613,5.6274,1.07049,166.1,-0.060244,0.128818
XADCIP,-4.6633,-2.9362,1.7271,3.63732,11.03,-0.148101,1.753512
XADCOV,-5.2631,-2.5409,2.7222,4.91017,-32.38,0.164868,1.04938
XADMAR,-8.5758,-4.7037,3.8721,5.72125,-43.57,0.136723,0.180339
XAGLAU,-7.1172,-3.7697,3.3475,12.21931,-55.08,0.275912,0.582402
XAHLEY,-4.8535,-2.1503,2.7032,11.46166,-54.68,0.171941,0.633648
XAHLOI,-4.6302,-3.1406,1.4896,15.52682,-49.37,0.252053,0.930082
XAJWOU,-5.1349,-1.7913,3.3436,8.85232,41.55,-0.115019,0.642743
XAKHOI,3.1586,5.8625,2.7039,2.48328,-30.95,0.108956,0.715374
XAKPUU,-22.9965,-17.9912,5.0053,6.87692,73.49,0.2418,0.163942
XARGON,-5.6752,-3.0098,2.6654,9.48412,-39.42,0.152904,0.806264
XAWJUB,-5.8194,-4.3843,1.4351,10.91121,38.65,0.026377,1.064971
XAWVEX,-5.7606,-2.734,3.0266,1.00E-05,23.16,-0.004993,1.032831
XAXYEC,-4.9787,-1.8527,3.126,7.72981,103.19,-0.063739,0.47025
XEFXEM,-3.6678,-0.8734,2.7944,1.17394,70.6,0.050968,0.67758
XEFYAJ,-8.0421,-5.8866,2.1555,1.48703,25.57,0.173789,0.9069
XEGPEF,-5.2141,-2.6383,2.5758,16.39203,45.3,-0.055953,0.913599
XEHSOV,-4.7386,-2.696,2.0426,6.61675,35.49,0.167272,1.030062
XEHYER,-5.2587,-1.4968,3.7619,14.36315,-51.64,0.242722,0.444647
XEKKUT,-3.7274,-2.1459,1.5815,4.71586,20.92,-0.031297,0.95843
XELNAD,-7.6632,-5.1976,2.4656,4.42878,-42.51,0.320533,0.472166
XEMSAK,-3.4861,-0.8834,2.6027,0.98448,-56.12,0.08692,0.481778
XENBIE,-13.3907,-8.3622,5.0285,5.00E-05,-53.54,0.265407,0.112605
XENPAI,-8.0326,-5.8441,2.1885,6.79008,55.2,0.071368,1.050968
XESMUG,2.3777,5.8423,3.4646,0,130.22,-0.042031,0.409245
XETGUY,-1.724,0.8174,2.5414,5.59322,-21.35,0.232949,0.876367
XEVKIU,-11.3468,-8.7729,2.5739,3.09436,-13.33,0.242594,0.779253
XEVMAN,-8.0386,-3.8984,4.1402,3.95671,91.1,-0.10339,0.323593
XEYZEH,-12.4184,-9.2252,3.1932,0,-29.28,0.18348,0.155159
XEZMEU,-4.2522,-2.7473,1.5049,3.28584,-23.58,0.211218,1.486611
XEZNUM,-4.7171,-2.1615,2.5556,8.15465,-64.32,0.244524,0.52624
XEZTEE,-3.938,-0.6901,3.2479,18.09273,-58.93,0.186342,0.420188
XEZWOQ,-5.0635,-2.3153,2.7482,8.8831,-27.12,0.198158,0.919552
XEZZUX,-8.6091,-6.3547,2.2544,2.82913,38.51,0.141904,1.150047
XIBBAL,-8.9652,-6.5999,2.3653,3.45641,52.9,0.147036,1.08273
XIBNUS,-4.96,-1.8799,3.0801,1.00E-05,33.17,0.069353,0.823192
XIDNON,-4.2727,-1.638,2.6347,1.45588,-59.99,0.179425,0.466929
XIFPAD,-5.2923,-3.222,2.0703,0.03387,16.72,-0.010188,1.136774
XIHVIT,1.3178,5.9926,4.6748,0,136.86,-0.022544,0.212898
XILJEH,-3.0459,-0.9161,2.1298,1.47439,-33.85,0.159998,0.704641
XILTIV,-4.0291,-0.2455,3.7836,2.5165,96.81,-0.159165,0.498427
XIMHAD,-4.6972,-2.6103,2.0869,11.26626,-58.23,0.25555,0.950048
XIMROB,-4.7462,-2.5904,2.1558,9.07338,-29.29,0.111518,0.952042
XIMSAO,2.9491,5.1067,2.1576,0.17304,-63.42,0.057009,1.161661
XIMYUO,-5.4363,-3.842,1.5943,9.13276,-25.58,0.120861,1.655686
XITQEX,-4.7281,-1.4006,3.3275,0,30.68,-0.009782,0.681743
XITQIB,-4.4091,-1.2377,3.1714,0,30.24,-0.0131,0.698246
XIVKOD,-8.9062,-5.4562,3.45,7.30766,-28.19,0.180966,0.545172
XIWBEK,-8.4274,-5.5875,2.8399,17.93762,-22.17,0.323729,0.448484
XIXTAA,-5.1761,-3.3143,1.8618,2.25818,-19.74,0.016182,1.031417
XIXTEE,-4.9226,-1.7763,3.1463,7.51723,48.05,-0.100499,0.617727
XIXTII,-5.6445,-3.4811,2.1634,1.16986,-20.23,0.088433,0.702157
XIYMEY,-14.6639,-11.2293,3.4346,0,-22.02,0.365192,0.275568
XIYPAY,2.0995,5.0037,2.9042,1.00E-05,-48.96,0.199121,0.420162
XOBBIZ,-4.2619,-3.1554,1.1065,9.46923,-56.03,0.274917,1.356126
XOCJAB,-5.3743,-1.586,3.7883,2.85748,45.94,-0.040198,0.385334
XOCJUV,-4.2657,-0.8828,3.3829,2.79637,48.34,-0.129744,0.539587
XOCNUY,-4.4304,-1.2535,3.1769,3.68859,116,-0.114054,0.985982
XOFDUR,-8.5328,-6.4742,2.0586,7.90331,-17.55,0.352978,0.924113
XOGXAS,-5.1883,-2.5223,2.666,12.18905,-6.75,0.221577,0.538624
XOMCOS,-4.3014,-2.2873,2.0141,8.77439,-33.83,0.101335,1.153435
XONCEJ,-4.1878,-1.6412,2.5466,8.45334,-34.71,-0.116071,0.81181
XOPSEB,-8.9566,-4.6041,4.3525,10.23567,73.84,0.061114,0.264913
XOQVAC,-4.5739,-2.7988,1.7751,11.72928,54.69,0.096069,1.414074
XOQZOT,-7.5907,-6.1866,1.4041,13.13698,-17.72,0.19901,0.624278
XOTGOC,-4.6575,-2.3441,2.3134,3.50726,-20.39,0.080354,0.969582
XOTLUO,2.2661,5.3849,3.1188,8.9079,-70.3,0.130543,0.419611
XOXSUA,-1.6747,0.4773,2.152,14.76089,-28.92,0.11746,1.422545
XOZXIV,-5.2459,-2.9603,2.2856,9.02296,40.09,0.001076,0.977155
XUBJEK,-5.5744,-2.6027,2.9717,6.36538,67.2,-0.188189,0.586665
XUBMUF,-11.3511,-7.5892,3.7619,0.69803,-38.42,0.175946,0.598462
XUJXOP,-8.5127,-5.3502,3.1625,7.42307,-37.47,0.150025,0.450776
XUKHOC,-4.9654,-2.2598,2.7056,5.45831,31.36,0.057511,0.960784
XULXAG,-4.9041,-2.059,2.8451,7.87358,31.04,-0.007699,0.839367
XUNTAB,-5.101,-2.8237,2.2773,4.52485,-10.43,0.2216,0.896946
XUPJOI,-4.5887,-1.1758,3.4129,3.59092,99.9,-0.202676,0.736052
XUPRAB,-5.1415,-2.404,2.7375,5.91069,-25.78,0.186627,1.09689
XUPREF,-4.8202,-2.8966,1.9236,0.95573,-13.51,0.074557,1.400905
XUPSIL,-4.9687,-1.7885,3.1802,1.39339,26.46,-0.082953,0.670689
XUQXEO,-4.9802,-2.048,2.9322,2.09232,-26.45,0.175617,0.366628
XUSCIY,-7.4897,-5.0186,2.4711,4.24308,25.31,-0.125603,1.231896
XUVTIR,-9.0341,-5.1656,3.8685,6.56163,114.4,0.035758,0.626354
XUVVAN,-4.8925,-1.5976,3.2949,1.15591,-17.88,0.197062,0.395948
XUWPAH,-5.045,-2.0484,2.9966,0.5232,-29.94,0.18314,0.355722
XUYWAQ,-4.4038,-2.8873,1.5165,10.70033,15.61,-0.029276,1.436362
YABLIW,-6.0629,-2.1862,3.8767,18.52597,47.9,0.004028,0.387845
YABPEW,-4.9926,-2.0135,2.9791,5.73818,36.93,-0.012979,0.894621
YADKET,-4.4365,-1.9747,2.4618,1.97612,23.97,-0.155058,0.940116
YAGBIR,-4.9096,-3.3169,1.5927,9.0509,-46.82,0.404174,1.103516
YAJLAW,-4.2622,-1.9994,2.2628,5.46721,-16.51,0.085602,1.052745
YAJLEA,-4.2289,-1.9054,2.3235,6.23613,-15.89,0.080054,1.08311
YAKFOG,-5.4302,-2.9036,2.5266,8.36172,-20.94,0.123492,0.853463
YAKGAT,-5.5727,-3.0946,2.4781,10.18197,-21.23,0.13775,0.728229
YALHUP,-2.881,-0.0367,2.8443,3.37297,-44.53,-0.035688,0.717798
YALZET,-7.9791,-5.1066,2.8725,7.20543,-12.78,0.143155,0.830495
YANKOQ,-11.7926,-7.7707,4.0219,0.10525,-33.16,0.283858,0.107447
YANKUW,-11.53,-9.0757,2.4543,0.11655,-6.16,0.237918,0.764064
YAPGUS,-4.8512,-2.0754,2.7758,0.94157,20.62,-0.020695,1.084622
YAPZIA,-5.5699,-2.8635,2.7064,7.49927,-27.23,0.147885,0.852987
YAQBEA,-7.8745,-5.828,2.0465,0.38578,70.48,0.132925,1.884274
YAQLOR,-4.9477,-2.6547,2.293,1.00E-05,9.3,0.213908,0.717058
YAQMEI,-5.7455,-2.5446,3.2009,7.09714,-19.13,0.178558,0.492791
YARTIW,4.0114,8.124,4.1126,0.1597,-43.66,0.133301,0.183167
YASHOP,4.6349,8.0278,3.3929,5.86475,-47.86,0.144055,0.237152
YASHUV,3.6552,6.8743,3.2191,5.35272,-23.15,0.292136,0.228986
YASPUE,-4.7096,-1.8883,2.8213,0,-22.58,0.17211,0.954335
YATQER,-5.9108,-3.7997,2.1111,21.91011,-21.55,0.296468,1.10867
YAWWEZ,-4.724,-1.816,2.908,7.54714,48.85,-0.048255,0.73733
YECRII,-4.5745,-2.0118,2.5627,7.71245,-56.9,0.19001,0.75191
YECSIK,-7.7757,-5.4117,2.364,7.34833,-15.63,0.081809,0.523931
YECSOQ,-7.4733,-4.649,2.8243,8.4843,-47.84,0.231726,0.405042
YECSUW,-7.7915,-5.0554,2.7361,7.39358,-13.83,0.141686,0.520331
YEDTAC,-5.4175,-2.5051,2.9124,9.3199,43.84,0.063339,0.76536
YEFFOE,-3.7894,-1.6113,2.1781,4.70666,-17.9,0.097564,0.702203
YEHDUM,-5.9927,-3.8835,2.1092,8.68311,-36.87,0.342194,0.943098
YEJJIG,-5.1279,-3.5179,1.61,3.37324,-34.82,0.289427,2.202921
YEJWAM,-5.8143,-1.7766,4.0377,3.37612,155.41,-0.009325,0.375194
YEKLOQ,-4.6662,-1.6448,3.0214,10.88554,-21.08,0.118102,0.835404
YEKLUW,-4.8332,-2.4035,2.4297,14.42757,-20.62,0.095147,1.450067
YELWAN,-10.303,-8.0267,2.2763,0,-29.45,-0.006188,0.927494
YEQTOE,-4.8402,-1.7501,3.0901,7.51109,115.39,-0.15157,0.586835
YEQZID,-5.1304,-2.6223,2.5081,2.89747,-14.2,0.084598,0.616155
YETBOP,-9.4087,-5.8279,3.5808,0.33717,61.82,-0.011349,0.470571
YETBUV,-9.0872,-5.5621,3.5251,0,70.33,-0.11017,0.517836
YETCAC,-17.9405,-13.3595,4.581,3.33477,79.14,0.104609,0.235966
YETCEG,-8.5639,-5.1502,3.4137,2.18482,63.48,-0.067312,0.71839
YETCIK,-12.2494,-8.6353,3.6141,2.03474,75.12,-0.048101,0.49166
YETYOM,-2.0817,-0.3758,1.7059,8.50208,25.68,-0.036481,2.002104
YEWSOI,-4.5625,-2.4278,2.1347,6.29663,-32.71,0.040369,1.432927
YEWSUO,-4.5313,-2.3862,2.1451,7.38236,-33.63,0.032535,1.15443
YEXVAA,-4.8868,-0.9507,3.9361,3.85691,91.2,-0.116241,0.332184
YEXVEE,-5.6542,-1.5396,4.1146,9.52597,87.01,-0.076015,0.324514
YEZLEU,-3.9945,-1.6342,2.3603,3.00E-05,54.37,-0.019057,1.27331
YEZYUZ,-5.5,-1.9901,3.5099,13.91127,-21.53,0.171649,0.669368
YIBHUM,2.0314,5.3456,3.3142,7.83072,-73.34,0.110948,0.425898
YIJDED,-8.2229,-5.4977,2.7252,4.93895,-52.7,0.262254,0.459465
YIJGII,-5.2321,-2.3867,2.8454,11.07096,27.12,-0.060885,0.889887
YIKVUJ,-9.3059,-5.9486,3.3573,9.55236,-35.63,0.106364,0.483817
YIKVUM,-4.0407,-1.4292,2.6115,3.52009,-26.44,-0.060058,0.913869
YILLAH,-2.0732,-0.0193,2.0539,14.04874,-22.2,0.27076,1.232778
YINCOO,-5.2025,-2.0219,3.1806,12.72775,-32.87,0.083611,0.678783
YISQAT,-4.3196,-1.8318,2.4878,4.37563,90.18,-0.005638,0.930524
YITNAR,-2.4628,-0.236,2.2268,15.94071,77.05,0.133788,1.318119
YITRUO,-7.8604,-5.7635,2.0969,3.91295,57.53,-0.08418,1.888303
YITVON,-6.7897,-4.6301,2.1596,3.00421,-16.37,0.362526,0.597719
YIXFER,-3.7912,-0.924,2.8672,6.63584,33.14,-0.128423,0.615376
YIYDAM,-5.0219,-2.2112,2.8107,6.83753,34.95,-0.018511,0.966388
YIZNOL,-4.5184,-0.909,3.6094,3.95809,-56.75,0.24224,0.439655
YIZZIR,-3.3559,-1.6502,1.7057,0.75049,29.85,0.001187,0.840403
YOBCUO,-5.5205,-2.8637,2.6568,6.04301,-23.79,0.18468,0.967157
YOJKEN,-4.4598,-2.2475,2.2123,5.99563,-20.52,0.181428,0.82796
YOJQEU,-5.1016,-2.7281,2.3735,15.15163,-37.76,0.033147,1.075647
YOJQIY,-5.0648,-2.6666,2.3982,15.83555,-36.63,0.013748,1.151486
YOJVOJ,-4.8141,-3.7729,1.0412,10.43922,-42.03,0.153139,1.48694
YOLDAG,-1.2709,1.4889,2.7598,0.64573,20.73,0.014647,0.960437
YONHAK,-5.4375,-2.0246,3.4129,5.18401,116.43,0.03815,0.542105
YONWUT,-2.1316,1.9054,4.037,6.12827,-71.25,0.176266,0.281842
YORSEE,-6.7462,-4.2769,2.4693,4.87506,-30.77,0.118862,1.392853
YOSKAV,-5.0746,-1.6696,3.405,0,39.54,0.046657,0.55369
YOWZOB,-3.786,-1.4271,2.3589,10.9074,-39.08,0.091392,1.12116
YOYVOY,-4.6492,-3.3114,1.3378,20.19837,-39.81,0.276532,0.854539
YOYXES,-5.051,-1.3477,3.7033,3.03418,44.88,-0.074146,0.416825
YOZRAG,1.8047,4.2008,2.3961,0.13299,-43.04,0.242353,0.623761
YOZYIW,-3.9005,-0.969,2.9315,3.46116,95.44,-0.148599,0.611121
YOZZET,-4.3501,-1.8196,2.5305,3.83309,76.41,-0.118956,0.827657
YUBDAB,-4.2103,-1.7669,2.4434,4.59067,-44.13,0.226281,1.347189
YUBZUR,-10.9818,-8.6345,2.3473,12.27875,6.4,0.073846,1.001836
YUDFOS,-6.1379,-2.1785,3.9594,5.20977,123.31,0.018696,0.367981
YUJZAF,-3.9514,-1.4287,2.5227,9.93926,19.45,-0.110723,0.842583
YULMUP,-4.5938,-1.8921,2.7017,0.43698,33.11,-0.137082,1.188344
YUMGOF,-4.0467,-1.8622,2.1845,7.77827,-40.52,0.182461,1.118042
YUMJIB,-4.8139,-1.5636,3.2503,4.4229,-19.47,0.261963,0.548562
YURDIY,-4.9575,-2.2715,2.686,6.64606,53.12,0.052338,0.922953
YUXHUV,-4.012,-0.7357,3.2763,4.64437,53.2,-0.078202,0.61718
ZALRUZ,-4.4729,-2.7608,1.7121,8.17294,33.24,-0.026349,1.052306
ZARXAU,-12.3063,-8.2898,4.0165,3.24726,-44.89,0.172839,0.135996
ZASROA,-13.8279,-10.1653,3.6626,2.5327,34.72,0.133567,0.262689
ZASRUG,-8.179,-6.1207,2.0583,12.45941,16.44,0.049662,0.641012
ZATWOI,-6.5778,-3.7711,2.8067,1.52163,-44.98,0.157613,0.443429
ZAVTUN,-5.2117,-3.3682,1.8435,8.25393,-29.3,0.390029,0.923221
ZAXBUX,-5.4814,-2.4798,3.0016,8.94019,-39.74,0.199972,0.656146
ZAXWUQ,-5.8958,-2.398,3.4978,11.73827,-21.66,0.110049,0.652396
ZAXYEC,-8.8093,-5.2768,3.5325,14.47533,-21.91,0.311546,0.422942
ZAYJOB,2.3842,7.4089,5.0247,0.04077,-78.44,0.10575,0.086132
ZAZNOD,-1.1929,1.1835,2.3764,6.29045,-43.83,0.094824,1.347943
ZAZNUJ,-4.8944,-3.1388,1.7556,3.64334,-6.6,0.230163,1.316849
ZEBCEQ,-5.2949,-2.6808,2.6141,17.55508,-52.78,0.252585,0.711361
ZEBSAA,-4.2249,-0.9076,3.3173,0.9308,54.45,-0.116811,0.577611
ZEDSOT,-5.451,-2.2908,3.1602,2.53417,-13.23,0.264978,0.541389
ZEGSOT01,-5.5996,-1.5507,4.0489,4.00879,133.13,0.088241,0.258083
ZEHMEG,-4.9185,-2.3573,2.5612,1.78151,23.26,0.057694,1.160105
ZEHPAD,-3.9028,-2.7859,1.1169,5.77622,-38.96,0.189357,1.267863
ZELDAX,-4.5819,-2.602,1.9799,6.86151,-39.82,0.077332,1.168194
ZELWAO,-5.0711,-1.1628,3.9083,5.94473,-74,0.25716,0.343386
ZENBOJ,-2.2781,1.5932,3.8713,13.90839,53.44,0.14261,0.465877
ZEQLUE,-7.9109,-5.1794,2.7315,0.00019,89.92,0.015127,1.253805
ZERDIJ,-4.8865,-2.7964,2.0901,6.25229,-41.19,0.271281,1.019812
ZEWDIO,-5.4207,-2.8198,2.6009,14.52981,56.34,0.071553,1.025032
ZEYWAD,-4.734,-3.3463,1.3877,16.7593,-58.37,0.337239,1.422717
ZIBNIH,-5.7257,-3.0594,2.6663,1.00E-05,-10.4,0.187174,0.643715
ZIDKAY,-5.0805,-1.0119,4.0686,2.5382,98.14,0.00371,0.357092
ZILSEU,-14.2983,-11.2791,3.0192,0.16529,22.59,0.168951,0.427041
ZILVUO,-9.5808,-5.4511,4.1297,8.37578,127.97,0.058498,0.309733
ZILYIC,-5.0429,-2.2886,2.7543,4.78444,-25.97,0.274829,0.885532
ZILZUP,-4.5172,-2.8668,1.6504,11.76674,-33.39,0.264262,1.411615
ZIMBEC,-6.3782,-4.4585,1.9197,2.34166,-12.73,0.411921,0.797592
ZIMPUG,-4.0826,-2.0936,1.989,0.45848,29.06,0.064801,1.521432
ZIMQAN,-4.0286,-1.9633,2.0653,0.3183,16.47,0.063948,1.470681
ZIVLIC,-7.7818,-5.5159,2.2659,17.01752,21.2,0.111611,1.119359
ZIXMOI,-9.0185,-5.8489,3.1696,10.78593,63.94,0.067928,0.449979
ZIZHOI,-4.5403,-1.2469,3.2934,0,51.06,-0.171525,0.80543
ZOBQIQ,-7.6043,-4.8509,2.7534,8.01033,33.56,-0.044737,1.045057
ZOFDAC,-5.2189,-3.2361,1.9828,4.35637,-21.27,0.411517,1.155171
ZOJXOL,-12.3933,-9.3286,3.0647,0,-35.59,0.127492,0.322433
ZOQXIM,-5.5376,-1.3645,4.1731,2.6719,127.1,0.068467,0.366762
ZOSZIQ,-5.3501,-2.9555,2.3946,8.74572,42.61,0.034196,1.071105
ZOTRAB,-4.7155,-2.6875,2.028,0,17.29,-0.103753,0.939368
ZOVTUZ,-4.4188,-2.5218,1.897,7.36608,-19.33,0.24746,1.191396
ZOVZOB,-5.4929,-2.2536,3.2393,6.74417,-22.18,0.168331,0.705795
ZOWPAF,-5.1412,-2.5035,2.6377,9.84251,-67.16,0.216429,0.909297
ZOYCUL,-4.4687,-0.698,3.7707,1.00E-05,-82.87,0.162245,0.310525
ZOZGEA,-12.1368,-9.2819,2.8549,0.5041,-28.05,0.014361,0.277595
ZOZPAF,-1.4179,1.0625,2.4804,3.93629,-6.46,0.103084,1.278659
ZUJRAZ,-3.9835,-2.0856,1.8979,7.74524,-29.53,0.280245,1.353544
ZULGAQ,1.1251,3.3014,2.1763,8.59532,-23.78,0.309844,1.052749
ZUMCUI,-4.8678,-2.4451,2.4227,9.5314,-33.95,0.204056,1.127957
ZUMSEH,-4.3658,-2.3977,1.9681,10.47949,-35.05,0.122679,1.149901
ZUNDIN,-4.5329,-2.2354,2.2975,7.24627,19.16,-0.13713,1.014095
ZUQLAA,-5.422,-2.7933,2.6287,5.45736,-20.91,0.208459,0.750563
ZURDEV,-4.88,-1.2675,3.6125,0.38256,142.21,-0.142282,0.629822
ZURVIR,1.6194,4.9802,3.3608,1.8771,-61.13,0.17089,0.90216
ZUSSUB,-5.4061,-3.3923,2.0138,8.73725,80.55,0.028086,2.907772
ZUTHEB,-5.1343,-2.8171,2.3172,6.95102,28.36,-0.00455,1.018221
ZUWXUN,-5.7695,-2.3001,3.4694,4.48571,45.16,-0.107318,0.344037
ZUWYOI,-5.4999,-2.1877,3.3122,10.01594,38.74,-0.061755,0.851556
ZUYNEM,-4.2226,-1.5991,2.6235,5.86449,-40.35,0.176454,0.939223
ZUZWEW,-4.7141,-1.9378,2.7763,3.83104,-33.04,0.165349,0.973958
ZZZAOG01,-4.7979,-2.3363,2.4616,0.41268,36.16,0.10557,1.263289
ZZZRXM01,-8.7963,-5.5109,3.2854,8.85997,-33.32,0.147232,0.266118
ZZZTMK03,-4.5793,-1.3271,3.2522,3.7696,26.89,0.108231,0.54754