run_id,name,epoch,test_rmse,test_score,val_score_best,lr,n_s,n_v,noH,arch,seed,radius,dataset,features,geometry,splitter,sum_mode,dropout_p,invariant,graph_mode,train_frac,graph_method,weight_decay,max_neighbors,n_conv_layers,target_column,classification,embedding_specs,distance_emb_dim,internal_weights
hevjrzdr,cv10-tmPHOTO_emb-Polarizability-inv-noH-ns32-d64-l3-vector_masked-node,428,52.73681640625,25.707046508789062,23.391931533813477,0.001,32,0,True,normal,123,5.0,data/kulik/dataloader_kulik.py:tmPHOTO,torchchem_v1,xtb,test:data/kulik/tmPHOTO-splits/tmPHOTO_9_test_indices.npy,node,0.0,True,vector_masked,0.8004,torchchem_v1,1e-05,50,3,Polarizability,False,"{""multiplicity"":{""type"":""categorical"",""per"":""graph"",""in_dim"":1,""emb_dim"":1024,""num_classes"":101,""offset"":0},""total_charge"":{""type"":""categorical"",""per"":""graph"",""in_dim"":1,""emb_dim"":1024,""num_classes"":201,""offset"":100}}",64,False
aw7sfxir,cv10-tmPHOTO_emb-Polarizability-inv-noH-ns32-d64-l3-vector_masked-node,335,35.20368576049805,21.233890533447266,23.209875106811523,0.001,32,0,True,normal,123,5.0,data/kulik/dataloader_kulik.py:tmPHOTO,torchchem_v1,xtb,test:data/kulik/tmPHOTO-splits/tmPHOTO_7_test_indices.npy,node,0.0,True,vector_masked,0.8,torchchem_v1,1e-05,50,3,Polarizability,False,"{""multiplicity"":{""type"":""categorical"",""per"":""graph"",""in_dim"":1,""emb_dim"":1024,""num_classes"":101,""offset"":0},""total_charge"":{""type"":""categorical"",""per"":""graph"",""in_dim"":1,""emb_dim"":1024,""num_classes"":201,""offset"":100}}",64,False
417vf62u,cv10-tmPHOTO_emb-Polarizability-inv-noH-ns32-d64-l3-vector_masked-node,471,42.68195343017578,23.945173263549805,23.70780372619629,0.001,32,0,True,normal,123,5.0,data/kulik/dataloader_kulik.py:tmPHOTO,torchchem_v1,xtb,test:data/kulik/tmPHOTO-splits/tmPHOTO_8_test_indices.npy,node,0.0,True,vector_masked,0.8004,torchchem_v1,1e-05,50,3,Polarizability,False,"{""multiplicity"":{""type"":""categorical"",""per"":""graph"",""in_dim"":1,""emb_dim"":1024,""num_classes"":101,""offset"":0},""total_charge"":{""type"":""categorical"",""per"":""graph"",""in_dim"":1,""emb_dim"":1024,""num_classes"":201,""offset"":100}}",64,False
3q5kh9tm,cv10-tmPHOTO_emb-Polarizability-inv-noH-ns32-d64-l3-vector_masked-node,342,37.83667755126953,22.892179489135746,24.768835067749023,0.001,32,0,True,normal,123,5.0,data/kulik/dataloader_kulik.py:tmPHOTO,torchchem_v1,xtb,test:data/kulik/tmPHOTO-splits/tmPHOTO_6_test_indices.npy,node,0.0,True,vector_masked,0.8,torchchem_v1,1e-05,50,3,Polarizability,False,"{""multiplicity"":{""type"":""categorical"",""per"":""graph"",""in_dim"":1,""emb_dim"":1024,""num_classes"":101,""offset"":0},""total_charge"":{""type"":""categorical"",""per"":""graph"",""in_dim"":1,""emb_dim"":1024,""num_classes"":201,""offset"":100}}",64,False
oz0g72yx,cv10-tmPHOTO_emb-Polarizability-inv-noH-ns32-d64-l3-vector_masked-node,361,49.46912384033203,23.163225173950195,21.06760025024414,0.001,32,0,True,normal,123,5.0,data/kulik/dataloader_kulik.py:tmPHOTO,torchchem_v1,xtb,test:data/kulik/tmPHOTO-splits/tmPHOTO_5_test_indices.npy,node,0.0,True,vector_masked,0.8,torchchem_v1,1e-05,50,3,Polarizability,False,"{""multiplicity"":{""type"":""categorical"",""per"":""graph"",""in_dim"":1,""emb_dim"":1024,""num_classes"":101,""offset"":0},""total_charge"":{""type"":""categorical"",""per"":""graph"",""in_dim"":1,""emb_dim"":1024,""num_classes"":201,""offset"":100}}",64,False
eo0icbz7,cv10-tmPHOTO_emb-Polarizability-inv-noH-ns32-d64-l3-vector_masked-node,412,53.48504638671875,28.787647247314453,24.203310012817383,0.001,32,0,True,normal,123,5.0,data/kulik/dataloader_kulik.py:tmPHOTO,torchchem_v1,xtb,test:data/kulik/tmPHOTO-splits/tmPHOTO_4_test_indices.npy,node,0.0,True,vector_masked,0.8,torchchem_v1,1e-05,50,3,Polarizability,False,"{""multiplicity"":{""type"":""categorical"",""per"":""graph"",""in_dim"":1,""emb_dim"":1024,""num_classes"":101,""offset"":0},""total_charge"":{""type"":""categorical"",""per"":""graph"",""in_dim"":1,""emb_dim"":1024,""num_classes"":201,""offset"":100}}",64,False
kkwutauz,cv10-tmPHOTO_emb-Polarizability-inv-noH-ns32-d64-l3-vector_masked-node,408,49.54140090942383,24.710060119628903,22.6767578125,0.001,32,0,True,normal,123,5.0,data/kulik/dataloader_kulik.py:tmPHOTO,torchchem_v1,xtb,test:data/kulik/tmPHOTO-splits/tmPHOTO_3_test_indices.npy,node,0.0,True,vector_masked,0.8,torchchem_v1,1e-05,50,3,Polarizability,False,"{""multiplicity"":{""type"":""categorical"",""per"":""graph"",""in_dim"":1,""emb_dim"":1024,""num_classes"":101,""offset"":0},""total_charge"":{""type"":""categorical"",""per"":""graph"",""in_dim"":1,""emb_dim"":1024,""num_classes"":201,""offset"":100}}",64,False
k2cc5oxp,cv10-tmPHOTO_emb-Polarizability-inv-noH-ns32-d64-l3-vector_masked-node,370,44.01585006713867,23.81207847595215,20.96822738647461,0.001,32,0,True,normal,123,5.0,data/kulik/dataloader_kulik.py:tmPHOTO,torchchem_v1,xtb,test:data/kulik/tmPHOTO-splits/tmPHOTO_2_test_indices.npy,node,0.0,True,vector_masked,0.8,torchchem_v1,1e-05,50,3,Polarizability,False,"{""multiplicity"":{""type"":""categorical"",""per"":""graph"",""in_dim"":1,""emb_dim"":1024,""num_classes"":101,""offset"":0},""total_charge"":{""type"":""categorical"",""per"":""graph"",""in_dim"":1,""emb_dim"":1024,""num_classes"":201,""offset"":100}}",64,False
ev587kgo,cv10-tmPHOTO_emb-Polarizability-inv-noH-ns32-d64-l3-vector_masked-node,349,44.559722900390625,22.182859420776367,22.30785369873047,0.001,32,0,True,normal,123,5.0,data/kulik/dataloader_kulik.py:tmPHOTO,torchchem_v1,xtb,test:data/kulik/tmPHOTO-splits/tmPHOTO_1_test_indices.npy,node,0.0,True,vector_masked,0.8,torchchem_v1,1e-05,50,3,Polarizability,False,"{""multiplicity"":{""type"":""categorical"",""per"":""graph"",""in_dim"":1,""emb_dim"":1024,""num_classes"":101,""offset"":0},""total_charge"":{""type"":""categorical"",""per"":""graph"",""in_dim"":1,""emb_dim"":1024,""num_classes"":201,""offset"":100}}",64,False
v65bfhvq,cv10-tmPHOTO_emb-Polarizability-inv-noH-ns32-d64-l3-vector_masked-node,291,47.2420539855957,25.884241104125977,20.661928176879883,0.001,32,0,True,normal,123,5.0,data/kulik/dataloader_kulik.py:tmPHOTO,torchchem_v1,xtb,test:data/kulik/tmPHOTO-splits/tmPHOTO_0_test_indices.npy,node,0.0,True,vector_masked,0.8,torchchem_v1,1e-05,50,3,Polarizability,False,"{""multiplicity"":{""type"":""categorical"",""per"":""graph"",""in_dim"":1,""emb_dim"":1024,""num_classes"":101,""offset"":0},""total_charge"":{""type"":""categorical"",""per"":""graph"",""in_dim"":1,""emb_dim"":1024,""num_classes"":201,""offset"":100}}",64,False
zwl45c06,cv10-tmPHOTO_emb-Polarizability-inv-noH-ns32-d32-l2-energy-node,512,3.104086637496948,1.044146180152893,0.7339293360710144,0.001,32,0,True,normal,123,5.0,data/kulik/dataloader_kulik.py:tmPHOTO,torchchem_v1,xtb,test:data/kulik/tmPHOTO-splits/tmPHOTO_9_test_indices.npy,node,0.0,True,energy,0.8004,torchchem_v1,0.0,25,2,Polarizability,False,"{""multiplicity"":{""type"":""categorical"",""per"":""graph"",""in_dim"":1,""emb_dim"":1024,""num_classes"":101,""offset"":0},""total_charge"":{""type"":""categorical"",""per"":""graph"",""in_dim"":1,""emb_dim"":1024,""num_classes"":201,""offset"":100}}",32,False
k55ptd9j,cv10-tmPHOTO_emb-Polarizability-inv-noH-ns32-d32-l2-energy-node,512,1.8312597274780271,1.0545716285705566,0.9529659748077391,0.001,32,0,True,normal,123,5.0,data/kulik/dataloader_kulik.py:tmPHOTO,torchchem_v1,xtb,test:data/kulik/tmPHOTO-splits/tmPHOTO_6_test_indices.npy,node,0.0,True,energy,0.8,torchchem_v1,0.0,25,2,Polarizability,False,"{""multiplicity"":{""type"":""categorical"",""per"":""graph"",""in_dim"":1,""emb_dim"":1024,""num_classes"":101,""offset"":0},""total_charge"":{""type"":""categorical"",""per"":""graph"",""in_dim"":1,""emb_dim"":1024,""num_classes"":201,""offset"":100}}",32,False
7d2gg0jn,cv10-tmPHOTO_emb-Polarizability-inv-noH-ns32-d32-l2-energy-node,512,13.509182929992676,1.7731853723526,1.060655117034912,0.001,32,0,True,normal,123,5.0,data/kulik/dataloader_kulik.py:tmPHOTO,torchchem_v1,xtb,test:data/kulik/tmPHOTO-splits/tmPHOTO_8_test_indices.npy,node,0.0,True,energy,0.8004,torchchem_v1,0.0,25,2,Polarizability,False,"{""multiplicity"":{""type"":""categorical"",""per"":""graph"",""in_dim"":1,""emb_dim"":1024,""num_classes"":101,""offset"":0},""total_charge"":{""type"":""categorical"",""per"":""graph"",""in_dim"":1,""emb_dim"":1024,""num_classes"":201,""offset"":100}}",32,False
1vwi4yho,cv10-tmPHOTO_emb-Polarizability-inv-noH-ns32-d32-l2-energy-node,512,1.6142430305480957,0.8582422733306885,1.0093804597854614,0.001,32,0,True,normal,123,5.0,data/kulik/dataloader_kulik.py:tmPHOTO,torchchem_v1,xtb,test:data/kulik/tmPHOTO-splits/tmPHOTO_7_test_indices.npy,node,0.0,True,energy,0.8,torchchem_v1,0.0,25,2,Polarizability,False,"{""multiplicity"":{""type"":""categorical"",""per"":""graph"",""in_dim"":1,""emb_dim"":1024,""num_classes"":101,""offset"":0},""total_charge"":{""type"":""categorical"",""per"":""graph"",""in_dim"":1,""emb_dim"":1024,""num_classes"":201,""offset"":100}}",32,False
zqyca9l5,cv10-tmPHOTO_emb-Polarizability-inv-noH-ns32-d32-l2-energy-node,512,1.6468064785003662,0.9460907578468324,0.929953396320343,0.001,32,0,True,normal,123,5.0,data/kulik/dataloader_kulik.py:tmPHOTO,torchchem_v1,xtb,test:data/kulik/tmPHOTO-splits/tmPHOTO_5_test_indices.npy,node,0.0,True,energy,0.8,torchchem_v1,0.0,25,2,Polarizability,False,"{""multiplicity"":{""type"":""categorical"",""per"":""graph"",""in_dim"":1,""emb_dim"":1024,""num_classes"":101,""offset"":0},""total_charge"":{""type"":""categorical"",""per"":""graph"",""in_dim"":1,""emb_dim"":1024,""num_classes"":201,""offset"":100}}",32,False
8fhw3z3d,cv10-tmPHOTO_emb-Polarizability-inv-noH-ns32-d32-l2-energy-node,512,1.463627815246582,0.9614204168319702,1.0170855522155762,0.001,32,0,True,normal,123,5.0,data/kulik/dataloader_kulik.py:tmPHOTO,torchchem_v1,xtb,test:data/kulik/tmPHOTO-splits/tmPHOTO_4_test_indices.npy,node,0.0,True,energy,0.8,torchchem_v1,0.0,25,2,Polarizability,False,"{""multiplicity"":{""type"":""categorical"",""per"":""graph"",""in_dim"":1,""emb_dim"":1024,""num_classes"":101,""offset"":0},""total_charge"":{""type"":""categorical"",""per"":""graph"",""in_dim"":1,""emb_dim"":1024,""num_classes"":201,""offset"":100}}",32,False
txpi0xqu,cv10-tmPHOTO_emb-Polarizability-inv-noH-ns32-d32-l2-energy-node,512,1.794347643852234,1.149728536605835,1.2095497846603394,0.001,32,0,True,normal,123,5.0,data/kulik/dataloader_kulik.py:tmPHOTO,torchchem_v1,xtb,test:data/kulik/tmPHOTO-splits/tmPHOTO_3_test_indices.npy,node,0.0,True,energy,0.8,torchchem_v1,0.0,25,2,Polarizability,False,"{""multiplicity"":{""type"":""categorical"",""per"":""graph"",""in_dim"":1,""emb_dim"":1024,""num_classes"":101,""offset"":0},""total_charge"":{""type"":""categorical"",""per"":""graph"",""in_dim"":1,""emb_dim"":1024,""num_classes"":201,""offset"":100}}",32,False
ek9v71wy,cv10-tmPHOTO_emb-Polarizability-inv-noH-ns32-d32-l2-energy-node,512,2.0066394805908203,1.181175947189331,1.013729453086853,0.001,32,0,True,normal,123,5.0,data/kulik/dataloader_kulik.py:tmPHOTO,torchchem_v1,xtb,test:data/kulik/tmPHOTO-splits/tmPHOTO_2_test_indices.npy,node,0.0,True,energy,0.8,torchchem_v1,0.0,25,2,Polarizability,False,"{""multiplicity"":{""type"":""categorical"",""per"":""graph"",""in_dim"":1,""emb_dim"":1024,""num_classes"":101,""offset"":0},""total_charge"":{""type"":""categorical"",""per"":""graph"",""in_dim"":1,""emb_dim"":1024,""num_classes"":201,""offset"":100}}",32,False
gkrf4b8g,cv10-tmPHOTO_emb-Polarizability-inv-noH-ns32-d32-l2-energy-node,512,1.4951239824295044,0.9623945951461792,1.0427027940750122,0.001,32,0,True,normal,123,5.0,data/kulik/dataloader_kulik.py:tmPHOTO,torchchem_v1,xtb,test:data/kulik/tmPHOTO-splits/tmPHOTO_1_test_indices.npy,node,0.0,True,energy,0.8,torchchem_v1,0.0,25,2,Polarizability,False,"{""multiplicity"":{""type"":""categorical"",""per"":""graph"",""in_dim"":1,""emb_dim"":1024,""num_classes"":101,""offset"":0},""total_charge"":{""type"":""categorical"",""per"":""graph"",""in_dim"":1,""emb_dim"":1024,""num_classes"":201,""offset"":100}}",32,False
bo09cgx4,cv10-tmPHOTO_emb-Polarizability-inv-noH-ns32-d32-l2-energy-node,512,2.547422409057617,1.1559853553771973,1.027306318283081,0.001,32,0,True,normal,123,5.0,data/kulik/dataloader_kulik.py:tmPHOTO,torchchem_v1,xtb,test:data/kulik/tmPHOTO-splits/tmPHOTO_0_test_indices.npy,node,0.0,True,energy,0.8,torchchem_v1,0.0,25,2,Polarizability,False,"{""multiplicity"":{""type"":""categorical"",""per"":""graph"",""in_dim"":1,""emb_dim"":1024,""num_classes"":101,""offset"":0},""total_charge"":{""type"":""categorical"",""per"":""graph"",""in_dim"":1,""emb_dim"":1024,""num_classes"":201,""offset"":100}}",32,False
45p8lwm2,cv10-tmPHOTO_emb-Metal_q-inv-noH-ns64-d32-l3-vector_masked-both,473,0.04709409177303314,0.022223787382245064,0.01784701645374298,0.0005,64,0,True,normal,123,2.5,data/kulik/dataloader_kulik.py:tmPHOTO,torchchem_v1,xtb,test:data/kulik/tmPHOTO-splits/tmPHOTO_9_test_indices.npy,both,0.0,True,vector_masked,0.8004,torchchem_v1,1e-05,50,3,Metal_q,False,"{""multiplicity"":{""type"":""categorical"",""per"":""graph"",""in_dim"":1,""emb_dim"":1024,""num_classes"":101,""offset"":0},""total_charge"":{""type"":""categorical"",""per"":""graph"",""in_dim"":1,""emb_dim"":1024,""num_classes"":201,""offset"":100}}",32,False
x0q3ffyv,cv10-tmPHOTO_emb-Metal_q-inv-noH-ns64-d32-l3-vector_masked-both,457,0.04371003806591034,0.01993042789399624,0.01692754216492176,0.0005,64,0,True,normal,123,2.5,data/kulik/dataloader_kulik.py:tmPHOTO,torchchem_v1,xtb,test:data/kulik/tmPHOTO-splits/tmPHOTO_8_test_indices.npy,both,0.0,True,vector_masked,0.8004,torchchem_v1,1e-05,50,3,Metal_q,False,"{""multiplicity"":{""type"":""categorical"",""per"":""graph"",""in_dim"":1,""emb_dim"":1024,""num_classes"":101,""offset"":0},""total_charge"":{""type"":""categorical"",""per"":""graph"",""in_dim"":1,""emb_dim"":1024,""num_classes"":201,""offset"":100}}",32,False
kkhewipk,cv10-tmPHOTO_emb-Metal_q-inv-noH-ns64-d32-l3-vector_masked-both,512,0.04088370501995087,0.0165879987180233,0.017306577414274216,0.0005,64,0,True,normal,123,2.5,data/kulik/dataloader_kulik.py:tmPHOTO,torchchem_v1,xtb,test:data/kulik/tmPHOTO-splits/tmPHOTO_7_test_indices.npy,both,0.0,True,vector_masked,0.8,torchchem_v1,1e-05,50,3,Metal_q,False,"{""multiplicity"":{""type"":""categorical"",""per"":""graph"",""in_dim"":1,""emb_dim"":1024,""num_classes"":101,""offset"":0},""total_charge"":{""type"":""categorical"",""per"":""graph"",""in_dim"":1,""emb_dim"":1024,""num_classes"":201,""offset"":100}}",32,False
onsh17f5,cv10-tmPHOTO_emb-Metal_q-inv-noH-ns64-d32-l3-vector_masked-both,468,0.0361853688955307,0.01911117509007454,0.017260879278182983,0.0005,64,0,True,normal,123,2.5,data/kulik/dataloader_kulik.py:tmPHOTO,torchchem_v1,xtb,test:data/kulik/tmPHOTO-splits/tmPHOTO_6_test_indices.npy,both,0.0,True,vector_masked,0.8,torchchem_v1,1e-05,50,3,Metal_q,False,"{""multiplicity"":{""type"":""categorical"",""per"":""graph"",""in_dim"":1,""emb_dim"":1024,""num_classes"":101,""offset"":0},""total_charge"":{""type"":""categorical"",""per"":""graph"",""in_dim"":1,""emb_dim"":1024,""num_classes"":201,""offset"":100}}",32,False
lnw8wfuk,cv10-tmPHOTO_emb-Metal_q-inv-noH-ns64-d32-l3-vector_masked-both,406,0.05796634405851364,0.0251717958599329,0.016277039423584938,0.0005,64,0,True,normal,123,2.5,data/kulik/dataloader_kulik.py:tmPHOTO,torchchem_v1,xtb,test:data/kulik/tmPHOTO-splits/tmPHOTO_5_test_indices.npy,both,0.0,True,vector_masked,0.8,torchchem_v1,1e-05,50,3,Metal_q,False,"{""multiplicity"":{""type"":""categorical"",""per"":""graph"",""in_dim"":1,""emb_dim"":1024,""num_classes"":101,""offset"":0},""total_charge"":{""type"":""categorical"",""per"":""graph"",""in_dim"":1,""emb_dim"":1024,""num_classes"":201,""offset"":100}}",32,False
vg18mqdn,cv10-tmPHOTO_emb-Metal_q-inv-noH-ns64-d32-l3-vector_masked-both,512,0.03948233276605606,0.018009662628173828,0.01641330122947693,0.0005,64,0,True,normal,123,2.5,data/kulik/dataloader_kulik.py:tmPHOTO,torchchem_v1,xtb,test:data/kulik/tmPHOTO-splits/tmPHOTO_4_test_indices.npy,both,0.0,True,vector_masked,0.8,torchchem_v1,1e-05,50,3,Metal_q,False,"{""multiplicity"":{""type"":""categorical"",""per"":""graph"",""in_dim"":1,""emb_dim"":1024,""num_classes"":101,""offset"":0},""total_charge"":{""type"":""categorical"",""per"":""graph"",""in_dim"":1,""emb_dim"":1024,""num_classes"":201,""offset"":100}}",32,False
wb5kuxbg,cv10-tmPHOTO_emb-Metal_q-inv-noH-ns64-d32-l3-vector_masked-both,338,0.04387372732162475,0.02047097496688366,0.017392562702298164,0.0005,64,0,True,normal,123,2.5,data/kulik/dataloader_kulik.py:tmPHOTO,torchchem_v1,xtb,test:data/kulik/tmPHOTO-splits/tmPHOTO_3_test_indices.npy,both,0.0,True,vector_masked,0.8,torchchem_v1,1e-05,50,3,Metal_q,False,"{""multiplicity"":{""type"":""categorical"",""per"":""graph"",""in_dim"":1,""emb_dim"":1024,""num_classes"":101,""offset"":0},""total_charge"":{""type"":""categorical"",""per"":""graph"",""in_dim"":1,""emb_dim"":1024,""num_classes"":201,""offset"":100}}",32,False
ffvzoy0u,cv10-tmPHOTO_emb-Metal_q-inv-noH-ns64-d32-l3-vector_masked-both,512,0.045000914484262466,0.021635469049215317,0.01779586635529995,0.0005,64,0,True,normal,123,2.5,data/kulik/dataloader_kulik.py:tmPHOTO,torchchem_v1,xtb,test:data/kulik/tmPHOTO-splits/tmPHOTO_2_test_indices.npy,both,0.0,True,vector_masked,0.8,torchchem_v1,1e-05,50,3,Metal_q,False,"{""multiplicity"":{""type"":""categorical"",""per"":""graph"",""in_dim"":1,""emb_dim"":1024,""num_classes"":101,""offset"":0},""total_charge"":{""type"":""categorical"",""per"":""graph"",""in_dim"":1,""emb_dim"":1024,""num_classes"":201,""offset"":100}}",32,False
ygc20m72,cv10-tmPHOTO_emb-Metal_q-inv-noH-ns64-d32-l3-vector_masked-both,512,0.03522714599967003,0.0184799637645483,0.01658695936203003,0.0005,64,0,True,normal,123,2.5,data/kulik/dataloader_kulik.py:tmPHOTO,torchchem_v1,xtb,test:data/kulik/tmPHOTO-splits/tmPHOTO_1_test_indices.npy,both,0.0,True,vector_masked,0.8,torchchem_v1,1e-05,50,3,Metal_q,False,"{""multiplicity"":{""type"":""categorical"",""per"":""graph"",""in_dim"":1,""emb_dim"":1024,""num_classes"":101,""offset"":0},""total_charge"":{""type"":""categorical"",""per"":""graph"",""in_dim"":1,""emb_dim"":1024,""num_classes"":201,""offset"":100}}",32,False
gf9j8sdc,cv10-tmPHOTO_emb-Metal_q-inv-noH-ns64-d32-l3-vector_masked-both,397,0.0401901938021183,0.01791653223335743,0.01719864457845688,0.0005,64,0,True,normal,123,2.5,data/kulik/dataloader_kulik.py:tmPHOTO,torchchem_v1,xtb,test:data/kulik/tmPHOTO-splits/tmPHOTO_0_test_indices.npy,both,0.0,True,vector_masked,0.8,torchchem_v1,1e-05,50,3,Metal_q,False,"{""multiplicity"":{""type"":""categorical"",""per"":""graph"",""in_dim"":1,""emb_dim"":1024,""num_classes"":101,""offset"":0},""total_charge"":{""type"":""categorical"",""per"":""graph"",""in_dim"":1,""emb_dim"":1024,""num_classes"":201,""offset"":100}}",32,False
yeo5a72g,cv10-tmPHOTO_emb-Metal_q-inv-noH-ns64-d16-l3-energy-node,471,0.03945226222276688,0.01910964772105217,0.0147761357948184,0.0005,64,0,True,normal,123,5.0,data/kulik/dataloader_kulik.py:tmPHOTO,torchchem_v1,xtb,test:data/kulik/tmPHOTO-splits/tmPHOTO_9_test_indices.npy,node,0.0,True,energy,0.8004,torchchem_v1,0.0,10,3,Metal_q,False,"{""multiplicity"":{""type"":""categorical"",""per"":""graph"",""in_dim"":1,""emb_dim"":1024,""num_classes"":101,""offset"":0},""total_charge"":{""type"":""categorical"",""per"":""graph"",""in_dim"":1,""emb_dim"":1024,""num_classes"":201,""offset"":100}}",16,False
i9syat3f,cv10-tmPHOTO_emb-Metal_q-inv-noH-ns64-d16-l3-energy-node,512,0.032705068588256836,0.01581743359565735,0.015253543853759766,0.0005,64,0,True,normal,123,5.0,data/kulik/dataloader_kulik.py:tmPHOTO,torchchem_v1,xtb,test:data/kulik/tmPHOTO-splits/tmPHOTO_8_test_indices.npy,node,0.0,True,energy,0.8004,torchchem_v1,0.0,10,3,Metal_q,False,"{""multiplicity"":{""type"":""categorical"",""per"":""graph"",""in_dim"":1,""emb_dim"":1024,""num_classes"":101,""offset"":0},""total_charge"":{""type"":""categorical"",""per"":""graph"",""in_dim"":1,""emb_dim"":1024,""num_classes"":201,""offset"":100}}",16,False
8artn1yh,cv10-tmPHOTO_emb-Metal_q-inv-noH-ns64-d16-l3-energy-node,455,0.046683549880981445,0.01613282784819603,0.014667597599327564,0.0005,64,0,True,normal,123,5.0,data/kulik/dataloader_kulik.py:tmPHOTO,torchchem_v1,xtb,test:data/kulik/tmPHOTO-splits/tmPHOTO_7_test_indices.npy,node,0.0,True,energy,0.8,torchchem_v1,0.0,10,3,Metal_q,False,"{""multiplicity"":{""type"":""categorical"",""per"":""graph"",""in_dim"":1,""emb_dim"":1024,""num_classes"":101,""offset"":0},""total_charge"":{""type"":""categorical"",""per"":""graph"",""in_dim"":1,""emb_dim"":1024,""num_classes"":201,""offset"":100}}",16,False
aide3qvn,cv10-tmPHOTO_emb-Metal_q-inv-noH-ns64-d16-l3-energy-node,512,0.040359076112508774,0.017465027049183846,0.014998193830251694,0.0005,64,0,True,normal,123,5.0,data/kulik/dataloader_kulik.py:tmPHOTO,torchchem_v1,xtb,test:data/kulik/tmPHOTO-splits/tmPHOTO_6_test_indices.npy,node,0.0,True,energy,0.8,torchchem_v1,0.0,10,3,Metal_q,False,"{""multiplicity"":{""type"":""categorical"",""per"":""graph"",""in_dim"":1,""emb_dim"":1024,""num_classes"":101,""offset"":0},""total_charge"":{""type"":""categorical"",""per"":""graph"",""in_dim"":1,""emb_dim"":1024,""num_classes"":201,""offset"":100}}",16,False
a3yslyzj,cv10-tmPHOTO_emb-Metal_q-inv-noH-ns64-d16-l3-energy-node,355,0.05753137543797493,0.02097364515066147,0.018404753878712658,0.0005,64,0,True,normal,123,5.0,data/kulik/dataloader_kulik.py:tmPHOTO,torchchem_v1,xtb,test:data/kulik/tmPHOTO-splits/tmPHOTO_5_test_indices.npy,node,0.0,True,energy,0.8,torchchem_v1,0.0,10,3,Metal_q,False,"{""multiplicity"":{""type"":""categorical"",""per"":""graph"",""in_dim"":1,""emb_dim"":1024,""num_classes"":101,""offset"":0},""total_charge"":{""type"":""categorical"",""per"":""graph"",""in_dim"":1,""emb_dim"":1024,""num_classes"":201,""offset"":100}}",16,False
1n1y8bhr,cv10-tmPHOTO_emb-Metal_q-inv-noH-ns64-d16-l3-energy-node,442,0.02945943921804428,0.015469847247004507,0.01501096598803997,0.0005,64,0,True,normal,123,5.0,data/kulik/dataloader_kulik.py:tmPHOTO,torchchem_v1,xtb,test:data/kulik/tmPHOTO-splits/tmPHOTO_3_test_indices.npy,node,0.0,True,energy,0.8,torchchem_v1,0.0,10,3,Metal_q,False,"{""multiplicity"":{""type"":""categorical"",""per"":""graph"",""in_dim"":1,""emb_dim"":1024,""num_classes"":101,""offset"":0},""total_charge"":{""type"":""categorical"",""per"":""graph"",""in_dim"":1,""emb_dim"":1024,""num_classes"":201,""offset"":100}}",16,False
hahya7wv,cv10-tmPHOTO_emb-Metal_q-inv-noH-ns64-d16-l3-energy-node,449,0.02790733054280281,0.01446446031332016,0.014896314591169356,0.0005,64,0,True,normal,123,5.0,data/kulik/dataloader_kulik.py:tmPHOTO,torchchem_v1,xtb,test:data/kulik/tmPHOTO-splits/tmPHOTO_4_test_indices.npy,node,0.0,True,energy,0.8,torchchem_v1,0.0,10,3,Metal_q,False,"{""multiplicity"":{""type"":""categorical"",""per"":""graph"",""in_dim"":1,""emb_dim"":1024,""num_classes"":101,""offset"":0},""total_charge"":{""type"":""categorical"",""per"":""graph"",""in_dim"":1,""emb_dim"":1024,""num_classes"":201,""offset"":100}}",16,False
fio8s4dx,cv10-tmPHOTO_emb-Metal_q-inv-noH-ns64-d16-l3-energy-node,476,0.031248249113559723,0.01626027189195156,0.01410131249576807,0.0005,64,0,True,normal,123,5.0,data/kulik/dataloader_kulik.py:tmPHOTO,torchchem_v1,xtb,test:data/kulik/tmPHOTO-splits/tmPHOTO_1_test_indices.npy,node,0.0,True,energy,0.8,torchchem_v1,0.0,10,3,Metal_q,False,"{""multiplicity"":{""type"":""categorical"",""per"":""graph"",""in_dim"":1,""emb_dim"":1024,""num_classes"":101,""offset"":0},""total_charge"":{""type"":""categorical"",""per"":""graph"",""in_dim"":1,""emb_dim"":1024,""num_classes"":201,""offset"":100}}",16,False
brpiqjnk,cv10-tmPHOTO_emb-Metal_q-inv-noH-ns64-d16-l3-energy-node,512,0.04106950014829635,0.01605861820280552,0.014659030362963676,0.0005,64,0,True,normal,123,5.0,data/kulik/dataloader_kulik.py:tmPHOTO,torchchem_v1,xtb,test:data/kulik/tmPHOTO-splits/tmPHOTO_0_test_indices.npy,node,0.0,True,energy,0.8,torchchem_v1,0.0,10,3,Metal_q,False,"{""multiplicity"":{""type"":""categorical"",""per"":""graph"",""in_dim"":1,""emb_dim"":1024,""num_classes"":101,""offset"":0},""total_charge"":{""type"":""categorical"",""per"":""graph"",""in_dim"":1,""emb_dim"":1024,""num_classes"":201,""offset"":100}}",16,False
d6o225at,cv10-tmPHOTO_emb-Metal_q-inv-noH-ns64-d16-l3-energy-node,289,0.039571601897478104,0.02100580930709839,0.015588009729981422,0.0005,64,0,True,normal,123,5.0,data/kulik/dataloader_kulik.py:tmPHOTO,torchchem_v1,xtb,test:data/kulik/tmPHOTO-splits/tmPHOTO_2_test_indices.npy,node,0.0,True,energy,0.8,torchchem_v1,0.0,10,3,Metal_q,False,"{""multiplicity"":{""type"":""categorical"",""per"":""graph"",""in_dim"":1,""emb_dim"":1024,""num_classes"":101,""offset"":0},""total_charge"":{""type"":""categorical"",""per"":""graph"",""in_dim"":1,""emb_dim"":1024,""num_classes"":201,""offset"":100}}",16,False
try7b3ia,cv10-tmPHOTO_emb-LUMO-inv-noH-ns64-d64-l3-vector-node,512,0.010931992903351784,0.006784654688090086,0.0062249451875686646,0.001,64,0,True,normal,123,2.5,data/kulik/dataloader_kulik.py:tmPHOTO,torchchem_v1,xtb,test:data/kulik/tmPHOTO-splits/tmPHOTO_9_test_indices.npy,node,0.05,True,vector,0.8004,torchchem_v1,1e-05,50,3,LUMO,False,"{""multiplicity"":{""type"":""categorical"",""per"":""graph"",""in_dim"":1,""emb_dim"":1024,""num_classes"":101,""offset"":0},""total_charge"":{""type"":""categorical"",""per"":""graph"",""in_dim"":1,""emb_dim"":1024,""num_classes"":201,""offset"":100}}",64,False
a0wnvke0,cv10-tmPHOTO_emb-LUMO-inv-noH-ns64-d64-l3-vector-node,512,0.011205127462744713,0.006745872087776661,0.006449525710195303,0.001,64,0,True,normal,123,2.5,data/kulik/dataloader_kulik.py:tmPHOTO,torchchem_v1,xtb,test:data/kulik/tmPHOTO-splits/tmPHOTO_8_test_indices.npy,node,0.05,True,vector,0.8004,torchchem_v1,1e-05,50,3,LUMO,False,"{""multiplicity"":{""type"":""categorical"",""per"":""graph"",""in_dim"":1,""emb_dim"":1024,""num_classes"":101,""offset"":0},""total_charge"":{""type"":""categorical"",""per"":""graph"",""in_dim"":1,""emb_dim"":1024,""num_classes"":201,""offset"":100}}",64,False
da3wfg33,cv10-tmPHOTO_emb-LUMO-inv-noH-ns64-d64-l3-vector-node,512,0.011121116578578947,0.0069040716625750065,0.007014062721282244,0.001,64,0,True,normal,123,2.5,data/kulik/dataloader_kulik.py:tmPHOTO,torchchem_v1,xtb,test:data/kulik/tmPHOTO-splits/tmPHOTO_7_test_indices.npy,node,0.05,True,vector,0.8,torchchem_v1,1e-05,50,3,LUMO,False,"{""multiplicity"":{""type"":""categorical"",""per"":""graph"",""in_dim"":1,""emb_dim"":1024,""num_classes"":101,""offset"":0},""total_charge"":{""type"":""categorical"",""per"":""graph"",""in_dim"":1,""emb_dim"":1024,""num_classes"":201,""offset"":100}}",64,False
5njlf0iq,cv10-tmPHOTO_emb-LUMO-inv-noH-ns64-d64-l3-vector-node,510,0.0116988904774189,0.006961794104427099,0.005895050708204508,0.001,64,0,True,normal,123,2.5,data/kulik/dataloader_kulik.py:tmPHOTO,torchchem_v1,xtb,test:data/kulik/tmPHOTO-splits/tmPHOTO_6_test_indices.npy,node,0.05,True,vector,0.8,torchchem_v1,1e-05,50,3,LUMO,False,"{""multiplicity"":{""type"":""categorical"",""per"":""graph"",""in_dim"":1,""emb_dim"":1024,""num_classes"":101,""offset"":0},""total_charge"":{""type"":""categorical"",""per"":""graph"",""in_dim"":1,""emb_dim"":1024,""num_classes"":201,""offset"":100}}",64,False
nok9fajf,cv10-tmPHOTO_emb-LUMO-inv-noH-ns64-d64-l3-vector-node,512,0.011123809032142162,0.0061969817616045475,0.006539689842611551,0.001,64,0,True,normal,123,2.5,data/kulik/dataloader_kulik.py:tmPHOTO,torchchem_v1,xtb,test:data/kulik/tmPHOTO-splits/tmPHOTO_5_test_indices.npy,node,0.05,True,vector,0.8,torchchem_v1,1e-05,50,3,LUMO,False,"{""multiplicity"":{""type"":""categorical"",""per"":""graph"",""in_dim"":1,""emb_dim"":1024,""num_classes"":101,""offset"":0},""total_charge"":{""type"":""categorical"",""per"":""graph"",""in_dim"":1,""emb_dim"":1024,""num_classes"":201,""offset"":100}}",64,False
6dd9dlj0,cv10-tmPHOTO_emb-LUMO-inv-noH-ns64-d64-l3-vector-node,512,0.010250726714730264,0.006382889114320278,0.006717480253428221,0.001,64,0,True,normal,123,2.5,data/kulik/dataloader_kulik.py:tmPHOTO,torchchem_v1,xtb,test:data/kulik/tmPHOTO-splits/tmPHOTO_4_test_indices.npy,node,0.05,True,vector,0.8,torchchem_v1,1e-05,50,3,LUMO,False,"{""multiplicity"":{""type"":""categorical"",""per"":""graph"",""in_dim"":1,""emb_dim"":1024,""num_classes"":101,""offset"":0},""total_charge"":{""type"":""categorical"",""per"":""graph"",""in_dim"":1,""emb_dim"":1024,""num_classes"":201,""offset"":100}}",64,False
goidjj5l,cv10-tmPHOTO_emb-LUMO-inv-noH-ns64-d64-l3-vector-node,512,0.013102442026138306,0.007266860455274582,0.006902599707245827,0.001,64,0,True,normal,123,2.5,data/kulik/dataloader_kulik.py:tmPHOTO,torchchem_v1,xtb,test:data/kulik/tmPHOTO-splits/tmPHOTO_3_test_indices.npy,node,0.05,True,vector,0.8,torchchem_v1,1e-05,50,3,LUMO,False,"{""multiplicity"":{""type"":""categorical"",""per"":""graph"",""in_dim"":1,""emb_dim"":1024,""num_classes"":101,""offset"":0},""total_charge"":{""type"":""categorical"",""per"":""graph"",""in_dim"":1,""emb_dim"":1024,""num_classes"":201,""offset"":100}}",64,False
snngernr,cv10-tmPHOTO_emb-LUMO-inv-noH-ns64-d64-l3-vector-node,512,0.009772843681275845,0.006526496261358261,0.006684005726128817,0.001,64,0,True,normal,123,2.5,data/kulik/dataloader_kulik.py:tmPHOTO,torchchem_v1,xtb,test:data/kulik/tmPHOTO-splits/tmPHOTO_2_test_indices.npy,node,0.05,True,vector,0.8,torchchem_v1,1e-05,50,3,LUMO,False,"{""multiplicity"":{""type"":""categorical"",""per"":""graph"",""in_dim"":1,""emb_dim"":1024,""num_classes"":101,""offset"":0},""total_charge"":{""type"":""categorical"",""per"":""graph"",""in_dim"":1,""emb_dim"":1024,""num_classes"":201,""offset"":100}}",64,False
nd3rtjsp,cv10-tmPHOTO_emb-LUMO-inv-noH-ns64-d64-l3-vector-node,512,0.009503273293375967,0.005996313411742449,0.0066640484146773815,0.001,64,0,True,normal,123,2.5,data/kulik/dataloader_kulik.py:tmPHOTO,torchchem_v1,xtb,test:data/kulik/tmPHOTO-splits/tmPHOTO_1_test_indices.npy,node,0.05,True,vector,0.8,torchchem_v1,1e-05,50,3,LUMO,False,"{""multiplicity"":{""type"":""categorical"",""per"":""graph"",""in_dim"":1,""emb_dim"":1024,""num_classes"":101,""offset"":0},""total_charge"":{""type"":""categorical"",""per"":""graph"",""in_dim"":1,""emb_dim"":1024,""num_classes"":201,""offset"":100}}",64,False
69wqwbpj,cv10-tmPHOTO_emb-LUMO-inv-noH-ns64-d64-l3-vector-node,512,0.01956917531788349,0.007951688021421432,0.006485865917056799,0.001,64,0,True,normal,123,2.5,data/kulik/dataloader_kulik.py:tmPHOTO,torchchem_v1,xtb,test:data/kulik/tmPHOTO-splits/tmPHOTO_0_test_indices.npy,node,0.05,True,vector,0.8,torchchem_v1,1e-05,50,3,LUMO,False,"{""multiplicity"":{""type"":""categorical"",""per"":""graph"",""in_dim"":1,""emb_dim"":1024,""num_classes"":101,""offset"":0},""total_charge"":{""type"":""categorical"",""per"":""graph"",""in_dim"":1,""emb_dim"":1024,""num_classes"":201,""offset"":100}}",64,False
3ygrif8q,cv10-tmPHOTO_emb-LUMO-inv-noH-ns64-d64-l3-vector_masked-both,248,0.016693398356437683,0.011504863388836384,0.011060592718422411,0.001,64,0,True,normal,123,2.5,data/kulik/dataloader_kulik.py:tmPHOTO,torchchem_v1,xtb,test:data/kulik/tmPHOTO-splits/tmPHOTO_8_test_indices.npy,both,0.0,True,vector_masked,0.8004,torchchem_v1,1e-05,10,3,LUMO,False,"{""multiplicity"":{""type"":""categorical"",""per"":""graph"",""in_dim"":1,""emb_dim"":1024,""num_classes"":101,""offset"":0},""total_charge"":{""type"":""categorical"",""per"":""graph"",""in_dim"":1,""emb_dim"":1024,""num_classes"":201,""offset"":100}}",64,False
rvwf1eso,cv10-tmPHOTO_emb-LUMO-inv-noH-ns64-d64-l3-vector_masked-both,234,0.017353495582938194,0.011918647214770315,0.010967714712023737,0.001,64,0,True,normal,123,2.5,data/kulik/dataloader_kulik.py:tmPHOTO,torchchem_v1,xtb,test:data/kulik/tmPHOTO-splits/tmPHOTO_9_test_indices.npy,both,0.0,True,vector_masked,0.8004,torchchem_v1,1e-05,10,3,LUMO,False,"{""multiplicity"":{""type"":""categorical"",""per"":""graph"",""in_dim"":1,""emb_dim"":1024,""num_classes"":101,""offset"":0},""total_charge"":{""type"":""categorical"",""per"":""graph"",""in_dim"":1,""emb_dim"":1024,""num_classes"":201,""offset"":100}}",64,False
e4o2bj6d,cv10-tmPHOTO_emb-LUMO-inv-noH-ns64-d64-l3-vector_masked-both,274,0.01650170609354973,0.010962963104248049,0.011517546139657496,0.001,64,0,True,normal,123,2.5,data/kulik/dataloader_kulik.py:tmPHOTO,torchchem_v1,xtb,test:data/kulik/tmPHOTO-splits/tmPHOTO_7_test_indices.npy,both,0.0,True,vector_masked,0.8,torchchem_v1,1e-05,10,3,LUMO,False,"{""multiplicity"":{""type"":""categorical"",""per"":""graph"",""in_dim"":1,""emb_dim"":1024,""num_classes"":101,""offset"":0},""total_charge"":{""type"":""categorical"",""per"":""graph"",""in_dim"":1,""emb_dim"":1024,""num_classes"":201,""offset"":100}}",64,False
48q0sxb2,cv10-tmPHOTO_emb-LUMO-inv-noH-ns64-d64-l3-vector_masked-both,277,0.01707381382584572,0.011643178761005402,0.010534798726439476,0.001,64,0,True,normal,123,2.5,data/kulik/dataloader_kulik.py:tmPHOTO,torchchem_v1,xtb,test:data/kulik/tmPHOTO-splits/tmPHOTO_6_test_indices.npy,both,0.0,True,vector_masked,0.8,torchchem_v1,1e-05,10,3,LUMO,False,"{""multiplicity"":{""type"":""categorical"",""per"":""graph"",""in_dim"":1,""emb_dim"":1024,""num_classes"":101,""offset"":0},""total_charge"":{""type"":""categorical"",""per"":""graph"",""in_dim"":1,""emb_dim"":1024,""num_classes"":201,""offset"":100}}",64,False
xb8xvvui,cv10-tmPHOTO_emb-LUMO-inv-noH-ns64-d64-l3-vector_masked-both,226,0.017460672184824944,0.01212190929800272,0.01119826827198267,0.001,64,0,True,normal,123,2.5,data/kulik/dataloader_kulik.py:tmPHOTO,torchchem_v1,xtb,test:data/kulik/tmPHOTO-splits/tmPHOTO_5_test_indices.npy,both,0.0,True,vector_masked,0.8,torchchem_v1,1e-05,10,3,LUMO,False,"{""multiplicity"":{""type"":""categorical"",""per"":""graph"",""in_dim"":1,""emb_dim"":1024,""num_classes"":101,""offset"":0},""total_charge"":{""type"":""categorical"",""per"":""graph"",""in_dim"":1,""emb_dim"":1024,""num_classes"":201,""offset"":100}}",64,False
epyu5qhs,cv10-tmPHOTO_emb-LUMO-inv-noH-ns64-d64-l3-vector_masked-both,283,0.016898706555366516,0.011656347662210464,0.01124658528715372,0.001,64,0,True,normal,123,2.5,data/kulik/dataloader_kulik.py:tmPHOTO,torchchem_v1,xtb,test:data/kulik/tmPHOTO-splits/tmPHOTO_4_test_indices.npy,both,0.0,True,vector_masked,0.8,torchchem_v1,1e-05,10,3,LUMO,False,"{""multiplicity"":{""type"":""categorical"",""per"":""graph"",""in_dim"":1,""emb_dim"":1024,""num_classes"":101,""offset"":0},""total_charge"":{""type"":""categorical"",""per"":""graph"",""in_dim"":1,""emb_dim"":1024,""num_classes"":201,""offset"":100}}",64,False
ba31xhhb,cv10-tmPHOTO_emb-LUMO-inv-noH-ns64-d64-l3-vector_masked-both,259,0.01773260533809662,0.011650917120277882,0.011709468439221382,0.001,64,0,True,normal,123,2.5,data/kulik/dataloader_kulik.py:tmPHOTO,torchchem_v1,xtb,test:data/kulik/tmPHOTO-splits/tmPHOTO_3_test_indices.npy,both,0.0,True,vector_masked,0.8,torchchem_v1,1e-05,10,3,LUMO,False,"{""multiplicity"":{""type"":""categorical"",""per"":""graph"",""in_dim"":1,""emb_dim"":1024,""num_classes"":101,""offset"":0},""total_charge"":{""type"":""categorical"",""per"":""graph"",""in_dim"":1,""emb_dim"":1024,""num_classes"":201,""offset"":100}}",64,False
g8fxrpzm,cv10-tmPHOTO_emb-LUMO-inv-noH-ns64-d64-l3-vector_masked-both,237,0.01797228306531906,0.012603082694113256,0.01175923738628626,0.001,64,0,True,normal,123,2.5,data/kulik/dataloader_kulik.py:tmPHOTO,torchchem_v1,xtb,test:data/kulik/tmPHOTO-splits/tmPHOTO_2_test_indices.npy,both,0.0,True,vector_masked,0.8,torchchem_v1,1e-05,10,3,LUMO,False,"{""multiplicity"":{""type"":""categorical"",""per"":""graph"",""in_dim"":1,""emb_dim"":1024,""num_classes"":101,""offset"":0},""total_charge"":{""type"":""categorical"",""per"":""graph"",""in_dim"":1,""emb_dim"":1024,""num_classes"":201,""offset"":100}}",64,False
5pkgkdbc,cv10-tmPHOTO_emb-LUMO-inv-noH-ns64-d64-l3-vector_masked-both,270,0.015039794147014618,0.010189860127866268,0.01094982773065567,0.001,64,0,True,normal,123,2.5,data/kulik/dataloader_kulik.py:tmPHOTO,torchchem_v1,xtb,test:data/kulik/tmPHOTO-splits/tmPHOTO_1_test_indices.npy,both,0.0,True,vector_masked,0.8,torchchem_v1,1e-05,10,3,LUMO,False,"{""multiplicity"":{""type"":""categorical"",""per"":""graph"",""in_dim"":1,""emb_dim"":1024,""num_classes"":101,""offset"":0},""total_charge"":{""type"":""categorical"",""per"":""graph"",""in_dim"":1,""emb_dim"":1024,""num_classes"":201,""offset"":100}}",64,False
c15fc3r3,cv10-tmPHOTO_emb-LUMO-inv-noH-ns64-d64-l3-vector_masked-both,234,0.019428085535764698,0.012076940387487411,0.011073559522628784,0.001,64,0,True,normal,123,2.5,data/kulik/dataloader_kulik.py:tmPHOTO,torchchem_v1,xtb,test:data/kulik/tmPHOTO-splits/tmPHOTO_0_test_indices.npy,both,0.0,True,vector_masked,0.8,torchchem_v1,1e-05,10,3,LUMO,False,"{""multiplicity"":{""type"":""categorical"",""per"":""graph"",""in_dim"":1,""emb_dim"":1024,""num_classes"":101,""offset"":0},""total_charge"":{""type"":""categorical"",""per"":""graph"",""in_dim"":1,""emb_dim"":1024,""num_classes"":201,""offset"":100}}",64,False
9ifg4c7r,cv10-tmPHOTO_emb-HOMO-inv-noH-ns64-d64-l3-vector_masked-node,256,0.014109352603554726,0.009139890782535076,0.008013437502086163,0.0005,64,0,True,normal,123,2.5,data/kulik/dataloader_kulik.py:tmPHOTO,torchchem_v1,xtb,test:data/kulik/tmPHOTO-splits/tmPHOTO_9_test_indices.npy,node,0.05,True,vector_masked,0.8004,torchchem_v1,1e-05,25,3,HOMO,False,"{""multiplicity"":{""type"":""categorical"",""per"":""graph"",""in_dim"":1,""emb_dim"":1024,""num_classes"":101,""offset"":0},""total_charge"":{""type"":""categorical"",""per"":""graph"",""in_dim"":1,""emb_dim"":1024,""num_classes"":201,""offset"":100}}",64,False
6tzcmxx6,cv10-tmPHOTO_emb-HOMO-inv-noH-ns64-d64-l3-vector_masked-node,271,0.012184040620923042,0.008550139144062996,0.00847686268389225,0.0005,64,0,True,normal,123,2.5,data/kulik/dataloader_kulik.py:tmPHOTO,torchchem_v1,xtb,test:data/kulik/tmPHOTO-splits/tmPHOTO_8_test_indices.npy,node,0.05,True,vector_masked,0.8004,torchchem_v1,1e-05,25,3,HOMO,False,"{""multiplicity"":{""type"":""categorical"",""per"":""graph"",""in_dim"":1,""emb_dim"":1024,""num_classes"":101,""offset"":0},""total_charge"":{""type"":""categorical"",""per"":""graph"",""in_dim"":1,""emb_dim"":1024,""num_classes"":201,""offset"":100}}",64,False
9u5kbuzq,cv10-tmPHOTO_emb-HOMO-inv-noH-ns64-d64-l3-vector_masked-node,253,0.01198836974799633,0.008397146128118038,0.00841333344578743,0.0005,64,0,True,normal,123,2.5,data/kulik/dataloader_kulik.py:tmPHOTO,torchchem_v1,xtb,test:data/kulik/tmPHOTO-splits/tmPHOTO_7_test_indices.npy,node,0.05,True,vector_masked,0.8,torchchem_v1,1e-05,25,3,HOMO,False,"{""multiplicity"":{""type"":""categorical"",""per"":""graph"",""in_dim"":1,""emb_dim"":1024,""num_classes"":101,""offset"":0},""total_charge"":{""type"":""categorical"",""per"":""graph"",""in_dim"":1,""emb_dim"":1024,""num_classes"":201,""offset"":100}}",64,False
4v67sjic,cv10-tmPHOTO_emb-HOMO-inv-noH-ns64-d64-l3-vector_masked-node,338,0.014317923225462437,0.009369243867695332,0.007744604721665382,0.0005,64,0,True,normal,123,2.5,data/kulik/dataloader_kulik.py:tmPHOTO,torchchem_v1,xtb,test:data/kulik/tmPHOTO-splits/tmPHOTO_6_test_indices.npy,node,0.05,True,vector_masked,0.8,torchchem_v1,1e-05,25,3,HOMO,False,"{""multiplicity"":{""type"":""categorical"",""per"":""graph"",""in_dim"":1,""emb_dim"":1024,""num_classes"":101,""offset"":0},""total_charge"":{""type"":""categorical"",""per"":""graph"",""in_dim"":1,""emb_dim"":1024,""num_classes"":201,""offset"":100}}",64,False
zhoar84o,cv10-tmPHOTO_emb-HOMO-inv-noH-ns64-d64-l3-vector_masked-node,345,0.011625231243669988,0.008091703988611698,0.007771247532218695,0.0005,64,0,True,normal,123,2.5,data/kulik/dataloader_kulik.py:tmPHOTO,torchchem_v1,xtb,test:data/kulik/tmPHOTO-splits/tmPHOTO_5_test_indices.npy,node,0.05,True,vector_masked,0.8,torchchem_v1,1e-05,25,3,HOMO,False,"{""multiplicity"":{""type"":""categorical"",""per"":""graph"",""in_dim"":1,""emb_dim"":1024,""num_classes"":101,""offset"":0},""total_charge"":{""type"":""categorical"",""per"":""graph"",""in_dim"":1,""emb_dim"":1024,""num_classes"":201,""offset"":100}}",64,False
8uuoyhlb,cv10-tmPHOTO_emb-HOMO-inv-noH-ns64-d64-l3-vector_masked-node,366,0.01230201032012701,0.008299357257783413,0.008093811571598053,0.0005,64,0,True,normal,123,2.5,data/kulik/dataloader_kulik.py:tmPHOTO,torchchem_v1,xtb,test:data/kulik/tmPHOTO-splits/tmPHOTO_4_test_indices.npy,node,0.05,True,vector_masked,0.8,torchchem_v1,1e-05,25,3,HOMO,False,"{""multiplicity"":{""type"":""categorical"",""per"":""graph"",""in_dim"":1,""emb_dim"":1024,""num_classes"":101,""offset"":0},""total_charge"":{""type"":""categorical"",""per"":""graph"",""in_dim"":1,""emb_dim"":1024,""num_classes"":201,""offset"":100}}",64,False
vovk05fa,cv10-tmPHOTO_emb-HOMO-inv-noH-ns64-d64-l3-vector_masked-node,309,0.013577742502093317,0.008565842173993587,0.00871103722602129,0.0005,64,0,True,normal,123,2.5,data/kulik/dataloader_kulik.py:tmPHOTO,torchchem_v1,xtb,test:data/kulik/tmPHOTO-splits/tmPHOTO_3_test_indices.npy,node,0.05,True,vector_masked,0.8,torchchem_v1,1e-05,25,3,HOMO,False,"{""multiplicity"":{""type"":""categorical"",""per"":""graph"",""in_dim"":1,""emb_dim"":1024,""num_classes"":101,""offset"":0},""total_charge"":{""type"":""categorical"",""per"":""graph"",""in_dim"":1,""emb_dim"":1024,""num_classes"":201,""offset"":100}}",64,False
zhuklglo,cv10-tmPHOTO_emb-HOMO-inv-noH-ns64-d64-l3-vector_masked-node,294,0.012812145054340364,0.00851511862128973,0.007772424258291721,0.0005,64,0,True,normal,123,2.5,data/kulik/dataloader_kulik.py:tmPHOTO,torchchem_v1,xtb,test:data/kulik/tmPHOTO-splits/tmPHOTO_2_test_indices.npy,node,0.05,True,vector_masked,0.8,torchchem_v1,1e-05,25,3,HOMO,False,"{""multiplicity"":{""type"":""categorical"",""per"":""graph"",""in_dim"":1,""emb_dim"":1024,""num_classes"":101,""offset"":0},""total_charge"":{""type"":""categorical"",""per"":""graph"",""in_dim"":1,""emb_dim"":1024,""num_classes"":201,""offset"":100}}",64,False
3h434253,cv10-tmPHOTO_emb-HOMO-inv-noH-ns64-d64-l3-vector_masked-node,383,0.011983641423285007,0.008506488054990768,0.008074792101979256,0.0005,64,0,True,normal,123,2.5,data/kulik/dataloader_kulik.py:tmPHOTO,torchchem_v1,xtb,test:data/kulik/tmPHOTO-splits/tmPHOTO_1_test_indices.npy,node,0.05,True,vector_masked,0.8,torchchem_v1,1e-05,25,3,HOMO,False,"{""multiplicity"":{""type"":""categorical"",""per"":""graph"",""in_dim"":1,""emb_dim"":1024,""num_classes"":101,""offset"":0},""total_charge"":{""type"":""categorical"",""per"":""graph"",""in_dim"":1,""emb_dim"":1024,""num_classes"":201,""offset"":100}}",64,False
cstzkfxs,cv10-tmPHOTO_emb-HOMO-inv-noH-ns64-d32-l3-vector-both,315,0.012652134522795675,0.007046777755022049,0.0068612718023359776,0.0005,64,0,True,normal,123,2.5,data/kulik/dataloader_kulik.py:tmPHOTO,torchchem_v1,xtb,test:data/kulik/tmPHOTO-splits/tmPHOTO_9_test_indices.npy,both,0.0,True,vector,0.8004,torchchem_v1,1e-05,50,3,HOMO,False,"{""multiplicity"":{""type"":""categorical"",""per"":""graph"",""in_dim"":1,""emb_dim"":1024,""num_classes"":101,""offset"":0},""total_charge"":{""type"":""categorical"",""per"":""graph"",""in_dim"":1,""emb_dim"":1024,""num_classes"":201,""offset"":100}}",32,False
sbm533r9,cv10-tmPHOTO_emb-HOMO-inv-noH-ns64-d64-l3-vector_masked-node,435,0.012358819134533404,0.007905046455562115,0.008228041231632233,0.0005,64,0,True,normal,123,2.5,data/kulik/dataloader_kulik.py:tmPHOTO,torchchem_v1,xtb,test:data/kulik/tmPHOTO-splits/tmPHOTO_0_test_indices.npy,node,0.05,True,vector_masked,0.8,torchchem_v1,1e-05,25,3,HOMO,False,"{""multiplicity"":{""type"":""categorical"",""per"":""graph"",""in_dim"":1,""emb_dim"":1024,""num_classes"":101,""offset"":0},""total_charge"":{""type"":""categorical"",""per"":""graph"",""in_dim"":1,""emb_dim"":1024,""num_classes"":201,""offset"":100}}",64,False
zuwxkqtn,cv10-tmPHOTO_emb-HOMO-inv-noH-ns64-d32-l3-vector-both,289,0.011034068651497364,0.00688022980466485,0.0060619814321398735,0.0005,64,0,True,normal,123,2.5,data/kulik/dataloader_kulik.py:tmPHOTO,torchchem_v1,xtb,test:data/kulik/tmPHOTO-splits/tmPHOTO_6_test_indices.npy,both,0.0,True,vector,0.8,torchchem_v1,1e-05,50,3,HOMO,False,"{""multiplicity"":{""type"":""categorical"",""per"":""graph"",""in_dim"":1,""emb_dim"":1024,""num_classes"":101,""offset"":0},""total_charge"":{""type"":""categorical"",""per"":""graph"",""in_dim"":1,""emb_dim"":1024,""num_classes"":201,""offset"":100}}",32,False
ekenv5w5,cv10-tmPHOTO_emb-HOMO-inv-noH-ns64-d32-l3-vector-both,363,0.008640983141958714,0.006022183690220118,0.0064195687882602215,0.0005,64,0,True,normal,123,2.5,data/kulik/dataloader_kulik.py:tmPHOTO,torchchem_v1,xtb,test:data/kulik/tmPHOTO-splits/tmPHOTO_7_test_indices.npy,both,0.0,True,vector,0.8,torchchem_v1,1e-05,50,3,HOMO,False,"{""multiplicity"":{""type"":""categorical"",""per"":""graph"",""in_dim"":1,""emb_dim"":1024,""num_classes"":101,""offset"":0},""total_charge"":{""type"":""categorical"",""per"":""graph"",""in_dim"":1,""emb_dim"":1024,""num_classes"":201,""offset"":100}}",32,False
f0mvc13p,cv10-tmPHOTO_emb-HOMO-inv-noH-ns64-d32-l3-vector-both,338,0.01049060933291912,0.0068148099817335606,0.006574678234755993,0.0005,64,0,True,normal,123,2.5,data/kulik/dataloader_kulik.py:tmPHOTO,torchchem_v1,xtb,test:data/kulik/tmPHOTO-splits/tmPHOTO_8_test_indices.npy,both,0.0,True,vector,0.8004,torchchem_v1,1e-05,50,3,HOMO,False,"{""multiplicity"":{""type"":""categorical"",""per"":""graph"",""in_dim"":1,""emb_dim"":1024,""num_classes"":101,""offset"":0},""total_charge"":{""type"":""categorical"",""per"":""graph"",""in_dim"":1,""emb_dim"":1024,""num_classes"":201,""offset"":100}}",32,False
tkv3t07e,cv10-tmPHOTO_emb-HOMO-inv-noH-ns64-d32-l3-vector-both,337,0.008718475699424744,0.005947647150605917,0.006241405848413706,0.0005,64,0,True,normal,123,2.5,data/kulik/dataloader_kulik.py:tmPHOTO,torchchem_v1,xtb,test:data/kulik/tmPHOTO-splits/tmPHOTO_5_test_indices.npy,both,0.0,True,vector,0.8,torchchem_v1,1e-05,50,3,HOMO,False,"{""multiplicity"":{""type"":""categorical"",""per"":""graph"",""in_dim"":1,""emb_dim"":1024,""num_classes"":101,""offset"":0},""total_charge"":{""type"":""categorical"",""per"":""graph"",""in_dim"":1,""emb_dim"":1024,""num_classes"":201,""offset"":100}}",32,False
cx5q3di9,cv10-tmPHOTO_emb-HOMO-inv-noH-ns64-d32-l3-vector-both,341,0.009418086148798466,0.0064141093753278255,0.0065809921361505985,0.0005,64,0,True,normal,123,2.5,data/kulik/dataloader_kulik.py:tmPHOTO,torchchem_v1,xtb,test:data/kulik/tmPHOTO-splits/tmPHOTO_4_test_indices.npy,both,0.0,True,vector,0.8,torchchem_v1,1e-05,50,3,HOMO,False,"{""multiplicity"":{""type"":""categorical"",""per"":""graph"",""in_dim"":1,""emb_dim"":1024,""num_classes"":101,""offset"":0},""total_charge"":{""type"":""categorical"",""per"":""graph"",""in_dim"":1,""emb_dim"":1024,""num_classes"":201,""offset"":100}}",32,False
we9mzzcm,cv10-tmPHOTO_emb-HOMO-inv-noH-ns64-d32-l3-vector-both,287,0.01088040042668581,0.00668454309925437,0.006718597374856472,0.0005,64,0,True,normal,123,2.5,data/kulik/dataloader_kulik.py:tmPHOTO,torchchem_v1,xtb,test:data/kulik/tmPHOTO-splits/tmPHOTO_3_test_indices.npy,both,0.0,True,vector,0.8,torchchem_v1,1e-05,50,3,HOMO,False,"{""multiplicity"":{""type"":""categorical"",""per"":""graph"",""in_dim"":1,""emb_dim"":1024,""num_classes"":101,""offset"":0},""total_charge"":{""type"":""categorical"",""per"":""graph"",""in_dim"":1,""emb_dim"":1024,""num_classes"":201,""offset"":100}}",32,False
yvclpiln,cv10-tmPHOTO_emb-gap-inv-noH-ns64-d64-l3-energy-node,512,0.012059373781085014,0.007440736051648855,0.00800074078142643,0.001,64,0,True,normal,123,2.5,data/kulik/dataloader_kulik.py:tmPHOTO,torchchem_v1,xtb,test:data/kulik/tmPHOTO-splits/tmPHOTO_5_test_indices.npy,node,0.05,True,energy,0.8,torchchem_v1,1e-05,25,3,gap,False,"{""multiplicity"":{""type"":""categorical"",""per"":""graph"",""in_dim"":1,""emb_dim"":1024,""num_classes"":101,""offset"":0},""total_charge"":{""type"":""categorical"",""per"":""graph"",""in_dim"":1,""emb_dim"":1024,""num_classes"":201,""offset"":100}}",64,False
mc6i7xag,cv10-tmPHOTO_emb-HOMO-inv-noH-ns64-d32-l3-vector-both,280,0.010434205643832684,0.00640786113217473,0.006804837845265865,0.0005,64,0,True,normal,123,2.5,data/kulik/dataloader_kulik.py:tmPHOTO,torchchem_v1,xtb,test:data/kulik/tmPHOTO-splits/tmPHOTO_0_test_indices.npy,both,0.0,True,vector,0.8,torchchem_v1,1e-05,50,3,HOMO,False,"{""multiplicity"":{""type"":""categorical"",""per"":""graph"",""in_dim"":1,""emb_dim"":1024,""num_classes"":101,""offset"":0},""total_charge"":{""type"":""categorical"",""per"":""graph"",""in_dim"":1,""emb_dim"":1024,""num_classes"":201,""offset"":100}}",32,False
hohamysx,cv10-tmPHOTO_emb-gap-inv-noH-ns64-d64-l3-energy-node,512,0.014534416608512402,0.00844813883304596,0.007058018818497658,0.001,64,0,True,normal,123,2.5,data/kulik/dataloader_kulik.py:tmPHOTO,torchchem_v1,xtb,test:data/kulik/tmPHOTO-splits/tmPHOTO_6_test_indices.npy,node,0.05,True,energy,0.8,torchchem_v1,1e-05,25,3,gap,False,"{""multiplicity"":{""type"":""categorical"",""per"":""graph"",""in_dim"":1,""emb_dim"":1024,""num_classes"":101,""offset"":0},""total_charge"":{""type"":""categorical"",""per"":""graph"",""in_dim"":1,""emb_dim"":1024,""num_classes"":201,""offset"":100}}",64,False
fpu1o91x,cv10-tmPHOTO_emb-gap-inv-noH-ns64-d64-l3-energy-node,512,0.01282335165888071,0.007891181856393814,0.008212022483348846,0.001,64,0,True,normal,123,2.5,data/kulik/dataloader_kulik.py:tmPHOTO,torchchem_v1,xtb,test:data/kulik/tmPHOTO-splits/tmPHOTO_7_test_indices.npy,node,0.05,True,energy,0.8,torchchem_v1,1e-05,25,3,gap,False,"{""multiplicity"":{""type"":""categorical"",""per"":""graph"",""in_dim"":1,""emb_dim"":1024,""num_classes"":101,""offset"":0},""total_charge"":{""type"":""categorical"",""per"":""graph"",""in_dim"":1,""emb_dim"":1024,""num_classes"":201,""offset"":100}}",64,False
di4thirt,cv10-tmPHOTO_emb-gap-inv-noH-ns64-d64-l3-energy-node,512,0.011898010969161987,0.007273872382938862,0.007688466459512711,0.001,64,0,True,normal,123,2.5,data/kulik/dataloader_kulik.py:tmPHOTO,torchchem_v1,xtb,test:data/kulik/tmPHOTO-splits/tmPHOTO_4_test_indices.npy,node,0.05,True,energy,0.8,torchchem_v1,1e-05,25,3,gap,False,"{""multiplicity"":{""type"":""categorical"",""per"":""graph"",""in_dim"":1,""emb_dim"":1024,""num_classes"":101,""offset"":0},""total_charge"":{""type"":""categorical"",""per"":""graph"",""in_dim"":1,""emb_dim"":1024,""num_classes"":201,""offset"":100}}",64,False
c7b2db9p,cv10-tmPHOTO_emb-gap-inv-noH-ns64-d64-l3-energy-node,512,0.012343276292085648,0.007893108762800694,0.008840030059218407,0.001,64,0,True,normal,123,2.5,data/kulik/dataloader_kulik.py:tmPHOTO,torchchem_v1,xtb,test:data/kulik/tmPHOTO-splits/tmPHOTO_8_test_indices.npy,node,0.05,True,energy,0.8004,torchchem_v1,1e-05,25,3,gap,False,"{""multiplicity"":{""type"":""categorical"",""per"":""graph"",""in_dim"":1,""emb_dim"":1024,""num_classes"":101,""offset"":0},""total_charge"":{""type"":""categorical"",""per"":""graph"",""in_dim"":1,""emb_dim"":1024,""num_classes"":201,""offset"":100}}",64,False
ak2qfiw2,cv10-tmPHOTO_emb-HOMO-inv-noH-ns64-d32-l3-vector-both,263,0.00995852891355753,0.007013360504060984,0.006536468863487244,0.0005,64,0,True,normal,123,2.5,data/kulik/dataloader_kulik.py:tmPHOTO,torchchem_v1,xtb,test:data/kulik/tmPHOTO-splits/tmPHOTO_1_test_indices.npy,both,0.0,True,vector,0.8,torchchem_v1,1e-05,50,3,HOMO,False,"{""multiplicity"":{""type"":""categorical"",""per"":""graph"",""in_dim"":1,""emb_dim"":1024,""num_classes"":101,""offset"":0},""total_charge"":{""type"":""categorical"",""per"":""graph"",""in_dim"":1,""emb_dim"":1024,""num_classes"":201,""offset"":100}}",32,False
10easggp,cv10-tmPHOTO_emb-gap-inv-noH-ns64-d64-l3-energy-node,512,0.012962086126208304,0.007897528819739819,0.00772307300940156,0.001,64,0,True,normal,123,2.5,data/kulik/dataloader_kulik.py:tmPHOTO,torchchem_v1,xtb,test:data/kulik/tmPHOTO-splits/tmPHOTO_9_test_indices.npy,node,0.05,True,energy,0.8004,torchchem_v1,1e-05,25,3,gap,False,"{""multiplicity"":{""type"":""categorical"",""per"":""graph"",""in_dim"":1,""emb_dim"":1024,""num_classes"":101,""offset"":0},""total_charge"":{""type"":""categorical"",""per"":""graph"",""in_dim"":1,""emb_dim"":1024,""num_classes"":201,""offset"":100}}",64,False
j8wdespg,cv10-tmPHOTO_emb-HOMO-inv-noH-ns64-d32-l3-vector-both,347,0.010053534060716627,0.006850902456790209,0.005999703425914049,0.0005,64,0,True,normal,123,2.5,data/kulik/dataloader_kulik.py:tmPHOTO,torchchem_v1,xtb,test:data/kulik/tmPHOTO-splits/tmPHOTO_2_test_indices.npy,both,0.0,True,vector,0.8,torchchem_v1,1e-05,50,3,HOMO,False,"{""multiplicity"":{""type"":""categorical"",""per"":""graph"",""in_dim"":1,""emb_dim"":1024,""num_classes"":101,""offset"":0},""total_charge"":{""type"":""categorical"",""per"":""graph"",""in_dim"":1,""emb_dim"":1024,""num_classes"":201,""offset"":100}}",32,False
0mtom344,cv10-tmPHOTO_emb-gap-inv-noH-ns64-d64-l3-energy-node,512,0.013332716189324856,0.008014753460884094,0.007407795172184706,0.001,64,0,True,normal,123,2.5,data/kulik/dataloader_kulik.py:tmPHOTO,torchchem_v1,xtb,test:data/kulik/tmPHOTO-splits/tmPHOTO_3_test_indices.npy,node,0.05,True,energy,0.8,torchchem_v1,1e-05,25,3,gap,False,"{""multiplicity"":{""type"":""categorical"",""per"":""graph"",""in_dim"":1,""emb_dim"":1024,""num_classes"":101,""offset"":0},""total_charge"":{""type"":""categorical"",""per"":""graph"",""in_dim"":1,""emb_dim"":1024,""num_classes"":201,""offset"":100}}",64,False
iwompq6c,cv10-tmPHOTO_emb-gap-inv-noH-ns64-d64-l3-energy-node,512,0.011835993267595768,0.007938439957797527,0.007670273073017597,0.001,64,0,True,normal,123,2.5,data/kulik/dataloader_kulik.py:tmPHOTO,torchchem_v1,xtb,test:data/kulik/tmPHOTO-splits/tmPHOTO_2_test_indices.npy,node,0.05,True,energy,0.8,torchchem_v1,1e-05,25,3,gap,False,"{""multiplicity"":{""type"":""categorical"",""per"":""graph"",""in_dim"":1,""emb_dim"":1024,""num_classes"":101,""offset"":0},""total_charge"":{""type"":""categorical"",""per"":""graph"",""in_dim"":1,""emb_dim"":1024,""num_classes"":201,""offset"":100}}",64,False
c6w28p4c,cv10-tmPHOTO_emb-gap-inv-noH-ns64-d64-l3-energy-node,512,0.01128769852221012,0.007284258492290974,0.007560289464890957,0.001,64,0,True,normal,123,2.5,data/kulik/dataloader_kulik.py:tmPHOTO,torchchem_v1,xtb,test:data/kulik/tmPHOTO-splits/tmPHOTO_1_test_indices.npy,node,0.05,True,energy,0.8,torchchem_v1,1e-05,25,3,gap,False,"{""multiplicity"":{""type"":""categorical"",""per"":""graph"",""in_dim"":1,""emb_dim"":1024,""num_classes"":101,""offset"":0},""total_charge"":{""type"":""categorical"",""per"":""graph"",""in_dim"":1,""emb_dim"":1024,""num_classes"":201,""offset"":100}}",64,False
wx0qikh1,cv10-tmPHOTO_emb-gap-inv-noH-ns48-d64-l3-vector_masked-node,477,0.01678050495684147,0.010461359284818172,0.009295105934143066,0.001,48,0,True,normal,123,2.5,data/kulik/dataloader_kulik.py:tmPHOTO,torchchem_v1,xtb,test:data/kulik/tmPHOTO-splits/tmPHOTO_8_test_indices.npy,node,0.05,True,vector_masked,0.8004,torchchem_v1,1e-05,25,3,gap,False,"{""multiplicity"":{""type"":""categorical"",""per"":""graph"",""in_dim"":1,""emb_dim"":1024,""num_classes"":101,""offset"":0},""total_charge"":{""type"":""categorical"",""per"":""graph"",""in_dim"":1,""emb_dim"":1024,""num_classes"":201,""offset"":100}}",64,False
wboqxoe5,cv10-tmPHOTO_emb-gap-inv-noH-ns64-d64-l3-energy-node,512,0.015243378467857838,0.008533033542335033,0.007362670730799437,0.001,64,0,True,normal,123,2.5,data/kulik/dataloader_kulik.py:tmPHOTO,torchchem_v1,xtb,test:data/kulik/tmPHOTO-splits/tmPHOTO_0_test_indices.npy,node,0.05,True,energy,0.8,torchchem_v1,1e-05,25,3,gap,False,"{""multiplicity"":{""type"":""categorical"",""per"":""graph"",""in_dim"":1,""emb_dim"":1024,""num_classes"":101,""offset"":0},""total_charge"":{""type"":""categorical"",""per"":""graph"",""in_dim"":1,""emb_dim"":1024,""num_classes"":201,""offset"":100}}",64,False
6xeb6e6s,cv10-tmPHOTO_emb-gap-inv-noH-ns48-d64-l3-vector_masked-node,398,0.01391282957047224,0.009007412008941174,0.00951605848968029,0.001,48,0,True,normal,123,2.5,data/kulik/dataloader_kulik.py:tmPHOTO,torchchem_v1,xtb,test:data/kulik/tmPHOTO-splits/tmPHOTO_9_test_indices.npy,node,0.05,True,vector_masked,0.8004,torchchem_v1,1e-05,25,3,gap,False,"{""multiplicity"":{""type"":""categorical"",""per"":""graph"",""in_dim"":1,""emb_dim"":1024,""num_classes"":101,""offset"":0},""total_charge"":{""type"":""categorical"",""per"":""graph"",""in_dim"":1,""emb_dim"":1024,""num_classes"":201,""offset"":100}}",64,False
j2onezpj,cv10-tmPHOTO_emb-gap-inv-noH-ns48-d64-l3-vector_masked-node,302,0.017553027719259262,0.010842830874025822,0.008789372630417347,0.001,48,0,True,normal,123,2.5,data/kulik/dataloader_kulik.py:tmPHOTO,torchchem_v1,xtb,test:data/kulik/tmPHOTO-splits/tmPHOTO_6_test_indices.npy,node,0.05,True,vector_masked,0.8,torchchem_v1,1e-05,25,3,gap,False,"{""multiplicity"":{""type"":""categorical"",""per"":""graph"",""in_dim"":1,""emb_dim"":1024,""num_classes"":101,""offset"":0},""total_charge"":{""type"":""categorical"",""per"":""graph"",""in_dim"":1,""emb_dim"":1024,""num_classes"":201,""offset"":100}}",64,False
iq3l1dl9,cv10-tmPHOTO_emb-gap-inv-noH-ns48-d64-l3-vector_masked-node,243,0.015554158948361874,0.009581642225384712,0.009941410273313522,0.001,48,0,True,normal,123,2.5,data/kulik/dataloader_kulik.py:tmPHOTO,torchchem_v1,xtb,test:data/kulik/tmPHOTO-splits/tmPHOTO_7_test_indices.npy,node,0.05,True,vector_masked,0.8,torchchem_v1,1e-05,25,3,gap,False,"{""multiplicity"":{""type"":""categorical"",""per"":""graph"",""in_dim"":1,""emb_dim"":1024,""num_classes"":101,""offset"":0},""total_charge"":{""type"":""categorical"",""per"":""graph"",""in_dim"":1,""emb_dim"":1024,""num_classes"":201,""offset"":100}}",64,False
x1sxsz6c,cv10-tmPHOTO_emb-Dispersion_E-inv-noH-ns48-d32-l3-vector_masked-both,350,0.01896677538752556,0.009208030067384245,0.009211014024913313,0.0005,48,0,True,normal,123,5.0,data/kulik/dataloader_kulik.py:tmPHOTO,torchchem_v1,xtb,test:data/kulik/tmPHOTO-splits/tmPHOTO_5_test_indices.npy,both,0.1,True,vector_masked,0.8,torchchem_v1,1e-05,10,3,Dispersion_E,False,"{""multiplicity"":{""type"":""categorical"",""per"":""graph"",""in_dim"":1,""emb_dim"":1024,""num_classes"":101,""offset"":0},""total_charge"":{""type"":""categorical"",""per"":""graph"",""in_dim"":1,""emb_dim"":1024,""num_classes"":201,""offset"":100}}",32,False
oolidm6r,cv10-tmPHOTO_emb-Dispersion_E-inv-noH-ns48-d32-l3-vector_masked-both,512,0.012088221497833729,0.006513446569442749,0.008845089934766293,0.0005,48,0,True,normal,123,5.0,data/kulik/dataloader_kulik.py:tmPHOTO,torchchem_v1,xtb,test:data/kulik/tmPHOTO-splits/tmPHOTO_7_test_indices.npy,both,0.1,True,vector_masked,0.8,torchchem_v1,1e-05,10,3,Dispersion_E,False,"{""multiplicity"":{""type"":""categorical"",""per"":""graph"",""in_dim"":1,""emb_dim"":1024,""num_classes"":101,""offset"":0},""total_charge"":{""type"":""categorical"",""per"":""graph"",""in_dim"":1,""emb_dim"":1024,""num_classes"":201,""offset"":100}}",32,False
z6fpuwlg,cv10-tmPHOTO_emb-Dispersion_E-inv-noH-ns48-d32-l3-vector_masked-both,263,0.017951808869838715,0.010122669860720634,0.00954112783074379,0.0005,48,0,True,normal,123,5.0,data/kulik/dataloader_kulik.py:tmPHOTO,torchchem_v1,xtb,test:data/kulik/tmPHOTO-splits/tmPHOTO_4_test_indices.npy,both,0.1,True,vector_masked,0.8,torchchem_v1,1e-05,10,3,Dispersion_E,False,"{""multiplicity"":{""type"":""categorical"",""per"":""graph"",""in_dim"":1,""emb_dim"":1024,""num_classes"":101,""offset"":0},""total_charge"":{""type"":""categorical"",""per"":""graph"",""in_dim"":1,""emb_dim"":1024,""num_classes"":201,""offset"":100}}",32,False
pb3glzux,cv10-tmPHOTO_emb-Dispersion_E-inv-noH-ns64-d64-l3-vector-node,512,0.0022839466109871864,0.0013896741438657043,0.00121524918358773,0.0005,64,0,True,normal,123,5.0,data/kulik/dataloader_kulik.py:tmPHOTO,torchchem_v1,xtb,test:data/kulik/tmPHOTO-splits/tmPHOTO_0_test_indices.npy,node,0.0,True,vector,0.8,torchchem_v1,1e-05,50,3,Dispersion_E,False,"{""multiplicity"":{""type"":""categorical"",""per"":""graph"",""in_dim"":1,""emb_dim"":1024,""num_classes"":101,""offset"":0},""total_charge"":{""type"":""categorical"",""per"":""graph"",""in_dim"":1,""emb_dim"":1024,""num_classes"":201,""offset"":100}}",64,False
eabmusaj,cv10-tmPHOTO_emb-Dispersion_E-inv-noH-ns48-d32-l3-vector_masked-both,438,0.018436487764120105,0.008554577827453613,0.009325436316430569,0.0005,48,0,True,normal,123,5.0,data/kulik/dataloader_kulik.py:tmPHOTO,torchchem_v1,xtb,test:data/kulik/tmPHOTO-splits/tmPHOTO_9_test_indices.npy,both,0.1,True,vector_masked,0.8004,torchchem_v1,1e-05,10,3,Dispersion_E,False,"{""multiplicity"":{""type"":""categorical"",""per"":""graph"",""in_dim"":1,""emb_dim"":1024,""num_classes"":101,""offset"":0},""total_charge"":{""type"":""categorical"",""per"":""graph"",""in_dim"":1,""emb_dim"":1024,""num_classes"":201,""offset"":100}}",32,False
mj050gp9,cv10-tmPHOTO_emb-Dispersion_E-inv-noH-ns48-d32-l3-vector_masked-both,295,0.017684856429696083,0.008815685287117958,0.00907723419368267,0.0005,48,0,True,normal,123,5.0,data/kulik/dataloader_kulik.py:tmPHOTO,torchchem_v1,xtb,test:data/kulik/tmPHOTO-splits/tmPHOTO_3_test_indices.npy,both,0.1,True,vector_masked,0.8,torchchem_v1,1e-05,10,3,Dispersion_E,False,"{""multiplicity"":{""type"":""categorical"",""per"":""graph"",""in_dim"":1,""emb_dim"":1024,""num_classes"":101,""offset"":0},""total_charge"":{""type"":""categorical"",""per"":""graph"",""in_dim"":1,""emb_dim"":1024,""num_classes"":201,""offset"":100}}",32,False
e997l8iw,cv10-tmPHOTO_emb-Dispersion_E-inv-noH-ns48-d32-l3-vector_masked-both,512,0.014296886511147022,0.007824142463505268,0.009308792650699615,0.0005,48,0,True,normal,123,5.0,data/kulik/dataloader_kulik.py:tmPHOTO,torchchem_v1,xtb,test:data/kulik/tmPHOTO-splits/tmPHOTO_8_test_indices.npy,both,0.1,True,vector_masked,0.8004,torchchem_v1,1e-05,10,3,Dispersion_E,False,"{""multiplicity"":{""type"":""categorical"",""per"":""graph"",""in_dim"":1,""emb_dim"":1024,""num_classes"":101,""offset"":0},""total_charge"":{""type"":""categorical"",""per"":""graph"",""in_dim"":1,""emb_dim"":1024,""num_classes"":201,""offset"":100}}",32,False
jbzulwuo,cv10-tmPHOTO_emb-Dispersion_E-inv-noH-ns48-d32-l3-vector_masked-both,484,0.012893298640847206,0.007522661238908768,0.009710033424198627,0.0005,48,0,True,normal,123,5.0,data/kulik/dataloader_kulik.py:tmPHOTO,torchchem_v1,xtb,test:data/kulik/tmPHOTO-splits/tmPHOTO_6_test_indices.npy,both,0.1,True,vector_masked,0.8,torchchem_v1,1e-05,10,3,Dispersion_E,False,"{""multiplicity"":{""type"":""categorical"",""per"":""graph"",""in_dim"":1,""emb_dim"":1024,""num_classes"":101,""offset"":0},""total_charge"":{""type"":""categorical"",""per"":""graph"",""in_dim"":1,""emb_dim"":1024,""num_classes"":201,""offset"":100}}",32,False
uucgcm0b,cv10-tmPHOTO_emb-gap-inv-noH-ns48-d64-l3-vector_masked-node,491,0.018276900053024292,0.010428866371512411,0.009501065127551556,0.001,48,0,True,normal,123,2.5,data/kulik/dataloader_kulik.py:tmPHOTO,torchchem_v1,xtb,test:data/kulik/tmPHOTO-splits/tmPHOTO_3_test_indices.npy,node,0.05,True,vector_masked,0.8,torchchem_v1,1e-05,25,3,gap,False,"{""multiplicity"":{""type"":""categorical"",""per"":""graph"",""in_dim"":1,""emb_dim"":1024,""num_classes"":101,""offset"":0},""total_charge"":{""type"":""categorical"",""per"":""graph"",""in_dim"":1,""emb_dim"":1024,""num_classes"":201,""offset"":100}}",64,False
r4a59sjc,cv10-tmPHOTO_emb-gap-inv-noH-ns48-d64-l3-vector_masked-node,456,0.016082637012004852,0.009856556542217731,0.009156491607427595,0.001,48,0,True,normal,123,2.5,data/kulik/dataloader_kulik.py:tmPHOTO,torchchem_v1,xtb,test:data/kulik/tmPHOTO-splits/tmPHOTO_2_test_indices.npy,node,0.05,True,vector_masked,0.8,torchchem_v1,1e-05,25,3,gap,False,"{""multiplicity"":{""type"":""categorical"",""per"":""graph"",""in_dim"":1,""emb_dim"":1024,""num_classes"":101,""offset"":0},""total_charge"":{""type"":""categorical"",""per"":""graph"",""in_dim"":1,""emb_dim"":1024,""num_classes"":201,""offset"":100}}",64,False
pelg7wrj,cv10-tmPHOTO_emb-gap-inv-noH-ns48-d64-l3-vector_masked-node,294,0.016919327899813652,0.010344047099351885,0.009983259253203869,0.001,48,0,True,normal,123,2.5,data/kulik/dataloader_kulik.py:tmPHOTO,torchchem_v1,xtb,test:data/kulik/tmPHOTO-splits/tmPHOTO_5_test_indices.npy,node,0.05,True,vector_masked,0.8,torchchem_v1,1e-05,25,3,gap,False,"{""multiplicity"":{""type"":""categorical"",""per"":""graph"",""in_dim"":1,""emb_dim"":1024,""num_classes"":101,""offset"":0},""total_charge"":{""type"":""categorical"",""per"":""graph"",""in_dim"":1,""emb_dim"":1024,""num_classes"":201,""offset"":100}}",64,False
exrd0tld,cv10-tmPHOTO_emb-gap-inv-noH-ns48-d64-l3-vector_masked-node,512,0.014132697135210035,0.00910806655883789,0.009294901974499226,0.001,48,0,True,normal,123,2.5,data/kulik/dataloader_kulik.py:tmPHOTO,torchchem_v1,xtb,test:data/kulik/tmPHOTO-splits/tmPHOTO_4_test_indices.npy,node,0.05,True,vector_masked,0.8,torchchem_v1,1e-05,25,3,gap,False,"{""multiplicity"":{""type"":""categorical"",""per"":""graph"",""in_dim"":1,""emb_dim"":1024,""num_classes"":101,""offset"":0},""total_charge"":{""type"":""categorical"",""per"":""graph"",""in_dim"":1,""emb_dim"":1024,""num_classes"":201,""offset"":100}}",64,False
yqxylf8t,cv10-tmPHOTO_emb-dipole_moment_Debye-inv-noH-ns64-d64-l3-vector-node,415,3.121201276779175,1.7494864463806152,1.5185139179229736,0.001,64,0,True,normal,123,2.5,data/kulik/dataloader_kulik.py:tmPHOTO,torchchem_v1,xtb,test:data/kulik/tmPHOTO-splits/tmPHOTO_0_test_indices.npy,node,0.05,True,vector,0.8,torchchem_v1,1e-05,50,3,dipole_moment_Debye,False,"{""multiplicity"":{""type"":""categorical"",""per"":""graph"",""in_dim"":1,""emb_dim"":1024,""num_classes"":101,""offset"":0},""total_charge"":{""type"":""categorical"",""per"":""graph"",""in_dim"":1,""emb_dim"":1024,""num_classes"":201,""offset"":100}}",64,False
tz5yu8ip,cv10-tmPHOTO_emb-dipole_moment_Debye-inv-noH-ns64-d64-l3-vector-node,303,2.2734382152557373,1.5138829946517944,1.5330933332443235,0.001,64,0,True,normal,123,2.5,data/kulik/dataloader_kulik.py:tmPHOTO,torchchem_v1,xtb,test:data/kulik/tmPHOTO-splits/tmPHOTO_3_test_indices.npy,node,0.05,True,vector,0.8,torchchem_v1,1e-05,50,3,dipole_moment_Debye,False,"{""multiplicity"":{""type"":""categorical"",""per"":""graph"",""in_dim"":1,""emb_dim"":1024,""num_classes"":101,""offset"":0},""total_charge"":{""type"":""categorical"",""per"":""graph"",""in_dim"":1,""emb_dim"":1024,""num_classes"":201,""offset"":100}}",64,False
l3xqa6f5,cv10-tmPHOTO_emb-dipole_moment_Debye-inv-noH-ns64-d64-l3-vector-node,423,2.6894562244415283,1.7131834030151367,1.5419679880142212,0.001,64,0,True,normal,123,2.5,data/kulik/dataloader_kulik.py:tmPHOTO,torchchem_v1,xtb,test:data/kulik/tmPHOTO-splits/tmPHOTO_4_test_indices.npy,node,0.05,True,vector,0.8,torchchem_v1,1e-05,50,3,dipole_moment_Debye,False,"{""multiplicity"":{""type"":""categorical"",""per"":""graph"",""in_dim"":1,""emb_dim"":1024,""num_classes"":101,""offset"":0},""total_charge"":{""type"":""categorical"",""per"":""graph"",""in_dim"":1,""emb_dim"":1024,""num_classes"":201,""offset"":100}}",64,False
cz6pdnq8,cv10-tmPHOTO_emb-dipole_moment_Debye-inv-noH-ns32-d16-l3-vector_masked-both,289,2.607229232788086,1.739933967590332,1.516499638557434,0.001,32,0,True,normal,123,5.0,data/kulik/dataloader_kulik.py:tmPHOTO,torchchem_v1,xtb,test:data/kulik/tmPHOTO-splits/tmPHOTO_9_test_indices.npy,both,0.1,True,vector_masked,0.8004,torchchem_v1,1e-05,50,3,dipole_moment_Debye,False,"{""multiplicity"":{""type"":""categorical"",""per"":""graph"",""in_dim"":1,""emb_dim"":1024,""num_classes"":101,""offset"":0},""total_charge"":{""type"":""categorical"",""per"":""graph"",""in_dim"":1,""emb_dim"":1024,""num_classes"":201,""offset"":100}}",16,False
b9mzi6b3,cv10-tmPHOTO_emb-dipole_moment_Debye-inv-noH-ns32-d16-l3-vector_masked-both,442,2.659672975540161,1.6343421936035156,1.5191904306411743,0.001,32,0,True,normal,123,5.0,data/kulik/dataloader_kulik.py:tmPHOTO,torchchem_v1,xtb,test:data/kulik/tmPHOTO-splits/tmPHOTO_7_test_indices.npy,both,0.1,True,vector_masked,0.8,torchchem_v1,1e-05,50,3,dipole_moment_Debye,False,"{""multiplicity"":{""type"":""categorical"",""per"":""graph"",""in_dim"":1,""emb_dim"":1024,""num_classes"":101,""offset"":0},""total_charge"":{""type"":""categorical"",""per"":""graph"",""in_dim"":1,""emb_dim"":1024,""num_classes"":201,""offset"":100}}",16,False
b86sx1t4,cv10-tmPHOTO_emb-dipole_moment_Debye-inv-noH-ns64-d64-l3-vector-node,318,2.2914087772369385,1.5936341285705566,1.53332257270813,0.001,64,0,True,normal,123,2.5,data/kulik/dataloader_kulik.py:tmPHOTO,torchchem_v1,xtb,test:data/kulik/tmPHOTO-splits/tmPHOTO_2_test_indices.npy,node,0.05,True,vector,0.8,torchchem_v1,1e-05,50,3,dipole_moment_Debye,False,"{""multiplicity"":{""type"":""categorical"",""per"":""graph"",""in_dim"":1,""emb_dim"":1024,""num_classes"":101,""offset"":0},""total_charge"":{""type"":""categorical"",""per"":""graph"",""in_dim"":1,""emb_dim"":1024,""num_classes"":201,""offset"":100}}",64,False
9i684xj4,cv10-tmPHOTO_emb-dipole_moment_Debye-inv-noH-ns32-d16-l3-vector_masked-both,308,2.6269822120666504,1.694332242012024,1.5711212158203125,0.001,32,0,True,normal,123,5.0,data/kulik/dataloader_kulik.py:tmPHOTO,torchchem_v1,xtb,test:data/kulik/tmPHOTO-splits/tmPHOTO_8_test_indices.npy,both,0.1,True,vector_masked,0.8004,torchchem_v1,1e-05,50,3,dipole_moment_Debye,False,"{""multiplicity"":{""type"":""categorical"",""per"":""graph"",""in_dim"":1,""emb_dim"":1024,""num_classes"":101,""offset"":0},""total_charge"":{""type"":""categorical"",""per"":""graph"",""in_dim"":1,""emb_dim"":1024,""num_classes"":201,""offset"":100}}",16,False
2t4sl8qu,cv10-tmPHOTO_emb-dipole_moment_Debye-inv-noH-ns64-d64-l3-vector-node,430,2.345341682434082,1.4752593040466309,1.4544391632080078,0.001,64,0,True,normal,123,2.5,data/kulik/dataloader_kulik.py:tmPHOTO,torchchem_v1,xtb,test:data/kulik/tmPHOTO-splits/tmPHOTO_1_test_indices.npy,node,0.05,True,vector,0.8,torchchem_v1,1e-05,50,3,dipole_moment_Debye,False,"{""multiplicity"":{""type"":""categorical"",""per"":""graph"",""in_dim"":1,""emb_dim"":1024,""num_classes"":101,""offset"":0},""total_charge"":{""type"":""categorical"",""per"":""graph"",""in_dim"":1,""emb_dim"":1024,""num_classes"":201,""offset"":100}}",64,False
wvnwrf8t,cv10-tmPHOTO_emb-dipole_moment_Debye-inv-noH-ns32-d16-l3-vector_masked-both,430,2.5093507766723633,1.623151779174805,1.6618738174438477,0.001,32,0,True,normal,123,5.0,data/kulik/dataloader_kulik.py:tmPHOTO,torchchem_v1,xtb,test:data/kulik/tmPHOTO-splits/tmPHOTO_5_test_indices.npy,both,0.1,True,vector_masked,0.8,torchchem_v1,1e-05,50,3,dipole_moment_Debye,False,"{""multiplicity"":{""type"":""categorical"",""per"":""graph"",""in_dim"":1,""emb_dim"":1024,""num_classes"":101,""offset"":0},""total_charge"":{""type"":""categorical"",""per"":""graph"",""in_dim"":1,""emb_dim"":1024,""num_classes"":201,""offset"":100}}",16,False
a0colc1t,cv10-tmPHOTO_emb-dipole_moment_Debye-inv-noH-ns32-d16-l3-vector_masked-both,389,2.7027158737182617,1.741164207458496,1.456727385520935,0.001,32,0,True,normal,123,5.0,data/kulik/dataloader_kulik.py:tmPHOTO,torchchem_v1,xtb,test:data/kulik/tmPHOTO-splits/tmPHOTO_6_test_indices.npy,both,0.1,True,vector_masked,0.8,torchchem_v1,1e-05,50,3,dipole_moment_Debye,False,"{""multiplicity"":{""type"":""categorical"",""per"":""graph"",""in_dim"":1,""emb_dim"":1024,""num_classes"":101,""offset"":0},""total_charge"":{""type"":""categorical"",""per"":""graph"",""in_dim"":1,""emb_dim"":1024,""num_classes"":201,""offset"":100}}",16,False
xw0198bf,cv10-tmPHOTO_emb-dipole_moment_Debye-inv-noH-ns32-d16-l3-vector_masked-both,444,2.422721147537231,1.662841558456421,1.4837955236434937,0.001,32,0,True,normal,123,5.0,data/kulik/dataloader_kulik.py:tmPHOTO,torchchem_v1,xtb,test:data/kulik/tmPHOTO-splits/tmPHOTO_1_test_indices.npy,both,0.1,True,vector_masked,0.8,torchchem_v1,1e-05,50,3,dipole_moment_Debye,False,"{""multiplicity"":{""type"":""categorical"",""per"":""graph"",""in_dim"":1,""emb_dim"":1024,""num_classes"":101,""offset"":0},""total_charge"":{""type"":""categorical"",""per"":""graph"",""in_dim"":1,""emb_dim"":1024,""num_classes"":201,""offset"":100}}",16,False
fg689dik,cv10-tmPHOTO_emb-dipole_moment_Debye-inv-noH-ns32-d16-l3-vector_masked-both,242,2.461005449295044,1.7349671125411987,1.637706995010376,0.001,32,0,True,normal,123,5.0,data/kulik/dataloader_kulik.py:tmPHOTO,torchchem_v1,xtb,test:data/kulik/tmPHOTO-splits/tmPHOTO_2_test_indices.npy,both,0.1,True,vector_masked,0.8,torchchem_v1,1e-05,50,3,dipole_moment_Debye,False,"{""multiplicity"":{""type"":""categorical"",""per"":""graph"",""in_dim"":1,""emb_dim"":1024,""num_classes"":101,""offset"":0},""total_charge"":{""type"":""categorical"",""per"":""graph"",""in_dim"":1,""emb_dim"":1024,""num_classes"":201,""offset"":100}}",16,False
1s42ormx,cv10-tmPHOTO_emb-dipole_moment_Debye-inv-noH-ns32-d16-l3-vector_masked-both,253,2.733603239059448,1.7413560152053833,1.604367733001709,0.001,32,0,True,normal,123,5.0,data/kulik/dataloader_kulik.py:tmPHOTO,torchchem_v1,xtb,test:data/kulik/tmPHOTO-splits/tmPHOTO_4_test_indices.npy,both,0.1,True,vector_masked,0.8,torchchem_v1,1e-05,50,3,dipole_moment_Debye,False,"{""multiplicity"":{""type"":""categorical"",""per"":""graph"",""in_dim"":1,""emb_dim"":1024,""num_classes"":101,""offset"":0},""total_charge"":{""type"":""categorical"",""per"":""graph"",""in_dim"":1,""emb_dim"":1024,""num_classes"":201,""offset"":100}}",16,False
04y9os0i,cv10-tmPHOTO_emb-dipole_moment_Debye-inv-noH-ns32-d16-l3-vector_masked-both,414,2.321732759475708,1.625414490699768,1.6174589395523071,0.001,32,0,True,normal,123,5.0,data/kulik/dataloader_kulik.py:tmPHOTO,torchchem_v1,xtb,test:data/kulik/tmPHOTO-splits/tmPHOTO_3_test_indices.npy,both,0.1,True,vector_masked,0.8,torchchem_v1,1e-05,50,3,dipole_moment_Debye,False,"{""multiplicity"":{""type"":""categorical"",""per"":""graph"",""in_dim"":1,""emb_dim"":1024,""num_classes"":101,""offset"":0},""total_charge"":{""type"":""categorical"",""per"":""graph"",""in_dim"":1,""emb_dim"":1024,""num_classes"":201,""offset"":100}}",16,False
xl5t4ii7,cv10-tmPHOTO_emb-Dispersion_E-inv-noH-ns64-d64-l3-vector-node,512,0.001834668219089508,0.0012313509359955788,0.0012405652087181809,0.0005,64,0,True,normal,123,5.0,data/kulik/dataloader_kulik.py:tmPHOTO,torchchem_v1,xtb,test:data/kulik/tmPHOTO-splits/tmPHOTO_3_test_indices.npy,node,0.0,True,vector,0.8,torchchem_v1,1e-05,50,3,Dispersion_E,False,"{""multiplicity"":{""type"":""categorical"",""per"":""graph"",""in_dim"":1,""emb_dim"":1024,""num_classes"":101,""offset"":0},""total_charge"":{""type"":""categorical"",""per"":""graph"",""in_dim"":1,""emb_dim"":1024,""num_classes"":201,""offset"":100}}",64,False
i3eb8u7w,cv10-tmPHOTO_emb-Dispersion_E-inv-noH-ns64-d64-l3-vector-node,512,0.0018115014536306264,0.001148395473137498,0.0012132381089031696,0.0005,64,0,True,normal,123,5.0,data/kulik/dataloader_kulik.py:tmPHOTO,torchchem_v1,xtb,test:data/kulik/tmPHOTO-splits/tmPHOTO_1_test_indices.npy,node,0.0,True,vector,0.8,torchchem_v1,1e-05,50,3,Dispersion_E,False,"{""multiplicity"":{""type"":""categorical"",""per"":""graph"",""in_dim"":1,""emb_dim"":1024,""num_classes"":101,""offset"":0},""total_charge"":{""type"":""categorical"",""per"":""graph"",""in_dim"":1,""emb_dim"":1024,""num_classes"":201,""offset"":100}}",64,False
84f5plfa,cv10-tmPHOTO_emb-Dispersion_E-inv-noH-ns64-d64-l3-vector-node,512,0.002292071003466845,0.0014147079782560468,0.0011950203916057944,0.0005,64,0,True,normal,123,5.0,data/kulik/dataloader_kulik.py:tmPHOTO,torchchem_v1,xtb,test:data/kulik/tmPHOTO-splits/tmPHOTO_2_test_indices.npy,node,0.0,True,vector,0.8,torchchem_v1,1e-05,50,3,Dispersion_E,False,"{""multiplicity"":{""type"":""categorical"",""per"":""graph"",""in_dim"":1,""emb_dim"":1024,""num_classes"":101,""offset"":0},""total_charge"":{""type"":""categorical"",""per"":""graph"",""in_dim"":1,""emb_dim"":1024,""num_classes"":201,""offset"":100}}",64,False
mepezx7o,cv10-tmPHOTO_emb-dipole_moment_Debye-inv-noH-ns32-d16-l3-vector_masked-both,325,3.215038061141968,1.8907133340835571,1.553000569343567,0.001,32,0,True,normal,123,5.0,data/kulik/dataloader_kulik.py:tmPHOTO,torchchem_v1,xtb,test:data/kulik/tmPHOTO-splits/tmPHOTO_0_test_indices.npy,both,0.1,True,vector_masked,0.8,torchchem_v1,1e-05,50,3,dipole_moment_Debye,False,"{""multiplicity"":{""type"":""categorical"",""per"":""graph"",""in_dim"":1,""emb_dim"":1024,""num_classes"":101,""offset"":0},""total_charge"":{""type"":""categorical"",""per"":""graph"",""in_dim"":1,""emb_dim"":1024,""num_classes"":201,""offset"":100}}",16,False
yefn3yo6,cv10-tmPHOTO_emb-Dispersion_E-inv-noH-ns64-d64-l3-vector-node,493,0.0019233777420595288,0.001286879414692521,0.0013128567952662706,0.0005,64,0,True,normal,123,5.0,data/kulik/dataloader_kulik.py:tmPHOTO,torchchem_v1,xtb,test:data/kulik/tmPHOTO-splits/tmPHOTO_6_test_indices.npy,node,0.0,True,vector,0.8,torchchem_v1,1e-05,50,3,Dispersion_E,False,"{""multiplicity"":{""type"":""categorical"",""per"":""graph"",""in_dim"":1,""emb_dim"":1024,""num_classes"":101,""offset"":0},""total_charge"":{""type"":""categorical"",""per"":""graph"",""in_dim"":1,""emb_dim"":1024,""num_classes"":201,""offset"":100}}",64,False
ydmnuahz,cv10-tmPHOTO_emb-Dispersion_E-inv-noH-ns64-d64-l3-vector-node,512,0.0016911594429984689,0.0011420627124607563,0.0012114131823182106,0.0005,64,0,True,normal,123,5.0,data/kulik/dataloader_kulik.py:tmPHOTO,torchchem_v1,xtb,test:data/kulik/tmPHOTO-splits/tmPHOTO_5_test_indices.npy,node,0.0,True,vector,0.8,torchchem_v1,1e-05,50,3,Dispersion_E,False,"{""multiplicity"":{""type"":""categorical"",""per"":""graph"",""in_dim"":1,""emb_dim"":1024,""num_classes"":101,""offset"":0},""total_charge"":{""type"":""categorical"",""per"":""graph"",""in_dim"":1,""emb_dim"":1024,""num_classes"":201,""offset"":100}}",64,False
x6tvd51j,cv10-tmPHOTO_emb-dipole_moment_Debye-inv-noH-ns64-d64-l3-vector-node,494,2.49875545501709,1.6007559299468994,1.4551441669464111,0.001,64,0,True,normal,123,2.5,data/kulik/dataloader_kulik.py:tmPHOTO,torchchem_v1,xtb,test:data/kulik/tmPHOTO-splits/tmPHOTO_8_test_indices.npy,node,0.05,True,vector,0.8004,torchchem_v1,1e-05,50,3,dipole_moment_Debye,False,"{""multiplicity"":{""type"":""categorical"",""per"":""graph"",""in_dim"":1,""emb_dim"":1024,""num_classes"":101,""offset"":0},""total_charge"":{""type"":""categorical"",""per"":""graph"",""in_dim"":1,""emb_dim"":1024,""num_classes"":201,""offset"":100}}",64,False
x1xam78u,cv10-tmPHOTO_emb-Dispersion_E-inv-noH-ns64-d64-l3-vector-node,512,0.002000014530494809,0.0012550815008580685,0.0013032001443207264,0.0005,64,0,True,normal,123,5.0,data/kulik/dataloader_kulik.py:tmPHOTO,torchchem_v1,xtb,test:data/kulik/tmPHOTO-splits/tmPHOTO_4_test_indices.npy,node,0.0,True,vector,0.8,torchchem_v1,1e-05,50,3,Dispersion_E,False,"{""multiplicity"":{""type"":""categorical"",""per"":""graph"",""in_dim"":1,""emb_dim"":1024,""num_classes"":101,""offset"":0},""total_charge"":{""type"":""categorical"",""per"":""graph"",""in_dim"":1,""emb_dim"":1024,""num_classes"":201,""offset"":100}}",64,False
wrixhfbl,cv10-tmPHOTO_emb-dipole_moment_Debye-inv-noH-ns64-d64-l3-vector-node,377,2.875771760940552,1.751197338104248,1.490788221359253,0.001,64,0,True,normal,123,2.5,data/kulik/dataloader_kulik.py:tmPHOTO,torchchem_v1,xtb,test:data/kulik/tmPHOTO-splits/tmPHOTO_6_test_indices.npy,node,0.05,True,vector,0.8,torchchem_v1,1e-05,50,3,dipole_moment_Debye,False,"{""multiplicity"":{""type"":""categorical"",""per"":""graph"",""in_dim"":1,""emb_dim"":1024,""num_classes"":101,""offset"":0},""total_charge"":{""type"":""categorical"",""per"":""graph"",""in_dim"":1,""emb_dim"":1024,""num_classes"":201,""offset"":100}}",64,False
sue7aptk,cv10-tmPHOTO_emb-gap-inv-noH-ns48-d64-l3-vector_masked-node,309,0.017638476565480232,0.01033333409577608,0.009210235439240932,0.001,48,0,True,normal,123,2.5,data/kulik/dataloader_kulik.py:tmPHOTO,torchchem_v1,xtb,test:data/kulik/tmPHOTO-splits/tmPHOTO_0_test_indices.npy,node,0.05,True,vector_masked,0.8,torchchem_v1,1e-05,25,3,gap,False,"{""multiplicity"":{""type"":""categorical"",""per"":""graph"",""in_dim"":1,""emb_dim"":1024,""num_classes"":101,""offset"":0},""total_charge"":{""type"":""categorical"",""per"":""graph"",""in_dim"":1,""emb_dim"":1024,""num_classes"":201,""offset"":100}}",64,False
rhdcrv2h,cv10-tmPHOTO_emb-Dispersion_E-inv-noH-ns64-d64-l3-vector-node,512,0.0021468033082783222,0.001167028327472508,0.0012729238951578736,0.0005,64,0,True,normal,123,5.0,data/kulik/dataloader_kulik.py:tmPHOTO,torchchem_v1,xtb,test:data/kulik/tmPHOTO-splits/tmPHOTO_7_test_indices.npy,node,0.0,True,vector,0.8,torchchem_v1,1e-05,50,3,Dispersion_E,False,"{""multiplicity"":{""type"":""categorical"",""per"":""graph"",""in_dim"":1,""emb_dim"":1024,""num_classes"":101,""offset"":0},""total_charge"":{""type"":""categorical"",""per"":""graph"",""in_dim"":1,""emb_dim"":1024,""num_classes"":201,""offset"":100}}",64,False
qxh758ja,cv10-tmPHOTO_emb-Dispersion_E-inv-noH-ns64-d64-l3-vector-node,512,0.0018312545726075768,0.0012552066473290324,0.0012058377033099532,0.0005,64,0,True,normal,123,5.0,data/kulik/dataloader_kulik.py:tmPHOTO,torchchem_v1,xtb,test:data/kulik/tmPHOTO-splits/tmPHOTO_8_test_indices.npy,node,0.0,True,vector,0.8004,torchchem_v1,1e-05,50,3,Dispersion_E,False,"{""multiplicity"":{""type"":""categorical"",""per"":""graph"",""in_dim"":1,""emb_dim"":1024,""num_classes"":101,""offset"":0},""total_charge"":{""type"":""categorical"",""per"":""graph"",""in_dim"":1,""emb_dim"":1024,""num_classes"":201,""offset"":100}}",64,False
n0zjbbn3,cv10-tmPHOTO_emb-Dispersion_E-inv-noH-ns48-d32-l3-vector_masked-both,512,0.016633663326501846,0.008389674127101898,0.00877325888723135,0.0005,48,0,True,normal,123,5.0,data/kulik/dataloader_kulik.py:tmPHOTO,torchchem_v1,xtb,test:data/kulik/tmPHOTO-splits/tmPHOTO_2_test_indices.npy,both,0.1,True,vector_masked,0.8,torchchem_v1,1e-05,10,3,Dispersion_E,False,"{""multiplicity"":{""type"":""categorical"",""per"":""graph"",""in_dim"":1,""emb_dim"":1024,""num_classes"":101,""offset"":0},""total_charge"":{""type"":""categorical"",""per"":""graph"",""in_dim"":1,""emb_dim"":1024,""num_classes"":201,""offset"":100}}",32,False
iu3u7l0h,cv10-tmPHOTO_emb-dipole_moment_Debye-inv-noH-ns64-d64-l3-vector-node,431,2.609785556793213,1.6307977437973022,1.4994875192642212,0.001,64,0,True,normal,123,2.5,data/kulik/dataloader_kulik.py:tmPHOTO,torchchem_v1,xtb,test:data/kulik/tmPHOTO-splits/tmPHOTO_5_test_indices.npy,node,0.05,True,vector,0.8,torchchem_v1,1e-05,50,3,dipole_moment_Debye,False,"{""multiplicity"":{""type"":""categorical"",""per"":""graph"",""in_dim"":1,""emb_dim"":1024,""num_classes"":101,""offset"":0},""total_charge"":{""type"":""categorical"",""per"":""graph"",""in_dim"":1,""emb_dim"":1024,""num_classes"":201,""offset"":100}}",64,False
goqp8945,cv10-tmPHOTO_emb-Dispersion_E-inv-noH-ns64-d64-l3-vector-node,512,0.0018763227853924036,0.0012329353485256431,0.0011867883149534464,0.0005,64,0,True,normal,123,5.0,data/kulik/dataloader_kulik.py:tmPHOTO,torchchem_v1,xtb,test:data/kulik/tmPHOTO-splits/tmPHOTO_9_test_indices.npy,node,0.0,True,vector,0.8004,torchchem_v1,1e-05,50,3,Dispersion_E,False,"{""multiplicity"":{""type"":""categorical"",""per"":""graph"",""in_dim"":1,""emb_dim"":1024,""num_classes"":101,""offset"":0},""total_charge"":{""type"":""categorical"",""per"":""graph"",""in_dim"":1,""emb_dim"":1024,""num_classes"":201,""offset"":100}}",64,False
dtd5wrmd,cv10-tmPHOTO_emb-dipole_moment_Debye-inv-noH-ns64-d64-l3-vector-node,448,2.47725772857666,1.5562373399734497,1.5617235898971558,0.001,64,0,True,normal,123,2.5,data/kulik/dataloader_kulik.py:tmPHOTO,torchchem_v1,xtb,test:data/kulik/tmPHOTO-splits/tmPHOTO_7_test_indices.npy,node,0.05,True,vector,0.8,torchchem_v1,1e-05,50,3,dipole_moment_Debye,False,"{""multiplicity"":{""type"":""categorical"",""per"":""graph"",""in_dim"":1,""emb_dim"":1024,""num_classes"":101,""offset"":0},""total_charge"":{""type"":""categorical"",""per"":""graph"",""in_dim"":1,""emb_dim"":1024,""num_classes"":201,""offset"":100}}",64,False
drht5n3l,cv10-tmPHOTO_emb-dipole_moment_Debye-inv-noH-ns64-d64-l3-vector-node,512,2.578516721725464,1.636324405670166,1.569101333618164,0.001,64,0,True,normal,123,2.5,data/kulik/dataloader_kulik.py:tmPHOTO,torchchem_v1,xtb,test:data/kulik/tmPHOTO-splits/tmPHOTO_9_test_indices.npy,node,0.05,True,vector,0.8004,torchchem_v1,1e-05,50,3,dipole_moment_Debye,False,"{""multiplicity"":{""type"":""categorical"",""per"":""graph"",""in_dim"":1,""emb_dim"":1024,""num_classes"":101,""offset"":0},""total_charge"":{""type"":""categorical"",""per"":""graph"",""in_dim"":1,""emb_dim"":1024,""num_classes"":201,""offset"":100}}",64,False
algzybgv,cv10-tmPHOTO_emb-Dispersion_E-inv-noH-ns48-d32-l3-vector_masked-both,510,0.017433060333132744,0.009292849339544771,0.009106602519750597,0.0005,48,0,True,normal,123,5.0,data/kulik/dataloader_kulik.py:tmPHOTO,torchchem_v1,xtb,test:data/kulik/tmPHOTO-splits/tmPHOTO_0_test_indices.npy,both,0.1,True,vector_masked,0.8,torchchem_v1,1e-05,10,3,Dispersion_E,False,"{""multiplicity"":{""type"":""categorical"",""per"":""graph"",""in_dim"":1,""emb_dim"":1024,""num_classes"":101,""offset"":0},""total_charge"":{""type"":""categorical"",""per"":""graph"",""in_dim"":1,""emb_dim"":1024,""num_classes"":201,""offset"":100}}",32,False
a8i0k3qw,cv10-tmPHOTO_emb-Dispersion_E-inv-noH-ns48-d32-l3-vector_masked-both,409,0.01514278445392847,0.0075600482523441315,0.00870509259402752,0.0005,48,0,True,normal,123,5.0,data/kulik/dataloader_kulik.py:tmPHOTO,torchchem_v1,xtb,test:data/kulik/tmPHOTO-splits/tmPHOTO_1_test_indices.npy,both,0.1,True,vector_masked,0.8,torchchem_v1,1e-05,10,3,Dispersion_E,False,"{""multiplicity"":{""type"":""categorical"",""per"":""graph"",""in_dim"":1,""emb_dim"":1024,""num_classes"":101,""offset"":0},""total_charge"":{""type"":""categorical"",""per"":""graph"",""in_dim"":1,""emb_dim"":1024,""num_classes"":201,""offset"":100}}",32,False
08y7prz0,cv10-tmPHOTO_emb-gap-inv-noH-ns48-d64-l3-vector_masked-node,299,0.015650229528546333,0.01016700454056263,0.009483139961957932,0.001,48,0,True,normal,123,2.5,data/kulik/dataloader_kulik.py:tmPHOTO,torchchem_v1,xtb,test:data/kulik/tmPHOTO-splits/tmPHOTO_1_test_indices.npy,node,0.05,True,vector_masked,0.8,torchchem_v1,1e-05,25,3,gap,False,"{""multiplicity"":{""type"":""categorical"",""per"":""graph"",""in_dim"":1,""emb_dim"":1024,""num_classes"":101,""offset"":0},""total_charge"":{""type"":""categorical"",""per"":""graph"",""in_dim"":1,""emb_dim"":1024,""num_classes"":201,""offset"":100}}",64,False
wk6semy7,cv10-tmPHOTO-Polarizability-inv-noH-ns32-d64-l3-vector_masked-node,328,50.92618695864372,23.746969507233405,22.79829483071608,0.001,32,0,True,,123,5.0,data/kulik/dataloader_kulik.py:tmPHOTO,torchchem_v1,xtb,test:data/kulik/tmPHOTO-splits/tmPHOTO_9_test_indices.npy,node,0.0,True,vector_masked,0.8004,torchchem_v1,1e-05,50,3,Polarizability,,,64,
2ame7uuz,cv10-tmPHOTO-Polarizability-inv-noH-ns32-d64-l3-vector_masked-node,310,40.165845765963454,22.346924378590437,21.19193548314049,0.001,32,0,True,,123,5.0,data/kulik/dataloader_kulik.py:tmPHOTO,torchchem_v1,xtb,test:data/kulik/tmPHOTO-splits/tmPHOTO_8_test_indices.npy,node,0.0,True,vector_masked,0.8004,torchchem_v1,1e-05,50,3,Polarizability,,,64,
zltqot6x,cv10-tmPHOTO-Polarizability-inv-noH-ns32-d32-l2-energy-node,512,2.688499773252665,1.236199343903038,1.0664095534976026,0.001,32,0,True,,123,5.0,data/kulik/dataloader_kulik.py:tmPHOTO,torchchem_v1,xtb,test:data/kulik/tmPHOTO-splits/tmPHOTO_9_test_indices.npy,node,0.0,True,energy,0.8004,torchchem_v1,0.0,25,2,Polarizability,,,32,
zuenj8ur,cv10-tmPHOTO-HOMO-inv-noH-ns64-d32-l3-vector-both,278,0.023952846330670737,0.010868966546400093,0.00989859186326202,0.0005,64,0,True,,123,2.5,data/kulik/dataloader_kulik.py:tmPHOTO,torchchem_v1,xtb,test:data/kulik/tmPHOTO-splits/tmPHOTO_8_test_indices.npy,both,0.0,True,vector,0.8004,torchchem_v1,1e-05,50,3,HOMO,,,32,
e6evaayj,cv10-tmPHOTO-gap-inv-noH-ns64-d64-l3-energy-node,512,0.012612738268309208,0.008006462348025637,0.007552839455226733,0.001,64,0,True,,123,2.5,data/kulik/dataloader_kulik.py:tmPHOTO,torchchem_v1,xtb,test:data/kulik/tmPHOTO-splits/tmPHOTO_9_test_indices.npy,node,0.05,True,energy,0.8004,torchchem_v1,1e-05,25,3,gap,,,64,
nr55vhd9,cv10-tmPHOTO-Polarizability-inv-noH-ns32-d32-l2-energy-node,512,16.230281420829375,1.918271011852582,1.2800477537459376,0.001,32,0,True,,123,5.0,data/kulik/dataloader_kulik.py:tmPHOTO,torchchem_v1,xtb,test:data/kulik/tmPHOTO-splits/tmPHOTO_8_test_indices.npy,node,0.0,True,energy,0.8004,torchchem_v1,0.0,25,2,Polarizability,,,32,
w27o79y3,cv10-tmPHOTO-dipole_moment_Debye-inv-noH-ns32-d16-l3-vector_masked-both,388,2.701419591229155,1.756428634716859,1.599333170089203,0.001,32,0,True,,123,5.0,data/kulik/dataloader_kulik.py:tmPHOTO,torchchem_v1,xtb,test:data/kulik/tmPHOTO-splits/tmPHOTO_8_test_indices.npy,both,0.1,True,vector_masked,0.8004,torchchem_v1,1e-05,50,3,dipole_moment_Debye,,,16,
g9fz1tbg,cv10-tmPHOTO-Metal_q-inv-noH-ns64-d32-l3-vector_masked-both,512,0.04430587887942919,0.020973289231875827,0.01605584384541305,0.0005,64,0,True,,123,2.5,data/kulik/dataloader_kulik.py:tmPHOTO,torchchem_v1,xtb,test:data/kulik/tmPHOTO-splits/tmPHOTO_9_test_indices.npy,both,0.0,True,vector_masked,0.8004,torchchem_v1,1e-05,50,3,Metal_q,,,32,
66qte8yd,cv10-tmPHOTO-dipole_moment_Debye-inv-noH-ns32-d16-l3-vector_masked-both,403,2.7339410847967747,1.7584800195914765,1.5134968420511468,0.001,32,0,True,,123,5.0,data/kulik/dataloader_kulik.py:tmPHOTO,torchchem_v1,xtb,test:data/kulik/tmPHOTO-splits/tmPHOTO_9_test_indices.npy,both,0.1,True,vector_masked,0.8004,torchchem_v1,1e-05,50,3,dipole_moment_Debye,,,16,
5rnnx37f,cv10-tmPHOTO-dipole_moment_Debye-inv-noH-ns64-d64-l3-vector-node,512,2.4842759720883953,1.5427936246267877,1.5802549142150328,0.001,64,0,True,,123,2.5,data/kulik/dataloader_kulik.py:tmPHOTO,torchchem_v1,xtb,test:data/kulik/tmPHOTO-splits/tmPHOTO_8_test_indices.npy,node,0.05,True,vector,0.8004,torchchem_v1,1e-05,50,3,dipole_moment_Debye,,,64,
tnvxudei,cv10-tmPHOTO-LUMO-inv-noH-ns64-d64-l3-vector-node,512,0.02200504251976176,0.00979754620337766,0.00916876941572044,0.001,64,0,True,,123,2.5,data/kulik/dataloader_kulik.py:tmPHOTO,torchchem_v1,xtb,test:data/kulik/tmPHOTO-splits/tmPHOTO_8_test_indices.npy,node,0.05,True,vector,0.8004,torchchem_v1,1e-05,50,3,LUMO,,,64,
tmbxrigw,cv10-tmPHOTO-Dispersion_E-inv-noH-ns64-d64-l3-vector-node,512,0.001701749945709987,0.0011702249776289677,0.0011685734308731998,0.0005,64,0,True,,123,5.0,data/kulik/dataloader_kulik.py:tmPHOTO,torchchem_v1,xtb,test:data/kulik/tmPHOTO-splits/tmPHOTO_8_test_indices.npy,node,0.0,True,vector,0.8004,torchchem_v1,1e-05,50,3,Dispersion_E,,,64,
ssqu6yb5,cv10-tmPHOTO-Dispersion_E-inv-noH-ns48-d32-l3-vector_masked-both,446,0.01777486141324518,0.008552787044862975,0.00961470765494508,0.0005,48,0,True,,123,5.0,data/kulik/dataloader_kulik.py:tmPHOTO,torchchem_v1,xtb,test:data/kulik/tmPHOTO-splits/tmPHOTO_9_test_indices.npy,both,0.1,True,vector_masked,0.8004,torchchem_v1,1e-05,10,3,Dispersion_E,,,32,
nb4znh20,cv10-tmPHOTO-gap-inv-noH-ns64-d64-l3-energy-node,512,0.01179214221353723,0.007556039654931693,0.008442564953666827,0.001,64,0,True,,123,2.5,data/kulik/dataloader_kulik.py:tmPHOTO,torchchem_v1,xtb,test:data/kulik/tmPHOTO-splits/tmPHOTO_8_test_indices.npy,node,0.05,True,energy,0.8004,torchchem_v1,1e-05,25,3,gap,,,64,
dp9rprk3,cv10-tmPHOTO-HOMO-inv-noH-ns64-d64-l3-vector_masked-node,433,0.028629752622612345,0.013720680273585945,0.011352523202695171,0.0005,64,0,True,,123,2.5,data/kulik/dataloader_kulik.py:tmPHOTO,torchchem_v1,xtb,test:data/kulik/tmPHOTO-splits/tmPHOTO_8_test_indices.npy,node,0.05,True,vector_masked,0.8004,torchchem_v1,1e-05,25,3,HOMO,,,64,
d23tu0mj,cv10-tmPHOTO-gap-inv-noH-ns48-d64-l3-vector_masked-node,451,0.01642347956097973,0.010421848502010035,0.00961982444053266,0.001,48,0,True,,123,2.5,data/kulik/dataloader_kulik.py:tmPHOTO,torchchem_v1,xtb,test:data/kulik/tmPHOTO-splits/tmPHOTO_8_test_indices.npy,node,0.05,True,vector_masked,0.8004,torchchem_v1,1e-05,25,3,gap,,,64,
4elclg4y,cv10-tmPHOTO-Dispersion_E-inv-noH-ns64-d64-l3-vector-node,512,0.0021669411333444084,0.001264654715466359,0.0011521882933766745,0.0005,64,0,True,,123,5.0,data/kulik/dataloader_kulik.py:tmPHOTO,torchchem_v1,xtb,test:data/kulik/tmPHOTO-splits/tmPHOTO_9_test_indices.npy,node,0.0,True,vector,0.8004,torchchem_v1,1e-05,50,3,Dispersion_E,,,64,
264ft81u,cv10-tmPHOTO-LUMO-inv-noH-ns64-d64-l3-vector_masked-both,245,0.027588609144309113,0.01687693063057688,0.014120205768306152,0.001,64,0,True,,123,2.5,data/kulik/dataloader_kulik.py:tmPHOTO,torchchem_v1,xtb,test:data/kulik/tmPHOTO-splits/tmPHOTO_8_test_indices.npy,both,0.0,True,vector_masked,0.8004,torchchem_v1,1e-05,10,3,LUMO,,,64,
25y6v0zh,cv10-tmPHOTO-gap-inv-noH-ns48-d64-l3-vector_masked-node,372,0.014886190536834891,0.009731033275898384,0.009340069240373053,0.001,48,0,True,,123,2.5,data/kulik/dataloader_kulik.py:tmPHOTO,torchchem_v1,xtb,test:data/kulik/tmPHOTO-splits/tmPHOTO_9_test_indices.npy,node,0.05,True,vector_masked,0.8004,torchchem_v1,1e-05,25,3,gap,,,64,
w1xihbef,cv10-tmPHOTO-HOMO-inv-noH-ns64-d64-l3-vector_masked-node,458,0.027524575846808168,0.014098232300920253,0.011957175644387004,0.0005,64,0,True,,123,2.5,data/kulik/dataloader_kulik.py:tmPHOTO,torchchem_v1,xtb,test:data/kulik/tmPHOTO-splits/tmPHOTO_9_test_indices.npy,node,0.05,True,vector_masked,0.8004,torchchem_v1,1e-05,25,3,HOMO,,,64,
qx4f019f,cv10-tmPHOTO-LUMO-inv-noH-ns64-d64-l3-vector_masked-both,324,0.02789225441508919,0.015613910652212223,0.014271489753134955,0.001,64,0,True,,123,2.5,data/kulik/dataloader_kulik.py:tmPHOTO,torchchem_v1,xtb,test:data/kulik/tmPHOTO-splits/tmPHOTO_9_test_indices.npy,both,0.0,True,vector_masked,0.8004,torchchem_v1,1e-05,10,3,LUMO,,,64,
jrtr87e5,cv10-tmPHOTO-HOMO-inv-noH-ns64-d32-l3-vector-both,351,0.0271508615062221,0.012333721906050648,0.009157588800749964,0.0005,64,0,True,,123,2.5,data/kulik/dataloader_kulik.py:tmPHOTO,torchchem_v1,xtb,test:data/kulik/tmPHOTO-splits/tmPHOTO_9_test_indices.npy,both,0.0,True,vector,0.8004,torchchem_v1,1e-05,50,3,HOMO,,,32,
pzwnavtu,cv10-tmPHOTO-Dispersion_E-inv-noH-ns48-d32-l3-vector_masked-both,314,0.014974926352938574,0.008646075236624109,0.009350603543791372,0.0005,48,0,True,,123,5.0,data/kulik/dataloader_kulik.py:tmPHOTO,torchchem_v1,xtb,test:data/kulik/tmPHOTO-splits/tmPHOTO_8_test_indices.npy,both,0.1,True,vector_masked,0.8004,torchchem_v1,1e-05,10,3,Dispersion_E,,,32,
c10e5qxn,cv10-tmPHOTO-Metal_q-inv-noH-ns64-d16-l3-energy-node,490,0.028188386592514714,0.01487982325929751,0.014990564076633432,0.0005,64,0,True,,123,5.0,data/kulik/dataloader_kulik.py:tmPHOTO,torchchem_v1,xtb,test:data/kulik/tmPHOTO-splits/tmPHOTO_8_test_indices.npy,node,0.0,True,energy,0.8004,torchchem_v1,0.0,10,3,Metal_q,,,16,
lnw2wb2w,cv10-tmPHOTO-Metal_q-inv-noH-ns64-d16-l3-energy-node,376,0.03702313870079078,0.018083838175209744,0.014708650727266345,0.0005,64,0,True,,123,5.0,data/kulik/dataloader_kulik.py:tmPHOTO,torchchem_v1,xtb,test:data/kulik/tmPHOTO-splits/tmPHOTO_9_test_indices.npy,node,0.0,True,energy,0.8004,torchchem_v1,0.0,10,3,Metal_q,,,16,
l3zljzf0,cv10-tmPHOTO-Metal_q-inv-noH-ns64-d32-l3-vector_masked-both,512,0.038408172803676255,0.01865577216659461,0.016144108027462623,0.0005,64,0,True,,123,2.5,data/kulik/dataloader_kulik.py:tmPHOTO,torchchem_v1,xtb,test:data/kulik/tmPHOTO-splits/tmPHOTO_8_test_indices.npy,both,0.0,True,vector_masked,0.8004,torchchem_v1,1e-05,50,3,Metal_q,,,32,
g9fw9lqx,cv10-tmPHOTO-dipole_moment_Debye-inv-noH-ns64-d64-l3-vector-node,478,2.4786007252045588,1.6099493493898844,1.5104287677265933,0.001,64,0,True,,123,2.5,data/kulik/dataloader_kulik.py:tmPHOTO,torchchem_v1,xtb,test:data/kulik/tmPHOTO-splits/tmPHOTO_9_test_indices.npy,node,0.05,True,vector,0.8004,torchchem_v1,1e-05,50,3,dipole_moment_Debye,,,64,
f46a5vdo,cv10-tmPHOTO-LUMO-inv-noH-ns64-d64-l3-vector-node,394,0.0253991643953292,0.01159151550884788,0.008451181334046492,0.001,64,0,True,,123,2.5,data/kulik/dataloader_kulik.py:tmPHOTO,torchchem_v1,xtb,test:data/kulik/tmPHOTO-splits/tmPHOTO_9_test_indices.npy,node,0.05,True,vector,0.8004,torchchem_v1,1e-05,50,3,LUMO,,,64,
avxr0xqo,cv10-tmPHOTO-Dispersion_E-inv-noH-ns64-d64-l3-vector-node,512,0.0017986797814574346,0.0011784882463518726,0.0012166606996857736,0.0005,64,0,True,,123,5.0,data/kulik/dataloader_kulik.py:tmPHOTO,torchchem_v1,xtb,test:data/kulik/tmPHOTO-splits/tmPHOTO_6_test_indices.npy,node,0.0,True,vector,0.8,torchchem_v1,1e-05,50,3,Dispersion_E,,,64,
dkoryulv,cv10-tmPHOTO-Dispersion_E-inv-noH-ns64-d64-l3-vector-node,512,0.002094352966439991,0.0011042777314642825,0.0011763930426852596,0.0005,64,0,True,,123,5.0,data/kulik/dataloader_kulik.py:tmPHOTO,torchchem_v1,xtb,test:data/kulik/tmPHOTO-splits/tmPHOTO_7_test_indices.npy,node,0.0,True,vector,0.8,torchchem_v1,1e-05,50,3,Dispersion_E,,,64,
shp7eko2,cv10-tmPHOTO-Metal_q-inv-noH-ns64-d16-l3-energy-node,418,0.02962016522616487,0.016025894746069764,0.0152351824188548,0.0005,64,0,True,,123,5.0,data/kulik/dataloader_kulik.py:tmPHOTO,torchchem_v1,xtb,test:data/kulik/tmPHOTO-splits/tmPHOTO_3_test_indices.npy,node,0.0,True,energy,0.8,torchchem_v1,0.0,10,3,Metal_q,,,16,
3acjpor1,cv10-tmPHOTO-Metal_q-inv-noH-ns64-d16-l3-energy-node,512,0.028741630945081698,0.014488692975397706,0.014998496452519612,0.0005,64,0,True,,123,5.0,data/kulik/dataloader_kulik.py:tmPHOTO,torchchem_v1,xtb,test:data/kulik/tmPHOTO-splits/tmPHOTO_4_test_indices.npy,node,0.0,True,energy,0.8,torchchem_v1,0.0,10,3,Metal_q,,,16,
qw2i1ihf,cv10-tmPHOTO-Metal_q-inv-noH-ns64-d16-l3-energy-node,512,0.04632727614872036,0.016083870838098733,0.015541170496736477,0.0005,64,0,True,,123,5.0,data/kulik/dataloader_kulik.py:tmPHOTO,torchchem_v1,xtb,test:data/kulik/tmPHOTO-splits/tmPHOTO_7_test_indices.npy,node,0.0,True,energy,0.8,torchchem_v1,0.0,10,3,Metal_q,,,16,
dwbfjs5h,cv10-tmPHOTO-Metal_q-inv-noH-ns64-d16-l3-energy-node,401,0.03412747198963132,0.017501216521051754,0.014451747990611614,0.0005,64,0,True,,123,5.0,data/kulik/dataloader_kulik.py:tmPHOTO,torchchem_v1,xtb,test:data/kulik/tmPHOTO-splits/tmPHOTO_6_test_indices.npy,node,0.0,True,energy,0.8,torchchem_v1,0.0,10,3,Metal_q,,,16,
aem91goz,cv10-tmPHOTO-Metal_q-inv-noH-ns64-d16-l3-energy-node,512,0.04022577661285837,0.01967950453272948,0.013810740034796517,0.0005,64,0,True,,123,5.0,data/kulik/dataloader_kulik.py:tmPHOTO,torchchem_v1,xtb,test:data/kulik/tmPHOTO-splits/tmPHOTO_2_test_indices.npy,node,0.0,True,energy,0.8,torchchem_v1,0.0,10,3,Metal_q,,,16,
6jyuv2bu,cv10-tmPHOTO-Metal_q-inv-noH-ns64-d16-l3-energy-node,512,0.0456650050420408,0.017615428268395107,0.014312938747181411,0.0005,64,0,True,,123,5.0,data/kulik/dataloader_kulik.py:tmPHOTO,torchchem_v1,xtb,test:data/kulik/tmPHOTO-splits/tmPHOTO_0_test_indices.npy,node,0.0,True,energy,0.8,torchchem_v1,0.0,10,3,Metal_q,,,16,
2ezqqd6b,cv10-tmPHOTO-Dispersion_E-inv-noH-ns48-d32-l3-vector_masked-both,321,0.017498957862465116,0.00917240366997906,0.009153079726860192,0.0005,48,0,True,,123,5.0,data/kulik/dataloader_kulik.py:tmPHOTO,torchchem_v1,xtb,test:data/kulik/tmPHOTO-splits/tmPHOTO_4_test_indices.npy,both,0.1,True,vector_masked,0.8,torchchem_v1,1e-05,10,3,Dispersion_E,,,32,
nr1skfin,cv10-tmPHOTO-Dispersion_E-inv-noH-ns64-d64-l3-vector-node,512,0.0015866161531381691,0.0010458104306563438,0.001162097101496183,0.0005,64,0,True,,123,5.0,data/kulik/dataloader_kulik.py:tmPHOTO,torchchem_v1,xtb,test:data/kulik/tmPHOTO-splits/tmPHOTO_1_test_indices.npy,node,0.0,True,vector,0.8,torchchem_v1,1e-05,50,3,Dispersion_E,,,64,
m2gbrbq4,cv10-tmPHOTO-Dispersion_E-inv-noH-ns64-d64-l3-vector-node,512,0.0026977107548294614,0.0014305567727532656,0.0011352323043251852,0.0005,64,0,True,,123,5.0,data/kulik/dataloader_kulik.py:tmPHOTO,torchchem_v1,xtb,test:data/kulik/tmPHOTO-splits/tmPHOTO_0_test_indices.npy,node,0.0,True,vector,0.8,torchchem_v1,1e-05,50,3,Dispersion_E,,,64,
ivd6jvbj,cv10-tmPHOTO-Dispersion_E-inv-noH-ns64-d64-l3-vector-node,512,0.001832169202930359,0.0012334843566610865,0.0012072137341587192,0.0005,64,0,True,,123,5.0,data/kulik/dataloader_kulik.py:tmPHOTO,torchchem_v1,xtb,test:data/kulik/tmPHOTO-splits/tmPHOTO_4_test_indices.npy,node,0.0,True,vector,0.8,torchchem_v1,1e-05,50,3,Dispersion_E,,,64,
bio7o1mg,cv10-tmPHOTO-Dispersion_E-inv-noH-ns64-d64-l3-vector-node,512,0.0016662043610458526,0.001112608285500824,0.001164547422022872,0.0005,64,0,True,,123,5.0,data/kulik/dataloader_kulik.py:tmPHOTO,torchchem_v1,xtb,test:data/kulik/tmPHOTO-splits/tmPHOTO_3_test_indices.npy,node,0.0,True,vector,0.8,torchchem_v1,1e-05,50,3,Dispersion_E,,,64,
3s7o3bay,cv10-tmPHOTO-Dispersion_E-inv-noH-ns64-d64-l3-vector-node,512,0.001509966994344309,0.001075598019300618,0.0011776841827145362,0.0005,64,0,True,,123,5.0,data/kulik/dataloader_kulik.py:tmPHOTO,torchchem_v1,xtb,test:data/kulik/tmPHOTO-splits/tmPHOTO_5_test_indices.npy,node,0.0,True,vector,0.8,torchchem_v1,1e-05,50,3,Dispersion_E,,,64,
llr2m7i2,cv10-tmPHOTO-Dispersion_E-inv-noH-ns64-d64-l3-vector-node,463,0.0021397384736972355,0.0013510669527863315,0.0011438192522931674,0.0005,64,0,True,,123,5.0,data/kulik/dataloader_kulik.py:tmPHOTO,torchchem_v1,xtb,test:data/kulik/tmPHOTO-splits/tmPHOTO_2_test_indices.npy,node,0.0,True,vector,0.8,torchchem_v1,1e-05,50,3,Dispersion_E,,,64,
opd4tdre,cv10-tmPHOTO-gap-inv-noH-ns64-d64-l3-energy-node,512,0.01262259526795328,0.007896680574887563,0.007907682415853021,0.001,64,0,True,,123,2.5,data/kulik/dataloader_kulik.py:tmPHOTO,torchchem_v1,xtb,test:data/kulik/tmPHOTO-splits/tmPHOTO_5_test_indices.npy,node,0.05,True,energy,0.8,torchchem_v1,1e-05,25,3,gap,,,64,
5n0keld9,cv10-tmPHOTO-gap-inv-noH-ns64-d64-l3-energy-node,512,0.012528073840853148,0.007882157468687279,0.00792718129497792,0.001,64,0,True,,123,2.5,data/kulik/dataloader_kulik.py:tmPHOTO,torchchem_v1,xtb,test:data/kulik/tmPHOTO-splits/tmPHOTO_7_test_indices.npy,node,0.05,True,energy,0.8,torchchem_v1,1e-05,25,3,gap,,,64,
9x04ezmw,cv10-tmPHOTO-Polarizability-inv-noH-ns32-d64-l3-vector_masked-node,391,34.72695876527792,19.879220902214374,21.852808554713757,0.001,32,0,True,,123,5.0,data/kulik/dataloader_kulik.py:tmPHOTO,torchchem_v1,xtb,test:data/kulik/tmPHOTO-splits/tmPHOTO_7_test_indices.npy,node,0.0,True,vector_masked,0.8,torchchem_v1,1e-05,50,3,Polarizability,,,64,
r1fwrl2a,cv10-tmPHOTO-Polarizability-inv-noH-ns32-d64-l3-vector_masked-node,337,46.64359806513802,25.0539072653781,21.22130081398254,0.001,32,0,True,,123,5.0,data/kulik/dataloader_kulik.py:tmPHOTO,torchchem_v1,xtb,test:data/kulik/tmPHOTO-splits/tmPHOTO_5_test_indices.npy,node,0.0,True,vector_masked,0.8,torchchem_v1,1e-05,50,3,Polarizability,,,64,
i5o2myue,cv10-tmPHOTO-Polarizability-inv-noH-ns32-d64-l3-vector_masked-node,377,35.14153391714192,20.955274777846345,23.251011683192505,0.001,32,0,True,,123,5.0,data/kulik/dataloader_kulik.py:tmPHOTO,torchchem_v1,xtb,test:data/kulik/tmPHOTO-splits/tmPHOTO_6_test_indices.npy,node,0.0,True,vector_masked,0.8,torchchem_v1,1e-05,50,3,Polarizability,,,64,
ynrj2ub3,cv10-tmPHOTO-Polarizability-inv-noH-ns32-d64-l3-vector_masked-node,360,47.02796685641355,24.66875634726172,22.56862064479883,0.001,32,0,True,,123,5.0,data/kulik/dataloader_kulik.py:tmPHOTO,torchchem_v1,xtb,test:data/kulik/tmPHOTO-splits/tmPHOTO_4_test_indices.npy,node,0.0,True,vector_masked,0.8,torchchem_v1,1e-05,50,3,Polarizability,,,64,
fie7ct5k,cv10-tmPHOTO-Polarizability-inv-noH-ns32-d64-l3-vector_masked-node,316,46.21009961179754,24.94555363047733,21.929041051441153,0.001,32,0,True,,123,5.0,data/kulik/dataloader_kulik.py:tmPHOTO,torchchem_v1,xtb,test:data/kulik/tmPHOTO-splits/tmPHOTO_3_test_indices.npy,node,0.0,True,vector_masked,0.8,torchchem_v1,1e-05,50,3,Polarizability,,,64,
1rns4xvp,cv10-tmPHOTO-Polarizability-inv-noH-ns32-d64-l3-vector_masked-node,318,44.40674249123868,24.788118707595984,22.289381412685852,0.001,32,0,True,,123,5.0,data/kulik/dataloader_kulik.py:tmPHOTO,torchchem_v1,xtb,test:data/kulik/tmPHOTO-splits/tmPHOTO_2_test_indices.npy,node,0.0,True,vector_masked,0.8,torchchem_v1,1e-05,50,3,Polarizability,,,64,
bf2j7y4i,cv10-tmPHOTO-Polarizability-inv-noH-ns32-d64-l3-vector_masked-node,357,43.37650839994388,21.519681160342135,19.90599222941854,0.001,32,0,True,,123,5.0,data/kulik/dataloader_kulik.py:tmPHOTO,torchchem_v1,xtb,test:data/kulik/tmPHOTO-splits/tmPHOTO_1_test_indices.npy,node,0.0,True,vector_masked,0.8,torchchem_v1,1e-05,50,3,Polarizability,,,64,
9j4e7mmi,cv10-tmPHOTO-Polarizability-inv-noH-ns32-d64-l3-vector_masked-node,357,41.98270316953178,23.293304447333636,20.91528953743998,0.001,32,0,True,,123,5.0,data/kulik/dataloader_kulik.py:tmPHOTO,torchchem_v1,xtb,test:data/kulik/tmPHOTO-splits/tmPHOTO_0_test_indices.npy,node,0.0,True,vector_masked,0.8,torchchem_v1,1e-05,50,3,Polarizability,,,64,
j21v4eh1,cv10-tmPHOTO-Polarizability-inv-noH-ns32-d32-l2-energy-node,512,2.2131689425841428,1.0986963043331648,1.1864370732609602,0.001,32,0,True,,123,5.0,data/kulik/dataloader_kulik.py:tmPHOTO,torchchem_v1,xtb,test:data/kulik/tmPHOTO-splits/tmPHOTO_7_test_indices.npy,node,0.0,True,energy,0.8,torchchem_v1,0.0,25,2,Polarizability,,,32,
r404ebuz,cv10-tmPHOTO-Polarizability-inv-noH-ns32-d32-l2-energy-node,512,2.047994708855159,1.210556039618633,1.074062235090989,0.001,32,0,True,,123,5.0,data/kulik/dataloader_kulik.py:tmPHOTO,torchchem_v1,xtb,test:data/kulik/tmPHOTO-splits/tmPHOTO_6_test_indices.npy,node,0.0,True,energy,0.8,torchchem_v1,0.0,25,2,Polarizability,,,32,
ea5o18np,cv10-tmPHOTO-Polarizability-inv-noH-ns32-d32-l2-energy-node,512,1.6687079418975908,1.0195462652044245,1.074512712423326,0.001,32,0,True,,123,5.0,data/kulik/dataloader_kulik.py:tmPHOTO,torchchem_v1,xtb,test:data/kulik/tmPHOTO-splits/tmPHOTO_5_test_indices.npy,node,0.0,True,energy,0.8,torchchem_v1,0.0,25,2,Polarizability,,,32,
rmkb3qe4,cv10-tmPHOTO-Polarizability-inv-noH-ns32-d32-l2-energy-node,512,1.4681777764656074,0.9290139822614836,1.0287497349944956,0.001,32,0,True,,123,5.0,data/kulik/dataloader_kulik.py:tmPHOTO,torchchem_v1,xtb,test:data/kulik/tmPHOTO-splits/tmPHOTO_4_test_indices.npy,node,0.0,True,energy,0.8,torchchem_v1,0.0,25,2,Polarizability,,,32,
wetd2egj,cv10-tmPHOTO-Polarizability-inv-noH-ns32-d32-l2-energy-node,512,1.88584127742155,1.1088978014114537,1.1236839502116265,0.001,32,0,True,,123,5.0,data/kulik/dataloader_kulik.py:tmPHOTO,torchchem_v1,xtb,test:data/kulik/tmPHOTO-splits/tmPHOTO_3_test_indices.npy,node,0.0,True,energy,0.8,torchchem_v1,0.0,25,2,Polarizability,,,32,
orufmijq,cv10-tmPHOTO-Polarizability-inv-noH-ns32-d32-l2-energy-node,512,1.770788538681965,1.1144564463600772,1.0061958017272592,0.001,32,0,True,,123,5.0,data/kulik/dataloader_kulik.py:tmPHOTO,torchchem_v1,xtb,test:data/kulik/tmPHOTO-splits/tmPHOTO_2_test_indices.npy,node,0.0,True,energy,0.8,torchchem_v1,0.0,25,2,Polarizability,,,32,
jol02b1y,cv10-tmPHOTO-Polarizability-inv-noH-ns32-d32-l2-energy-node,512,2.6612993101142632,1.3010511526493538,1.1763163385688935,0.001,32,0,True,,123,5.0,data/kulik/dataloader_kulik.py:tmPHOTO,torchchem_v1,xtb,test:data/kulik/tmPHOTO-splits/tmPHOTO_0_test_indices.npy,node,0.0,True,energy,0.8,torchchem_v1,0.0,25,2,Polarizability,,,32,
vearru47,cv10-tmPHOTO-Polarizability-inv-noH-ns32-d32-l2-energy-node,512,1.8322057003858463,1.1801117316790373,1.1011702686384672,0.001,32,0,True,,123,5.0,data/kulik/dataloader_kulik.py:tmPHOTO,torchchem_v1,xtb,test:data/kulik/tmPHOTO-splits/tmPHOTO_1_test_indices.npy,node,0.0,True,energy,0.8,torchchem_v1,0.0,25,2,Polarizability,,,32,
ciddh5bw,cv10-tmPHOTO-Metal_q-inv-noH-ns64-d32-l3-vector_masked-both,462,0.037044465768833024,0.01672806916637559,0.018266865641263577,0.0005,64,0,True,,123,2.5,data/kulik/dataloader_kulik.py:tmPHOTO,torchchem_v1,xtb,test:data/kulik/tmPHOTO-splits/tmPHOTO_7_test_indices.npy,both,0.0,True,vector_masked,0.8,torchchem_v1,1e-05,50,3,Metal_q,,,32,
1snpm5oj,cv10-tmPHOTO-Metal_q-inv-noH-ns64-d32-l3-vector_masked-both,444,0.052035698860548735,0.02311719640933535,0.01715898853196022,0.0005,64,0,True,,123,2.5,data/kulik/dataloader_kulik.py:tmPHOTO,torchchem_v1,xtb,test:data/kulik/tmPHOTO-splits/tmPHOTO_5_test_indices.npy,both,0.0,True,vector_masked,0.8,torchchem_v1,1e-05,50,3,Metal_q,,,32,
n04forbr,cv10-tmPHOTO-Metal_q-inv-noH-ns64-d32-l3-vector_masked-both,512,0.033493570588519705,0.017113677849788445,0.016001015390499956,0.0005,64,0,True,,123,2.5,data/kulik/dataloader_kulik.py:tmPHOTO,torchchem_v1,xtb,test:data/kulik/tmPHOTO-splits/tmPHOTO_6_test_indices.npy,both,0.0,True,vector_masked,0.8,torchchem_v1,1e-05,50,3,Metal_q,,,32,
pwr57dcc,cv10-tmPHOTO-Metal_q-inv-noH-ns64-d32-l3-vector_masked-both,420,0.03450304690647903,0.017431761933766565,0.01728011482348165,0.0005,64,0,True,,123,2.5,data/kulik/dataloader_kulik.py:tmPHOTO,torchchem_v1,xtb,test:data/kulik/tmPHOTO-splits/tmPHOTO_4_test_indices.npy,both,0.0,True,vector_masked,0.8,torchchem_v1,1e-05,50,3,Metal_q,,,32,
hrbrsiyl,cv10-tmPHOTO-Metal_q-inv-noH-ns64-d32-l3-vector_masked-both,512,0.04315732838794936,0.020841322235350783,0.01854783174678165,0.0005,64,0,True,,123,2.5,data/kulik/dataloader_kulik.py:tmPHOTO,torchchem_v1,xtb,test:data/kulik/tmPHOTO-splits/tmPHOTO_3_test_indices.npy,both,0.0,True,vector_masked,0.8,torchchem_v1,1e-05,50,3,Metal_q,,,32,
wgqgtjr4,cv10-tmPHOTO-Metal_q-inv-noH-ns64-d32-l3-vector_masked-both,512,0.0410389936822964,0.02045587292993191,0.016943394098659286,0.0005,64,0,True,,123,2.5,data/kulik/dataloader_kulik.py:tmPHOTO,torchchem_v1,xtb,test:data/kulik/tmPHOTO-splits/tmPHOTO_2_test_indices.npy,both,0.0,True,vector_masked,0.8,torchchem_v1,1e-05,50,3,Metal_q,,,32,
su5tk7gm,cv10-tmPHOTO-Metal_q-inv-noH-ns64-d32-l3-vector_masked-both,396,0.03285667603023043,0.018039269661888263,0.017092148085659137,0.0005,64,0,True,,123,2.5,data/kulik/dataloader_kulik.py:tmPHOTO,torchchem_v1,xtb,test:data/kulik/tmPHOTO-splits/tmPHOTO_1_test_indices.npy,both,0.0,True,vector_masked,0.8,torchchem_v1,1e-05,50,3,Metal_q,,,32,
5x8ndb8b,cv10-tmPHOTO-Metal_q-inv-noH-ns64-d32-l3-vector_masked-both,512,0.045164244716827805,0.01922380537499249,0.016890245341608157,0.0005,64,0,True,,123,2.5,data/kulik/dataloader_kulik.py:tmPHOTO,torchchem_v1,xtb,test:data/kulik/tmPHOTO-splits/tmPHOTO_0_test_indices.npy,both,0.0,True,vector_masked,0.8,torchchem_v1,1e-05,50,3,Metal_q,,,32,
ym5875xr,cv10-tmPHOTO-Metal_q-inv-noH-ns64-d16-l3-energy-node,334,0.03838188335899287,0.0192079438730941,0.014515503143709528,0.0005,64,0,True,,123,5.0,data/kulik/dataloader_kulik.py:tmPHOTO,torchchem_v1,xtb,test:data/kulik/tmPHOTO-splits/tmPHOTO_5_test_indices.npy,node,0.0,True,energy,0.8,torchchem_v1,0.0,10,3,Metal_q,,,16,
aa88m97z,cv10-tmPHOTO-Metal_q-inv-noH-ns64-d16-l3-energy-node,377,0.03469072696938926,0.01804112299445436,0.01463469180471051,0.0005,64,0,True,,123,5.0,data/kulik/dataloader_kulik.py:tmPHOTO,torchchem_v1,xtb,test:data/kulik/tmPHOTO-splits/tmPHOTO_1_test_indices.npy,node,0.0,True,energy,0.8,torchchem_v1,0.0,10,3,Metal_q,,,16,
yvtky4pf,cv10-tmPHOTO-LUMO-inv-noH-ns64-d64-l3-vector-node,506,0.020923175600184415,0.01056295854085873,0.01042671045913986,0.001,64,0,True,,123,2.5,data/kulik/dataloader_kulik.py:tmPHOTO,torchchem_v1,xtb,test:data/kulik/tmPHOTO-splits/tmPHOTO_7_test_indices.npy,node,0.05,True,vector,0.8,torchchem_v1,1e-05,50,3,LUMO,,,64,
ueerttb4,cv10-tmPHOTO-LUMO-inv-noH-ns64-d64-l3-vector-node,434,0.02353309230947553,0.011157953072022804,0.008855793665671317,0.001,64,0,True,,123,2.5,data/kulik/dataloader_kulik.py:tmPHOTO,torchchem_v1,xtb,test:data/kulik/tmPHOTO-splits/tmPHOTO_6_test_indices.npy,node,0.05,True,vector,0.8,torchchem_v1,1e-05,50,3,LUMO,,,64,
9n1yx9sl,cv10-tmPHOTO-LUMO-inv-noH-ns64-d64-l3-vector-node,512,0.01580781401297078,0.008149149778338576,0.009053448647408188,0.001,64,0,True,,123,2.5,data/kulik/dataloader_kulik.py:tmPHOTO,torchchem_v1,xtb,test:data/kulik/tmPHOTO-splits/tmPHOTO_5_test_indices.npy,node,0.05,True,vector,0.8,torchchem_v1,1e-05,50,3,LUMO,,,64,
aszsdh9j,cv10-tmPHOTO-LUMO-inv-noH-ns64-d64-l3-vector-node,485,0.021753012758525703,0.010473093173252184,0.010223467167949307,0.001,64,0,True,,123,2.5,data/kulik/dataloader_kulik.py:tmPHOTO,torchchem_v1,xtb,test:data/kulik/tmPHOTO-splits/tmPHOTO_1_test_indices.npy,node,0.05,True,vector,0.8,torchchem_v1,1e-05,50,3,LUMO,,,64,
wb1hjuku,cv10-tmPHOTO-LUMO-inv-noH-ns64-d64-l3-vector-node,467,0.026796900532404,0.012118712047741566,0.008595760866867346,0.001,64,0,True,,123,2.5,data/kulik/dataloader_kulik.py:tmPHOTO,torchchem_v1,xtb,test:data/kulik/tmPHOTO-splits/tmPHOTO_2_test_indices.npy,node,0.05,True,vector,0.8,torchchem_v1,1e-05,50,3,LUMO,,,64,
i3ggfwif,cv10-tmPHOTO-LUMO-inv-noH-ns64-d64-l3-vector-node,427,0.021831378273876035,0.009744362786613744,0.009150833299380488,0.001,64,0,True,,123,2.5,data/kulik/dataloader_kulik.py:tmPHOTO,torchchem_v1,xtb,test:data/kulik/tmPHOTO-splits/tmPHOTO_0_test_indices.npy,node,0.05,True,vector,0.8,torchchem_v1,1e-05,50,3,LUMO,,,64,
hljl0mcz,cv10-tmPHOTO-LUMO-inv-noH-ns64-d64-l3-vector-node,512,0.021808261766341725,0.00977366986805692,0.009024236853457865,0.001,64,0,True,,123,2.5,data/kulik/dataloader_kulik.py:tmPHOTO,torchchem_v1,xtb,test:data/kulik/tmPHOTO-splits/tmPHOTO_3_test_indices.npy,node,0.05,True,vector,0.8,torchchem_v1,1e-05,50,3,LUMO,,,64,
6sr4tgc5,cv10-tmPHOTO-LUMO-inv-noH-ns64-d64-l3-vector-node,512,0.017599999600004478,0.008797549695220354,0.0099059474148733,0.001,64,0,True,,123,2.5,data/kulik/dataloader_kulik.py:tmPHOTO,torchchem_v1,xtb,test:data/kulik/tmPHOTO-splits/tmPHOTO_4_test_indices.npy,node,0.05,True,vector,0.8,torchchem_v1,1e-05,50,3,LUMO,,,64,
snpa8t2d,cv10-tmPHOTO-LUMO-inv-noH-ns64-d64-l3-vector_masked-both,221,0.02562813065831569,0.015006054089985683,0.014878890158326013,0.001,64,0,True,,123,2.5,data/kulik/dataloader_kulik.py:tmPHOTO,torchchem_v1,xtb,test:data/kulik/tmPHOTO-splits/tmPHOTO_7_test_indices.npy,both,0.0,True,vector_masked,0.8,torchchem_v1,1e-05,10,3,LUMO,,,64,
qmrhq841,cv10-tmPHOTO-LUMO-inv-noH-ns64-d64-l3-vector_masked-both,232,0.02752498142350811,0.015940757130302095,0.013223389885704435,0.001,64,0,True,,123,2.5,data/kulik/dataloader_kulik.py:tmPHOTO,torchchem_v1,xtb,test:data/kulik/tmPHOTO-splits/tmPHOTO_6_test_indices.npy,both,0.0,True,vector_masked,0.8,torchchem_v1,1e-05,10,3,LUMO,,,64,
05vk6243,cv10-tmPHOTO-LUMO-inv-noH-ns64-d64-l3-vector_masked-both,239,0.023438526879418567,0.013671115892500722,0.013846248423714916,0.001,64,0,True,,123,2.5,data/kulik/dataloader_kulik.py:tmPHOTO,torchchem_v1,xtb,test:data/kulik/tmPHOTO-splits/tmPHOTO_5_test_indices.npy,both,0.0,True,vector_masked,0.8,torchchem_v1,1e-05,10,3,LUMO,,,64,
v2bbw9nr,cv10-tmPHOTO-LUMO-inv-noH-ns64-d64-l3-vector_masked-both,286,0.02394365730447845,0.01497714252099148,0.01437031614350186,0.001,64,0,True,,123,2.5,data/kulik/dataloader_kulik.py:tmPHOTO,torchchem_v1,xtb,test:data/kulik/tmPHOTO-splits/tmPHOTO_4_test_indices.npy,both,0.0,True,vector_masked,0.8,torchchem_v1,1e-05,10,3,LUMO,,,64,
1j0zl54t,cv10-tmPHOTO-LUMO-inv-noH-ns64-d64-l3-vector_masked-both,213,0.02532062682613971,0.01494873862742632,0.014492036000931222,0.001,64,0,True,,123,2.5,data/kulik/dataloader_kulik.py:tmPHOTO,torchchem_v1,xtb,test:data/kulik/tmPHOTO-splits/tmPHOTO_1_test_indices.npy,both,0.0,True,vector_masked,0.8,torchchem_v1,1e-05,10,3,LUMO,,,64,
1fy3m5c5,cv10-tmPHOTO-LUMO-inv-noH-ns64-d64-l3-vector_masked-both,281,0.024434969604294816,0.01367156394075607,0.01336584385662965,0.001,64,0,True,,123,2.5,data/kulik/dataloader_kulik.py:tmPHOTO,torchchem_v1,xtb,test:data/kulik/tmPHOTO-splits/tmPHOTO_0_test_indices.npy,both,0.0,True,vector_masked,0.8,torchchem_v1,1e-05,10,3,LUMO,,,64,
05d5y2lt,cv10-tmPHOTO-LUMO-inv-noH-ns64-d64-l3-vector_masked-both,238,0.02618579578068426,0.015044358570088723,0.014750749144095595,0.001,64,0,True,,123,2.5,data/kulik/dataloader_kulik.py:tmPHOTO,torchchem_v1,xtb,test:data/kulik/tmPHOTO-splits/tmPHOTO_3_test_indices.npy,both,0.0,True,vector_masked,0.8,torchchem_v1,1e-05,10,3,LUMO,,,64,
1wq9mkll,cv10-tmPHOTO-LUMO-inv-noH-ns64-d64-l3-vector_masked-both,333,0.029042414996554477,0.016648543789273842,0.01366087839310062,0.001,64,0,True,,123,2.5,data/kulik/dataloader_kulik.py:tmPHOTO,torchchem_v1,xtb,test:data/kulik/tmPHOTO-splits/tmPHOTO_2_test_indices.npy,both,0.0,True,vector_masked,0.8,torchchem_v1,1e-05,10,3,LUMO,,,64,
3gszvy2g,cv10-tmPHOTO-HOMO-inv-noH-ns64-d64-l3-vector_masked-node,340,0.02649594119433071,0.01340424964830236,0.01179100985740792,0.0005,64,0,True,,123,2.5,data/kulik/dataloader_kulik.py:tmPHOTO,torchchem_v1,xtb,test:data/kulik/tmPHOTO-splits/tmPHOTO_7_test_indices.npy,node,0.05,True,vector_masked,0.8,torchchem_v1,1e-05,25,3,HOMO,,,64,
33wva1mx,cv10-tmPHOTO-HOMO-inv-noH-ns64-d64-l3-vector_masked-node,303,0.027428079043864653,0.014339967747845296,0.011345870299316083,0.0005,64,0,True,,123,2.5,data/kulik/dataloader_kulik.py:tmPHOTO,torchchem_v1,xtb,test:data/kulik/tmPHOTO-splits/tmPHOTO_6_test_indices.npy,node,0.05,True,vector_masked,0.8,torchchem_v1,1e-05,25,3,HOMO,,,64,
uwp7naxr,cv10-tmPHOTO-HOMO-inv-noH-ns64-d64-l3-vector_masked-node,457,0.02333115454328689,0.012284344775243587,0.011450688140926,0.0005,64,0,True,,123,2.5,data/kulik/dataloader_kulik.py:tmPHOTO,torchchem_v1,xtb,test:data/kulik/tmPHOTO-splits/tmPHOTO_5_test_indices.npy,node,0.05,True,vector_masked,0.8,torchchem_v1,1e-05,25,3,HOMO,,,64,
st42qn6c,cv10-tmPHOTO-HOMO-inv-noH-ns64-d64-l3-vector_masked-node,363,0.023968969140904493,0.012946501922483053,0.011672364173562893,0.0005,64,0,True,,123,2.5,data/kulik/dataloader_kulik.py:tmPHOTO,torchchem_v1,xtb,test:data/kulik/tmPHOTO-splits/tmPHOTO_4_test_indices.npy,node,0.05,True,vector_masked,0.8,torchchem_v1,1e-05,25,3,HOMO,,,64,
86wlc88c,cv10-tmPHOTO-HOMO-inv-noH-ns64-d64-l3-vector_masked-node,394,0.027292668975203428,0.013556580252790997,0.011379670165947231,0.0005,64,0,True,,123,2.5,data/kulik/dataloader_kulik.py:tmPHOTO,torchchem_v1,xtb,test:data/kulik/tmPHOTO-splits/tmPHOTO_3_test_indices.npy,node,0.05,True,vector_masked,0.8,torchchem_v1,1e-05,25,3,HOMO,,,64,
tw1zkrsj,cv10-tmPHOTO-HOMO-inv-noH-ns64-d64-l3-vector_masked-node,315,0.028951438957660596,0.014741470850864186,0.010393136700968562,0.0005,64,0,True,,123,2.5,data/kulik/dataloader_kulik.py:tmPHOTO,torchchem_v1,xtb,test:data/kulik/tmPHOTO-splits/tmPHOTO_2_test_indices.npy,node,0.05,True,vector_masked,0.8,torchchem_v1,1e-05,25,3,HOMO,,,64,
2nz0lros,cv10-tmPHOTO-HOMO-inv-noH-ns64-d64-l3-vector_masked-node,288,0.0249021182139454,0.013412195220206346,0.011177175519783693,0.0005,64,0,True,,123,2.5,data/kulik/dataloader_kulik.py:tmPHOTO,torchchem_v1,xtb,test:data/kulik/tmPHOTO-splits/tmPHOTO_1_test_indices.npy,node,0.05,True,vector_masked,0.8,torchchem_v1,1e-05,25,3,HOMO,,,64,
9h910bie,cv10-tmPHOTO-HOMO-inv-noH-ns64-d64-l3-vector_masked-node,300,0.02608372530442627,0.013154923811436282,0.01135391783111719,0.0005,64,0,True,,123,2.5,data/kulik/dataloader_kulik.py:tmPHOTO,torchchem_v1,xtb,test:data/kulik/tmPHOTO-splits/tmPHOTO_0_test_indices.npy,node,0.05,True,vector_masked,0.8,torchchem_v1,1e-05,25,3,HOMO,,,64,
7reedcev,cv10-tmPHOTO-HOMO-inv-noH-ns64-d32-l3-vector-both,285,0.0223294506617697,0.01054631737533777,0.010865207860158502,0.0005,64,0,True,,123,2.5,data/kulik/dataloader_kulik.py:tmPHOTO,torchchem_v1,xtb,test:data/kulik/tmPHOTO-splits/tmPHOTO_7_test_indices.npy,both,0.0,True,vector,0.8,torchchem_v1,1e-05,50,3,HOMO,,,32,
d1o3ueiq,cv10-tmPHOTO-HOMO-inv-noH-ns64-d32-l3-vector-both,368,0.022177610184275,0.010672039338242812,0.010452855752595075,0.0005,64,0,True,,123,2.5,data/kulik/dataloader_kulik.py:tmPHOTO,torchchem_v1,xtb,test:data/kulik/tmPHOTO-splits/tmPHOTO_4_test_indices.npy,both,0.0,True,vector,0.8,torchchem_v1,1e-05,50,3,HOMO,,,32,
27o9b1dl,cv10-tmPHOTO-HOMO-inv-noH-ns64-d32-l3-vector-both,309,0.02277744609372785,0.010991667872008148,0.010817794190726824,0.0005,64,0,True,,123,2.5,data/kulik/dataloader_kulik.py:tmPHOTO,torchchem_v1,xtb,test:data/kulik/tmPHOTO-splits/tmPHOTO_6_test_indices.npy,both,0.0,True,vector,0.8,torchchem_v1,1e-05,50,3,HOMO,,,32,
tknm4zso,cv10-tmPHOTO-HOMO-inv-noH-ns64-d32-l3-vector-both,329,0.02106146244990372,0.010302267624933388,0.010690222511940536,0.0005,64,0,True,,123,2.5,data/kulik/dataloader_kulik.py:tmPHOTO,torchchem_v1,xtb,test:data/kulik/tmPHOTO-splits/tmPHOTO_5_test_indices.npy,both,0.0,True,vector,0.8,torchchem_v1,1e-05,50,3,HOMO,,,32,
b5w24dtq,cv10-tmPHOTO-HOMO-inv-noH-ns64-d32-l3-vector-both,316,0.02506936926212159,0.011500525547935736,0.009575201433567717,0.0005,64,0,True,,123,2.5,data/kulik/dataloader_kulik.py:tmPHOTO,torchchem_v1,xtb,test:data/kulik/tmPHOTO-splits/tmPHOTO_3_test_indices.npy,both,0.0,True,vector,0.8,torchchem_v1,1e-05,50,3,HOMO,,,32,
sqwoow07,cv10-tmPHOTO-gap-inv-noH-ns64-d64-l3-energy-node,512,0.0117817687597822,0.007864304785650244,0.007686307171206413,0.001,64,0,True,,123,2.5,data/kulik/dataloader_kulik.py:tmPHOTO,torchchem_v1,xtb,test:data/kulik/tmPHOTO-splits/tmPHOTO_1_test_indices.npy,node,0.05,True,energy,0.8,torchchem_v1,1e-05,25,3,gap,,,64,
ra0vwo8g,cv10-tmPHOTO-gap-inv-noH-ns64-d64-l3-energy-node,512,0.012510618937362772,0.007927384389135435,0.008164950311028957,0.001,64,0,True,,123,2.5,data/kulik/dataloader_kulik.py:tmPHOTO,torchchem_v1,xtb,test:data/kulik/tmPHOTO-splits/tmPHOTO_2_test_indices.npy,node,0.05,True,energy,0.8,torchchem_v1,1e-05,25,3,gap,,,64,
m8sele1w,cv10-tmPHOTO-gap-inv-noH-ns48-d64-l3-vector_masked-node,387,0.017179017035606148,0.010589374520761152,0.009445776453943237,0.001,48,0,True,,123,2.5,data/kulik/dataloader_kulik.py:tmPHOTO,torchchem_v1,xtb,test:data/kulik/tmPHOTO-splits/tmPHOTO_1_test_indices.npy,node,0.05,True,vector_masked,0.8,torchchem_v1,1e-05,25,3,gap,,,64,
iw1c4f1v,cv10-tmPHOTO-gap-inv-noH-ns48-d64-l3-vector_masked-node,282,0.015024080403938192,0.009515028786568428,0.009699461462619378,0.001,48,0,True,,123,2.5,data/kulik/dataloader_kulik.py:tmPHOTO,torchchem_v1,xtb,test:data/kulik/tmPHOTO-splits/tmPHOTO_7_test_indices.npy,node,0.05,True,vector_masked,0.8,torchchem_v1,1e-05,25,3,gap,,,64,
dgk3uy78,cv10-tmPHOTO-gap-inv-noH-ns48-d64-l3-vector_masked-node,358,0.016409938417624035,0.010130201909681611,0.009289898475585714,0.001,48,0,True,,123,2.5,data/kulik/dataloader_kulik.py:tmPHOTO,torchchem_v1,xtb,test:data/kulik/tmPHOTO-splits/tmPHOTO_2_test_indices.npy,node,0.05,True,vector_masked,0.8,torchchem_v1,1e-05,25,3,gap,,,64,
6qs8z5cj,cv10-tmPHOTO-gap-inv-noH-ns64-d64-l3-energy-node,512,0.016127566803564586,0.009226367234190689,0.007663506398248336,0.001,64,0,True,,123,2.5,data/kulik/dataloader_kulik.py:tmPHOTO,torchchem_v1,xtb,test:data/kulik/tmPHOTO-splits/tmPHOTO_0_test_indices.npy,node,0.05,True,energy,0.8,torchchem_v1,1e-05,25,3,gap,,,64,
savrrxc2,cv10-tmPHOTO-Dispersion_E-inv-noH-ns48-d32-l3-vector_masked-both,512,0.013350238200654726,0.007459711924549413,0.009394659535569677,0.0005,48,0,True,,123,5.0,data/kulik/dataloader_kulik.py:tmPHOTO,torchchem_v1,xtb,test:data/kulik/tmPHOTO-splits/tmPHOTO_7_test_indices.npy,both,0.1,True,vector_masked,0.8,torchchem_v1,1e-05,10,3,Dispersion_E,,,32,
kxhclej6,cv10-tmPHOTO-dipole_moment_Debye-inv-noH-ns64-d64-l3-vector-node,392,2.518375538560109,1.5990345146801337,1.5689432183176937,0.001,64,0,True,,123,2.5,data/kulik/dataloader_kulik.py:tmPHOTO,torchchem_v1,xtb,test:data/kulik/tmPHOTO-splits/tmPHOTO_7_test_indices.npy,node,0.05,True,vector,0.8,torchchem_v1,1e-05,50,3,dipole_moment_Debye,,,64,
kh7amt85,cv10-tmPHOTO-gap-inv-noH-ns64-d64-l3-energy-node,455,0.014473768851337675,0.008483468133580445,0.007627558340236373,0.001,64,0,True,,123,2.5,data/kulik/dataloader_kulik.py:tmPHOTO,torchchem_v1,xtb,test:data/kulik/tmPHOTO-splits/tmPHOTO_6_test_indices.npy,node,0.05,True,energy,0.8,torchchem_v1,1e-05,25,3,gap,,,64,
c16peufs,cv10-tmPHOTO-gap-inv-noH-ns48-d64-l3-vector_masked-node,280,0.01504834906729132,0.009692191929258126,0.00957782390213444,0.001,48,0,True,,123,2.5,data/kulik/dataloader_kulik.py:tmPHOTO,torchchem_v1,xtb,test:data/kulik/tmPHOTO-splits/tmPHOTO_4_test_indices.npy,node,0.05,True,vector_masked,0.8,torchchem_v1,1e-05,25,3,gap,,,64,
6ksidn01,cv10-tmPHOTO-Dispersion_E-inv-noH-ns48-d32-l3-vector_masked-both,382,0.012316585957816631,0.007471195072736954,0.009097880052951044,0.0005,48,0,True,,123,5.0,data/kulik/dataloader_kulik.py:tmPHOTO,torchchem_v1,xtb,test:data/kulik/tmPHOTO-splits/tmPHOTO_6_test_indices.npy,both,0.1,True,vector_masked,0.8,torchchem_v1,1e-05,10,3,Dispersion_E,,,32,
5hynj6iz,cv10-tmPHOTO-gap-inv-noH-ns48-d64-l3-vector_masked-node,299,0.01850280876091095,0.01058920988946382,0.009071809284906031,0.001,48,0,True,,123,2.5,data/kulik/dataloader_kulik.py:tmPHOTO,torchchem_v1,xtb,test:data/kulik/tmPHOTO-splits/tmPHOTO_0_test_indices.npy,node,0.05,True,vector_masked,0.8,torchchem_v1,1e-05,25,3,gap,,,64,
3r11lf49,cv10-tmPHOTO-Dispersion_E-inv-noH-ns48-d32-l3-vector_masked-both,431,0.017036683760821642,0.008550962379327818,0.008521503861636956,0.0005,48,0,True,,123,5.0,data/kulik/dataloader_kulik.py:tmPHOTO,torchchem_v1,xtb,test:data/kulik/tmPHOTO-splits/tmPHOTO_5_test_indices.npy,both,0.1,True,vector_masked,0.8,torchchem_v1,1e-05,10,3,Dispersion_E,,,32,
15cjp7kp,cv10-tmPHOTO-gap-inv-noH-ns64-d64-l3-energy-node,512,0.011562203641308165,0.007371080353287024,0.007901162318182215,0.001,64,0,True,,123,2.5,data/kulik/dataloader_kulik.py:tmPHOTO,torchchem_v1,xtb,test:data/kulik/tmPHOTO-splits/tmPHOTO_4_test_indices.npy,node,0.05,True,energy,0.8,torchchem_v1,1e-05,25,3,gap,,,64,
x89679ke,cv10-tmPHOTO-gap-inv-noH-ns48-d64-l3-vector_masked-node,496,0.017539651074022004,0.009954508288808674,0.00913354928665811,0.001,48,0,True,,123,2.5,data/kulik/dataloader_kulik.py:tmPHOTO,torchchem_v1,xtb,test:data/kulik/tmPHOTO-splits/tmPHOTO_3_test_indices.npy,node,0.05,True,vector_masked,0.8,torchchem_v1,1e-05,25,3,gap,,,64,
tk1svqk5,cv10-tmPHOTO-gap-inv-noH-ns64-d64-l3-energy-node,512,0.013972555198631649,0.008067377850993407,0.007972706654191513,0.001,64,0,True,,123,2.5,data/kulik/dataloader_kulik.py:tmPHOTO,torchchem_v1,xtb,test:data/kulik/tmPHOTO-splits/tmPHOTO_3_test_indices.npy,node,0.05,True,energy,0.8,torchchem_v1,1e-05,25,3,gap,,,64,
qd9fhstw,cv10-tmPHOTO-gap-inv-noH-ns48-d64-l3-vector_masked-node,216,0.016922803827233712,0.01073888346271934,0.009414566103320256,0.001,48,0,True,,123,2.5,data/kulik/dataloader_kulik.py:tmPHOTO,torchchem_v1,xtb,test:data/kulik/tmPHOTO-splits/tmPHOTO_6_test_indices.npy,node,0.05,True,vector_masked,0.8,torchchem_v1,1e-05,25,3,gap,,,64,
im53wnmd,cv10-tmPHOTO-gap-inv-noH-ns48-d64-l3-vector_masked-node,366,0.01667246460022226,0.009854771633993228,0.00958737846345667,0.001,48,0,True,,123,2.5,data/kulik/dataloader_kulik.py:tmPHOTO,torchchem_v1,xtb,test:data/kulik/tmPHOTO-splits/tmPHOTO_5_test_indices.npy,node,0.05,True,vector_masked,0.8,torchchem_v1,1e-05,25,3,gap,,,64,
tabby2bw,cv10-tmPHOTO-dipole_moment_Debye-inv-noH-ns32-d16-l3-vector_masked-both,443,2.4848205616361163,1.71176530468484,1.6026389375487826,0.001,32,0,True,,123,5.0,data/kulik/dataloader_kulik.py:tmPHOTO,torchchem_v1,xtb,test:data/kulik/tmPHOTO-splits/tmPHOTO_2_test_indices.npy,both,0.1,True,vector_masked,0.8,torchchem_v1,1e-05,50,3,dipole_moment_Debye,,,16,
22s4pbgn,cv10-tmPHOTO-HOMO-inv-noH-ns64-d32-l3-vector-both,350,0.02580254981491076,0.01211250825927011,0.008319413238024351,0.0005,64,0,True,,123,2.5,data/kulik/dataloader_kulik.py:tmPHOTO,torchchem_v1,xtb,test:data/kulik/tmPHOTO-splits/tmPHOTO_2_test_indices.npy,both,0.0,True,vector,0.8,torchchem_v1,1e-05,50,3,HOMO,,,32,
28qe7gnu,cv10-tmPHOTO-Dispersion_E-inv-noH-ns48-d32-l3-vector_masked-both,411,0.017565228273940938,0.008255964152618919,0.009301222515312532,0.0005,48,0,True,,123,5.0,data/kulik/dataloader_kulik.py:tmPHOTO,torchchem_v1,xtb,test:data/kulik/tmPHOTO-splits/tmPHOTO_3_test_indices.npy,both,0.1,True,vector_masked,0.8,torchchem_v1,1e-05,10,3,Dispersion_E,,,32,
4c2c93wh,cv10-tmPHOTO-HOMO-inv-noH-ns64-d32-l3-vector-both,326,0.024563103225236423,0.01169743852597666,0.010042306002536486,0.0005,64,0,True,,123,2.5,data/kulik/dataloader_kulik.py:tmPHOTO,torchchem_v1,xtb,test:data/kulik/tmPHOTO-splits/tmPHOTO_1_test_indices.npy,both,0.0,True,vector,0.8,torchchem_v1,1e-05,50,3,HOMO,,,32,
41r5fsuo,cv10-tmPHOTO-HOMO-inv-noH-ns64-d32-l3-vector-both,387,0.02488199262315626,0.011829888042188753,0.009982504627535338,0.0005,64,0,True,,123,2.5,data/kulik/dataloader_kulik.py:tmPHOTO,torchchem_v1,xtb,test:data/kulik/tmPHOTO-splits/tmPHOTO_0_test_indices.npy,both,0.0,True,vector,0.8,torchchem_v1,1e-05,50,3,HOMO,,,32,
bxlugyr3,cv10-tmPHOTO-dipole_moment_Debye-inv-noH-ns32-d16-l3-vector_masked-both,277,2.331526656748021,1.6568211446910748,1.6115129284546863,0.001,32,0,True,,123,5.0,data/kulik/dataloader_kulik.py:tmPHOTO,torchchem_v1,xtb,test:data/kulik/tmPHOTO-splits/tmPHOTO_3_test_indices.npy,both,0.1,True,vector_masked,0.8,torchchem_v1,1e-05,50,3,dipole_moment_Debye,,,16,
awcmqclv,cv10-tmPHOTO-dipole_moment_Debye-inv-noH-ns32-d16-l3-vector_masked-both,314,2.821884492930981,1.7488957298015422,1.5405868854692903,0.001,32,0,True,,123,5.0,data/kulik/dataloader_kulik.py:tmPHOTO,torchchem_v1,xtb,test:data/kulik/tmPHOTO-splits/tmPHOTO_4_test_indices.npy,both,0.1,True,vector_masked,0.8,torchchem_v1,1e-05,50,3,dipole_moment_Debye,,,16,
xlc7lo6h,cv10-tmPHOTO-dipole_moment_Debye-inv-noH-ns64-d64-l3-vector-node,395,3.0365671356169086,1.7530744653930588,1.4561326964638324,0.001,64,0,True,,123,2.5,data/kulik/dataloader_kulik.py:tmPHOTO,torchchem_v1,xtb,test:data/kulik/tmPHOTO-splits/tmPHOTO_0_test_indices.npy,node,0.05,True,vector,0.8,torchchem_v1,1e-05,50,3,dipole_moment_Debye,,,64,
w0d48wth,cv10-tmPHOTO-dipole_moment_Debye-inv-noH-ns32-d16-l3-vector_masked-both,512,2.5106705351039342,1.5994655818993246,1.627877735566891,0.001,32,0,True,,123,5.0,data/kulik/dataloader_kulik.py:tmPHOTO,torchchem_v1,xtb,test:data/kulik/tmPHOTO-splits/tmPHOTO_5_test_indices.npy,both,0.1,True,vector_masked,0.8,torchchem_v1,1e-05,50,3,dipole_moment_Debye,,,16,
ujscleyi,cv10-tmPHOTO-dipole_moment_Debye-inv-noH-ns32-d16-l3-vector_masked-both,369,2.876577297783151,1.8567010918833229,1.6057272850700712,0.001,32,0,True,,123,5.0,data/kulik/dataloader_kulik.py:tmPHOTO,torchchem_v1,xtb,test:data/kulik/tmPHOTO-splits/tmPHOTO_6_test_indices.npy,both,0.1,True,vector_masked,0.8,torchchem_v1,1e-05,50,3,dipole_moment_Debye,,,16,
s1c2wkjp,cv10-tmPHOTO-Dispersion_E-inv-noH-ns48-d32-l3-vector_masked-both,340,0.016220433100372026,0.008701635528171077,0.008407318580539036,0.0005,48,0,True,,123,5.0,data/kulik/dataloader_kulik.py:tmPHOTO,torchchem_v1,xtb,test:data/kulik/tmPHOTO-splits/tmPHOTO_0_test_indices.npy,both,0.1,True,vector_masked,0.8,torchchem_v1,1e-05,10,3,Dispersion_E,,,32,
qxwe597z,cv10-tmPHOTO-Dispersion_E-inv-noH-ns48-d32-l3-vector_masked-both,369,0.0144249468281685,0.007455552117099268,0.008473815663999892,0.0005,48,0,True,,123,5.0,data/kulik/dataloader_kulik.py:tmPHOTO,torchchem_v1,xtb,test:data/kulik/tmPHOTO-splits/tmPHOTO_1_test_indices.npy,both,0.1,True,vector_masked,0.8,torchchem_v1,1e-05,10,3,Dispersion_E,,,32,
a4fno1r8,cv10-tmPHOTO-Dispersion_E-inv-noH-ns48-d32-l3-vector_masked-both,415,0.014605902397357965,0.008193677597826415,0.00841544869850814,0.0005,48,0,True,,123,5.0,data/kulik/dataloader_kulik.py:tmPHOTO,torchchem_v1,xtb,test:data/kulik/tmPHOTO-splits/tmPHOTO_2_test_indices.npy,both,0.1,True,vector_masked,0.8,torchchem_v1,1e-05,10,3,Dispersion_E,,,32,
tir6nk5m,cv10-tmPHOTO-dipole_moment_Debye-inv-noH-ns32-d16-l3-vector_masked-both,378,2.796480412039311,1.7060720369929718,1.561560460934383,0.001,32,0,True,,123,5.0,data/kulik/dataloader_kulik.py:tmPHOTO,torchchem_v1,xtb,test:data/kulik/tmPHOTO-splits/tmPHOTO_7_test_indices.npy,both,0.1,True,vector_masked,0.8,torchchem_v1,1e-05,50,3,dipole_moment_Debye,,,16,
qugwidfp,cv10-tmPHOTO-dipole_moment_Debye-inv-noH-ns64-d64-l3-vector-node,340,2.585635981293176,1.6353314956924,1.5389847739087372,0.001,64,0,True,,123,2.5,data/kulik/dataloader_kulik.py:tmPHOTO,torchchem_v1,xtb,test:data/kulik/tmPHOTO-splits/tmPHOTO_4_test_indices.npy,node,0.05,True,vector,0.8,torchchem_v1,1e-05,50,3,dipole_moment_Debye,,,64,
5yktecug,cv10-tmPHOTO-dipole_moment_Debye-inv-noH-ns64-d64-l3-vector-node,503,2.387980662771127,1.6381893550078492,1.5091184926782533,0.001,64,0,True,,123,2.5,data/kulik/dataloader_kulik.py:tmPHOTO,torchchem_v1,xtb,test:data/kulik/tmPHOTO-splits/tmPHOTO_2_test_indices.npy,node,0.05,True,vector,0.8,torchchem_v1,1e-05,50,3,dipole_moment_Debye,,,64,
oog8733f,cv10-tmPHOTO-dipole_moment_Debye-inv-noH-ns64-d64-l3-vector-node,512,2.5557773810453503,1.551427776698774,1.5055771756664649,0.001,64,0,True,,123,2.5,data/kulik/dataloader_kulik.py:tmPHOTO,torchchem_v1,xtb,test:data/kulik/tmPHOTO-splits/tmPHOTO_5_test_indices.npy,node,0.05,True,vector,0.8,torchchem_v1,1e-05,50,3,dipole_moment_Debye,,,64,
h5zw3asg,cv10-tmPHOTO-dipole_moment_Debye-inv-noH-ns64-d64-l3-vector-node,353,2.3051900871552493,1.5332620244713004,1.4884648703010086,0.001,64,0,True,,123,2.5,data/kulik/dataloader_kulik.py:tmPHOTO,torchchem_v1,xtb,test:data/kulik/tmPHOTO-splits/tmPHOTO_1_test_indices.npy,node,0.05,True,vector,0.8,torchchem_v1,1e-05,50,3,dipole_moment_Debye,,,64,
2f65diub,cv10-tmPHOTO-dipole_moment_Debye-inv-noH-ns64-d64-l3-vector-node,354,2.7217238877515286,1.7121789378738193,1.473343329735499,0.001,64,0,True,,123,2.5,data/kulik/dataloader_kulik.py:tmPHOTO,torchchem_v1,xtb,test:data/kulik/tmPHOTO-splits/tmPHOTO_6_test_indices.npy,node,0.05,True,vector,0.8,torchchem_v1,1e-05,50,3,dipole_moment_Debye,,,64,
e8eko48h,cv10-tmPHOTO-dipole_moment_Debye-inv-noH-ns64-d64-l3-vector-node,409,2.2133665104772717,1.4693476998286077,1.5316003768704838,0.001,64,0,True,,123,2.5,data/kulik/dataloader_kulik.py:tmPHOTO,torchchem_v1,xtb,test:data/kulik/tmPHOTO-splits/tmPHOTO_3_test_indices.npy,node,0.05,True,vector,0.8,torchchem_v1,1e-05,50,3,dipole_moment_Debye,,,64,
ve850h6x,cv10-tmSCO-Polarizability-inv-noH-ns64-d48-l3-vector_masked-node,399,31.457036848658127,20.994322286367936,28.022070801853506,0.001,64,0,True,,123,10.0,data/kulik/dataloader_kulik.py:tmSCO,torchchem_v1,xtb,test:data/kulik/tmSCO-splits/tmSCO_9_test_indices.npy,node,0.1,True,vector_masked,0.8,torchchem_v1,1e-05,10,3,Polarizability,,,48,
trsu1j0u,cv10-tmSCO-Polarizability-inv-noH-ns64-d48-l3-vector_masked-node,440,67.69486318903465,35.4369708839015,25.137316652445797,0.001,64,0,True,,123,10.0,data/kulik/dataloader_kulik.py:tmSCO,torchchem_v1,xtb,test:data/kulik/tmSCO-splits/tmSCO_8_test_indices.npy,node,0.1,True,vector_masked,0.8,torchchem_v1,1e-05,10,3,Polarizability,,,48,
vthp1l7i,cv10-tmSCO-Polarizability-inv-noH-ns64-d48-l3-vector_masked-node,352,48.959793104695336,27.65330503582794,24.23692712667921,0.001,64,0,True,,123,10.0,data/kulik/dataloader_kulik.py:tmSCO,torchchem_v1,xtb,test:data/kulik/tmSCO-splits/tmSCO_7_test_indices.npy,node,0.1,True,vector_masked,0.8,torchchem_v1,1e-05,10,3,Polarizability,,,48,
j6e36zt5,cv10-tmSCO-Polarizability-inv-noH-ns64-d48-l3-vector_masked-node,389,56.34057109300166,25.859006868862515,27.514779716273956,0.001,64,0,True,,123,10.0,data/kulik/dataloader_kulik.py:tmSCO,torchchem_v1,xtb,test:data/kulik/tmSCO-splits/tmSCO_6_test_indices.npy,node,0.1,True,vector_masked,0.8,torchchem_v1,1e-05,10,3,Polarizability,,,48,
jtqczp0u,cv10-tmSCO-Polarizability-inv-noH-ns64-d48-l3-vector_masked-node,432,43.318130686876536,25.98690656058639,22.97726049747123,0.001,64,0,True,,123,10.0,data/kulik/dataloader_kulik.py:tmSCO,torchchem_v1,xtb,test:data/kulik/tmSCO-splits/tmSCO_4_test_indices.npy,node,0.1,True,vector_masked,0.8,torchchem_v1,1e-05,10,3,Polarizability,,,48,
e2b2zyq2,cv10-tmSCO-Polarizability-inv-noH-ns64-d48-l3-vector_masked-node,495,51.52978251862837,32.707763913811775,24.631834064442643,0.001,64,0,True,,123,10.0,data/kulik/dataloader_kulik.py:tmSCO,torchchem_v1,xtb,test:data/kulik/tmSCO-splits/tmSCO_5_test_indices.npy,node,0.1,True,vector_masked,0.8,torchchem_v1,1e-05,10,3,Polarizability,,,48,
uk8m6zlq,cv10-tmSCO-Polarizability-inv-noH-ns64-d48-l3-vector_masked-node,280,46.34626700483838,30.0272413936874,25.329266030036912,0.001,64,0,True,,123,10.0,data/kulik/dataloader_kulik.py:tmSCO,torchchem_v1,xtb,test:data/kulik/tmSCO-splits/tmSCO_3_test_indices.npy,node,0.1,True,vector_masked,0.8,torchchem_v1,1e-05,10,3,Polarizability,,,48,
yzukvbi9,cv10-tmSCO-Polarizability-inv-noH-ns64-d48-l3-vector_masked-node,478,41.86864586527804,24.36022342696165,25.57023533671209,0.001,64,0,True,,123,10.0,data/kulik/dataloader_kulik.py:tmSCO,torchchem_v1,xtb,test:data/kulik/tmSCO-splits/tmSCO_2_test_indices.npy,node,0.1,True,vector_masked,0.8,torchchem_v1,1e-05,10,3,Polarizability,,,48,
25l53qap,cv10-tmSCO-Polarizability-inv-noH-ns64-d48-l3-vector_masked-node,492,41.41902476730568,25.155010723013895,24.54311445082572,0.001,64,0,True,,123,10.0,data/kulik/dataloader_kulik.py:tmSCO,torchchem_v1,xtb,test:data/kulik/tmSCO-splits/tmSCO_1_test_indices.npy,node,0.1,True,vector_masked,0.8,torchchem_v1,1e-05,10,3,Polarizability,,,48,
8gmdgsot,cv10-tmSCO-Polarizability-inv-noH-ns64-d48-l3-vector_masked-node,263,43.94059026297437,27.705128670235943,25.072616727882256,0.001,64,0,True,,123,10.0,data/kulik/dataloader_kulik.py:tmSCO,torchchem_v1,xtb,test:data/kulik/tmSCO-splits/tmSCO_0_test_indices.npy,node,0.1,True,vector_masked,0.798,torchchem_v1,1e-05,10,3,Polarizability,,,48,
7p8jru99,cv10-tmSCO-Polarizability-inv-noH-ns48-d32-l3-energy-both,512,21.091192288197707,6.113589249813982,5.358646414130829,0.001,48,0,True,,123,2.5,data/kulik/dataloader_kulik.py:tmSCO,torchchem_v1,xtb,test:data/kulik/tmSCO-splits/tmSCO_9_test_indices.npy,both,0.0,True,energy,0.8,torchchem_v1,1e-05,50,3,Polarizability,,,32,
6lofz28d,cv10-tmSCO-Polarizability-inv-noH-ns48-d32-l3-energy-both,512,11.049101083965104,6.651342927538525,3.0917198056422404,0.001,48,0,True,,123,2.5,data/kulik/dataloader_kulik.py:tmSCO,torchchem_v1,xtb,test:data/kulik/tmSCO-splits/tmSCO_8_test_indices.npy,both,0.0,True,energy,0.8,torchchem_v1,1e-05,50,3,Polarizability,,,32,
583pcfga,cv10-tmSCO-Polarizability-inv-noH-ns48-d32-l3-energy-both,287,6.438530609000418,4.721815048428762,5.4423079154458005,0.001,48,0,True,,123,2.5,data/kulik/dataloader_kulik.py:tmSCO,torchchem_v1,xtb,test:data/kulik/tmSCO-splits/tmSCO_7_test_indices.npy,both,0.0,True,energy,0.8,torchchem_v1,1e-05,50,3,Polarizability,,,32,
m3yhbfoi,cv10-tmSCO-Polarizability-inv-noH-ns48-d32-l3-energy-both,512,11.1197608771915,5.678703996661281,6.473328772182158,0.001,48,0,True,,123,2.5,data/kulik/dataloader_kulik.py:tmSCO,torchchem_v1,xtb,test:data/kulik/tmSCO-splits/tmSCO_6_test_indices.npy,both,0.0,True,energy,0.8,torchchem_v1,1e-05,50,3,Polarizability,,,32,
gl9nfska,cv10-tmSCO-Polarizability-inv-noH-ns48-d32-l3-energy-both,512,6.029673457914741,4.301838770704162,3.075972876128886,0.001,48,0,True,,123,2.5,data/kulik/dataloader_kulik.py:tmSCO,torchchem_v1,xtb,test:data/kulik/tmSCO-splits/tmSCO_5_test_indices.npy,both,0.0,True,energy,0.8,torchchem_v1,1e-05,50,3,Polarizability,,,32,
87ea9go3,cv10-tmSCO-Polarizability-inv-noH-ns48-d32-l3-energy-both,512,13.940114596621626,5.224633883692504,3.037484214849016,0.001,48,0,True,,123,2.5,data/kulik/dataloader_kulik.py:tmSCO,torchchem_v1,xtb,test:data/kulik/tmSCO-splits/tmSCO_4_test_indices.npy,both,0.0,True,energy,0.8,torchchem_v1,1e-05,50,3,Polarizability,,,32,
pmlgcp47,cv10-tmSCO-Polarizability-inv-noH-ns48-d32-l3-energy-both,227,24.139166726194976,8.124779951282648,6.717041695772444,0.001,48,0,True,,123,2.5,data/kulik/dataloader_kulik.py:tmSCO,torchchem_v1,xtb,test:data/kulik/tmSCO-splits/tmSCO_3_test_indices.npy,both,0.0,True,energy,0.8,torchchem_v1,1e-05,50,3,Polarizability,,,32,
zrovrw29,cv10-tmSCO-Polarizability-inv-noH-ns48-d32-l3-energy-both,487,18.18678993702564,6.828517628339093,5.792552577634065,0.001,48,0,True,,123,2.5,data/kulik/dataloader_kulik.py:tmSCO,torchchem_v1,xtb,test:data/kulik/tmSCO-splits/tmSCO_1_test_indices.npy,both,0.0,True,energy,0.8,torchchem_v1,1e-05,50,3,Polarizability,,,32,
h6krv6s2,cv10-tmSCO-Polarizability-inv-noH-ns48-d32-l3-energy-both,512,20.006612549496637,6.14166842822033,2.738457195944063,0.001,48,0,True,,123,2.5,data/kulik/dataloader_kulik.py:tmSCO,torchchem_v1,xtb,test:data/kulik/tmSCO-splits/tmSCO_0_test_indices.npy,both,0.0,True,energy,0.798,torchchem_v1,1e-05,50,3,Polarizability,,,32,
1ws6o1w4,cv10-tmSCO-Polarizability-inv-noH-ns48-d32-l3-energy-both,433,13.371834352997308,5.0809359463626365,4.453716673256531,0.001,48,0,True,,123,2.5,data/kulik/dataloader_kulik.py:tmSCO,torchchem_v1,xtb,test:data/kulik/tmSCO-splits/tmSCO_2_test_indices.npy,both,0.0,True,energy,0.8,torchchem_v1,1e-05,50,3,Polarizability,,,32,
2137jihd,cv10-tmSCO-Metal_q-inv-noH-ns64-d32-l3-vector_masked-node,495,0.13258566200240565,0.0700873742595628,0.06480920211566103,0.0005,64,0,True,,123,2.5,data/kulik/dataloader_kulik.py:tmSCO,torchchem_v1,xtb,test:data/kulik/tmSCO-splits/tmSCO_9_test_indices.npy,node,0.0,True,vector_masked,0.8,torchchem_v1,0.001,10,3,Metal_q,,,32,
xzwy1u4k,cv10-tmSCO-Metal_q-inv-noH-ns64-d32-l3-vector_masked-node,438,0.1474569978025007,0.0758984463011974,0.05892909848233466,0.0005,64,0,True,,123,2.5,data/kulik/dataloader_kulik.py:tmSCO,torchchem_v1,xtb,test:data/kulik/tmSCO-splits/tmSCO_8_test_indices.npy,node,0.0,True,vector_masked,0.8,torchchem_v1,0.001,10,3,Metal_q,,,32,
8oqd1aso,cv10-tmSCO-Metal_q-inv-noH-ns64-d32-l3-vector_masked-node,260,0.11344512558591932,0.0675216479731385,0.06431684763242802,0.0005,64,0,True,,123,2.5,data/kulik/dataloader_kulik.py:tmSCO,torchchem_v1,xtb,test:data/kulik/tmSCO-splits/tmSCO_7_test_indices.npy,node,0.0,True,vector_masked,0.8,torchchem_v1,0.001,10,3,Metal_q,,,32,
g3viw6mn,cv10-tmSCO-Metal_q-inv-noH-ns64-d32-l3-vector_masked-node,397,0.1549862164975929,0.07210221644922322,0.061917551055818566,0.0005,64,0,True,,123,2.5,data/kulik/dataloader_kulik.py:tmSCO,torchchem_v1,xtb,test:data/kulik/tmSCO-splits/tmSCO_6_test_indices.npy,node,0.0,True,vector_masked,0.8,torchchem_v1,0.001,10,3,Metal_q,,,32,
xpv3s8r1,cv10-tmSCO-Metal_q-inv-noH-ns64-d32-l3-vector_masked-node,512,0.0948312298514431,0.06250458992394692,0.05531035299089694,0.0005,64,0,True,,123,2.5,data/kulik/dataloader_kulik.py:tmSCO,torchchem_v1,xtb,test:data/kulik/tmSCO-splits/tmSCO_5_test_indices.npy,node,0.0,True,vector_masked,0.8,torchchem_v1,0.001,10,3,Metal_q,,,32,
xglu62rc,cv10-tmSCO-Metal_q-inv-noH-ns64-d32-l3-vector_masked-node,423,0.07709598487706179,0.0510332864658092,0.062274490715798485,0.0005,64,0,True,,123,2.5,data/kulik/dataloader_kulik.py:tmSCO,torchchem_v1,xtb,test:data/kulik/tmSCO-splits/tmSCO_4_test_indices.npy,node,0.0,True,vector_masked,0.8,torchchem_v1,0.001,10,3,Metal_q,,,32,
4vus20hp,cv10-tmSCO-Metal_q-inv-noH-ns64-d32-l3-vector_masked-node,498,0.08593916420477826,0.05295383860829396,0.06190871549188456,0.0005,64,0,True,,123,2.5,data/kulik/dataloader_kulik.py:tmSCO,torchchem_v1,xtb,test:data/kulik/tmSCO-splits/tmSCO_3_test_indices.npy,node,0.0,True,vector_masked,0.8,torchchem_v1,0.001,10,3,Metal_q,,,32,
8a1f2otz,cv10-tmSCO-Metal_q-inv-noH-ns64-d32-l3-vector_masked-node,410,0.1113234423294915,0.06940362788910488,0.061327073202922515,0.0005,64,0,True,,123,2.5,data/kulik/dataloader_kulik.py:tmSCO,torchchem_v1,xtb,test:data/kulik/tmSCO-splits/tmSCO_2_test_indices.npy,node,0.0,True,vector_masked,0.8,torchchem_v1,0.001,10,3,Metal_q,,,32,
n4atq0qv,cv10-tmSCO-Metal_q-inv-noH-ns64-d32-l3-vector_masked-node,309,0.1276703948816624,0.07620790695003413,0.060913587013320745,0.0005,64,0,True,,123,2.5,data/kulik/dataloader_kulik.py:tmSCO,torchchem_v1,xtb,test:data/kulik/tmSCO-splits/tmSCO_1_test_indices.npy,node,0.0,True,vector_masked,0.8,torchchem_v1,0.001,10,3,Metal_q,,,32,
g3qu1x6b,cv10-tmSCO-Metal_q-inv-noH-ns64-d32-l3-energy-node,451,0.0965205039049303,0.05912836213012391,0.07266568366770287,0.001,64,0,True,,123,2.5,data/kulik/dataloader_kulik.py:tmSCO,torchchem_v1,xtb,test:data/kulik/tmSCO-splits/tmSCO_9_test_indices.npy,node,0.1,True,energy,0.8,torchchem_v1,0.0001,50,3,Metal_q,,,32,
0279sxfb,cv10-tmSCO-Metal_q-inv-noH-ns64-d32-l3-vector_masked-node,479,0.14272936887580157,0.08112674265154471,0.05577326771436225,0.0005,64,0,True,,123,2.5,data/kulik/dataloader_kulik.py:tmSCO,torchchem_v1,xtb,test:data/kulik/tmSCO-splits/tmSCO_0_test_indices.npy,node,0.0,True,vector_masked,0.798,torchchem_v1,0.001,10,3,Metal_q,,,32,
t3lcd14w,cv10-tmSCO-Metal_q-inv-noH-ns64-d32-l3-energy-node,428,0.1080123537082101,0.05831089104089067,0.08024846470467621,0.001,64,0,True,,123,2.5,data/kulik/dataloader_kulik.py:tmSCO,torchchem_v1,xtb,test:data/kulik/tmSCO-splits/tmSCO_7_test_indices.npy,node,0.1,True,energy,0.8,torchchem_v1,0.0001,50,3,Metal_q,,,32,
mlk02n7n,cv10-tmSCO-Metal_q-inv-noH-ns64-d32-l3-energy-node,512,0.09973821634584586,0.06038067227169656,0.06595565177159651,0.001,64,0,True,,123,2.5,data/kulik/dataloader_kulik.py:tmSCO,torchchem_v1,xtb,test:data/kulik/tmSCO-splits/tmSCO_8_test_indices.npy,node,0.1,True,energy,0.8,torchchem_v1,0.0001,50,3,Metal_q,,,32,
edn098e8,cv10-tmSCO-Metal_q-inv-noH-ns64-d32-l3-energy-node,512,0.19459156586220844,0.0861634634777385,0.07690591110304104,0.001,64,0,True,,123,2.5,data/kulik/dataloader_kulik.py:tmSCO,torchchem_v1,xtb,test:data/kulik/tmSCO-splits/tmSCO_6_test_indices.npy,node,0.1,True,energy,0.8,torchchem_v1,0.0001,50,3,Metal_q,,,32,
t2sn0h6p,cv10-tmSCO-Metal_q-inv-noH-ns64-d32-l3-energy-node,374,0.12777485705389946,0.07645320540329505,0.07615932409315236,0.001,64,0,True,,123,2.5,data/kulik/dataloader_kulik.py:tmSCO,torchchem_v1,xtb,test:data/kulik/tmSCO-splits/tmSCO_5_test_indices.npy,node,0.1,True,energy,0.8,torchchem_v1,0.0001,50,3,Metal_q,,,32,
nnhw51lk,cv10-tmSCO-Metal_q-inv-noH-ns64-d32-l3-energy-node,448,0.4339901300060309,0.11080636362880888,0.07227610858805301,0.001,64,0,True,,123,2.5,data/kulik/dataloader_kulik.py:tmSCO,torchchem_v1,xtb,test:data/kulik/tmSCO-splits/tmSCO_4_test_indices.npy,node,0.1,True,energy,0.8,torchchem_v1,0.0001,50,3,Metal_q,,,32,
exw2y72p,cv10-tmSCO-Metal_q-inv-noH-ns64-d32-l3-energy-node,512,0.1586753199865817,0.06336197563726678,0.07029392880695587,0.001,64,0,True,,123,2.5,data/kulik/dataloader_kulik.py:tmSCO,torchchem_v1,xtb,test:data/kulik/tmSCO-splits/tmSCO_3_test_indices.npy,node,0.1,True,energy,0.8,torchchem_v1,0.0001,50,3,Metal_q,,,32,
o3u5h4cn,cv10-tmSCO-Metal_q-inv-noH-ns64-d32-l3-energy-node,325,0.1003346346724016,0.06339915418731955,0.0817898510838048,0.001,64,0,True,,123,2.5,data/kulik/dataloader_kulik.py:tmSCO,torchchem_v1,xtb,test:data/kulik/tmSCO-splits/tmSCO_2_test_indices.npy,node,0.1,True,energy,0.8,torchchem_v1,0.0001,50,3,Metal_q,,,32,
j06vvjac,cv10-tmSCO-Metal_q-inv-noH-ns64-d32-l3-energy-node,512,0.1299245534872844,0.06444843003282348,0.07865306560319775,0.001,64,0,True,,123,2.5,data/kulik/dataloader_kulik.py:tmSCO,torchchem_v1,xtb,test:data/kulik/tmSCO-splits/tmSCO_1_test_indices.npy,node,0.1,True,energy,0.8,torchchem_v1,0.0001,50,3,Metal_q,,,32,
2165qkxu,cv10-tmSCO-Metal_q-inv-noH-ns64-d32-l3-energy-node,512,0.13103616565961834,0.06794675730451297,0.07341308571718141,0.001,64,0,True,,123,2.5,data/kulik/dataloader_kulik.py:tmSCO,torchchem_v1,xtb,test:data/kulik/tmSCO-splits/tmSCO_0_test_indices.npy,node,0.1,True,energy,0.798,torchchem_v1,0.0001,50,3,Metal_q,,,32,
80ltecav,cv10-tmSCO-LUMO-inv-noH-ns32-d32-l3-vector-node,512,0.04436929783017119,0.02716232035258196,0.0232059129429419,0.001,32,0,True,,123,5.0,data/kulik/dataloader_kulik.py:tmSCO,torchchem_v1,xtb,test:data/kulik/tmSCO-splits/tmSCO_9_test_indices.npy,node,0.05,True,vector,0.8,torchchem_v1,1e-05,25,3,LUMO,,,32,
hgp76pnv,cv10-tmSCO-LUMO-inv-noH-ns32-d32-l3-vector-node,512,0.05335580878647931,0.034878295570405914,0.02411574284821811,0.001,32,0,True,,123,5.0,data/kulik/dataloader_kulik.py:tmSCO,torchchem_v1,xtb,test:data/kulik/tmSCO-splits/tmSCO_8_test_indices.npy,node,0.05,True,vector,0.8,torchchem_v1,1e-05,25,3,LUMO,,,32,
hdiijm6y,cv10-tmSCO-LUMO-inv-noH-ns32-d32-l3-vector-node,512,0.05526846130065387,0.03643018171422851,0.0258655400816149,0.001,32,0,True,,123,5.0,data/kulik/dataloader_kulik.py:tmSCO,torchchem_v1,xtb,test:data/kulik/tmSCO-splits/tmSCO_7_test_indices.npy,node,0.05,True,vector,0.8,torchchem_v1,1e-05,25,3,LUMO,,,32,
e3xrgemi,cv10-tmSCO-LUMO-inv-noH-ns32-d32-l3-vector-node,512,0.05554970896061015,0.03194359048591472,0.020180943312031668,0.001,32,0,True,,123,5.0,data/kulik/dataloader_kulik.py:tmSCO,torchchem_v1,xtb,test:data/kulik/tmSCO-splits/tmSCO_6_test_indices.npy,node,0.05,True,vector,0.8,torchchem_v1,1e-05,25,3,LUMO,,,32,
q86d9c5b,cv10-tmSCO-LUMO-inv-noH-ns32-d32-l3-vector-node,404,0.04284853402783545,0.026594455241409864,0.026837318749218898,0.001,32,0,True,,123,5.0,data/kulik/dataloader_kulik.py:tmSCO,torchchem_v1,xtb,test:data/kulik/tmSCO-splits/tmSCO_5_test_indices.npy,node,0.05,True,vector,0.8,torchchem_v1,1e-05,25,3,LUMO,,,32,
j7wjvzo8,cv10-tmSCO-LUMO-inv-noH-ns32-d32-l3-vector-node,385,0.04121200936942804,0.026196867705054906,0.027148317568062165,0.001,32,0,True,,123,5.0,data/kulik/dataloader_kulik.py:tmSCO,torchchem_v1,xtb,test:data/kulik/tmSCO-splits/tmSCO_4_test_indices.npy,node,0.05,True,vector,0.8,torchchem_v1,1e-05,25,3,LUMO,,,32,
ydtkcf1d,cv10-tmSCO-LUMO-inv-noH-ns32-d32-l3-vector-node,512,0.03668928999697046,0.022337336858556475,0.02412316731800424,0.001,32,0,True,,123,5.0,data/kulik/dataloader_kulik.py:tmSCO,torchchem_v1,xtb,test:data/kulik/tmSCO-splits/tmSCO_3_test_indices.npy,node,0.05,True,vector,0.8,torchchem_v1,1e-05,25,3,LUMO,,,32,
rfrx2jhe,cv10-tmSCO-LUMO-inv-noH-ns32-d32-l3-vector-node,508,0.04277585460373838,0.0255737832174135,0.025052853220323083,0.001,32,0,True,,123,5.0,data/kulik/dataloader_kulik.py:tmSCO,torchchem_v1,xtb,test:data/kulik/tmSCO-splits/tmSCO_2_test_indices.npy,node,0.05,True,vector,0.8,torchchem_v1,1e-05,25,3,LUMO,,,32,
1stw0s7s,cv10-tmSCO-LUMO-inv-noH-ns32-d32-l3-vector-node,365,0.04207320680857454,0.02484863907505045,0.02356718066877484,0.001,32,0,True,,123,5.0,data/kulik/dataloader_kulik.py:tmSCO,torchchem_v1,xtb,test:data/kulik/tmSCO-splits/tmSCO_1_test_indices.npy,node,0.05,True,vector,0.8,torchchem_v1,1e-05,25,3,LUMO,,,32,
s3lyrci6,cv10-tmSCO-LUMO-inv-noH-ns32-d32-l3-vector-node,512,0.04547653704088408,0.02978900348356202,0.029114620728299075,0.001,32,0,True,,123,5.0,data/kulik/dataloader_kulik.py:tmSCO,torchchem_v1,xtb,test:data/kulik/tmSCO-splits/tmSCO_0_test_indices.npy,node,0.05,True,vector,0.798,torchchem_v1,1e-05,25,3,LUMO,,,32,
b2fooufg,cv10-tmSCO-LUMO-inv-noH-ns16-d32-l3-vector_masked-both,196,0.0446047187504654,0.03062959335795732,0.027175080866114185,0.001,16,0,True,,123,2.5,data/kulik/dataloader_kulik.py:tmSCO,torchchem_v1,xtb,test:data/kulik/tmSCO-splits/tmSCO_9_test_indices.npy,both,0.1,True,vector_masked,0.8,torchchem_v1,1e-05,10,3,LUMO,,,32,
kdryp43a,cv10-tmSCO-LUMO-inv-noH-ns16-d32-l3-vector_masked-both,227,0.05653288162850228,0.036633703949830586,0.02573001975987224,0.001,16,0,True,,123,2.5,data/kulik/dataloader_kulik.py:tmSCO,torchchem_v1,xtb,test:data/kulik/tmSCO-splits/tmSCO_8_test_indices.npy,both,0.1,True,vector_masked,0.8,torchchem_v1,1e-05,10,3,LUMO,,,32,
qw7cerb2,cv10-tmSCO-LUMO-inv-noH-ns16-d32-l3-vector_masked-both,175,0.05924079916656436,0.04295036459255886,0.031589420281386865,0.001,16,0,True,,123,2.5,data/kulik/dataloader_kulik.py:tmSCO,torchchem_v1,xtb,test:data/kulik/tmSCO-splits/tmSCO_7_test_indices.npy,both,0.1,True,vector_masked,0.8,torchchem_v1,1e-05,10,3,LUMO,,,32,
weunq6lx,cv10-tmSCO-LUMO-inv-noH-ns16-d32-l3-vector_masked-both,328,0.0524750266388553,0.0350776961311377,0.025096000622731814,0.001,16,0,True,,123,2.5,data/kulik/dataloader_kulik.py:tmSCO,torchchem_v1,xtb,test:data/kulik/tmSCO-splits/tmSCO_6_test_indices.npy,both,0.1,True,vector_masked,0.8,torchchem_v1,1e-05,10,3,LUMO,,,32,
5uhvss30,cv10-tmSCO-LUMO-inv-noH-ns16-d32-l3-vector_masked-both,225,0.05035666440233688,0.03263373816945856,0.026641437303145898,0.001,16,0,True,,123,2.5,data/kulik/dataloader_kulik.py:tmSCO,torchchem_v1,xtb,test:data/kulik/tmSCO-splits/tmSCO_5_test_indices.npy,both,0.1,True,vector_masked,0.8,torchchem_v1,1e-05,10,3,LUMO,,,32,
mct6luur,cv10-tmSCO-LUMO-inv-noH-ns16-d32-l3-vector_masked-both,512,0.038457893303512215,0.025646654441660588,0.029631637963662253,0.001,16,0,True,,123,2.5,data/kulik/dataloader_kulik.py:tmSCO,torchchem_v1,xtb,test:data/kulik/tmSCO-splits/tmSCO_4_test_indices.npy,both,0.1,True,vector_masked,0.8,torchchem_v1,1e-05,10,3,LUMO,,,32,
hpgmwb0v,cv10-tmSCO-LUMO-inv-noH-ns16-d32-l3-vector_masked-both,224,0.040863297002951375,0.02733106088157341,0.027772627083813076,0.001,16,0,True,,123,2.5,data/kulik/dataloader_kulik.py:tmSCO,torchchem_v1,xtb,test:data/kulik/tmSCO-splits/tmSCO_3_test_indices.npy,both,0.1,True,vector_masked,0.8,torchchem_v1,1e-05,10,3,LUMO,,,32,
eyhuwn7t,cv10-tmSCO-LUMO-inv-noH-ns16-d32-l3-vector_masked-both,369,0.03860837537011283,0.026191491806747475,0.028730035615217864,0.001,16,0,True,,123,2.5,data/kulik/dataloader_kulik.py:tmSCO,torchchem_v1,xtb,test:data/kulik/tmSCO-splits/tmSCO_2_test_indices.npy,both,0.1,True,vector_masked,0.8,torchchem_v1,1e-05,10,3,LUMO,,,32,
d6ze8bwn,cv10-tmSCO-LUMO-inv-noH-ns16-d32-l3-vector_masked-both,238,0.04877750431124289,0.035166544449442554,0.02468395450205087,0.001,16,0,True,,123,2.5,data/kulik/dataloader_kulik.py:tmSCO,torchchem_v1,xtb,test:data/kulik/tmSCO-splits/tmSCO_1_test_indices.npy,both,0.1,True,vector_masked,0.8,torchchem_v1,1e-05,10,3,LUMO,,,32,
ub9yfmfg,cv10-tmSCO-LUMO-inv-noH-ns16-d32-l3-vector_masked-both,264,0.04225457592206205,0.029988024015180186,0.02899339783528646,0.001,16,0,True,,123,2.5,data/kulik/dataloader_kulik.py:tmSCO,torchchem_v1,xtb,test:data/kulik/tmSCO-splits/tmSCO_0_test_indices.npy,both,0.1,True,vector_masked,0.798,torchchem_v1,1e-05,10,3,LUMO,,,32,
smvao5hw,cv10-tmSCO-HOMO-inv-noH-ns64-d64-l2-energy-node,440,0.040950813952659655,0.023201358765573384,0.02096523093320193,0.001,64,0,True,,123,2.5,data/kulik/dataloader_kulik.py:tmSCO,torchchem_v1,xtb,test:data/kulik/tmSCO-splits/tmSCO_9_test_indices.npy,node,0.1,True,energy,0.8,torchchem_v1,1e-05,25,2,HOMO,,,64,
acko2lfc,cv10-tmSCO-HOMO-inv-noH-ns64-d64-l2-energy-node,512,0.050633173709911265,0.031012572922373405,0.024530687280031407,0.001,64,0,True,,123,2.5,data/kulik/dataloader_kulik.py:tmSCO,torchchem_v1,xtb,test:data/kulik/tmSCO-splits/tmSCO_7_test_indices.npy,node,0.1,True,energy,0.8,torchchem_v1,1e-05,25,2,HOMO,,,64,
3hq2jv7q,cv10-tmSCO-HOMO-inv-noH-ns64-d64-l2-energy-node,427,0.04332618599179304,0.026434148044020864,0.02223786830704275,0.001,64,0,True,,123,2.5,data/kulik/dataloader_kulik.py:tmSCO,torchchem_v1,xtb,test:data/kulik/tmSCO-splits/tmSCO_8_test_indices.npy,node,0.1,True,energy,0.8,torchchem_v1,1e-05,25,2,HOMO,,,64,
b9bs008x,cv10-tmSCO-HOMO-inv-noH-ns64-d64-l2-energy-node,505,0.0476293515283277,0.025557235650662095,0.022330444129550184,0.001,64,0,True,,123,2.5,data/kulik/dataloader_kulik.py:tmSCO,torchchem_v1,xtb,test:data/kulik/tmSCO-splits/tmSCO_6_test_indices.npy,node,0.1,True,energy,0.8,torchchem_v1,1e-05,25,2,HOMO,,,64,
xy6pox20,cv10-tmSCO-HOMO-inv-noH-ns64-d64-l2-energy-node,172,0.039377733230656166,0.02599972797197635,0.026300294253083795,0.001,64,0,True,,123,2.5,data/kulik/dataloader_kulik.py:tmSCO,torchchem_v1,xtb,test:data/kulik/tmSCO-splits/tmSCO_5_test_indices.npy,node,0.1,True,energy,0.8,torchchem_v1,1e-05,25,2,HOMO,,,64,
rll16s1b,cv10-tmSCO-HOMO-inv-noH-ns64-d64-l2-energy-node,408,0.04051681315130018,0.02442571726983219,0.023869693447234004,0.001,64,0,True,,123,2.5,data/kulik/dataloader_kulik.py:tmSCO,torchchem_v1,xtb,test:data/kulik/tmSCO-splits/tmSCO_4_test_indices.npy,node,0.1,True,energy,0.8,torchchem_v1,1e-05,25,2,HOMO,,,64,
vsrzugkz,cv10-tmSCO-HOMO-inv-noH-ns64-d64-l2-energy-node,512,0.035548988829213465,0.021527695507843503,0.02203217020905469,0.001,64,0,True,,123,2.5,data/kulik/dataloader_kulik.py:tmSCO,torchchem_v1,xtb,test:data/kulik/tmSCO-splits/tmSCO_3_test_indices.npy,node,0.1,True,energy,0.8,torchchem_v1,1e-05,25,2,HOMO,,,64,
wl0hmb5i,cv10-tmSCO-HOMO-inv-noH-ns64-d64-l2-energy-node,512,0.03620919611893276,0.020208585419456863,0.02563568163043519,0.001,64,0,True,,123,2.5,data/kulik/dataloader_kulik.py:tmSCO,torchchem_v1,xtb,test:data/kulik/tmSCO-splits/tmSCO_2_test_indices.npy,node,0.1,True,energy,0.8,torchchem_v1,1e-05,25,2,HOMO,,,64,
87v4mlma,cv10-tmSCO-HOMO-inv-noH-ns64-d64-l2-energy-node,239,0.04503054591260835,0.02756808630751,0.02472044253019704,0.001,64,0,True,,123,2.5,data/kulik/dataloader_kulik.py:tmSCO,torchchem_v1,xtb,test:data/kulik/tmSCO-splits/tmSCO_1_test_indices.npy,node,0.1,True,energy,0.8,torchchem_v1,1e-05,25,2,HOMO,,,64,
paaeda3b,cv10-tmSCO-HOMO-inv-noH-ns64-d64-l2-energy-node,237,0.04956030529752225,0.03221844096428186,0.023783492844606766,0.001,64,0,True,,123,2.5,data/kulik/dataloader_kulik.py:tmSCO,torchchem_v1,xtb,test:data/kulik/tmSCO-splits/tmSCO_0_test_indices.npy,node,0.1,True,energy,0.798,torchchem_v1,1e-05,25,2,HOMO,,,64,
9bq439l5,cv10-tmSCO-HOMO-inv-noH-ns64-d48-l3-vector_masked-node,308,0.03946710180829726,0.023952258937138628,0.019760143735498052,0.001,64,0,True,,123,2.5,data/kulik/dataloader_kulik.py:tmSCO,torchchem_v1,xtb,test:data/kulik/tmSCO-splits/tmSCO_9_test_indices.npy,node,0.1,True,vector_masked,0.8,torchchem_v1,1e-05,50,3,HOMO,,,48,
8nynu27z,cv10-tmSCO-HOMO-inv-noH-ns64-d48-l3-vector_masked-node,252,0.0511671619697308,0.03351089645161343,0.022950469208963507,0.001,64,0,True,,123,2.5,data/kulik/dataloader_kulik.py:tmSCO,torchchem_v1,xtb,test:data/kulik/tmSCO-splits/tmSCO_8_test_indices.npy,node,0.1,True,vector_masked,0.8,torchchem_v1,1e-05,50,3,HOMO,,,48,
0eobr4qq,cv10-tmSCO-HOMO-inv-noH-ns64-d48-l3-vector_masked-node,399,0.05202363149758585,0.031760527497566464,0.02416876019643929,0.001,64,0,True,,123,2.5,data/kulik/dataloader_kulik.py:tmSCO,torchchem_v1,xtb,test:data/kulik/tmSCO-splits/tmSCO_7_test_indices.npy,node,0.1,True,vector_masked,0.8,torchchem_v1,1e-05,50,3,HOMO,,,48,
pdhqxmz5,cv10-tmSCO-HOMO-inv-noH-ns64-d48-l3-vector_masked-node,512,0.05716111539211421,0.02855152485772342,0.02076567233308283,0.001,64,0,True,,123,2.5,data/kulik/dataloader_kulik.py:tmSCO,torchchem_v1,xtb,test:data/kulik/tmSCO-splits/tmSCO_6_test_indices.npy,node,0.1,True,vector_masked,0.8,torchchem_v1,1e-05,50,3,HOMO,,,48,
3nypfrgv,cv10-tmSCO-HOMO-inv-noH-ns64-d48-l3-vector_masked-node,383,0.03810103932679501,0.02347840655983785,0.02388622243733534,0.001,64,0,True,,123,2.5,data/kulik/dataloader_kulik.py:tmSCO,torchchem_v1,xtb,test:data/kulik/tmSCO-splits/tmSCO_4_test_indices.npy,node,0.1,True,vector_masked,0.8,torchchem_v1,1e-05,50,3,HOMO,,,48,
imkj226g,cv10-tmSCO-HOMO-inv-noH-ns64-d48-l3-vector_masked-node,216,0.04290536953512619,0.02681499204580711,0.022728845814096815,0.001,64,0,True,,123,2.5,data/kulik/dataloader_kulik.py:tmSCO,torchchem_v1,xtb,test:data/kulik/tmSCO-splits/tmSCO_5_test_indices.npy,node,0.1,True,vector_masked,0.8,torchchem_v1,1e-05,50,3,HOMO,,,48,
dqx6utyo,cv10-tmSCO-HOMO-inv-noH-ns64-d48-l3-vector_masked-node,261,0.04172573497071092,0.024346134255498097,0.02413256852114196,0.001,64,0,True,,123,2.5,data/kulik/dataloader_kulik.py:tmSCO,torchchem_v1,xtb,test:data/kulik/tmSCO-splits/tmSCO_3_test_indices.npy,node,0.1,True,vector_masked,0.8,torchchem_v1,1e-05,50,3,HOMO,,,48,
n3w8gme8,cv10-tmSCO-HOMO-inv-noH-ns64-d48-l3-vector_masked-node,334,0.040720184254021505,0.02605887916988151,0.022198621656706663,0.001,64,0,True,,123,2.5,data/kulik/dataloader_kulik.py:tmSCO,torchchem_v1,xtb,test:data/kulik/tmSCO-splits/tmSCO_2_test_indices.npy,node,0.1,True,vector_masked,0.8,torchchem_v1,1e-05,50,3,HOMO,,,48,
pf3yv5ik,cv10-tmSCO-Dispersion_E-inv-noH-ns48-d64-l3-vector_masked-node,512,0.01561647977172845,0.009549227810463348,0.010026007110459464,0.001,48,0,True,,123,5.0,data/kulik/dataloader_kulik.py:tmSCO,torchchem_v1,xtb,test:data/kulik/tmSCO-splits/tmSCO_9_test_indices.npy,node,0.05,True,vector_masked,0.8,torchchem_v1,1e-05,10,3,Dispersion_E,,,64,
gio32rql,cv10-tmSCO-Dispersion_E-inv-noH-ns48-d64-l3-vector_masked-node,512,0.018947569450030184,0.011578606736980333,0.008739664160338965,0.001,48,0,True,,123,5.0,data/kulik/dataloader_kulik.py:tmSCO,torchchem_v1,xtb,test:data/kulik/tmSCO-splits/tmSCO_8_test_indices.npy,node,0.05,True,vector_masked,0.8,torchchem_v1,1e-05,10,3,Dispersion_E,,,64,
f378pxae,cv10-tmSCO-Dispersion_E-inv-noH-ns48-d64-l3-vector_masked-node,276,0.024592574199605845,0.01352324862692464,0.011109043481480686,0.001,48,0,True,,123,5.0,data/kulik/dataloader_kulik.py:tmSCO,torchchem_v1,xtb,test:data/kulik/tmSCO-splits/tmSCO_7_test_indices.npy,node,0.05,True,vector_masked,0.8,torchchem_v1,1e-05,10,3,Dispersion_E,,,64,
60r1m5kv,cv10-tmSCO-Dispersion_E-inv-noH-ns48-d64-l3-vector_masked-node,512,0.01813553803347305,0.01040712029734963,0.00927683642554406,0.001,48,0,True,,123,5.0,data/kulik/dataloader_kulik.py:tmSCO,torchchem_v1,xtb,test:data/kulik/tmSCO-splits/tmSCO_6_test_indices.npy,node,0.05,True,vector_masked,0.8,torchchem_v1,1e-05,10,3,Dispersion_E,,,64,
bkecf4ef,cv10-tmSCO-Dispersion_E-inv-noH-ns48-d64-l3-vector_masked-node,397,0.020033839918632453,0.011991382129436734,0.010364236848545868,0.001,48,0,True,,123,5.0,data/kulik/dataloader_kulik.py:tmSCO,torchchem_v1,xtb,test:data/kulik/tmSCO-splits/tmSCO_5_test_indices.npy,node,0.05,True,vector_masked,0.8,torchchem_v1,1e-05,10,3,Dispersion_E,,,64,
eilkwnm5,cv10-tmSCO-Dispersion_E-inv-noH-ns48-d64-l3-vector_masked-node,462,0.026291659606626376,0.012994622424568477,0.00966415198084925,0.001,48,0,True,,123,5.0,data/kulik/dataloader_kulik.py:tmSCO,torchchem_v1,xtb,test:data/kulik/tmSCO-splits/tmSCO_4_test_indices.npy,node,0.05,True,vector_masked,0.8,torchchem_v1,1e-05,10,3,Dispersion_E,,,64,
fkcr20rq,cv10-tmSCO-Dispersion_E-inv-noH-ns48-d64-l3-vector_masked-node,272,0.01900952444673896,0.01232534191463526,0.010971405641764149,0.001,48,0,True,,123,5.0,data/kulik/dataloader_kulik.py:tmSCO,torchchem_v1,xtb,test:data/kulik/tmSCO-splits/tmSCO_3_test_indices.npy,node,0.05,True,vector_masked,0.8,torchchem_v1,1e-05,10,3,Dispersion_E,,,64,
t91tcwrg,cv10-tmSCO-Dispersion_E-inv-noH-ns48-d64-l3-vector_masked-node,442,0.019203470609338778,0.011274162919345618,0.010264055993620468,0.001,48,0,True,,123,5.0,data/kulik/dataloader_kulik.py:tmSCO,torchchem_v1,xtb,test:data/kulik/tmSCO-splits/tmSCO_2_test_indices.npy,node,0.05,True,vector_masked,0.8,torchchem_v1,1e-05,10,3,Dispersion_E,,,64,
1uyww8gb,cv10-tmSCO-Dispersion_E-inv-noH-ns48-d64-l3-vector_masked-node,512,0.012396703449544903,0.008511014479479648,0.009994952915869932,0.001,48,0,True,,123,5.0,data/kulik/dataloader_kulik.py:tmSCO,torchchem_v1,xtb,test:data/kulik/tmSCO-splits/tmSCO_1_test_indices.npy,node,0.05,True,vector_masked,0.8,torchchem_v1,1e-05,10,3,Dispersion_E,,,64,
vuvsoxzj,cv10-tmSCO-Dispersion_E-inv-noH-ns48-d64-l3-vector_masked-node,502,0.012551097330667702,0.007563718049230258,0.009219797527837224,0.001,48,0,True,,123,5.0,data/kulik/dataloader_kulik.py:tmSCO,torchchem_v1,xtb,test:data/kulik/tmSCO-splits/tmSCO_0_test_indices.npy,node,0.05,True,vector_masked,0.798,torchchem_v1,1e-05,10,3,Dispersion_E,,,64,
yi3lvku1,cv10-tmSCO-dipole_moment_Debye-inv-noH-ns64-d32-l3-vector_masked-node,311,3.5131889966349337,2.446405214009377,1.9152335623447536,0.001,64,0,True,,123,10.0,data/kulik/dataloader_kulik.py:tmSCO,torchchem_v1,xtb,test:data/kulik/tmSCO-splits/tmSCO_8_test_indices.npy,node,0.1,True,vector_masked,0.8,torchchem_v1,1e-05,10,3,dipole_moment_Debye,,,32,
whev0v55,cv10-tmSCO-Dispersion_E-inv-noH-ns32-d16-l3-vector-node,414,0.004017635547364278,0.0028762758993340063,0.003055761475336307,0.001,32,0,True,,123,5.0,data/kulik/dataloader_kulik.py:tmSCO,torchchem_v1,xtb,test:data/kulik/tmSCO-splits/tmSCO_5_test_indices.npy,node,0.0,True,vector,0.8,torchchem_v1,1e-05,25,3,Dispersion_E,,,16,
ta2lzd6a,cv10-tmSCO-Dispersion_E-inv-noH-ns32-d16-l3-vector-node,345,0.00780570082825649,0.003952800837239149,0.0028281075992008017,0.001,32,0,True,,123,5.0,data/kulik/dataloader_kulik.py:tmSCO,torchchem_v1,xtb,test:data/kulik/tmSCO-splits/tmSCO_4_test_indices.npy,node,0.0,True,vector,0.8,torchchem_v1,1e-05,25,3,Dispersion_E,,,16,
fcsbctb8,cv10-tmSCO-dipole_moment_Debye-inv-noH-ns64-d32-l3-vector_masked-node,335,3.679730787254719,2.636791513689221,2.2796065524999407,0.001,64,0,True,,123,10.0,data/kulik/dataloader_kulik.py:tmSCO,torchchem_v1,xtb,test:data/kulik/tmSCO-splits/tmSCO_7_test_indices.npy,node,0.1,True,vector_masked,0.8,torchchem_v1,1e-05,10,3,dipole_moment_Debye,,,32,
ztl3de2a,cv10-tmSCO-gap-inv-noH-ns64-d64-l3-vector_masked-both,281,0.021914845436350524,0.014067169632746226,0.013787689502431146,0.0005,64,0,True,,123,2.5,data/kulik/dataloader_kulik.py:tmSCO,torchchem_v1,xtb,test:data/kulik/tmSCO-splits/tmSCO_9_test_indices.npy,both,0.05,True,vector_masked,0.8,torchchem_v1,0.0,50,3,gap,,,64,
wdi47zqx,cv10-tmSCO-dipole_moment_Debye-inv-noH-ns64-d32-l3-vector_masked-node,295,3.202143061098312,2.2615122181540133,1.9366830702237912,0.001,64,0,True,,123,10.0,data/kulik/dataloader_kulik.py:tmSCO,torchchem_v1,xtb,test:data/kulik/tmSCO-splits/tmSCO_9_test_indices.npy,node,0.1,True,vector_masked,0.8,torchchem_v1,1e-05,10,3,dipole_moment_Debye,,,32,
rh28c02n,cv10-tmSCO-Dispersion_E-inv-noH-ns32-d16-l3-vector-node,503,0.005855098897146406,0.003745774546508665,0.0027294240363848906,0.001,32,0,True,,123,5.0,data/kulik/dataloader_kulik.py:tmSCO,torchchem_v1,xtb,test:data/kulik/tmSCO-splits/tmSCO_0_test_indices.npy,node,0.0,True,vector,0.798,torchchem_v1,1e-05,25,3,Dispersion_E,,,16,
mx57lnq0,cv10-tmSCO-gap-inv-noH-ns64-d64-l3-vector_masked-both,303,0.03305094363712436,0.022220862062355413,0.010729727538439916,0.0005,64,0,True,,123,2.5,data/kulik/dataloader_kulik.py:tmSCO,torchchem_v1,xtb,test:data/kulik/tmSCO-splits/tmSCO_8_test_indices.npy,both,0.05,True,vector_masked,0.8,torchchem_v1,0.0,50,3,gap,,,64,
jqxpgybp,cv10-tmSCO-HOMO-inv-noH-ns64-d48-l3-vector_masked-node,512,0.04065191668170554,0.02491572754955779,0.024623625007443077,0.001,64,0,True,,123,2.5,data/kulik/dataloader_kulik.py:tmSCO,torchchem_v1,xtb,test:data/kulik/tmSCO-splits/tmSCO_1_test_indices.npy,node,0.1,True,vector_masked,0.8,torchchem_v1,1e-05,50,3,HOMO,,,48,
9ea9gj1j,cv10-tmSCO-HOMO-inv-noH-ns64-d48-l3-vector_masked-node,261,0.05016659638755067,0.031431413279572086,0.02296494038176151,0.001,64,0,True,,123,2.5,data/kulik/dataloader_kulik.py:tmSCO,torchchem_v1,xtb,test:data/kulik/tmSCO-splits/tmSCO_0_test_indices.npy,node,0.1,True,vector_masked,0.798,torchchem_v1,1e-05,50,3,HOMO,,,48,
ydchtzdk,cv10-tmSCO-dipole_moment_Debye-inv-noH-ns64-d32-l3-vector_masked-node,327,3.1403914390382615,2.121403807826579,2.2486864718214137,0.001,64,0,True,,123,10.0,data/kulik/dataloader_kulik.py:tmSCO,torchchem_v1,xtb,test:data/kulik/tmSCO-splits/tmSCO_1_test_indices.npy,node,0.1,True,vector_masked,0.8,torchchem_v1,1e-05,10,3,dipole_moment_Debye,,,32,
vdqlimgq,cv10-tmSCO-gap-inv-noH-ns64-d32-l3-vector-both,391,0.018661009303032806,0.01397726234768992,0.010089628352356432,0.0005,64,0,True,,123,5.0,data/kulik/dataloader_kulik.py:tmSCO,torchchem_v1,xtb,test:data/kulik/tmSCO-splits/tmSCO_4_test_indices.npy,both,0.05,True,vector,0.8,torchchem_v1,1e-05,50,3,gap,,,32,
ut597pzn,cv10-tmSCO-dipole_moment_Debye-inv-noH-ns64-d32-l3-vector_masked-node,336,3.2468439508143017,1.92721821655291,1.9815712844610007,0.001,64,0,True,,123,10.0,data/kulik/dataloader_kulik.py:tmSCO,torchchem_v1,xtb,test:data/kulik/tmSCO-splits/tmSCO_2_test_indices.npy,node,0.1,True,vector_masked,0.8,torchchem_v1,1e-05,10,3,dipole_moment_Debye,,,32,
s9exfmeu,cv10-tmSCO-gap-inv-noH-ns64-d32-l3-vector-both,217,0.03029104071387945,0.02133174205921834,0.011435251235421311,0.0005,64,0,True,,123,5.0,data/kulik/dataloader_kulik.py:tmSCO,torchchem_v1,xtb,test:data/kulik/tmSCO-splits/tmSCO_8_test_indices.npy,both,0.05,True,vector,0.8,torchchem_v1,1e-05,50,3,gap,,,32,
phny5h0t,cv10-tmSCO-gap-inv-noH-ns64-d32-l3-vector-both,442,0.02087703894518212,0.014017609759749156,0.012706727024898275,0.0005,64,0,True,,123,5.0,data/kulik/dataloader_kulik.py:tmSCO,torchchem_v1,xtb,test:data/kulik/tmSCO-splits/tmSCO_9_test_indices.npy,both,0.05,True,vector,0.8,torchchem_v1,1e-05,50,3,gap,,,32,
ofxvnic4,cv10-tmSCO-gap-inv-noH-ns64-d32-l3-vector-both,356,0.017667680703801418,0.013563226040816626,0.011555882784962676,0.0005,64,0,True,,123,5.0,data/kulik/dataloader_kulik.py:tmSCO,torchchem_v1,xtb,test:data/kulik/tmSCO-splits/tmSCO_5_test_indices.npy,both,0.05,True,vector,0.8,torchchem_v1,1e-05,50,3,gap,,,32,
1ths3orl,cv10-tmSCO-dipole_moment_Debye-inv-noH-ns64-d16-l2-energy-both,512,3.0031379819099535,2.196145594569918,2.048500678156046,0.001,64,0,True,,123,5.0,data/kulik/dataloader_kulik.py:tmSCO,torchchem_v1,xtb,test:data/kulik/tmSCO-splits/tmSCO_7_test_indices.npy,both,0.1,True,energy,0.8,torchchem_v1,1e-05,50,2,dipole_moment_Debye,,,16,
zmhs71dz,cv10-tmSCO-gap-inv-noH-ns64-d64-l3-vector_masked-both,243,0.02859127258197574,0.017890707558844327,0.011936504638125726,0.0005,64,0,True,,123,2.5,data/kulik/dataloader_kulik.py:tmSCO,torchchem_v1,xtb,test:data/kulik/tmSCO-splits/tmSCO_0_test_indices.npy,both,0.05,True,vector_masked,0.798,torchchem_v1,0.0,50,3,gap,,,64,
q1ffcana,cv10-tmSCO-gap-inv-noH-ns64-d32-l3-vector-both,315,0.02605591741812223,0.014551733637927932,0.01350062346036671,0.0005,64,0,True,,123,5.0,data/kulik/dataloader_kulik.py:tmSCO,torchchem_v1,xtb,test:data/kulik/tmSCO-splits/tmSCO_3_test_indices.npy,both,0.05,True,vector,0.8,torchchem_v1,1e-05,50,3,gap,,,32,
gtgy65ds,cv10-tmSCO-gap-inv-noH-ns64-d32-l3-vector-both,397,0.021917761740450244,0.013862285797277376,0.013438357352466956,0.0005,64,0,True,,123,5.0,data/kulik/dataloader_kulik.py:tmSCO,torchchem_v1,xtb,test:data/kulik/tmSCO-splits/tmSCO_2_test_indices.npy,both,0.05,True,vector,0.8,torchchem_v1,1e-05,50,3,gap,,,32,
exfqghf5,cv10-tmSCO-gap-inv-noH-ns64-d64-l3-vector_masked-both,218,0.01923524204069928,0.012565203414508482,0.012412883021358626,0.0005,64,0,True,,123,2.5,data/kulik/dataloader_kulik.py:tmSCO,torchchem_v1,xtb,test:data/kulik/tmSCO-splits/tmSCO_4_test_indices.npy,both,0.05,True,vector_masked,0.8,torchchem_v1,0.0,50,3,gap,,,64,
datwolvf,cv10-tmSCO-gap-inv-noH-ns64-d64-l3-vector_masked-both,287,0.02210481812617286,0.015018585568135446,0.01289765065628422,0.0005,64,0,True,,123,2.5,data/kulik/dataloader_kulik.py:tmSCO,torchchem_v1,xtb,test:data/kulik/tmSCO-splits/tmSCO_5_test_indices.npy,both,0.05,True,vector_masked,0.8,torchchem_v1,0.0,50,3,gap,,,64,
6ihpptn0,cv10-tmSCO-gap-inv-noH-ns64-d64-l3-vector_masked-both,316,0.028427148753702575,0.016305562513768444,0.011997571080830258,0.0005,64,0,True,,123,2.5,data/kulik/dataloader_kulik.py:tmSCO,torchchem_v1,xtb,test:data/kulik/tmSCO-splits/tmSCO_1_test_indices.npy,both,0.05,True,vector_masked,0.8,torchchem_v1,0.0,50,3,gap,,,64,
45zm3q7p,cv10-tmSCO-gap-inv-noH-ns64-d64-l3-vector_masked-both,307,0.02316098994607723,0.013714025391994535,0.014245143293687514,0.0005,64,0,True,,123,2.5,data/kulik/dataloader_kulik.py:tmSCO,torchchem_v1,xtb,test:data/kulik/tmSCO-splits/tmSCO_2_test_indices.npy,both,0.05,True,vector_masked,0.8,torchchem_v1,0.0,50,3,gap,,,64,
05rh727t,cv10-tmSCO-gap-inv-noH-ns64-d64-l3-vector_masked-both,253,0.025195756688362263,0.015677475769000214,0.013809109425757329,0.0005,64,0,True,,123,2.5,data/kulik/dataloader_kulik.py:tmSCO,torchchem_v1,xtb,test:data/kulik/tmSCO-splits/tmSCO_3_test_indices.npy,both,0.05,True,vector_masked,0.8,torchchem_v1,0.0,50,3,gap,,,64,
wp9x9dmh,cv10-tmSCO-Dispersion_E-inv-noH-ns32-d16-l3-vector-node,440,0.005142026476910098,0.003853024685375812,0.003266933534334943,0.001,32,0,True,,123,5.0,data/kulik/dataloader_kulik.py:tmSCO,torchchem_v1,xtb,test:data/kulik/tmSCO-splits/tmSCO_8_test_indices.npy,node,0.0,True,vector,0.8,torchchem_v1,1e-05,25,3,Dispersion_E,,,16,
mhdqkxf4,cv10-tmSCO-gap-inv-noH-ns64-d64-l3-vector_masked-both,203,0.02200402137594893,0.015203595858669813,0.015635661006963213,0.0005,64,0,True,,123,2.5,data/kulik/dataloader_kulik.py:tmSCO,torchchem_v1,xtb,test:data/kulik/tmSCO-splits/tmSCO_7_test_indices.npy,both,0.05,True,vector_masked,0.8,torchchem_v1,0.0,50,3,gap,,,64,
9pukfkq2,cv10-tmSCO-gap-inv-noH-ns64-d64-l3-vector_masked-both,381,0.02216913335802461,0.014056156531632703,0.012904101406670272,0.0005,64,0,True,,123,2.5,data/kulik/dataloader_kulik.py:tmSCO,torchchem_v1,xtb,test:data/kulik/tmSCO-splits/tmSCO_6_test_indices.npy,both,0.05,True,vector_masked,0.8,torchchem_v1,0.0,50,3,gap,,,64,
34q7lm50,cv10-tmSCO-Dispersion_E-inv-noH-ns32-d16-l3-vector-node,322,0.006288282748910846,0.004172299364355333,0.004140836997691,0.001,32,0,True,,123,5.0,data/kulik/dataloader_kulik.py:tmSCO,torchchem_v1,xtb,test:data/kulik/tmSCO-splits/tmSCO_9_test_indices.npy,node,0.0,True,vector,0.8,torchchem_v1,1e-05,25,3,Dispersion_E,,,16,
epcc57f4,cv10-tmSCO-dipole_moment_Debye-inv-noH-ns64-d16-l2-energy-both,416,3.074185875590163,2.218222210445678,2.118813514672534,0.001,64,0,True,,123,5.0,data/kulik/dataloader_kulik.py:tmSCO,torchchem_v1,xtb,test:data/kulik/tmSCO-splits/tmSCO_5_test_indices.npy,both,0.1,True,energy,0.8,torchchem_v1,1e-05,50,2,dipole_moment_Debye,,,16,
531cprp7,cv10-tmSCO-dipole_moment_Debye-inv-noH-ns64-d16-l2-energy-both,512,2.602521203856929,1.904419035512798,2.169531596323695,0.001,64,0,True,,123,5.0,data/kulik/dataloader_kulik.py:tmSCO,torchchem_v1,xtb,test:data/kulik/tmSCO-splits/tmSCO_6_test_indices.npy,both,0.1,True,energy,0.8,torchchem_v1,1e-05,50,2,dipole_moment_Debye,,,16,
zi4zj9q0,cv10-tmSCO-gap-inv-noH-ns64-d32-l3-vector-both,370,0.025868607416747035,0.016338002678100986,0.011565819516630532,0.0005,64,0,True,,123,5.0,data/kulik/dataloader_kulik.py:tmSCO,torchchem_v1,xtb,test:data/kulik/tmSCO-splits/tmSCO_1_test_indices.npy,both,0.05,True,vector,0.8,torchchem_v1,1e-05,50,3,gap,,,32,
yr6iugz6,cv10-tmSCO-gap-inv-noH-ns64-d32-l3-vector-both,325,0.02603099458905807,0.015954197347316106,0.01056728762556552,0.0005,64,0,True,,123,5.0,data/kulik/dataloader_kulik.py:tmSCO,torchchem_v1,xtb,test:data/kulik/tmSCO-splits/tmSCO_0_test_indices.npy,both,0.05,True,vector,0.798,torchchem_v1,1e-05,50,3,gap,,,32,
9h5qj1wt,cv10-tmSCO-dipole_moment_Debye-inv-noH-ns64-d32-l3-vector_masked-node,389,3.231747386879056,2.3366912219818303,2.24298641489673,0.001,64,0,True,,123,10.0,data/kulik/dataloader_kulik.py:tmSCO,torchchem_v1,xtb,test:data/kulik/tmSCO-splits/tmSCO_0_test_indices.npy,node,0.1,True,vector_masked,0.798,torchchem_v1,1e-05,10,3,dipole_moment_Debye,,,32,
om7httmr,cv10-tmSCO-dipole_moment_Debye-inv-noH-ns64-d16-l2-energy-both,492,2.929614586296288,2.0645710429883,2.069644388505882,0.001,64,0,True,,123,5.0,data/kulik/dataloader_kulik.py:tmSCO,torchchem_v1,xtb,test:data/kulik/tmSCO-splits/tmSCO_9_test_indices.npy,both,0.1,True,energy,0.8,torchchem_v1,1e-05,50,2,dipole_moment_Debye,,,16,
kc62vl3t,cv10-tmSCO-dipole_moment_Debye-inv-noH-ns64-d32-l3-vector_masked-node,283,2.897111519494376,1.9927581915194257,2.3431980916408075,0.001,64,0,True,,123,10.0,data/kulik/dataloader_kulik.py:tmSCO,torchchem_v1,xtb,test:data/kulik/tmSCO-splits/tmSCO_4_test_indices.npy,node,0.1,True,vector_masked,0.8,torchchem_v1,1e-05,10,3,dipole_moment_Debye,,,32,
j1u1lvtq,cv10-tmSCO-Dispersion_E-inv-noH-ns32-d16-l3-vector-node,438,0.003805784724830277,0.002954959785971126,0.003221180719656223,0.001,32,0,True,,123,5.0,data/kulik/dataloader_kulik.py:tmSCO,torchchem_v1,xtb,test:data/kulik/tmSCO-splits/tmSCO_3_test_indices.npy,node,0.0,True,vector,0.8,torchchem_v1,1e-05,25,3,Dispersion_E,,,16,
ife7n1gw,cv10-tmSCO-dipole_moment_Debye-inv-noH-ns64-d32-l3-vector_masked-node,340,3.343913632830706,2.300940226637344,2.167755643713575,0.001,64,0,True,,123,10.0,data/kulik/dataloader_kulik.py:tmSCO,torchchem_v1,xtb,test:data/kulik/tmSCO-splits/tmSCO_6_test_indices.npy,node,0.1,True,vector_masked,0.8,torchchem_v1,1e-05,10,3,dipole_moment_Debye,,,32,
g5xkarfq,cv10-tmSCO-Dispersion_E-inv-noH-ns32-d16-l3-vector-node,384,0.005008682378131589,0.003607474596948456,0.0032482232302051875,0.001,32,0,True,,123,5.0,data/kulik/dataloader_kulik.py:tmSCO,torchchem_v1,xtb,test:data/kulik/tmSCO-splits/tmSCO_2_test_indices.npy,node,0.0,True,vector,0.8,torchchem_v1,1e-05,25,3,Dispersion_E,,,16,
foi8e7n0,cv10-tmSCO-dipole_moment_Debye-inv-noH-ns64-d32-l3-vector_masked-node,512,3.5769351870573862,2.454537770530977,2.225289950769772,0.001,64,0,True,,123,10.0,data/kulik/dataloader_kulik.py:tmSCO,torchchem_v1,xtb,test:data/kulik/tmSCO-splits/tmSCO_3_test_indices.npy,node,0.1,True,vector_masked,0.8,torchchem_v1,1e-05,10,3,dipole_moment_Debye,,,32,
asu3hzd5,cv10-tmSCO-dipole_moment_Debye-inv-noH-ns64-d32-l3-vector_masked-node,419,3.0515289568923225,2.0360070848716294,1.9693105373389883,0.001,64,0,True,,123,10.0,data/kulik/dataloader_kulik.py:tmSCO,torchchem_v1,xtb,test:data/kulik/tmSCO-splits/tmSCO_5_test_indices.npy,node,0.1,True,vector_masked,0.8,torchchem_v1,1e-05,10,3,dipole_moment_Debye,,,32,
xt1x6vcu,cv10-tmSCO-dipole_moment_Debye-inv-noH-ns64-d16-l2-energy-both,382,3.500588428696101,2.7515689053370087,1.9517723747840912,0.001,64,0,True,,123,5.0,data/kulik/dataloader_kulik.py:tmSCO,torchchem_v1,xtb,test:data/kulik/tmSCO-splits/tmSCO_8_test_indices.npy,both,0.1,True,energy,0.8,torchchem_v1,1e-05,50,2,dipole_moment_Debye,,,16,
tlseeuge,cv10-tmSCO-Dispersion_E-inv-noH-ns32-d16-l3-vector-node,371,0.0046279989037204036,0.002915291065047962,0.003080293552476885,0.001,32,0,True,,123,5.0,data/kulik/dataloader_kulik.py:tmSCO,torchchem_v1,xtb,test:data/kulik/tmSCO-splits/tmSCO_7_test_indices.npy,node,0.0,True,vector,0.8,torchchem_v1,1e-05,25,3,Dispersion_E,,,16,
q4h535l4,cv10-tmSCO-Dispersion_E-inv-noH-ns32-d16-l3-vector-node,512,0.0046439772137927314,0.00330211222095843,0.0035015666566487027,0.001,32,0,True,,123,5.0,data/kulik/dataloader_kulik.py:tmSCO,torchchem_v1,xtb,test:data/kulik/tmSCO-splits/tmSCO_6_test_indices.npy,node,0.0,True,vector,0.8,torchchem_v1,1e-05,25,3,Dispersion_E,,,16,
nf24rc7b,cv10-tmSCO-dipole_moment_Debye-inv-noH-ns64-d16-l2-energy-both,445,2.2046629216331244,1.6788071810726457,2.0811700390764813,0.001,64,0,True,,123,5.0,data/kulik/dataloader_kulik.py:tmSCO,torchchem_v1,xtb,test:data/kulik/tmSCO-splits/tmSCO_4_test_indices.npy,both,0.1,True,energy,0.8,torchchem_v1,1e-05,50,2,dipole_moment_Debye,,,16,
bfkkugls,cv10-tmSCO-dipole_moment_Debye-inv-noH-ns64-d16-l2-energy-both,317,3.1253345150594853,2.347880198065729,2.1626962965949907,0.001,64,0,True,,123,5.0,data/kulik/dataloader_kulik.py:tmSCO,torchchem_v1,xtb,test:data/kulik/tmSCO-splits/tmSCO_3_test_indices.npy,both,0.1,True,energy,0.8,torchchem_v1,1e-05,50,2,dipole_moment_Debye,,,16,
l1vhpj4a,cv10-tmSCO-Dispersion_E-inv-noH-ns32-d16-l3-vector-node,433,0.005186188994605766,0.003241293138749044,0.0035228434982525836,0.001,32,0,True,,123,5.0,data/kulik/dataloader_kulik.py:tmSCO,torchchem_v1,xtb,test:data/kulik/tmSCO-splits/tmSCO_1_test_indices.npy,node,0.0,True,vector,0.8,torchchem_v1,1e-05,25,3,Dispersion_E,,,16,
uc0g2yon,cv10-tmSCO-gap-inv-noH-ns64-d32-l3-vector-both,512,0.020524309437115255,0.013911814581141036,0.013600215704069522,0.0005,64,0,True,,123,5.0,data/kulik/dataloader_kulik.py:tmSCO,torchchem_v1,xtb,test:data/kulik/tmSCO-splits/tmSCO_7_test_indices.npy,both,0.05,True,vector,0.8,torchchem_v1,1e-05,50,3,gap,,,32,
hxr5tlk2,cv10-tmSCO-gap-inv-noH-ns64-d32-l3-vector-both,330,0.021461473565033057,0.01438587686473435,0.012649073838567016,0.0005,64,0,True,,123,5.0,data/kulik/dataloader_kulik.py:tmSCO,torchchem_v1,xtb,test:data/kulik/tmSCO-splits/tmSCO_6_test_indices.npy,both,0.05,True,vector,0.8,torchchem_v1,1e-05,50,3,gap,,,32,
m1ctn0m3,cv10-tmSCO-dipole_moment_Debye-inv-noH-ns64-d16-l2-energy-both,408,3.542964387213871,2.2480056642171307,2.1877555093308687,0.001,64,0,True,,123,5.0,data/kulik/dataloader_kulik.py:tmSCO,torchchem_v1,xtb,test:data/kulik/tmSCO-splits/tmSCO_1_test_indices.npy,both,0.1,True,energy,0.8,torchchem_v1,1e-05,50,2,dipole_moment_Debye,,,16,
7n0x512w,cv10-tmSCO-dipole_moment_Debye-inv-noH-ns64-d16-l2-energy-both,365,3.183918619364054,2.131988828087018,2.0670891452137,0.001,64,0,True,,123,5.0,data/kulik/dataloader_kulik.py:tmSCO,torchchem_v1,xtb,test:data/kulik/tmSCO-splits/tmSCO_2_test_indices.npy,both,0.1,True,energy,0.8,torchchem_v1,1e-05,50,2,dipole_moment_Debye,,,16,
oexktxea,cv10-tmSCO-dipole_moment_Debye-inv-noH-ns64-d16-l2-energy-both,512,2.4833122067292077,1.870765479625357,1.9985111062888816,0.001,64,0,True,,123,5.0,data/kulik/dataloader_kulik.py:tmSCO,torchchem_v1,xtb,test:data/kulik/tmSCO-splits/tmSCO_0_test_indices.npy,both,0.1,True,energy,0.798,torchchem_v1,1e-05,50,2,dipole_moment_Debye,,,16,
ep0g15mz,cv10-tmPHOTO-dipole_moment_Debye-inv-noH-ns32-d16-l3-vector_masked-both,484,2.5450918564607186,1.6420335804348636,1.51239630045396,0.001,32,0,True,,123,5.0,data/kulik/dataloader_kulik.py:tmPHOTO,torchchem_v1,xtb,test:data/kulik/tmPHOTO-splits/tmPHOTO_1_test_indices.npy,both,0.1,True,vector_masked,0.8,torchchem_v1,1e-05,50,3,dipole_moment_Debye,,,16,
bkau5lhs,cv10-tmPHOTO-dipole_moment_Debye-inv-noH-ns32-d16-l3-vector_masked-both,417,3.352569929863084,1.901091258545732,1.5322725428944255,0.001,32,0,True,,123,5.0,data/kulik/dataloader_kulik.py:tmPHOTO,torchchem_v1,xtb,test:data/kulik/tmPHOTO-splits/tmPHOTO_0_test_indices.npy,both,0.1,True,vector_masked,0.8,torchchem_v1,1e-05,50,3,dipole_moment_Debye,,,16,
