refcode,total_charge,multiplicity,n_atoms,n_elecs,HOMO,LUMO,gap,dipole_moment_Debye,Dispersion_E,Metal_q,Polarizability
ABIPIK,0,1,111,382,-0.16783,-0.0875,0.08033,0.4901,-0.194924,0.68719,538.700957
ABISOV,0,1,47,238,-0.15192,-0.07883,0.07309,15.3955,-0.102963,0.23204,314.53342
ABITEM,0,1,47,238,-0.1514,-0.07863,0.07277,15.3991,-0.102956,0.2329,314.545816
ABIVAK,0,1,47,238,-0.15184,-0.07877,0.07307,15.3993,-0.102979,0.23255,314.5331
ABOXOG,1,1,64,392,-0.28188,-0.19897,0.08291,9.3483,-0.126167,-0.7695,488.882458
ABOYAT,1,1,76,392,-0.26066,-0.18592,0.07474,4.621,-0.133214,-0.76937,501.42814
ABOYOH,1,1,100,422,-0.32586,-0.17465,0.15121,4.739,-0.192861,-1.42575,552.515347
ACASOO,0,1,79,368,-0.17976,-0.10449,0.07527,3.5726,-0.168969,0.75463,526.310987
ACIPAG,1,1,151,490,-0.3241,-0.15193,0.17217,13.2821,-0.2481,0.43235,674.280998
ACOWAS,0,1,51,206,-0.19324,-0.04341,0.14983,0.0006,-0.089843,0.10446,259.683391
ACOWIA,0,1,75,368,-0.19354,-0.05759,0.13595,0.009,-0.174619,1e-05,503.30699
ACOXEX,0,1,75,400,-0.19699,-0.05813,0.13886,0.0055,-0.175887,-0.05396,504.501489
ACUQUN,0,1,87,418,-0.16406,-0.08382,0.08024,3.1489,-0.193739,0.41156,525.167125
ACURAU,0,1,87,434,-0.16845,-0.08682,0.08163,3.2729,-0.195006,0.41344,526.044781
ACUSOJ,1,1,63,324,-0.2719,-0.17168,0.10022,12.3432,-0.134155,0.38025,394.666078
ACUTEA,1,1,43,276,-0.32856,-0.21988,0.10868,9.5274,-0.0946,-0.63842,323.556693
ACUTIE,1,1,44,268,-0.32601,-0.21843,0.10758,9.9038,-0.08989,-0.63531,315.87989
ADAPON,0,1,61,348,-0.17145,-0.06956,0.10189,1.5296,-0.133976,0.47064,422.375185
ADAPUT,0,1,61,332,-0.16988,-0.06676,0.10312,1.5344,-0.125211,0.46853,392.14949
ADOPUE,0,1,91,452,-0.20025,-0.07696,0.12329,0.0204,-0.166196,0.31797,496.958335
ADOWOG,0,1,99,490,-0.17539,-0.16922,0.00617,0.4817,-0.240713,-0.15419,656.60825
ADOWUM,0,1,85,426,-0.19766,-0.05533,0.14233,9.6808,-0.201283,-0.1699,553.959889
ADOXAT,0,1,119,560,-0.18764,-0.05768,0.12996,0.0186,-0.303515,-0.17813,764.185363
ADOXEX,0,1,95,464,-0.1935,-0.04963,0.14387,0.0031,-0.225096,-0.16961,626.082073
ADOXIB,0,1,79,398,-0.19976,-0.05127,0.14849,8.2686,-0.184855,-0.16773,518.840251
ADOYAW,0,1,86,388,-0.15916,-0.04634,0.11282,3.0323,-0.215438,-0.00115,575.838705
ADUSEZ,0,1,93,460,-0.19138,-0.05617,0.13521,0.015,-0.225497,-0.16559,629.110862
AFEKIG,0,1,46,208,-0.16481,-0.06543,0.09938,5.1117,-0.073015,0.7522,266.326386
AFIMEK,0,1,24,210,-0.21375,-0.13324,0.08051,11.4945,-0.047795,0.54685,192.88145
AFIROW,0,1,107,536,-0.17747,-0.04756,0.12991,0.004,-0.249806,-0.18185,727.066329
AFUGEQ,1,1,81,298,-0.3012,-0.22042,0.08078,5.3624,-0.118227,0.72287,380.614245
AFUJIV,0,1,58,330,-0.1688,-0.07041,0.09839,2.5407,-0.131337,0.44228,399.044755
AFUPUO,0,1,93,414,-0.17125,-0.08493,0.08632,0.002,-0.178296,1.2635,570.264199
AFUZAE,0,1,75,480,-0.18482,-0.08072,0.1041,0.5608,-0.175525,0.46495,561.896467
AGEJUS,0,1,105,464,-0.18148,-0.07704,0.10444,2.0891,-0.282433,1.27034,663.406968
AGOBEE,0,1,64,306,-0.19988,-0.06612,0.13376,8.6794,-0.120911,0.15225,356.456842
AGOBOO,0,1,58,290,-0.19755,-0.06788,0.12967,7.3364,-0.116069,0.15897,333.31305
AGOQET,0,1,59,266,-0.171,-0.06791,0.10309,7.5694,-0.111938,-0.11963,328.195786
AHAQUX,0,1,75,412,-0.19645,-0.09811,0.09834,3.9528,-0.139399,1.18071,513.066245
AHUXUY,0,1,72,388,-0.16994,-0.07343,0.09651,2.0214,-0.17905,0.41891,489.81792
AHUYAF,0,1,83,476,-0.18031,-0.08378,0.09653,3.4039,-0.225131,0.37514,564.257191
AJAZIV,0,1,50,264,-0.17146,-0.04583,0.12563,4.7187,-0.10031,-0.10298,296.563742
AJETUE,1,1,33,220,-0.33269,-0.22415,0.10854,10.9415,-0.061066,-0.67971,249.061278
AJIDIH,0,1,62,364,-0.19328,-0.07566,0.11762,6.9758,-0.131765,0.44227,400.98152
AJIDUU,0,1,179,660,-0.1782,-0.08675,0.09145,0.0001,-0.247546,0.64329,856.19256
AJIXOI,0,1,91,382,-0.19387,-0.07874,0.11513,6.5441,-0.199974,0.13979,507.306255
AJIXUO,0,1,89,382,-0.19175,-0.07541,0.11634,7.1571,-0.197517,0.14307,500.501889
AJIYEY,0,1,39,242,-0.18394,-0.10006,0.08388,4.5631,-0.072217,0.70213,267.922981
AJIYIC,0,1,47,266,-0.17348,-0.08046,0.09302,6.9397,-0.087144,0.67618,275.377906
AJODEI,0,1,95,374,-0.14718,-0.13631,0.01087,0.3801,-0.172274,1.15957,507.119356
AJOKIV,0,1,95,432,-0.17121,-0.06493,0.10628,12.7096,-0.237006,-0.8416,624.45849
AJOKOB,0,1,97,428,-0.15766,-0.04849,0.10917,5.2467,-0.237768,-0.84396,623.339035
AJOKUH,0,1,99,450,-0.15496,-0.04904,0.10592,6.7132,-0.244982,-0.84768,649.440627
AJOXAZ,0,1,58,306,-0.18237,-0.08946,0.09291,5.9967,-0.096632,0.82739,366.814245
AJOXED,0,1,62,322,-0.18057,-0.0822,0.09837,4.5527,-0.102019,0.82868,383.291589
AJOXIH,0,1,62,322,-0.18206,-0.08171,0.10035,4.9589,-0.102702,0.82834,383.271864
AJOXON,0,1,65,340,-0.18237,-0.09887,0.0835,4.442,-0.112973,0.83036,411.711235
AJUVUY,0,1,38,230,-0.18957,-0.05814,0.13143,3.9701,-0.064961,0.50386,244.747135
AJUWAF,0,1,38,264,-0.1967,-0.06486,0.13184,5.5979,-0.068495,0.51435,263.4843
AJUWEJ,0,1,42,246,-0.18673,-0.05315,0.13358,4.408,-0.06991,0.50374,261.262465
AKEGUU,0,1,93,468,-0.17305,-0.08088,0.09217,3.3344,-0.195421,0.4709,584.859282
AKEHAB,0,1,85,436,-0.18583,-0.08167,0.10416,6.5573,-0.181893,0.46859,551.738938
AKEHEF,0,1,93,468,-0.18546,-0.06904,0.11642,7.0644,-0.194291,0.47012,584.774441
AKIHOT,0,1,95,424,-0.16611,-0.05224,0.11387,3.9069,-0.244234,-0.83876,605.619753
AKOTUQ,0,1,167,620,-0.17609,-0.09132,0.08477,0.5695,-0.335677,0.7585,904.220253
ALAJIH,0,1,47,278,-0.19886,-0.09589,0.10297,6.6908,-0.082726,0.57434,290.685202
ALAJON,0,1,50,272,-0.18682,-0.08715,0.09967,2.4574,-0.091787,0.57191,315.618977
ALAMEH,0,1,55,310,-0.18387,-0.07284,0.11103,4.9505,-0.12045,0.43514,364.726241
ALAMIL,0,1,58,318,-0.17614,-0.06748,0.10866,6.343,-0.124269,0.43382,376.767911
ALANUX,0,1,94,424,-0.18612,-0.10022,0.0859,9.3623,-0.172444,0.39659,542.043704
ALAPAF,0,1,88,398,-0.19002,-0.10189,0.08813,10.001,-0.156887,0.39722,502.0961
ALIKAI,0,1,95,470,-0.16376,-0.12467,0.03909,4.4992,-0.263557,-0.57857,646.521993
ALODIQ,0,1,38,220,-0.20749,-0.09956,0.10793,10.2453,-0.075482,0.96227,258.332423
ALOJOC,0,1,143,556,-0.16843,-0.09629,0.07214,0.6963,-0.310029,1.12811,823.20447
ALOJUI,0,1,145,556,-0.15087,-0.08916,0.06171,3.6687,-0.284836,1.11705,786.993491
ALOKOB,0,1,85,318,-0.17616,-0.08063,0.09553,0.0002,-0.147234,1.26049,439.93132
ALUTAD,0,1,78,392,-0.17845,-0.07071,0.10774,2.1775,-0.166858,0.46888,495.277392
ALUTEH,0,1,75,384,-0.1762,-0.07043,0.10577,2.6206,-0.169697,0.45679,483.643092
AMASAJ,0,1,75,384,-0.18059,-0.08591,0.09468,1.601,-0.164747,0.4005,484.16309
AMASEN,0,1,72,376,-0.1809,-0.08828,0.09262,1.3286,-0.162002,0.40047,472.30433
AMEBEB,0,1,35,228,-0.20336,-0.06378,0.13958,9.0263,-0.06299,0.1706,236.251205
AMEBOL,0,1,38,244,-0.20326,-0.05017,0.15309,10.3709,-0.067936,0.17234,265.00863
AMETUI,1,1,77,306,-0.3284,-0.13888,0.18952,1.1573,-0.134547,0.41416,406.185593
ANEZOK,0,1,121,494,-0.15093,-0.06518,0.08575,3.1968,-0.314306,-0.66179,736.037219
ANOREB,0,1,48,252,-0.20283,-0.08748,0.11535,10.9439,-0.085828,0.97535,311.924673
APACAW,0,1,102,450,-0.1312,-0.04279,0.08841,3.7124,-0.252863,-0.65513,644.332205
APOFIW,0,1,65,314,-0.19959,-0.125,0.07459,11.9248,-0.145647,0.30209,413.451147
APOFOC,0,1,89,378,-0.20206,-0.1252,0.07686,11.494,-0.201513,0.28286,506.423431
APUGIC,0,1,77,442,-0.20205,-0.07742,0.12463,9.2026,-0.191731,0.13534,507.566967
APUTOW,1,1,40,256,-0.32409,-0.22942,0.09467,7.5259,-0.07892,0.55401,281.924346
APUYIV,0,1,63,332,-0.20407,-0.0909,0.11317,4.6412,-0.127482,1.18597,419.281057
AQAJIN,0,1,61,264,-0.21226,-0.08995,0.12231,9.8888,-0.117557,0.92601,331.843822
AQEGOS,0,1,37,246,-0.19478,-0.08705,0.10773,3.8527,-0.070792,0.43536,260.108594
AQIDIP,0,1,57,354,-0.18696,-0.1107,0.07626,11.6184,-0.106362,-0.81944,404.406456
AQIYEF,0,1,43,244,-0.20405,-0.04024,0.16381,9.511,-0.076714,0.17019,268.283893
AQOYAI,0,1,231,864,-0.16758,-0.09307,0.07451,4.2618,-0.364202,1.1972,1136.932462
AQULIH,0,1,69,330,-0.19427,-0.11497,0.0793,17.7104,-0.116625,0.41849,406.491566
AQULON,0,1,69,330,-0.19252,-0.11368,0.07884,17.7192,-0.116715,0.41665,406.502804
AQULUT,0,1,69,330,-0.18148,-0.11164,0.06984,15.7017,-0.116941,0.41842,406.519002
AQUMII,0,1,71,410,-0.19235,-0.11444,0.07791,16.7858,-0.123353,0.42015,421.657142
ARAFUW,0,1,68,308,-0.19265,-0.09339,0.09926,5.8317,-0.120877,1.17815,391.802234
AREHIO,0,1,27,218,-0.20686,-0.12719,0.07967,11.1165,-0.060468,0.30272,224.353633
AREHOU,0,1,27,218,-0.18621,-0.13316,0.05305,17.5997,-0.05577,0.48934,226.580121
AROPAZ,0,1,79,448,-0.20734,-0.11933,0.08801,0.0161,-0.156222,0.20713,506.16153
AROQII,1,1,74,398,-0.28662,-0.20947,0.07715,7.7295,-0.172873,-0.64485,494.004271
AROSIK,0,1,91,478,-0.21541,-0.12699,0.08842,2.0823,-0.200127,0.69982,570.732314
ARUGIE,0,1,97,370,-0.21308,-0.10452,0.10856,8.0096,-0.192257,0.96688,507.020469
ARUROV,1,1,115,474,-0.27088,-0.16781,0.10307,2.9128,-0.295295,0.32079,696.601286
ASABIH,0,1,66,418,-0.19803,-0.09701,0.10102,8.4826,-0.110995,0.94482,381.958694
ASAFOQ,1,1,73,402,-0.30953,-0.17918,0.13035,8.1287,-0.180897,-0.32212,480.059654
ASAMOW,0,1,66,366,-0.18372,-0.12895,0.05477,11.2925,-0.14046,-0.72684,466.314155
ASEGUB,0,1,46,246,-0.18212,-0.07873,0.10339,2.693,-0.091983,0.5257,319.476888
ASEHEM,0,1,34,188,-0.20236,-0.08487,0.11749,3.4324,-0.063432,0.5258,239.480025
ASISAX,0,1,89,360,-0.18583,-0.12216,0.06367,0.0025,-0.17397,0.70617,509.748232
ASOZEP,0,1,59,268,-0.20106,-0.08026,0.1208,6.7286,-0.115869,1.16005,354.844472
ASUTAL,1,1,69,374,-0.28733,-0.1863,0.10103,7.7266,-0.175187,0.05696,437.891062
ATAGUZ,0,1,69,422,-0.22448,-0.09177,0.13271,14.8152,-0.157028,0.71256,433.252989
ATAKOX,0,1,43,310,-0.19768,-0.08624,0.11144,6.4401,-0.103531,0.45355,320.811322
ATALAK,0,1,46,258,-0.20532,-0.07441,0.13091,5.6477,-0.094438,0.77155,296.081454
ATAQOD,1,1,125,536,-0.2598,-0.16387,0.09593,2.6907,-0.323776,0.31125,793.698497
ATAQUJ,1,1,132,558,-0.25232,-0.16467,0.08765,3.7129,-0.331435,0.29879,823.37787
ATEWUT,0,1,85,334,-0.17019,-0.07572,0.09447,3.3679,-0.15621,1.26085,465.136223
ATODEU,0,1,60,296,-0.18868,-0.11052,0.07816,13.3465,-0.09907,0.31052,331.078446
AVEREZ,0,1,118,510,-0.18996,-0.11183,0.07813,4.8023,-0.24566,-0.05181,644.81702
AVIQOM,0,1,34,232,-0.18452,-0.10309,0.08143,10.3127,-0.065745,-0.78679,260.641041
AVIQUS,0,1,36,248,-0.17905,-0.09461,0.08444,10.23,-0.067593,-0.79302,270.658303
AVUBEZ,0,1,81,382,-0.17343,-0.08695,0.08648,0.0016,-0.164677,1.26357,522.231684
AWIQEC,0,1,125,526,-0.18221,-0.08611,0.0961,0.0305,-0.238587,0.6649,702.930988
AWOMOP,0,1,95,406,-0.17957,-0.08013,0.09944,0.5175,-0.183929,0.66115,515.224428
AWOSOV,1,1,71,310,-0.3179,-0.14382,0.17408,1.4572,-0.135017,0.442,425.021754
AWOVAL,0,1,30,240,-0.21392,-0.1441,0.06982,3.4798,-0.064877,-0.77205,263.564973
AWOVEP,1,1,35,244,-0.35009,-0.25459,0.0955,6.801,-0.067852,-0.67478,275.079618
AWOWAM,1,1,55,324,-0.33069,-0.22607,0.10462,7.9956,-0.105513,-0.67874,399.933636
AXERUR,0,1,102,490,-0.17412,-0.06244,0.11168,8.8334,-0.271233,0.38053,666.4043
AXESAY,0,1,92,468,-0.17922,-0.0537,0.12552,10.9263,-0.229193,0.41904,609.149798
AXESEC,0,1,59,356,-0.19629,-0.06243,0.13386,10.543,-0.119551,0.27241,390.69871
AXESIG,0,1,69,396,-0.19571,-0.06325,0.13246,10.4692,-0.154819,0.25973,453.258864
AXESOM,0,1,65,382,-0.19672,-0.07558,0.12114,10.6501,-0.14044,0.25864,430.62993
AXEWUX,1,1,40,256,-0.32855,-0.2333,0.09525,4.8504,-0.079277,0.55353,281.974017
AXOGOL,1,1,51,230,-0.3329,-0.14585,0.18705,4.656,-0.087688,0.4279,300.20979
AXOKAZ,0,1,40,226,-0.19909,-0.10245,0.09664,10.4101,-0.082526,0.94193,283.889705
AXOYES,0,1,50,308,-0.1828,-0.10449,0.07831,11.4614,-0.105515,-0.78666,380.164815
AYESAA,0,1,36,204,-0.14736,-0.09059,0.05677,9.7627,-0.075556,0.58633,271.91891
AYIJUN,0,1,50,260,-0.22679,-0.10765,0.11914,7.5915,-0.097475,0.94826,342.268161
AYIKAU,0,1,57,272,-0.18117,-0.07305,0.10812,14.6865,-0.105149,0.94653,362.239829
AYIKEY,0,1,35,194,-0.22331,-0.07724,0.14607,9.9479,-0.070779,0.94768,244.335935
AYIKIC,0,1,36,206,-0.2245,-0.09518,0.12932,11.1629,-0.074239,0.94094,257.289114
AYIKOI,0,1,39,210,-0.22132,-0.07446,0.14686,9.9026,-0.075625,0.9474,260.817945
AYIKUO,0,1,37,216,-0.22824,-0.10084,0.1274,11.357,-0.075319,0.94274,258.509749
AYINUS,1,1,99,460,-0.28147,-0.17713,0.10434,6.8866,-0.260401,0.31878,661.881858
AYOGUR,0,1,73,384,-0.17761,-0.07042,0.10719,2.2445,-0.156781,0.45735,471.423486
AYOLAC,0,1,60,350,-0.19246,-0.07565,0.11681,5.9485,-0.127802,0.43877,384.678802
AYUNOZ,1,1,43,260,-0.32593,-0.21946,0.10647,10.7135,-0.087196,-0.63499,311.104528
AYUSIW,0,1,96,420,-0.16535,-0.04844,0.11691,5.8071,-0.234373,-0.84545,611.0014
AYUWAU,0,1,98,456,-0.1887,-0.10598,0.08272,7.9806,-0.215886,0.76437,648.132032
AZAPUO,0,1,57,286,-0.20219,-0.13505,0.06714,12.3629,-0.124478,0.31829,372.71776
AZAQAV,0,1,57,286,-0.19768,-0.12917,0.06851,11.0027,-0.113247,0.33857,372.895882
AZIFAS,0,1,30,168,-0.21454,-0.12001,0.09453,10.5284,-0.053871,0.9329,206.574597
AZIFEW,0,1,36,184,-0.22182,-0.11819,0.10363,10.1807,-0.067276,0.94985,229.637623
AZIFIA,0,1,39,192,-0.21772,-0.11673,0.10099,9.9812,-0.07124,0.95,241.152414
AZIFOG,0,1,34,184,-0.20798,-0.11379,0.09419,8.4739,-0.062659,0.93879,223.068214
AZIPOP,0,1,81,416,-0.17381,-0.06254,0.11127,0.0591,-0.167129,0.45932,504.47912
AZOFEB,0,1,31,234,-0.20094,-0.12195,0.07899,12.8132,-0.063442,0.36213,238.627316
BACYUC,0,1,81,294,-0.13811,-0.0982,0.03991,11.5533,-0.132106,0.70042,406.581521
BACZAJ,0,1,110,382,-0.13292,-0.09659,0.03633,10.2712,-0.201703,0.69024,543.404191
BACZEN,0,1,98,370,-0.12916,-0.09222,0.03694,9.2491,-0.19247,0.68413,530.245735
BAFMED,1,1,31,150,-0.34716,-0.14715,0.20001,0.0038,-0.041186,0.44034,175.099268
BAFMIH,1,1,31,150,-0.34716,-0.14715,0.20001,0.0129,-0.041188,0.44028,175.099226
BAHFIC,0,1,46,206,-0.17404,-0.11318,0.06086,7.848,-0.083655,0.43992,285.408906
BAHFOI,0,1,46,224,-0.17539,-0.11243,0.06296,7.9758,-0.091168,0.43162,291.981058
BAHFUO,0,1,48,246,-0.18691,-0.12632,0.06059,10.0282,-0.099589,0.43453,305.939377
BAHGAV,0,1,49,256,-0.16964,-0.11547,0.05417,8.2317,-0.094571,0.46425,307.298511
BAHGEZ,0,1,51,254,-0.17084,-0.11565,0.05519,9.4015,-0.098366,0.50027,317.710271
BAHGID,0,1,55,248,-0.1719,-0.11116,0.06074,8.1582,-0.102933,0.42682,326.60447
BAHGOJ,0,1,64,272,-0.17545,-0.11313,0.06232,8.1334,-0.122196,0.42767,361.740056
BAHGUP,0,1,52,240,-0.17423,-0.11042,0.06381,7.873,-0.10182,0.4305,315.053994
BAHZAN,1,1,37,166,-0.34397,-0.14788,0.19609,0.2181,-0.051327,0.43173,198.22398
BAKGOM,1,1,59,346,-0.30081,-0.19782,0.10299,12.0268,-0.132468,0.37934,386.989241
BAKSIR,0,1,47,228,-0.16843,-0.08053,0.0879,0.0108,-0.081447,0.67807,290.437567
BAKSUD,0,1,47,260,-0.16597,-0.08329,0.08268,0.0,-0.08256,0.69472,291.166677
BAKZEU,0,1,55,310,-0.17897,-0.06516,0.11381,1.9396,-0.119204,0.13171,371.888727
BAQZEB,0,1,99,464,-0.15014,-0.07075,0.07939,10.2774,-0.229701,-0.31428,685.261865
BAQZIF,0,1,99,482,-0.14905,-0.07098,0.07807,11.2407,-0.231828,-0.36714,692.268439
BARVEW,0,1,77,558,-0.21962,-0.11985,0.09977,0.0139,-0.17117,0.67887,530.72315
BARWIC,0,1,57,328,-0.17987,-0.07086,0.10901,0.9137,-0.127906,0.26816,377.631889
BAWJER,0,1,60,266,-0.16524,-0.04036,0.12488,5.7645,-0.119413,-0.31512,340.417303
BAWJIV,0,1,60,262,-0.17559,-0.05222,0.12337,10.5361,-0.114429,-0.33025,325.487696
BAWJOB,1,1,75,338,-0.25726,-0.18076,0.0765,4.6742,-0.174055,-0.07167,462.254686
BAWJUH,1,1,62,324,-0.26623,-0.18814,0.07809,9.8519,-0.141317,-0.0914,407.043851
BAWKAO,1,1,64,312,-0.27319,-0.1921,0.08109,11.534,-0.142298,-0.09739,402.253981
BAWSID,1,1,69,370,-0.285,-0.18665,0.09835,7.6924,-0.166932,0.3619,448.480321
BAXRAW,0,1,82,400,-0.16693,-0.06556,0.10137,6.4687,-0.172967,0.3921,506.820985
BAYPEZ,0,1,46,254,-0.16555,-0.04831,0.11724,7.3073,-0.092675,-0.43814,280.464447
BAYPID,1,1,86,410,-0.26992,-0.19705,0.07287,5.8288,-0.171583,-0.06191,507.587558
BAYPUP,0,1,53,280,-0.16246,-0.04788,0.11458,6.703,-0.109079,-0.43612,324.943738
BAZBAH,0,1,61,318,-0.17747,-0.11857,0.0589,10.174,-0.10603,0.4249,402.488568
BAZBEL,0,1,61,318,-0.17834,-0.1186,0.05974,10.3086,-0.105853,0.42442,402.486131
BAZBIP,0,1,61,318,-0.1774,-0.11865,0.05875,10.6096,-0.104012,0.42384,402.495251
BAZYEG,1,1,52,296,-0.30417,-0.22757,0.0766,10.1603,-0.099566,-0.63596,359.015143
BEBYUE,0,1,53,240,-0.17069,-0.0992,0.07149,12.9922,-0.08408,0.35527,277.303002
BEBZAL,0,1,59,288,-0.16684,-0.09811,0.06873,12.3117,-0.096944,0.38071,304.225435
BECHID,0,1,97,360,-0.14458,-0.10411,0.04047,3.939,-0.190115,0.66816,513.735945
BECHOJ,0,1,90,328,-0.14316,-0.10185,0.04131,3.4449,-0.171675,0.66628,462.612993
BEDLII,0,1,170,634,-0.18047,-0.09194,0.08853,1.4148,-0.333715,0.77702,934.365748
BEDMUU,1,1,108,494,-0.26742,-0.17878,0.08864,1.8962,-0.277262,0.3229,725.466107
BEFYET,0,1,123,564,-0.17593,-0.057,0.11893,0.0042,-0.262401,-0.17906,797.719706
BEFYIX,0,1,99,420,-0.18468,-0.05349,0.13119,0.0072,-0.170324,-0.18101,561.040828
BEGLUU,0,1,49,220,-0.17516,-0.08609,0.08907,0.0228,-0.092033,0.74165,305.01344
BEHXUK,0,1,64,352,-0.18947,-0.07386,0.11561,0.591,-0.148175,0.16721,437.382521
BEJSEO,0,1,44,222,-0.16112,-0.12964,0.03148,7.8673,-0.082093,0.72049,299.12747
BEJSUH,0,1,138,608,-0.2008,-0.13253,0.06827,5.072,-0.302078,0.78387,847.537038
BEKBEB,0,1,43,290,-0.19755,-0.11677,0.08078,13.3338,-0.070194,0.34902,269.008068
BEKZID,1,1,109,446,-0.27414,-0.17654,0.0976,4.1861,-0.264451,0.25751,666.901393
BEKZUP,1,1,66,284,-0.29402,-0.20019,0.09383,7.026,-0.14167,0.51249,414.243387
BELBAY,1,1,71,284,-0.294,-0.19621,0.09779,4.5502,-0.160336,0.52103,409.76531
BELBEC,1,1,79,312,-0.29267,-0.19564,0.09703,5.6007,-0.170264,0.50782,446.387203
BELVUM,1,1,88,408,-0.27904,-0.20497,0.07407,7.1437,-0.226326,0.3607,581.248045
BELWEX,1,1,57,260,-0.26813,-0.1767,0.09143,2.1734,-0.118316,0.65033,364.45002
BELYUP,0,1,45,338,-0.20297,-0.11576,0.08721,8.8969,-0.101511,-0.65036,372.551776
BENVOG,0,1,149,692,-0.18244,-0.10506,0.07738,0.0024,-0.317037,0.76288,908.206532
BEPGIP,0,1,77,472,-0.21211,-0.11307,0.09904,13.4362,-0.166638,0.4516,479.747518
BESGUC,0,1,43,252,-0.17562,-0.1052,0.07042,8.711,-0.080322,0.44763,299.653142
BESHAJ,0,1,43,292,-0.19179,-0.11055,0.08124,10.8453,-0.082191,0.44468,302.556558
BESHEN,0,1,45,252,-0.18956,-0.10521,0.08435,8.6532,-0.080236,0.44579,298.828252
BESHIR,0,1,47,264,-0.18383,-0.10961,0.07422,9.8261,-0.082069,0.44878,316.749141
BESHOX,0,1,49,276,-0.18312,-0.11301,0.07011,10.9161,-0.084688,0.45063,334.692135
BEVBUB,0,1,35,266,-0.18618,-0.09992,0.08626,10.5801,-0.071243,-0.7931,295.138934
BEVCUC,0,1,33,240,-0.23695,-0.12356,0.11339,7.1236,-0.056164,0.73522,232.689384
BEVDEN,0,1,27,226,-0.2329,-0.12096,0.11194,8.5718,-0.050628,0.73616,215.192574
BEVDIR,0,1,34,234,-0.21984,-0.11246,0.10738,9.7015,-0.055879,0.71904,230.888217
BEVDOX,0,1,33,226,-0.22774,-0.11547,0.11227,8.2109,-0.056046,0.7245,226.01768
BEXKOG,0,1,145,566,-0.16413,-0.09236,0.07177,0.003,-0.245326,1.2698,792.616952
BEXKUM,0,1,153,566,-0.17173,-0.10171,0.07002,0.1491,-0.249291,1.27012,819.847385
BEZGAR,0,1,99,484,-0.17695,-0.05555,0.1214,0.0035,-0.231628,-0.17984,674.074855
BIBHUQ,0,1,47,250,-0.16997,-0.07074,0.09923,7.0287,-0.086698,0.6717,274.828303
BIBYOD,0,1,39,230,-0.20432,-0.062,0.14232,9.2386,-0.065769,0.18038,237.712376
BIBYUJ,0,1,49,270,-0.20318,-0.06569,0.13749,10.8008,-0.084199,0.18185,300.271826
BICTAL,1,1,66,348,-0.28125,-0.18615,0.0951,8.2292,-0.143638,0.37396,429.882137
BIGLEJ,0,1,131,556,-0.15051,-0.03226,0.11825,0.0033,-0.240447,-0.1876,736.650685
BIKNEO,0,1,121,556,-0.17554,-0.08207,0.09347,8.1372,-0.344738,-1.42133,798.411209
BILJIQ,0,1,45,284,-0.18527,-0.1036,0.08167,10.3953,-0.095795,-0.78438,338.398227
BILKEN,0,1,57,302,-0.17133,-0.10934,0.06199,13.3828,-0.101325,0.41128,372.606901
BIMDAF,0,1,117,534,-0.17218,-0.08516,0.08702,0.0003,-0.210229,1.26329,689.507424
BINCEH,1,1,125,560,-0.26414,-0.17877,0.08537,7.7184,-0.336743,-1.2274,817.784542
BIRMOE,0,1,40,240,-0.19305,-0.08095,0.1121,3.2448,-0.080526,0.23262,271.772818
BIYHEY,0,1,115,524,-0.17286,-0.04323,0.12963,1.7012,-0.333909,-1.40741,751.878932
BIYQIK,0,1,55,304,-0.20546,-0.11345,0.09201,10.2493,-0.110149,1.16697,314.33174
BOCVEX,0,1,43,268,-0.17038,-0.07435,0.09603,3.0693,-0.07362,0.72346,292.646027
BODPAM,0,1,89,360,-0.16001,-0.04878,0.11123,4.9198,-0.151328,1.17643,480.937588
BODPEQ,0,1,81,344,-0.17586,-0.05445,0.12141,6.0974,-0.138976,1.17944,448.341326
BODPIU,0,1,73,344,-0.18858,-0.06035,0.12823,7.2237,-0.130042,1.17946,416.967849
BOFDOR,0,1,63,332,-0.15883,-0.06149,0.09734,8.9263,-0.153457,0.18884,447.944288
BOFYIF,0,1,37,272,-0.19056,-0.10823,0.08233,6.9295,-0.085282,-0.78732,308.033077
BOFYOL,0,1,37,256,-0.18711,-0.10339,0.08372,7.8006,-0.082377,-0.78718,295.652129
BOHHEO,0,1,103,366,-0.18393,-0.0754,0.10853,4.1757,-0.217025,1.29752,525.281407
BOHHOY,0,1,99,374,-0.1748,-0.07164,0.10316,3.6396,-0.216675,0.99659,544.285192
BOHKEQ,0,1,75,340,-0.20102,-0.0295,0.17152,8.1034,-0.138589,0.15136,394.551828
BOHKIU,0,1,77,342,-0.2041,-0.03056,0.17354,8.4939,-0.141568,0.15863,395.254982
BOKTAX,0,1,36,236,-0.19225,-0.1442,0.04805,7.4084,-0.068231,0.47611,231.429754
BOKYAC,0,1,51,304,-0.22333,-0.09709,0.12624,8.9067,-0.098014,1.31002,324.438165
BOKYIK,0,1,111,540,-0.18529,-0.06197,0.12332,10.6861,-0.269079,-0.17412,744.941741
BOLSAY,0,1,155,596,-0.17861,-0.08698,0.09163,0.391,-0.224135,0.64329,762.863532
BONSON,0,1,153,568,-0.17479,-0.0499,0.12489,0.0016,-0.28289,-0.19282,772.841432
BONSUT,0,1,151,588,-0.1633,-0.03677,0.12653,0.0239,-0.280177,-0.18827,810.869787
BONTAA,0,1,187,680,-0.18323,-0.07553,0.1077,0.0472,-0.3411,-0.19576,952.129676
BONTEE,0,1,137,560,-0.18339,-0.07806,0.10533,0.9699,-0.239154,-0.20003,737.375538
BONTII,0,1,167,652,-0.16607,-0.07321,0.09286,3.5709,-0.310511,-0.20142,889.664616
BORDAP,1,1,59,346,-0.30093,-0.19764,0.10329,12.0792,-0.132574,0.37817,386.9863
BORDEU,0,1,185,732,-0.16928,-0.09275,0.07653,4.5523,-0.33065,0.46376,960.387698
BORFUM,0,1,47,310,-0.18749,-0.10994,0.07755,12.8655,-0.093357,-0.77589,362.277201
BOSXOX,1,1,52,314,-0.32174,-0.2146,0.10714,10.0258,-0.109401,-0.63631,375.719363
BOSYUF,1,1,94,408,-0.27427,-0.17364,0.10063,3.0969,-0.238892,0.34187,602.969618
BOTXUF,0,1,44,234,-0.18967,-0.09131,0.09836,13.2191,-0.0859,0.94103,301.877056
BOTZUI,0,1,34,300,-0.21612,-0.07682,0.1393,9.5211,-0.062784,0.18303,241.007459
BOVCEX,0,1,52,308,-0.21193,-0.0477,0.16423,9.6683,-0.10315,0.155,306.878816
BOVCOG,0,1,73,410,-0.17045,-0.07833,0.09212,1.4817,-0.169956,0.47195,510.583324
BOVCUM,0,1,55,342,-0.17312,-0.06688,0.10624,0.9628,-0.124287,0.48753,407.772378
BOVCUN,0,1,115,644,-0.21061,-0.04212,0.16849,10.812,-0.199741,0.1488,576.248603
BOVFUO,0,1,52,224,-0.15846,-0.06602,0.09244,7.3795,-0.08319,0.74386,289.509199
BOYXUK,0,1,100,584,-0.2099,-0.09676,0.11314,12.65,-0.260538,0.426,655.866031
BOYZOF,0,1,99,422,-0.18511,-0.09596,0.08915,0.0018,-0.200898,1.26252,609.438341
BOZVIX,0,1,102,600,-0.19488,-0.08411,0.11077,0.7793,-0.250647,0.44339,664.801972
BOZVUJ,0,1,90,472,-0.17865,-0.06588,0.11277,4.8377,-0.233612,0.45194,604.518401
BPYCPT,0,1,23,194,-0.1979,-0.11634,0.08156,11.8815,-0.045005,0.35231,185.04311
BUBFUB,0,1,47,248,-0.21427,-0.11948,0.09479,6.6092,-0.092772,0.99995,297.803786
BUBKIT,1,1,61,310,-0.30945,-0.19339,0.11606,3.3875,-0.114376,0.3093,379.041538
BUBKOZ,1,1,61,310,-0.30946,-0.19413,0.11533,2.984,-0.113263,0.31163,379.054095
BUCGOX,0,1,31,230,-0.20567,-0.12098,0.08469,8.7378,-0.069241,0.30743,249.859749
BUDCAF,0,1,29,162,-0.21643,-0.10817,0.10826,10.0853,-0.052685,0.91807,195.228065
BUFMUM,0,1,85,416,-0.17641,-0.06225,0.11416,12.3102,-0.165989,0.42032,511.643315
BUFXEH,0,1,63,324,-0.1994,-0.04295,0.15645,8.821,-0.141027,0.12803,393.63969
BUFZIN,0,1,74,378,-0.16886,-0.10972,0.05914,4.8707,-0.137553,0.85838,475.08378
BUGDIS,0,1,62,330,-0.19669,-0.1108,0.08589,5.2642,-0.111796,0.85944,403.095373
BUJJEW,0,1,53,240,-0.18403,-0.13434,0.04969,0.3672,-0.107553,-0.01951,316.694354
BUJLOJ,0,1,51,254,-0.2087,-0.13188,0.07682,10.8932,-0.099319,0.92413,337.942713
BUJLUP,0,1,57,270,-0.20708,-0.13093,0.07615,10.9918,-0.10823,0.92853,361.003851
BUJMAW,0,1,63,286,-0.21524,-0.13218,0.08306,11.4539,-0.127613,0.96131,384.100162
BUJMIE,0,1,51,254,-0.20905,-0.13181,0.07724,10.8697,-0.099353,0.92401,337.944319
BUJNAX,0,1,57,270,-0.2088,-0.13105,0.07775,10.7346,-0.108425,0.92482,360.995254
BUJNEB,0,1,57,270,-0.20835,-0.13106,0.07729,10.78,-0.108401,0.925,360.992288
BUJNIF,0,1,57,270,-0.20853,-0.13103,0.0775,10.7661,-0.108417,0.92498,360.996205
BULJEY,0,1,75,370,-0.17549,-0.12197,0.05352,9.8894,-0.126647,0.42656,482.115861
BULJIC,0,1,75,370,-0.1765,-0.12195,0.05455,9.5601,-0.128382,0.427,482.114182
BULJUO,0,1,75,370,-0.17652,-0.12196,0.05456,9.5806,-0.12808,0.42693,482.116581
BUNJUR,1,1,75,418,-0.28878,-0.19922,0.08956,13.0805,-0.169617,0.39288,492.926109
BUSZAS,0,1,74,396,-0.18272,-0.06212,0.1206,6.486,-0.164464,0.18151,468.189149
BUSZEW,0,1,74,404,-0.18595,-0.06451,0.12144,7.2676,-0.164721,0.18052,468.447078
BUXVOG,0,1,120,520,-0.17392,-0.09547,0.07845,3.104,-0.220775,0.77744,735.457814
BUZGOU,0,1,84,326,-0.14419,-0.03579,0.1084,1.6061,-0.167086,-0.50104,402.529052
BUZHAH,0,1,88,436,-0.19628,-0.05662,0.13966,1.7233,-0.206045,-0.27779,473.19207
BUZHEL,0,1,98,442,-0.18788,-0.0609,0.12698,1.9823,-0.232062,-0.26167,516.967459
BUZTAR,0,1,35,234,-0.18127,-0.08201,0.09926,8.0821,-0.069327,-0.54648,270.343048
CACGIY,1,1,37,166,-0.34405,-0.14758,0.19647,0.665,-0.051592,0.43401,198.228163
CADYIS,0,1,81,522,-0.20394,-0.10563,0.09831,10.2024,-0.17716,0.40493,516.919859
CAHSIN,0,1,119,512,-0.15815,-0.04682,0.11133,5.2776,-0.290091,-0.8457,747.37664
CALTER,0,1,108,474,-0.1588,-0.05559,0.10321,4.6884,-0.276371,-0.83528,696.999563
CAMHEG,1,1,66,326,-0.29008,-0.18193,0.10815,5.5801,-0.121527,0.17958,400.3281
CAPLEN,1,1,96,420,-0.27266,-0.17178,0.10088,2.8715,-0.245545,0.33032,620.335849
CAPZAV,1,1,90,404,-0.27729,-0.17769,0.0996,3.6822,-0.229189,0.30752,597.444937
CAPZID,1,1,96,420,-0.27274,-0.17168,0.10106,2.8741,-0.245389,0.33022,620.335323
CAQDEF,1,1,129,526,-0.27478,-0.19504,0.07974,2.342,-0.313982,0.30384,792.704726
CAQJOU,0,1,141,596,-0.16571,-0.0402,0.12551,0.0117,-0.322558,-0.18797,835.763151
CAQRET,1,1,50,266,-0.2575,-0.18909,0.06841,10.4508,-0.111264,0.08152,332.435246
CAQSAR,0,1,77,462,-0.20623,-0.10854,0.09769,0.0167,-0.166621,0.67041,520.408327
CAQSEV,0,1,89,526,-0.20858,-0.11086,0.09772,0.0067,-0.183747,0.66927,577.229443
CARBUU,1,1,97,398,-0.27944,-0.169,0.11044,6.1434,-0.200015,0.46771,543.774871
CARCAB,0,1,50,272,-0.19003,-0.09012,0.09991,10.5398,-0.095019,0.18966,304.688912
CARCEF,0,1,50,290,-0.18421,-0.09118,0.09303,10.8613,-0.095573,0.16119,311.160793
CARCIJ,0,1,52,360,-0.20364,-0.10323,0.10041,11.3535,-0.115101,0.32088,353.543994
CARDAC,1,1,99,500,-0.30648,-0.19396,0.11252,7.4744,-0.232609,0.44037,585.707224
CASNOC,0,1,79,330,-0.17385,-0.07961,0.09424,1.6167,-0.143019,1.25741,428.857419
CATKOA,0,1,53,298,-0.18302,-0.09102,0.092,11.0796,-0.100727,-0.79284,352.530448
CATLOB,0,1,31,226,-0.18153,-0.09148,0.09005,11.5273,-0.058079,-0.79467,243.430044
CATSIC,1,1,74,340,-0.31536,-0.204,0.11136,4.625,-0.139696,0.83565,412.523711
CAVBOR,0,1,99,504,-0.20015,-0.09568,0.10447,0.0114,-0.232107,-0.17012,665.755748
CEBMAZ,0,1,108,472,-0.18185,-0.09525,0.0866,2.2488,-0.223704,1.26384,665.465119
CEBYAK,1,1,37,252,-0.34293,-0.22565,0.11728,9.2606,-0.085119,-0.94059,303.993987
CEDQEI,0,1,73,360,-0.19536,-0.09775,0.09761,9.5205,-0.139874,0.94329,467.590385
CEFYUK,0,1,97,442,-0.17499,-0.10585,0.06914,9.0449,-0.177622,0.4487,584.467717
CEFZAR,0,1,124,562,-0.17668,-0.10694,0.06974,8.7829,-0.228734,0.44807,758.36962
CEFZOF,0,1,38,202,-0.20706,-0.08917,0.11789,6.7847,-0.060898,1.25815,222.139417
CEFZUL,0,1,38,184,-0.19913,-0.09614,0.10299,7.4724,-0.059119,1.1639,217.021936
CEGBAU,1,1,48,274,-0.29487,-0.19334,0.10153,4.485,-0.086722,1.10718,298.010878
CEGBOI,0,1,55,274,-0.18905,-0.07214,0.11691,4.6629,-0.107182,1.21961,334.046873
CEGBUO,0,1,35,224,-0.1727,-0.09194,0.08076,7.723,-0.05418,1.11043,212.210715
CEHGIG,0,1,79,388,-0.18362,-0.06273,0.12089,4.6257,-0.15046,0.47742,442.256646
CEHGOM,0,1,78,398,-0.19138,-0.07483,0.11655,5.7186,-0.157832,0.43935,454.449335
CEJJAE,1,1,155,660,-0.25911,-0.16929,0.08982,10.5126,-0.388944,0.31298,994.043382
CEKBUR,0,1,52,304,-0.18414,-0.08198,0.10216,1.6525,-0.111199,0.53237,349.339972
CEKCAY,0,1,46,262,-0.17868,-0.07669,0.10199,1.7647,-0.090698,0.53014,308.651776
CEKCEC,0,1,52,288,-0.17805,-0.07797,0.10008,2.13,-0.109874,0.51857,348.664379
CEKCIG,0,1,45,246,-0.17506,-0.07498,0.10008,2.3097,-0.082513,0.52226,280.92984
CEKCOM,0,1,52,288,-0.17902,-0.07741,0.10161,2.0993,-0.104278,0.52667,348.628888
CEMBAA,0,1,47,276,-0.20762,-0.13314,0.07448,6.1583,-0.0909,1.21687,298.464578
CEMBEE,0,1,48,262,-0.20291,-0.1186,0.08431,5.1394,-0.091076,1.2023,295.815988
CEMBUU,0,1,55,268,-0.21566,-0.11946,0.0962,5.636,-0.105092,0.9553,327.949147
CEMTIZ,0,1,105,452,-0.2023,-0.09334,0.10896,10.2715,-0.253338,0.47469,619.097121
CEPCAD,0,1,53,320,-0.2177,-0.09205,0.12565,9.6058,-0.106308,0.49168,344.738395
CEPDEI,0,1,51,286,-0.21032,-0.08132,0.129,7.4221,-0.089525,0.18112,315.417737
CEPKAM,0,1,101,486,-0.19524,-0.10295,0.09229,0.0256,-0.196414,0.63379,634.687973
CEQFEM,0,1,83,380,-0.15229,-0.07262,0.07967,0.0092,-0.178108,0.64275,466.960912
CEQFIQ,0,1,51,420,-0.17738,-0.08423,0.09315,0.0008,-0.127749,0.56321,411.569856
CEQFOW,0,1,63,316,-0.17722,-0.07703,0.10019,0.0002,-0.125419,0.63842,381.891754
CEQGAJ,0,1,87,380,-0.17803,-0.07806,0.09997,0.0053,-0.174587,0.63514,475.171135
CEQGIR,0,1,63,336,-0.17389,-0.08351,0.09038,0.0334,-0.138766,0.64369,415.689004
CEQZOP,0,1,95,492,-0.1966,-0.07161,0.12499,7.6615,-0.259784,-0.31565,626.904545
CEQZUV,0,1,89,450,-0.18275,-0.05667,0.12608,4.4896,-0.241271,-0.60976,586.877819
CERBAE,0,1,70,394,-0.1892,-0.0721,0.1171,3.1664,-0.182041,-0.27127,472.105547
CETYAC,0,1,50,324,-0.20975,-0.10856,0.10119,10.0139,-0.101904,0.77432,354.587301
CEVFEP,1,1,86,428,-0.28039,-0.18744,0.09295,5.9186,-0.193224,0.24048,572.048045
CEVNUO,0,1,115,548,-0.21572,-0.15955,0.05617,0.0102,-0.26128,-0.15097,719.077978
CEVPAW,0,1,95,468,-0.23983,-0.14994,0.08989,1.4965,-0.220665,-0.13343,594.039922
CEVPEA,0,1,131,596,-0.19922,-0.14811,0.05111,0.0778,-0.286081,-0.14478,784.031569
CEXYOV,1,1,51,272,-0.29991,-0.2035,0.09641,6.5555,-0.09043,0.45115,310.449229
CEYWEK,1,1,79,368,-0.27498,-0.16726,0.10772,8.2091,-0.19923,-0.12737,500.463232
CEZVEJ,0,1,40,228,-0.20184,-0.03561,0.16623,10.9977,-0.066403,0.14221,233.84588
CIBXOD,1,1,88,410,-0.28566,-0.16968,0.11598,3.7065,-0.217337,0.45349,585.458127
CICLEI,0,1,166,696,-0.16263,-0.06309,0.09954,1.9783,-0.428013,-1.40732,1027.709166
CICLIM,0,1,166,696,-0.16604,-0.06244,0.1036,1.7033,-0.43177,-1.43225,1027.635715
CIDDAX,1,1,72,412,-0.30028,-0.20672,0.09356,10.0857,-0.174483,0.36046,472.960948
CIDDEB,1,1,73,420,-0.30356,-0.21479,0.08877,8.4344,-0.177965,0.36773,478.006734
CIFZEZ,0,1,134,584,-0.15526,-0.04162,0.11364,0.8008,-0.37117,-1.42988,851.793039
CIGKOV,1,1,103,492,-0.2955,-0.18956,0.10594,14.2181,-0.232697,0.36356,609.858288
CIGNUE,0,1,143,618,-0.17237,-0.05322,0.11915,0.0056,-0.376715,-1.61103,923.711079
CIGVAR,0,1,64,270,-0.14593,-0.06297,0.08296,5.2217,-0.12356,0.67936,364.40489
CIGVEV,0,1,62,366,-0.16298,-0.08281,0.08017,6.3242,-0.130008,0.67443,416.22819
CIGVIZ,0,1,62,294,-0.16083,-0.08065,0.08018,5.9086,-0.125066,0.67449,379.824396
CIGVOF,0,1,62,262,-0.15228,-0.06831,0.08397,3.6936,-0.117933,0.67152,355.420946
CIGYAT,0,1,77,398,-0.18584,-0.12359,0.06225,11.0328,-0.140223,0.42628,509.124804
CIKQOE,0,1,87,424,-0.16646,-0.0748,0.09166,1.9109,-0.187281,0.46973,553.211221
CILTOJ,1,1,137,586,-0.24164,-0.13806,0.10358,4.5588,-0.342987,0.46762,847.279356
CINRIC,0,1,67,386,-0.18979,-0.07856,0.11123,5.7001,-0.147317,0.40602,446.079978
CIQJAQ,0,1,41,252,-0.20123,-0.0808,0.12043,9.8418,-0.077285,0.17973,280.081322
CIQVAB,1,1,59,314,-0.29062,-0.18418,0.10644,5.7964,-0.130657,0.38935,384.849114
CIRRIG,0,1,201,708,-0.17618,-0.04785,0.12833,0.0158,-0.327942,0.05053,941.896033
CIRRUS,0,1,201,692,-0.17168,-0.04543,0.12625,0.0007,-0.346598,0.04888,941.713658
CITDEQ,0,1,107,396,-0.1801,-0.0731,0.107,6.5109,-0.18591,1.17801,542.270365
CITTEG,0,1,81,404,-0.20767,-0.09323,0.11444,0.3324,-0.170183,0.97947,530.47752
CIXGIA,0,1,43,306,-0.1837,-0.10686,0.07684,12.6829,-0.09021,-0.82266,346.127014
CIXSOU,0,1,79,428,-0.16987,-0.0731,0.09677,3.4736,-0.193711,0.26135,550.953501
CIXSUA,0,1,100,626,-0.17828,-0.08546,0.09282,2.3614,-0.252012,0.26402,760.447462
CIYKOM,1,1,65,340,-0.27926,-0.19862,0.08064,8.9756,-0.146,0.3844,424.493394
CIYKUS,1,1,65,340,-0.27935,-0.19869,0.08066,8.9593,-0.145921,0.38465,424.497467
CIYLAZ,1,1,65,340,-0.27933,-0.19862,0.08071,8.9727,-0.145967,0.38416,424.49461
CODQAN,0,1,47,266,-0.1797,-0.11423,0.06547,11.3735,-0.081716,0.42139,322.855214
CODRET,0,1,45,262,-0.21989,-0.14459,0.0753,8.4071,-0.094577,0.90134,331.641988
COFWOL,1,1,52,310,-0.30266,-0.21947,0.08319,9.0882,-0.104275,-0.63611,367.777603
COFWUR,1,1,52,318,-0.30116,-0.23214,0.06902,11.5997,-0.106673,-0.63291,379.674509
COFXAY,1,1,52,336,-0.29867,-0.21987,0.0788,9.8072,-0.107363,-0.63572,386.232976
COFXEC,1,1,52,354,-0.31643,-0.22148,0.09495,5.8437,-0.114454,-0.63285,397.860947
COFXOM,1,1,52,336,-0.31295,-0.22524,0.08771,9.7166,-0.109354,-0.63383,386.086423
COGCIL,0,1,62,326,-0.17263,-0.06442,0.10821,6.4879,-0.130055,0.44122,392.778677
COGDOT,0,1,123,568,-0.174,-0.05875,0.11525,0.0412,-0.245763,-0.19007,776.158137
COGMAP,0,1,62,350,-0.18328,-0.0688,0.11448,6.349,-0.1294,0.44014,393.810691
COHJIT,0,1,59,312,-0.194,-0.09846,0.09554,11.999,-0.100371,0.54501,351.822601
COJWUV,0,1,71,346,-0.19095,-0.10636,0.08459,9.2977,-0.133694,0.38349,426.112062
COKGAN,0,1,57,334,-0.18498,-0.08479,0.10019,3.3534,-0.123593,0.43302,375.268459
COKGER,0,1,55,342,-0.20001,-0.08028,0.11973,4.4372,-0.121954,0.44046,366.423302
COKGIV,0,1,57,366,-0.20142,-0.09604,0.10538,3.1511,-0.12493,0.43861,377.06546
COKGOB,0,1,54,310,-0.18267,-0.07436,0.10831,4.5289,-0.11851,0.43555,360.513819
COLPEY,0,1,53,224,-0.1559,-0.06934,0.08656,3.5672,-0.09674,0.74029,306.522454
COLQIG,0,1,83,370,-0.17629,-0.07538,0.10091,8.3706,-0.168199,0.14294,447.512837
COMHUJ,0,1,89,462,-0.19476,-0.12911,0.06565,13.1598,-0.188075,0.34672,582.766207
COMNAV,1,1,105,466,-0.26295,-0.18822,0.07473,1.8711,-0.268865,0.34135,687.689231
COMNOI,1,1,97,436,-0.26424,-0.1894,0.07484,6.1412,-0.18489,-0.69105,593.554828
CORTIP,0,1,43,362,-0.18677,-0.11702,0.06975,13.7962,-0.074858,0.08231,306.020014
COSJEB,0,1,59,296,-0.18853,-0.13367,0.05486,13.4221,-0.112118,0.3551,380.502445
COSQOQ,0,1,205,732,-0.17994,-0.09112,0.08882,0.2235,-0.426465,0.74991,966.300601
COSSOU,1,1,71,316,-0.26539,-0.1829,0.08249,5.7726,-0.157139,-0.22229,405.279211
COWYIX,0,1,58,318,-0.17987,-0.07064,0.10923,5.0503,-0.123887,0.43568,376.323875
COXDUQ,0,1,71,482,-0.22795,-0.10526,0.12269,10.2235,-0.180515,0.55976,473.917104
COXFAY,0,1,71,482,-0.23388,-0.09798,0.1359,7.6997,-0.172007,0.57401,473.736437
COYVET,0,1,72,346,-0.19487,-0.09969,0.09518,11.3597,-0.13869,0.94203,480.626128
CUBDOT,0,1,64,328,-0.18189,-0.09018,0.09171,8.2545,-0.148223,0.56694,411.890215
CUDBOU,0,1,37,212,-0.20024,-0.13055,0.06969,3.4287,-0.072338,0.32665,265.740573
CUDBUA,0,1,37,230,-0.19283,-0.13081,0.06202,4.6016,-0.074186,0.27408,272.164225
CUDCAH,0,1,37,248,-0.18609,-0.13182,0.05427,4.8674,-0.076465,0.21801,283.936833
CUDQOJ,0,1,43,226,-0.19101,-0.12415,0.06686,2.2253,-0.081087,0.52958,284.13919
CUFKEV,0,1,50,276,-0.19601,-0.10486,0.09115,1.2239,-0.085749,0.57874,305.459674
CUFKIZ,0,1,47,282,-0.20028,-0.1089,0.09138,3.4202,-0.090681,0.15761,306.788157
CUJHAS,0,1,41,246,-0.20912,-0.08843,0.12069,10.7765,-0.064878,0.18464,253.025771
CUJHEW,0,1,63,338,-0.20555,-0.09639,0.10916,10.9826,-0.114787,0.17297,395.58467
CUJVOU,0,1,65,344,-0.2129,-0.09467,0.11823,11.2022,-0.10664,0.19143,385.966133
CUMBIX,1,1,45,198,-0.32365,-0.13554,0.18811,2.9594,-0.06393,0.42798,231.838013
CUMTUB,0,1,68,368,-0.18209,-0.09097,0.09112,1.955,-0.166529,0.0655,478.119517
CUPTUE,0,1,87,390,-0.16091,-0.07449,0.08642,5.8831,-0.22235,0.21936,581.600666
CUTQIS,1,1,57,272,-0.31983,-0.22338,0.09645,6.9501,-0.110881,1.13084,327.774805
CUWSOE,0,1,106,502,-0.1723,-0.09563,0.07667,4.2116,-0.285251,-0.9624,716.53727
CUXYEB,0,1,75,334,-0.19114,-0.1186,0.07254,9.0906,-0.18034,0.32891,446.679409
DACGOF,0,1,37,300,-0.19389,-0.12001,0.07388,6.8177,-0.077792,-0.82276,299.861279
DACHAS,0,1,37,276,-0.18746,-0.11143,0.07603,10.1797,-0.076739,-0.82244,295.720963
DACRAB,1,1,81,376,-0.26453,-0.21047,0.05406,13.4344,-0.142781,0.59611,464.610774
DADFAS,0,1,97,476,-0.16624,-0.05878,0.10746,2.026,-0.206992,0.46558,628.522541
DADLAX,0,1,46,364,-0.1776,-0.11206,0.06554,9.2392,-0.11454,-0.78678,432.078924
DADXOW,0,1,32,146,-0.13408,-0.04462,0.08946,9.995,-0.059518,0.27363,185.376787
DAGBET,0,1,47,242,-0.21693,-0.11552,0.10141,9.9403,-0.086151,0.9134,311.397441
DAGCAS,0,1,97,418,-0.18737,-0.07517,0.1122,2.6505,-0.190752,0.57483,538.210733
DAGCIA,0,1,94,420,-0.19095,-0.07454,0.11641,2.5482,-0.187641,0.59121,535.354131
DAGHUP,1,1,48,290,-0.33342,-0.23819,0.09523,6.5952,-0.096523,-0.63569,337.102004
DAGNUX,0,1,38,246,-0.18136,-0.08393,0.09743,6.4302,-0.072472,0.42921,264.26498
DAGSUC,0,1,98,446,-0.18145,-0.09428,0.08717,2.0037,-0.216792,1.25552,621.15209
DAKGON,0,1,66,350,-0.17272,-0.05582,0.1169,7.1887,-0.142343,0.0861,408.318015
DAKGUT,0,1,72,350,-0.16224,-0.04983,0.11241,5.5489,-0.150239,0.08386,430.942497
DAKHAA,0,1,73,360,-0.16314,-0.06433,0.09881,2.6246,-0.15691,0.08449,452.314489
DALDOL,0,1,39,264,-0.1918,-0.10719,0.08461,7.5739,-0.082535,0.38122,301.721506
DANVAR,0,1,38,240,-0.19133,-0.08251,0.10882,1.9174,-0.069301,0.58855,261.497057
DANVEV,0,1,61,348,-0.17263,-0.07864,0.09399,2.6239,-0.130009,0.4695,422.6346
DAPJUC,1,1,84,390,-0.28761,-0.20837,0.07924,11.0861,-0.158036,-0.63285,492.422896
DAPXAW,1,1,54,218,-0.23586,-0.17862,0.05724,5.1235,-0.098399,0.76171,288.792692
DAPZAX,0,1,31,190,-0.1965,-0.10607,0.09043,11.3553,-0.062264,0.30685,224.328267
DAQCEG,1,1,53,218,-0.24394,-0.18811,0.05583,7.3512,-0.095136,0.76438,284.258589
DAQCIK,1,1,53,226,-0.24289,-0.18982,0.05307,7.4559,-0.102384,0.77256,299.464264
DAQLOY,0,1,70,324,-0.16198,-0.08594,0.07604,8.0695,-0.134721,0.43005,411.470001
DAQNEQ,0,1,50,274,-0.19252,-0.07448,0.11804,2.0684,-0.110291,0.46378,350.780266
DAQQET,0,1,175,738,-0.15676,-0.04927,0.10749,0.018,-0.448268,-1.61539,1079.154569
DAQWEA,0,1,83,476,-0.20284,-0.12849,0.07435,8.3017,-0.207113,0.74867,611.504961
DAQZEC,0,1,105,530,-0.19446,-0.04984,0.14462,5.7018,-0.294533,-0.73367,713.274188
DAQZIG,0,1,76,394,-0.19415,-0.06364,0.13051,8.057,-0.197112,-0.73852,504.269551
DAQZOM,0,1,106,536,-0.1941,-0.04416,0.14994,4.5955,-0.287191,-0.81016,710.824874
DARBAB,0,1,94,492,-0.18253,-0.06355,0.11898,10.4106,-0.269548,-0.61777,661.575297
DARTIC,0,1,36,230,-0.20208,-0.05087,0.15121,10.5737,-0.05689,0.1754,234.617628
DASFOU,0,1,55,346,-0.19016,-0.14229,0.04787,22.7026,-0.119268,-0.17267,410.242222
DASPOC,0,1,43,244,-0.17672,-0.08206,0.09466,5.9682,-0.090264,0.9112,325.56923
DAWWUW,0,1,67,338,-0.19883,-0.05977,0.13906,8.9558,-0.146096,0.16012,407.282072
DAXDOX,1,1,77,374,-0.27518,-0.1743,0.10088,0.0129,-0.14463,0.0525,431.740905
DAXDUD,1,1,39,242,-0.32462,-0.24632,0.0783,10.054,-0.071752,0.69174,241.968646
DAYHAM,1,1,89,386,-0.28853,-0.17999,0.10854,4.8018,-0.213286,0.26778,580.407627
DAYLIA,0,1,42,272,-0.18035,-0.10081,0.07954,8.2436,-0.092613,-0.77826,316.627479
DAYVEH,0,1,99,432,-0.15555,-0.06035,0.0952,6.9838,-0.241612,-0.66516,628.041256
DAZKIZ,0,1,87,400,-0.17068,-0.08889,0.08179,0.1241,-0.171622,0.6394,490.159753
DAZTII,1,1,50,292,-0.32136,-0.22912,0.09224,9.4448,-0.11,-0.64372,362.003241
DAZTOO,1,1,63,340,-0.31635,-0.22517,0.09118,8.3807,-0.133819,-0.64205,436.126423
DEBTOW,1,1,97,412,-0.28842,-0.17332,0.1151,1.2144,-0.233523,0.29011,604.112411
DEBVAK,1,1,88,412,-0.29573,-0.20312,0.09261,6.8296,-0.215816,0.28304,573.434907
DECKUU,0,1,42,320,-0.19642,-0.15098,0.04544,6.3856,-0.092895,-0.82324,346.790462
DECWOZ,1,1,99,492,-0.28103,-0.19113,0.0899,0.1804,-0.22089,0.3749,647.912601
DECWUF,1,1,99,524,-0.28851,-0.1977,0.09081,4.8611,-0.222431,0.37789,649.901814
DEDGUR,0,1,42,260,-0.19775,-0.09655,0.1012,4.1482,-0.083815,0.55479,293.807553
DEDHAY,0,1,42,260,-0.19774,-0.09655,0.10119,4.1276,-0.083823,0.55464,293.807783
DEFWAP,1,1,94,416,-0.2832,-0.14724,0.13596,1.6133,-0.237908,0.19563,623.648791
DEGQOX,0,1,147,556,-0.16042,-0.08845,0.07197,1.309,-0.324238,0.62134,794.159332
DEGSUD,0,1,91,322,-0.13699,-0.06693,0.07006,3.6962,-0.159766,0.74314,447.452458
DEGTAK,0,1,89,320,-0.15085,-0.088,0.06285,0.2361,-0.155856,0.75469,446.563525
DEHNIP,0,1,74,378,-0.16046,-0.11143,0.04903,8.7872,-0.136495,0.45855,475.480136
DEHVAP,0,1,121,488,-0.17641,-0.05698,0.11943,4.4934,-0.244434,1.19351,697.77341
DEHZAU,0,1,43,268,-0.23399,-0.11056,0.12343,9.6193,-0.070157,0.65062,249.679477
DEHZEY,0,1,43,268,-0.23398,-0.1104,0.12358,9.5689,-0.070093,0.6506,249.67787
DEJCUR,0,1,94,386,-0.17472,-0.10562,0.0691,11.8992,-0.181145,0.66386,518.383104
DEJZUQ,1,1,120,528,-0.26397,-0.16514,0.09883,2.7616,-0.301334,0.32808,772.548851
DEMSOG,0,1,169,702,-0.19887,-0.12283,0.07604,11.5754,-0.429743,0.31692,998.675193
DEPKUE,0,1,38,176,-0.17105,-0.07507,0.09598,5.4821,-0.062337,0.76084,233.427606
DESQEY,1,1,81,390,-0.27874,-0.22431,0.05443,7.6726,-0.158661,0.5506,491.497428
DEXBIS,0,1,82,402,-0.16955,-0.04739,0.12216,5.2781,-0.189777,-0.18664,542.41617
DEXMUR,0,1,94,464,-0.17972,-0.08662,0.0931,8.1925,-0.213151,0.18388,595.674722
DEYTEJ,0,1,83,412,-0.18291,-0.10796,0.07495,1.5657,-0.184085,0.46947,521.49958
DIBFAY,0,1,38,254,-0.18887,-0.09267,0.0962,10.3789,-0.070097,-0.74636,273.503934
DICQUE,0,1,64,374,-0.19459,-0.08544,0.10915,6.8984,-0.138725,0.44201,424.306064
DICROZ,0,1,53,344,-0.16351,-0.12578,0.03773,12.0813,-0.11289,-0.18599,393.704958
DICWIX,0,1,110,520,-0.16517,-0.05721,0.10796,4.4484,-0.309996,0.07772,736.265975
DIDCUP,0,1,72,436,-0.19511,-0.08754,0.10757,1.3861,-0.156855,0.05115,487.120199
DIDHOO,0,1,87,416,-0.15517,-0.06393,0.09124,0.935,-0.172101,0.47103,528.001429
DIDHUU,0,1,51,274,-0.17333,-0.0734,0.09993,3.5388,-0.088213,0.57091,314.223752
DIDJAC,0,1,51,274,-0.18197,-0.06628,0.11569,1.4622,-0.088362,0.5733,314.206721
DIDPOY,0,1,109,474,-0.16695,-0.05791,0.10904,6.1737,-0.228881,0.41869,609.470076
DIDQAL,0,1,110,482,-0.16565,-0.05315,0.1125,5.3519,-0.230085,0.41833,614.417792
DIFCED,0,1,65,306,-0.20469,-0.07323,0.13146,10.7456,-0.132664,0.97732,408.900671
DIFCIH,0,1,81,418,-0.19452,-0.09559,0.09893,12.016,-0.216395,0.97074,536.410957
DIFDII,0,1,79,400,-0.20411,-0.06856,0.13555,13.0189,-0.18023,0.95008,516.890424
DIFDOO,0,1,112,508,-0.17326,-0.05162,0.12164,5.3295,-0.306673,0.10239,754.164864
DIFPAM,0,1,87,442,-0.1886,-0.05302,0.13558,12.2657,-0.183631,0.1157,483.843408
DIGCII,0,1,75,326,-0.15418,-0.01148,0.1427,9.2648,-0.146228,0.08865,400.726385
DIGCON,0,1,29,238,-0.20936,-0.13401,0.07535,8.5851,-0.055807,0.37343,221.266942
DIGCUU,0,1,87,378,-0.16185,-0.04427,0.11758,7.3802,-0.180198,0.1013,480.4824
DIGKIO,0,1,123,580,-0.16767,-0.07716,0.09051,3.5108,-0.314893,0.46116,792.894267
DIGRUH,0,1,115,466,-0.17465,-0.07944,0.09521,2.5876,-0.231425,1.1229,639.3224
DIGVAS,0,1,97,434,-0.18474,-0.08225,0.10249,7.0603,-0.177853,0.57144,564.299837
DIGVEW,0,1,89,410,-0.19744,-0.08901,0.10843,2.9798,-0.166504,0.58767,531.556104
DIHVOI,0,1,105,446,-0.17016,-0.08407,0.08609,0.0002,-0.192305,1.2633,616.586492
DIHYOK,0,1,61,364,-0.18658,-0.07782,0.10876,3.8959,-0.136734,0.47051,423.047871
DIHYUQ,0,1,61,364,-0.18236,-0.07699,0.10537,2.6154,-0.137614,0.45217,423.105617
DIHZAX,0,1,61,348,-0.17819,-0.07504,0.10315,2.0589,-0.136089,0.4671,422.305414
DIHZEB,0,1,69,380,-0.17483,-0.06869,0.10614,2.3481,-0.147103,0.46931,455.270759
DIJDAD,0,1,47,352,-0.19966,-0.12799,0.07167,7.2364,-0.097357,0.14148,347.633383
DIJDEH,0,1,50,308,-0.18034,-0.12538,0.05496,7.9971,-0.094703,0.40985,328.95039
DIKKOY,0,1,60,314,-0.16977,-0.10587,0.0639,9.2531,-0.11369,0.44805,391.832829
DIKKUE,0,1,56,306,-0.16054,-0.10239,0.05815,6.8382,-0.105178,0.44751,377.982725
DILXOO,0,1,49,290,-0.20673,-0.07953,0.1272,6.0746,-0.108159,0.54806,330.796456
DITDES,0,1,67,308,-0.1854,-0.09035,0.09505,0.4587,-0.13793,0.78787,446.621071
DITTOS,0,1,52,304,-0.18438,-0.07959,0.10479,2.9579,-0.100601,0.60801,363.459343
DIWTOV,0,1,52,300,-0.20213,-0.07985,0.12228,4.646,-0.093389,0.598,338.662673
DIWYOZ,1,1,87,346,-0.29649,-0.15755,0.13894,0.0,-0.166797,0.42974,472.801009
DIXJOL,0,1,81,432,-0.16705,-0.07124,0.09581,1.4129,-0.209019,0.40092,507.241938
DIXJUR,0,1,61,352,-0.16376,-0.07123,0.09253,1.8353,-0.134937,0.40966,382.031818
DIYJAY,0,1,32,236,-0.18478,-0.1074,0.07738,10.4905,-0.065284,-0.78918,264.055044
DIZCEV,0,1,63,308,-0.16988,-0.09609,0.07379,13.8016,-0.102893,0.62934,382.181223
DIZPIN,1,1,65,274,-0.29266,-0.13486,0.1578,0.1411,-0.13897,0.47616,358.836063
DIZYAO,0,1,109,572,-0.17956,-0.0905,0.08906,0.0218,-0.21087,0.79197,648.623195
DOCNER,1,1,89,330,-0.33435,-0.16644,0.16791,0.055,-0.159413,0.42209,431.246164
DOGJEP,0,1,59,344,-0.19176,-0.07352,0.11824,3.6889,-0.129441,0.3864,376.158236
DOGJIT,0,1,67,376,-0.18411,-0.06025,0.12386,4.855,-0.139332,0.37904,409.220371
DOGQEX,0,1,77,350,-0.18104,-0.09154,0.0895,0.0001,-0.158738,1.26446,504.405228
DOJMAT,0,1,87,430,-0.20736,-0.12719,0.08017,7.7563,-0.180018,0.32839,529.90559
DOJZEI,0,1,93,430,-0.17555,-0.10267,0.07288,13.2736,-0.166754,0.44363,535.208557
DOKBUB,1,1,61,322,-0.30134,-0.28428,0.01706,0.861,-0.129892,0.47268,388.161664
DOKLUM,0,1,77,362,-0.17842,-0.11814,0.06028,3.2601,-0.150638,0.01226,451.651921
DOKROM,0,1,79,574,-0.20471,-0.12372,0.08099,2.9357,-0.210176,0.76551,637.824034
DOKWIL,1,1,53,302,-0.29151,-0.22383,0.06768,11.2264,-0.098634,0.47915,320.161214
DOKWOR,1,1,53,302,-0.28863,-0.22297,0.06566,10.9244,-0.099199,0.47896,320.315962
DOMJAR,1,1,90,422,-0.28259,-0.17256,0.11003,3.0016,-0.231444,0.46055,602.848636
DORTIQ,0,1,49,302,-0.19914,-0.10941,0.08973,10.3226,-0.106583,-0.64876,358.638907
DOTRAH,0,1,79,360,-0.19382,-0.0825,0.11132,3.6361,-0.143769,0.57876,452.014835
DOTRIP,0,1,72,362,-0.19335,-0.074,0.11935,2.6469,-0.137546,0.57613,461.057275
DOTROV,0,1,52,298,-0.20159,-0.08355,0.11804,7.4658,-0.09473,0.58305,339.086794
DOTSAI,0,1,115,560,-0.16857,-0.07323,0.09534,0.332,-0.318433,-0.43547,786.192824
DOTWEQ,0,1,50,282,-0.18496,-0.07503,0.10993,3.4578,-0.089298,0.57683,329.087565
DOVMUX,0,1,58,310,-0.17287,-0.06476,0.10811,1.9491,-0.120374,0.47533,376.407514
DOWCAT,0,1,85,316,-0.17466,-0.08647,0.08819,0.4463,-0.151872,0.74459,444.952961
DOWDUO,0,1,97,348,-0.17324,-0.08702,0.08622,0.3183,-0.177439,0.71227,491.822828
DOWJEE,0,1,73,302,-0.17596,-0.08825,0.08771,0.0064,-0.138287,0.61738,405.034528
DOZFIJ,0,1,68,388,-0.19045,-0.06897,0.12148,7.5414,-0.156513,0.18484,445.497702
DOZFUV,0,1,71,412,-0.19289,-0.07108,0.12181,8.781,-0.161689,0.18246,460.222681
DOZGEG,0,1,65,386,-0.19141,-0.07023,0.12118,6.8731,-0.146701,0.18085,420.314435
DOZGOQ,0,1,69,412,-0.21026,-0.082,0.12826,9.0964,-0.158004,0.18128,451.680651
DOZGUW,0,1,77,444,-0.19547,-0.08172,0.11375,6.8895,-0.170752,0.18552,488.79901
DOZVEV,0,1,29,206,-0.20793,-0.08719,0.12074,8.6846,-0.049728,0.18148,206.466017
DUCCAG,1,1,100,452,-0.28075,-0.18848,0.09227,1.9851,-0.240933,0.29456,639.693668
DUDRIE,0,1,49,276,-0.18368,-0.07042,0.11326,2.8592,-0.088215,0.58883,313.534671
DUDROK,0,1,53,292,-0.18029,-0.06682,0.11347,4.3845,-0.093093,0.58739,330.00274
DUFFER,1,1,63,262,-0.29812,-0.15831,0.13981,1.8843,-0.105128,0.43191,337.77276
DUFFUH,0,1,113,544,-0.19389,-0.05144,0.14245,0.0179,-0.261889,-0.17605,741.907511
DUJLAX,0,1,47,286,-0.20395,-0.12746,0.07649,12.3404,-0.076964,0.36962,290.958259
DUJQAA,0,1,79,396,-0.16932,-0.07073,0.09859,1.465,-0.167968,0.25524,481.547083
DUMNEG,0,1,80,362,-0.17329,-0.07154,0.10175,1.2934,-0.149021,0.56238,447.065881
DUQFAY,0,1,151,540,-0.17846,-0.08878,0.08968,0.8754,-0.278798,0.75192,787.002005
DUVLIQ,0,1,85,422,-0.18424,-0.09837,0.08587,10.2098,-0.161068,0.39519,541.171687
DUVSIY,0,1,52,230,-0.18612,-0.09057,0.09555,0.537,-0.096038,1.26595,312.118586
DUXPOC,1,1,78,426,-0.29151,-0.18984,0.10167,11.292,-0.167496,0.38366,507.61683
DUXQUJ,0,1,52,264,-0.20231,-0.10329,0.09902,8.8341,-0.099312,0.96638,326.851745
DUXROF,0,1,83,386,-0.19397,-0.11558,0.07839,7.862,-0.181083,0.78433,557.390248
DUYRAS,0,1,90,486,-0.1891,-0.08597,0.10313,12.6575,-0.245504,-0.28029,613.366914
DUYREW,0,1,66,342,-0.20184,-0.09657,0.10527,3.931,-0.14272,-0.24141,376.522034
DUYZAA,1,1,85,462,-0.28574,-0.19075,0.09499,11.7466,-0.207894,0.38288,552.124295
DUYZEE,0,1,84,462,-0.16811,-0.0781,0.09001,3.4278,-0.205364,0.39703,553.58506
DUZCOS,0,1,25,186,-0.25655,-0.11605,0.1405,11.7547,-0.047273,0.75117,186.620675
DUZCUY,0,1,25,196,-0.23461,-0.11457,0.12004,10.9805,-0.048168,0.75873,195.26419
DUZDAF,0,1,31,212,-0.24629,-0.12631,0.11998,12.925,-0.061409,0.75161,226.553816
DUZHUD,0,1,127,570,-0.15955,-0.04614,0.11341,2.4561,-0.329657,-1.4398,841.419832
DUZJAL,0,1,113,518,-0.15649,-0.04355,0.11294,0.8208,-0.309708,-1.4389,761.741237
DUZLUH,0,1,106,466,-0.15194,-0.06792,0.08402,14.8114,-0.259694,0.25531,695.428731
DUZXAZ,0,1,62,326,-0.17362,-0.06446,0.10916,1.6583,-0.126142,0.47172,392.707902
EBAHEX,0,1,100,488,-0.16516,-0.03767,0.12749,5.3416,-0.220494,-0.17462,621.84537
EBAHIB,0,1,133,608,-0.171,-0.03877,0.13223,8.5089,-0.316776,-0.17972,824.0622
EBAXEN,0,1,36,244,-0.22503,-0.12199,0.10304,7.9582,-0.065836,0.70185,254.143158
EBAXIR,0,1,36,194,-0.21342,-0.13103,0.08239,9.1377,-0.065604,0.90619,246.493312
EBAXUD,0,1,42,222,-0.21378,-0.13479,0.07899,10.4249,-0.074174,1.07498,261.070014
EBAYAK,0,1,48,240,-0.19671,-0.11703,0.07968,6.7532,-0.078946,1.25262,286.097994
EBAYEO,0,1,48,222,-0.19933,-0.11594,0.08339,6.0568,-0.079049,1.14845,281.213362
EBOGEK,0,1,39,284,-0.19281,-0.10836,0.08445,7.1246,-0.089721,-0.80171,313.954198
EBOGOU,0,1,30,244,-0.19137,-0.11343,0.07794,8.2378,-0.06801,-0.78808,267.409186
EBOLOY,0,1,75,316,-0.23177,-0.05958,0.17219,10.9937,-0.107702,1.17438,377.980277
EBOROD,0,1,72,350,-0.17191,-0.1187,0.05321,13.3017,-0.120826,0.62751,436.621414
EBOTOG,0,1,47,238,-0.15159,-0.07884,0.07275,15.4589,-0.102983,0.23308,314.543078
EBOVAU,0,1,47,238,-0.15108,-0.07857,0.07251,15.4571,-0.102935,0.23286,314.547405
EBUBAH,0,1,151,830,-0.151,-0.1111,0.0399,16.8888,-0.334997,0.41628,1099.260988
EBUHAN,0,1,119,502,-0.18048,-0.09117,0.08931,0.0202,-0.268503,1.2413,734.778373
EBUVEF,1,1,42,256,-0.32743,-0.22278,0.10465,11.2802,-0.083495,-0.63573,298.528029
ECEKAA,0,1,65,312,-0.18528,-0.13844,0.04684,0.3421,-0.130073,-0.10821,448.299368
ECIHOO,0,1,17,148,-0.20539,-0.0265,0.17889,10.2842,-0.023062,0.17633,120.089475
ECIHUU,0,1,29,180,-0.20257,-0.02124,0.18133,10.116,-0.041838,0.16963,166.44368
ECIPUE,0,1,89,434,-0.1578,-0.07119,0.08661,8.5628,-0.228072,0.14119,609.349783
ECIQAL,0,1,89,434,-0.15818,-0.07247,0.08571,9.1389,-0.231558,0.19065,609.32508
ECIQEP,0,1,89,448,-0.16621,-0.1184,0.04781,3.3284,-0.236671,0.19949,614.154712
ECISEO,0,1,46,184,-0.12526,-0.06876,0.0565,2.6053,-0.067697,0.86403,226.722815
ECISIS,0,1,49,190,-0.13167,-0.09404,0.03763,1.5832,-0.07569,0.91963,224.140172
ECIZOF,0,1,125,570,-0.1589,-0.0531,0.1058,2.4568,-0.330131,-1.43916,842.311972
ECOGAG,0,1,80,382,-0.17459,-0.09276,0.08183,15.2471,-0.161992,-0.78248,455.757887
EDAVIR,0,1,83,390,-0.20296,-0.04742,0.15554,7.8395,-0.166209,0.16564,462.402172
EDEGOJ,1,1,64,340,-0.23416,-0.20728,0.02688,19.0842,-0.140045,0.2323,436.857886
EDEGUR,0,1,76,348,-0.18853,-0.06781,0.12072,5.3067,-0.139912,0.45465,427.992731
EDEHAY,0,1,76,348,-0.19232,-0.06483,0.12749,4.709,-0.136813,0.46293,427.98562
EDOCIJ,1,1,96,420,-0.27263,-0.17178,0.10085,2.838,-0.245698,0.33233,620.338294
EDOCOP,1,1,114,468,-0.27073,-0.16997,0.10076,2.3501,-0.288967,0.34996,690.275577
EDOGIO,0,1,55,260,-0.17672,-0.08325,0.09347,6.7975,-0.109048,0.62519,312.101972
EDOGUA,1,1,53,208,-0.30056,-0.19387,0.10669,3.1135,-0.093381,0.64477,284.190923
EDUGER,0,1,59,284,-0.17866,-0.07451,0.10415,5.6824,-0.136073,1.17154,386.333655
EDUTOO,1,1,85,380,-0.28647,-0.19856,0.08791,7.5927,-0.209987,0.27477,558.328869
EFAWOA,0,1,85,404,-0.16995,-0.05955,0.1104,4.1963,-0.191235,0.29265,527.074868
EFEKUY,0,1,43,246,-0.22317,-0.0762,0.14697,10.6369,-0.069596,0.17131,255.262935
EFELEJ,0,1,46,254,-0.22016,-0.0723,0.14786,6.1607,-0.073211,0.17635,266.85826
EFESEQ,0,1,213,804,-0.16585,-0.12129,0.04456,2.4709,-0.440838,0.77199,1167.931114
EFEVOB,0,1,62,382,-0.20711,-0.08648,0.12063,7.527,-0.138219,0.33011,395.386457
EFEVUH,0,1,68,430,-0.20647,-0.08506,0.12141,7.8291,-0.152035,0.32311,424.829233
EFISUI,0,1,38,258,-0.18285,-0.09166,0.09119,11.1224,-0.074043,-0.79372,294.439942
EFOXAB,0,1,47,250,-0.19734,-0.11544,0.0819,7.2815,-0.089823,1.18721,309.15117
EFOXEF,0,1,57,290,-0.19326,-0.11201,0.08125,6.5419,-0.108457,1.18506,371.663315
EGAYAN,0,1,59,328,-0.18562,-0.1041,0.08152,7.0769,-0.13626,0.43185,395.410112
EGEHEF,0,1,75,372,-0.17926,-0.04864,0.13062,0.2314,-0.138098,0.47455,427.736793
EGEHIJ,0,1,74,382,-0.18434,-0.06508,0.11926,6.2188,-0.145598,0.43742,439.84974
EGEMUA,0,1,209,872,-0.18315,-0.08936,0.09379,10.1481,-0.460387,0.46808,1214.887207
EGENAH,0,1,99,458,-0.19066,-0.09712,0.09354,8.3805,-0.208466,0.11386,600.56362
EGETOB,1,1,85,342,-0.31017,-0.23039,0.07978,7.8586,-0.194077,0.44301,475.403276
EGICII,0,1,97,406,-0.18714,-0.0921,0.09504,7.946,-0.183274,0.07982,502.852803
EGIDEF,1,1,225,798,-0.23901,-0.14996,0.08905,25.1264,-0.489163,0.33475,1168.864157
EGONUL,0,1,177,760,-0.16983,-0.09074,0.07909,3.4691,-0.458065,-1.63194,1121.098742
EGUDES,0,1,65,360,-0.18735,-0.09477,0.09258,9.818,-0.136442,0.47904,418.705332
EGUDOC,0,1,65,360,-0.1827,-0.09134,0.09136,9.385,-0.138083,0.46857,418.804512
EHAPOT,0,1,79,362,-0.17891,-0.0931,0.08581,1.3616,-0.145994,0.568,445.816568
EHAQAG,0,1,75,362,-0.19545,-0.09887,0.09658,4.6073,-0.141819,0.58148,430.121048
EHAQEK,0,1,75,346,-0.19191,-0.09365,0.09826,2.725,-0.140999,0.57099,429.353384
EHAQIO,0,1,75,346,-0.19287,-0.08762,0.10525,3.5599,-0.139733,0.57359,429.362536
EHAZAP,0,1,44,258,-0.21379,-0.12002,0.09377,10.5353,-0.085146,0.97102,311.966739
EHEBEA,0,1,86,404,-0.20208,-0.03975,0.16233,11.4735,-0.171839,0.26863,472.87422
EHEBIE,0,1,64,354,-0.19654,-0.05381,0.14273,10.4728,-0.131058,0.20604,410.685357
EHEBOK,0,1,86,354,-0.15047,-0.05926,0.09121,9.2906,-0.168157,0.53387,467.53256
EHIDUW,0,1,31,230,-0.24506,-0.1481,0.09696,13.1598,-0.05745,0.33534,223.134939
EHOVEE,0,1,129,570,-0.17464,-0.04727,0.12737,1.3604,-0.374272,-1.64555,844.591643
EHURUV,1,1,51,268,-0.32494,-0.21203,0.11291,8.7193,-0.092081,0.32083,290.774218
EJAMEI,0,1,67,340,-0.2092,-0.04098,0.16822,7.0881,-0.138882,0.16531,386.463046
EJAMIM,0,1,61,314,-0.22556,-0.0968,0.12876,10.0118,-0.128295,0.42606,327.665224
EJAMOS,0,1,45,258,-0.22784,-0.10002,0.12782,10.3489,-0.08054,0.45892,255.311758
EJAMUY,0,1,51,294,-0.2264,-0.10056,0.12584,9.076,-0.104654,0.50041,320.360559
EJANAF,0,1,69,342,-0.2288,-0.10093,0.12787,9.3583,-0.147006,0.43446,390.792939
EJANIN,0,1,75,358,-0.22368,-0.09592,0.12776,10.4617,-0.1619,0.47534,413.665188
EJANOT,0,1,37,230,-0.22989,-0.10377,0.12612,10.3591,-0.071543,0.41315,218.573235
EJANUZ,0,1,53,296,-0.22617,-0.09853,0.12764,9.6585,-0.108565,0.49522,321.008511
EJAPAH,0,1,71,344,-0.22897,-0.10086,0.12811,9.7975,-0.150657,0.44189,391.426843
EJITUN,0,1,45,260,-0.18399,-0.04782,0.13617,3.6534,-0.07662,0.46501,284.808008
EJOLAR,1,1,77,406,-0.28014,-0.21583,0.06431,7.409,-0.173781,0.38345,508.447756
EJUBER,0,1,158,682,-0.16765,-0.06546,0.10219,2.9559,-0.40195,-1.42847,971.497869
EJUBIV,0,1,146,650,-0.1695,-0.07122,0.09828,3.4826,-0.383442,-1.42854,924.911016
EKABOJ,1,1,65,374,-0.29702,-0.19631,0.10071,12.3023,-0.141498,0.37558,423.253969
EKEQOA,0,1,127,504,-0.16664,-0.0371,0.12954,0.0164,-0.235996,-0.22761,674.670249
EKETUJ,0,1,141,492,-0.1726,-0.07725,0.09535,0.9529,-0.252533,0.75479,710.033805
EKEXAV,0,1,72,386,-0.17597,-0.07579,0.10018,5.545,-0.185875,0.37832,484.253536
EKEXEZ,0,1,72,418,-0.18199,-0.08256,0.09943,6.1275,-0.183636,0.37901,485.906428
EKEXID,0,1,76,434,-0.18402,-0.08081,0.10321,7.4629,-0.183153,0.38206,502.435871
EKEYOK,0,1,50,270,-0.17823,-0.08329,0.09494,7.4648,-0.09385,0.40896,321.320221
EKUNUV,0,1,91,420,-0.18119,-0.05895,0.12224,9.508,-0.220982,0.25856,590.459954
EKUPEH,0,1,91,420,-0.1815,-0.05928,0.12222,9.9728,-0.225699,0.26401,590.434119
EKUPOR,1,1,92,420,-0.28597,-0.18924,0.09673,7.8221,-0.223352,0.29799,589.419547
EKUTEL,0,1,84,340,-0.2156,-0.03314,0.18246,9.009,-0.156485,0.13352,399.598526
ELODIU,0,1,62,356,-0.1789,-0.10028,0.07862,7.3567,-0.137848,-0.78111,452.076338
ELODOA,0,1,62,356,-0.18244,-0.10356,0.07888,9.9307,-0.128147,-0.78983,452.157029
ELODUG,0,1,69,398,-0.17659,-0.10374,0.07285,7.5622,-0.150433,-0.77948,511.730872
ELOFAO,0,1,69,398,-0.1827,-0.10818,0.07452,10.9692,-0.144171,-0.79031,511.948761
ELUNUV,0,1,157,644,-0.16934,-0.10522,0.06412,0.0252,-0.333566,1.1739,851.535403
ELUQEI,1,1,90,400,-0.27578,-0.18369,0.09209,3.2311,-0.218812,0.30997,586.990976
ELUREI,0,1,31,216,-0.19463,-0.10367,0.09096,8.5268,-0.062031,0.39756,230.684988
EMAFIH,0,1,125,462,-0.20478,-0.1294,0.07538,15.6493,-0.177417,0.34215,593.651152
EMAFON,0,1,125,446,-0.21684,-0.12293,0.09391,8.9972,-0.16007,0.93079,581.932356
EMALAH,0,1,67,344,-0.17252,-0.08283,0.08969,2.742,-0.14637,0.455,427.871193
EMEGAE,0,1,47,362,-0.20449,-0.13602,0.06847,19.9217,-0.11105,0.21778,356.987574
EMOQUS,0,1,57,312,-0.16917,-0.08466,0.08451,6.3897,-0.12498,0.25418,381.560992
EMUKEC,0,1,57,260,-0.19384,-0.0931,0.10074,0.0027,-0.106847,1.14534,367.040499
EMUZET,0,1,79,432,-0.19611,-0.07793,0.11818,2.9857,-0.160249,0.48598,501.665684
ENAXOG,0,1,45,286,-0.23083,-0.09407,0.13676,9.336,-0.090726,-0.56901,298.378071
ENOXAI,0,1,94,424,-0.19499,-0.09337,0.10162,5.1329,-0.179125,0.56305,534.096773
ENUVUG,1,1,93,428,-0.29071,-0.18614,0.10457,19.2082,-0.209872,0.17914,533.59208
EPADAC,1,1,55,234,-0.33066,-0.16258,0.16808,0.0,-0.086463,0.4358,301.28724
EPADOQ,0,1,39,258,-0.23499,-0.10609,0.1289,10.3345,-0.083353,0.42416,259.622393
EPATUL,0,1,31,190,-0.19642,-0.10605,0.09037,11.3564,-0.062263,0.3066,224.328631
EPOJAW,1,1,95,430,-0.26931,-0.16609,0.10322,4.6461,-0.238976,0.34954,627.181285
EPOKOL,1,1,92,412,-0.27373,-0.17848,0.09525,5.3428,-0.230959,0.29671,606.524415
EPOZIT,0,1,82,372,-0.15817,-0.0872,0.07097,7.3596,-0.169927,0.30832,455.650151
EPOZUF,0,1,86,304,-0.16791,-0.07264,0.09527,5.7861,-0.14629,0.74485,419.278226
EQEWOO,0,1,81,388,-0.17066,-0.06629,0.10437,2.4835,-0.160259,0.4737,496.282184
EQEXAB,0,1,93,420,-0.17051,-0.06132,0.10919,2.4251,-0.180373,0.46909,542.50439
EQOSEK,1,1,133,560,-0.27594,-0.17505,0.10089,9.2675,-0.320804,0.30631,825.611849
EQOTAF,0,1,37,228,-0.20363,-0.04223,0.1614,10.2141,-0.066564,0.17579,245.34838
EQOYEO,0,1,35,212,-0.15785,-0.10784,0.05001,10.6051,-0.073195,0.17207,274.175752
EQOZAM,0,1,93,362,-0.16107,-0.08282,0.07825,13.7195,-0.172206,-0.38241,487.887199
ERATIA,0,1,77,354,-0.1675,-0.0887,0.0788,2.7319,-0.161418,0.75523,513.313743
ERATOG,0,1,79,368,-0.17491,-0.09828,0.07663,2.0089,-0.168891,0.76187,526.725124
ERUYUN,1,1,65,362,-0.29608,-0.19403,0.10205,11.862,-0.140525,0.37777,409.848723
ESAVAX,0,1,69,380,-0.18602,-0.09881,0.08721,29.7565,-0.153295,1.20487,428.666796
ESEBOT,1,1,53,272,-0.2736,-0.18867,0.08493,6.3807,-0.118728,0.0718,348.33099
ESEBUZ,1,1,55,278,-0.27948,-0.19356,0.08592,7.8799,-0.121146,0.14254,350.377159
ESERUQ,0,1,44,264,-0.21253,-0.10356,0.10897,7.6385,-0.085695,0.59616,296.966923
ESESAX,1,1,48,250,-0.3365,-0.21975,0.11675,5.9825,-0.082672,0.71169,299.378514
ESIQON,0,1,42,300,-0.18568,-0.09264,0.09304,7.9803,-0.092009,-0.80676,329.115519
ESIQUT,0,1,58,340,-0.19073,-0.09261,0.09812,7.0441,-0.113799,-0.81236,413.081119
ESIREE,0,1,40,210,-0.20268,-0.07291,0.12977,9.5712,-0.082668,0.96004,262.983422
ESIRII,1,1,49,258,-0.34135,-0.18707,0.15428,8.6499,-0.101506,1.17784,292.445673
ESOMAB,1,1,97,424,-0.2773,-0.1959,0.0814,3.0274,-0.249008,0.31143,634.506662
ESOMEF,1,1,57,268,-0.26854,-0.20141,0.06713,3.2542,-0.120617,0.64391,373.591889
ETPNFL,0,1,71,282,-0.16629,-0.15713,0.00916,0.3536,-0.126531,0.802,393.183978
ETUKOU,0,1,44,224,-0.17824,-0.08054,0.0977,6.1916,-0.07862,0.74726,280.797245
EVADUC,1,1,121,614,-0.27123,-0.17177,0.09946,8.0136,-0.304992,0.32125,818.736482
EVAFEO,1,1,121,526,-0.26958,-0.16905,0.10053,2.2192,-0.298207,0.32714,758.609167
EVAFOY,1,1,121,510,-0.26235,-0.16735,0.095,1.3218,-0.299873,0.34968,757.854857
EVEGIX,0,1,45,306,-0.1786,-0.14883,0.02977,0.0431,-0.093256,-0.14362,335.625434
EVETEG,1,1,69,284,-0.24607,-0.16502,0.08105,0.8414,-0.136665,0.6133,385.584133
EVETOQ,1,1,69,284,-0.24486,-0.1638,0.08106,0.2357,-0.136592,0.61465,385.592206
EVETUW,1,1,69,284,-0.24711,-0.16562,0.08149,1.2341,-0.137055,0.61352,385.583676
EVIMEC,0,1,60,350,-0.18647,-0.082,0.10447,10.2217,-0.12773,-0.80549,438.550096
EVOTIU,0,1,97,468,-0.2075,-0.08626,0.12124,11.4842,-0.194021,0.48212,554.051099
EWASAX,0,1,53,266,-0.17779,-0.07164,0.10615,0.7354,-0.098089,0.61505,298.200821
EWASIF,0,1,59,282,-0.17786,-0.07262,0.10524,0.3784,-0.109194,0.63096,321.615443
EWASOL,0,1,62,290,-0.17779,-0.07171,0.10608,0.2932,-0.113257,0.62801,333.274518
EWASUR,0,1,65,298,-0.17772,-0.07315,0.10457,0.1412,-0.116008,0.64442,344.956407
EWATAY,0,1,68,306,-0.17802,-0.0734,0.10462,0.2704,-0.123275,0.6442,356.612504
EWATEC,0,1,56,290,-0.17461,-0.07165,0.10296,0.8968,-0.10229,0.63891,313.548219
EWATIG,0,1,63,314,-0.17881,-0.07472,0.10409,1.3558,-0.112444,0.64472,341.838641
EWATOM,0,1,37,220,-0.17552,-0.07164,0.10388,0.0002,-0.061934,0.67921,233.664615
EWOKIL,0,1,40,244,-0.20983,-0.08537,0.12446,3.9864,-0.079518,0.84097,283.656273
EWOKIM,0,1,81,446,-0.15304,-0.06096,0.09208,8.3287,-0.202967,-0.15558,591.319412
EWOKOS,0,1,87,442,-0.16378,-0.06122,0.10256,9.8838,-0.214881,-0.17099,597.264276
EXEPOO,0,1,66,414,-0.21598,-0.09409,0.12189,11.4182,-0.146998,0.4446,445.191467
EXIQEH,0,1,57,296,-0.15423,-0.09961,0.05462,11.7825,-0.097642,0.18337,351.019713
EXIQOR,0,1,81,360,-0.15377,-0.09913,0.05464,12.103,-0.125307,0.18164,444.380884
EYEBOA,0,1,98,502,-0.16468,-0.05181,0.11287,7.4401,-0.253129,-0.83735,671.995122
EYIXEQ,0,1,54,274,-0.18823,-0.07705,0.11118,1.492,-0.09466,1.17773,324.353743
EZALOG,0,1,40,280,-0.19677,-0.12931,0.06746,7.4595,-0.090325,-0.78213,325.943837
EZODUT,0,1,57,336,-0.18377,-0.10499,0.07878,10.9695,-0.139293,-0.2043,397.615853
EZOFAB,0,1,83,412,-0.17724,-0.09754,0.0797,11.2162,-0.187253,-0.05972,511.311614
EZUWOL,0,1,97,364,-0.17707,-0.08128,0.09579,5.235,-0.179461,1.17871,500.175178
FAFGIE,0,1,83,364,-0.19409,-0.08792,0.10617,2.3308,-0.158021,1.19695,485.92469
FAFJOO,0,1,123,548,-0.18465,-0.08697,0.09768,0.0464,-0.237767,-0.16179,724.171977
FAMQUI,0,1,70,280,-0.16958,-0.05268,0.1169,7.2801,-0.155843,0.24297,400.06953
FAMRAP,0,1,90,350,-0.14488,-0.05653,0.08835,9.6732,-0.201013,0.44704,518.096465
FAMRET,0,1,69,280,-0.16326,-0.05583,0.10743,8.1721,-0.157219,0.25699,398.725089
FAMRUJ,0,1,114,414,-0.14246,-0.0572,0.08526,9.7631,-0.240609,0.43036,611.054773
FAMSAQ,0,1,90,454,-0.1585,-0.06447,0.09403,13.8762,-0.210933,0.43002,578.530551
FAMSIY,0,1,89,350,-0.14061,-0.06154,0.07907,10.7087,-0.205209,0.39924,516.602733
FAMYID,0,1,59,294,-0.19715,-0.11709,0.08006,11.2034,-0.129962,-0.10511,392.049462
FAMYOJ,0,1,54,304,-0.18424,-0.11039,0.07385,10.7553,-0.130313,-0.10711,392.790583
FAPCAC,0,1,73,326,-0.18006,-0.08959,0.09047,0.2752,-0.144317,1.26466,464.84798
FAPRIA,0,1,48,282,-0.17969,-0.07798,0.10171,0.8075,-0.089309,0.5481,326.220474
FAPROG,0,1,51,314,-0.18612,-0.08382,0.1023,2.466,-0.095039,0.5596,341.22928
FAPSEV,1,1,80,360,-0.30174,-0.17383,0.12791,5.15,-0.182448,-0.30007,483.225984
FAPSOF,0,1,53,256,-0.16807,-0.08927,0.0788,7.9816,-0.10255,-0.12896,306.786411
FAPSUL,1,1,68,328,-0.30851,-0.18235,0.12616,6.3204,-0.159637,-0.33297,437.007558
FAQQUM,0,1,41,258,-0.18491,-0.0818,0.10311,11.3443,-0.077378,0.37738,287.380017
FAQRAT,1,1,51,282,-0.30689,-0.18962,0.11727,3.5172,-0.094766,0.51861,331.254326
FAQREX,0,1,53,294,-0.16676,-0.08455,0.08221,11.6266,-0.095693,0.43452,356.323941
FARZIK,0,1,125,492,-0.17277,-0.10255,0.07022,0.4711,-0.249995,0.77598,717.658742
FASCUA,0,1,89,398,-0.17335,-0.10199,0.07136,0.0004,-0.177368,1.28934,573.42571
FATCEJ,-1,1,49,328,-0.08588,-0.00741,0.07847,0.0117,-0.106348,0.28023,400.769739
FAVXOS,0,1,72,378,-0.17534,-0.08554,0.0898,4.688,-0.166523,0.40896,484.476827
FAWFIT,0,1,31,236,-0.19108,-0.11397,0.07711,8.3443,-0.066136,-0.78513,255.593542
FAWYIM,0,1,35,196,-0.20371,-0.02122,0.18249,9.7857,-0.056556,0.13478,189.497188
FAXPUQ,1,1,33,220,-0.33272,-0.22416,0.10856,10.9553,-0.061073,-0.67966,249.061144
FEBGOJ,0,1,46,248,-0.20625,-0.10993,0.09632,10.3143,-0.090887,0.94903,303.791135
FEBGUP,0,1,52,264,-0.20862,-0.10756,0.10106,10.0632,-0.104547,0.96033,326.803317
FEBHAW,0,1,82,344,-0.21275,-0.10881,0.10394,9.7911,-0.166799,0.96959,443.219443
FEBHEA,0,1,58,280,-0.21025,-0.10932,0.10093,10.7278,-0.118144,0.964,349.920989
FEBRUZ,0,1,33,190,-0.19614,-0.06845,0.12769,14.1232,-0.065094,-0.24732,229.914267
FECTEP,0,1,40,300,-0.17727,-0.11064,0.06663,9.6171,-0.092626,-0.75723,348.428459
FECTIT,0,1,38,302,-0.17766,-0.11134,0.06632,9.2486,-0.0918,-0.75805,350.227402
FECTUF,0,1,42,308,-0.18438,-0.11457,0.06981,9.8253,-0.092872,-0.80193,357.604026
FECVAN,0,1,42,302,-0.18492,-0.10957,0.07535,10.0632,-0.095327,-0.80331,351.242901
FECVER,0,1,57,362,-0.18265,-0.10595,0.0767,11.584,-0.124509,-0.80251,442.811552
FEDDAV,1,1,74,414,-0.29763,-0.20461,0.09302,10.0764,-0.171468,0.36577,481.245656
FEDDEZ,1,1,78,394,-0.27866,-0.19432,0.08434,7.3176,-0.186152,0.3683,505.137695
FEDXIX,0,1,81,434,-0.1938,-0.13049,0.06331,14.4283,-0.137019,0.42718,511.933141
FEGJOR,0,1,55,260,-0.18942,-0.03911,0.15031,0.0131,-0.102442,-0.18434,312.033797
FEGVIX,0,1,53,286,-0.19355,-0.12577,0.06778,11.9022,-0.106034,0.33276,359.818972
FEGVOD,0,1,81,350,-0.2038,-0.13473,0.06907,11.9574,-0.176808,0.29729,465.738119
FEHKAG,0,1,70,428,-0.18537,-0.08015,0.10522,0.4612,-0.177626,0.24608,517.816347
FEJBIF,0,1,32,220,-0.21495,-0.08429,0.13066,5.9005,-0.063812,-1.07845,253.229285
FEKLAJ,0,1,84,420,-0.19169,-0.11035,0.08134,6.0789,-0.178384,1.27097,539.496592
FEKYUQ,0,1,79,372,-0.18284,-0.10747,0.07537,1.1635,-0.172306,1.26485,533.706537
FELGEL,0,1,69,366,-0.16171,-0.08018,0.08153,3.0906,-0.172278,0.02737,478.715938
FELGIP,0,1,68,366,-0.16576,-0.07301,0.09275,1.9025,-0.170489,0.07567,474.282828
FELLAL,1,1,91,404,-0.28177,-0.26714,0.01463,6.7601,-0.227741,0.38712,601.455616
FEMQET,0,1,91,356,-0.18848,-0.03351,0.15497,0.0096,-0.159792,-0.20004,451.965823
FEMWIE,1,1,61,328,-0.30326,-0.20569,0.09757,9.2458,-0.108203,-0.67699,419.267046
FEMZIJ,0,1,89,476,-0.16555,-0.10715,0.0584,0.0041,-0.214432,1.08692,570.16665
FEMZUV,0,1,157,766,-0.14088,-0.04749,0.09339,0.0647,-0.441429,-1.61204,1106.091796
FEPXEG,0,1,75,476,-0.18808,-0.08262,0.10546,3.9272,-0.160218,0.46791,493.5016
FEQYUY,0,1,129,618,-0.1906,-0.12572,0.06488,6.2238,-0.304332,-0.94355,841.114305
FERKOE,0,1,49,266,-0.16804,-0.06742,0.10062,3.5167,-0.087887,0.63521,285.598661
FERMAS,0,1,43,238,-0.19064,-0.08475,0.10589,11.3109,-0.073826,0.17739,245.104513
FERMEW,0,1,45,232,-0.16411,-0.01162,0.15249,8.8459,-0.074218,0.16349,247.790456
FERMIA,0,1,41,216,-0.17847,-0.02099,0.15748,8.8795,-0.076033,0.14215,231.35874
FERMOG,0,1,41,216,-0.17515,-0.01982,0.15533,9.5388,-0.069441,0.16685,231.350394
FESDAL,0,1,55,292,-0.17215,-0.06314,0.10901,2.1644,-0.110968,0.47242,348.020637
FESFAN,0,1,54,334,-0.19635,-0.07901,0.11734,6.0148,-0.119814,0.44066,361.75281
FESFER,0,1,67,372,-0.17689,-0.07377,0.10312,4.1886,-0.14928,0.44044,417.421282
FESFIV,0,1,67,372,-0.17763,-0.07426,0.10337,4.5774,-0.147655,0.43558,417.327477
FESFOB,0,1,67,372,-0.17762,-0.07421,0.10341,4.5637,-0.147676,0.43563,417.326815
FESFUH,0,1,67,372,-0.177,-0.07353,0.10347,4.311,-0.150565,0.43973,417.405012
FETROO,-1,1,26,188,-0.0766,0.06765,0.14425,13.4382,-0.047452,0.07628,192.699048
FEVYEL,0,1,47,306,-0.1853,-0.13678,0.04852,20.7443,-0.09308,0.18392,326.854533
FEWYUC,0,1,97,442,-0.16911,-0.0572,0.11191,1.3709,-0.181127,-1.02102,596.232824
FEYFIB,0,1,51,284,-0.20025,-0.0703,0.12995,8.828,-0.098462,0.17183,321.750539
FEYJAW,0,1,45,252,-0.1913,-0.07906,0.11224,3.382,-0.076906,0.57685,286.827189
FEYQAE,0,1,65,358,-0.17095,-0.12023,0.05072,10.5149,-0.149147,0.60488,442.997509
FEYTEK,0,1,77,388,-0.20325,-0.07291,0.13034,7.8193,-0.147175,0.47873,433.702936
FIBXIY,0,1,17,148,-0.20539,-0.02651,0.17888,10.2832,-0.023062,0.17631,120.089539
FIBXOE,0,1,37,218,-0.15375,-0.03694,0.11681,12.1963,-0.060659,0.33405,238.116728
FIDKAH,1,1,113,514,-0.2838,-0.13878,0.14502,0.4089,-0.306881,0.2052,765.067675
FIDNUB,0,1,113,474,-0.17015,-0.08103,0.08912,0.0006,-0.228136,1.26088,653.406299
FIFJUA,0,1,45,266,-0.18436,-0.12751,0.05685,6.9611,-0.078177,0.42703,313.797182
FIFKAH,0,1,51,330,-0.20294,-0.13842,0.06452,12.0252,-0.087397,0.42736,343.772064
FIFNIU,0,1,62,328,-0.17212,-0.07177,0.10035,1.2385,-0.139515,0.26217,408.386732
FIFNOA,0,1,59,328,-0.18727,-0.08016,0.10711,4.783,-0.133716,0.24185,397.791427
FIFNUG,1,1,61,318,-0.30811,-0.17597,0.13214,5.9945,-0.135156,0.22291,401.344133
FIHWAW,0,1,65,386,-0.16722,-0.09686,0.07036,8.2348,-0.1679,1.20915,467.428161
FILBAE,0,1,129,606,-0.16382,-0.08864,0.07518,8.9481,-0.364833,-1.42247,877.648193
FILDUB,0,1,59,344,-0.16328,-0.0768,0.08648,10.4308,-0.129906,-1.17385,395.107058
FILFIR,0,1,36,268,-0.18357,-0.08881,0.09476,9.3686,-0.076999,-0.97861,294.504248
FILHIS,0,1,119,496,-0.20056,-0.08359,0.11697,0.017,-0.233293,-0.18671,622.230643
FILLUJ,0,1,36,250,-0.18306,-0.08737,0.09569,9.1023,-0.075812,-0.93809,287.714008
FINCUB,0,1,173,766,-0.19106,-0.09396,0.0971,0.0001,-0.371066,1.27391,1125.95239
FIQCOY,0,1,34,224,-0.19258,-0.10191,0.09067,7.9282,-0.066009,0.39607,242.18883
FITTAE,0,1,42,242,-0.1604,-0.09053,0.06987,4.2493,-0.094253,-0.29949,290.146527
FIWLII,1,1,37,166,-0.34376,-0.14794,0.19582,0.0003,-0.05125,0.43203,198.22494
FOCFAG,0,1,48,328,-0.19453,-0.11552,0.07901,8.4465,-0.099906,-0.81805,355.337015
FOCFEK,0,1,41,264,-0.18364,-0.10158,0.08206,8.9185,-0.087793,-0.81833,320.699617
FOCFOU,0,1,45,286,-0.18429,-0.11797,0.06632,10.8582,-0.087219,-0.81791,343.17258
FODDOU,0,1,77,462,-0.20062,-0.09029,0.11033,7.7144,-0.16486,0.1026,471.814874
FOFXUW,0,1,74,378,-0.19712,-0.0923,0.10482,0.7604,-0.143182,0.60015,429.526077
FOFYAD,0,1,74,378,-0.1971,-0.09278,0.10432,0.8057,-0.142972,0.60133,429.503539
FOGGEP,0,1,73,284,-0.17869,-0.08686,0.09183,1.1455,-0.13008,0.75531,398.454282
FOKDAM,1,1,53,254,-0.32573,-0.174,0.15173,1.7403,-0.117159,0.42288,325.726668
FOKDER,0,1,86,418,-0.19904,-0.10256,0.09648,1.3623,-0.166538,0.63547,535.761697
FOKDIV,0,1,86,450,-0.20116,-0.10181,0.09935,1.292,-0.168294,0.67068,536.794126
FOKDOB,0,1,80,374,-0.19337,-0.09899,0.09438,2.5447,-0.161279,0.63135,499.373377
FOLCUG,0,1,133,644,-0.19103,-0.08394,0.10709,9.5238,-0.245541,0.45401,716.354943
FOLGUL,1,1,81,388,-0.27053,-0.15335,0.11718,7.206,-0.195865,0.12178,488.385615
FONLIF,0,1,69,388,-0.17539,-0.0979,0.07749,11.2663,-0.135362,0.39952,447.915417
FOPKOM,1,1,96,402,-0.28038,-0.17803,0.10235,5.2973,-0.225141,0.30768,576.088401
FOPNEG,0,1,46,298,-0.21492,-0.0863,0.12862,8.814,-0.103976,0.51404,320.566254
FOPNIK,1,1,59,330,-0.31999,-0.19122,0.12877,8.4311,-0.127924,0.63674,376.290713
FOPSOT,0,1,52,322,-0.17764,-0.06727,0.11037,3.6889,-0.115449,0.27178,353.351528
FOQGEX,0,1,71,356,-0.17975,-0.08806,0.09169,10.2622,-0.161244,0.33183,485.443732
FOQGOH,0,1,71,358,-0.20366,-0.08525,0.11841,9.7329,-0.136027,0.8998,480.341117
FOQHID,1,1,100,456,-0.26659,-0.15682,0.10977,5.2584,-0.260359,-0.17157,670.759001
FORGOL,0,1,60,318,-0.16629,-0.06136,0.10493,6.5889,-0.119506,0.37648,380.894716
FORGUR,0,1,51,294,-0.17082,-0.06286,0.10796,6.4631,-0.104237,0.38842,346.388633
FORNIL,0,1,42,218,-0.20944,-0.11415,0.09529,7.2869,-0.07986,-1.16664,272.589688
FORNOR,0,1,45,224,-0.20551,-0.09409,0.11142,3.8163,-0.080916,-0.92909,290.163818
FOSTEM,0,1,173,650,-0.18936,-0.18387,0.00549,2.6666,-0.328516,0.64209,894.759111
FOSWOA,0,1,45,264,-0.20099,-0.09331,0.10768,4.7067,-0.080394,0.58943,294.765128
FOSWUG,0,1,75,396,-0.18893,-0.0912,0.09773,5.7057,-0.156366,0.48422,489.057314
FOTBAT,1,1,57,296,-0.2851,-0.17463,0.11047,7.6517,-0.123591,0.37931,360.808693
FOVYUM,1,1,66,292,-0.28257,-0.17311,0.10946,6.6255,-0.140707,0.43506,417.234684
FOWGIJ,1,1,78,324,-0.26956,-0.16627,0.10329,6.376,-0.162763,0.46078,463.12087
FOXDAX,0,1,44,162,-0.15203,-0.03481,0.11722,4.9581,-0.071985,-0.23767,205.684587
FOZFAC,0,1,85,436,-0.17014,-0.0977,0.07244,5.2541,-0.216921,0.198,572.811926
FOZXUP,1,1,83,378,-0.28731,-0.14674,0.14057,3.248,-0.17399,0.45711,501.626607
FOZYAW,1,1,83,346,-0.28748,-0.14103,0.14645,2.0311,-0.153113,0.43309,455.213294
FUDSON,0,1,69,388,-0.18944,-0.07544,0.114,4.6757,-0.143999,0.48095,451.651611
FUGBAM,1,1,120,512,-0.26789,-0.16823,0.09966,4.8746,-0.292675,0.3439,752.060902
FUHRIL,1,1,101,428,-0.27296,-0.17029,0.10267,0.3629,-0.223328,0.2429,638.622985
FULBAR,0,1,105,438,-0.164,-0.09846,0.06554,12.8685,-0.241653,-0.66968,630.500877
FULBIZ,0,1,97,428,-0.16329,-0.04906,0.11423,7.8143,-0.228489,-0.66051,566.142956
FULTAJ,1,1,57,246,-0.33077,-0.15967,0.1711,0.6465,-0.092981,0.43329,323.166668
FUMZEU,0,1,79,382,-0.19888,-0.07652,0.12236,2.5928,-0.149754,1.2991,479.53438
FUNCIC,0,1,66,342,-0.15186,-0.09082,0.06104,10.4632,-0.15806,0.28884,462.723593
FUNCOI,1,1,99,426,-0.27878,-0.17799,0.10079,3.6828,-0.243721,0.27389,643.039011
FUPQIQ,0,1,69,368,-0.1957,-0.10496,0.09074,12.0877,-0.17352,1.19596,456.290618
FUPQOW,0,1,38,234,-0.22479,-0.09466,0.13013,1.397,-0.065737,1.15287,244.30917
FUSTEU,0,1,55,330,-0.19673,-0.1144,0.08233,2.6679,-0.111966,0.51113,386.662997
FUSTIY,0,1,49,286,-0.1935,-0.10438,0.08912,1.6806,-0.093704,0.5493,339.510577
FUSTOE,0,1,61,318,-0.18684,-0.10351,0.08333,1.394,-0.112069,0.54839,386.006671
FUVXAX,0,1,33,198,-0.2195,-0.09012,0.12938,11.0011,-0.058182,0.18093,216.17
FUWRUM,1,1,48,286,-0.31257,-0.21854,0.09403,9.7926,-0.096922,-0.62895,348.825205
FUXGAI,0,1,71,348,-0.18966,-0.10012,0.08954,6.8352,-0.113904,1.07703,407.439241
FUXGIQ,0,1,59,312,-0.20172,-0.10445,0.09727,10.3219,-0.101131,1.07875,373.355484
GABLAZ,1,1,98,432,-0.26831,-0.17071,0.0976,3.6642,-0.258928,0.37473,642.718272
GABMEE,1,1,105,454,-0.27109,-0.17377,0.09732,4.0875,-0.27329,0.3434,672.302672
GABSOT,0,1,125,540,-0.1533,-0.05884,0.09446,0.009,-0.231254,0.7937,707.889557
GABTUB,1,1,98,422,-0.27535,-0.17744,0.09791,4.7814,-0.24259,0.30752,621.176977
GABVAJ,1,1,101,430,-0.27475,-0.17129,0.10346,3.6283,-0.254384,0.32243,632.568194
GABVEN,1,1,94,408,-0.27473,-0.17402,0.10071,3.5259,-0.237187,0.29914,603.188372
GABWAK,1,1,101,430,-0.27509,-0.17722,0.09787,4.6235,-0.251217,0.31833,632.889736
GADFUO,0,1,51,252,-0.17366,-0.09634,0.07732,4.9851,-0.115992,0.89374,353.268526
GAFYAO,0,1,29,220,-0.26111,-0.21267,0.04844,0.0044,-0.069619,-0.05745,283.898959
GAJSEQ,1,1,149,686,-0.2689,-0.1272,0.1417,0.4585,-0.437635,-0.18451,958.516547
GAKDUT,1,1,49,294,-0.31208,-0.21996,0.09212,8.9448,-0.095188,-0.63429,354.140352
GANFEI,0,1,78,488,-0.18601,-0.10836,0.07765,11.506,-0.180852,-0.79512,599.964463
GANYAX,0,1,44,256,-0.18475,-0.08896,0.09579,8.8225,-0.085386,0.75476,305.778468
GAPJAI,0,1,173,606,-0.17479,-0.08685,0.08794,0.0623,-0.273697,1.26369,877.203784
GAQSEZ,0,1,93,460,-0.1817,-0.05159,0.13011,0.0044,-0.220109,-0.18014,629.102329
GAQXEE,0,1,111,480,-0.1824,-0.10309,0.07931,1.7203,-0.227641,-0.14244,586.838099
GAQXII,0,1,94,436,-0.20454,-0.10114,0.1034,2.2744,-0.197635,-0.14194,532.595765
GASFUD,0,1,26,248,-0.24182,-0.14058,0.10124,4.808,-0.050398,0.6614,206.438216
GASGAK,0,1,25,236,-0.23525,-0.11109,0.12416,9.1399,-0.047132,0.66161,193.397275
GAWLAT,0,1,56,432,-0.16275,-0.11235,0.0504,10.0672,-0.165508,-0.82908,506.85158
GAWLEX,0,1,56,414,-0.16164,-0.11171,0.04993,9.7076,-0.164751,-0.79693,500.13435
GAWTEF,0,1,199,760,-0.16203,-0.15517,0.00686,8.8036,-0.450888,1.21723,1041.01804
GAXLID,0,1,78,362,-0.17704,-0.09325,0.08379,14.6302,-0.144145,0.93997,483.512141
GAYBUG,0,1,112,636,-0.20806,-0.10915,0.09891,12.3704,-0.29741,0.43207,735.750519
GAYCAN,0,1,110,636,-0.21799,-0.12127,0.09672,11.671,-0.289508,0.43187,726.768104
GAYRIJ,0,1,56,272,-0.21112,-0.0847,0.12642,4.0674,-0.098372,0.97312,315.51394
GEBQEL,0,1,71,404,-0.18159,-0.07142,0.11017,3.406,-0.172821,0.4378,457.142484
GEBQIP,0,1,71,396,-0.17739,-0.07038,0.10701,4.2975,-0.170076,0.44002,456.752448
GEBQOV,0,1,71,364,-0.16702,-0.06279,0.10423,3.1704,-0.168297,0.43409,455.273739
GEBTEP,0,1,51,310,-0.16484,-0.11277,0.05207,11.2587,-0.108256,0.19688,378.03088
GEBTIT,0,1,63,362,-0.16272,-0.11152,0.0512,11.0435,-0.147653,0.19415,458.064099
GEFYEY,1,1,127,562,-0.26158,-0.13603,0.12555,1.9146,-0.345232,0.12,821.664599
GEGHIJ,0,1,56,302,-0.15255,-0.08757,0.06498,9.2892,-0.127539,0.27434,400.177786
GEGQUE,0,1,27,146,-0.24042,-0.08674,0.15368,10.832,-0.046621,0.94376,183.345206
GEGYOI,1,1,57,296,-0.28508,-0.17497,0.11011,7.6578,-0.123601,0.37933,360.806808
GEGYUO,1,1,57,296,-0.28523,-0.17517,0.11006,7.661,-0.123675,0.37858,360.805553
GEGZEZ,1,1,57,296,-0.28533,-0.17485,0.11048,7.6456,-0.123624,0.37832,360.809066
GEHWEY,0,1,69,316,-0.20115,-0.04656,0.15459,0.0052,-0.128078,-0.18905,392.428096
GEHWOI,0,1,69,316,-0.18852,-0.04651,0.14201,0.0058,-0.128723,-0.19097,392.450694
GEJTOH,0,1,38,242,-0.21376,-0.09413,0.11963,6.133,-0.07154,0.43493,261.314412
GEJTUN,0,1,38,242,-0.21386,-0.09415,0.11971,6.1382,-0.071533,0.43514,261.312825
GEJVID,0,1,38,242,-0.21393,-0.09415,0.11978,6.1554,-0.071525,0.43531,261.311566
GEMXAZ,1,1,86,464,-0.29466,-0.19714,0.09752,7.22,-0.207074,0.36039,562.824975
GEMXED,1,1,96,504,-0.292,-0.1932,0.0988,6.2524,-0.243455,0.35331,625.32668
GENZIK,1,1,91,444,-0.27226,-0.20655,0.06571,6.1788,-0.217789,0.39045,573.419553
GEPDAH,0,1,51,248,-0.1821,-0.05968,0.12242,4.5842,-0.093238,1.1824,331.23711
GEQXEG,0,1,37,202,-0.20544,-0.09939,0.10605,8.9242,-0.072651,0.94741,251.510637
GEQXIK,0,1,37,252,-0.21132,-0.08868,0.12264,7.6574,-0.073791,0.73545,259.120765
GEQXOQ,0,1,41,210,-0.20817,-0.09881,0.10936,8.2709,-0.085786,0.96165,267.494955
GEQXUW,0,1,41,260,-0.19794,-0.09123,0.10671,7.6588,-0.08624,0.7273,275.162015
GESHUJ,1,1,121,518,-0.26865,-0.17511,0.09354,1.5636,-0.291695,0.29347,781.934971
GETJUK,0,1,27,230,-0.19865,-0.14381,0.05484,14.2448,-0.058819,0.19347,235.078273
GETNEA,0,1,66,360,-0.18968,-0.11482,0.07486,7.1098,-0.135301,0.4706,383.491361
GETNIE,0,1,66,360,-0.19011,-0.11565,0.07446,7.2453,-0.138148,0.47373,383.67675
GETNOK,0,1,66,360,-0.19472,-0.11662,0.0781,9.914,-0.135884,0.47631,383.634362
GETNOL,1,1,75,418,-0.33876,-0.18484,0.15392,0.0023,-0.160047,0.43645,503.585174
GEVTAF,0,1,97,410,-0.17852,-0.09684,0.08168,4.4085,-0.174891,0.70499,516.360666
GEVXEK,0,1,55,250,-0.16982,-0.16202,0.0078,2.7313,-0.099255,1.17931,341.730619
GEYDOG,1,1,51,298,-0.29226,-0.22116,0.0711,5.19,-0.100491,0.54682,342.907774
GEYWEO,0,1,57,314,-0.16914,-0.07958,0.08956,22.5467,-0.118455,0.33859,341.353759
GEYWUE,0,1,61,318,-0.16984,-0.08087,0.08897,21.6252,-0.122727,0.33913,351.649343
GIBKAG,0,1,51,294,-0.18598,-0.07856,0.10742,3.4422,-0.113902,0.07907,356.947123
GIBKEK,0,1,57,294,-0.1856,-0.07355,0.11205,5.6614,-0.118855,0.14204,368.91316
GIBKIO,0,1,64,326,-0.18661,-0.072,0.11461,5.4771,-0.138147,0.14062,419.978172
GIDCIG,1,1,67,246,-0.312,-0.11993,0.19207,0.0014,-0.109398,0.38023,313.298502
GIDKEL,0,1,45,252,-0.16888,-0.06192,0.10696,0.0001,-0.072708,0.67654,266.596284
GIDKIP,0,1,45,252,-0.16497,-0.0649,0.10007,0.0009,-0.073091,0.6826,266.805399
GIDKOV,0,1,71,346,-0.17273,-0.06537,0.10736,1.3337,-0.123768,0.64042,374.778407
GIDKUB,0,1,71,346,-0.16664,-0.07304,0.0936,1.3137,-0.12276,0.64375,374.770826
GIDLAI,0,1,71,346,-0.17324,-0.06059,0.11265,0.6968,-0.126321,0.62479,374.954003
GIDLEM,0,1,71,346,-0.16705,-0.06559,0.10146,1.61,-0.128527,0.62629,374.721756
GIDLIQ,0,1,76,338,-0.17058,-0.0631,0.10748,0.2089,-0.127776,0.64861,389.554617
GIDLOW,0,1,76,338,-0.17366,-0.06288,0.11078,2.5865,-0.132393,0.64005,389.607193
GIDLUC,0,1,76,338,-0.16788,-0.06658,0.1013,0.5056,-0.136111,0.64722,389.724209
GIDMAJ,0,1,73,330,-0.17125,-0.06304,0.10821,0.564,-0.125423,0.64196,377.899595
GIDMEN,0,1,73,330,-0.16418,-0.07096,0.09322,2.0061,-0.124208,0.64367,377.882582
GIDMIR,0,1,73,330,-0.17252,-0.06293,0.10959,0.9861,-0.123459,0.64382,377.942778
GIDMOX,0,1,73,330,-0.16715,-0.06664,0.10051,0.2292,-0.128192,0.64919,378.095061
GIDMUD,0,1,70,322,-0.17273,-0.06177,0.11096,0.3955,-0.120582,0.63628,366.254347
GIFFOQ,0,1,85,366,-0.18011,-0.08002,0.10009,0.0016,-0.153503,0.66025,452.562829
GIGSUL,1,1,77,402,-0.27456,-0.17634,0.09822,9.4448,-0.193163,-0.32642,515.970673
GIGXIE,0,1,63,288,-0.1931,-0.08895,0.10415,4.4849,-0.133967,1.19284,403.399098
GIJDUZ,0,1,80,378,-0.16945,-0.07489,0.09456,2.08,-0.150445,0.57444,474.378318
GIJFAH,0,1,86,394,-0.1645,-0.07376,0.09074,1.6768,-0.158143,0.5743,497.459188
GIJFEL,0,1,58,290,-0.18872,-0.07624,0.11248,2.5901,-0.104523,0.57565,339.786092
GIJVED,0,1,73,418,-0.17932,-0.09143,0.08789,7.0093,-0.175363,0.4696,518.910341
GILWAA,0,1,197,744,-0.16395,-0.05062,0.11333,0.0041,-0.374029,-0.19563,1042.006932
GILWEE,0,1,177,704,-0.17635,-0.07879,0.09756,0.0044,-0.348391,-0.187,962.615818
GINGAN,0,1,62,316,-0.19842,-0.09258,0.10584,11.3535,-0.146991,1.24894,378.892789
GINSED,1,1,85,382,-0.29274,-0.19969,0.09305,4.2276,-0.174338,0.53141,497.979997
GINSIH,1,1,85,368,-0.26333,-0.15459,0.10874,2.618,-0.169666,0.42911,493.671873
GIPHOF,0,1,92,462,-0.19374,-0.07664,0.1171,5.724,-0.189258,0.44006,556.122521
GIPYEM,0,1,77,458,-0.17286,-0.08877,0.08409,3.59,-0.189331,0.47112,554.020313
GIQGIY,0,1,61,324,-0.16792,-0.06633,0.10159,3.5851,-0.131516,0.44101,392.642028
GIQGOE,0,1,61,332,-0.16852,-0.06743,0.10109,2.7155,-0.139534,0.43435,407.470545
GIQVAG,0,1,77,384,-0.17175,-0.13182,0.03993,2.7879,-0.15987,0.46742,486.785287
GIRJUN,1,1,122,516,-0.2759,-0.17232,0.10358,4.7207,-0.323194,0.33868,768.926396
GITZUG,1,1,78,380,-0.27704,-0.18931,0.08773,5.6147,-0.18851,0.33843,475.808104
GIVBUK,1,1,87,420,-0.27704,-0.19555,0.08149,4.4018,-0.20642,0.3426,533.914868
GIVSOV,0,1,42,350,-0.21784,-0.10345,0.11439,8.5013,-0.088568,0.59136,299.820869
GIWHEA,1,1,42,202,-0.32767,-0.15223,0.17544,7.7665,-0.07403,1.03815,252.715492
GIXZUL,0,1,69,404,-0.19953,-0.09761,0.10192,5.1217,-0.173866,-0.94021,512.535903
GIYBAU,0,1,89,456,-0.1973,-0.0973,0.1,5.2202,-0.212273,-0.94077,623.081415
GIYBIC,0,1,92,464,-0.17661,-0.092,0.08461,7.4332,-0.220218,-0.94123,626.757181
GIYBUO,0,1,69,378,-0.19829,-0.09689,0.1014,5.9651,-0.169653,-0.9321,494.079751
GIZKIJ,1,1,109,470,-0.26393,-0.16591,0.09802,0.9993,-0.277958,0.28361,688.277643
GOBSUL,0,1,173,634,-0.18839,-0.18269,0.0057,2.05,-0.324278,1.28684,883.253193
GODCOU,0,1,42,318,-0.21394,-0.11582,0.09812,10.5089,-0.101976,0.91687,358.956534
GODCUA,0,1,55,372,-0.20502,-0.12598,0.07904,10.0916,-0.125375,0.92893,439.467787
GOJCUG,0,1,79,346,-0.15369,-0.0907,0.06299,10.1394,-0.134749,0.73907,486.422898
GONGIC,0,1,153,580,-0.17521,-0.10447,0.07074,6.8547,-0.263185,0.74071,823.036151
GONHAS,0,1,83,372,-0.17396,-0.10944,0.06452,10.9133,-0.160588,0.7669,533.326308
GONHEW,0,1,79,358,-0.17618,-0.1084,0.06778,10.5277,-0.15427,0.77228,510.724336
GOPBUL,0,1,70,330,-0.18674,-0.09449,0.09225,13.0889,-0.135203,0.94167,450.473556
GOQHID,0,1,36,256,-0.18966,-0.11407,0.07559,9.6743,-0.077034,-0.7888,291.260781
GORFUQ,0,1,40,232,-0.18137,-0.09531,0.08606,10.4757,-0.07968,1.24052,258.215277
GORJOO,0,1,59,324,-0.20839,-0.11198,0.09641,9.1848,-0.130476,1.25151,387.75825
GORNUY,0,1,105,452,-0.19969,-0.08645,0.11324,11.247,-0.23715,0.47825,619.285383
GOSGOK,0,1,55,256,-0.19097,-0.12911,0.06186,15.2887,-0.106165,0.25323,351.000645
GOSHAX,0,1,23,192,-0.23908,-0.18171,0.05737,1.1343,-0.041992,0.22558,187.568501
GOSHEB,0,1,63,328,-0.18264,-0.13022,0.05242,16.0508,-0.101947,0.27882,370.391163
GOSHIF,0,1,39,248,-0.21569,-0.16149,0.0542,9.2841,-0.070353,0.23917,277.145386
GOWQOY,0,1,37,182,-0.20159,-0.0638,0.13779,6.8946,-0.059013,1.16351,216.400643
GOWQUE,0,1,25,154,-0.21929,-0.08043,0.13886,9.8082,-0.046043,0.94014,181.788199
GOWRAL,0,1,53,250,-0.17145,-0.07194,0.09951,8.2774,-0.113276,0.91553,345.47369
GOWRIT,0,1,48,230,-0.18504,-0.05556,0.12948,4.4211,-0.089562,1.16654,284.239501
GOWROZ,0,1,36,202,-0.19889,-0.06727,0.13162,8.0838,-0.073051,0.94975,248.749064
GOXYEZ,0,1,67,344,-0.17251,-0.0828,0.08971,2.7246,-0.146333,0.45547,427.871024
GOYCOM,0,1,109,472,-0.16491,-0.04503,0.11988,4.3719,-0.280235,-0.83756,684.842789
GOYCUS,0,1,106,468,-0.16996,-0.04553,0.12443,4.5572,-0.276992,-0.83206,680.887918
GOYDAZ,0,1,114,490,-0.16243,-0.0443,0.11813,4.2744,-0.296685,-0.82853,719.706222
GOYLIP,0,1,61,258,-0.22824,-0.10478,0.12346,9.3147,-0.113375,0.92289,321.568511
GOYTAR,0,1,49,270,-0.18327,-0.0686,0.11467,2.6642,-0.095013,0.21534,308.934066
GUDCEN,0,1,31,216,-0.18784,-0.08289,0.10495,4.9051,-0.062166,0.42951,230.382501
GUFKID,0,1,40,256,-0.19974,-0.08556,0.11418,3.931,-0.080998,0.23954,272.291423
GUFRUU,0,1,106,460,-0.16605,-0.04848,0.11757,5.9797,-0.253692,-0.84575,673.565616
GUFSAB,0,1,94,420,-0.16128,-0.04927,0.11201,5.7811,-0.232739,-0.84663,611.769291
GUFTEG,0,1,104,484,-0.19197,-0.12164,0.07033,11.6103,-0.288329,-0.81469,689.878704
GUGJOJ,0,1,77,366,-0.1942,-0.05834,0.13586,4.5206,-0.152885,0.45827,452.568113
GUKHUR,0,1,78,344,-0.19402,-0.06942,0.1246,8.38,-0.156437,0.12374,405.109403
GULRAI,0,1,74,362,-0.18072,-0.07367,0.10705,7.2321,-0.160764,-0.46372,449.497511
GUMWUH,1,1,51,276,-0.2503,-0.21414,0.03616,4.4118,-0.091412,0.60426,325.205491
GUPGEF,0,1,101,506,-0.16325,-0.0891,0.07415,3.8724,-0.231708,0.65088,645.045909
GURKOU,0,1,75,410,-0.21094,-0.0957,0.11524,0.0006,-0.169053,0.68666,506.135463
GURKUA,0,1,75,446,-0.21739,-0.09591,0.12148,0.0031,-0.171281,0.58962,519.272033
GUSRIW,0,1,106,514,-0.18604,-0.05361,0.13243,5.9403,-0.301894,0.21764,753.404846
GUSXOH,0,1,34,236,-0.19564,-0.10243,0.09321,10.5855,-0.066064,-1.17139,260.250546
GUSXUN,0,1,41,278,-0.19792,-0.08723,0.11069,3.7364,-0.081187,-0.9315,316.32619
GUTNEO,1,1,72,312,-0.26506,-0.19509,0.06997,3.3192,-0.149248,0.10909,371.078158
GUWNIX,0,1,99,372,-0.17534,-0.07759,0.09775,0.0655,-0.202325,1.10848,528.567342
GUWNOD,0,1,123,436,-0.16935,-0.07322,0.09613,0.084,-0.242053,1.1018,621.636552
GUWNUJ,0,1,76,286,-0.18265,-0.08438,0.09827,1.2314,-0.129304,1.18249,388.406557
GUZKER,0,1,25,186,-0.23648,-0.1308,0.10568,15.9056,-0.046649,0.3197,187.021086
GUZPUN,0,1,91,382,-0.17967,-0.09196,0.08771,3.0046,-0.181635,0.79299,546.526715
HABFEX,0,1,74,352,-0.18296,-0.08755,0.09541,4.6071,-0.134891,0.54626,431.95281
HABGOJ,0,1,69,352,-0.16387,-0.07569,0.08818,5.2182,-0.150976,0.36385,437.557202
HABGUP,1,1,70,352,-0.27638,-0.20711,0.06927,8.4558,-0.149248,0.35996,435.272835
HACCIZ,0,1,61,284,-0.19191,-0.15148,0.04043,14.0163,-0.09872,0.84908,346.025238
HACDAS,0,1,141,494,-0.17395,-0.07855,0.0954,0.0768,-0.249011,1.26473,705.108301
HACDIA,0,1,141,526,-0.18309,-0.08703,0.09606,0.0004,-0.252361,1.26712,706.528015
HACDOG,0,1,141,574,-0.18836,-0.09537,0.09299,0.0003,-0.253918,1.27259,711.419296
HACDUM,0,1,157,558,-0.17169,-0.07613,0.09556,0.0009,-0.271893,1.26439,770.928419
HACFEY,0,1,157,554,-0.17273,-0.07731,0.09542,0.0006,-0.277964,1.26392,783.063224
HACFID,1,1,74,406,-0.29267,-0.2072,0.08547,11.9595,-0.174156,0.37724,477.99291
HACFUP,0,1,70,398,-0.18704,-0.0891,0.09794,4.7305,-0.164529,0.39972,467.845806
HAFXIY,0,1,38,236,-0.18552,-0.09655,0.08897,14.2269,-0.060648,0.32955,237.341398
HAHPAI,0,1,139,626,-0.12286,-0.11971,0.00315,0.201,-0.307926,-0.18193,834.963198
HAHPEM,0,1,139,626,-0.12155,-0.11881,0.00274,0.9452,-0.301701,-0.17547,834.79369
HAHROX,0,1,36,234,-0.19887,-0.09562,0.10325,12.5219,-0.063252,0.20419,247.156915
HAKHEG,0,1,29,208,-0.21284,-0.08924,0.1236,13.7049,-0.059742,0.14124,203.511782
HAKHIK,0,1,37,234,-0.20951,-0.08214,0.12737,9.7628,-0.066785,0.17086,232.143002
HALTIX,0,1,77,350,-0.18106,-0.09153,0.08953,0.0008,-0.158731,1.26443,504.405733
HALVAR,0,1,77,350,-0.18108,-0.09153,0.08955,0.0018,-0.158718,1.26439,504.406721
HALVEV,0,1,77,350,-0.18107,-0.09154,0.08953,0.0001,-0.158726,1.2644,504.405775
HALVIZ,0,1,77,350,-0.18112,-0.09154,0.08958,0.0005,-0.158706,1.26429,504.406121
HALVUL,0,1,77,350,-0.18098,-0.09164,0.08934,0.0002,-0.158754,1.26459,504.405743
HALWIA,0,1,77,350,-0.18104,-0.09154,0.0895,0.0007,-0.158736,1.26445,504.405583
HAMBOM,0,1,77,350,-0.18227,-0.09131,0.09096,0.0,-0.158277,1.26257,504.420032
HAMBUS,0,1,77,350,-0.18104,-0.09155,0.08949,0.0012,-0.158735,1.26445,504.40536
HAMCAZ,0,1,77,350,-0.181,-0.09158,0.08942,0.0021,-0.15875,1.26455,504.405152
HAMCED,0,1,77,350,-0.18109,-0.09153,0.08956,0.0004,-0.158718,1.26438,504.406264
HAMCON,0,1,77,350,-0.18103,-0.09154,0.08949,0.0,-0.158738,1.26445,504.404853
HAMCUT,0,1,77,350,-0.18109,-0.0915,0.08959,0.0001,-0.158715,1.26435,504.406166
HAMDEE,0,1,77,350,-0.18102,-0.09158,0.08944,0.0002,-0.158746,1.2645,504.404959
HAMDUU,0,1,77,350,-0.18103,-0.09157,0.08946,0.0003,-0.158743,1.2645,504.405307
HAMFEG,0,1,77,350,-0.18101,-0.09158,0.08943,0.0001,-0.158748,1.2645,504.404749
HAMFIK,0,1,77,350,-0.18103,-0.09155,0.08948,0.0003,-0.158745,1.26446,504.404533
HAMGAD,0,1,77,350,-0.18104,-0.09154,0.0895,0.0007,-0.158741,1.26443,504.404503
HAMGEH,0,1,77,350,-0.18115,-0.09155,0.0896,0.0006,-0.158692,1.26424,504.407137
HAMGIL,0,1,77,350,-0.18108,-0.09153,0.08955,0.0002,-0.158725,1.26439,504.406032
HAMHUY,0,1,77,350,-0.18106,-0.09154,0.08952,0.0005,-0.158729,1.26442,504.405838
HAMJEK,0,1,77,350,-0.18111,-0.09153,0.08958,0.0001,-0.158709,1.26434,504.406566
HAMJOU,0,1,75,348,-0.17134,-0.16747,0.00387,0.1181,-0.156986,1.26491,499.544792
HAMKAH,0,1,77,350,-0.18106,-0.09155,0.08951,0.0001,-0.158728,1.26441,504.405724
HAMKEL,0,1,77,350,-0.18101,-0.09156,0.08945,0.0001,-0.158746,1.26451,504.405164
HAMKOV,0,1,77,350,-0.18078,-0.0916,0.08918,0.0202,-0.158777,1.26439,504.404561
HAMKUB,0,1,77,350,-0.18103,-0.09155,0.08948,0.0002,-0.158741,1.26449,504.405234
HAMLEM,0,1,77,350,-0.18105,-0.09153,0.08952,0.0006,-0.158734,1.26442,504.405174
HAMMOX,0,1,77,350,-0.18102,-0.09156,0.08946,0.0003,-0.158746,1.2645,504.404988
HAPSOJ,0,1,58,320,-0.20977,-0.08998,0.11979,7.58,-0.100169,0.60026,327.364741
HAQHOW,1,1,143,616,-0.26232,-0.20332,0.059,4.7284,-0.41119,-1.50676,922.321407
HARKOC,0,1,32,214,-0.21251,-0.06332,0.14919,8.5109,-0.056034,0.17461,218.013046
HASLAQ,0,1,28,226,-0.17885,-0.17197,0.00688,32.6007,-0.050486,0.91029,220.56037
HASMEW,1,1,41,272,-0.32633,-0.2312,0.09513,3.6713,-0.081268,0.55228,287.53992
HATLAR,1,1,93,338,-0.30883,-0.12694,0.18189,16.7704,-0.125207,0.43259,429.766219
HAVBOW,0,1,51,248,-0.18238,-0.05964,0.12274,4.8064,-0.093076,1.182,331.24574
HAVBUC,0,1,55,264,-0.17019,-0.04331,0.12688,1.8208,-0.099031,1.18156,349.27031
HAVFIV,-1,1,42,280,-0.06432,0.01141,0.07573,8.6408,-0.083057,-0.76816,323.307164
HAVFOB,0,1,75,400,-0.19687,-0.09881,0.09806,4.7969,-0.181462,-0.94325,523.45811
HAVFUH,0,1,69,370,-0.19565,-0.09439,0.10126,6.3944,-0.169332,-0.93187,493.769317
HAVGAO,0,1,73,386,-0.1931,-0.0904,0.1027,6.045,-0.175425,-0.93888,510.263901
HAVGES,0,1,78,394,-0.19286,-0.09118,0.10168,5.758,-0.18745,-0.94481,528.446682
HAVGIW,0,1,91,458,-0.18394,-0.09183,0.09211,6.7405,-0.217086,-0.93748,628.411116
HAVGOC,0,1,81,376,-0.20271,-0.10237,0.10034,4.6158,-0.158909,-0.95529,475.271523
HAVGUI,0,1,107,524,-0.17923,-0.08899,0.09024,2.3695,-0.27727,-1.00761,727.281399
HAVHAP,0,1,101,494,-0.17717,-0.08389,0.09328,3.7219,-0.269414,-1.01014,697.640621
HAVHET,0,1,105,510,-0.17555,-0.08138,0.09417,4.5146,-0.274505,-1.00922,714.096772
HAVHOD,0,1,123,582,-0.17545,-0.08366,0.09179,4.5378,-0.315939,-1.00905,832.239621
HAVHUJ,0,1,113,500,-0.17672,-0.0925,0.08422,3.4848,-0.256004,-1.01423,679.038478
HAVNOK,0,1,82,364,-0.19329,-0.07334,0.11995,6.5912,-0.118743,0.58067,431.823172
HAVNUQ,0,1,86,380,-0.18152,-0.07122,0.1103,2.1389,-0.130692,0.57108,458.25009
HAVPEC,1,1,73,366,-0.28057,-0.17133,0.10924,7.8004,-0.168648,0.11138,473.355004
HAVPIG,1,1,76,378,-0.30218,-0.17412,0.12806,10.5923,-0.172084,0.11682,474.698477
HAVTOQ,0,1,31,250,-0.19239,-0.09139,0.101,2.5846,-0.065651,0.43387,249.160241
HAWFOC,1,1,83,372,-0.28173,-0.18947,0.09226,1.6956,-0.192427,0.29101,543.914053
HAWTEG,0,1,23,212,-0.1678,-0.09507,0.07273,8.4599,-0.054022,0.39448,233.090485
HAXFAQ,1,1,79,314,-0.27709,-0.15331,0.12378,4.814,-0.162343,0.53512,453.508798
HAXFEU,1,1,80,324,-0.26843,-0.14433,0.1241,5.5114,-0.163391,0.47267,476.552044
HAXFOE,0,1,102,432,-0.1686,-0.08802,0.08058,10.4933,-0.205646,0.20339,551.622371
HAXQUT,0,1,109,470,-0.17117,-0.08487,0.0863,0.0009,-0.20114,1.26353,660.307834
HAYNAX,1,1,31,216,-0.33574,-0.23696,0.09878,8.0056,-0.061635,0.55549,223.943471
HAYYEL,0,1,49,288,-0.18704,-0.10293,0.08411,16.5635,-0.086201,0.33499,293.125071
HAZFAR,0,1,52,274,-0.21058,-0.07209,0.13849,7.5415,-0.092287,0.17931,309.325991
HAZHOH,0,1,52,276,-0.20108,-0.09846,0.10262,7.5666,-0.110788,0.21009,367.121633
HECMUA,0,1,76,392,-0.15073,-0.08874,0.06199,9.2675,-0.198985,0.28766,537.383719
HECXES,1,1,43,268,-0.33448,-0.23125,0.10323,7.3328,-0.092551,0.81333,303.294488
HEDKAF,1,1,95,414,-0.27526,-0.17932,0.09594,5.1757,-0.233044,0.28785,609.731105
HEDYAT,1,1,95,414,-0.27449,-0.17816,0.09633,5.0914,-0.234107,0.29627,609.735807
HEHGIN,0,1,31,216,-0.21296,-0.04148,0.17148,9.2453,-0.050669,0.17125,210.143201
HEHGOT,0,1,33,250,-0.2239,-0.09714,0.12676,10.3747,-0.07264,0.43316,239.292398
HELMAP,1,1,53,250,-0.27031,-0.18872,0.08159,5.6497,-0.105041,-0.10235,328.45395
HELPAS,1,1,71,326,-0.26898,-0.20442,0.06456,3.7571,-0.129705,-0.09929,411.238823
HENZEI,0,1,86,438,-0.2042,-0.08906,0.11514,0.8571,-0.206521,-0.11911,596.44649
HEQCIS,0,1,59,304,-0.15177,-0.0958,0.05597,8.7495,-0.138266,0.30074,409.816809
HEQPEY,1,1,115,536,-0.28323,-0.19795,0.08528,4.443,-0.310317,0.30246,778.708789
HERVIM,0,1,85,392,-0.17189,-0.08183,0.09006,1.5629,-0.177018,0.48218,497.921735
HERXOS,0,1,53,282,-0.18737,-0.08851,0.09886,5.3348,-0.086297,0.57642,325.8817
HERYAF,0,1,63,306,-0.17749,-0.08044,0.09705,9.039,-0.101551,0.57213,365.363187
HERYEJ,0,1,51,288,-0.19856,-0.12321,0.07535,3.8356,-0.085913,0.58903,323.272241
HETCUE,0,1,133,550,-0.17726,-0.08461,0.09265,0.0468,-0.256406,1.2714,703.191346
HETDAL,0,1,73,284,-0.17321,-0.08558,0.08763,0.0927,-0.134466,0.71187,398.51144
HEWDAO,0,1,85,316,-0.16996,-0.07992,0.09004,0.31,-0.154286,0.7216,444.580149
HEXNOP,0,1,44,286,-0.2095,-0.11707,0.09243,9.4125,-0.09449,-0.64985,337.60973
HEXNUV,1,1,57,318,-0.32335,-0.21706,0.10629,9.2836,-0.110095,-0.63482,381.612414
HEYZUI,0,1,57,300,-0.18569,-0.0424,0.14329,3.4294,-0.114437,0.15933,350.616687
HIBPEP,0,1,70,348,-0.16664,-0.06667,0.09997,3.061,-0.153711,0.43493,427.524858
HICLAG,0,1,148,664,-0.19414,-0.10458,0.08956,2.4174,-0.378368,0.79857,891.181026
HICMEN,0,1,65,302,-0.1552,-0.0398,0.1154,0.146,-0.122235,-0.41663,378.056723
HIDFOR,0,1,61,348,-0.17819,-0.07504,0.10315,2.0715,-0.136089,0.46719,422.305705
HIDKUB,0,1,149,604,-0.19178,-0.06448,0.1273,0.0144,-0.315812,-0.21093,797.449624
HIDLAI,0,1,137,652,-0.18441,-0.06306,0.12135,0.009,-0.34855,-0.17454,893.897826
HIFJAJ,0,1,89,480,-0.20076,-0.11132,0.08944,5.6125,-0.174781,1.15046,558.640586
HIGPUK,0,1,63,348,-0.1737,-0.08599,0.08771,2.3777,-0.144746,0.2839,433.852808
HIGQOF,1,1,95,472,-0.27966,-0.22048,0.05918,6.9876,-0.226925,0.39448,599.887918
HIHPAR,0,1,127,460,-0.17466,-0.07137,0.10329,0.0201,-0.169545,0.66517,583.410022
HIHPEV,0,1,115,428,-0.17448,-0.07101,0.10347,0.0005,-0.158132,0.65969,536.728092
HIJHAL,0,1,91,466,-0.15403,-0.05593,0.0981,6.5748,-0.244673,-0.12002,635.834603
HIJHEP,0,1,91,434,-0.14588,-0.05805,0.08783,8.3854,-0.233347,0.1558,636.756411
HIJHIT,0,1,91,416,-0.14656,-0.05377,0.09279,6.5779,-0.242083,-0.10776,631.565529
HIJPAT,1,1,99,446,-0.30458,-0.14397,0.16061,0.0008,-0.20786,0.45201,604.956402
HIJQUP,1,1,113,462,-0.26912,-0.17613,0.09299,5.5331,-0.285212,0.39384,678.787462
HIMFEP,0,1,133,634,-0.1806,-0.0623,0.1183,7.9906,-0.273682,-0.15069,878.872877
HIMGAO,0,1,92,698,-0.20699,-0.10624,0.10075,4.3099,-0.172556,-1.13064,667.741032
HIPXEK,0,1,44,264,-0.19084,-0.0998,0.09104,9.9738,-0.088598,0.39137,304.774482
HIQBEO,0,1,55,280,-0.20401,-0.10874,0.09527,7.2625,-0.11032,1.18533,351.413391
HIQBIS,0,1,59,268,-0.18446,-0.07554,0.10892,4.9258,-0.102578,1.17334,356.410903
HIQDAO,0,1,97,460,-0.16876,-0.10554,0.06322,12.6424,-0.259355,-1.1687,636.771923
HIRMON,0,1,74,376,-0.18263,-0.07521,0.10742,0.9531,-0.166471,0.16341,499.573498
HIRWOU,1,1,73,356,-0.26107,-0.1832,0.07787,5.6011,-0.169991,-0.3168,498.595856
HISLOM,1,1,73,398,-0.29845,-0.20266,0.09579,10.7158,-0.16608,0.36027,453.44815
HITGAU,0,1,60,304,-0.17182,-0.09667,0.07515,9.92,-0.11163,0.44483,370.569877
HITGIC,0,1,60,304,-0.17175,-0.09668,0.07507,9.9254,-0.111628,0.44476,370.569986
HIVPOS,0,1,32,202,-0.19626,-0.10839,0.08787,8.5881,-0.065733,0.91434,242.723664
HIVVAL,0,1,79,434,-0.20738,-0.10339,0.10399,6.0079,-0.187922,0.77577,494.210102
HIVZAQ,0,1,77,372,-0.19016,-0.09602,0.09414,0.0017,-0.134649,0.65298,452.755597
HIWJED,0,1,43,286,-0.21709,-0.03817,0.17892,6.0132,-0.066695,0.78552,293.784129
HIWJIH,0,1,83,418,-0.19745,-0.02598,0.17147,0.0018,-0.156656,0.79446,493.801101
HIWJON,0,1,43,286,-0.2129,-0.04149,0.17141,6.0473,-0.077155,0.7535,293.770402
HIXLOS,-1,1,27,200,-0.09352,0.03492,0.12844,15.408,-0.050921,0.08738,205.221497
HOBGIO,0,1,77,338,-0.18231,-0.08976,0.09255,2.7426,-0.148282,1.2656,463.801274
HOCMET,0,1,57,318,-0.19593,-0.07979,0.11614,5.089,-0.127018,0.27555,391.564593
HOGJAO,0,1,119,430,-0.15434,-0.10627,0.04807,0.6906,-0.236042,0.62541,617.328014
HOGNAU,0,1,79,384,-0.20396,-0.10224,0.10172,6.1863,-0.186948,0.95121,486.687286
HOHKOF,0,1,81,390,-0.17135,-0.08934,0.08201,0.3924,-0.182487,0.64762,550.872305
HOHKUL,0,1,221,902,-0.16996,-0.0908,0.07916,0.1446,-0.397475,0.64658,1193.323462
HOHMUP,0,1,63,350,-0.15538,-0.1211,0.03428,11.1366,-0.131035,-0.06901,454.079957
HOHQEB,1,1,48,246,-0.27876,-0.1929,0.08586,4.8639,-0.099793,-0.00572,310.924194
HOHQUT,0,1,59,306,-0.16845,-0.12438,0.04407,13.1998,-0.113768,-0.06483,396.771971
HOJDOZ,0,1,77,392,-0.19183,-0.10881,0.08302,11.4048,-0.144982,0.35287,469.717457
HOKJAU,0,1,39,252,-0.21286,-0.05781,0.15505,6.4046,-0.082494,0.14533,247.416737
HOKLUQ,0,1,32,272,-0.19653,-0.12228,0.07425,6.9834,-0.070204,-0.7823,304.057191
HONNAB,0,1,85,408,-0.15555,-0.11008,0.04547,15.8488,-0.156152,0.71618,468.851127
HONWAK,0,1,86,426,-0.16313,-0.09545,0.06768,8.534,-0.224956,0.16983,595.721806
HORJAB,0,1,99,480,-0.17892,-0.098,0.08092,3.3205,-0.190356,0.47612,625.156741
HOVPEP,0,1,133,548,-0.19095,-0.08173,0.10922,3.3193,-0.283843,0.18799,708.537333
HOWVEV,0,1,29,214,-0.17875,-0.1171,0.06165,14.6728,-0.056584,0.62867,213.929574
HOWVIZ,0,1,27,202,-0.17957,-0.11985,0.05972,14.3184,-0.049915,0.6339,196.569803
HOWWAS,0,1,43,276,-0.20659,-0.11316,0.09343,11.2477,-0.088072,1.0393,276.034162
HOWWEW,0,1,43,266,-0.20246,-0.10008,0.10238,0.0057,-0.084293,1.02133,263.435691
HUBCUD,0,1,46,280,-0.20512,-0.10353,0.10159,9.0274,-0.08998,0.72205,306.102288
HUBDAK,0,1,52,296,-0.20558,-0.10099,0.10459,8.9881,-0.103611,0.7047,329.178672
HUBDEO,0,1,82,376,-0.2063,-0.10175,0.10455,8.8429,-0.166285,0.70465,445.738314
HUBDIS,0,1,58,312,-0.20412,-0.10175,0.10237,9.6552,-0.117283,0.71679,352.367642
HUBDOY,0,1,52,296,-0.20163,-0.09969,0.10194,8.0446,-0.09828,0.69113,329.100203
HUBDUE,0,1,64,328,-0.19808,-0.09986,0.09822,9.026,-0.125225,0.71726,375.441291
HUFPEF,0,1,58,322,-0.19914,-0.10522,0.09392,4.0216,-0.10555,0.1574,351.966318
HUJGOK,0,1,45,292,-0.17178,-0.12207,0.04971,9.1258,-0.084858,0.21379,317.73363
HUJZOD,0,1,61,298,-0.17314,-0.0616,0.11154,2.3443,-0.107994,0.61258,331.201997
HULSAI,1,1,85,430,-0.24525,-0.18517,0.06008,10.0564,-0.229949,-0.2016,598.840445
HUMCOJ,0,1,32,192,-0.20783,-0.0983,0.10953,13.7728,-0.067397,0.90821,227.675494
HUPDOL,0,1,125,636,-0.19418,-0.10655,0.08763,0.0026,-0.272885,0.72502,708.742307
HUPMUA,0,1,225,760,-0.17517,-0.05239,0.12278,0.0014,-0.383958,-0.19133,1052.775921
HUPTET,0,1,83,428,-0.19196,-0.08345,0.10851,6.6145,-0.189545,0.40507,504.319071
HUPYEX,0,1,113,502,-0.19112,-0.10208,0.08904,0.0006,-0.205569,1.26664,669.422675
HUPYOH,0,1,113,500,-0.19385,-0.10084,0.09301,0.0022,-0.207821,0.80723,674.233811
HUQXIC,0,1,42,274,-0.20042,-0.10865,0.09177,9.2245,-0.083832,-0.65773,320.37276
HUQXUO,0,1,50,312,-0.20402,-0.10744,0.09658,9.5199,-0.113065,-0.64773,377.592453
HUSHIM,1,1,81,360,-0.26822,-0.20995,0.05827,9.7339,-0.140945,0.59656,449.49619
HUTMEO,0,1,105,472,-0.1707,-0.08639,0.08431,2.6414,-0.251575,1.27261,674.917298
HUTVUO,0,1,52,326,-0.1824,-0.06302,0.11938,8.8442,-0.118709,-0.81295,375.457476
HUTWEZ,1,1,51,290,-0.31719,-0.18027,0.13692,9.3226,-0.110557,-0.63613,350.076198
HUTWID,0,1,50,290,-0.16366,-0.05101,0.11265,6.4832,-0.103733,-0.65986,352.741485
HUVKOZ,0,1,117,460,-0.18916,-0.07749,0.11167,1.9906,-0.242213,1.16781,666.584342
HUWLIV,1,1,43,198,-0.29338,-0.20374,0.08964,6.8025,-0.066533,0.55483,256.140233
HUWLOC,0,1,54,330,-0.18683,-0.10751,0.07932,11.7791,-0.098919,-0.78821,372.751343
HUYYAD,1,1,91,398,-0.28446,-0.17875,0.10571,4.2817,-0.226208,0.26052,597.767302
IBIZUP,0,1,135,520,-0.17519,-0.06734,0.10785,0.0086,-0.23533,-0.19187,711.993696
IBUFES,0,1,91,394,-0.16421,-0.05018,0.11403,4.0992,-0.228359,0.2976,596.905297
IBUGET,0,1,85,386,-0.15451,-0.05792,0.09659,5.795,-0.209443,0.31987,569.126321
IBUGIX,0,1,96,426,-0.15342,-0.05666,0.09676,5.9139,-0.243595,0.31439,636.473356
ICEGII,0,1,49,270,-0.19138,-0.14533,0.04605,20.2557,-0.102739,-0.07219,362.748685
ICEGOO,0,1,49,288,-0.1887,-0.14519,0.04351,20.936,-0.105454,-0.14604,369.213148
ICEGUU,0,1,49,320,-0.1899,-0.14337,0.04653,20.4488,-0.106606,-0.17975,370.461052
ICOJOB,0,1,69,338,-0.19169,-0.09331,0.09838,4.9599,-0.144412,0.47397,385.922048
ICOKAO,0,1,71,348,-0.19054,-0.09599,0.09455,8.3742,-0.149376,0.47671,391.04967
ICOLIX,0,1,113,460,-0.15449,-0.04567,0.10882,5.6457,-0.268159,-0.65814,686.589149
ICOLOD,0,1,113,460,-0.14684,-0.04208,0.10476,5.557,-0.271018,-0.56902,686.618493
ICUHOG,0,1,89,388,-0.15533,-0.03961,0.11572,7.9577,-0.219947,0.2465,574.369765
ICUHUM,0,1,83,408,-0.1565,-0.04346,0.11304,9.274,-0.215597,0.22307,569.39081
ICUJAU,0,1,82,414,-0.14923,-0.04591,0.10332,10.0325,-0.215454,0.20471,568.93749
ICUJEY,0,1,88,430,-0.14823,-0.04283,0.1054,10.628,-0.223953,0.17519,592.643418
IDAMEH,1,1,45,204,-0.31683,-0.14105,0.17578,2.1466,-0.079609,0.47134,255.30969
IDOPOH,0,1,86,386,-0.1672,-0.0888,0.0784,5.9378,-0.21429,0.21015,566.3095
IDUCEP,0,1,46,260,-0.17194,-0.10403,0.06791,8.1483,-0.084218,0.44778,311.192473
IDUCIT,0,1,45,264,-0.17519,-0.10887,0.06632,9.5819,-0.082554,0.44936,317.597903
IFIQAR,0,1,45,314,-0.21202,-0.04814,0.16388,10.5141,-0.090523,0.18833,306.534658
IFIWOK,0,1,63,288,-0.19877,-0.04861,0.15016,7.2456,-0.105668,0.94459,385.155187
IFIWUQ,0,1,63,360,-0.19969,-0.04917,0.15052,7.2441,-0.110701,0.84795,422.051814
IFUJAW,0,1,39,242,-0.20817,-0.10588,0.10229,9.9397,-0.06365,0.165,258.750893
IFUJOK,0,1,46,274,-0.2036,-0.10796,0.09564,8.8962,-0.079884,0.17345,309.789028
IGEZEB,0,1,111,638,-0.21102,-0.08476,0.12626,14.0194,-0.296097,-0.06444,728.599399
IGOBAI,0,1,69,388,-0.1895,-0.07534,0.11416,4.6622,-0.144018,0.48124,451.656591
IGOCAJ,0,1,79,450,-0.19109,-0.07322,0.11787,4.7152,-0.206048,-0.00085,528.153338
IGOCEN,0,1,79,450,-0.1893,-0.07377,0.11553,6.4076,-0.206641,-0.06536,528.16145
IGOCIR,0,1,77,432,-0.19136,-0.07438,0.11698,5.7376,-0.197678,-0.02181,511.26898
IGOPIF,1,1,98,432,-0.28506,-0.19609,0.08897,2.631,-0.24516,0.26436,642.156118
IGUPEG,0,1,122,542,-0.15916,-0.04041,0.11875,0.9114,-0.346184,-1.43598,796.390301
IGUXEO,1,1,81,362,-0.26068,-0.14632,0.11436,0.0033,-0.18098,0.47446,496.13165
IHAZUN,0,1,47,238,-0.17888,-0.06893,0.10995,2.0558,-0.085,0.58406,307.304717
IHEBAZ,0,1,53,264,-0.17998,-0.08207,0.09791,1.8622,-0.099769,0.58417,347.22384
IHEBED,0,1,47,270,-0.17734,-0.06721,0.11013,1.9994,-0.086499,0.59669,308.241932
IHIREY,1,1,105,466,-0.26712,-0.17458,0.09254,3.8021,-0.269676,0.34895,687.274935
IHIRIC,1,1,125,552,-0.25819,-0.1777,0.08049,5.4617,-0.310489,0.32932,816.605543
IHIROI,1,1,108,474,-0.27558,-0.17496,0.10062,4.4107,-0.275196,0.32134,698.679359
IHIZEE,0,1,91,372,-0.15442,-0.04265,0.11177,5.037,-0.217515,-0.66288,536.321361
IHOFAM,0,1,68,360,-0.16138,-0.10566,0.05572,11.2309,-0.128995,-0.82036,457.609443
IHOFEQ,0,1,63,316,-0.18555,-0.10687,0.07868,10.1236,-0.117205,-0.81882,396.139943
IHOYAH,0,1,85,446,-0.19614,-0.13367,0.06247,11.0012,-0.231309,0.34894,601.151308
IHOYUB,0,1,77,382,-0.2011,-0.12836,0.07274,9.7932,-0.194479,0.34662,503.260001
IHUBOD,0,1,55,298,-0.18323,-0.06828,0.11495,1.6073,-0.100479,0.57454,353.519376
IHUBUJ,0,1,55,306,-0.18529,-0.07001,0.11528,2.5509,-0.100758,0.57571,353.835214
IHUCAQ,0,1,59,314,-0.18031,-0.06634,0.11397,1.4381,-0.105347,0.57343,369.997823
IHUCEU,0,1,58,330,-0.19036,-0.08395,0.10641,2.6307,-0.105487,0.58455,368.648649
IHUCOE,0,1,61,324,-0.1831,-0.08496,0.09814,1.0871,-0.114695,0.57749,393.455431
IHUCUK,0,1,65,340,-0.18078,-0.08372,0.09706,2.0457,-0.119643,0.57551,409.934142
IJAGEG,1,1,55,300,-0.25323,-0.219,0.03423,10.6135,-0.096146,0.60436,342.185424
IJEGAH,0,1,72,406,-0.17917,-0.10117,0.078,10.0593,-0.154179,-0.81762,510.7661
IJEGEL,0,1,86,470,-0.1808,-0.10263,0.07817,10.3534,-0.189437,-0.81656,612.646637
IJIPIC,0,1,74,406,-0.18535,-0.12564,0.05971,8.8301,-0.167584,1.14671,491.89316
IJOMIF,0,1,68,394,-0.15509,-0.07467,0.08042,3.3232,-0.177024,0.35551,492.585744
IJOSIJ,0,1,111,382,-0.16959,-0.08638,0.08321,0.0134,-0.210293,0.73214,538.384177
IJOSOP,0,1,143,494,-0.16716,-0.08591,0.08125,0.3293,-0.274091,0.66025,710.813963
IKISEC,0,1,47,276,-0.15173,-0.09715,0.05458,11.6816,-0.093255,0.17424,321.419276
IKOYUE,0,1,60,264,-0.17559,-0.07352,0.10207,4.5641,-0.101643,1.17023,344.982327
ILEFEM,0,1,51,300,-0.18153,-0.10734,0.07419,7.6998,-0.110794,-0.76219,363.970501
ILEFOW,0,1,63,332,-0.19912,-0.11088,0.08824,8.0179,-0.132578,-0.77983,409.903403
ILEGAJ,0,1,63,350,-0.19593,-0.11283,0.0831,8.5287,-0.134283,-0.81118,416.615424
ILEGIR,0,1,37,256,-0.17778,-0.10132,0.07646,7.7268,-0.082762,-0.77461,295.753216
ILEGUD,0,1,49,286,-0.16588,-0.10643,0.05945,5.9919,-0.103341,-0.37579,348.944243
ILEHAK,0,1,61,318,-0.16922,-0.10653,0.06269,6.9336,-0.132472,-0.36107,395.057733
ILEPAR,0,1,97,438,-0.16443,-0.0704,0.09403,8.169,-0.254378,0.3026,648.288831
ILEPEV,0,1,98,432,-0.16732,-0.07334,0.09398,7.4238,-0.250616,0.28243,648.693444
ILIVAB,0,1,85,408,-0.19151,-0.05924,0.13227,1.5909,-0.20253,1.14427,548.853003
ILOPIJ,0,1,103,484,-0.18847,-0.05148,0.13699,0.0062,-0.238885,-0.17303,640.863727
ILUQUB,0,1,97,484,-0.19429,-0.072,0.12229,0.004,-0.230019,-0.17347,663.62588
IMAFEJ,1,1,106,468,-0.26468,-0.15466,0.11002,4.0085,-0.268658,0.3145,685.871341
IMAZUR,0,1,91,436,-0.18761,-0.04405,0.14356,0.0213,-0.232224,-0.11584,602.787754
IMODOE,0,1,68,370,-0.18373,-0.05731,0.12642,2.6447,-0.170705,-0.50095,451.518763
IMOFIA,0,1,97,510,-0.19192,-0.07314,0.11878,6.9281,-0.275101,-0.22726,657.892055
IMOVUC,1,1,66,364,-0.29488,-0.16545,0.12943,12.4552,-0.15248,0.11364,408.812394
IMOWAJ,1,1,84,412,-0.29381,-0.16457,0.12924,11.7663,-0.188208,0.11593,478.566655
IMOYUF,0,1,57,280,-0.14957,-0.10814,0.04143,9.4893,-0.098037,0.74498,320.504251
INOFAU,0,1,107,472,-0.16772,-0.05567,0.11205,0.0049,-0.193903,-0.1926,634.423854
INOYUG,0,1,75,386,-0.18017,-0.11931,0.06086,7.3375,-0.128515,0.42368,482.679825
INOZAN,0,1,75,386,-0.17958,-0.11956,0.06002,7.7216,-0.127847,0.4239,482.675735
INOZER,0,1,75,386,-0.18456,-0.1243,0.06026,8.6449,-0.128338,0.42732,482.492593
INOZIV,0,1,75,386,-0.17827,-0.1245,0.05377,11.7051,-0.127271,0.42553,482.536528
INOZUH,0,1,75,386,-0.17864,-0.12456,0.05408,11.3246,-0.129134,0.42637,482.539823
IPACPT,0,1,89,424,-0.17055,-0.04655,0.124,0.0029,-0.206598,-0.18032,581.510117
IPEQOJ,1,1,53,276,-0.27711,-0.19095,0.08616,5.6956,-0.11988,0.07821,356.482116
IPERAW,1,1,54,272,-0.28956,-0.1952,0.09436,8.1743,-0.120313,-0.06611,357.370108
IPIROQ,0,1,30,240,-0.21393,-0.14408,0.06985,3.4824,-0.064881,-0.77222,263.56537
IPIRUW,0,1,29,228,-0.20193,-0.12947,0.07246,6.3049,-0.06138,-0.77965,250.612084
IPOQIO,0,1,59,310,-0.17355,-0.06481,0.10874,1.652,-0.126561,0.44973,381.157949
IPOQOU,0,1,66,342,-0.17619,-0.06524,0.11095,4.183,-0.148937,0.44421,432.193072
IQEGER,0,1,52,224,-0.1591,-0.06494,0.09416,3.3738,-0.08368,0.74828,289.842339
IQUJEL,0,1,34,198,-0.21532,-0.13108,0.08424,8.433,-0.066487,0.91597,247.833963
IQUNEP,0,1,97,488,-0.19176,-0.08323,0.10853,8.6412,-0.229863,0.17051,645.215086
IQUROD,0,1,47,340,-0.21087,-0.07491,0.13596,9.4149,-0.083259,0.15691,314.489608
IRINED,0,1,117,510,-0.18084,-0.0938,0.08704,0.0001,-0.284893,1.26583,755.017218
IRUMOY,0,1,36,220,-0.2169,-0.07997,0.13693,8.496,-0.059995,0.17531,215.202829
ISAQEZ,0,1,53,302,-0.18246,-0.07949,0.10297,7.0477,-0.116657,0.43453,355.679889
ISIXEP,0,1,121,556,-0.17695,-0.08295,0.094,7.5588,-0.350727,-1.39979,798.475856
ISIXUF,0,1,82,358,-0.19593,-0.07373,0.1222,8.2061,-0.163886,0.13646,436.551721
ISIYIU,0,1,73,334,-0.19462,-0.07293,0.12169,8.2885,-0.143976,0.15002,401.40352
ISOGAA,0,1,64,336,-0.18322,-0.0702,0.11302,1.6195,-0.14738,0.16208,436.985711
ISOKEH,1,1,61,264,-0.31207,-0.14544,0.16663,2.3154,-0.104147,0.4408,329.730571
ISOQEO,0,1,30,218,-0.22576,-0.106,0.11976,8.6647,-0.054688,0.75005,214.260362
ISOQIS,0,1,33,226,-0.22136,-0.10694,0.11442,8.5082,-0.061182,0.75586,225.761202
ISOQOY,0,1,33,226,-0.22057,-0.1047,0.11587,8.5435,-0.058561,0.74938,225.750108
ISOQUE,0,1,36,234,-0.21833,-0.1067,0.11163,8.8695,-0.06774,0.75563,237.315713
ISORAL,0,1,42,250,-0.21787,-0.10503,0.11284,8.768,-0.078104,0.75114,260.68206
ISOREP,0,1,48,266,-0.21874,-0.10435,0.11439,8.4661,-0.091451,0.74687,283.95158
ISORIT,0,1,39,242,-0.21236,-0.1049,0.10746,8.6638,-0.071786,0.75654,248.836219
ISOROZ,0,1,30,218,-0.22801,-0.11645,0.11156,8.3042,-0.054205,0.72469,214.314736
ISORUF,0,1,30,218,-0.22794,-0.11558,0.11236,8.3493,-0.051865,0.72493,214.325593
ISOSAM,0,1,33,226,-0.22441,-0.11515,0.10926,8.165,-0.060615,0.75122,225.854875
ISOSEQ,0,1,39,242,-0.22447,-0.11521,0.10926,8.0953,-0.072616,0.72464,249.183033
ISOSIU,0,1,45,258,-0.22266,-0.11404,0.10862,8.2226,-0.082993,0.7332,272.486024
ISOSOA,0,1,36,234,-0.21833,-0.11313,0.1052,8.0917,-0.064568,0.75009,237.351934
ISUBUV,0,1,79,388,-0.19588,-0.09477,0.10111,10.2253,-0.142144,1.14579,531.449922
ISUWOJ,0,1,56,274,-0.21798,-0.07526,0.14272,7.2582,-0.098761,0.19686,296.175754
ISUYAW,0,1,57,276,-0.18479,-0.07202,0.11277,5.5067,-0.096291,1.18796,367.573761
ITACAH,0,1,77,418,-0.19002,-0.11573,0.07429,11.311,-0.150854,-0.782,512.389025
ITACEN,0,1,81,384,-0.16493,-0.06602,0.09891,8.9468,-0.221664,0.35235,565.983669
ITACIR,0,1,81,420,-0.15818,-0.07155,0.08663,10.9409,-0.225992,0.28393,584.575506
ITACOX,0,1,81,402,-0.16896,-0.06407,0.10489,8.7612,-0.217606,0.34056,572.464881
ITADAK,0,1,81,420,-0.16614,-0.06782,0.09832,11.7362,-0.222678,0.29789,577.755605
ITADOY,0,1,80,394,-0.16522,-0.06078,0.10444,8.3998,-0.219036,0.30863,567.677857
ITADUE,0,1,81,438,-0.15827,-0.06894,0.08933,12.7098,-0.224209,0.23933,589.935476
ITAFAM,0,1,80,412,-0.17366,-0.06569,0.10797,10.3155,-0.21851,0.19628,572.884083
ITAHOC,0,1,80,430,-0.16752,-0.06769,0.09983,10.9956,-0.22103,0.13092,585.114612
ITIXAL,0,1,54,302,-0.18,-0.07097,0.10903,5.8651,-0.118323,0.4363,360.108582
ITIXOZ,0,1,64,408,-0.19593,-0.08515,0.11078,7.2381,-0.156306,0.43067,465.452591
ITIXUF,0,1,78,406,-0.17158,-0.04865,0.12293,8.7003,-0.154325,0.43442,459.496217
IVAHUK,0,1,35,254,-0.1949,-0.1178,0.0771,8.8786,-0.075564,-0.78023,283.959276
IVAJOG,0,1,44,262,-0.19401,-0.11126,0.08275,8.4639,-0.090708,-0.7636,306.336317
IVAKAT,0,1,53,286,-0.19312,-0.11418,0.07894,8.3787,-0.111346,-0.76701,341.493315
IVEHOG,0,1,74,390,-0.1831,-0.07353,0.10957,11.6297,-0.130173,-0.80271,450.667905
IVEHUM,0,1,46,290,-0.18765,-0.08576,0.10189,9.5433,-0.100219,-0.80748,349.461389
IVEJEY,0,1,39,264,-0.19136,-0.08897,0.10239,9.0357,-0.08587,-0.80856,304.9308
IVEJIC,0,1,48,288,-0.17923,-0.07112,0.10811,14.1036,-0.097416,-0.80451,341.937425
IVIYIW,0,1,93,530,-0.21958,-0.07945,0.14013,8.0869,-0.183212,0.17486,569.776111
IWALEZ,0,1,35,276,-0.20257,-0.13599,0.06658,10.5355,-0.073688,0.34932,269.919569
IWELON,1,1,97,450,-0.29943,-0.20153,0.0979,6.9453,-0.264992,-1.09528,634.288271
IWELUT,1,1,98,454,-0.3043,-0.19156,0.11274,5.4765,-0.259695,-1.14468,646.952357
IWEMAA,1,1,104,480,-0.30163,-0.1983,0.10333,5.5415,-0.272147,-1.1468,686.81607
IWOLEN,0,1,47,232,-0.21784,-0.04876,0.16908,0.0327,-0.072159,1.22624,238.698888
IWOSIX,0,1,65,356,-0.16724,-0.0707,0.09654,2.2673,-0.157115,0.41894,446.604478
IWOSOD,0,1,65,348,-0.16982,-0.06703,0.10279,2.3939,-0.144363,0.42911,431.585653
IXEGOI,0,1,33,204,-0.20528,-0.03896,0.16632,10.035,-0.052935,0.16352,205.88401
IXEHEZ,0,1,37,210,-0.20587,-0.04907,0.1568,8.2485,-0.056634,0.16175,202.931615
IXOBAA,0,1,41,280,-0.19436,-0.09024,0.10412,5.2763,-0.086727,0.43705,306.185405
IXOJAI,0,1,35,250,-0.19091,-0.0865,0.10441,3.2167,-0.070183,0.19217,274.253555
IXUSUP,0,1,91,398,-0.15659,-0.04416,0.11243,5.9914,-0.220645,-0.66222,554.709926
IXUTAW,0,1,94,372,-0.15127,-0.04007,0.1112,2.7603,-0.221466,-0.66231,547.656246
IXUTEA,0,1,95,380,-0.14913,-0.03948,0.10965,2.8385,-0.222478,-0.6611,552.529249
IXUTIE,0,1,93,372,-0.14447,-0.03737,0.1071,1.8189,-0.220542,-0.66011,545.029093
IXUWAA,0,1,85,422,-0.17171,-0.10773,0.06398,16.061,-0.18133,0.14269,512.268327
IXUWEE,0,1,85,406,-0.16752,-0.12036,0.04716,24.0805,-0.170611,0.70674,481.643404
IYEYUH,0,1,38,244,-0.18951,-0.085,0.10451,5.7249,-0.065989,0.39811,258.035039
IYEZAO,0,1,39,270,-0.18254,-0.07192,0.11062,1.5509,-0.062905,0.38417,257.261487
IYEZES,0,1,38,276,-0.18899,-0.08366,0.10533,5.0342,-0.066647,0.39386,259.060838
IYICID,0,1,49,316,-0.16908,-0.13458,0.0345,16.6626,-0.112435,-0.13752,406.486885
IYOJEN,1,1,88,392,-0.27475,-0.17465,0.1001,4.086,-0.222257,0.28944,580.018549
IYOKAI,1,1,67,316,-0.24188,-0.18928,0.0526,9.2584,-0.137538,0.01627,424.397219
IYUQUP,0,1,43,284,-0.19622,-0.0988,0.09742,4.4727,-0.090953,0.44182,311.247901
IYURAW,0,1,31,232,-0.19725,-0.08685,0.1104,3.0575,-0.062857,0.43564,231.294387
IZADUI,1,1,38,240,-0.33065,-0.22594,0.10471,10.7985,-0.076796,-0.63604,282.3
IZAFIZ,0,1,97,350,-0.17379,-0.0812,0.09259,0.5481,-0.169104,1.25966,486.4963
IZITES,0,1,79,398,-0.2112,-0.09651,0.11469,4.8188,-0.176078,0.38439,487.041559
IZOREV,0,1,32,236,-0.18485,-0.10737,0.07748,10.4859,-0.065278,-0.78906,264.054008
IZORIZ,0,1,33,228,-0.19865,-0.09271,0.10594,5.3984,-0.065335,-0.51372,256.069466
IZOSOG,0,1,47,266,-0.19875,-0.09548,0.10327,6.5132,-0.082421,0.8309,322.384542
IZOTAT,0,1,49,278,-0.19975,-0.09977,0.09998,6.4833,-0.089211,0.83061,339.715045
IZOTEX,0,1,47,292,-0.20152,-0.09747,0.10405,7.1624,-0.084236,0.83725,331.517681
IZOTIB,0,1,47,282,-0.20068,-0.09857,0.10211,8.404,-0.082923,0.83165,322.902708
IZOTOH,0,1,71,362,-0.17285,-0.09384,0.07901,5.6523,-0.116012,0.82603,421.455042
IZOTUN,0,1,44,284,-0.20301,-0.10018,0.10283,7.1777,-0.07993,0.83801,320.038322
JAFNEM,0,1,80,390,-0.19645,-0.07882,0.11763,6.229,-0.169174,0.55829,492.348678
JAFNIQ,0,1,54,298,-0.19732,-0.06922,0.1281,4.5713,-0.111854,0.55952,340.915496
JAFNOW,0,1,46,266,-0.2048,-0.07669,0.12811,6.0823,-0.10031,0.55589,307.956826
JAFNUC,0,1,46,298,-0.21937,-0.08534,0.13403,6.4616,-0.101767,0.55974,309.718046
JAGFAB,1,1,33,174,-0.316,-0.13862,0.17738,0.8641,-0.052364,0.47145,201.234904
JAGSUG,0,1,139,594,-0.16899,-0.04373,0.12526,1.3967,-0.374851,-1.64429,888.011325
JAGTAN,0,1,115,514,-0.16956,-0.04649,0.12307,0.0343,-0.338205,-1.62587,764.056014
JAMFOV,1,1,65,242,-0.25915,-0.17234,0.08681,1.3486,-0.130608,0.62814,327.065692
JAMFUB,0,1,60,274,-0.14356,-0.0741,0.06946,9.9148,-0.126093,0.44505,335.102182
JAMGAI,0,1,66,318,-0.14498,-0.07971,0.06527,10.4317,-0.12166,0.43917,371.346742
JAMGIQ,1,1,65,242,-0.25937,-0.17247,0.0869,1.3698,-0.130687,0.62649,327.064726
JARCAG,0,1,25,186,-0.23649,-0.13086,0.10563,15.9065,-0.046649,0.3198,187.020192
JARCEK,0,1,25,154,-0.23815,-0.12931,0.10884,15.9501,-0.045311,0.25466,185.474824
JAWRAD,1,1,78,426,-0.28795,-0.18162,0.10633,12.328,-0.186457,0.38118,507.081112
JAYCIY,0,1,83,460,-0.19838,-0.08974,0.10864,7.8986,-0.169095,0.48962,484.390594
JAYCOE,0,1,83,460,-0.20253,-0.08921,0.11332,9.1343,-0.16882,0.48789,484.453711
JEBHII,0,1,51,296,-0.18622,-0.08465,0.10157,4.6567,-0.099769,0.43166,355.568325
JEBHOO,0,1,34,224,-0.1845,-0.08184,0.10266,5.3702,-0.066177,0.42831,241.90683
JEBSAL,0,1,99,376,-0.17722,-0.05936,0.11786,5.107,-0.180571,1.19049,517.120956
JEDMAH,0,1,75,326,-0.16712,-0.08662,0.0805,3.7298,-0.121212,1.16332,437.047912
JEDMEL,0,1,65,286,-0.16954,-0.08899,0.08055,4.7204,-0.103567,1.16055,374.433062
JEFGIL,0,1,67,282,-0.18226,-0.0957,0.08656,8.5386,-0.107673,0.90375,392.283169
JEGPIX,0,1,60,330,-0.16343,-0.04545,0.11798,8.0067,-0.111497,0.39239,394.468433
JEGPOD,0,1,72,330,-0.16746,-0.03734,0.13012,8.3093,-0.112764,0.38949,392.628234
JEGPUJ,0,1,70,330,-0.16147,-0.0404,0.12107,9.1159,-0.108464,0.39312,385.690921
JEGQIY,0,1,55,290,-0.16275,-0.04127,0.12148,8.5246,-0.091037,0.39285,327.464019
JEKGEO,0,1,153,620,-0.16385,-0.08496,0.07889,3.42,-0.304712,1.18432,819.360098
JESZIT,0,1,99,552,-0.19653,-0.07492,0.12161,15.751,-0.253812,-0.32158,649.705752
JETWIP,0,1,107,446,-0.17807,-0.09684,0.08123,5.5966,-0.164809,1.18459,602.775936
JEXBAS,0,1,31,248,-0.19546,-0.12771,0.06775,8.7616,-0.066864,-0.79523,264.538367
JEXXEQ,0,1,25,206,-0.19665,-0.11347,0.08318,12.2165,-0.051756,0.34749,202.423262
JIDLOA,0,1,90,536,-0.22366,-0.10196,0.1217,10.0311,-0.228282,0.4153,608.684526
JIJQOL,0,1,63,280,-0.1551,-0.08718,0.06792,2.4278,-0.123548,0.41953,361.381636
JIKCOY,0,1,91,380,-0.16268,-0.03513,0.12755,0.0069,-0.136804,-0.12287,481.232924
JIMBAJ,0,1,71,410,-0.21729,-0.13197,0.08532,0.0003,-0.146819,1.2769,449.84707
JIMXEL,1,1,128,574,-0.25844,-0.19476,0.06368,15.1828,-0.361416,-1.3588,835.729324
JINRUW,1,1,64,298,-0.26084,-0.18167,0.07917,5.5337,-0.139241,-0.07349,395.42368
JINSEH,1,1,65,310,-0.27061,-0.18834,0.08227,11.228,-0.143021,-0.08009,408.210849
JINTUY,0,1,56,434,-0.21193,-0.09166,0.12027,5.7958,-0.13356,0.17483,402.02467
JIRWOZ,0,1,32,240,-0.18598,-0.10525,0.08073,9.3368,-0.066106,-0.78818,269.04071
JITMEF,0,1,107,516,-0.16735,-0.08366,0.08369,0.8244,-0.238722,0.47945,686.477145
JITNIK,1,1,100,444,-0.27792,-0.19019,0.08773,3.0421,-0.261079,0.30126,659.930096
JITNUW,1,1,122,524,-0.27245,-0.18709,0.08536,2.3276,-0.309814,0.28705,791.7644
JIVMUW,0,1,77,350,-0.18103,-0.09156,0.08947,0.0003,-0.158742,1.26446,504.404669
JIVNAD,0,1,77,350,-0.18102,-0.09156,0.08946,0.0009,-0.158745,1.26445,504.404478
JIVNIL,0,1,77,350,-0.18099,-0.09159,0.0894,0.0016,-0.158754,1.26453,504.404375
JIVNOR,0,1,77,350,-0.18104,-0.09155,0.08949,0.0006,-0.158742,1.26445,504.404355
JIVNUX,0,1,77,350,-0.18102,-0.09156,0.08946,0.0004,-0.158745,1.26451,504.405266
JIVPIN,0,1,77,350,-0.18105,-0.09155,0.0895,0.001,-0.158734,1.26442,504.405247
JIVPUZ,0,1,77,350,-0.18107,-0.09153,0.08954,0.0003,-0.158725,1.2644,504.405828
JIVREL,0,1,77,350,-0.18104,-0.09156,0.08948,0.0007,-0.158739,1.26445,504.404977
JIVRIP,0,1,77,350,-0.18107,-0.09153,0.08954,0.0002,-0.158728,1.26438,504.405354
JIVTAJ,0,1,77,350,-0.18105,-0.09154,0.08951,0.0009,-0.158734,1.26442,504.405415
JIVTEN,0,1,77,350,-0.181,-0.09158,0.08942,0.0017,-0.158753,1.26455,504.404892
JIVTIR,0,1,77,350,-0.18104,-0.09154,0.0895,0.0001,-0.158735,1.26442,504.405157
JIVTUD,0,1,77,350,-0.181,-0.09158,0.08942,0.0002,-0.158751,1.26452,504.40485
JIVVAL,0,1,77,350,-0.18106,-0.09152,0.08954,0.0008,-0.15873,1.26438,504.404854
JIVVEP,0,1,77,350,-0.18102,-0.09156,0.08946,0.0003,-0.158746,1.2645,504.405052
JIVVIT,0,1,93,414,-0.17139,-0.08505,0.08634,0.0004,-0.17827,1.26341,570.268314
JIWZAT,0,1,62,354,-0.18386,-0.06466,0.1192,7.4365,-0.141773,0.18156,405.329183
JIWZEX,0,1,70,386,-0.17832,-0.06071,0.11761,8.9393,-0.153208,0.18281,438.270255
JIWZOH,0,1,62,370,-0.19017,-0.06907,0.1211,6.869,-0.142499,0.17975,405.984456
JIXCEZ,0,1,89,400,-0.17649,-0.08853,0.08796,0.4725,-0.197037,0.76644,589.463497
JIXCID,0,1,89,400,-0.17654,-0.09371,0.08283,0.0458,-0.195541,0.75583,589.489348
JIXVIV,0,1,56,288,-0.17819,-0.10532,0.07287,11.6546,-0.10045,-0.82282,355.861591
JIXVUH,0,1,66,328,-0.17203,-0.10447,0.06756,11.5939,-0.116359,-0.82491,418.615139
JIYPIR,1,1,121,562,-0.28681,-0.22095,0.06586,3.1637,-0.33964,-1.2734,816.245485
JIYREP,0,1,103,450,-0.15299,-0.07176,0.08123,7.0451,-0.26033,-0.64449,634.633618
JIYRIT,0,1,104,428,-0.16177,-0.08379,0.07798,10.9692,-0.261,-0.63663,628.615102
JIZTAP,0,1,45,242,-0.16828,-0.12099,0.04729,9.348,-0.081628,0.29944,310.083562
JOBFOW,0,1,105,428,-0.1579,-0.06637,0.09153,6.3822,-0.241468,-0.6602,634.582933
JOCPAU,0,1,35,268,-0.18797,-0.0993,0.08867,7.6098,-0.07496,-0.9832,290.019504
JOCPEY,0,1,41,294,-0.18942,-0.11723,0.07219,6.9105,-0.090889,-0.97726,329.95336
JOCWOP,0,1,67,332,-0.16392,-0.15113,0.01279,3.1878,-0.126532,0.73442,425.727453
JODCEM,0,1,35,250,-0.18773,-0.09782,0.08991,7.3172,-0.073774,-0.94059,283.220487
JODYEH,1,1,41,264,-0.33,-0.22354,0.10646,9.5763,-0.087279,-0.63863,306.196871
JODYIM,1,1,50,256,-0.27346,-0.15783,0.11563,7.2684,-0.106392,0.00054,324.889317
JOFSAB,1,1,129,642,-0.28366,-0.20591,0.07775,1.5705,-0.335756,-0.20052,871.52929
JOHSOR,0,1,55,318,-0.15362,-0.09347,0.06015,10.3388,-0.111963,-0.6793,384.086216
JOHSUX,0,1,51,318,-0.19127,-0.1193,0.07197,8.9598,-0.108354,-0.79025,381.056473
JOHTAE,0,1,49,300,-0.1828,-0.10948,0.07332,7.9466,-0.100717,-0.59009,364.099992
JOKHEX,0,1,90,380,-0.15924,-0.04591,0.11333,7.5726,-0.218161,-0.65252,543.678824
JOKHIB,0,1,90,398,-0.16063,-0.04686,0.11377,7.9499,-0.218767,-0.66513,550.279641
JOMTAI,0,1,57,306,-0.17147,-0.08578,0.08569,7.62,-0.120031,0.73399,413.525199
JOMYER,0,1,99,448,-0.21148,-0.13226,0.07922,4.1329,-0.176197,1.14917,609.69118
JOMYIV,0,1,95,424,-0.22149,-0.13093,0.09056,14.5872,-0.162963,0.96083,568.08765
JONXOB,0,1,89,322,-0.15249,-0.10765,0.04484,6.4667,-0.160843,0.67315,451.360621
JONYIW,0,1,101,384,-0.16017,-0.1227,0.03747,3.7836,-0.201505,0.69149,548.27888
JONYOC,0,1,65,322,-0.17108,-0.1236,0.04748,11.4561,-0.130712,0.68357,407.848355
JONYUI,0,1,73,370,-0.17056,-0.12902,0.04154,12.3774,-0.154961,0.70377,482.145371
JONZIX,0,1,85,358,-0.14983,-0.1139,0.03593,5.7,-0.168299,0.6907,512.563706
JOPVUI,0,1,69,396,-0.18622,-0.07942,0.1068,3.2964,-0.163153,0.42394,451.737475
JOTYEZ,1,1,40,256,-0.32415,-0.22946,0.09469,7.5278,-0.07892,0.55416,281.923863
JOWBEE,0,1,69,332,-0.19893,-0.07698,0.12195,4.3508,-0.144034,-0.21996,405.850862
JOWBII,0,1,68,336,-0.19382,-0.07633,0.11749,2.6845,-0.14419,-0.18605,404.658972
JOWNAK,0,1,85,334,-0.17939,-0.08123,0.09816,0.0234,-0.151744,0.62568,451.453377
JOWNIS,0,1,89,338,-0.15438,-0.06765,0.08673,2.9539,-0.157743,0.63035,453.102568
JUDZAL,0,1,34,228,-0.21168,-0.0846,0.12708,6.5624,-0.057348,0.59954,220.740208
JUFNAB,1,1,99,434,-0.2734,-0.16314,0.11026,2.1781,-0.255563,0.34095,640.924541
JUFNEF,1,1,102,442,-0.27403,-0.15929,0.11474,1.9722,-0.266307,0.36585,652.490385
JUFNIJ,1,1,102,442,-0.27248,-0.16079,0.11169,1.8702,-0.261581,0.34609,652.434043
JUFNUV,1,1,102,466,-0.27682,-0.16963,0.10719,6.0754,-0.265671,0.35227,656.107995
JUHJUR,0,1,137,568,-0.17598,-0.13797,0.03801,0.0222,-0.248564,-0.09622,740.060053
JUNMEK,0,1,71,316,-0.17977,-0.03213,0.14764,0.0049,-0.131231,-0.19499,401.721382
JUPMAK,0,1,57,286,-0.20025,-0.13018,0.07007,11.1857,-0.119335,0.34411,377.807301
JUQVEW,1,1,41,256,-0.32438,-0.22895,0.09543,6.2029,-0.080672,0.5518,286.446642
JUSROG,0,1,65,360,-0.18259,-0.09275,0.08984,1.3072,-0.160987,0.06311,466.620967
JUWKAP,1,1,109,416,-0.25464,-0.07595,0.17869,0.0652,-0.26138,-2.11722,543.217215
JUWKIX,1,1,106,488,-0.2532,-0.12819,0.12501,2.7596,-0.296045,-2.06088,674.826435
JUWKUJ,1,1,85,392,-0.26892,-0.13202,0.1369,0.0137,-0.231261,-2.20287,521.276155
JUYDUE,0,1,48,268,-0.18908,-0.09477,0.09431,9.5057,-0.093218,0.39517,301.568197
JUYFAM,0,1,48,268,-0.18908,-0.09476,0.09432,9.5059,-0.093215,0.39514,301.568072
KACDID,0,1,43,258,-0.19441,-0.08835,0.10606,2.611,-0.081864,0.29101,293.983971
KADHUV,0,1,61,312,-0.18345,-0.13794,0.04551,1.8909,-0.124255,-0.10716,435.179907
KADPAI,0,1,51,444,-0.20177,-0.10176,0.10001,3.9567,-0.122794,1.19171,445.421323
KAFWIY,0,1,36,210,-0.19563,-0.09528,0.10035,10.1111,-0.072674,0.94304,261.667593
KAGRAM,0,1,25,202,-0.18503,-0.10379,0.08124,14.6323,-0.047868,0.34042,194.089193
KAHSUH,1,1,109,440,-0.24247,-0.16235,0.08012,0.1706,-0.252548,0.6688,652.932261
KAHZEB,0,1,63,354,-0.19918,-0.09945,0.09973,5.4918,-0.158792,-0.9313,462.278788
KAKFUZ,1,1,60,248,-0.28124,-0.21586,0.06538,5.9981,-0.117587,0.76085,308.686626
KAKGAG,1,1,63,256,-0.28732,-0.22209,0.06523,14.1475,-0.117297,0.81247,320.751824
KAMFAI,1,1,81,360,-0.26973,-0.17948,0.09025,1.9774,-0.179204,0.31171,526.835464
KAMFEM,1,1,79,336,-0.27577,-0.17868,0.09709,4.6302,-0.165855,0.28239,496.191737
KAMKAN,0,1,80,364,-0.17001,-0.06238,0.10763,4.0842,-0.196394,0.17558,537.018143
KAMKER,0,1,83,372,-0.16937,-0.07716,0.09221,5.2778,-0.207385,0.23342,548.558742
KAMKIV,0,1,108,396,-0.20814,-0.03268,0.17546,10.1952,-0.129573,0.16013,474.399761
KAMYEF,0,1,41,272,-0.19647,-0.08698,0.10949,1.5838,-0.086949,0.17651,302.489636
KAMYIJ,0,1,65,368,-0.18637,-0.07748,0.10889,2.8307,-0.152998,0.09201,467.728438
KAMYOP,0,1,77,416,-0.18194,-0.0734,0.10854,2.7336,-0.167832,0.08944,517.171666
KAMZAC,0,1,53,314,-0.19009,-0.08131,0.10878,2.3222,-0.116935,0.15347,362.773209
KAMZUW,0,1,67,384,-0.19469,-0.08497,0.10972,5.9468,-0.159386,0.09522,477.800877
KAPTON,0,1,57,324,-0.19688,-0.08871,0.10817,12.9081,-0.125985,0.51476,378.466112
KAQDEL,0,1,107,474,-0.16945,-0.05719,0.11226,7.8476,-0.26705,-0.83919,691.76485
KAQDOV,0,1,109,496,-0.17615,-0.09528,0.08087,11.9697,-0.273575,-0.83802,705.592209
KAQFEN,0,1,113,500,-0.17061,-0.05618,0.11443,7.7894,-0.287304,-0.83114,731.733213
KAQFUD,1,1,108,474,-0.26796,-0.1895,0.07846,7.3919,-0.268935,-0.79745,689.131538
KAQHIW,0,1,50,278,-0.19875,-0.10149,0.09726,1.3242,-0.093467,0.57967,322.138217
KAQHOC,0,1,47,260,-0.1959,-0.0828,0.1131,1.8186,-0.082574,0.58526,293.72267
KAQJUJ,1,1,67,382,-0.30169,-0.20678,0.09491,10.4969,-0.146522,0.36484,430.18465
KAQLOE,0,1,103,462,-0.17326,-0.11103,0.06223,13.7518,-0.180074,0.42623,617.684762
KARYEK,0,1,149,726,-0.15517,-0.10049,0.05468,0.0183,-0.314659,0.81006,980.786874
KASWAE,0,1,44,284,-0.17926,-0.09997,0.07929,8.3314,-0.099394,-0.78032,333.991991
KATDOB,1,1,35,232,-0.33128,-0.22033,0.11095,10.7397,-0.067941,-0.67915,266.434418
KATPIH,0,1,72,420,-0.17818,-0.08138,0.0968,4.2232,-0.179996,0.3737,502.971769
KATPON,0,1,72,472,-0.18314,-0.08664,0.0965,5.8956,-0.195541,0.38018,533.300964
KATRUU,0,1,56,300,-0.18871,-0.05282,0.13589,12.4305,-0.09153,0.17302,322.869137
KATWEK,0,1,107,464,-0.18647,-0.09411,0.09236,3.2796,-0.254302,1.17458,668.139552
KATZAG,0,1,81,364,-0.16237,-0.05515,0.10722,6.0307,-0.202916,0.2003,541.592418
KATZIO,0,1,81,400,-0.1601,-0.0602,0.0999,7.8616,-0.210047,0.17496,560.297835
KEBQOY,0,1,110,492,-0.14686,-0.05292,0.09394,4.0899,-0.215975,0.35697,610.88674
KECDEE,0,1,145,596,-0.16487,-0.07627,0.0886,12.119,-0.273703,0.0304,809.167954
KECJUA,0,1,68,436,-0.20098,-0.11488,0.0861,3.4725,-0.144802,0.78358,461.571209
KECTOE,0,1,85,314,-0.16066,-0.035,0.12566,4.1728,-0.173899,0.55879,436.623429
KECTUK,0,1,94,348,-0.15781,-0.04072,0.11709,4.0205,-0.203878,0.59149,479.61875
KEDJUA,0,1,92,404,-0.18967,-0.11308,0.07659,13.5493,-0.150361,0.44879,490.557528
KEFJOW,0,1,79,390,-0.20541,-0.05113,0.15428,10.2564,-0.182435,0.18275,496.584048
KEFJUC,0,1,91,422,-0.19682,-0.04764,0.14918,9.6071,-0.211474,0.16384,542.789658
KEFKAJ,0,1,103,454,-0.18758,-0.04551,0.14207,8.8613,-0.234397,0.18084,588.975643
KEFKEN,0,1,103,454,-0.20859,-0.04727,0.16132,8.2887,-0.235409,0.17193,588.784171
KEFTEV,0,1,78,416,-0.19051,-0.12628,0.06423,8.1043,-0.159314,-0.76211,550.351107
KEHDAE,0,1,55,298,-0.15922,-0.09704,0.06218,2.5797,-0.106148,0.53297,354.363294
KEHHEN,1,1,110,462,-0.27413,-0.18611,0.08802,2.6603,-0.264565,0.27199,686.724685
KEHHIR,1,1,92,414,-0.28339,-0.19229,0.0911,3.1619,-0.233886,0.2664,617.653031
KEHKUE,0,1,61,348,-0.16739,-0.07119,0.0962,3.3089,-0.136322,0.48704,422.180109
KEHTAU,0,1,84,390,-0.17255,-0.16653,0.00602,13.8119,-0.15147,0.71909,530.331234
KEHVAW,0,1,151,704,-0.17842,-0.09499,0.08343,15.0507,-0.331231,1.21937,919.924805
KEJDOV,0,1,69,364,-0.16633,-0.05871,0.10762,0.8461,-0.135229,0.46991,425.140585
KEJHAL,0,1,40,214,-0.19408,-0.06479,0.12929,6.7712,-0.064488,0.30471,237.719729
KEJKUG,1,1,49,278,-0.31162,-0.1739,0.13772,13.4326,-0.095606,-0.6257,327.81826
KEJLER,1,1,56,312,-0.32863,-0.21806,0.11057,8.2589,-0.125695,-0.61134,372.451114
KEJLIV,1,1,61,328,-0.2709,-0.19476,0.07614,11.9939,-0.127868,-0.61434,393.886025
KEMLUK,0,1,111,458,-0.1539,-0.07178,0.08212,0.0423,-0.271028,-0.46789,644.789329
KEMTUT,0,1,95,392,-0.17687,-0.08243,0.09444,2.2227,-0.173306,1.26054,521.0071
KENZAG,1,1,48,254,-0.30337,-0.20834,0.09503,10.4277,-0.086961,1.15201,284.574893
KEQGIZ,1,1,61,342,-0.28271,-0.20531,0.0774,3.0757,-0.144383,0.4019,413.557276
KERJOI,0,1,41,246,-0.17729,-0.09664,0.08065,7.6442,-0.086965,1.03161,312.301661
KETNED,0,1,181,670,-0.16185,-0.07318,0.08867,0.0029,-0.340495,1.26114,916.354405
KETTEL,1,1,70,360,-0.30975,-0.17813,0.13162,2.2398,-0.164655,0.0295,471.006624
KETTIP,1,1,72,372,-0.30197,-0.17941,0.12256,2.3069,-0.171154,0.02549,488.371916
KETWUD,0,1,57,256,-0.17802,-0.07543,0.10259,5.5216,-0.100674,0.71555,326.789344
KEVDOH,0,1,133,498,-0.17406,-0.05277,0.12129,6.3895,-0.279969,1.16978,671.952963
KEWXUH,0,1,63,308,-0.16978,-0.08416,0.08562,0.011,-0.115807,0.80133,369.213751
KICJAI,0,1,92,454,-0.16475,-0.05479,0.10996,7.0243,-0.251067,0.04712,647.5864
KICLEQ,0,1,64,314,-0.19136,-0.09538,0.09598,12.3091,-0.127503,0.9416,427.414492
KIDDEI,0,1,65,332,-0.17909,-0.08382,0.09527,1.7774,-0.123252,0.59,381.12068
KIDHOV,0,1,61,322,-0.17287,-0.11545,0.05742,10.5269,-0.108344,0.43081,399.407219
KIDJAJ,0,1,36,256,-0.18961,-0.11416,0.07545,9.7092,-0.077012,-0.78857,291.261592
KIDKEO,0,1,53,270,-0.16606,-0.05361,0.11245,3.9776,-0.092417,0.27638,304.315559
KIDKIS,0,1,49,306,-0.17572,-0.06821,0.10751,0.2079,-0.091758,0.28047,318.209515
KIDKOY,0,1,50,266,-0.18237,-0.08487,0.0975,4.0789,-0.090941,0.28513,300.547035
KIDKUE,0,1,51,276,-0.18526,-0.1012,0.08406,4.9604,-0.091928,0.28644,301.642793
KIFCOS,0,1,55,334,-0.1772,-0.09179,0.08541,11.1073,-0.121799,-0.78622,401.321427
KIFDIO,0,1,59,302,-0.19693,-0.12591,0.07102,10.8258,-0.121362,0.34169,387.740841
KIFKER,0,1,111,396,-0.18402,-0.07104,0.11298,2.9135,-0.210984,1.20245,555.486942
KIGGEO,0,1,25,180,-0.19582,-0.08633,0.10949,4.9378,-0.04361,0.4208,173.741906
KIHPOH,0,1,40,268,-0.1911,-0.11812,0.07298,7.6077,-0.088734,-0.78847,317.515232
KIHPUO,0,1,52,286,-0.19129,-0.0604,0.13089,2.0556,-0.095658,0.46462,331.890607
KIKGAP,0,1,169,698,-0.1989,-0.08004,0.11886,4.1973,-0.255447,0.58881,870.764209
KIKJOF,0,1,113,480,-0.18039,-0.12558,0.05481,20.8372,-0.292033,-0.63298,694.736518
KILPUS,0,1,109,454,-0.18427,-0.08692,0.09735,0.0106,-0.187432,0.62839,569.308985
KILQAZ,0,1,78,370,-0.18008,-0.09979,0.08029,6.4285,-0.144482,0.65861,431.99095
KILQED,0,1,109,486,-0.18526,-0.08594,0.09932,0.0604,-0.189127,0.66523,570.409893
KILQIH,0,1,121,518,-0.17824,-0.07901,0.09923,0.0246,-0.195533,0.66339,616.493474
KILQON,0,1,121,486,-0.17856,-0.08128,0.09728,0.0219,-0.193625,0.62525,615.427913
KIMFOD,0,1,77,364,-0.20058,-0.08733,0.11325,4.2831,-0.1464,0.55264,453.10733
KIMVAG,0,1,98,512,-0.18503,-0.07153,0.1135,2.6506,-0.257206,0.42954,658.346853
KIMVEK,0,1,98,496,-0.17736,-0.06852,0.10884,0.7606,-0.25633,0.42504,657.611955
KIMVIO,0,1,98,512,-0.17993,-0.06692,0.11301,4.5485,-0.252084,0.44397,658.353901
KIPTOV,0,1,51,236,-0.17287,-0.07217,0.1007,4.5952,-0.090635,0.74012,318.10019
KISHOM,0,1,60,332,-0.18509,-0.08518,0.09991,4.1293,-0.113028,0.49188,410.987782
KISQAG,0,1,79,412,-0.18673,-0.08188,0.10485,5.8319,-0.170993,0.4762,507.486308
KISTAK,0,1,50,250,-0.15841,-0.04386,0.11455,2.8474,-0.108518,0.56107,337.569546
KISTIS,0,1,58,282,-0.14899,-0.03067,0.11832,3.8813,-0.126153,0.54269,371.141656
KISYUI,1,1,60,306,-0.29388,-0.21184,0.08204,6.3895,-0.129845,0.34768,366.878421
KISZET,1,1,61,322,-0.29157,-0.21705,0.07452,5.8776,-0.135158,0.36992,394.604183
KISZOD,1,1,73,388,-0.28402,-0.21563,0.06839,7.7823,-0.165086,0.3508,459.347525
KITREM,0,1,28,232,-0.21801,-0.10365,0.11436,11.8092,-0.06005,0.47946,224.228526
KIWPOV,0,1,49,238,-0.17934,-0.08829,0.09105,0.2625,-0.095052,0.63254,311.59471
KIXPAL,0,1,109,536,-0.1676,-0.03442,0.13318,8.0353,-0.258587,-0.17226,701.622898
KIYSOA,0,1,33,218,-0.20088,-0.0668,0.13408,11.5172,-0.051592,0.20535,212.657462
KIYZUQ,1,1,91,408,-0.2697,-0.17078,0.09892,2.6783,-0.210996,0.25715,609.906745
KIZBED,1,1,97,424,-0.27046,-0.16699,0.10347,2.6597,-0.219109,0.24981,632.893579
KIZBIH,1,1,97,424,-0.26837,-0.16614,0.10223,2.0141,-0.220943,0.2603,632.91998
KIZBUT,1,1,103,440,-0.26666,-0.16669,0.09997,2.9296,-0.251081,0.31533,655.889714
KIZHOS,0,1,102,386,-0.17966,-0.08686,0.0928,4.189,-0.20082,0.75765,541.581789
KOCMOF,0,1,52,300,-0.21211,-0.12339,0.08872,0.2855,-0.10939,0.43308,327.127583
KOCNOH,0,1,69,328,-0.20072,-0.13963,0.06109,11.1462,-0.154278,0.33984,435.707318
KODBUC,0,1,69,304,-0.15448,-0.07422,0.08026,3.3798,-0.142991,0.68452,415.205036
KOFGUK,0,1,68,310,-0.17962,-0.04766,0.13196,6.3652,-0.160934,-1.00261,430.125521
KOFWOU,0,1,48,296,-0.18283,-0.10355,0.07928,8.9812,-0.103901,-0.7832,362.770094
KOFWUA,0,1,48,296,-0.18287,-0.10353,0.07934,8.9807,-0.103913,-0.78308,362.769355
KOFXAH,0,1,49,304,-0.17939,-0.09906,0.08033,10.8901,-0.105953,-0.78408,367.238842
KOFYEM,1,1,118,524,-0.28087,-0.18202,0.09885,8.6442,-0.298356,0.30891,771.132858
KOGKAT,0,1,36,244,-0.18733,-0.10025,0.08708,8.5044,-0.077406,-0.8024,277.746869
KOGQUT,0,1,65,494,-0.1975,-0.11215,0.08535,0.6577,-0.161244,1.27236,568.634241
KOGWAG,0,1,43,246,-0.18675,-0.0482,0.13855,4.0203,-0.077179,0.45725,273.886973
KOGWEK,0,1,42,240,-0.18927,-0.05341,0.13586,3.5901,-0.071874,0.46587,262.746577
KOHBIU,0,1,48,266,-0.18502,-0.05574,0.12928,4.2001,-0.084725,0.46801,302.742387
KOHBUG,0,1,55,298,-0.18874,-0.07287,0.11587,3.6268,-0.105148,0.47218,353.783227
KOHCAN,0,1,57,310,-0.18429,-0.09612,0.08817,4.5228,-0.111082,0.4594,370.862012
KOHROP,0,1,67,426,-0.20178,-0.08471,0.11707,7.0286,-0.152258,0.39956,450.148562
KOHSEI,0,1,57,282,-0.19669,-0.05798,0.13871,12.3372,-0.080747,0.18155,308.110878
KOJGIC,0,1,46,302,-0.18685,-0.08796,0.09889,2.9626,-0.092799,0.53747,312.112907
KOKGUP,1,1,83,400,-0.26383,-0.17616,0.08767,5.3692,-0.201813,-0.28934,534.258033
KOKKON,1,1,89,358,-0.30812,-0.12512,0.183,0.8311,-0.191269,0.44049,494.4156
KOLHEA,0,1,44,294,-0.19079,-0.11802,0.07277,11.2316,-0.082779,-0.83136,318.231691
KONBEW,0,1,39,284,-0.20535,-0.1354,0.06995,15.3711,-0.087027,0.24852,304.334541
KOVQOD,0,1,43,228,-0.16968,-0.1029,0.06678,0.0244,-0.077579,1.18491,269.838047
KOVRAQ,0,1,59,248,-0.17472,-0.05122,0.1235,6.5606,-0.105379,1.19142,314.391064
KOVWOJ,0,1,25,172,-0.21379,-0.16436,0.04943,0.0104,-0.054871,-0.06013,231.935555
KOXRUM,0,1,107,468,-0.18164,-0.09219,0.08945,0.3209,-0.251277,0.76148,697.249963
KOYZIJ,0,1,34,192,-0.15145,-0.07939,0.07206,5.7663,-0.071615,0.47186,251.020626
KOZBIM,0,1,34,236,-0.15834,-0.08617,0.07217,6.3708,-0.079946,0.40844,284.401493
KOZCAF,0,1,34,212,-0.13999,-0.06574,0.07425,11.4144,-0.067605,0.4423,251.525047
KUBPII,1,1,95,434,-0.24852,-0.20506,0.04346,19.081,-0.165411,0.59527,537.983106
KUBPOO,1,1,98,450,-0.25672,-0.20636,0.05036,23.8761,-0.167527,0.59582,540.902284
KUFDOG,1,1,55,296,-0.27817,-0.21344,0.06473,7.7039,-0.101416,0.54324,342.210319
KUGKEE,0,1,93,372,-0.15023,-0.0394,0.11083,3.1119,-0.220846,-0.66354,545.056886
KUHCOH,1,1,99,434,-0.27045,-0.16097,0.10948,3.0516,-0.257348,0.35315,640.980738
KUHDAU,1,1,99,458,-0.27566,-0.17183,0.10383,6.9232,-0.258236,0.33116,644.570822
KUHPUZ,0,1,57,270,-0.22331,-0.13596,0.08735,12.1125,-0.119046,0.96135,361.122325
KUHQAG,0,1,57,270,-0.22193,-0.13342,0.08851,11.2611,-0.117158,0.9522,361.437789
KULLUZ,0,1,37,234,-0.20625,-0.11842,0.08783,2.7968,-0.062748,0.59538,238.251468
KULPEO,0,1,90,364,-0.15598,-0.04637,0.10961,5.7474,-0.217271,-0.65787,531.672806
KUNPEQ,0,1,80,410,-0.17987,-0.07061,0.10926,3.3703,-0.192474,0.41568,519.136777
KUNQIU,0,1,61,308,-0.22783,-0.10212,0.12571,0.0153,-0.124099,1.19612,385.611277
KUNQOA,0,1,59,308,-0.22608,-0.10095,0.12513,0.0023,-0.120288,1.17751,365.816116
KUNRES,0,1,60,336,-0.18944,-0.08901,0.10043,6.6073,-0.133019,0.43793,400.696559
KUPGIM,1,1,33,228,-0.30034,-0.24077,0.05957,10.7689,-0.065458,0.73392,244.838419
KUPJEL,1,1,53,272,-0.28678,-0.17217,0.11461,7.501,-0.109951,0.3736,323.624351
KURLIT,0,1,56,244,-0.17192,-0.07105,0.10087,4.4979,-0.100283,0.73874,336.530916
KURNIW,0,1,23,192,-0.18885,-0.10004,0.08881,9.8577,-0.042281,-0.80483,196.057763
KURNOC,0,1,29,208,-0.18436,-0.08945,0.09491,10.5298,-0.052999,-0.81197,218.87684
KUVVUT,1,1,131,470,-0.31707,-0.12415,0.19292,0.0025,-0.281013,0.4334,657.342678
KUWBUB,0,1,74,398,-0.18102,-0.07336,0.10766,5.8601,-0.145903,0.43813,441.234617
LABKIK,0,1,64,360,-0.17246,-0.10173,0.07073,11.8489,-0.145454,0.18106,410.896368
LABKOQ,0,1,63,366,-0.18578,-0.10334,0.08244,11.824,-0.147135,0.1824,412.799185
LABMIL,0,1,31,230,-0.22019,-0.18241,0.03778,11.7424,-0.068737,-0.10675,272.519711
LADFEC,0,1,129,568,-0.1627,-0.06422,0.09848,0.3137,-0.27136,0.45906,757.398364
LADGAB,1,1,81,330,-0.301,-0.13811,0.16289,0.5165,-0.162085,0.52211,448.304572
LADGEF,1,1,77,338,-0.33146,-0.16694,0.16452,8.7772,-0.148965,0.41607,451.824067
LADGIJ,1,1,77,338,-0.33356,-0.17208,0.16148,0.1914,-0.155103,0.45219,452.003292
LAHTET,0,1,89,344,-0.17319,-0.07876,0.09443,2.2492,-0.157633,0.75959,468.458325
LAHTIX,0,1,86,336,-0.17493,-0.07961,0.09532,1.68,-0.150668,0.78634,456.83993
LAHTOD,0,1,83,328,-0.17509,-0.08033,0.09476,1.2283,-0.148278,0.75889,445.208264
LAJSAQ,0,1,43,274,-0.16967,-0.11371,0.05596,12.1047,-0.093904,0.13651,316.869142
LAJWUO,1,1,41,256,-0.29184,-0.2313,0.06054,9.9909,-0.086751,0.45688,289.728326
LAJYIE,1,1,40,256,-0.29669,-0.22461,0.07208,8.8043,-0.083466,0.52281,283.815012
LAMTOK,0,1,42,226,-0.19585,-0.09913,0.09672,10.4051,-0.08316,0.94255,292.860402
LAMVUS,0,1,79,388,-0.1789,-0.07619,0.10271,2.0227,-0.162368,0.47909,487.015234
LAQZAH,0,1,38,254,-0.18558,-0.10438,0.0812,10.1954,-0.07276,-0.78838,283.144668
LARPUR,1,1,106,482,-0.26997,-0.19588,0.07409,1.6177,-0.271532,0.32468,708.179237
LARQAY,1,1,107,476,-0.27834,-0.19589,0.08245,1.58,-0.266949,0.26094,708.514292
LARQIG,1,1,101,450,-0.28494,-0.19389,0.09105,3.0267,-0.239211,0.26283,668.586322
LARQOM,1,1,94,430,-0.27751,-0.18084,0.09667,1.9718,-0.240199,0.30533,628.370518
LARQUS,1,1,95,424,-0.28078,-0.18327,0.09751,2.6195,-0.24467,0.26379,628.692937
LARRAZ,1,1,61,282,-0.28468,-0.15007,0.13461,0.5156,-0.112918,0.43156,370.83685
LARWAD,0,1,89,408,-0.1567,-0.06458,0.09212,1.7186,-0.180691,0.4528,516.381723
LARWEH,0,1,85,412,-0.16904,-0.08243,0.08661,2.713,-0.188167,0.4612,530.817021
LASPIH,0,1,63,364,-0.18644,-0.06468,0.12176,0.0223,-0.142544,-0.09651,442.895538
LASWOU,1,1,69,294,-0.30361,-0.15549,0.14812,5.739,-0.130165,0.4438,370.055906
LATTEG,1,1,112,500,-0.24424,-0.16236,0.08188,6.0058,-0.2511,0.43904,720.28205
LAVWUA,1,1,31,216,-0.33573,-0.23695,0.09878,8.0047,-0.061635,0.55547,223.943529
LAWDAR,0,1,79,398,-0.1612,-0.07396,0.08724,8.2823,-0.208403,0.16411,555.066511
LAWDUL,0,1,54,300,-0.15059,-0.07538,0.07521,8.7653,-0.134742,0.38487,394.904133
LAWFAT,0,1,79,400,-0.15979,-0.05002,0.10977,4.8426,-0.205975,0.19845,549.076612
LAWQIM,0,1,91,446,-0.17533,-0.09053,0.0848,5.6371,-0.187399,0.8588,586.143274
LAXBIV,1,1,95,374,-0.31459,-0.1322,0.18239,0.0135,-0.192325,0.44913,517.150176
LEBDAZ,0,1,94,424,-0.16705,-0.04547,0.12158,5.0084,-0.221497,0.00037,621.858222
LEBDED,0,1,87,400,-0.16738,-0.04382,0.12356,4.0953,-0.215079,0.038,593.787374
LEBGOQ,0,1,87,452,-0.17445,-0.0949,0.07955,11.2448,-0.202479,0.974,613.255937
LECGIM,0,1,67,344,-0.16538,-0.03901,0.12637,1.0248,-0.133825,0.23883,412.020955
LECNUE,1,1,36,240,-0.34658,-0.2509,0.09568,6.724,-0.07305,-0.62461,273.474565
LECTOE,0,1,56,398,-0.16196,-0.09412,0.06784,8.8797,-0.142749,0.94549,504.798011
LEDWUP,0,1,58,298,-0.17147,-0.06075,0.11072,1.8873,-0.098967,0.39057,338.358342
LEDXAW,0,1,52,282,-0.17151,-0.06091,0.1106,1.9888,-0.09452,0.39101,314.944338
LEFREW,0,1,74,322,-0.17811,-0.07598,0.10213,2.3816,-0.136705,0.19926,399.862089
LEFYED,1,1,82,388,-0.25407,-0.18507,0.069,7.6286,-0.202979,0.22196,527.898147
LEGBEE,0,1,85,326,-0.16222,-0.13582,0.0264,2.4882,-0.152789,0.88691,443.986654
LEGKIU,1,1,48,276,-0.30479,-0.22829,0.0765,13.5576,-0.093319,-0.60909,331.90822
LEHJOZ,0,1,73,404,-0.19331,-0.08985,0.10346,4.6398,-0.154372,0.4849,465.483651
LEHLAN,0,1,38,384,-0.18911,-0.09318,0.09593,8.9106,-0.083031,0.7561,355.502754
LEJKAO,0,1,97,442,-0.17601,-0.16455,0.01146,2.3692,-0.216102,1.14994,601.676689
LEJLEU,0,1,89,466,-0.1841,-0.0758,0.1083,6.3579,-0.213768,0.18541,576.654976
LEJZOR,1,1,131,470,-0.31628,-0.12588,0.1904,0.1113,-0.279244,0.4435,657.362758
LEKKIY,0,1,39,202,-0.2237,-0.1316,0.0921,9.2156,-0.074309,0.94531,258.054966
LEKQEA,0,1,88,452,-0.18054,-0.06774,0.1128,9.2786,-0.203611,-0.16553,542.789189
LEKQUQ,0,1,88,428,-0.17141,-0.06203,0.10938,7.1903,-0.202914,-0.16416,542.160199
LEKRAX,0,1,124,524,-0.16926,-0.06069,0.10857,6.4877,-0.268869,-0.16417,681.660625
LEKSUR,0,1,30,218,-0.2276,-0.11559,0.11201,8.3608,-0.05178,0.72776,214.327649
LELJOD,1,1,148,594,-0.26386,-0.16241,0.10145,4.0796,-0.354922,0.36313,832.077028
LEPTUX,0,1,17,180,-0.21264,-0.03929,0.17335,8.5254,-0.029648,0.18579,145.048127
LEPYIQ,0,1,87,430,-0.17645,-0.07047,0.10598,4.3066,-0.199781,0.40806,518.102149
LEPYOW,0,1,91,422,-0.16601,-0.07253,0.09348,1.3155,-0.211894,0.40729,551.45738
LEPYUC,0,1,93,438,-0.16578,-0.07025,0.09553,1.1598,-0.212836,0.39422,560.344144
LEPZAJ,0,1,93,454,-0.16633,-0.07624,0.09009,1.0251,-0.230348,0.3945,591.02761
LEPZEN,0,1,93,454,-0.16703,-0.07004,0.09699,2.7823,-0.224803,0.40878,590.816407
LEQBEQ,0,1,77,368,-0.1818,-0.09662,0.08518,11.9052,-0.136316,0.39307,458.472196
LEQBOA,0,1,83,404,-0.17134,-0.06018,0.11116,2.2352,-0.158357,0.47901,505.501696
LEQRIJ,0,1,23,196,-0.23321,-0.09638,0.13683,9.1652,-0.041935,0.75379,180.259251
LEQROP,0,1,23,196,-0.2332,-0.09647,0.13673,9.3376,-0.041907,0.7571,180.25656
LERZOY,1,1,62,262,-0.28114,-0.1715,0.10964,18.0626,-0.119738,1.17678,321.929046
LESZOZ,1,1,59,294,-0.28881,-0.19751,0.0913,7.5959,-0.137623,0.13609,380.965223
LESZUF,1,1,60,302,-0.28648,-0.20031,0.08617,9.5532,-0.136734,-0.01086,385.8797
LEVDEX,1,1,69,374,-0.30234,-0.20597,0.09637,10.4308,-0.142946,0.36675,414.085666
LEVPAE,0,1,71,332,-0.20578,-0.08612,0.11966,5.9637,-0.120881,1.18171,406.905047
LEVXUI,0,1,53,280,-0.19292,-0.14552,0.0474,0.0012,-0.114492,-0.10993,402.272125
LEWQOU,0,1,45,266,-0.19968,-0.12374,0.07594,15.5804,-0.078941,0.42338,313.653718
LEXDUP,0,1,169,730,-0.19196,-0.10536,0.0866,3.3452,-0.42415,0.77397,969.309164
LEXZIX,0,1,45,282,-0.15961,-0.10653,0.05308,12.7694,-0.081817,0.17823,300.963322
LEXZOD,0,1,51,316,-0.1721,-0.05209,0.12001,8.7385,-0.096093,-0.57364,316.777763
LEYGAZ,0,1,65,316,-0.17327,-0.08029,0.09298,3.5251,-0.121993,0.57767,380.33575
LEYGED,0,1,86,382,-0.16851,-0.07747,0.09104,4.3442,-0.156968,0.58817,482.739896
LEYLIM,0,1,32,204,-0.20062,-0.03764,0.16298,9.9997,-0.052916,0.1805,203.223008
LEYPAJ,0,1,100,600,-0.21003,-0.09757,0.11246,9.9096,-0.261937,0.42634,656.822321
LEYQEN,0,1,59,378,-0.21766,-0.08961,0.12805,9.8767,-0.132894,0.40482,395.453798
LEYRUF,0,1,100,584,-0.20678,-0.09142,0.11536,10.5978,-0.260328,0.42035,655.595881
LEYSAM,0,1,65,436,-0.21659,-0.10392,0.11267,8.4755,-0.136868,0.45009,400.84847
LEYWOE,0,1,54,328,-0.18542,-0.09696,0.08846,10.5752,-0.121682,-0.78645,406.471207
LEYXAQ,0,1,71,320,-0.17926,-0.13,0.04926,0.0558,-0.127373,-0.11513,446.67036
LEYXAR,0,1,54,362,-0.18927,-0.10053,0.08874,8.9447,-0.125387,-0.78469,425.303533
LEYXEV,0,1,98,508,-0.17728,-0.10562,0.07166,18.1421,-0.202681,-0.78915,680.364369
LEYXUL,1,1,32,232,-0.33577,-0.23172,0.10405,6.629,-0.068029,0.50639,243.920682
LEYYAS,1,1,48,268,-0.28191,-0.21741,0.0645,9.3184,-0.090521,0.56099,313.572581
LIBTIB,0,1,119,524,-0.18879,-0.04949,0.1393,1.3554,-0.286199,-0.19417,717.054577
LIFFIP,0,1,42,270,-0.19125,-0.09725,0.094,9.8075,-0.094848,-0.78114,322.47265
LIFFOV,0,1,42,270,-0.1886,-0.09247,0.09613,10.1932,-0.084639,-0.78947,322.623814
LIGHUH,0,1,75,316,-0.13468,-0.09406,0.04062,4.6958,-0.148855,0.77453,427.337467
LIGTUS,0,1,67,412,-0.19057,-0.09122,0.09935,0.9059,-0.146086,0.46787,452.656177
LIHPUN,0,1,63,326,-0.2049,-0.13012,0.07478,8.9615,-0.124708,0.33176,412.305413
LIHRAV,0,1,68,380,-0.19487,-0.12573,0.06914,6.0343,-0.140501,-0.78372,465.637119
LIKXAG,0,1,97,468,-0.21146,-0.09366,0.1178,0.028,-0.175803,0.64547,540.352567
LIMREF,0,1,57,302,-0.18416,-0.09168,0.09248,4.5829,-0.106554,0.66296,340.803847
LIMRIJ,0,1,87,400,-0.16772,-0.0828,0.08492,0.1972,-0.167307,0.63692,490.223751
LINTUY,0,1,112,458,-0.13412,-0.04946,0.08466,5.9232,-0.290154,0.20371,696.700209
LINVAG,0,1,70,266,-0.1336,-0.01345,0.12015,5.8306,-0.145194,0.09929,390.272943
LINVEK,0,1,115,466,-0.13357,-0.04834,0.08523,5.5829,-0.295162,0.23914,708.250257
LINVIO,0,1,115,490,-0.14324,-0.05323,0.09001,9.1397,-0.295743,0.21721,711.456991
LINVOU,0,1,112,476,-0.1304,-0.05039,0.08001,7.705,-0.278001,0.27519,701.894975
LINVUA,0,1,87,336,-0.16022,-0.03595,0.12427,4.9657,-0.188149,0.99561,486.237337
LIQXUF,0,1,42,270,-0.19336,-0.1213,0.07206,7.5792,-0.084274,-0.78415,322.92049
LIRFOJ,0,1,160,594,-0.16239,-0.09411,0.06828,3.8779,-0.306168,0.78151,859.449899
LIRGEA,0,1,167,618,-0.15856,-0.08292,0.07564,3.036,-0.320139,0.75167,887.86539
LIRLAB,1,1,75,388,-0.27912,-0.19023,0.08889,7.4377,-0.154633,0.36704,488.007029
LITBIC,0,1,123,516,-0.17713,-0.10347,0.07366,1.8601,-0.312735,1.20296,755.908543
LITZEW,0,1,36,208,-0.22099,-0.14028,0.08071,8.6967,-0.06705,0.91148,253.030539
LIYFEG,0,1,59,280,-0.17842,-0.10742,0.071,7.4505,-0.119533,0.88373,398.351664
LIYGUW,0,1,77,380,-0.14512,-0.10166,0.04346,9.6607,-0.1388,0.7381,453.53452
LIYHAD,0,1,71,354,-0.14656,-0.10264,0.04392,11.4372,-0.123886,0.73742,413.637984
LIYLUC,0,1,69,358,-0.17203,-0.07216,0.09987,1.7961,-0.1674,0.54352,440.659779
LIYNOY,0,1,62,386,-0.22026,-0.10648,0.11378,13.3819,-0.138496,0.39862,404.102256
LIYWOI,0,1,81,480,-0.20768,-0.11266,0.09502,2.8497,-0.185531,0.10927,562.522814
LOBDIS,0,1,57,264,-0.17013,-0.06057,0.10956,4.3254,-0.108002,1.18814,354.541079
LODRAX,0,1,88,390,-0.17595,-0.08784,0.08811,2.8228,-0.174743,1.26454,548.91322
LODSEC,0,1,97,434,-0.17655,-0.08939,0.08716,0.9683,-0.204939,1.25882,617.342067
LOGHIA,1,1,144,610,-0.25984,-0.1632,0.09664,2.0746,-0.376993,0.42864,863.741096
LOHCUJ,0,1,90,424,-0.18242,-0.08428,0.09814,1.155,-0.193969,-0.37308,481.340955
LOHFEW,1,1,88,392,-0.2748,-0.19423,0.08057,1.3364,-0.212726,0.31215,573.035436
LOHFIA,1,1,94,430,-0.2782,-0.18047,0.09773,2.2363,-0.238521,0.2992,628.361227
LOHFOG,1,1,100,456,-0.27487,-0.1895,0.08537,1.6707,-0.252759,0.30642,668.227834
LOKKOO,0,1,64,394,-0.16816,-0.04072,0.12744,4.5813,-0.130669,-0.36937,402.48831
LOKSOV,0,1,61,316,-0.18868,-0.09834,0.09034,13.5497,-0.12509,0.9405,424.61292
LOLREM,0,1,91,396,-0.16702,-0.09102,0.076,0.7495,-0.177122,0.77346,560.559711
LOLROW,-1,1,94,410,-0.06246,0.00545,0.06791,9.6319,-0.18848,0.75771,578.391395
LOLTEM,0,1,41,280,-0.19159,-0.08702,0.10457,3.9794,-0.078145,0.52743,265.615221
LOLTIQ,0,1,43,292,-0.19146,-0.08935,0.10211,4.029,-0.084855,0.53344,282.980845
LOLTOW,0,1,46,306,-0.1971,-0.10609,0.09101,6.5056,-0.090308,0.53727,301.018938
LOLVAL,1,1,147,614,-0.23689,-0.16981,0.06708,13.6115,-0.331453,0.30317,904.064038
LOMDAU,0,1,40,214,-0.20754,-0.09482,0.11272,11.2474,-0.078318,0.94552,273.2655
LOMDEY,0,1,38,214,-0.20104,-0.09072,0.11032,11.3216,-0.074232,0.93406,266.269014
LOPCAW,0,1,75,344,-0.17928,-0.09584,0.08344,2.9824,-0.152168,0.7895,487.464359
LOPFUT,0,1,125,478,-0.17779,-0.08907,0.08872,0.0013,-0.237802,1.26376,690.315107
LOQTUH,0,1,19,166,-0.18869,-0.07263,0.11606,14.3662,-0.02892,0.32864,136.950474
LOQVAP,0,1,25,182,-0.18659,-0.07235,0.11424,14.5513,-0.037372,0.3291,160.238185
LOQVET,0,1,33,230,-0.18879,-0.09922,0.08957,14.7241,-0.059517,0.35584,239.117584
LOQWAQ,0,1,56,314,-0.18333,-0.08333,0.1,6.2828,-0.107194,0.49409,375.051292
LOQWEU,0,1,75,360,-0.16669,-0.0429,0.12379,0.0017,-0.143544,0.57114,445.57582
LORMUC,0,1,45,276,-0.19922,-0.08279,0.11643,2.6494,-0.078035,0.58558,288.036601
LOSBEB,0,1,52,224,-0.15897,-0.06547,0.0935,3.4025,-0.08368,0.74808,289.840214
LOTNAJ,0,1,35,200,-0.17486,-0.01753,0.15733,3.6219,-0.064142,0.27001,202.679352
LOYSEZ,0,1,52,280,-0.18341,-0.0547,0.12871,3.7691,-0.097841,0.46979,325.339847
LOYSID,0,1,67,320,-0.19009,-0.05741,0.13268,3.7914,-0.12553,0.47048,383.72841
LOYSUP,0,1,81,384,-0.19028,-0.05833,0.13195,3.8571,-0.162043,0.46312,485.328566
LOYTAW,0,1,84,392,-0.19179,-0.0588,0.13299,3.6098,-0.169394,0.45572,496.966918
LUBTOT,1,1,49,294,-0.32165,-0.21331,0.10834,10.9894,-0.107517,-0.6468,351.826299
LUBTUZ,1,1,47,282,-0.31793,-0.21223,0.1057,10.9801,-0.092035,-0.65887,334.6868
LUBVIP,1,1,55,324,-0.32118,-0.21385,0.10733,12.3286,-0.120333,-0.65179,381.633754
LUCPEG,0,1,84,440,-0.21483,-0.09557,0.11926,16.6014,-0.173836,0.6113,494.951524
LUCQAD,1,1,91,402,-0.31272,-0.15661,0.15611,11.655,-0.20683,0.48634,553.855383
LUDGAU,0,1,54,310,-0.19066,-0.08937,0.10129,9.2119,-0.112402,-0.81493,369.105715
LULGOP,0,1,82,376,-0.20121,-0.0857,0.11551,2.9972,-0.170486,0.17627,481.966225
LULHIK,0,1,64,320,-0.20188,-0.07773,0.12415,4.3075,-0.121897,0.18487,389.567276
LULMUA,1,1,39,244,-0.32432,-0.23259,0.09173,8.2343,-0.077473,0.55053,264.133706
LULXOF,0,1,56,274,-0.1733,-0.09347,0.07983,12.5849,-0.09157,0.63033,337.363325
LUMWAT,0,1,34,230,-0.20114,-0.11518,0.08596,10.1816,-0.07427,0.30608,260.591224
LUPYAY,0,1,65,336,-0.19922,-0.09598,0.10324,6.0109,-0.113692,0.85994,397.742844
LUQMOB,1,1,85,366,-0.29838,-0.19096,0.10742,0.0011,-0.177979,0.46439,497.32836
LUQPET,1,1,98,374,-0.27927,-0.20933,0.06994,4.7015,-0.198612,0.328,497.66181
LUQPIX,1,1,110,406,-0.27166,-0.20478,0.06688,4.6808,-0.229655,0.33046,544.175258
LURFIN,0,1,157,584,-0.17183,-0.08241,0.08942,0.206,-0.297721,0.76395,765.611493
LURGAG,0,1,145,552,-0.1731,-0.08404,0.08906,0.2519,-0.278549,0.76561,718.843961
LUSGUD,0,1,58,324,-0.18803,-0.07654,0.11149,5.3386,-0.105244,0.47948,382.511029
LUSSAV,0,1,58,324,-0.188,-0.07675,0.11125,4.5422,-0.105331,0.47978,382.563504
LUTHAK,0,1,83,444,-0.19066,-0.09021,0.10045,10.6527,-0.167713,0.19554,554.299524
LUTNUL,0,1,45,274,-0.1837,-0.07762,0.10608,1.6663,-0.083737,0.55628,292.019126
LUTPAT,0,1,58,344,-0.17218,-0.09679,0.07539,3.7137,-0.117659,0.56042,393.54161
LUTYOO,0,1,213,766,-0.17913,-0.10392,0.07521,0.1809,-0.41684,0.65108,1049.52112
LUVLIZ,1,1,57,332,-0.31351,-0.20866,0.10485,12.1795,-0.132812,-0.65878,395.375565
LUVLOF,0,1,49,314,-0.2008,-0.10411,0.09669,7.1191,-0.118581,-0.81396,363.933548
LUVMIA,1,1,59,338,-0.30058,-0.21107,0.08951,11.5262,-0.143376,-0.64267,408.691995
LUWSUS,0,1,47,238,-0.15172,-0.07868,0.07304,15.4157,-0.102931,0.23241,314.538187
LUWTED,0,1,47,238,-0.15215,-0.07876,0.07339,15.3427,-0.102981,0.23228,314.522704
LUXZIP,0,1,31,182,-0.20688,-0.02574,0.18114,10.4462,-0.044282,0.17519,167.144153
LUYYIP,0,1,63,344,-0.18415,-0.1002,0.08395,10.5175,-0.125486,0.39639,427.836253
LUZBOZ,0,1,41,240,-0.194,-0.07621,0.11779,3.1692,-0.075058,0.40746,242.453427
LUZCOA,1,1,63,316,-0.31162,-0.2063,0.10532,3.1888,-0.128453,0.46489,366.494763
MABRAK,1,1,85,372,-0.28078,-0.19209,0.08869,2.0325,-0.202727,0.23553,553.102395
MADQAM,1,1,35,154,-0.2834,-0.1655,0.1179,3.6033,-0.06273,0.19819,194.457483
MAFGUX,0,1,92,488,-0.19006,-0.09745,0.09261,5.1133,-0.251531,0.00598,625.529774
MAFHAE,0,1,92,488,-0.18862,-0.09593,0.09269,3.5555,-0.252376,-0.07134,625.500311
MAFHEI,0,1,80,418,-0.18011,-0.06459,0.11552,4.3944,-0.209171,0.03318,538.358403
MAFHIM,0,1,90,470,-0.18221,-0.09564,0.08657,3.2027,-0.237739,-0.02614,609.02813
MAFHOS,0,1,80,418,-0.17635,-0.06667,0.10968,6.0657,-0.208336,-0.02625,538.344596
MAFRUJ,0,1,123,500,-0.19863,-0.09374,0.10489,6.9421,-0.288601,0.47894,688.959761
MAFSAQ,0,1,119,516,-0.19382,-0.08702,0.1068,9.8976,-0.288785,0.47423,721.007041
MAFSEU,0,1,125,580,-0.20134,-0.09468,0.10666,7.0463,-0.309306,0.47066,750.370085
MAFSIY,0,1,119,596,-0.19861,-0.09317,0.10544,7.8246,-0.308284,0.47154,725.484246
MAHPIW,1,1,33,160,-0.32715,-0.18759,0.13956,6.2951,-0.054506,0.48638,198.637549
MAJYIF,0,1,45,272,-0.18031,-0.13978,0.04053,0.0006,-0.104883,-0.09949,350.00971
MAKNIY,1,1,59,262,-0.31421,-0.20375,0.11046,5.3348,-0.114526,1.12993,321.155937
MAKNOE,0,1,48,276,-0.20252,-0.11055,0.09197,8.9166,-0.103536,0.88006,301.096283
MALVUT,0,1,30,198,-0.19975,-0.08197,0.11778,5.9156,-0.052027,0.51529,199.309217
MALWAA,0,1,33,206,-0.19906,-0.08089,0.11817,5.4621,-0.056507,0.5185,210.877793
MALWEE,0,1,42,230,-0.20053,-0.08137,0.11916,5.7368,-0.07591,0.48037,245.755367
MALWII,0,1,33,206,-0.19885,-0.08122,0.11763,5.9117,-0.058208,0.50464,211.007984
MALWOO,0,1,33,206,-0.19882,-0.08122,0.1176,5.9095,-0.058212,0.50463,211.008951
MAMJOA,0,1,48,286,-0.18919,-0.08242,0.10677,1.7174,-0.103549,0.11378,345.635041
MAMKAN,0,1,72,374,-0.17866,-0.07956,0.0991,7.1579,-0.156649,0.17144,495.46457
MAMKAP,0,1,63,352,-0.19463,-0.0851,0.10953,6.1791,-0.12804,-0.82426,411.37378
MAMKET,0,1,62,352,-0.20185,-0.09695,0.1049,6.9442,-0.125286,-0.82605,406.881183
MAMLUK,1,1,95,374,-0.31669,-0.13068,0.18601,0.0173,-0.190735,0.45198,517.155401
MAMWOP,0,1,67,404,-0.20167,-0.07942,0.12225,8.7239,-0.130687,0.48153,403.490982
MANFUF,0,1,59,306,-0.18775,-0.06072,0.12703,5.9096,-0.131559,0.1248,391.14258
MANGAM,0,1,58,300,-0.18601,-0.06824,0.11777,5.3749,-0.123621,0.14779,380.068102
MANGEQ,0,1,56,288,-0.1906,-0.06335,0.12725,5.2793,-0.116481,0.13363,362.721673
MANHUG,0,1,141,622,-0.15609,-0.04239,0.1137,1.3638,-0.392824,-1.41549,919.403588
MANTOL,0,1,67,360,-0.17826,-0.09358,0.08468,7.167,-0.152917,0.45398,428.532815
MAPWUX,0,1,95,436,-0.17921,-0.07915,0.10006,0.4011,-0.189771,0.48233,569.84133
MAQBIR,0,1,73,374,-0.18552,-0.08941,0.09611,3.121,-0.159178,0.16897,478.244846
MAQYEL,0,1,73,410,-0.18045,-0.10167,0.07878,13.4658,-0.148539,-0.82294,488.087957
MARPIF,0,1,91,478,-0.19127,-0.10674,0.08453,6.9332,-0.218551,0.39035,598.040739
MATLEB,0,1,32,182,-0.217,-0.11351,0.10349,11.7789,-0.054787,1.07814,198.382971
MATLIF,0,1,35,190,-0.21793,-0.10948,0.10845,11.3508,-0.060451,1.08521,209.75853
MATLOL,1,1,37,178,-0.34432,-0.21115,0.13317,6.5382,-0.057898,1.13784,203.197655
MAVTIO,0,1,52,292,-0.17443,-0.09139,0.08304,8.6537,-0.100467,0.57347,348.577112
MAVTOU,0,1,50,280,-0.1865,-0.08362,0.10288,4.8122,-0.096723,0.42978,327.606019
MAWLOO,0,1,107,440,-0.18483,-0.03563,0.1492,0.0624,-0.20155,0.02915,551.755983
MAWLUU,0,1,93,448,-0.17733,-0.04135,0.13598,0.5,-0.161344,-0.31729,480.932997
MAWWUE,0,1,65,384,-0.17526,-0.06652,0.10874,0.2827,-0.138324,0.47259,440.980406
MAXNEG,0,1,81,392,-0.16171,-0.06758,0.09413,4.3551,-0.165697,0.43314,484.011745
MAXWAK,0,1,221,846,-0.17513,-0.08705,0.08808,0.0308,-0.434646,1.23788,1113.644385
MAXWIS,0,1,74,430,-0.19065,-0.07756,0.11309,7.372,-0.156803,0.35703,444.734189
MAXWOY,0,1,57,366,-0.20398,-0.07722,0.12676,7.8915,-0.12332,0.38318,377.91457
MAXYIU,0,1,82,404,-0.17203,-0.03814,0.13389,6.6988,-0.189287,-0.16481,521.100452
MAXYOA,0,1,82,404,-0.16859,-0.04207,0.12652,5.3747,-0.186692,-0.15862,521.125143
MAXYUG,0,1,106,488,-0.17518,-0.05016,0.12502,5.71,-0.223827,0.23527,642.768788
MAYMUX,1,1,32,224,-0.32684,-0.22953,0.09731,8.4658,-0.063176,0.54601,228.716659
MAZSUC,0,1,67,284,-0.16985,-0.0654,0.10445,8.1526,-0.114625,1.17506,388.878175
MECCUV,1,1,65,332,-0.28221,-0.18168,0.10053,7.1378,-0.137753,0.24774,404.668897
MEDHUB,1,1,79,460,-0.30722,-0.2111,0.09612,16.672,-0.182333,0.36472,484.637699
MEDJAI,0,1,36,248,-0.19405,-0.04499,0.14906,6.3156,-0.061783,0.46785,241.549979
MEDSOG,0,1,117,412,-0.18086,-0.06987,0.11099,4.0326,-0.220375,1.20254,578.588163
MEDWIC,0,1,101,404,-0.15382,-0.04217,0.11165,3.9408,-0.236268,-0.66548,598.703248
MEGLUH,1,1,69,354,-0.27935,-0.17765,0.1017,7.45,-0.163497,0.27324,447.707671
MEGMES,1,1,62,322,-0.28233,-0.1781,0.10423,8.2873,-0.13857,0.26706,396.688007
MEGMIW,1,1,62,354,-0.29826,-0.18673,0.11153,12.1246,-0.140195,0.2696,398.57797
MEJHAM,0,1,78,354,-0.19233,-0.0751,0.11723,3.0986,-0.146571,0.57799,440.897712
MEJHEQ,0,1,71,350,-0.1909,-0.08349,0.10741,4.2422,-0.141768,0.4329,435.505329
MEJKIY,0,1,51,266,-0.20439,-0.10479,0.0996,12.9112,-0.116755,0.93297,348.433447
MEJKUK,0,1,33,242,-0.22301,-0.10942,0.11359,10.2931,-0.062966,0.73125,246.48379
MELLAT,0,1,88,484,-0.18614,-0.09879,0.08735,4.3477,-0.193984,-0.37985,527.915459
MELLIB,0,1,94,448,-0.17847,-0.09058,0.08789,4.5728,-0.197865,-0.37969,520.835899
MELLOH,0,1,72,376,-0.18474,-0.09926,0.08548,5.583,-0.1526,-0.31755,412.110758
MELLUN,0,1,72,340,-0.15637,-0.06302,0.09335,8.631,-0.150281,-0.14276,389.885957
MELMAU,0,1,88,432,-0.18157,-0.09261,0.08896,5.038,-0.188529,-0.36743,497.570315
MEMJIX,0,1,73,300,-0.20292,-0.154,0.04892,0.0013,-0.136359,-0.08872,417.421917
MENYAI,1,1,72,394,-0.29561,-0.18561,0.11,11.4849,-0.175239,0.26944,461.203062
MEPPAB,0,1,60,398,-0.20876,-0.09622,0.11254,5.8171,-0.13072,0.44342,392.462954
MEPPEF,0,1,60,366,-0.19317,-0.09055,0.10262,6.7134,-0.129052,0.4407,390.478429
MERBUG,0,1,35,236,-0.16813,-0.08541,0.08272,3.5316,-0.07218,0.49994,257.149721
MERLIF,0,1,89,352,-0.14895,-0.04162,0.10733,3.4513,-0.214369,-0.66253,518.82172
MESDIA,0,1,75,316,-0.2098,-0.03086,0.17894,8.8566,-0.136355,0.14478,364.528855
MEVHED,0,1,53,268,-0.17686,-0.04125,0.13561,0.0102,-0.093169,-0.12039,331.835322
MEWRUB,0,1,33,268,-0.20058,-0.13326,0.06732,5.8981,-0.071793,-0.86012,257.127907
MEWSAI,0,1,33,304,-0.19838,-0.13352,0.06486,5.9797,-0.076202,-0.97461,280.631796
MEWTIU,0,1,78,482,-0.19831,-0.1021,0.09621,12.3394,-0.17637,0.37483,501.745712
MEWXOE,1,1,88,426,-0.27623,-0.1798,0.09643,4.852,-0.233309,0.33066,599.133682
MEWYAR,1,1,88,460,-0.28237,-0.18532,0.09705,2.204,-0.229937,0.29071,618.122524
MEWZIA,1,1,88,426,-0.27612,-0.17982,0.0963,4.8389,-0.233323,0.32948,599.130416
MEXNUB,0,1,69,336,-0.20039,-0.08943,0.11096,6.5115,-0.127111,1.1775,427.293826
MEZFUV,0,1,103,492,-0.17192,-0.11343,0.05849,5.1761,-0.246593,0.7459,690.310325
MIBBEG,1,1,44,188,-0.34329,-0.1443,0.19899,2.1683,-0.069369,0.43098,227.882964
MIBFEL,0,1,165,688,-0.18886,-0.12682,0.06204,0.0047,-0.304534,-0.21108,895.437356
MIFJIV,0,1,103,418,-0.15389,-0.07363,0.08026,4.1413,-0.237811,-0.65754,612.125566
MIGVEF,1,1,56,316,-0.327,-0.23084,0.09616,7.723,-0.100298,-0.61757,365.134924
MIHKUM,1,1,111,544,-0.26686,-0.18691,0.07995,8.844,-0.284655,0.37557,706.364396
MIHLAT,1,1,93,448,-0.26281,-0.18417,0.07864,8.1603,-0.221516,0.37686,590.017991
MIHNUO,0,1,93,424,-0.19654,-0.07282,0.12372,0.0148,-0.154638,1.18745,510.70671
MIHPAW,0,1,93,442,-0.19591,-0.07944,0.11647,0.0049,-0.157871,1.32332,515.998509
MIHWUY,0,1,73,380,-0.17088,-0.06976,0.10112,0.7507,-0.15398,0.46801,468.41592
MIKDIW,0,1,58,300,-0.19065,-0.0901,0.10055,2.6785,-0.105121,0.58245,360.861661
MIKDOC,0,1,52,290,-0.19855,-0.07756,0.12099,4.1054,-0.091774,0.59211,321.687694
MIKDUI,0,1,56,290,-0.17795,-0.07084,0.10711,1.6004,-0.096067,0.57602,337.401839
MIKFAQ,0,1,52,274,-0.19067,-0.0736,0.11707,2.8528,-0.091139,0.57821,320.927964
MIKGAQ,0,1,111,542,-0.19459,-0.07002,0.12457,0.0263,-0.229537,1.24223,663.929289
MIKGEU,0,1,63,318,-0.20314,-0.09069,0.11245,11.8242,-0.121529,1.13892,372.27955
MILGET,0,1,93,430,-0.19365,-0.11976,0.07389,10.2446,-0.215508,0.36396,568.154601
MILGIX,0,1,125,494,-0.19109,-0.11971,0.07138,9.6011,-0.282501,0.3568,688.252148
MILPUU,0,1,65,320,-0.17777,-0.07054,0.10723,3.9644,-0.124656,0.42378,372.145308
MILQAB,0,1,65,320,-0.17772,-0.07046,0.10726,3.9908,-0.124656,0.42271,372.145261
MIMMOM,0,1,70,360,-0.18452,-0.10954,0.07498,9.633,-0.135514,-0.78029,432.953937
MIMXUD,1,1,65,364,-0.27811,-0.19995,0.07816,7.3943,-0.16788,0.39212,455.292235
MIMYEP,1,1,75,388,-0.28783,-0.20656,0.08127,4.4668,-0.17522,0.35139,487.913178
MIPCIZ,1,1,91,396,-0.26013,-0.17765,0.08248,4.9338,-0.19189,-0.29038,530.963332
MIPCOF,1,1,77,332,-0.26213,-0.17983,0.0823,5.9628,-0.159205,-0.29147,428.740985
MIPDAS,1,1,83,368,-0.26883,-0.18495,0.08388,5.7399,-0.179865,-0.29553,485.639283
MIQBOG,0,1,46,280,-0.21429,-0.04918,0.16511,7.7302,-0.088374,0.16668,302.667934
MIRHIH,0,1,60,338,-0.19128,-0.07634,0.11494,4.2217,-0.140515,0.08639,428.89751
MIRHON,0,1,35,238,-0.19003,-0.07837,0.11166,3.3419,-0.067201,0.16115,247.755048
MIRHUT,0,1,35,238,-0.18873,-0.07801,0.11072,2.039,-0.066839,0.15929,247.747462
MIRJOP,0,1,60,330,-0.18942,-0.07425,0.11517,4.4742,-0.132624,0.065,414.013381
MIRKEG,0,1,57,310,-0.20299,-0.07745,0.12554,4.6218,-0.128981,0.07388,392.034978
MIRTOZ,0,1,35,246,-0.19047,-0.08011,0.11036,1.7936,-0.073188,0.18136,262.782251
MIRTUF,0,1,35,246,-0.1905,-0.08012,0.11038,1.7976,-0.073192,0.18138,262.780992
MIRVER,0,1,60,338,-0.19102,-0.07603,0.11499,4.0165,-0.140301,0.09145,428.907883
MIRVUH,0,1,59,328,-0.16903,-0.11456,0.05447,13.7696,-0.106382,0.42574,412.525798
MIRWAO,0,1,47,276,-0.17362,-0.1141,0.05952,11.158,-0.090518,0.42377,335.648863
MISFAY,0,1,37,204,-0.21757,-0.11485,0.10272,11.9647,-0.065566,0.91951,245.028571
MISXOE,0,1,127,564,-0.17265,-0.09167,0.08098,1.952,-0.227317,0.47951,763.42052
MIVMEL,0,1,202,852,-0.17303,-0.08236,0.09067,3.1695,-0.52617,-0.00589,1223.386574
MIVMOV,0,1,203,868,-0.19948,-0.07996,0.11952,0.0203,-0.530734,-0.23512,1240.883583
MIVROA,0,1,59,336,-0.17978,-0.0778,0.10198,9.2211,-0.12297,0.42442,408.641622
MIVRUG,0,1,59,372,-0.17082,-0.08035,0.09047,10.8144,-0.126131,0.31549,427.441378
MIVSIV,0,1,37,230,-0.17984,-0.03883,0.14101,8.298,-0.063739,0.44819,239.732707
MIVSOB,0,1,37,248,-0.18308,-0.04331,0.13977,4.6111,-0.064505,0.44446,246.258361
MIVSUH,0,1,37,248,-0.17965,-0.04051,0.13914,8.5416,-0.064448,0.45042,246.29301
MIVTAO,0,1,39,236,-0.18647,-0.08101,0.10546,11.6988,-0.065531,0.45609,241.495214
MIVTES,0,1,41,230,-0.17294,-0.02961,0.14333,2.336,-0.065929,0.43461,244.097071
MIVTIW,0,1,48,262,-0.17601,-0.04995,0.12606,2.442,-0.081389,0.4387,295.160176
MIVTUI,0,1,48,262,-0.17287,-0.04799,0.12488,6.0684,-0.082266,0.44334,295.164342
MIWKIN,1,1,88,410,-0.2867,-0.1728,0.1139,4.1553,-0.213377,0.45022,585.438196
MIXPIV,0,1,93,432,-0.15909,-0.05355,0.10554,8.206,-0.231107,0.16972,606.746496
MIYVEW,0,1,69,300,-0.17394,-0.09045,0.08349,6.2514,-0.165665,0.92246,422.518775
MIYVOG,0,1,59,284,-0.17043,-0.09023,0.0802,6.2188,-0.129398,0.8941,386.243172
MIYVUM,0,1,67,300,-0.15821,-0.07624,0.08197,6.2813,-0.143207,0.89795,418.631405
MIYWAT,0,1,69,318,-0.17498,-0.0857,0.08928,6.0447,-0.166607,0.92228,427.728825
MIYXOK,0,1,37,298,-0.23241,-0.11495,0.11746,7.1804,-0.071955,0.78822,259.15256
MIYZAY,0,1,27,226,-0.24214,-0.12777,0.11437,11.6682,-0.05605,0.56541,215.549584
MIYZEC,0,1,29,252,-0.24917,-0.13099,0.11818,7.9579,-0.062028,0.53535,222.696079
MIZDII,0,1,49,244,-0.17203,-0.01433,0.1577,3.0285,-0.092383,0.28021,262.096389
MIZJOV,1,1,42,268,-0.34412,-0.23618,0.10794,7.9798,-0.085818,0.54543,299.645418
MIZTUN,1,1,74,346,-0.26355,-0.1863,0.07725,9.2143,-0.159305,-0.09418,457.944595
MIZWEA,1,1,65,308,-0.26047,-0.18487,0.0756,4.7911,-0.145887,-0.09031,416.663937
MOBBEL,1,1,70,378,-0.29996,-0.20488,0.09508,10.439,-0.150748,0.372,426.830593
MOBWAC,0,1,72,356,-0.17655,-0.10491,0.07164,11.0578,-0.130948,-0.82046,454.069825
MOBYUZ,1,1,80,412,-0.30239,-0.19487,0.10752,5.7731,-0.18585,-0.07744,537.670325
MOCRIH,1,1,65,306,-0.31457,-0.181,0.13357,8.5065,-0.126273,0.43021,405.723203
MODYUB,0,1,59,362,-0.19284,-0.09868,0.09416,9.807,-0.113962,-0.78501,442.087249
MOGWIQ,0,1,97,434,-0.18376,-0.08248,0.10128,5.6986,-0.187011,0.56893,563.948642
MOLPEK,0,1,50,280,-0.19191,-0.08461,0.1073,3.5945,-0.099594,0.2324,334.366082
MOLXAO,0,1,105,452,-0.19111,-0.08953,0.10158,7.1798,-0.244581,0.47477,618.844046
MOMLUX,0,1,77,510,-0.2144,-0.12098,0.09342,0.0004,-0.165194,1.27715,518.140587
MONBUN,0,1,67,330,-0.19504,-0.11743,0.07761,18.0405,-0.113896,0.41959,397.367601
MONHEF,1,1,48,276,-0.30732,-0.21229,0.09503,11.9324,-0.094641,-0.63298,332.248778
MORJUA,0,1,75,330,-0.20735,-0.12198,0.08537,5.4409,-0.163988,0.30974,413.133056
MORKAH,0,1,71,308,-0.21548,-0.13198,0.0835,7.4946,-0.150983,0.31142,390.504768
MOSQAO,0,1,51,302,-0.19776,-0.07957,0.11819,11.6832,-0.098604,0.41192,328.945046
MOSWAU,0,1,72,358,-0.20833,-0.13245,0.07588,5.951,-0.150225,-0.75022,429.199586
MOYLIX,1,1,66,320,-0.3109,-0.20562,0.10528,3.5068,-0.124118,0.42515,386.291021
MOZKAP,0,1,92,496,-0.17044,-0.06615,0.10429,6.7729,-0.232595,0.42739,603.108159
MOZKET,0,1,92,464,-0.16135,-0.05976,0.10159,3.9587,-0.230948,0.42103,601.619607
MOZXEG,1,1,63,348,-0.30582,-0.23281,0.07301,4.1957,-0.138231,0.52856,417.797665
MUCGAS,0,1,39,256,-0.18714,-0.06837,0.11877,3.9364,-0.082738,0.38659,283.763995
MUCGAU,0,1,86,470,-0.16978,-0.06554,0.10424,7.3053,-0.213165,0.42875,563.17008
MUCGEW,0,1,39,258,-0.19866,-0.07364,0.12502,1.9796,-0.084944,0.39349,301.373388
MUCGEY,0,1,96,510,-0.17005,-0.06488,0.10517,7.9808,-0.244623,0.4269,625.865921
MUCGIA,0,1,39,290,-0.1913,-0.0732,0.1181,1.6964,-0.086267,0.38894,302.58471
MUDSEL,0,1,104,418,-0.15881,-0.07084,0.08797,8.6253,-0.239531,-0.6639,616.711071
MUFDEX,0,1,56,300,-0.19503,-0.10913,0.0859,13.3452,-0.118369,0.10899,390.326886
MUJRIS,0,1,77,476,-0.20332,-0.1139,0.08942,0.0227,-0.205618,0.77183,609.048253
MULDAZ,1,1,48,212,-0.31534,-0.13647,0.17887,2.3367,-0.087626,0.46834,266.725981
MULGIL,1,1,89,434,-0.27761,-0.18589,0.09172,6.8687,-0.19642,0.25872,598.559918
MULHEI,1,1,111,528,-0.27259,-0.17838,0.09421,5.2543,-0.273965,0.30088,735.037278
MUMGIL,0,1,45,276,-0.18498,-0.10282,0.08216,2.11,-0.09056,1.27213,315.447299
MUMGOR,0,1,64,306,-0.1797,-0.09641,0.08329,2.0084,-0.12581,1.26807,393.843728
MURCIN,0,1,88,488,-0.20548,-0.07931,0.12617,8.7101,-0.23192,0.45758,596.969878
MURCOT,0,1,88,520,-0.21449,-0.0865,0.12799,5.7177,-0.229093,0.45141,598.408489
MUXKAT,0,1,104,472,-0.19403,-0.08555,0.10848,2.4853,-0.222142,0.36164,591.947266
MUXKEX,0,1,91,412,-0.1917,-0.08244,0.10926,3.1537,-0.171888,0.50248,486.937491
MUXKOH,0,1,84,420,-0.17551,-0.07774,0.09777,0.9145,-0.180335,0.36207,549.068907
MUXNIE,0,1,83,398,-0.18715,-0.05942,0.12773,2.833,-0.153314,0.4651,496.217532
MUYLUO,1,1,33,220,-0.33646,-0.21637,0.12009,4.6379,-0.061764,0.53345,220.521961
MUYMEZ,1,1,45,256,-0.29033,-0.20957,0.08076,6.099,-0.082151,0.57798,289.236094
MUYXUA,0,1,106,476,-0.17854,-0.08595,0.09259,4.1012,-0.214453,0.6502,610.892887
MUZKAT,1,1,57,288,-0.27868,-0.17747,0.10121,0.5723,-0.136405,0.60383,392.041763
MUZKOH,1,1,57,306,-0.30764,-0.18156,0.12608,0.0063,-0.140011,0.31159,397.590481
MUZKUN,1,1,57,306,-0.31478,-0.1707,0.14408,0.0101,-0.13656,0.56622,397.401561
MUZZOW,0,1,119,488,-0.18576,-0.04461,0.14115,0.0501,-0.217525,-0.1778,630.378883
MUZZUC,0,1,107,536,-0.17713,-0.04986,0.12727,0.0468,-0.24814,-0.17151,727.085248
NABBEX,0,1,124,564,-0.17426,-0.08127,0.09299,8.5847,-0.354189,-1.41929,810.012495
NABLIN,0,1,55,306,-0.20114,-0.09547,0.10567,7.3603,-0.100047,0.58705,353.388257
NABLUY,0,1,107,596,-0.21827,-0.10106,0.11721,5.3464,-0.217143,0.95534,703.161411
NABYUM,1,1,41,264,-0.30162,-0.22701,0.07461,11.0186,-0.091581,-0.78874,305.085453
NADBID,0,1,37,212,-0.17896,-0.03397,0.14499,2.1708,-0.068382,0.27825,220.545944
NAFGOT,0,1,59,298,-0.20375,-0.12392,0.07983,4.7388,-0.127353,1.25834,396.885966
NAFGUZ,0,1,59,296,-0.19158,-0.13174,0.05984,4.727,-0.127391,0.74332,402.227519
NAFHEK,0,1,59,346,-0.19299,-0.13492,0.05807,5.1916,-0.132035,0.7236,408.93098
NAFXUP,1,1,71,384,-0.29947,-0.20673,0.09274,5.9677,-0.162759,-0.66094,486.310297
NAGPOD,0,1,67,334,-0.13974,-0.04486,0.09488,0.7053,-0.131882,0.1128,425.155362
NAHMEQ,0,1,75,346,-0.19928,-0.0725,0.12678,9.9289,-0.152724,0.15046,418.929217
NAJKOY,0,1,36,208,-0.16564,-0.02027,0.14537,4.0452,-0.065643,0.2656,207.098265
NALDUB,0,1,165,604,-0.17267,-0.08259,0.09008,0.0189,-0.260233,0.79711,854.738406
NALPUN,0,1,135,642,-0.21252,-0.14417,0.06835,4.7313,-0.414349,-1.56501,920.921317
NAMFUE,1,1,51,300,-0.27312,-0.19718,0.07594,9.0997,-0.118249,0.01786,357.585935
NANNIC,1,1,56,270,-0.2891,-0.17016,0.11894,1.4843,-0.104668,0.52703,359.551909
NANNOI,1,1,76,310,-0.2884,-0.16806,0.12034,3.5275,-0.134024,0.5081,413.126061
NANTEE,0,1,78,498,-0.19948,-0.10315,0.09633,12.0033,-0.182976,0.40408,516.857328
NARFEU,0,1,145,662,-0.17342,-0.10881,0.06461,13.6141,-0.384555,-1.41955,955.174913
NARFIX,1,1,124,530,-0.26365,-0.16281,0.10084,1.9855,-0.306668,0.29167,782.405426
NARFIY,0,1,139,646,-0.17215,-0.10819,0.06396,14.216,-0.354815,-1.42635,932.156223
NARFOE,0,1,147,664,-0.172,-0.10832,0.06368,13.6069,-0.387798,-1.41937,959.727197
NARRUU,0,1,41,226,-0.21435,-0.12404,0.09031,11.7683,-0.079216,0.95209,288.882401
NASZOY,0,1,91,520,-0.17344,-0.10569,0.06775,6.3065,-0.262288,1.17903,650.314483
NATHUN,1,1,51,276,-0.25565,-0.22274,0.03291,6.1408,-0.091687,0.9071,324.661861
NATLAW,0,1,67,308,-0.20435,-0.0337,0.17065,8.6952,-0.128094,0.15174,361.554557
NAVPAB,0,1,69,364,-0.18087,-0.11546,0.06541,4.5887,-0.151689,0.35822,422.524219
NAVPIJ,0,1,49,276,-0.18603,-0.11555,0.07048,4.99,-0.094663,0.25044,307.347282
NAVRUA,0,1,78,490,-0.19874,-0.09876,0.09998,11.8517,-0.17248,0.40486,501.708674
NAWBUK,0,1,92,412,-0.14589,-0.04887,0.09702,6.2865,-0.232078,0.31568,613.872595
NAWCAR,0,1,93,406,-0.15263,-0.04909,0.10354,6.7521,-0.226628,0.24812,614.126246
NAWCEV,0,1,99,432,-0.15504,-0.07121,0.08383,5.9238,-0.256721,0.32737,654.088523
NAXQOS,1,1,50,304,-0.32395,-0.21888,0.10507,8.9198,-0.106079,-0.6341,370.454308
NAZRAI,0,1,87,424,-0.17413,-0.0847,0.08943,2.8078,-0.186332,0.45877,553.045993
NEBKEK,0,1,26,214,-0.21102,-0.08495,0.12607,4.4701,-0.054807,-1.08037,239.010237
NECJEN,0,1,40,246,-0.19104,-0.10651,0.08453,12.7935,-0.076292,0.349,255.828872
NECJIR,0,1,64,318,-0.17263,-0.10588,0.06675,12.0739,-0.11392,0.41916,393.796804
NECKUB,0,1,29,212,-0.21751,-0.08567,0.13184,5.5501,-0.058102,-1.0834,241.758346
NECVAT,1,1,94,364,-0.26022,-0.15473,0.10549,7.812,-0.194325,1.06216,495.158563
NEGSID,0,1,129,476,-0.16919,-0.0748,0.09439,6.113,-0.221942,1.26069,643.155206
NEHBAE,1,1,95,374,-0.31485,-0.13185,0.183,0.0067,-0.192303,0.44991,517.153991
NEHHOZ,0,1,105,398,-0.18186,-0.08895,0.09291,0.0009,-0.170733,1.26488,565.578102
NEJSUT,0,1,47,282,-0.18752,-0.08441,0.10311,3.4358,-0.096592,0.24571,331.450363
NEJVOO,0,1,81,390,-0.17504,-0.05501,0.12003,8.546,-0.186774,-0.3102,481.324685
NEKYAD,0,1,29,238,-0.19995,-0.13203,0.06792,12.2144,-0.060966,0.3458,221.368886
NEKYEH,0,1,31,226,-0.19511,-0.11276,0.08235,11.9884,-0.059704,0.33322,217.721243
NELROM,0,1,59,292,-0.20633,-0.09475,0.11158,11.3912,-0.125173,0.93266,352.95283
NELTII,0,1,68,296,-0.17342,-0.08528,0.08814,6.6616,-0.121665,1.18212,384.362227
NELTOO,0,1,65,286,-0.17016,-0.08778,0.08238,5.6077,-0.103988,1.1655,374.486991
NEMZEN,0,1,89,408,-0.19476,-0.06763,0.12713,2.1545,-0.181,0.45924,515.408263
NENGUL,0,1,95,438,-0.18382,-0.08838,0.09544,2.4675,-0.214154,0.78975,637.418998
NEPBAM,0,1,67,364,-0.1758,-0.07212,0.10368,1.248,-0.144546,0.46706,445.325995
NEPRIK,0,1,69,356,-0.17448,-0.06766,0.10682,2.7758,-0.143386,0.5769,450.418495
NERXOZ,0,1,66,414,-0.20922,-0.08681,0.12241,8.0605,-0.138155,0.44302,415.787281
NESHOJ,0,1,42,230,-0.20408,-0.12625,0.07783,10.9349,-0.085581,0.33938,271.229065
NESHUO,0,1,57,302,-0.18982,-0.09663,0.09319,1.8983,-0.120445,0.78856,402.498515
NESHUP,0,1,48,246,-0.20376,-0.12611,0.07765,10.8417,-0.096826,0.33873,294.594754
NESJAW,0,1,71,320,-0.18605,-0.09781,0.08824,0.3495,-0.137531,0.78562,463.655602
NESJAX,0,1,45,238,-0.20295,-0.12449,0.07846,10.8552,-0.089588,0.33808,282.737172
NESJEB,0,1,36,230,-0.19968,-0.12542,0.07426,9.8743,-0.071636,0.37275,249.567374
NESJIF,0,1,36,246,-0.1972,-0.12485,0.07235,10.1202,-0.081922,0.32272,274.108858
NESSUC,0,1,34,248,-0.19869,-0.09381,0.10488,1.3417,-0.067152,0.43619,245.50299
NEWMIN,0,1,54,310,-0.22258,-0.09259,0.12999,9.3259,-0.114675,0.45482,332.342286
NEXFUU,0,1,115,516,-0.1945,-0.09579,0.09871,9.3094,-0.274555,0.1636,685.505283
NEXGEF,0,1,101,452,-0.2103,-0.03948,0.17082,7.6609,-0.211465,0.1399,588.613399
NEXHOO,0,1,80,406,-0.16726,-0.08355,0.08371,4.4059,-0.138316,0.5842,489.751324
NEXHUU,0,1,50,286,-0.19987,-0.08938,0.11049,5.3549,-0.084536,0.5832,322.230106
NEXJEG,0,1,57,300,-0.17081,-0.07113,0.09968,2.1298,-0.103834,0.57587,358.833076
NEXJIK,0,1,72,390,-0.18267,-0.08817,0.0945,4.9459,-0.129068,0.58598,457.458354
NEXKEH,0,1,88,398,-0.16886,-0.0455,0.12336,1.7105,-0.187666,0.22479,490.937686
NEXKIL,0,1,88,422,-0.18085,-0.05024,0.13061,5.1145,-0.188802,0.22964,491.741882
NEYYEX,1,1,85,440,-0.27618,-0.21608,0.0601,0.0007,-0.211504,0.67354,599.622091
NIBCIM,0,1,42,274,-0.17816,-0.08686,0.0913,13.9439,-0.077808,-0.79328,310.925251
NICGAJ,0,1,109,492,-0.16727,-0.07327,0.094,5.6751,-0.266654,0.30995,686.020663
NICGEN,0,1,108,498,-0.16544,-0.07308,0.09236,6.7725,-0.276683,0.45685,685.763426
NICGIR,0,1,108,458,-0.15918,-0.06073,0.09845,3.8649,-0.273658,0.41789,682.530876
NICGOX,0,1,98,418,-0.15964,-0.06448,0.09516,3.5856,-0.234873,0.4764,619.913009
NICGUD,0,1,99,480,-0.16986,-0.07408,0.09578,4.3923,-0.244813,0.30402,657.298593
NICNOD,0,1,58,330,-0.20701,-0.07908,0.12793,8.0233,-0.12285,-0.01027,363.776588
NICNUJ,0,1,62,354,-0.20947,-0.08013,0.12934,7.0603,-0.134495,-0.0147,403.074776
NIDFEM,0,1,45,208,-0.17575,-0.09101,0.08474,2.1422,-0.082923,1.26763,277.901111
NIHTIK,0,1,51,320,-0.17846,-0.10346,0.075,4.2273,-0.129623,0.89372,390.950063
NIHXUY,1,1,69,344,-0.2725,-0.19598,0.07652,7.05,-0.151142,0.07788,455.416028
NIKGAQ,0,1,47,254,-0.19706,-0.08155,0.11551,5.8863,-0.101956,-0.26237,293.521257
NIKMOJ,0,1,81,398,-0.21078,-0.12145,0.08933,0.0104,-0.172268,1.26892,555.442288
NIKNAW,0,1,81,398,-0.21076,-0.12151,0.08925,0.0056,-0.172273,1.26898,555.442503
NIKRUX,0,1,60,336,-0.16761,-0.06179,0.10582,2.2471,-0.144323,0.43911,409.848902
NIKSUY,0,1,74,468,-0.19469,-0.08202,0.11267,2.9853,-0.17744,0.43049,475.224914
NILFEU,0,1,46,324,-0.1818,-0.10419,0.07761,14.6213,-0.095104,-0.82328,355.81132
NILGEV,0,1,183,792,-0.19581,-0.11408,0.08173,3.1045,-0.451151,0.7917,1073.504144
NIMCOC,0,1,71,354,-0.20341,-0.09406,0.10935,13.7236,-0.153615,1.11933,425.374667
NIMTIO,0,1,80,382,-0.18274,-0.10684,0.0759,19.9605,-0.141301,0.44316,481.231311
NIMTUA,0,1,121,586,-0.15491,-0.10208,0.05283,13.7502,-0.318762,-0.34941,793.760065
NIPKOO,1,1,120,594,-0.24133,-0.18189,0.05944,23.0009,-0.286425,-0.33126,729.221014
NIPTIS,1,1,131,470,-0.31669,-0.12568,0.19101,0.0965,-0.279433,0.4385,657.372739
NIRMUY,1,1,47,218,-0.30534,-0.18828,0.11706,4.0295,-0.089005,-0.17854,259.653887
NISHOP,0,1,29,230,-0.18791,-0.12995,0.05796,18.3337,-0.062542,0.19206,243.903213
NITJAB,0,1,55,308,-0.17194,-0.05158,0.12036,4.7292,-0.115067,-0.61418,370.430762
NIWNOX,0,1,56,276,-0.20038,-0.09603,0.10435,6.08,-0.097317,1.16973,345.456646
NIWPOA,0,1,49,272,-0.18755,-0.06587,0.12168,3.5068,-0.088742,0.5716,313.401198
NIWPUG,0,1,69,360,-0.17351,-0.06164,0.11187,2.5687,-0.14263,0.40004,459.956523
NIYJUA,0,1,109,430,-0.17564,-0.08035,0.09529,0.002,-0.215127,1.26825,583.128741
NIYRAQ,0,1,88,442,-0.17081,-0.06196,0.10885,5.2223,-0.195995,0.38848,571.887381
NIYREV,0,1,97,486,-0.16645,-0.0783,0.08815,4.2935,-0.21482,0.45362,617.383153
NIYRIZ,0,1,99,484,-0.1704,-0.0698,0.1006,3.1437,-0.223326,0.45885,617.061246
NIYWAW,0,1,38,256,-0.18458,-0.10454,0.08004,8.1041,-0.084658,-0.78372,300.185168
NIYZED,0,1,45,304,-0.19547,-0.07596,0.11951,3.6144,-0.084743,0.57597,317.234924
NIYZIH,0,1,57,284,-0.19017,-0.07236,0.11781,2.717,-0.099012,0.57836,333.332087
NIYZON,0,1,48,352,-0.21117,-0.09613,0.11504,0.7996,-0.090356,0.60094,333.317823
NIYZUT,0,1,60,332,-0.20566,-0.09267,0.11299,2.4364,-0.104621,0.60187,349.343224
NIZHUB,1,1,113,514,-0.2845,-0.1388,0.1457,0.4154,-0.307133,0.20528,765.075494
NIZJEN,1,1,113,546,-0.27245,-0.14052,0.13193,0.5486,-0.317042,-0.13773,764.135951
NIZJIR,1,1,135,610,-0.27883,-0.12617,0.15266,0.4091,-0.380964,0.20507,900.030387
NOBHAQ,0,1,86,460,-0.19935,-0.10548,0.09387,18.5114,-0.17348,1.17049,553.540645
NOBJIZ,0,1,44,286,-0.21259,-0.1231,0.08949,9.7729,-0.091987,-0.65186,337.569266
NOBJOF,1,1,46,286,-0.3186,-0.21019,0.10841,11.3435,-0.095145,-0.66433,340.544477
NOBKAS,1,1,47,298,-0.32413,-0.21512,0.10901,12.1158,-0.095398,-0.65902,353.412701
NOBKEW,1,1,48,300,-0.32218,-0.21349,0.10869,9.994,-0.095968,-0.65919,353.992921
NOBKIA,1,1,45,286,-0.32577,-0.21879,0.10698,5.6751,-0.090544,-0.66369,336.133275
NOBKOG,1,1,46,288,-0.3232,-0.21667,0.10653,13.3297,-0.089167,-0.66061,336.646787
NOBYOU,0,1,37,204,-0.20851,-0.15787,0.05064,0.0592,-0.055674,0.89923,204.740516
NOCCAL,0,1,38,264,-0.19059,-0.14701,0.04358,20.983,-0.07936,-0.17943,279.882605
NOCCEP,0,1,38,232,-0.18901,-0.14805,0.04096,21.6748,-0.07834,-0.14058,278.631423
NOCGAN,0,1,89,618,-0.20837,-0.12826,0.08011,4.4329,-0.246606,0.75853,699.098551
NOCSIH,0,1,63,360,-0.19334,-0.1548,0.03854,12.702,-0.119658,-0.10223,406.646555
NODNEA,0,1,77,358,-0.20735,-0.04863,0.15872,11.2894,-0.155183,0.16807,440.509823
NODNIE,0,1,61,326,-0.1993,-0.05257,0.14673,7.9418,-0.124383,0.18499,380.92518
NODNOM,0,1,92,430,-0.18464,-0.06614,0.1185,6.7836,-0.172127,0.43952,509.365615
NOEPOR,0,1,85,316,-0.1762,-0.07956,0.09664,0.0016,-0.149056,0.78475,444.779559
NOFHIA,0,1,77,388,-0.18073,-0.06053,0.1202,4.5024,-0.200304,-0.58022,510.306372
NOFTUX,0,1,35,258,-0.19638,-0.13241,0.06397,13.6006,-0.074428,0.34717,273.225571
NOGWEN,0,1,106,474,-0.18658,-0.10177,0.08481,1.852,-0.178542,1.2692,607.442758
NOHPIL,0,1,48,270,-0.18384,-0.06911,0.11473,1.6407,-0.088652,0.28497,295.415288
NOHZER,0,1,133,544,-0.16926,-0.05625,0.11301,0.005,-0.244547,0.02769,722.159015
NOJBAQ,0,1,26,154,-0.21581,-0.1084,0.10741,10.5295,-0.047016,0.9249,183.89907
NOLGUS,0,1,84,390,-0.16906,-0.06586,0.1032,1.1684,-0.196112,0.41354,502.19215
NOLXUH,0,1,121,412,-0.16255,-0.08119,0.08136,0.5611,-0.221589,0.68082,584.709569
NOMXEV,0,1,42,192,-0.16394,-0.07263,0.09131,6.2194,-0.067236,0.75419,249.894417
NOMXOE,-1,1,79,394,-0.07153,0.00167,0.0732,8.7752,-0.146068,0.19046,505.451961
NOMXOF,0,1,40,198,-0.18883,-0.08883,0.1,9.485,-0.066398,0.74995,247.313166
NONPAI,0,1,42,192,-0.16801,-0.10127,0.06674,9.3013,-0.076612,0.43419,262.603155
NONPEM,0,1,42,228,-0.1663,-0.10313,0.06317,9.9495,-0.081135,0.41308,280.744345
NONQUE,1,1,75,354,-0.27578,-0.17221,0.10357,1.8853,-0.170063,-0.87455,444.883369
NOPFIJ,0,1,84,382,-0.18632,-0.04943,0.13689,5.245,-0.151901,0.56116,479.564891
NOPFUV,0,1,85,372,-0.18723,-0.06639,0.12084,5.8503,-0.148158,0.57854,442.794038
NOPHAC,0,1,101,476,-0.16866,-0.04625,0.12241,0.0127,-0.231129,-0.1753,661.47632
NOPNEO,0,1,67,316,-0.17313,-0.11059,0.06254,1.5164,-0.128738,1.29295,425.462528
NOPNIQ,1,1,79,356,-0.2722,-0.18379,0.08841,3.8091,-0.198383,0.38402,530.113384
NOPSAP,0,1,51,254,-0.19966,-0.08393,0.11573,2.0688,-0.095278,0.57166,274.882157
NOPSET,0,1,53,256,-0.19361,-0.07896,0.11465,0.1003,-0.077165,0.62063,279.807735
NOPSIX,0,1,57,270,-0.19853,-0.08377,0.11476,1.8262,-0.099654,0.58894,298.20967
NOPTAQ,0,1,63,286,-0.19781,-0.08361,0.1142,1.8359,-0.105756,0.59236,321.50275
NOQMOW,0,1,58,240,-0.15857,-0.06436,0.09421,3.2551,-0.090697,0.74613,313.064493
NORLEL,0,1,87,402,-0.18593,-0.08478,0.10115,1.0044,-0.18119,-0.17751,530.943955
NORRET,0,1,28,194,-0.20741,-0.06407,0.14334,9.8155,-0.047893,0.18333,189.576014
NOSZAY,0,1,45,260,-0.19559,-0.07761,0.11798,4.2868,-0.077436,0.57817,287.102827
NOVMAO,1,1,44,284,-0.31037,-0.22732,0.08305,4.7912,-0.090547,0.55125,323.645765
NOVVUR,0,1,63,460,-0.22358,-0.131,0.09258,12.8805,-0.142663,-0.88086,453.079026
NOVWIG,0,1,71,488,-0.22246,-0.12237,0.10009,12.3128,-0.169388,-0.8751,493.068975
NOXGUE,0,1,115,436,-0.20692,-0.03812,0.1688,8.4524,-0.218281,0.13917,548.305053
NOXHAL,0,1,139,500,-0.21123,-0.0383,0.17293,8.7366,-0.25689,0.13498,641.703817
NOXJAN,0,1,70,326,-0.18559,-0.0411,0.14449,4.3084,-0.122761,0.45152,393.082198
NOXJER,0,1,58,286,-0.18511,-0.04008,0.14503,4.1075,-0.103234,0.45226,331.656801
NOXQOI,0,1,39,232,-0.18478,-0.06979,0.11499,3.6512,-0.066761,0.46471,251.243372
NOXQUO,0,1,57,314,-0.19065,-0.07601,0.11464,5.6661,-0.102074,0.47995,339.894152
NOXREZ,0,1,96,444,-0.17873,-0.09372,0.08501,1.3125,-0.213593,0.76635,642.976736
NOXRID,0,1,93,436,-0.18102,-0.09435,0.08667,1.7919,-0.208958,0.7641,631.492617
NOYBEK,0,1,101,500,-0.18571,-0.07923,0.10648,6.8159,-0.238541,0.47154,654.436315
NUDXUG,0,1,97,428,-0.18625,-0.0835,0.10275,10.3369,-0.196926,0.47667,516.344617
NUDYAN,0,1,97,428,-0.17795,-0.0809,0.09705,12.4886,-0.198653,0.48243,516.340386
NUDYER,0,1,100,436,-0.18428,-0.08447,0.09981,7.1847,-0.19114,0.47547,527.882089
NUHBOH,0,1,60,340,-0.18958,-0.08308,0.1065,5.9468,-0.12024,0.06436,350.907669
NUKXAU,0,1,173,686,-0.18065,-0.10382,0.07683,0.0005,-0.34994,1.26763,1013.292856
NUMKOX,-1,1,79,364,-0.07021,0.00786,0.07807,6.1739,-0.165785,1.03482,524.687602
NUMLAK,-1,1,80,380,-0.06894,0.00524,0.07418,6.5365,-0.17369,1.14777,544.426165
NUMSUL,0,1,83,366,-0.18031,-0.09193,0.08838,0.2511,-0.165724,1.26466,527.654329
NUMTIA,0,1,80,360,-0.15487,-0.08128,0.07359,4.3657,-0.168979,1.19044,513.954809
NUPDUZ,0,1,72,366,-0.16568,-0.07592,0.08976,1.4147,-0.143578,0.53158,459.700432
NUPFAH,0,1,82,406,-0.16732,-0.07487,0.09245,1.6999,-0.15981,0.53296,522.299941
NUPQOG,0,1,71,364,-0.17228,-0.09056,0.08172,7.3014,-0.14603,0.81506,471.661436
NUPROH,0,1,72,334,-0.16351,-0.07546,0.08805,2.1529,-0.14251,0.52839,458.351724
NUPRUN,0,1,82,374,-0.16503,-0.07404,0.09099,2.3569,-0.157612,0.52592,520.94175
NUQQIB,0,1,79,420,-0.19013,-0.11927,0.07086,15.2931,-0.14378,0.65269,470.02119
NUQTAW,0,1,59,342,-0.18294,-0.0703,0.11264,2.3225,-0.139651,0.09842,427.810381
NUQTEA,0,1,59,342,-0.18284,-0.07027,0.11257,2.3004,-0.139649,0.09897,427.813726
NUQTIE,0,1,59,342,-0.18283,-0.07027,0.11256,2.3016,-0.139671,0.09859,427.812072
NUQTOK,0,1,59,342,-0.18261,-0.07024,0.11237,2.298,-0.139714,0.0984,427.808396
NUQTUQ,0,1,59,342,-0.18263,-0.07023,0.1124,2.3037,-0.139709,0.09815,427.807614
NUTHER,0,1,101,452,-0.17618,-0.08899,0.08719,3.3862,-0.232447,1.2702,627.662599
NUTKUI,0,1,58,314,-0.1506,-0.09002,0.06058,9.2638,-0.132202,0.26528,417.50083
NUTWUW,0,1,60,304,-0.15229,-0.09878,0.05351,11.0512,-0.109325,0.18459,362.443075
NUVWOQ,0,1,33,232,-0.16169,-0.10822,0.05347,9.3349,-0.067881,0.19132,258.108297
NUWCUF,1,1,118,504,-0.2636,-0.15389,0.10971,10.7565,-0.260113,0.11657,661.23822
NUXWEK,0,1,63,254,-0.18185,-0.09636,0.08549,0.949,-0.122787,0.68957,352.472142
NUXWOU,0,1,63,256,-0.18333,-0.08838,0.09495,0.9402,-0.123909,1.29079,347.559474
OBEVOH,1,1,79,352,-0.27755,-0.18732,0.09023,2.9117,-0.179264,1.09123,456.220565
OBITIC,1,1,62,306,-0.2764,-0.19387,0.08253,7.9121,-0.133645,0.09849,402.124328
OBOHAP,0,1,123,574,-0.17405,-0.08813,0.08592,9.6734,-0.33067,1.19536,843.973054
OBUNIL,0,1,43,226,-0.2119,-0.13313,0.07877,9.209,-0.080214,0.90443,297.572566
OCADAY,0,1,42,226,-0.196,-0.09903,0.09697,10.3927,-0.08316,0.94322,292.861642
OCAROZ,0,1,44,192,-0.16986,-0.06946,0.1004,5.9226,-0.073338,0.7448,256.561475
OCATOE,0,1,98,482,-0.16625,-0.0772,0.08905,5.7022,-0.215901,0.47532,632.103462
OCINUL,0,1,225,766,-0.17266,-0.08525,0.08741,0.0032,-0.369587,1.26293,1082.259856
OCIRID,0,1,109,380,-0.17594,-0.07889,0.09705,0.1934,-0.196822,0.75948,537.994103
OCOYOV,0,1,76,382,-0.17579,-0.07353,0.10226,0.8932,-0.16692,-0.16715,484.566445
OCUTEN,0,1,44,286,-0.18779,-0.08848,0.09931,9.0867,-0.08773,-0.98385,318.344667
ODALIR,0,1,77,348,-0.18056,-0.094,0.08656,6.6697,-0.134366,0.61566,426.986471
ODAWIZ,0,1,67,292,-0.18228,-0.084,0.09828,1.4946,-0.12502,0.79475,399.892935
ODAWOF,0,1,67,292,-0.18221,-0.08384,0.09837,1.4688,-0.125318,0.79034,399.913935
ODEBII,1,1,64,314,-0.27927,-0.19048,0.08879,5.1404,-0.151166,-0.30541,406.88217
ODIRID,0,1,70,308,-0.16811,-0.09029,0.07782,6.3018,-0.117117,1.16961,401.787015
ODIROJ,0,1,70,308,-0.16777,-0.09039,0.07738,6.3738,-0.117087,1.16914,401.793129
ODIRUP,0,1,67,298,-0.16919,-0.0902,0.07899,4.9693,-0.110455,1.16203,391.773129
ODISAW,0,1,70,308,-0.16814,-0.09033,0.07781,6.2974,-0.11709,1.16943,401.788676
ODOYAK,1,1,96,472,-0.29369,-0.21042,0.08327,8.9632,-0.253772,0.45894,659.745209
ODUGAX,0,1,37,240,-0.23164,-0.10416,0.12748,10.5038,-0.07071,0.45376,235.579054
OEBPNI,0,1,90,336,-0.16462,-0.09201,0.07261,0.9297,-0.167213,0.76695,474.011845
OFEPOH,0,1,69,340,-0.18909,-0.09327,0.09582,11.5275,-0.102076,0.34912,383.741647
OFOREG,0,1,50,262,-0.19011,-0.0725,0.11761,2.2758,-0.085778,0.59892,291.318745
OGABOQ,0,1,86,426,-0.18222,-0.05674,0.12548,10.3508,-0.205038,-0.15638,578.476312
OGAYAY,1,1,74,332,-0.29451,-0.14341,0.1511,5.4093,-0.171178,0.37581,488.807363
OGAYOM,1,1,149,636,-0.2737,-0.12733,0.14637,0.2236,-0.437873,0.12434,954.126838
OGEBEJ,0,1,73,320,-0.15993,-0.08854,0.07139,6.933,-0.152433,1.15541,440.530894
OGEDOT,0,1,109,416,-0.22833,-0.02493,0.2034,0.0046,-0.221613,-0.32386,514.652467
OGEDUZ,0,1,109,366,-0.1982,-0.04191,0.15629,0.0014,-0.216503,-0.16456,505.773591
OGUWOD,0,1,86,376,-0.17486,-0.04979,0.12507,6.8462,-0.185796,1.18044,514.676595
OGUWUJ,0,1,86,384,-0.17611,-0.05535,0.12076,4.5046,-0.193922,1.01828,529.69887
OGUYEV,1,1,110,482,-0.27066,-0.17092,0.09974,2.9067,-0.299955,0.14704,723.820176
OGUYIZ,1,1,107,474,-0.27394,-0.17506,0.09888,2.8154,-0.290599,0.13961,712.392967
OHIBOX,0,1,68,388,-0.19339,-0.1116,0.08179,8.1256,-0.144171,-0.78599,496.197858
OHITOP,0,1,87,456,-0.18408,-0.10665,0.07743,12.7413,-0.168519,-0.82298,568.348047
OHUMUB,0,1,58,350,-0.21329,-0.08507,0.12822,7.623,-0.124549,0.43981,376.203147
OHUNAI,0,1,60,366,-0.20971,-0.08213,0.12758,6.37,-0.12661,0.43731,386.311089
OHUYUL,0,1,55,302,-0.1776,-0.03812,0.13948,4.7863,-0.119224,0.2295,366.16767
OJASUO,0,1,58,298,-0.18847,-0.09084,0.09763,2.9436,-0.115525,0.52568,365.362321
OJATAV,0,1,50,286,-0.19763,-0.10182,0.09581,6.7767,-0.101409,0.53013,343.511127
OJATEZ,0,1,50,254,-0.1955,-0.09982,0.09568,8.1352,-0.0986,0.52926,341.917526
OJEMEW,1,1,55,274,-0.26017,-0.19334,0.06683,9.7509,-0.121891,-0.65257,358.02913
OJERUR,0,1,64,336,-0.15358,-0.07238,0.0812,7.7973,-0.13306,0.18351,436.251745
OJESAY,0,1,75,364,-0.15614,-0.0758,0.08034,8.5477,-0.16527,-0.31063,441.4563
OJOGIE,0,1,99,460,-0.17651,-0.07567,0.10084,7.0381,-0.212527,0.42719,575.151855
OJONIK,1,1,103,410,-0.2848,-0.20712,0.07768,0.6865,-0.249476,-0.6041,604.788329
OJOXUH,0,1,91,386,-0.18719,-0.11022,0.07697,6.5968,-0.185393,1.22849,519.673746
OJURIW,0,1,73,360,-0.1695,-0.07917,0.09033,2.9952,-0.155816,0.45239,450.912063
OJURUI,0,1,79,440,-0.1952,-0.0944,0.1008,8.9221,-0.166431,0.46203,481.982605
OJUSAP,0,1,73,408,-0.18647,-0.09242,0.09405,7.6614,-0.158359,0.45944,453.770322
OJUSIX,0,1,73,408,-0.18304,-0.08908,0.09396,7.5516,-0.158182,0.43867,453.866623
OJUWAR,1,1,63,282,-0.27814,-0.18909,0.08905,2.2916,-0.142904,0.37968,396.000524
OJUWIZ,1,1,75,318,-0.25251,-0.17867,0.07384,1.9744,-0.161999,0.63476,445.524342
OKADUB,0,1,51,284,-0.19513,-0.1234,0.07173,3.6677,-0.093529,0.53653,321.720311
OKEXUZ,0,1,38,226,-0.21403,-0.12544,0.08859,8.5832,-0.080716,0.9098,289.559917
OKIYOY,0,1,82,398,-0.19719,-0.10084,0.09635,11.6324,-0.147678,0.9444,510.171868
OKOQIO,0,1,85,366,-0.1801,-0.08001,0.10009,0.0594,-0.153541,0.66013,452.562662
OKOREL,0,1,85,318,-0.17619,-0.08062,0.09557,0.1555,-0.147417,1.26039,439.945226
OLESUT,0,1,89,454,-0.16959,-0.11294,0.05665,13.2427,-0.169498,0.42001,591.096835
OLUCOP,0,1,100,524,-0.18329,-0.10564,0.07765,19.1606,-0.185728,-0.7837,638.461124
OLUNIT,0,1,33,204,-0.20247,-0.03218,0.17029,9.6282,-0.055564,0.17966,205.66004
OLUNOZ,0,1,38,214,-0.20344,-0.02546,0.17798,9.5885,-0.068261,0.15477,209.364418
OLUNUF,0,1,39,236,-0.2071,-0.06866,0.13844,7.5071,-0.070343,0.18137,252.086028
OLUPAN,0,1,42,244,-0.20471,-0.05402,0.15069,7.8921,-0.075047,0.16451,263.666865
OLUPER,0,1,45,252,-0.20199,-0.03395,0.16804,7.2354,-0.087383,0.159,275.291299
OLUPIV,0,1,35,238,-0.22955,-0.10271,0.12684,9.9467,-0.069192,0.48754,234.861645
OLUPOB,0,1,40,248,-0.23007,-0.10398,0.12609,10.2752,-0.081622,0.43536,238.536007
OLUPUH,0,1,41,270,-0.21908,-0.08793,0.13115,10.593,-0.085824,0.48794,281.319361
OLUQAO,0,1,44,278,-0.22832,-0.09851,0.12981,7.4258,-0.097508,0.44153,292.865547
OLUQES,0,1,47,286,-0.22462,-0.1012,0.12342,7.6216,-0.105834,0.42412,304.481935
OLUXEZ,1,1,116,500,-0.26218,-0.19323,0.06895,1.1504,-0.304149,0.35049,745.649442
OMAWUW,1,1,116,518,-0.28624,-0.21616,0.07008,3.8312,-0.294633,-0.74664,750.37027
OMAZUZ,0,1,36,184,-0.22168,-0.12426,0.09742,9.4123,-0.064177,0.9495,229.66598
OMEFOD,0,1,75,350,-0.1861,-0.10593,0.08017,0.0046,-0.152366,1.25133,427.135546
OMEYUA,0,1,77,436,-0.19526,-0.12744,0.06782,5.6018,-0.18689,0.75671,574.420974
OMIFEX,0,1,66,306,-0.14788,-0.08369,0.06419,7.4586,-0.147881,0.36667,444.196062
OMIFIB,0,1,66,324,-0.151,-0.08701,0.06399,8.9226,-0.152744,0.30859,450.581135
OMODUR,0,1,86,504,-0.17454,-0.06868,0.10586,6.7095,-0.219022,0.42648,581.770616
OMOFAZ,0,1,66,408,-0.17368,-0.07587,0.09781,3.859,-0.149512,0.53785,457.419896
OMUDEH,0,1,73,276,-0.16714,-0.0729,0.09424,0.114,-0.124644,1.11562,380.098937
ONABEM,0,1,78,348,-0.17189,-0.08813,0.08376,10.8818,-0.130843,0.30645,437.678741
ONABIQ,0,1,54,284,-0.17281,-0.08964,0.08317,11.4341,-0.093472,0.30863,344.687343
ONABOW,0,1,54,300,-0.17401,-0.09314,0.08087,13.4154,-0.094874,0.3064,345.120089
ONACIR,0,1,146,644,-0.18782,-0.10759,0.08023,8.4647,-0.305861,-0.78396,876.581158
ONEZOY,0,1,57,336,-0.18461,-0.10226,0.08235,8.7477,-0.120157,-0.78652,420.810692
ONEZUE,0,1,47,312,-0.18753,-0.10556,0.08197,7.3321,-0.104257,-0.78641,370.424205
ONIBAQ,0,1,47,330,-0.18791,-0.10611,0.0818,7.2282,-0.104882,-0.7867,377.033405
ONIBEU,0,1,55,320,-0.17805,-0.0939,0.08415,11.8998,-0.112727,-0.78696,390.908991
ONIYIU,0,1,77,406,-0.19172,-0.05191,0.13981,5.6507,-0.189904,-0.21967,512.364457
OPUHIS,0,1,59,298,-0.16744,-0.07922,0.08822,10.4612,-0.127592,0.62277,350.642886
OQISOX,0,1,61,368,-0.21272,-0.12211,0.09061,0.3505,-0.125155,1.14887,400.80074
OQITAK,0,1,54,332,-0.19269,-0.12316,0.06953,2.9862,-0.105355,1.227,343.459796
OREDEW,0,1,65,376,-0.20067,-0.10879,0.09188,4.1859,-0.144072,0.47264,420.313629
OROJUB,0,1,93,412,-0.17073,-0.08324,0.08749,0.0394,-0.179862,0.7705,575.126818
ORUHIT,1,1,31,150,-0.34717,-0.14715,0.20002,0.0076,-0.041184,0.44025,175.0993
ORUHOZ,1,1,31,214,-0.33849,-0.15974,0.17875,0.0127,-0.054291,0.45718,225.241433
OSALEA,1,1,47,274,-0.31205,-0.2092,0.10285,8.0268,-0.094533,0.63125,314.614172
OSEHIF,0,1,109,478,-0.20637,-0.13367,0.0727,11.2916,-0.271665,0.29731,673.892629
OSIPIR,0,1,62,326,-0.17216,-0.09032,0.08184,3.8415,-0.112384,0.86012,390.412228
OSOHEL,1,1,59,286,-0.29103,-0.14554,0.14549,0.0002,-0.109323,0.42502,354.824648
OSOJEN,0,1,67,358,-0.17799,-0.03284,0.14515,12.4881,-0.1277,0.20036,371.980353
OTAGIA,0,1,129,556,-0.17829,-0.07667,0.10162,1.0862,-0.256156,0.46431,733.39034
OTAQIL,1,1,74,332,-0.29457,-0.14327,0.1513,5.3803,-0.171123,0.37581,488.808534
OTEFEZ,0,1,39,228,-0.21174,-0.12797,0.08377,9.5199,-0.068139,0.8978,254.408022
OTEFID,0,1,33,212,-0.21986,-0.12695,0.09291,9.5429,-0.062319,0.93077,231.10362
OTEFOJ,0,1,28,184,-0.2021,-0.12522,0.07688,11.4195,-0.052815,0.32707,211.503475
OTETEN,0,1,43,274,-0.19773,-0.10934,0.08839,8.4014,-0.085812,-0.65527,324.834996
OTETIR,0,1,45,286,-0.20117,-0.11184,0.08933,9.3824,-0.100985,-0.64851,342.188292
OTETOX,0,1,45,288,-0.21115,-0.11918,0.09197,8.8355,-0.093768,-0.64876,338.176693
OTETUD,0,1,47,300,-0.21009,-0.11756,0.09253,7.686,-0.103817,-0.64981,355.560473
OTEVAL,0,1,48,296,-0.20439,-0.11318,0.09121,9.5371,-0.093328,-0.65536,349.508791
OTEVIT,0,1,49,304,-0.20314,-0.1121,0.09104,8.4985,-0.093809,-0.65672,354.520765
OTEVOZ,0,1,51,316,-0.20696,-0.11441,0.09255,8.8691,-0.110448,-0.64859,371.848806
OTEYUJ,0,1,62,342,-0.17363,-0.07859,0.09504,1.0968,-0.11265,0.59117,396.814563
OTIDUS,0,1,70,338,-0.19567,-0.08387,0.1118,4.1431,-0.130617,0.59129,409.640516
OTIGIJ,0,1,93,580,-0.16707,-0.09331,0.07376,2.4374,-0.22601,0.51478,619.720196
OTIWEU,0,1,100,438,-0.15871,-0.03876,0.11995,12.9743,-0.169954,0.09041,524.025726
OTIWIY,0,1,92,390,-0.14289,-0.03103,0.11186,8.7607,-0.158538,0.08452,490.68462
OTIXUM,0,1,79,320,-0.13621,-0.0918,0.04441,2.3837,-0.162182,0.96312,428.446047
OTIYAT,0,1,91,384,-0.17187,-0.02743,0.14444,0.604,-0.19873,1.37657,487.526818
OTIYIB,0,1,67,302,-0.17547,-0.08901,0.08646,12.8447,-0.136016,0.62232,390.943828
OTULEV,0,1,41,258,-0.18574,-0.07723,0.10851,2.9927,-0.078063,0.57635,289.756573
OTULOF,1,1,44,264,-0.31983,-0.22625,0.09358,6.1461,-0.084508,0.5506,297.917771
OVEPEL,0,1,59,302,-0.17692,-0.10627,0.07065,3.6888,-0.121799,0.23728,406.902333
OVEPIP,0,1,65,306,-0.17411,-0.10417,0.06994,2.7113,-0.133858,0.1413,419.112924
OVEPOV,0,1,69,326,-0.16975,-0.10069,0.06906,3.4128,-0.141777,0.22283,446.987005
OVEPUB,0,1,59,302,-0.17934,-0.10401,0.07533,2.2839,-0.119037,0.23639,407.037398
OVEQAI,1,1,54,298,-0.31547,-0.2117,0.10377,11.0987,-0.110002,-0.64006,362.196065
OVEQEM,1,1,48,282,-0.31897,-0.21343,0.10554,11.5496,-0.104673,-0.64839,338.935297
OVERUD,0,1,37,280,-0.20398,-0.10645,0.09753,8.5625,-0.072005,0.43982,261.011734
OVUFUI,1,1,106,454,-0.27564,-0.1995,0.07614,2.3096,-0.269789,0.03197,624.61135
OVUGET,1,1,88,382,-0.28012,-0.19587,0.08425,2.4101,-0.204423,-0.1296,484.038389
OWACEW,0,1,229,898,-0.16182,-0.07076,0.09106,0.0156,-0.530035,-1.61093,1304.850206
OWACIA,0,1,193,788,-0.16922,-0.07055,0.09867,0.0032,-0.378996,-0.16894,1089.517154
OWAJIG,0,1,73,448,-0.17838,-0.1043,0.07408,16.1873,-0.14823,0.78281,530.092243
OWESAM,0,1,72,436,-0.18814,-0.0841,0.10404,3.0308,-0.183435,0.41205,496.963729
OWODEK,0,1,121,484,-0.19421,-0.10258,0.09163,0.0278,-0.196695,0.67259,630.241141
OWODIO,0,1,167,598,-0.17805,-0.0886,0.08945,0.6797,-0.256166,0.76988,839.735846
OWODOU,0,1,167,616,-0.17989,-0.08866,0.09123,0.1978,-0.261269,0.66996,845.537004
OWODUA,0,1,89,384,-0.18834,-0.09769,0.09065,8.0475,-0.14516,0.72081,502.644998
OWOSOJ,1,1,99,434,-0.24095,-0.20799,0.03296,17.6408,-0.177943,0.59628,560.843125
OXIPER,1,1,99,426,-0.30596,-0.16122,0.14474,0.3684,-0.200227,0.45094,565.526976
OXIPIV,1,1,85,362,-0.26461,-0.16997,0.09464,2.4173,-0.149251,0.49511,463.680372
OXONEV,0,1,90,488,-0.1855,-0.06964,0.11586,5.4379,-0.234918,0.45543,605.462782
OXONIZ,0,1,96,520,-0.1865,-0.07699,0.10951,6.6303,-0.240188,0.44872,633.858604
OYAZEU,0,1,60,334,-0.17496,-0.05922,0.11574,6.4649,-0.132189,0.08381,385.261542
OYINOA,0,1,91,470,-0.14589,-0.09706,0.04883,0.5602,-0.233995,0.70246,616.147202
OYOBUB,0,1,77,414,-0.19014,-0.0971,0.09304,0.0003,-0.161653,1.27256,508.101229
OYOCEM,0,1,77,414,-0.19977,-0.10985,0.08992,0.0032,-0.160716,1.26859,507.770612
OYOKOD,1,1,76,344,-0.28225,-0.15918,0.12307,6.5816,-0.154442,-0.19501,429.692026
OZAFEC,0,1,68,354,-0.19389,-0.07657,0.11732,3.0167,-0.145028,-0.24848,411.33155
OZAHAA,0,1,43,254,-0.19732,-0.0932,0.10412,7.1508,-0.073855,0.58209,271.070632
OZEKAG,0,1,37,228,-0.20761,-0.04283,0.16478,9.9275,-0.063793,0.15766,245.32522
OZEROB,0,1,51,314,-0.18583,-0.10151,0.08432,11.3225,-0.108325,0.23928,363.66571
OZILEP,1,1,79,356,-0.27797,-0.18215,0.09582,3.6399,-0.187114,0.28788,530.041418
PABYUN,0,1,34,206,-0.20342,-0.11576,0.08766,8.6669,-0.066368,0.36556,247.395521
PACFEF,0,1,80,334,-0.18913,-0.0955,0.09363,3.954,-0.15189,1.26565,467.571895
PAFFIN,1,1,94,390,-0.29339,-0.15052,0.14287,0.927,-0.250825,-0.74583,575.014805
PAGMNT,1,1,69,322,-0.3242,-0.16433,0.15987,0.7219,-0.154371,0.43697,464.711085
PAHTAW,0,1,34,248,-0.21783,-0.12194,0.09589,9.3353,-0.060496,0.33259,236.306297
PAHTEA,0,1,32,242,-0.20851,-0.07885,0.12966,9.3686,-0.058799,0.32937,234.455298
PALDEN,0,1,83,390,-0.18191,-0.09374,0.08817,1.3626,-0.184111,0.7594,561.624698
PALFAL,0,1,99,420,-0.18119,-0.09297,0.08822,0.87,-0.20541,0.77802,615.072089
PALZOS,0,1,57,242,-0.16747,-0.07697,0.0905,13.3009,-0.093904,0.68647,326.05907
PALZUY,0,1,50,210,-0.16643,-0.07551,0.09092,12.9991,-0.077891,0.68662,275.011465
PANMEY,0,1,96,424,-0.15629,-0.04481,0.11148,3.4849,-0.23909,-0.84658,610.312856
PANMIC,0,1,98,438,-0.16905,-0.0501,0.11895,6.6273,-0.242975,-0.84199,623.453049
PANVOS,1,1,73,330,-0.29169,-0.18943,0.10226,11.0777,-0.13953,0.49407,416.635275
PANVUY,1,1,79,346,-0.30746,-0.17346,0.134,5.3029,-0.143483,0.43542,440.41641
PAQPUV,0,1,55,238,-0.15043,-0.09866,0.05177,0.004,-0.086225,0.77153,293.050063
PAQQAC,0,1,55,234,-0.18242,-0.10744,0.07498,0.022,-0.082622,0.74377,296.14991
PARYUF,0,1,68,364,-0.20203,-0.07696,0.12507,4.102,-0.130784,0.59078,439.291759
PATQAC,1,1,89,376,-0.30115,-0.2206,0.08055,25.3179,-0.136452,-0.63277,480.301453
PAVKUS,0,1,37,256,-0.18715,-0.10343,0.08372,7.7978,-0.082387,-0.78718,295.655052
PAWYOE,1,1,83,362,-0.3126,-0.15239,0.16021,0.0001,-0.175629,0.4379,505.065932
PAXFIG,1,1,55,324,-0.2866,-0.22086,0.06574,6.2703,-0.129848,0.38349,392.89942
PAXFOM,1,1,67,376,-0.28626,-0.21632,0.06994,4.0993,-0.163415,0.37336,472.455412
PAXGEB,0,1,77,346,-0.20582,-0.13691,0.06891,12.0057,-0.181843,0.27635,455.177007
PAYCUN,0,1,42,282,-0.19104,-0.11874,0.0723,8.6819,-0.092612,-0.79166,331.138843
PAYKEH,0,1,44,328,-0.18782,-0.09127,0.09655,9.175,-0.088763,0.75403,332.283873
PAYSUG,0,1,35,212,-0.20304,-0.05993,0.14311,2.9348,-0.058531,0.90088,223.705537
PAYTAN,0,1,70,376,-0.19859,-0.04847,0.15012,3.8855,-0.166265,0.86913,479.431014
PAYTER,0,1,44,250,-0.18387,-0.0869,0.09697,3.7948,-0.081738,0.88688,285.889436
PAYTIV,0,1,59,276,-0.19375,-0.05818,0.13557,2.8888,-0.096796,0.89419,316.656953
PAYTOB,0,1,65,322,-0.19618,-0.08564,0.11054,2.0246,-0.11713,0.89227,382.226191
PAYTUH,0,1,112,484,-0.20412,-0.07599,0.12813,9.6682,-0.287925,0.47081,674.155382
PAZXAQ,0,1,75,376,-0.16765,-0.07418,0.09347,0.3993,-0.154713,0.47798,461.009778
PAZXEU,0,1,73,360,-0.16939,-0.0785,0.09089,1.1882,-0.148777,0.47815,450.955781
PAZXEV,0,1,38,278,-0.24569,-0.12106,0.12463,10.4451,-0.084428,0.41567,265.435709
PDTPOR,0,1,77,366,-0.18427,-0.09195,0.09232,0.0004,-0.163049,0.63035,515.936054
PEDYUU,0,1,67,316,-0.18369,-0.07777,0.10592,3.8648,-0.14765,1.19072,430.282956
PEFWOP,0,1,45,262,-0.2061,-0.08657,0.11953,7.7752,-0.082692,0.18234,292.027134
PEFWUV,0,1,40,262,-0.20448,-0.08695,0.11753,6.9251,-0.074381,0.18702,288.748243
PEFXEG,0,1,38,230,-0.20147,-0.04603,0.15544,10.4314,-0.062902,0.15482,243.825555
PEGNAS,-1,1,69,330,-0.07254,0.03191,0.10445,11.1408,-0.141273,-0.02995,411.236929
PEGNEW,-1,1,45,266,-0.0716,0.03361,0.10521,8.2301,-0.100362,-0.02998,318.138828
PEGXOP,1,1,80,444,-0.30869,-0.21269,0.096,6.1968,-0.183865,0.6871,490.06046
PEHJAQ,0,1,47,300,-0.21405,-0.07098,0.14307,8.1319,-0.094544,-1.28138,337.798547
PEHJEU,0,1,25,228,-0.21678,-0.07032,0.14646,7.4374,-0.047914,-1.28606,228.981586
PEHKAR,1,1,44,272,-0.32014,-0.21718,0.10296,9.798,-0.089666,-0.81323,326.894985
PEHKIZ,1,1,66,344,-0.31281,-0.20699,0.10582,8.3794,-0.152639,-0.81215,435.683724
PEHKUL,1,1,42,260,-0.32249,-0.22115,0.10134,9.9713,-0.082903,-0.81421,309.528289
PEKSEE,0,1,62,366,-0.18871,-0.09076,0.09795,3.0787,-0.128762,0.23312,433.046114
PEKTEF,0,1,52,292,-0.18759,-0.08271,0.10488,3.3505,-0.106363,0.23302,351.702542
PEKTOP,0,1,62,332,-0.18652,-0.08615,0.10037,3.8731,-0.125525,0.23288,414.293284
PEKZEM,0,1,34,188,-0.21164,-0.09217,0.11947,10.2558,-0.060576,0.9314,233.441529
PELWEL,1,1,96,472,-0.29356,-0.21049,0.08307,8.9481,-0.253426,0.45887,659.748446
PEMHOF,0,1,58,300,-0.17004,-0.06212,0.10792,2.3272,-0.116413,0.47733,359.581944
PEMJIC,0,1,79,400,-0.1635,-0.11147,0.05203,7.3049,-0.152527,0.18939,480.18247
PEMJOI,0,1,57,296,-0.1552,-0.10081,0.05439,11.4038,-0.10541,0.18583,350.892646
PENJIC,1,1,119,470,-0.2905,-0.13893,0.15157,2.7158,-0.269469,0.42874,656.500618
PEPVIR,0,1,193,808,-0.18758,-0.07793,0.10965,0.0137,-0.467425,-0.15952,1164.785608
PEPVOX,0,1,113,490,-0.18411,-0.10597,0.07814,6.4108,-0.241703,-0.82493,663.973716
PERNUY,0,1,133,608,-0.16793,-0.09014,0.07779,9.107,-0.387007,-1.40622,878.469912
PERPAG,0,1,127,592,-0.16761,-0.08782,0.07979,9.0224,-0.357829,-1.40637,855.358892
PERPIO,0,1,72,328,-0.17171,-0.09082,0.08089,11.4875,-0.157933,0.0542,470.030062
PERPOU,0,1,62,344,-0.18389,-0.09673,0.08716,14.7365,-0.124031,0.23177,427.845294
PERYET,0,1,127,582,-0.17379,-0.08663,0.08716,8.7035,-0.365135,-1.41599,838.411585
PERYUJ,0,1,66,302,-0.17699,-0.08597,0.09102,11.4934,-0.143325,0.04875,429.999034
PETGOM,0,1,40,266,-0.16455,-0.04709,0.11746,10.6433,-0.076285,0.50599,271.561069
PETHEB,0,1,87,332,-0.17741,-0.0971,0.08031,4.5055,-0.161969,0.78773,449.650316
PEVHUV,0,1,40,274,-0.19951,-0.08303,0.11648,8.6202,-0.077433,0.40216,273.687063
PICTIH,0,1,43,276,-0.18582,-0.10026,0.08556,11.4685,-0.087826,0.241,301.411601
PIDNIA,0,1,155,600,-0.16691,-0.06846,0.09845,0.2651,-0.267678,-0.20686,813.419607
PIDNOG,0,1,125,520,-0.17847,-0.06713,0.11134,0.0011,-0.223254,-0.18883,697.126109
PIGQIH,0,1,53,270,-0.20809,-0.11604,0.09205,9.1183,-0.117379,0.94509,348.081494
PIGWOT,0,1,38,246,-0.21069,-0.11181,0.09888,4.1485,-0.075406,0.50341,271.537381
PIJBUH,0,1,87,402,-0.17228,-0.12034,0.05194,8.8997,-0.145074,0.42619,528.61008
PIJCAO,0,1,87,402,-0.17143,-0.12033,0.0511,9.1635,-0.142839,0.42602,528.60498
PIJWEK,0,1,131,498,-0.17184,-0.13872,0.03312,2.1493,-0.289508,1.21203,695.788568
PILCOD,0,1,64,296,-0.2047,-0.10709,0.09761,9.8837,-0.126252,0.96762,372.968932
PIMDOH,0,1,71,312,-0.19026,-0.08374,0.10652,3.7441,-0.119245,1.17954,415.495445
PIMTOX,1,1,57,266,-0.28937,-0.16092,0.12845,0.1112,-0.105586,0.45576,356.564454
PIMVAL,0,1,32,240,-0.2193,-0.09675,0.12255,11.2665,-0.067519,0.47006,240.183351
PINKOO,0,1,65,300,-0.17549,-0.08424,0.09125,2.4195,-0.121858,0.54505,380.042174
PINKUU,0,1,65,284,-0.16985,-0.08111,0.08874,4.1899,-0.120626,0.53653,379.182608
PINLAB,0,1,74,318,-0.1675,-0.08035,0.08715,4.4785,-0.13645,0.54076,435.134399
PIQBIC,0,1,25,220,-0.21279,-0.17228,0.04051,6.1721,-0.053617,0.34923,206.992406
PIQMEJ,0,1,57,324,-0.18217,-0.09987,0.0823,4.7217,-0.105813,0.85767,379.036609
PIQMIN,0,1,57,316,-0.18182,-0.09608,0.08574,3.8672,-0.105461,0.85705,378.557879
PIQSOA,0,1,35,260,-0.19105,-0.09195,0.0991,10.6966,-0.069011,0.03653,230.785661
PIQSUG,0,1,35,294,-0.22313,-0.11266,0.11047,7.7133,-0.080702,0.1945,247.62095
PIQTAN,0,1,38,268,-0.21785,-0.08257,0.13528,5.5091,-0.080341,0.31829,240.746567
PIQTER,0,1,33,224,-0.18909,-0.07583,0.11326,8.4936,-0.06001,0.23567,207.473455
PITTER,0,1,78,360,-0.18745,-0.09898,0.08847,10.638,-0.122243,0.39522,437.927434
PITWAQ,1,1,38,240,-0.33058,-0.22593,0.10465,10.7906,-0.076752,-0.63616,282.3007
PIVMAK,0,1,78,372,-0.18123,-0.11299,0.06824,2.4261,-0.161024,0.22487,473.586351
PIVNOZ,0,1,87,374,-0.16931,-0.10183,0.06748,5.4607,-0.169733,0.46718,508.212499
PIWTOF,0,1,72,368,-0.17211,-0.06389,0.10822,2.0629,-0.176172,0.4192,472.409456
PIYKOY,1,1,75,374,-0.2574,-0.2292,0.0282,8.6147,-0.143179,0.5537,437.559253
PIYVIF,0,1,83,432,-0.16292,-0.05465,0.10827,6.6233,-0.215171,-0.4423,563.650526
POFQOT,1,1,99,432,-0.28171,-0.16328,0.11843,2.3516,-0.253553,0.31855,634.480512
POFQUZ,1,1,86,394,-0.28656,-0.16846,0.1181,2.754,-0.220881,0.35289,581.894364
POFRAG,1,1,96,424,-0.28315,-0.16614,0.11701,2.8852,-0.246023,0.31903,623.044416
POHCOF,0,1,66,374,-0.18203,-0.07256,0.10947,4.0979,-0.155617,0.42453,433.875225
POHCUL,0,1,80,438,-0.18327,-0.0866,0.09667,3.5066,-0.19941,0.42496,531.124486
POJDEA,1,1,112,456,-0.27108,-0.16748,0.1036,2.6097,-0.260337,0.29466,672.821112
POJDOK,1,1,96,424,-0.26898,-0.1676,0.10138,5.8553,-0.23308,0.30561,613.156506
POJDUQ,1,1,96,424,-0.27312,-0.17089,0.10223,2.8049,-0.234571,0.30508,612.645228
POJFAY,1,1,112,456,-0.27133,-0.16545,0.10588,2.5606,-0.260641,0.29319,672.822666
POKBAU,0,1,49,252,-0.21529,-0.13938,0.07591,7.6387,-0.091274,0.9059,312.077197
POKSIS,0,1,48,242,-0.17929,-0.08045,0.09884,2.3691,-0.095837,0.52925,324.673452
POKSOY,0,1,48,258,-0.18283,-0.08325,0.09958,2.4523,-0.098766,0.52938,336.853797
POLPEN,0,1,64,284,-0.18097,-0.09547,0.0855,3.5233,-0.117042,0.76041,366.209652
POLPIR,0,1,88,348,-0.18258,-0.09682,0.08576,3.6832,-0.158616,0.7561,459.886679
PONZOK,0,1,52,224,-0.15896,-0.06572,0.09324,3.3992,-0.083674,0.74868,289.840359
PONZUQ,0,1,55,302,-0.16722,-0.07655,0.09067,2.3571,-0.096175,0.7405,336.774611
POQTIA,0,1,100,524,-0.17133,-0.07747,0.09386,3.4668,-0.242574,0.26338,704.21336
PORCIK,0,1,42,282,-0.21576,-0.08134,0.13442,4.9501,-0.084558,0.20788,279.586027
PORJUC,0,1,61,432,-0.17401,-0.10487,0.06914,12.2986,-0.13853,-0.77909,503.932562
PORKAJ,0,1,61,450,-0.17418,-0.10763,0.06655,12.6882,-0.139577,-0.81452,510.639151
POSHUB,0,1,87,438,-0.18627,-0.05365,0.13262,8.7415,-0.235916,-0.83294,593.553458
POSQOF,0,1,79,388,-0.19375,-0.06521,0.12854,3.9267,-0.148985,0.47774,441.966628
POVVAZ,0,1,100,458,-0.21397,-0.10206,0.11191,9.7688,-0.242561,0.39597,625.670587
POWVON,0,1,54,264,-0.20176,-0.09549,0.10627,6.7312,-0.092361,1.18042,327.950791
POWYEF,1,1,98,424,-0.2873,-0.19816,0.08914,3.6046,-0.245092,-0.7626,609.744837
POWYIJ,0,1,86,398,-0.1592,-0.04802,0.11118,5.9799,-0.223296,-0.84555,565.813444
POXQAX,0,1,52,258,-0.19989,-0.02949,0.1704,9.3658,-0.088049,0.17464,282.030668
POXRIE,0,1,119,516,-0.19222,-0.11186,0.08036,0.2411,-0.230016,1.11804,694.956359
POYFAK,0,1,106,482,-0.17239,-0.09839,0.074,14.054,-0.257626,-0.84144,688.244505
POYHIV,1,1,45,316,-0.32386,-0.19885,0.12501,0.005,-0.098433,0.41581,309.507991
POYHOB,1,1,45,352,-0.31367,-0.20106,0.11261,0.0018,-0.10408,0.22739,333.592672
POYZAF,0,1,92,498,-0.19223,-0.10539,0.08684,14.1996,-0.199772,0.72128,560.227319
PUBKIH,0,1,69,372,-0.17778,-0.07506,0.10272,0.5181,-0.158464,-0.27618,419.629731
PUBKUT,0,1,69,440,-0.1864,-0.08689,0.09951,0.4602,-0.16835,-0.29512,457.174637
PUCKIJ,0,1,77,380,-0.19847,-0.05472,0.14375,0.2727,-0.139949,-0.16958,431.406118
PUCMOR,0,1,69,356,-0.19769,-0.11054,0.08715,10.0268,-0.159626,-0.862,467.404113
PUFQEM,0,1,47,258,-0.18935,-0.10702,0.08233,13.6538,-0.082471,0.34821,277.729605
PUMBOQ,0,1,208,878,-0.15999,-0.05673,0.10326,4.5282,-0.50196,0.24757,1242.282968
PUMKEN,1,1,70,332,-0.31847,-0.21238,0.10609,3.5571,-0.137761,-0.37281,413.715771
PUMKIR,0,1,77,418,-0.19944,-0.08664,0.1128,8.3582,-0.205053,-1.51383,564.154109
PUMKOX,1,1,85,472,-0.32208,-0.20107,0.12101,11.7143,-0.217082,-0.92059,594.940832
PUMKUD,1,1,81,472,-0.33401,-0.21642,0.11759,7.9479,-0.219755,-0.98558,590.556797
PUMLEO,0,1,76,422,-0.19265,-0.06975,0.1229,6.238,-0.204371,-1.51146,563.559318
PUPHOZ,0,1,65,332,-0.17514,-0.09869,0.07645,1.5793,-0.122081,0.57824,407.370777
PUPHUF,0,1,69,358,-0.17139,-0.09773,0.07366,2.684,-0.136838,0.18929,447.747166
PUPJAN,0,1,94,488,-0.18318,-0.10661,0.07657,7.4511,-0.239722,0.20201,619.451015
PUSXEH,1,1,31,216,-0.33573,-0.23696,0.09877,8.0067,-0.061633,0.55548,223.943631
PUTKAS,0,1,36,268,-0.19466,-0.12267,0.07199,8.8445,-0.073009,-0.8216,287.0229
PUTKEW,0,1,37,260,-0.19051,-0.10714,0.08337,10.6111,-0.069644,-0.83438,273.556916
PUVLEY,0,1,80,398,-0.18468,-0.04992,0.13476,5.9883,-0.199581,-0.17166,521.540278
PUVLIC,0,1,113,526,-0.18401,-0.08443,0.09958,4.9238,-0.305929,-0.24527,716.386048
QACLAJ,0,1,38,262,-0.19057,-0.07553,0.11504,6.999,-0.074329,0.27764,262.666873
QACLEN,0,1,60,368,-0.1852,-0.06617,0.11903,2.8392,-0.141652,0.07741,436.064863
QAJDEN,0,1,68,326,-0.1548,-0.061,0.0938,9.1577,-0.162569,-0.06299,444.94579
QAJDIR,0,1,68,326,-0.15444,-0.06092,0.09352,9.5075,-0.163594,-0.05969,444.946726
QAJDOX,0,1,68,326,-0.16632,-0.06741,0.09891,5.1623,-0.171305,-0.09494,444.764255
QAJRAX,0,1,68,358,-0.15117,-0.05742,0.09375,10.7178,-0.165916,-0.22122,445.620944
QAJREB,0,1,68,358,-0.15131,-0.05767,0.09364,10.6725,-0.165779,-0.22237,445.619858
QAKHUF,0,1,97,348,-0.17388,-0.08117,0.09271,0.4581,-0.172908,0.74246,491.45499
QAKJER,0,1,103,378,-0.1706,-0.07667,0.09393,3.148,-0.181872,0.74836,519.540116
QAKJIV,0,1,95,356,-0.17509,-0.07983,0.09526,0.3899,-0.179421,0.76577,507.505064
QAKJUH,0,1,103,388,-0.17027,-0.07534,0.09493,3.1474,-0.191254,0.76258,540.52974
QAKLET,0,1,123,414,-0.16593,-0.08559,0.08034,0.349,-0.217972,0.66507,585.289035
QAKPIE,1,1,99,434,-0.2692,-0.15087,0.11833,3.8272,-0.256664,0.29597,641.208394
QAKPUQ,1,1,111,486,-0.27496,-0.16921,0.10575,2.3092,-0.284517,0.2378,721.010779
QAKYOT,1,1,79,410,-0.31413,-0.17322,0.14091,6.815,-0.167017,-0.00481,487.243157
QAKYUZ,1,1,109,498,-0.2821,-0.17089,0.11121,3.9897,-0.24811,-0.0059,653.030223
QAKZEK,1,1,85,434,-0.30318,-0.17767,0.12551,2.623,-0.195459,-0.00522,560.005658
QAMTUV,0,1,118,590,-0.16403,-0.06681,0.09722,3.5869,-0.302756,0.26717,800.732089
QAPJEZ,0,1,30,228,-0.19157,-0.11508,0.07649,8.9922,-0.062064,-0.78303,255.629555
QAPLUQ,0,1,69,340,-0.17931,-0.07584,0.10347,6.2259,-0.111225,0.42239,391.602464
QAPXAH,0,1,65,340,-0.1681,-0.09307,0.07503,4.7863,-0.125768,0.85693,433.750291
QAPXIP,0,1,134,622,-0.1706,-0.09006,0.08054,7.4673,-0.377986,-1.37186,880.855574
QAQTOS,0,1,71,420,-0.18743,-0.04546,0.14197,0.0075,-0.139624,-0.1913,462.254923
QATLII,1,1,90,398,-0.28384,-0.19152,0.09232,7.4269,-0.228631,0.28894,593.324392
QAVDID,0,1,63,272,-0.16988,-0.05299,0.11689,5.8142,-0.130472,-0.47504,365.276996
QAVDOJ,0,1,51,240,-0.17186,-0.0563,0.11556,5.5411,-0.105736,-0.51204,318.752427
QAVNIM,1,1,58,320,-0.29838,-0.1772,0.12118,6.2069,-0.131369,0.2379,398.68529
QAVNOS,1,1,63,340,-0.29501,-0.1764,0.11861,5.552,-0.149681,0.21393,432.012138
QAWKAC,0,1,132,570,-0.18183,-0.09129,0.09054,3.9829,-0.252058,1.20712,832.57629
QAWQOX,0,1,80,578,-0.14829,-0.08964,0.05865,2.1304,-0.201422,0.68896,634.054913
QAWQUD,0,1,53,394,-0.21196,-0.10356,0.1084,0.0002,-0.107477,0.73415,427.908064
QAWSEN,1,1,79,352,-0.28426,-0.13991,0.14435,2.3117,-0.152293,0.43025,470.821352
QAWVAO,0,1,117,528,-0.14971,-0.04064,0.10907,1.6647,-0.330986,0.42808,786.484786
QAWYAP,0,1,82,422,-0.17185,-0.05459,0.11726,6.0645,-0.204096,0.24198,538.87495
QAXHON,0,1,31,230,-0.24506,-0.14811,0.09695,13.1624,-0.057449,0.33532,223.134907
QAXLAE,0,1,54,334,-0.19636,-0.07902,0.11734,5.9959,-0.119818,0.44066,361.752479
QAXLEI,0,1,54,366,-0.19825,-0.08473,0.11352,5.8589,-0.133317,0.44281,409.083507
QAXLUY,0,1,86,404,-0.16616,-0.06673,0.09943,0.333,-0.196165,0.40159,516.053705
QAXMAF,0,1,87,398,-0.16592,-0.06338,0.10254,1.4651,-0.198201,0.40328,516.755683
QAXMEJ,0,1,79,350,-0.15863,-0.06011,0.09852,3.2398,-0.167273,0.40448,438.330508
QAXMIN,0,1,91,382,-0.15816,-0.05935,0.09881,3.26,-0.191969,0.40404,484.891804
QAXMOT,0,1,85,366,-0.15906,-0.06028,0.09878,2.8778,-0.183555,0.39927,461.596853
QAXMUZ,0,1,91,398,-0.16131,-0.05986,0.10145,2.0514,-0.205653,0.40294,513.746554
QAXNAG,0,1,86,412,-0.16417,-0.06797,0.0962,0.7885,-0.203014,0.40131,531.124194
QAXNEK,0,1,85,396,-0.16994,-0.06626,0.10368,0.333,-0.191308,0.40347,511.451455
QAXNIO,0,1,109,460,-0.16883,-0.06524,0.10359,0.7932,-0.228884,0.40344,604.447584
QAXNOU,0,1,111,462,-0.16409,-0.06222,0.10187,2.0065,-0.236458,0.40422,609.762519
QAXNUA,0,1,79,370,-0.16976,-0.06534,0.10442,0.8072,-0.174281,0.40357,471.484665
QAYDOM,0,1,61,372,-0.19879,-0.08128,0.11751,8.2866,-0.12161,0.48144,379.203845
QAYROX,0,1,68,340,-0.17441,-0.1087,0.06571,11.9493,-0.118618,-0.8251,436.533703
QAYRUD,0,1,52,292,-0.17993,-0.11162,0.06831,11.2684,-0.088284,-0.82535,365.832285
QAZWOD,0,1,106,522,-0.18069,-0.06785,0.11284,4.058,-0.281444,-0.19575,727.017221
QEBPES,0,1,142,676,-0.1816,-0.10199,0.07961,11.0834,-0.303613,-0.78534,837.633222
QEBXUS,0,1,61,252,-0.18502,-0.0891,0.09592,0.0434,-0.11208,0.8015,351.795312
QEHTAB,0,1,93,382,-0.19585,-0.13104,0.06481,11.2038,-0.190793,0.30753,512.120432
QEJKOG,0,1,91,532,-0.21643,-0.10734,0.10909,6.6814,-0.189778,0.45768,509.06482
QEJVAE,0,1,105,550,-0.20915,-0.11273,0.09642,23.676,-0.258475,1.22334,687.802519
QEJVOQ,0,1,73,366,-0.15426,-0.06852,0.08574,2.4407,-0.154548,0.13657,482.619615
QEKRIK,0,1,35,266,-0.24753,-0.14637,0.10116,10.4918,-0.068937,0.32807,266.145133
QEPWEO,0,1,39,220,-0.20246,-0.03126,0.1712,9.3175,-0.065529,0.17393,228.925515
QEPYIW,0,1,84,362,-0.17525,-0.05739,0.11786,4.2664,-0.183818,0.27741,502.368578
QERPAE,0,1,53,232,-0.18806,-0.05338,0.13468,4.8756,-0.092487,1.18008,290.231167
QEVQOX,0,1,55,294,-0.17165,-0.11019,0.06146,10.6679,-0.096217,0.41861,363.267151
QEWDEC,0,1,56,316,-0.15209,-0.08544,0.06665,7.6283,-0.114296,0.08053,335.84082
QEWKEK,0,1,57,332,-0.1964,-0.09293,0.10347,9.5281,-0.125023,0.4255,376.354565
QEWZUN,0,1,69,312,-0.21063,-0.05236,0.15827,0.0483,-0.118061,-0.17769,358.831429
QEYTOG,1,1,89,386,-0.2806,-0.1806,0.1,4.4368,-0.219633,0.27114,580.411416
QEYYEZ,0,1,40,244,-0.19443,-0.10048,0.09395,8.4925,-0.070431,0.24845,232.763069
QIBFIQ,0,1,84,404,-0.16828,-0.09459,0.07369,20.1052,-0.14616,-0.7818,519.830875
QIBPID,0,1,66,320,-0.14285,-0.11169,0.03116,16.6711,-0.151457,0.63123,416.190549
QICTII,1,1,93,406,-0.27598,-0.18168,0.0943,5.7236,-0.23074,0.2764,606.869239
QIDBEM,0,1,93,376,-0.15489,-0.04431,0.11058,4.502,-0.215857,-0.6638,553.99906
QIDKIZ,0,1,39,300,-0.23068,-0.14733,0.08335,9.427,-0.077238,0.19168,279.32895
QIDLOG,1,1,43,272,-0.32339,-0.21274,0.11065,8.8625,-0.087363,-0.83037,322.532101
QIDLUM,1,1,46,280,-0.32193,-0.21291,0.10902,9.7318,-0.093329,-0.8206,334.066759
QIDQOL,0,1,95,426,-0.16506,-0.05941,0.10565,2.629,-0.246466,-0.75478,610.938769
QIDWUX,0,1,56,322,-0.19052,-0.07365,0.11687,1.737,-0.128318,0.08591,391.069182
QIFRAA,0,1,45,268,-0.18526,-0.04888,0.13638,3.5655,-0.0825,0.46552,299.857249
QIGPIF,0,1,87,396,-0.20016,-0.09306,0.1071,5.7314,-0.185526,1.20165,512.089863
QIGPOL,0,1,93,348,-0.18783,-0.07198,0.11585,2.1811,-0.181783,1.196,486.11366
QIGQOM,0,1,135,460,-0.18324,-0.07125,0.11199,2.2915,-0.26016,1.20401,648.916809
QIGQUS,0,1,95,364,-0.17521,-0.07171,0.1035,2.9789,-0.18078,1.19127,495.948854
QIGSUW,0,1,69,324,-0.2013,-0.03139,0.16991,6.4745,-0.130338,0.15405,371.160209
QIHKIB,0,1,61,314,-0.1764,-0.11034,0.06606,16.9931,-0.109235,0.1541,360.590568
QIHKOH,0,1,62,356,-0.16961,-0.11651,0.0531,19.0558,-0.118228,0.21228,404.93036
QIHWEL,1,1,86,396,-0.28026,-0.16878,0.11148,7.4981,-0.184992,0.26677,506.227612
QIHWUB,1,1,66,364,-0.29486,-0.16547,0.12939,12.4652,-0.152492,0.1137,408.812478
QIHYAJ,0,1,76,366,-0.18929,-0.09744,0.09185,3.1885,-0.161658,0.63048,511.366552
QIJDIY,0,1,83,420,-0.16306,-0.0755,0.08756,4.9252,-0.186828,0.46933,542.651254
QIJWUE,0,1,116,506,-0.16925,-0.09867,0.07058,1.3144,-0.213904,0.59642,651.439993
QIKDEV,0,1,123,552,-0.18495,-0.11025,0.0747,3.1051,-0.333244,1.24775,790.192413
QIKFEX,0,1,107,416,-0.18139,-0.10428,0.07711,4.7419,-0.199497,1.19642,565.375596
QINDUO,0,1,69,420,-0.20339,-0.09134,0.11205,6.5224,-0.14521,1.20259,468.172293
QIPCEZ,0,1,46,276,-0.17548,-0.09371,0.08177,14.1868,-0.094738,-0.78203,315.464443
QIQLIN,0,1,60,314,-0.19522,-0.09145,0.10377,6.3347,-0.107335,0.34309,366.833918
QIQLOT,0,1,72,362,-0.18686,-0.08464,0.10222,1.9285,-0.122146,0.04013,421.261281
QIVRIX,1,1,41,248,-0.35248,-0.2348,0.11768,9.2923,-0.083728,-0.48248,268.285788
QIWHUB,1,1,58,348,-0.28942,-0.20313,0.08629,12.9395,-0.129868,-0.75157,419.947054
QIWJAJ,1,1,59,348,-0.2908,-0.20493,0.08587,10.6602,-0.130854,-0.73512,424.249491
QIWJIR,1,1,57,346,-0.29128,-0.20573,0.08555,10.3676,-0.128264,-0.74495,423.688399
QIXZUV,0,1,50,288,-0.19372,-0.08642,0.1073,3.0752,-0.099823,0.23284,334.694025
QIYYED,0,1,115,500,-0.18061,-0.11478,0.06583,0.0259,-0.284868,1.16375,733.343429
QIYYIH,0,1,131,564,-0.16978,-0.10548,0.0643,0.4649,-0.305173,1.16264,799.228108
QIYYON,0,1,115,550,-0.18267,-0.11435,0.06832,0.1794,-0.279695,1.07654,740.512765
QIZMEU,1,1,62,272,-0.30204,-0.19353,0.10851,1.3325,-0.114433,0.45229,354.080081
QIZQOF,0,1,34,194,-0.2228,-0.07809,0.14471,9.5592,-0.068262,0.94417,239.78074
QIZTAX,1,1,105,434,-0.25595,-0.17577,0.08018,5.0098,-0.234287,0.25928,645.929943
QOBFAR,0,1,34,302,-0.20186,-0.13152,0.07034,15.8608,-0.075228,0.36748,266.566625
QOBFEV,0,1,36,248,-0.21707,-0.12864,0.08843,15.397,-0.07419,0.48257,245.643831
QOBFIZ,0,1,34,248,-0.21586,-0.13059,0.08527,15.5688,-0.071583,0.51998,247.008652
QOBFOF,0,1,31,250,-0.21746,-0.13204,0.08542,15.4849,-0.068339,0.52021,244.263327
QOBTIN,0,1,73,336,-0.17408,-0.07588,0.0982,0.0027,-0.123653,0.66218,406.836972
QOBTOT,0,1,73,336,-0.17324,-0.07377,0.09947,0.0097,-0.127621,0.66768,406.902562
QOBTUZ,0,1,61,284,-0.17451,-0.07154,0.10297,0.011,-0.099284,0.66448,326.815547
QOCJAW,1,1,71,382,-0.30924,-0.17423,0.13501,8.684,-0.154499,0.20115,446.210593
QOCLAY,0,1,145,568,-0.1726,-0.08836,0.08424,0.2254,-0.328267,1.1119,835.875054
QOCZOX,0,1,55,292,-0.1721,-0.06311,0.10899,2.196,-0.110961,0.47261,348.020463
QOCZUD,0,1,61,308,-0.16966,-0.06025,0.10941,1.5511,-0.119267,0.47297,371.075618
QODQIM,0,1,61,368,-0.1956,-0.09465,0.10095,8.9214,-0.123303,0.35565,409.823889
QODQOS,0,1,58,396,-0.20138,-0.09816,0.10322,8.4804,-0.133776,0.31858,425.573495
QODRAF,0,1,55,366,-0.21909,-0.09324,0.12585,7.8051,-0.131202,0.52689,380.41566
QODREJ,0,1,58,412,-0.21931,-0.09574,0.12357,8.2313,-0.146447,0.52404,435.549073
QOHGEZ,0,1,75,286,-0.17694,-0.09546,0.08148,0.2726,-0.143895,0.66698,398.899751
QOHHAW,0,1,87,340,-0.18219,-0.10142,0.08077,3.6584,-0.189984,0.68307,474.720315
QOHVEP,0,1,57,306,-0.19578,-0.13345,0.06233,11.1095,-0.129125,0.32217,406.542717
QOHZOC,0,1,93,386,-0.16627,-0.08171,0.08456,10.9732,-0.221574,-0.66929,549.833558
QOHZUI,0,1,92,376,-0.1634,-0.05458,0.10882,9.8808,-0.220667,-0.66143,548.79961
QOJDUQ,0,1,61,312,-0.17932,-0.09411,0.08521,13.0727,-0.108568,0.39225,372.483967
QOJRUD,1,1,60,296,-0.27713,-0.19486,0.08227,7.9195,-0.132985,0.08118,374.128732
QOJSAK,1,1,62,296,-0.2681,-0.18088,0.08722,5.9647,-0.137508,0.08515,383.032394
QOKJOR,1,1,64,272,-0.28243,-0.18231,0.10012,5.3543,-0.130768,0.65459,337.479283
QOLJAE,0,1,48,322,-0.21085,-0.08797,0.12288,6.8684,-0.103864,0.42303,327.317065
QOLKAE,0,1,54,334,-0.19633,-0.07896,0.11737,6.0184,-0.119817,0.44063,361.752506
QOMFOP,1,1,83,388,-0.28415,-0.1836,0.10055,7.1648,-0.161788,0.36922,469.655224
QOMJOT,0,1,91,404,-0.18048,-0.10638,0.0741,6.6681,-0.207943,1.18471,548.019018
QONHAD,0,1,45,232,-0.18912,-0.07731,0.11181,6.5564,-0.088734,1.01263,289.098197
QOPGUY,0,1,39,264,-0.21277,-0.09408,0.11869,8.4327,-0.079833,0.73449,276.491639
QOPKAJ,0,1,85,388,-0.18745,-0.07245,0.115,5.9681,-0.155453,0.57811,486.06627
QOPKEN,0,1,84,398,-0.1968,-0.07682,0.11998,12.605,-0.158384,0.548,498.373552
QOPKIR,0,1,84,398,-0.19979,-0.07824,0.12155,12.1459,-0.157347,0.55358,498.345002
QOPKOX,0,1,87,406,-0.19745,-0.07501,0.12244,12.151,-0.161451,0.55392,509.840719
QOPLAK,0,1,87,410,-0.19524,-0.07636,0.11888,10.6623,-0.165409,0.51783,519.90578
QOPLEO,0,1,102,450,-0.18939,-0.0739,0.11549,10.7514,-0.187194,0.51832,577.807085
QOPLIS,0,1,93,450,-0.20165,-0.08081,0.12084,14.2202,-0.174145,0.52035,546.282392
QOPMIT,0,1,64,358,-0.18998,-0.08607,0.10391,6.2605,-0.141963,0.4459,418.020638
QOPNIU,0,1,149,558,-0.17834,-0.09688,0.08146,0.0006,-0.299822,1.2758,787.540102
QOQGUY,0,1,126,484,-0.17452,-0.08341,0.09111,1.3925,-0.263892,0.72361,700.238421
QOQHEJ,0,1,118,440,-0.1821,-0.09512,0.08698,6.0041,-0.235896,0.7212,629.417464
QOQHIN,0,1,107,388,-0.17351,-0.08021,0.0933,0.4802,-0.202802,0.73024,554.179298
QOQJAH,0,1,105,396,-0.17374,-0.07982,0.09392,0.435,-0.20717,0.74299,570.209968
QORJUD,1,1,103,402,-0.29147,-0.13959,0.15188,0.1853,-0.187891,0.41368,554.168049
QORLEP,0,1,53,316,-0.18287,-0.07172,0.11115,3.0999,-0.124383,0.08395,387.918258
QOSBAB,0,1,60,290,-0.20404,-0.11737,0.08667,10.2258,-0.112111,0.78036,357.725928
QOSQUL,0,1,101,442,-0.17975,-0.08838,0.09137,0.0019,-0.172884,1.26477,594.144562
QOTBUX,0,1,87,340,-0.18204,-0.08417,0.09787,0.1282,-0.169012,1.11542,482.18774
QOTTAW,1,1,56,318,-0.30975,-0.21749,0.09226,9.4796,-0.121567,-0.63715,402.051906
QOWZAF,0,1,76,394,-0.17271,-0.0701,0.10261,1.8408,-0.185753,0.39758,503.638122
QOXKOF,0,1,42,210,-0.13059,-0.03765,0.09294,9.1925,-0.086235,0.48556,246.146981
QOXKUL,0,1,42,246,-0.14125,-0.04516,0.09609,10.4209,-0.08846,0.46202,258.733056
QOXTON,0,1,69,330,-0.16693,-0.0931,0.07383,0.0342,-0.126655,0.64672,437.897799
QOZBEO,0,1,39,240,-0.19776,-0.06719,0.13057,9.2232,-0.082055,0.1642,262.730718
QOZBIS,0,1,64,320,-0.19793,-0.06842,0.12951,8.5387,-0.136283,0.14758,383.469398
QOZBOY,0,1,60,306,-0.20334,-0.07681,0.12653,9.0799,-0.12097,0.13399,351.92632
QOZNIE,0,1,38,244,-0.20121,-0.0894,0.11181,0.5021,-0.063165,0.58796,239.379887
QOZNOK,0,1,42,260,-0.19785,-0.08315,0.1147,2.1411,-0.068401,0.585,255.849289
QOZNUQ,0,1,38,252,-0.20634,-0.09065,0.11569,0.9846,-0.063418,0.59442,239.781088
QOZYEL,1,1,105,394,-0.30603,-0.12062,0.18541,0.9419,-0.214626,0.43284,524.390445
QUBXAO,1,1,38,224,-0.31086,-0.16976,0.1411,6.27,-0.066532,0.33305,238.522404
QUBXES,0,1,45,256,-0.17008,-0.0485,0.12158,3.6088,-0.081405,0.23633,296.955628
QUBXIW,1,1,61,292,-0.30269,-0.17609,0.1266,3.4164,-0.111699,0.30331,341.607668
QUBXOC,1,1,52,264,-0.33402,-0.20005,0.13397,1.9833,-0.092182,0.16345,292.433922
QUBXUI,1,1,56,272,-0.30844,-0.16806,0.14038,4.2819,-0.096225,0.32215,308.276701
QUBYAP,0,1,63,304,-0.17179,-0.04868,0.12311,3.0296,-0.114665,0.22528,366.79055
QUBYET,0,1,52,264,-0.1989,-0.05634,0.14256,5.2404,-0.09073,0.16709,298.708428
QUBYUJ,0,1,34,216,-0.19686,-0.05475,0.14211,5.6882,-0.063133,0.18067,228.896869
QUDVIV,0,1,67,368,-0.19435,-0.10503,0.08932,8.721,-0.135081,0.47012,390.095801
QUGBEA,0,1,87,424,-0.1724,-0.08548,0.08692,3.2343,-0.196957,0.44953,553.089144
QUGGOP,1,1,59,258,-0.29903,-0.14547,0.15356,6.6774,-0.108134,0.43425,345.310055
QUGHOP,0,1,54,336,-0.18276,-0.11064,0.07212,9.0246,-0.123024,-0.79129,407.353457
QUGMEL,1,1,142,604,-0.24897,-0.14783,0.10114,7.3448,-0.383244,-0.8204,895.365769
QUJCUU,1,1,94,428,-0.30397,-0.18806,0.11591,6.5487,-0.24754,-1.14853,616.016201
QUJPIV,0,1,97,506,-0.19782,-0.08963,0.10819,0.014,-0.200645,1.24806,635.826497
QUKWEZ,0,1,81,406,-0.1616,-0.07441,0.08719,2.4398,-0.19416,0.38937,519.036581
QULDUX,0,1,117,494,-0.20021,-0.08494,0.11527,0.3339,-0.272577,-0.32242,721.830267
QULFAF,0,1,129,526,-0.19686,-0.07816,0.1187,3.0543,-0.291066,-0.32701,768.041899
QULFIN,0,1,113,490,-0.18176,-0.12747,0.05429,23.4116,-0.248951,-0.33952,711.486632
QUMFOT,0,1,145,554,-0.1848,-0.09679,0.08801,0.1469,-0.30064,1.26342,713.505212
QUMROH,0,1,81,412,-0.17937,-0.07273,0.10664,1.9561,-0.161311,0.47057,516.830282
QUMRUN,0,1,81,428,-0.18269,-0.07557,0.10712,3.7566,-0.161641,0.47151,517.404664
QUMSAU,0,1,87,428,-0.1774,-0.07094,0.10646,1.4241,-0.169221,0.47178,539.902327
QUMSEY,0,1,81,444,-0.18735,-0.08188,0.10547,4.3936,-0.162755,0.47336,518.339899
QUQMOE,0,1,91,376,-0.22477,-0.10088,0.12389,8.2807,-0.181151,1.20665,490.721165
QUQYAC,0,1,79,370,-0.18397,-0.10547,0.0785,0.9508,-0.17356,0.76505,538.638584
QURSAZ,1,1,31,190,-0.33258,-0.22226,0.11032,4.7496,-0.05065,0.43286,195.58892
QURSED,1,1,59,306,-0.31664,-0.21235,0.10429,7.8278,-0.130469,0.14546,383.865506
QUSHOC,0,1,39,274,-0.2207,-0.09907,0.12163,5.5633,-0.083995,0.03331,271.0067
QUSZOV,0,1,31,222,-0.20268,-0.11651,0.08617,9.6679,-0.068897,0.3073,249.137438
QUTZOW,1,1,67,296,-0.28605,-0.16166,0.12439,6.1644,-0.143075,0.40428,431.849324
QUXNAZ,0,1,117,468,-0.18297,-0.09015,0.09282,0.0028,-0.230862,0.79491,683.717727
QUXTOU,1,1,88,410,-0.28487,-0.17285,0.11202,4.1806,-0.211677,0.44871,585.417518
RABYAQ,1,1,64,336,-0.30853,-0.20552,0.10301,5.5769,-0.145918,0.24152,429.523784
RAFZOO,1,1,57,298,-0.28739,-0.19663,0.09076,4.765,-0.10734,0.76054,342.257285
RAJHIU,1,1,46,196,-0.32266,-0.1803,0.14236,8.6032,-0.084448,1.1491,227.3705
RAJHOA,1,1,57,240,-0.3267,-0.17464,0.15206,6.816,-0.115,1.18156,301.568347
RAKNOH,0,1,122,552,-0.1865,-0.0744,0.1121,8.0854,-0.33624,-0.13638,773.367701
RAKNUN,1,1,77,346,-0.29872,-0.16464,0.13408,2.6206,-0.154174,0.00818,429.891406
RALYOU,0,1,79,396,-0.17282,-0.08532,0.0875,2.0667,-0.151137,0.48158,509.262661
RAMHUL,0,1,159,670,-0.16551,-0.06648,0.09903,5.0061,-0.419288,-1.6506,998.651305
RAMJAT,0,1,143,618,-0.16574,-0.04533,0.12041,0.5895,-0.378707,-1.41467,911.858525
RANRAB,0,1,63,368,-0.17384,-0.08112,0.09272,2.8541,-0.15295,0.27067,451.299886
RAPBOB,1,1,69,388,-0.31778,-0.18664,0.13114,15.2595,-0.155677,0.27032,441.467723
RAPDUJ,0,1,27,238,-0.21878,-0.16988,0.0489,4.8576,-0.058069,0.35486,213.861894
RAPTUX,0,1,59,288,-0.20824,-0.08277,0.12547,2.4198,-0.110352,-0.97291,363.669037
RAPYEO,1,1,81,436,-0.29122,-0.19184,0.09938,9.4658,-0.175602,0.3771,513.299509
RAQKIE,1,1,65,324,-0.24764,-0.21312,0.03452,10.7823,-0.109325,0.60323,381.931383
RARPIK,0,1,72,374,-0.17962,-0.08581,0.09381,4.4457,-0.128619,0.58489,456.824227
RARQOR,0,1,45,228,-0.1461,-0.09308,0.05302,8.5264,-0.08373,0.73217,275.401229
RAVROY,1,1,96,474,-0.27475,-0.17469,0.10006,12.3592,-0.21892,0.27407,621.666156
RAVSAL,0,1,89,474,-0.18241,-0.06414,0.11827,8.3466,-0.196073,0.13498,579.193211
RAXDUR,1,1,31,216,-0.33573,-0.23696,0.09877,8.0055,-0.061635,0.55547,223.943495
RAXFAZ,1,1,31,216,-0.33573,-0.23696,0.09877,8.005,-0.061635,0.55548,223.943597
RAYNOX,0,1,91,366,-0.18073,-0.07576,0.10497,2.7802,-0.203194,-0.80623,476.20962
RAYPAL,0,1,73,328,-0.17659,-0.07518,0.10141,3.3676,-0.154278,-0.064,402.499702
RAYPUF,0,1,87,382,-0.16737,-0.08093,0.08644,5.3366,-0.188357,0.11651,487.213297
RAYQEQ,0,1,60,308,-0.1889,-0.0943,0.0946,8.9931,-0.137103,-0.15557,361.383226
RAYQOA,0,1,73,344,-0.17972,-0.08491,0.09481,5.5357,-0.159989,0.07709,413.518994
RAYRAN,0,1,61,356,-0.17766,-0.07337,0.10429,4.5397,-0.133483,0.44517,394.133632
RAZHOS,0,1,81,368,-0.17851,-0.09242,0.08609,9.2925,-0.197077,-0.47694,509.625306
RAZHUY,1,1,82,386,-0.29583,-0.20415,0.09168,4.0196,-0.200414,-0.68172,515.945806
RECXON,0,1,70,364,-0.20853,-0.0896,0.11893,8.3469,-0.137539,0.14534,445.611984
RECXUU,0,1,92,432,-0.18967,-0.10945,0.08022,6.1734,-0.184184,0.99729,548.27418
REFPOH,0,1,61,252,-0.17957,-0.09186,0.08771,0.5051,-0.116075,0.71856,351.96408
REFSOM,0,1,89,412,-0.16632,-0.0878,0.07852,6.5678,-0.201139,0.2137,527.611707
REGPOL,0,1,77,388,-0.19121,-0.04315,0.14806,8.1876,-0.185379,0.14698,495.925471
REJCEQ,0,1,64,340,-0.1776,-0.06545,0.11215,3.963,-0.139438,0.25752,419.918099
REJCIU,0,1,65,332,-0.17862,-0.07205,0.10657,2.0456,-0.136776,0.42343,412.95736
REJCOA,0,1,119,506,-0.16138,-0.09219,0.06919,0.0018,-0.238458,1.23079,685.267422
REMBAN,1,1,53,304,-0.29382,-0.20166,0.09216,4.2179,-0.125954,-0.00252,354.073062
REMXEO,0,1,75,388,-0.17864,-0.07315,0.10549,3.6763,-0.149385,0.47892,473.796868
RENJUQ,1,1,56,278,-0.29203,-0.2024,0.08963,6.2373,-0.125644,0.02596,346.312356
RENKUS,0,1,73,386,-0.18471,-0.13001,0.0547,21.9162,-0.151991,0.51604,435.695655
REPTAJ,0,1,173,688,-0.18977,-0.10461,0.08516,0.0393,-0.324039,0.25589,884.027549
REQCIC,1,1,103,382,-0.27074,-0.17946,0.09128,4.3623,-0.238221,0.45345,544.73907
REQCOI,1,1,83,300,-0.31261,-0.15469,0.15792,0.1504,-0.172041,0.40128,423.379561
RESNEK,1,1,52,268,-0.2978,-0.16705,0.13075,6.4453,-0.101714,0.22504,306.657517
RESNIO,1,1,46,252,-0.3003,-0.17424,0.12606,6.9447,-0.088113,0.28507,283.565957
RESXUI,0,1,78,344,-0.16831,-0.08129,0.08702,4.2807,-0.125557,0.16403,424.349277
RETHUW,1,1,46,282,-0.31759,-0.22668,0.09091,5.4861,-0.091293,0.55297,321.839971
REVMEL,0,1,77,508,-0.21358,-0.11888,0.0947,0.03,-0.166832,0.79256,523.093913
REVRAN,0,1,129,564,-0.17808,-0.09041,0.08767,3.7339,-0.276578,0.48382,752.628814
REWDII,1,1,83,452,-0.29894,-0.19844,0.1005,14.0306,-0.202651,0.36346,548.581009
REXMEP,0,1,58,256,-0.20757,-0.09142,0.11615,10.6877,-0.10848,0.94026,320.21046
REXMIT,0,1,58,256,-0.20767,-0.09138,0.11629,10.6684,-0.108515,0.94038,320.208771
REXNUG,0,1,43,234,-0.19385,-0.09608,0.09777,10.8033,-0.084569,0.94176,297.375596
REXPAO,0,1,43,234,-0.19411,-0.09841,0.0957,11.8163,-0.084581,0.94076,297.381236
REXPES,0,1,43,234,-0.19086,-0.09603,0.09483,11.7749,-0.085022,0.93819,297.39213
REXZEC,0,1,17,166,-0.20077,-0.10453,0.09624,11.9555,-0.03769,0.31615,178.962419
REYFEG,0,1,45,292,-0.18331,-0.1428,0.04051,0.0204,-0.104809,-0.10204,392.68695
REYVOH,0,1,38,252,-0.18174,-0.10201,0.07973,11.3933,-0.075202,-0.78657,287.259827
REZZII,0,1,69,348,-0.18027,-0.10923,0.07104,9.503,-0.134734,1.10457,441.292424
RIBDOX,0,1,81,450,-0.16548,-0.06476,0.10072,2.9907,-0.215758,-0.0143,588.36946
RIBXAE,0,1,83,414,-0.20008,-0.1215,0.07858,4.348,-0.222801,0.30364,561.644
RIDKAR,0,1,165,718,-0.17014,-0.08874,0.0814,0.1329,-0.341911,0.6309,1054.280593
RIDKEV,0,1,165,750,-0.17175,-0.08806,0.08369,0.0614,-0.343656,0.6642,1055.387548
RIGBEQ,0,1,44,250,-0.19356,-0.05691,0.13665,9.6282,-0.071322,0.19655,252.336729
RIGCAN,0,1,47,272,-0.20036,-0.06255,0.13781,9.1927,-0.078917,0.19583,268.83333
RIGCER,0,1,51,272,-0.19371,-0.05555,0.13816,9.098,-0.08539,0.19427,282.120339
RIGFET,0,1,77,558,-0.19341,-0.10458,0.08883,0.0007,-0.175729,1.26642,626.047644
RIGWUC,0,1,117,508,-0.18206,-0.09166,0.0904,0.2128,-0.283966,0.75999,759.918143
RIHFAR,0,1,76,292,-0.21069,-0.09905,0.11164,8.9495,-0.126235,1.17444,374.451988
RIHNEE,0,1,61,298,-0.19798,-0.08446,0.11352,5.1278,-0.13698,0.12309,407.845326
RIHVOT,0,1,85,316,-0.16961,-0.08005,0.08956,0.5831,-0.152882,0.72581,444.61422
RIHWAG,0,1,93,364,-0.17443,-0.07851,0.09592,0.0125,-0.183604,0.76797,523.361659
RIHWEK,0,1,109,428,-0.16647,-0.06979,0.09668,0.0089,-0.208848,0.80467,589.397491
RIHXEL,0,1,100,422,-0.18308,-0.10739,0.07569,3.0435,-0.19126,0.74481,557.007297
RIHXOV,0,1,95,378,-0.17991,-0.10567,0.07424,4.9456,-0.19089,0.73392,536.719014
RIJMAA,0,1,53,324,-0.20895,-0.08199,0.12696,8.0911,-0.109299,0.48006,341.025616
RIJMEE,0,1,52,334,-0.21748,-0.08906,0.12842,7.7824,-0.11658,0.44142,353.309559
RILGEB,1,1,115,602,-0.29863,-0.18177,0.11686,7.8929,-0.304972,0.22295,755.692416
RIPDEA,0,1,71,330,-0.19007,-0.081,0.10907,11.5889,-0.137953,1.2096,375.384763
RIPJEF,0,1,45,338,-0.21732,-0.09631,0.12101,11.6904,-0.083966,0.76532,359.497145
RIPJIJ,0,1,45,374,-0.2146,-0.09423,0.12037,11.1255,-0.093944,0.59893,383.41085
RIPPUC,1,1,73,296,-0.30628,-0.13778,0.1685,2.7851,-0.130803,0.41796,376.26832
RIQJUW,0,1,93,414,-0.1767,-0.09143,0.08527,0.7034,-0.196382,0.76634,588.731801
RIQKAD,0,1,84,376,-0.16908,-0.08515,0.08393,4.5112,-0.175997,0.78308,547.564137
RIRKOV,0,1,77,398,-0.18739,-0.09027,0.09712,0.0013,-0.16458,0.66517,517.040105
RISKUC,0,1,59,334,-0.17748,-0.09304,0.08444,12.3463,-0.119441,-0.78713,409.009936
RISLAI,1,1,81,348,-0.2706,-0.17713,0.09347,2.9008,-0.181969,0.30064,513.477161
RISLAJ,0,1,53,338,-0.17005,-0.09858,0.07147,13.5979,-0.112245,-0.76138,403.695751
RISLEN,0,1,47,296,-0.17588,-0.1011,0.07478,8.6972,-0.101989,-0.77456,358.332892
RISLIR,0,1,57,334,-0.18103,-0.10587,0.07516,12.7807,-0.116634,-0.76688,400.134415
RISZUO,0,1,73,350,-0.15294,-0.07383,0.07911,10.4138,-0.167357,-0.30213,511.176497
RITHUZ,0,1,45,308,-0.20164,-0.09216,0.10948,6.292,-0.078473,0.46358,292.453167
RITJAH,0,1,49,318,-0.19236,-0.09001,0.10235,6.6862,-0.090735,0.46975,336.877005
RITKAJ,0,1,41,300,-0.18744,-0.11214,0.0753,8.3971,-0.094846,-0.80275,352.889919
RITKEK,1,1,40,268,-0.33078,-0.22579,0.10499,9.8076,-0.083027,-0.63573,315.600811
RITKEN,0,1,45,296,-0.19659,-0.11757,0.07902,7.6153,-0.098659,-0.78372,349.316171
RITVEX,0,1,55,300,-0.16731,-0.09605,0.07126,8.992,-0.108927,0.41506,371.674368
RITVIB,0,1,53,294,-0.17329,-0.08347,0.08982,9.9077,-0.103284,0.39475,358.63366
RITVOH,0,1,29,210,-0.19347,-0.08828,0.10519,8.813,-0.056931,0.37521,217.649599
RITVUN,0,1,41,246,-0.17356,-0.0906,0.08296,9.2659,-0.07496,0.42899,286.597789
RIVFIL,0,1,31,232,-0.2176,-0.16311,0.05449,1.2057,-0.067032,-0.79692,237.019607
RIVFOR,0,1,37,268,-0.19987,-0.12503,0.07484,8.7109,-0.080359,-0.79946,288.355514
RIVGAG,0,1,43,264,-0.17409,-0.09542,0.07867,8.8165,-0.089622,0.3705,302.621264
RIVNAL,0,1,33,234,-0.20206,-0.11671,0.08535,6.056,-0.07136,-0.92284,250.100139
RIVNOB,0,1,53,260,-0.19339,-0.07381,0.11958,2.7748,-0.088921,0.58381,294.151204
RIVNUH,0,1,35,212,-0.19282,-0.07316,0.11966,2.728,-0.058156,0.57634,224.240641
RIVPAP,0,1,55,272,-0.19076,-0.08014,0.11062,2.4168,-0.095819,0.58371,311.550774
RIVPET,0,1,61,298,-0.19182,-0.07879,0.11303,2.557,-0.109792,0.58529,351.505936
RIVWID,0,1,31,238,-0.20606,-0.08984,0.11622,2.9027,-0.055794,0.49567,219.782804
RIVZUU,0,1,46,272,-0.21162,-0.11221,0.09941,10.7918,-0.083584,0.18401,288.303497
RIWWEB,0,1,77,456,-0.19098,-0.10461,0.08637,8.816,-0.174487,0.49128,567.49499
RIYZOO,0,1,110,482,-0.1717,-0.05724,0.11446,7.3662,-0.277925,-0.83059,703.289721
RIYZUU,0,1,111,498,-0.17645,-0.08429,0.09216,9.6803,-0.287882,-0.82145,710.861799
RIZCAH,0,1,81,344,-0.14158,-0.09994,0.04164,11.5643,-0.135523,0.73583,413.342407
RIZRIC,1,1,66,314,-0.3231,-0.19394,0.12916,8.7808,-0.144464,1.21786,395.162281
ROBFAR,0,1,76,360,-0.17111,-0.07426,0.09685,10.1211,-0.131381,0.42165,427.970024
ROBFIZ,0,1,80,408,-0.16772,-0.07289,0.09483,12.2463,-0.154753,0.41982,492.967596
ROCMIH,1,1,38,224,-0.32084,-0.20972,0.11112,1.1419,-0.071569,0.53559,242.039708
ROCYOY,1,1,77,386,-0.27983,-0.17659,0.10324,5.4761,-0.194404,0.1713,497.506625
ROCZAN,0,1,101,470,-0.18904,-0.09153,0.09751,0.0009,-0.194889,1.31246,640.663332
RODWIS,0,1,59,286,-0.15891,-0.11667,0.04224,2.3828,-0.120698,0.76634,390.538494
RODZES,0,1,90,504,-0.19273,-0.06837,0.12436,5.24,-0.246707,0.08878,635.246791
ROGGUP,0,1,55,302,-0.1964,-0.12361,0.07279,15.1673,-0.08722,0.3538,323.212826
ROGXUH,0,1,49,238,-0.19747,-0.10483,0.09264,11.1739,-0.090736,0.30774,293.915707
ROGYAO,0,1,49,238,-0.19914,-0.10472,0.09442,11.0569,-0.097081,0.30852,293.867386
ROGYES,0,1,55,286,-0.20164,-0.09093,0.11071,5.6356,-0.106452,0.33399,316.420268
ROGYIW,0,1,49,270,-0.19275,-0.10497,0.08778,10.9876,-0.091482,0.26713,295.084483
ROHCEY,0,1,46,244,-0.2033,-0.03095,0.17235,8.5836,-0.080283,0.15604,257.204152
ROHCIC,0,1,37,220,-0.20631,-0.03504,0.17127,8.9731,-0.062526,0.17556,221.958893
ROHCOI,0,1,21,164,-0.20939,-0.03325,0.17614,9.5064,-0.029837,0.17091,136.385511
ROHDAV,0,1,48,278,-0.23115,-0.10426,0.12689,9.4618,-0.096765,0.45964,286.397812
ROHDID,0,1,39,254,-0.22205,-0.09216,0.12989,9.9872,-0.078782,0.47049,251.256479
ROHDOJ,0,1,23,198,-0.23281,-0.10599,0.12682,9.565,-0.041734,0.46863,165.78929
ROJFAX,1,1,92,370,-0.2486,-0.19381,0.05479,18.1999,-0.170059,0.77391,499.85376
ROJKUX,0,1,94,416,-0.16174,-0.04672,0.11502,4.5556,-0.235846,-0.84618,600.787285
ROJQOY,0,1,102,420,-0.17912,-0.08775,0.09137,2.1291,-0.202539,0.79281,606.549756
ROKKAF,0,1,91,430,-0.198,-0.10601,0.09199,0.0324,-0.185104,0.63263,561.96328
ROKSIV,0,1,114,540,-0.16513,-0.09686,0.06827,4.4169,-0.31103,-0.95938,773.839346
ROKXIB,0,1,75,574,-0.16736,-0.09048,0.07688,1.147,-0.19855,-0.20025,613.341542
ROPSOG,1,1,57,194,-0.32228,-0.21126,0.11102,6.7429,-0.086394,0.77557,251.91027
ROSLOC,0,1,84,372,-0.16081,-0.05065,0.11016,6.2731,-0.208782,0.21104,553.116987
ROSLUI,0,1,84,390,-0.16,-0.05044,0.10956,7.8262,-0.211402,0.154,559.492588
ROSMAP,0,1,84,408,-0.159,-0.05306,0.10594,8.734,-0.215188,0.14331,571.763189
ROSSUQ,0,1,157,628,-0.1803,-0.04571,0.13459,0.0073,-0.319802,-0.16832,880.914539
ROSTAX,0,1,165,676,-0.1838,-0.09248,0.09132,5.3881,-0.327168,-0.14878,952.599269
RUCKOQ,1,1,109,490,-0.26737,-0.17094,0.09643,2.6042,-0.274048,0.32756,721.814161
RUCKUW,1,1,115,506,-0.2664,-0.16818,0.09822,2.9599,-0.287894,0.32374,745.097131
RUDMOT,0,1,57,262,-0.19494,-0.07564,0.1193,9.0032,-0.122298,1.04087,340.731615
RUDVIX,0,1,84,404,-0.19264,-0.07461,0.11803,2.2654,-0.171723,0.36902,499.193224
RUFMUC,0,1,129,586,-0.18814,-0.09557,0.09257,4.7549,-0.23004,0.67248,730.40768
RUHRAO,0,1,84,388,-0.18287,-0.08725,0.09562,4.9496,-0.169133,0.20685,499.299263
RUHVUN,1,1,97,494,-0.27675,-0.1857,0.09105,1.9564,-0.262892,0.31031,665.099604
RUJGEJ,0,1,33,258,-0.20708,-0.14223,0.06485,13.6779,-0.074033,0.24352,264.610495
RUJSIA,0,1,115,482,-0.20034,-0.08762,0.11272,8.3926,-0.268804,0.478,660.734734
RUKJIS,0,1,47,262,-0.2006,-0.04483,0.15577,10.7277,-0.062185,0.17421,257.149597
RUKMEP,1,1,52,264,-0.27057,-0.19335,0.07722,4.8794,-0.114837,0.08735,346.771923
RUKVAU,1,1,106,466,-0.28518,-0.20374,0.08144,1.6354,-0.275357,-0.75481,679.76487
RULKOZ,0,1,46,260,-0.19296,-0.07168,0.12128,2.8783,-0.07851,0.57763,291.458931
RUMWED,1,1,72,354,-0.28035,-0.18419,0.09616,7.1526,-0.164448,0.37277,431.774512
RUQKAQ,0,1,84,380,-0.18737,-0.08906,0.09831,6.6265,-0.163103,0.47937,441.964093
RUQXIL,0,1,60,350,-0.19257,-0.07584,0.11673,5.8938,-0.127803,0.43869,384.678519
RURTII,0,1,77,436,-0.19387,-0.08036,0.11351,7.0715,-0.185384,0.17658,503.289909
RUSKOH,0,1,99,408,-0.19798,-0.09192,0.10606,2.4513,-0.158337,1.17923,552.402479
RUSVUY,1,1,81,392,-0.27071,-0.18075,0.08996,9.3092,-0.173613,0.38256,496.903748
RUTJEW,0,1,141,624,-0.19514,-0.09667,0.09847,13.2487,-0.338982,0.97001,872.171974
RUTNUP,0,1,101,412,-0.17742,-0.08514,0.09228,1.1535,-0.212017,0.74475,602.427161
RUTPOL,0,1,81,392,-0.17195,-0.16441,0.00754,4.8292,-0.18904,0.723,557.166565
RUTQIG,0,1,113,444,-0.17445,-0.08384,0.09061,0.9583,-0.239042,0.73118,648.971608
RUTRAZ,0,1,93,426,-0.16748,-0.15694,0.01054,13.0369,-0.216108,1.2581,598.83596
RUWJAV,0,1,65,342,-0.18101,-0.08038,0.10063,0.2804,-0.144223,0.37519,428.411671
RUWJEZ,0,1,74,366,-0.18231,-0.08017,0.10214,0.0839,-0.161867,0.37368,463.05288
RUWJID,0,1,71,386,-0.16619,-0.08028,0.08591,0.4821,-0.15441,0.38038,460.507979
SABGAE,1,1,50,294,-0.32936,-0.22541,0.10395,10.5499,-0.099793,-0.63365,358.252941
SABQUI,0,1,34,214,-0.1695,-0.1025,0.067,6.046,-0.075485,-0.43795,251.325013
SACLUG,0,1,67,318,-0.17715,-0.09621,0.08094,1.7347,-0.149061,0.11328,404.452891
SACMAN,0,1,57,278,-0.18205,-0.09987,0.08218,4.0747,-0.126833,0.11348,342.140934
SACMIV,0,1,73,334,-0.17233,-0.09567,0.07666,3.1063,-0.16514,0.10631,425.155512
SACQIZ,0,1,57,302,-0.19148,-0.02082,0.17066,0.0018,-0.103404,1.27928,317.820468
SACTEY,1,1,96,464,-0.23554,-0.18228,0.05326,16.776,-0.219157,-0.33228,604.825235
SACTIC,1,1,96,464,-0.23415,-0.18089,0.05326,17.5747,-0.22009,-0.31752,604.861861
SACTUO,1,1,97,476,-0.24471,-0.18437,0.06034,24.1746,-0.222493,-0.33348,617.628097
SAFHOY,0,1,50,208,-0.16477,-0.06677,0.098,5.5403,-0.081066,0.74419,279.64106
SAHHIT,1,1,110,510,-0.28028,-0.20552,0.07476,4.1817,-0.256315,0.49641,649.871311
SAJCEM,0,1,61,338,-0.23757,-0.07853,0.15904,13.9384,-0.14731,-0.25512,434.599226
SAJTUT,0,1,51,314,-0.20236,-0.13029,0.07207,11.5562,-0.116095,0.29447,363.401867
SAJVAB,0,1,51,266,-0.20456,-0.13643,0.06813,9.5863,-0.111215,0.9384,351.027639
SAJVEF,0,1,51,316,-0.20363,-0.13329,0.07034,8.9439,-0.11196,0.74951,358.683066
SAJVIJ,0,1,51,352,-0.20421,-0.13485,0.06936,9.0383,-0.113986,0.66374,371.80376
SAKBUC,0,1,66,338,-0.15621,-0.08885,0.06736,10.6091,-0.171575,-0.31729,455.059347
SALHAR,1,1,75,492,-0.31035,-0.20548,0.10487,7.6982,-0.191478,0.58085,505.598666
SALHEV,1,1,81,508,-0.30925,-0.19006,0.11919,7.3285,-0.187915,0.36171,528.570782
SALHIZ,1,1,81,508,-0.31032,-0.20179,0.10853,10.3648,-0.199144,0.56592,528.345993
SALJUN,1,1,81,508,-0.30475,-0.19584,0.10891,8.411,-0.202124,0.57135,528.385178
SALVAD,0,1,35,184,-0.20352,-0.00725,0.19627,2.0457,-0.055067,0.99407,206.01438
SAMDEQ,0,1,49,272,-0.18804,-0.0944,0.09364,7.7413,-0.092035,1.05504,345.123091
SAQMED,0,1,36,224,-0.2018,-0.12249,0.07931,5.5581,-0.071504,-0.68683,248.753656
SAQMIH,0,1,30,228,-0.18495,-0.11536,0.06959,8.1928,-0.065975,-0.64966,258.999589
SAQXEQ,1,1,97,414,-0.28521,-0.17318,0.11203,3.354,-0.240853,0.26461,620.674639
SAQXIU,1,1,97,520,-0.28725,-0.1874,0.09985,7.2999,-0.270597,0.26737,711.390997
SARRUZ,0,1,43,252,-0.19511,-0.09419,0.10092,5.1696,-0.081315,0.85807,299.16501
SASYUI,1,1,79,356,-0.28724,-0.1971,0.09014,8.3997,-0.179678,-1.00294,466.970525
SASZET,1,1,91,428,-0.28554,-0.1944,0.09114,8.7366,-0.228171,-0.99805,585.312986
SASZIX,1,1,99,476,-0.28741,-0.19098,0.09643,8.8077,-0.257458,-0.98606,664.099961
SASZOD,1,1,87,404,-0.28828,-0.19586,0.09242,9.0093,-0.207953,-0.99683,545.819981
SASZUJ,1,1,97,444,-0.28703,-0.19494,0.09209,8.6241,-0.237548,-1.00617,608.636037
SATBAS,1,1,105,452,-0.28538,-0.19468,0.0907,9.0735,-0.236724,-0.99126,615.773887
SATGIG,0,1,55,296,-0.20651,-0.06939,0.13712,9.9977,-0.107847,0.15516,348.435454
SATGOM,0,1,31,244,-0.21255,-0.06566,0.14689,8.2913,-0.056829,0.18663,224.132746
SATRUC,0,1,68,354,-0.18176,-0.08835,0.09341,1.5714,-0.155439,0.40012,449.920372
SATSAJ,0,1,74,370,-0.18256,-0.08825,0.09431,2.0032,-0.169945,0.39963,472.989494
SAVCOJ,1,1,97,418,-0.25775,-0.171,0.08675,1.9058,-0.199007,0.05173,566.782651
SAVCUP,1,1,99,440,-0.2691,-0.17809,0.09101,8.8082,-0.203038,0.0462,580.800309
SAVDAW,1,1,91,418,-0.2693,-0.17707,0.09223,4.8788,-0.187397,0.04853,544.633558
SAVREP,0,1,63,282,-0.1993,-0.12365,0.07565,11.8011,-0.134128,0.28184,357.916034
SAWBUQ,0,1,68,326,-0.18896,-0.09121,0.09775,13.5028,-0.118444,0.94045,408.127523
SAYVAQ,0,1,46,252,-0.16284,-0.10243,0.06041,12.145,-0.098589,0.04454,297.174186
SAZSET,1,1,81,340,-0.28956,-0.20774,0.08182,6.7362,-0.136201,0.59479,415.435135
SAZSIX,1,1,85,354,-0.2893,-0.20741,0.08189,7.129,-0.14967,0.5803,433.55852
SEDKEU,1,1,87,432,-0.27342,-0.18202,0.0914,7.4549,-0.215052,0.36951,566.920032
SEDKIY,1,1,87,464,-0.28682,-0.18962,0.0972,11.1583,-0.215731,0.37813,568.875688
SEDXEH,0,1,106,482,-0.17798,-0.08407,0.09391,5.8764,-0.20816,0.43892,634.504414
SEDXUX,0,1,54,336,-0.18303,-0.07724,0.10579,4.4934,-0.122108,0.4356,378.950097
SEDYEI,0,1,54,336,-0.18182,-0.0763,0.10552,4.9124,-0.126631,0.40392,379.014228
SEGYIN,1,1,75,318,-0.31802,-0.19739,0.12063,0.1422,-0.130306,0.44258,408.867509
SEHWAE,1,1,81,360,-0.26504,-0.20722,0.05782,7.4888,-0.149489,0.45466,444.596342
SEKRUV,1,1,27,212,-0.37521,-0.25387,0.12134,5.016,-0.052863,-0.96029,225.544208
SELSOR,0,1,49,220,-0.17756,-0.08643,0.09113,0.207,-0.092472,0.8012,304.895482
SEMLUR,0,1,77,350,-0.18102,-0.09155,0.08947,0.0005,-0.158747,1.2645,504.404747
SEMMAY,0,1,77,350,-0.18104,-0.09155,0.08949,0.0005,-0.158737,1.26446,504.405342
SEMMEC,0,1,77,350,-0.18099,-0.09155,0.08944,0.0,-0.158751,1.26456,504.4051
SEMMIG,0,1,77,350,-0.18107,-0.09154,0.08953,0.0036,-0.158723,1.26442,504.406639
SEMMOM,0,1,77,350,-0.18108,-0.09153,0.08955,0.0015,-0.158722,1.2643,504.403861
SEMNAZ,0,1,77,350,-0.18103,-0.09154,0.08949,0.0002,-0.158741,1.26447,504.405137
SEMNON,0,1,77,350,-0.18106,-0.09153,0.08953,0.0004,-0.158729,1.26441,504.405426
SEMPAB,0,1,77,350,-0.18125,-0.09154,0.08971,0.0152,-0.158673,1.264,504.407474
SEMPEF,0,1,77,350,-0.18096,-0.09161,0.08935,0.0001,-0.158761,1.2646,504.404685
SEMPIJ,0,1,77,350,-0.18109,-0.09152,0.08957,0.0005,-0.158721,1.26438,504.406266
SEMPOP,0,1,77,350,-0.18105,-0.09155,0.0895,0.0012,-0.15874,1.26443,504.404511
SEMPUV,0,1,77,350,-0.18101,-0.09157,0.08944,0.0004,-0.158748,1.26449,504.40415
SEMRAD,0,1,77,350,-0.18106,-0.09154,0.08952,0.0008,-0.158729,1.26441,504.405631
SEMREH,0,1,77,350,-0.18108,-0.09153,0.08955,0.0001,-0.158724,1.26437,504.405661
SEMRIL,0,1,77,350,-0.18106,-0.09155,0.08951,0.0002,-0.15873,1.26442,504.405385
SEMWEN,0,1,36,240,-0.1595,-0.10713,0.05237,8.8837,-0.071771,0.19149,269.641625
SENBEV,1,1,97,408,-0.27439,-0.16489,0.1095,2.2282,-0.235134,0.43852,587.419486
SEQKIK,0,1,55,300,-0.1789,-0.09365,0.08525,6.2129,-0.097361,0.85651,348.6873
SEQKOQ,0,1,79,364,-0.18295,-0.08788,0.09507,4.0563,-0.13692,0.85587,441.550363
SEQNOS,0,1,79,416,-0.16349,-0.06884,0.09465,3.0254,-0.179398,0.26616,532.240507
SEQNUY,1,1,70,356,-0.27987,-0.16358,0.11629,6.3723,-0.14867,0.36782,441.21105
SEQPAG,1,1,84,420,-0.27671,-0.16044,0.11627,5.8481,-0.183615,0.36763,543.097062
SEQPIO,0,1,68,360,-0.1622,-0.06622,0.09598,3.0704,-0.148588,0.26749,441.897037
SERDOJ,0,1,37,282,-0.20937,-0.16331,0.04606,4.3633,-0.081759,0.34911,299.166045
SERSAL,0,1,69,352,-0.18931,-0.06341,0.1259,2.8972,-0.144897,0.1735,430.417152
SERXEV,0,1,67,338,-0.16456,-0.05242,0.11214,6.5028,-0.153748,-0.00219,420.868635
SEVYUP,0,1,86,404,-0.16004,-0.10133,0.05871,10.4882,-0.163901,-0.81892,535.34632
SEVZAW,0,1,72,380,-0.1649,-0.10935,0.05555,10.7981,-0.136715,-0.81731,501.205838
SEWCUT,0,1,101,502,-0.16878,-0.086,0.08278,0.0152,-0.239466,0.68306,677.325921
SEYVAV,0,1,55,304,-0.19515,-0.09305,0.1021,5.2659,-0.107012,0.85757,379.127091
SIBSEB,0,1,23,186,-0.24738,-0.14628,0.1011,12.3327,-0.042916,0.32396,178.079049
SICLOH,0,1,74,392,-0.19042,-0.11823,0.07219,8.5936,-0.147099,0.47267,439.184473
SICLUN,0,1,58,328,-0.1938,-0.1076,0.0862,6.7081,-0.135202,0.47386,373.832109
SICMAU,0,1,56,316,-0.19179,-0.10154,0.09025,6.4361,-0.12196,0.4709,356.418343
SICRUS,0,1,67,316,-0.19632,-0.08922,0.1071,4.1872,-0.120379,0.85637,392.115333
SICSAZ,0,1,51,260,-0.20379,-0.09092,0.11287,4.3296,-0.085852,0.85546,306.440064
SICSED,0,1,47,268,-0.18046,-0.0922,0.08826,4.3014,-0.0861,0.85752,315.613224
SICSIH,0,1,45,274,-0.21541,-0.10316,0.11225,11.6017,-0.085568,0.86195,313.014603
SICSON,0,1,43,268,-0.20235,-0.09685,0.1055,6.9285,-0.084148,0.85892,311.244429
SICWOR,0,1,69,344,-0.17506,-0.13147,0.04359,2.3628,-0.133946,-0.10829,468.077283
SIDQOO,-1,1,35,244,-0.03482,0.0274,0.06222,6.9388,-0.075385,0.09701,282.4528
SIFPUU,1,1,31,150,-0.34716,-0.14715,0.20001,0.0004,-0.041189,0.44026,175.099191
SIGDET,1,1,108,558,-0.27113,-0.16405,0.10708,6.6194,-0.310866,-0.0466,718.711329
SIGDIX,1,1,97,504,-0.29828,-0.16262,0.13566,7.3502,-0.272592,-0.14262,647.240399
SIGDOD,1,1,108,526,-0.26605,-0.15882,0.10723,2.8775,-0.307916,-0.04931,716.936177
SIGFAR,1,1,127,594,-0.28194,-0.17257,0.10937,1.7528,-0.375267,-0.06046,822.252913
SIGLOM,0,1,64,298,-0.19157,-0.11724,0.07433,9.6216,-0.14351,0.32963,390.200525
SIGZUF,0,1,91,372,-0.20333,-0.0339,0.16943,8.5091,-0.179072,0.14749,454.940801
SIJKUR,0,1,47,240,-0.19081,-0.09112,0.09969,5.6517,-0.103235,0.90255,326.337371
SIKFAW,0,1,78,384,-0.16537,-0.08027,0.0851,1.8258,-0.183566,0.43131,495.448586
SILCEY,0,1,83,372,-0.1878,-0.07061,0.11719,4.4417,-0.163478,0.47251,454.705323
SILROX,0,1,96,536,-0.19298,-0.07648,0.1165,6.5645,-0.25577,0.08762,663.716066
SIMKAD,1,1,35,232,-0.33189,-0.22703,0.10486,10.5207,-0.065304,-0.67841,267.042623
SINFUQ,1,1,38,236,-0.3241,-0.22065,0.10345,10.9033,-0.072621,-0.80799,270.214885
SINLOQ,1,1,50,296,-0.32499,-0.22725,0.09774,8.6024,-0.089689,-0.80374,329.926188
SINPIO,1,1,74,388,-0.32348,-0.15901,0.16447,7.8562,-0.187073,-1.51097,518.30249
SITDOQ,0,1,55,292,-0.17209,-0.06317,0.10892,2.2128,-0.110961,0.47253,348.020621
SITFEI,0,1,69,340,-0.16769,-0.05829,0.1094,2.1278,-0.134397,0.46815,403.945076
SITTAR,0,1,31,268,-0.19869,-0.1096,0.08909,7.2873,-0.066482,0.40107,261.199543
SITTEV,0,1,46,312,-0.17487,-0.11004,0.06483,7.0497,-0.088586,0.45236,341.619114
SITTIZ,0,1,61,320,-0.17076,-0.10566,0.0651,9.8282,-0.108097,0.45177,403.312246
SIVLUF,0,1,99,468,-0.16713,-0.0647,0.10243,1.3363,-0.216901,0.47184,617.186983
SIVMAM,0,1,121,564,-0.17394,-0.06817,0.10577,1.6779,-0.274903,0.47129,776.353735
SIVMEQ,0,1,77,388,-0.17415,-0.06238,0.11177,1.5808,-0.149905,0.47771,482.468919
SIVMIU,0,1,135,560,-0.17556,-0.08226,0.0933,2.3384,-0.295442,0.46916,758.277193
SIVMUG,0,1,81,436,-0.19153,-0.08541,0.10612,11.333,-0.174624,0.48025,532.585268
SIVTOH,0,1,52,276,-0.17823,-0.10027,0.07796,8.0245,-0.092706,0.44759,334.519231
SIWQIZ,0,1,67,426,-0.20148,-0.08247,0.11901,7.384,-0.14867,0.4043,449.350732
SIWQUL,0,1,67,402,-0.19502,-0.07776,0.11726,5.07,-0.148426,0.40375,446.940221
SIWRAS,0,1,67,402,-0.19873,-0.0822,0.11653,7.2722,-0.147682,0.40447,446.841948
SIWREW,0,1,67,394,-0.1903,-0.08001,0.11029,6.7634,-0.147467,0.40558,446.363273
SIWRIB,0,1,51,282,-0.20338,-0.06413,0.13925,9.5229,-0.09726,0.17326,325.623506
SIWXON,0,1,49,258,-0.19968,-0.05947,0.14021,10.1124,-0.081346,0.46775,281.915062
SIWXUT,0,1,81,380,-0.20509,-0.0691,0.13599,9.0099,-0.14993,0.46963,470.149207
SIYHEO,0,1,129,516,-0.17514,-0.10436,0.07078,6.2083,-0.257813,0.74045,729.181224
SIYQOJ,1,1,31,216,-0.33574,-0.23697,0.09877,8.0043,-0.061636,0.5555,223.943403
SIYQUP,1,1,31,216,-0.33573,-0.23695,0.09878,8.0047,-0.061636,0.55544,223.943513
SOBNOO,0,1,62,322,-0.18852,-0.08052,0.108,0.9399,-0.11654,0.63696,357.590732
SOBNUU,0,1,65,330,-0.18814,-0.08156,0.10658,0.4859,-0.121443,0.64969,369.288433
SOBPAC,0,1,65,330,-0.18475,-0.08471,0.10004,0.825,-0.121096,0.64969,369.130872
SOBPEG,0,1,65,330,-0.18622,-0.08233,0.10389,0.5767,-0.122534,0.64972,369.188371
SOBPIK,0,1,65,314,-0.18669,-0.07645,0.11024,0.387,-0.116417,0.64816,345.632479
SOBPOQ,0,1,65,366,-0.18953,-0.08371,0.10582,0.5264,-0.123008,0.65155,382.470379
SOBPUW,0,1,37,252,-0.18667,-0.08078,0.10589,0.0698,-0.067275,0.68472,258.05494
SOBRUX,1,1,87,404,-0.24279,-0.20501,0.03778,11.6985,-0.153154,0.5975,488.093068
SODYUH,0,1,47,246,-0.20473,-0.09377,0.11096,11.9809,-0.092956,0.95053,301.761844
SODZAO,0,1,97,474,-0.19197,-0.07128,0.12069,11.13,-0.210635,1.21041,571.453581
SODZES,0,1,47,296,-0.22607,-0.08277,0.1433,9.9176,-0.092493,0.75367,309.17602
SODZOC,0,1,31,182,-0.20316,-0.10435,0.09881,11.5273,-0.05443,0.94864,215.59187
SOFBEW,0,1,57,310,-0.18859,-0.06932,0.11927,1.004,-0.126409,0.23293,387.746754
SOFBOG,0,1,69,342,-0.18853,-0.06935,0.11918,1.336,-0.157197,0.24208,433.853897
SOFCIB,0,1,55,360,-0.18374,-0.07187,0.11187,4.769,-0.118552,0.47932,385.424762
SOFFEZ,1,1,127,578,-0.28418,-0.22474,0.05944,1.6656,-0.368086,-1.27359,839.187442
SOFFUQ,1,1,61,294,-0.34026,-0.19305,0.14721,9.2932,-0.131934,1.20632,365.612287
SOFKEE,1,1,71,290,-0.30902,-0.11832,0.1907,4.9239,-0.125644,0.40639,345.558336
SOGNUA,1,1,40,256,-0.32444,-0.2295,0.09494,7.5093,-0.07892,0.55347,281.925962
SOJSAN,0,1,80,366,-0.16009,-0.06096,0.09913,2.9377,-0.164741,0.41072,466.247492
SOJSIV,0,1,81,366,-0.16137,-0.0614,0.09997,2.8538,-0.182594,0.40449,467.871393
SOJYUN,0,1,65,472,-0.22115,-0.13407,0.08708,13.6532,-0.155119,-0.87684,470.450199
SOLYEZ,0,1,58,284,-0.15725,-0.0875,0.06975,10.761,-0.136277,0.64505,362.093569
SOLYID,1,1,58,282,-0.29042,-0.20024,0.09018,7.7109,-0.136233,0.6552,359.122119
SOLYOJ,0,1,62,298,-0.20387,-0.09741,0.10646,9.4462,-0.130477,1.13714,373.273368
SOLYUP,0,1,56,324,-0.19582,-0.09303,0.10279,9.7311,-0.137541,0.90193,377.225231
SOMWEZ,0,1,53,302,-0.20488,-0.12869,0.07619,13.9759,-0.085618,0.37025,314.310586
SOMWOJ,0,1,53,302,-0.20434,-0.12819,0.07615,14.1476,-0.085554,0.36989,314.29275
SOMYEZ,0,1,55,254,-0.17652,-0.05725,0.11927,2.8117,-0.085044,0.60401,313.759696
SONBEF,1,1,89,408,-0.28047,-0.16126,0.11921,3.2223,-0.234,0.3202,599.846162
SONMEQ,1,1,48,212,-0.31538,-0.1365,0.17888,2.3382,-0.087601,0.46823,266.727621
SOPQOE,0,1,49,276,-0.19499,-0.07676,0.11823,2.7028,-0.088621,0.58549,326.403963
SOQHEL,0,1,105,486,-0.17202,-0.10148,0.07054,14.6495,-0.258673,-0.84238,690.15369
SOQHIP,0,1,95,448,-0.17518,-0.09576,0.07942,12.2049,-0.25115,-0.82242,638.981509
SOSMAQ,0,1,192,884,-0.16215,-0.07377,0.08838,4.3276,-0.549626,-1.64008,1253.562153
SOTCAG,0,1,57,252,-0.1892,-0.08069,0.10851,3.7552,-0.109014,1.18695,346.520582
SOVDEO,0,1,57,336,-0.19659,-0.09672,0.09987,3.7285,-0.114752,0.56104,388.860109
SOVDIS,0,1,48,298,-0.19362,-0.08718,0.10644,2.1236,-0.090986,0.55845,326.859158
SOWQOM,1,1,70,384,-0.30179,-0.18643,0.11536,11.7476,-0.160142,0.20737,435.351429
SOWQUS,1,1,78,386,-0.28414,-0.15841,0.12573,5.9804,-0.193867,-0.01436,500.802729
SOWRAZ,1,1,78,418,-0.29858,-0.16455,0.13403,9.7317,-0.196082,-0.01411,502.593761
SOWRED,1,1,74,406,-0.30167,-0.14523,0.15644,9.1443,-0.180811,-0.04806,476.59828
SOXWOT,0,1,93,420,-0.18361,-0.11855,0.06506,5.4668,-0.194429,0.78028,528.161512
SOYQAY,0,1,131,516,-0.18051,-0.06357,0.11694,0.0069,-0.228682,-0.1893,702.804447
SOYVUZ,0,1,45,256,-0.23012,-0.10462,0.1255,11.1204,-0.071054,0.64848,249.789357
SUBRAI,1,1,62,308,-0.27585,-0.19073,0.08512,4.6675,-0.1326,0.09874,395.794672
SUCNOV,0,1,42,240,-0.18257,-0.04706,0.13551,4.6537,-0.070985,0.45828,262.848508
SUCNUB,0,1,56,304,-0.18468,-0.07139,0.11329,4.5239,-0.101906,0.46609,364.999303
SUCPAJ,0,1,42,288,-0.20074,-0.09124,0.1095,7.0691,-0.072858,0.45537,270.421993
SUCVAP,1,1,57,340,-0.29172,-0.18571,0.10601,15.9262,-0.125034,0.38876,373.274562
SUCVET,1,1,71,394,-0.28553,-0.17557,0.10996,14.5711,-0.157663,0.39324,454.026584
SUDKOT,0,1,73,392,-0.18735,-0.08535,0.102,2.6259,-0.178437,0.08522,506.007619
SUDSER,1,1,91,398,-0.28014,-0.1792,0.10094,4.2263,-0.228931,0.27005,597.772287
SUFVOG,0,1,62,378,-0.19533,-0.12144,0.07389,7.1564,-0.117606,-0.81851,416.486901
SUGMEO,0,1,34,232,-0.18517,-0.10089,0.08428,9.239,-0.065861,-0.78738,260.615592
SUGXEY,1,1,82,388,-0.27463,-0.17795,0.09668,8.0411,-0.174873,0.38026,481.316261
SUHCEE,0,1,61,434,-0.19484,-0.11411,0.08073,16.2228,-0.097034,0.34934,351.488162
SUJVUP,0,1,57,306,-0.17877,-0.07115,0.10762,1.9403,-0.112048,0.57537,360.613403
SUKMAN,0,1,54,308,-0.15605,-0.08765,0.0684,2.6414,-0.096667,0.49768,347.434657
SUKMER,0,1,43,252,-0.17678,-0.08276,0.09402,4.7566,-0.080311,0.49038,299.712607
SUKTAV,0,1,83,394,-0.21054,-0.06249,0.14805,8.4226,-0.175655,0.14196,493.087072
SUKVIF,0,1,71,362,-0.21051,-0.06301,0.1475,8.6209,-0.157985,0.14521,446.447232
SUNXAB,0,1,75,410,-0.18768,-0.11021,0.07747,3.346,-0.165585,0.67612,516.003491
SUQSEE,0,1,75,574,-0.22462,-0.14678,0.07784,0.0575,-0.16696,0.69614,522.807085
SURFEQ,0,1,50,284,-0.18986,-0.12387,0.06599,9.3969,-0.08614,-0.78616,331.962668
SUWROS,1,1,69,346,-0.33824,-0.2241,0.11414,9.3027,-0.134763,0.58522,390.05975
SUWSAF,1,1,67,312,-0.31598,-0.21444,0.10154,7.0323,-0.118194,0.54418,362.714354
SUWVOX,0,1,31,240,-0.22072,-0.10106,0.11966,11.0482,-0.066056,0.47024,235.623016
SUZGOL,1,1,153,702,-0.28919,-0.15617,0.13302,6.4629,-0.404268,-0.07164,938.633044
SUZGUR,1,1,146,680,-0.28886,-0.15609,0.13277,7.1047,-0.390641,-0.07952,908.951986
SUZLOQ,0,1,44,290,-0.17476,-0.10179,0.07297,9.3661,-0.094943,-0.77383,340.50237
SUZLUW,0,1,44,298,-0.17561,-0.105,0.07061,9.039,-0.099374,-0.773,355.57927
SUZTIS,1,1,115,542,-0.28223,-0.15863,0.1236,1.8831,-0.323471,-0.06228,742.542441
SUZTOY,1,1,108,520,-0.2835,-0.15711,0.12639,2.8378,-0.310758,-0.07334,712.856594
SUZVAM,1,1,108,526,-0.26611,-0.15886,0.10725,2.8638,-0.308109,-0.04962,716.936092
SUZVEQ,1,1,153,670,-0.27663,-0.15121,0.12542,2.955,-0.400828,-0.06519,937.044202
TABXUR,0,1,70,386,-0.19672,-0.10702,0.0897,5.2344,-0.163165,0.42223,454.364427
TACLIU,0,1,38,264,-0.18522,-0.10049,0.08473,8.649,-0.083949,-0.78703,300.261927
TADKIU,0,1,71,368,-0.18467,-0.09914,0.08553,9.5436,-0.159113,0.55189,447.959983
TAFFEN,0,1,43,290,-0.18906,-0.12481,0.06425,10.7771,-0.085016,-0.78564,335.686138
TAFFUD,0,1,44,298,-0.18478,-0.12022,0.06456,13.0312,-0.087285,-0.78593,340.129657
TAFGEO,0,1,45,322,-0.19211,-0.1481,0.04401,10.6164,-0.093218,-0.82236,355.874424
TAFGIS,0,1,46,312,-0.18944,-0.1385,0.05094,12.1536,-0.094303,-0.78822,353.7126
TAFRAU,0,1,53,306,-0.1977,-0.12417,0.07353,16.854,-0.096214,0.42203,366.839879
TAHFUE,0,1,125,554,-0.18144,-0.11396,0.06748,2.1305,-0.252543,1.22418,730.557043
TAHLAS,1,1,109,522,-0.27893,-0.17007,0.10886,15.0497,-0.228048,0.39499,648.326928
TAHYIM,0,1,49,208,-0.20387,-0.05722,0.14665,0.2446,-0.072158,1.1828,258.796244
TAHYOS,0,1,45,176,-0.22591,0.00571,0.23162,2.4754,-0.0575,1.17357,198.22114
TAJVUX,1,1,115,450,-0.27518,-0.20934,0.06584,2.4616,-0.264393,0.60331,658.129338
TAJWAE,1,1,111,478,-0.28451,-0.20008,0.08443,2.5667,-0.289526,0.29225,722.905213
TAJWEI,0,1,86,390,-0.15705,-0.1014,0.05565,6.1336,-0.195018,0.36374,557.141234
TAKTEG,0,1,65,272,-0.13173,-0.07512,0.05661,4.323,-0.13732,0.62164,391.029198
TAKTIK,0,1,71,288,-0.12609,-0.07008,0.05601,3.6712,-0.152333,0.60713,413.987246
TAKTOQ,0,1,85,352,-0.12455,-0.07863,0.04592,2.5314,-0.218252,0.65918,516.393715
TAKTUW,0,1,84,336,-0.12807,-0.07359,0.05448,3.3733,-0.190855,0.64356,488.424475
TAKVIM,0,1,95,384,-0.12048,-0.06486,0.05562,3.0565,-0.215873,0.61457,513.140294
TAKVUY,0,1,71,368,-0.13471,-0.07642,0.05829,0.6966,-0.17313,0.59451,419.769906
TAQQIO,0,1,120,652,-0.19851,-0.1113,0.08721,2.4318,-0.330269,0.44381,803.48258
TAQQUA,0,1,120,620,-0.19294,-0.10452,0.08842,3.8783,-0.328663,0.44359,801.180968
TAQTUB,0,1,44,192,-0.16929,-0.07538,0.09391,5.0828,-0.072342,0.76125,256.51916
TAQVEN,0,1,44,192,-0.16955,-0.07209,0.09746,5.1304,-0.072092,0.74988,256.494514
TAQWUG,0,1,91,348,-0.17979,-0.08471,0.09508,1.5557,-0.163765,1.26642,469.769339
TASBIB,0,1,65,320,-0.18616,-0.10438,0.08178,1.8672,-0.1286,0.71121,388.967082
TASBUN,0,1,77,352,-0.18249,-0.1034,0.07909,1.7777,-0.149612,0.7091,435.457454
TASCAU,0,1,64,320,-0.19165,-0.09556,0.09609,2.3138,-0.12463,0.74816,384.4435
TASCEY,0,1,71,346,-0.18502,-0.10428,0.08074,1.9349,-0.144006,0.70645,428.961271
TASCOI,0,1,73,362,-0.19689,-0.11113,0.08576,7.5016,-0.146909,0.71432,435.892397
TASCUO,0,1,72,346,-0.17952,-0.08956,0.08996,4.8667,-0.145838,0.70919,433.499787
TASLAD,1,1,107,468,-0.27543,-0.17642,0.09901,1.623,-0.276164,0.33905,680.913115
TASPEL,1,1,64,340,-0.28391,-0.20786,0.07605,6.5172,-0.142817,0.38259,419.891313
TASVAM,0,1,84,400,-0.17261,-0.08303,0.08958,3.6741,-0.159398,0.23156,510.944868
TASVEQ,0,1,112,476,-0.18559,-0.08707,0.09852,0.4191,-0.201923,0.36001,634.17023
TASVIU,0,1,105,456,-0.16782,-0.07841,0.08941,2.3556,-0.187636,0.35548,596.035777
TASVOA,0,1,75,376,-0.17228,-0.08197,0.09031,2.8884,-0.141269,0.23272,468.014157
TAWMEM,0,1,24,196,-0.23197,-0.07188,0.16009,10.3073,-0.045507,0.61759,182.898065
TAWMIQ,0,1,44,324,-0.22602,-0.07657,0.14945,10.8907,-0.088644,0.75052,290.893294
TAWNEN,0,1,24,180,-0.20427,-0.05065,0.15362,9.823,-0.039265,0.18331,171.057971
TAWNIR,0,1,26,214,-0.22974,-0.10195,0.12779,10.2281,-0.052972,0.47147,200.340934
TAWNOX,0,1,33,226,-0.20394,-0.06917,0.13477,9.8993,-0.057669,0.18285,233.065485
TAWNUD,0,1,35,260,-0.22885,-0.10128,0.12757,10.2742,-0.071795,0.47077,262.407968
TAWPEP,0,1,43,276,-0.2195,-0.10141,0.11809,9.212,-0.089555,0.46054,292.507874
TAXBOM,1,1,31,216,-0.33573,-0.23693,0.0988,8.0016,-0.061639,0.55538,223.943551
TAZFEH,0,1,138,516,-0.17312,-0.08906,0.08406,0.95,-0.268726,1.10811,747.771466
TAZFIL,0,1,120,468,-0.17468,-0.09093,0.08375,0.0223,-0.232556,1.11649,678.069777
TECJUJ,1,1,67,310,-0.29298,-0.11704,0.17594,0.003,-0.127062,0.26431,363.815285
TEDCOX,0,1,81,334,-0.22329,-0.13517,0.08812,11.7927,-0.168484,0.95533,454.455675
TEGKEW,0,1,133,520,-0.18729,-0.04197,0.14532,0.0095,-0.271318,-0.20835,698.492933
TEGKIA,0,1,97,424,-0.18704,-0.04111,0.14593,0.0206,-0.202996,-0.19188,558.47843
TEGVIK,0,1,89,382,-0.17615,-0.0876,0.08855,0.0003,-0.174221,1.26386,550.528617
TEGZUD,0,1,83,390,-0.14193,-0.08131,0.06062,11.1347,-0.16192,0.5505,494.419812
TEJWIQ,0,1,51,368,-0.20641,-0.10447,0.10194,4.096,-0.114045,1.19076,410.424102
TEJXIS,1,1,127,568,-0.26024,-0.16777,0.09247,5.7007,-0.312267,-0.07057,777.322845
TEKJEB,0,1,55,314,-0.21106,-0.02662,0.18444,8.1234,-0.092077,0.15798,296.68531
TELNOQ,0,1,47,266,-0.20054,-0.07952,0.12102,3.9677,-0.081446,0.58539,300.005701
TELNUW,0,1,47,274,-0.20457,-0.08055,0.12402,4.9006,-0.081903,0.59057,300.486216
TELPAE,0,1,47,282,-0.20606,-0.08164,0.12442,5.2623,-0.082391,0.59461,301.079685
TEMKOL,0,1,37,188,-0.19317,-0.09108,0.10209,0.033,-0.071658,0.80018,258.778787
TEPBAT,0,1,96,420,-0.18282,-0.05234,0.13048,5.6126,-0.242868,0.54132,630.152454
TEPBEX,0,1,96,484,-0.19186,-0.07383,0.11803,4.1165,-0.247339,0.50644,633.724933
TEPSAK,1,1,67,380,-0.30074,-0.20554,0.0952,9.8277,-0.16418,0.36668,436.565623
TEPSIS,1,1,101,484,-0.29277,-0.18311,0.10966,8.5826,-0.240996,0.35015,591.738166
TEQGEC,0,1,48,290,-0.18002,-0.07556,0.10446,3.2908,-0.106199,0.00319,321.107333
TEQGIH,1,1,57,244,-0.27978,-0.17933,0.10045,2.1046,-0.089942,0.63186,313.571681
TEQYEV,1,1,107,470,-0.25835,-0.14215,0.1162,0.0011,-0.260169,0.46894,652.987644
TEQYIZ,1,1,107,502,-0.27676,-0.15443,0.12233,0.0001,-0.2556,0.27101,652.531773
TEQYOF,0,1,48,302,-0.19712,-0.11463,0.08249,10.8081,-0.098527,0.43797,330.360174
TETHEG,0,1,45,222,-0.20882,-0.11314,0.09568,10.8987,-0.082175,0.97367,271.272166
TETRUI,0,1,91,412,-0.16253,-0.0525,0.11003,8.623,-0.230861,0.36868,608.426813
TETSIX,0,1,38,242,-0.21397,-0.09415,0.11982,6.1573,-0.071523,0.43534,261.311682
TEVHAG,1,1,65,304,-0.31659,-0.22087,0.09572,6.0856,-0.144113,1.11388,406.552302
TEVHUA,0,1,45,218,-0.22432,-0.13175,0.09257,9.2601,-0.083955,0.94182,281.423873
TEVJAI,0,1,36,194,-0.21898,-0.1321,0.08688,9.1991,-0.067808,0.94033,246.546918
TEVJEM,0,1,35,208,-0.22683,-0.14802,0.07881,12.5291,-0.066013,0.92078,249.208568
TEVJIQ,0,1,51,234,-0.2244,-0.13099,0.09341,9.1317,-0.096098,0.94069,304.737941
TEVPIW,0,1,128,502,-0.18022,-0.09824,0.08198,1.4558,-0.241497,0.76584,718.875267
TEWMUE,0,1,77,364,-0.16486,-0.05432,0.11054,0.7012,-0.169468,0.47941,452.483603
TEWNAL,0,1,83,380,-0.16466,-0.05499,0.10967,0.6354,-0.184992,0.46861,475.792491
TEWNEP,0,1,63,300,-0.15919,-0.04908,0.11011,0.4013,-0.12004,0.47004,350.297934
TEWNIT,0,1,94,428,-0.16847,-0.05629,0.11218,5.037,-0.225812,0.30603,562.403027
TEWSOF,0,1,55,238,-0.21854,-0.12643,0.09211,9.4897,-0.101087,0.95928,309.811217
TEWZOM,0,1,50,382,-0.20961,-0.09612,0.11349,8.7518,-0.10411,0.48262,387.258732
TEXJAI,0,1,93,500,-0.13909,-0.10746,0.03163,16.3134,-0.186821,0.20249,595.977739
TEXJIQ,0,1,67,406,-0.13302,-0.10371,0.02931,12.1072,-0.141501,0.20187,487.764025
TEYDUZ,0,1,59,268,-0.17609,-0.07957,0.09652,3.8492,-0.111342,1.18567,356.503161
TEYFEK,0,1,50,346,-0.22114,-0.0949,0.12624,9.9158,-0.100695,0.64698,363.18526
TEYGAH,0,1,65,324,-0.17607,-0.0859,0.09017,1.9218,-0.122257,0.58153,380.64345
TEYJIS,0,1,54,334,-0.22178,-0.09352,0.12826,4.9013,-0.118901,0.69214,391.135896
TEYKAJ,0,1,97,482,-0.18555,-0.08691,0.09864,7.4643,-0.227648,-0.17661,652.037308
TEYSIA,0,1,67,338,-0.16433,-0.10365,0.06068,10.2129,-0.164235,0.89789,473.031459
TEYSOG,0,1,73,354,-0.15972,-0.10105,0.05867,9.9607,-0.170594,0.89299,496.091726
TEZRIC,0,1,73,340,-0.18111,-0.09045,0.09066,1.7659,-0.149489,0.78683,484.780286
TEZSAV,1,1,82,378,-0.27066,-0.2143,0.05636,12.627,-0.171132,0.79616,540.066546
TEZXAA,0,1,45,320,-0.20364,-0.11605,0.08759,8.7225,-0.101683,-0.65098,360.885556
TIBFUH,0,1,101,498,-0.17668,-0.0895,0.08718,7.9527,-0.249201,1.24046,680.154575
TICQOM,1,1,45,272,-0.32403,-0.22702,0.09701,9.7568,-0.092357,-0.68262,328.775699
TICQUS,1,1,53,334,-0.32159,-0.22845,0.09314,6.5568,-0.123689,-0.64736,392.494497
TICZOV,0,1,81,376,-0.15838,-0.10389,0.05449,12.4524,-0.151265,0.19639,473.588875
TIDVEK,1,1,47,230,-0.29834,-0.19046,0.10788,7.8382,-0.083416,0.38275,301.201593
TIDVIO,1,1,47,230,-0.29831,-0.19051,0.1078,7.8638,-0.083419,0.38259,301.202077
TIHDUL,0,1,52,246,-0.196,-0.11194,0.08406,10.9272,-0.100775,0.31279,305.551916
TIHFAT,0,1,58,262,-0.19423,-0.11089,0.08334,11.0711,-0.11121,0.29806,328.838334
TIHFEX,0,1,89,414,-0.1991,-0.1105,0.0886,10.4456,-0.22523,0.3048,556.167978
TIHVEM,0,1,29,210,-0.19123,-0.10824,0.08299,13.2334,-0.05282,0.34602,207.964229
TIHYIS,0,1,71,330,-0.17107,-0.105,0.06607,13.117,-0.119721,0.41664,415.747508
TIHYOY,0,1,53,282,-0.17374,-0.10885,0.06489,12.6355,-0.089742,0.41575,345.872588
TIHZAL,0,1,59,318,-0.17517,-0.1098,0.06537,12.3332,-0.109241,0.41921,402.797331
TIHZEP,0,1,69,358,-0.17264,-0.10831,0.06433,13.3631,-0.129578,0.42022,465.364266
TIJCOH,0,1,55,336,-0.16804,-0.06557,0.10247,1.1432,-0.117926,0.49027,386.542417
TIJCUN,0,1,101,504,-0.18087,-0.07889,0.10198,3.044,-0.223537,0.46983,650.717531
TIKHOM,0,1,99,444,-0.17645,-0.0929,0.08355,12.0116,-0.2628,-1.03466,639.957486
TIKZOF,0,1,55,360,-0.18216,-0.07285,0.10931,2.8762,-0.121442,0.47729,385.301561
TILTAL,0,1,67,398,-0.21709,-0.10494,0.11215,9.2779,-0.150779,0.31828,430.519525
TILTEP,0,1,65,328,-0.19482,-0.07447,0.12035,7.7699,-0.131339,0.1683,388.334988
TINHIJ,0,1,47,300,-0.17966,-0.12023,0.05943,9.4361,-0.085546,0.4265,341.714759
TIPDIG,0,1,109,476,-0.15924,-0.06363,0.09561,0.0011,-0.210468,0.7949,641.827761
TIQHAE,0,1,90,504,-0.18411,-0.07234,0.11177,7.2148,-0.232205,0.42884,606.962189
TIQHEI,0,1,90,504,-0.18883,-0.06956,0.11927,5.8118,-0.232729,0.43092,606.770376
TIQHIM,0,1,90,504,-0.18618,-0.07598,0.1102,7.3552,-0.235703,0.4564,606.946384
TIQMAI,1,1,78,404,-0.28605,-0.1906,0.09545,8.1665,-0.158039,-0.63131,520.207773
TIQMEM,1,1,98,484,-0.26087,-0.18857,0.0723,11.0229,-0.194511,-0.63574,645.332361
TIQVAQ,1,1,67,270,-0.2549,-0.14009,0.11481,9.8778,-0.129897,1.16169,343.056278
TIRCAB,1,1,110,464,-0.26873,-0.16525,0.10348,2.3759,-0.265225,0.29479,688.648611
TISDUX,0,1,78,428,-0.18824,-0.08025,0.10799,6.3728,-0.161142,0.48202,509.663944
TITFOT,1,1,52,252,-0.31052,-0.2033,0.10722,8.7185,-0.094043,0.66126,287.825397
TOCXEQ,0,1,50,250,-0.18757,-0.09007,0.0975,14.4827,-0.09411,0.93932,325.531136
TOFVIV,0,1,68,356,-0.19501,-0.12241,0.0726,8.8676,-0.150018,-0.74425,449.219346
TOFWES,0,1,58,340,-0.18665,-0.11988,0.06677,8.5111,-0.121311,-0.75944,412.906633
TOFWIW,0,1,50,376,-0.19993,-0.13367,0.06626,9.1665,-0.118745,-0.75895,417.658671
TOGFEC,0,1,45,254,-0.18842,-0.08331,0.10511,1.6209,-0.078303,0.56467,280.650015
TOGHOO,0,1,61,324,-0.18371,-0.0843,0.09941,1.3437,-0.115701,0.56396,393.459971
TOGHUU,0,1,61,324,-0.18594,-0.09339,0.09255,4.467,-0.115748,0.57056,393.451222
TOGJAC,0,1,42,250,-0.20432,-0.10422,0.1001,8.0786,-0.076606,0.58104,276.903365
TOGJEG,0,1,41,246,-0.19719,-0.09051,0.10668,4.1506,-0.073327,0.57353,264.509161
TOGJIK,0,1,44,270,-0.2011,-0.09878,0.10232,6.2393,-0.07806,0.57834,279.190604
TOGJOQ,0,1,44,246,-0.19106,-0.08646,0.1046,2.0359,-0.077026,0.5641,275.704786
TOHGAB,0,1,43,220,-0.17524,-0.10472,0.07052,9.1524,-0.078758,0.37082,298.071999
TOKGIK,0,1,94,416,-0.15322,-0.04533,0.10789,6.4721,-0.253139,0.29536,618.116137
TOKGOR,1,1,57,300,-0.27791,-0.18995,0.08796,10.694,-0.115076,0.58856,354.157736
TOKHAE,1,1,64,332,-0.27743,-0.1884,0.08903,11.458,-0.131438,0.59136,405.254769
TOKHEI,1,1,60,308,-0.27855,-0.18925,0.0893,10.8179,-0.119788,0.58865,365.828966
TOKKOU,0,1,55,280,-0.16062,-0.0811,0.07952,4.5887,-0.116201,1.30559,359.383067
TOKKUA,0,1,61,318,-0.15973,-0.10245,0.05728,5.5806,-0.125255,1.3031,407.699805
TOKQIW,0,1,57,304,-0.15228,-0.07237,0.07991,9.0515,-0.126152,0.27941,398.519341
TOMJOV,1,1,104,520,-0.25062,-0.21242,0.0382,13.5694,-0.217174,-0.62769,701.502465
TOMKAI,1,1,104,520,-0.25406,-0.21028,0.04378,11.332,-0.22741,-0.6333,701.568108
TOMLEN,0,1,56,314,-0.18673,-0.07602,0.11071,7.7172,-0.126449,0.39563,377.949406
TOMLIR,0,1,55,314,-0.19272,-0.09329,0.09943,7.1253,-0.12492,0.39291,373.437171
TOMLOX,0,1,56,348,-0.18958,-0.08281,0.10677,6.2193,-0.130207,0.39519,396.777275
TOPGAH,1,1,113,514,-0.28432,-0.13875,0.14557,0.4127,-0.307027,0.20431,765.070926
TOPLUI,0,1,92,418,-0.16579,-0.05421,0.11158,6.1443,-0.248062,0.30112,628.943151
TORDAG,0,1,38,256,-0.19566,-0.11466,0.081,11.0272,-0.06779,0.67332,249.744589
TOTHAN,1,1,107,466,-0.27821,-0.16497,0.11324,4.7874,-0.286556,0.3584,696.683412
TOTHER,1,1,106,472,-0.27316,-0.16311,0.11005,5.331,-0.286646,0.40169,696.323143
TOWHIY,0,1,85,412,-0.17507,-0.07196,0.10311,1.2453,-0.176843,0.46923,515.177683
TOWHUK,0,1,61,348,-0.17821,-0.07507,0.10314,2.0561,-0.136093,0.46716,422.305134
TOXYAG,0,1,31,234,-0.2053,-0.12482,0.08048,11.5241,-0.063652,0.36369,238.656062
TOXYIO,0,1,53,304,-0.18252,-0.12778,0.05474,9.4237,-0.098361,0.43356,371.473922
TTRPNI,0,1,29,186,-0.17084,-0.10524,0.0656,0.0007,-0.061992,-0.06044,254.078942
TUDROA,1,1,109,390,-0.268,-0.12387,0.14413,2.3163,-0.216833,0.43034,527.657955
TUJXOM,0,1,29,218,-0.20377,-0.10588,0.09789,9.2757,-0.050765,0.71843,211.814161
TUKQEX,0,1,45,250,-0.20533,-0.04209,0.16324,8.2645,-0.072868,0.17757,257.060029
TUKQIB,0,1,65,296,-0.20232,-0.0307,0.17162,9.0748,-0.121944,0.15178,335.057706
TUKRAU,0,1,82,338,-0.21199,-0.03322,0.17877,8.6766,-0.153677,0.12713,398.858953
TUKREY,0,1,90,356,-0.20823,-0.03244,0.17579,9.2853,-0.147537,0.14686,427.335614
TUKRIC,0,1,79,320,-0.20347,-0.01985,0.18362,9.2491,-0.132735,0.14832,366.053648
TUKWAY,0,1,90,386,-0.18182,-0.06081,0.12101,3.5066,-0.133874,0.56651,465.838574
TUMCOT,0,1,78,328,-0.18951,-0.09895,0.09056,12.0564,-0.12295,0.35489,436.634392
TUNJES,1,1,113,546,-0.27266,-0.14055,0.13211,0.5433,-0.317001,-0.13708,764.135207
TUNNOH,1,1,91,402,-0.32285,-0.16367,0.15918,7.302,-0.20067,0.44573,553.798887
TUNSAY,0,1,49,252,-0.18281,-0.08474,0.09807,8.8357,-0.087359,1.18296,280.292298
TUQBUE,0,1,35,246,-0.1999,-0.07944,0.12046,4.778,-0.061658,0.58707,242.962452
TURTAD,0,1,110,482,-0.18416,-0.07485,0.10931,2.4652,-0.17237,0.60134,594.082597
TURTIL,0,1,62,306,-0.18957,-0.0758,0.11377,2.3161,-0.107592,0.58984,356.116923
TUTQEE,1,1,97,394,-0.28417,-0.18754,0.09663,0.7783,-0.231898,0.46118,583.421866
TUTQII,1,1,97,444,-0.28242,-0.18125,0.10117,1.6751,-0.236991,0.09657,587.885742
TUVFIB,0,1,66,316,-0.20499,-0.10446,0.10053,1.1533,-0.119198,0.85715,387.564553
TUVFOH,0,1,68,308,-0.20761,-0.10117,0.10644,0.5783,-0.118766,0.85657,371.486426
TUWNAC,0,1,67,314,-0.19493,-0.10725,0.08768,2.6531,-0.122628,0.96101,374.641205
TUWQAF,1,1,121,576,-0.29436,-0.1487,0.14566,8.0442,-0.330896,-0.74554,801.903913
TUWQEJ,1,1,135,640,-0.26887,-0.15476,0.11411,7.3338,-0.378956,-0.73581,899.275001
TUWQIN,0,1,118,578,-0.16204,-0.0738,0.08824,13.2058,-0.334712,-0.49474,800.971494
TUWQOT,0,1,124,604,-0.16807,-0.07543,0.09264,13.2741,-0.350403,-0.47675,841.046831
TUWQUZ,0,1,132,642,-0.1656,-0.07509,0.09051,12.2186,-0.383694,-0.50062,898.06851
TUWRAG,0,1,115,580,-0.15785,-0.07448,0.08337,12.9489,-0.33242,-0.50544,797.931429
TUWREK,1,1,103,504,-0.2667,-0.17738,0.08932,5.5486,-0.273953,-0.0683,684.547327
TUXGAU,-1,1,49,278,-0.06845,0.02048,0.08893,6.3097,-0.089154,0.31102,347.71583
TUXGEY,-1,1,47,278,-0.07393,0.02128,0.09521,5.0554,-0.086329,0.31755,338.462951
UBICUG,0,1,51,268,-0.18594,-0.04776,0.13818,1.3526,-0.08978,0.39603,296.941244
UBIGUK,0,1,65,326,-0.19637,-0.08924,0.10713,7.9753,-0.119897,0.42989,379.942542
UCEDEL,0,1,45,216,-0.20959,-0.05916,0.15043,4.1306,-0.074114,1.15327,265.538542
UCEQOL,0,1,117,512,-0.19518,-0.10305,0.09213,2.8081,-0.228626,1.19385,663.809216
UCIZEO,0,1,102,440,-0.17146,-0.04911,0.12235,6.24,-0.249258,-0.84386,626.242841
UCUSIW,0,1,85,392,-0.16651,-0.10274,0.06377,4.3444,-0.179308,0.66861,483.867649
UDEZIO,0,1,49,312,-0.18374,-0.07202,0.11172,3.9012,-0.104574,0.47641,343.368947
UDIJUN,0,1,29,210,-0.19209,-0.08489,0.1072,7.938,-0.056625,0.37484,217.434189
UDIKEY,1,1,62,330,-0.30621,-0.19101,0.1152,4.9586,-0.139689,0.23442,416.227636
UDOVUH,1,1,92,408,-0.27174,-0.17593,0.09581,4.4711,-0.226837,0.32765,596.67021
UDOWAO,1,1,99,430,-0.27223,-0.17784,0.09439,5.1568,-0.245043,0.29817,626.358262
UDOWES,1,1,95,416,-0.27046,-0.17254,0.09792,4.0335,-0.238387,0.30296,608.160285
UDOWIW,1,1,102,438,-0.27139,-0.17759,0.0938,4.9987,-0.251256,0.30194,637.916119
UDOXAP,1,1,92,416,-0.27136,-0.17237,0.09899,4.1458,-0.241465,0.3055,611.421873
UDOXET,1,1,99,448,-0.26898,-0.17363,0.09535,3.6917,-0.255776,0.321,662.553812
UDOXIX,1,1,106,462,-0.27148,-0.17791,0.09357,4.8659,-0.271552,0.30563,677.114459
UDOXOD,1,1,99,438,-0.27269,-0.17704,0.09565,4.9892,-0.253801,0.30112,641.167347
UFOSUE,1,1,59,332,-0.3206,-0.22871,0.09189,7.0519,-0.12764,-0.64198,420.067511
UFOTAL,1,1,63,346,-0.30931,-0.22579,0.08352,7.0818,-0.132209,-0.64035,442.620868
UFOXAR,0,1,81,428,-0.17171,-0.06907,0.10264,2.531,-0.187998,0.42034,497.112459
UFUKOV,0,1,70,344,-0.17049,-0.06967,0.10082,3.3225,-0.172166,-0.01093,492.746248
UGAMOG,1,1,125,546,-0.2569,-0.17413,0.08277,5.388,-0.320241,0.31084,810.225385
UGANUO,1,1,96,424,-0.26564,-0.17393,0.09171,3.8768,-0.238768,0.34581,613.374678
UGATUT,0,1,29,238,-0.20476,-0.14161,0.06315,11.2036,-0.056024,0.35784,221.408669
UGETUW,0,1,80,400,-0.19355,-0.107,0.08655,5.3995,-0.156586,0.47295,441.032563
UGEVAE,0,1,96,456,-0.18936,-0.10388,0.08548,6.5141,-0.180015,0.47379,526.977847
UGINII,0,1,49,232,-0.18728,-0.08882,0.09846,1.233,-0.094514,1.26584,312.734104
UGOPOX,0,1,85,410,-0.18716,-0.0675,0.11966,13.7937,-0.189281,1.25486,516.358529
UGOPUD,0,1,73,382,-0.20205,-0.08097,0.12108,16.512,-0.177631,0.97554,481.764416
UGUCIK,0,1,90,364,-0.15359,-0.04383,0.10976,3.7444,-0.216498,-0.66769,531.675206
UGUCOQ,0,1,90,364,-0.15933,-0.0454,0.11393,6.5038,-0.215831,-0.66498,531.538012
UGUHAH,0,1,97,460,-0.2018,-0.13188,0.06992,0.1181,-0.209428,0.81444,626.515328
UGUSAQ,0,1,30,228,-0.18786,-0.10833,0.07953,9.5567,-0.064628,-0.78859,255.041773
UHIJIF,1,1,51,276,-0.32073,-0.19695,0.12378,1.4307,-0.101082,0.83595,324.151762
UHIJOL,1,1,79,364,-0.31157,-0.18699,0.12458,0.7342,-0.170513,0.84497,455.893117
UHINAC,1,1,79,336,-0.27707,-0.17676,0.10031,4.231,-0.171949,0.27514,496.177634
UHINUW,1,1,79,496,-0.30978,-0.19347,0.11631,7.4261,-0.181259,0.36561,511.203712
UHIPEI,1,1,81,512,-0.30164,-0.19046,0.11118,8.4979,-0.190296,0.55361,521.258714
UHIPIM,1,1,79,496,-0.30453,-0.19076,0.11377,6.7259,-0.180391,0.36856,511.233269
UHOGIJ,0,1,49,332,-0.1833,-0.08008,0.10322,0.2741,-0.104235,-0.09924,387.696622
UJITUC,0,1,173,654,-0.18058,-0.0849,0.09568,0.0018,-0.322435,0.66478,888.872994
UKEYEP,-1,1,25,202,-0.09467,0.02194,0.11661,12.3304,-0.047915,0.204,194.323878
UKIPAG,0,1,53,290,-0.15651,-0.0457,0.11081,2.6574,-0.107544,0.35901,345.414341
UKOSEU,1,1,75,378,-0.27813,-0.17581,0.10232,7.0848,-0.160783,0.35247,471.180849
UKOSUK,0,1,92,520,-0.21032,-0.08975,0.12057,9.1119,-0.234452,0.4184,616.360429
UKUGUE,1,1,71,362,-0.2809,-0.17803,0.10287,8.3459,-0.155918,0.35165,454.680254
UKULAP,0,1,61,304,-0.15877,-0.09255,0.06622,5.1812,-0.137019,0.37193,424.525945
ULIGUT,0,1,55,258,-0.11882,-0.06625,0.05257,7.6384,-0.10866,0.42721,347.737074
ULOZEB,1,1,101,516,-0.25736,-0.18915,0.06821,18.4072,-0.229481,0.36914,638.016762
ULUCIP,0,1,44,240,-0.18406,-0.07539,0.10867,3.2796,-0.085732,0.53105,306.392381
ULUDAI,0,1,50,260,-0.1844,-0.09047,0.09393,2.978,-0.106377,0.52591,342.040549
ULUJOC,0,1,53,272,-0.18902,-0.1013,0.08772,1.105,-0.118773,1.19127,343.666785
ULULAP,0,1,62,280,-0.19112,-0.04061,0.15051,18.554,-0.136041,0.91284,346.142324
UMIMUA,0,1,23,262,-0.20635,-0.12906,0.07729,9.7657,-0.051695,0.35558,223.200236
UMIPEM,0,1,77,394,-0.19621,-0.05693,0.13928,12.052,-0.174815,-0.15979,521.860559
UMIQOX,0,1,59,350,-0.19879,-0.09545,0.10334,4.2216,-0.126328,0.43765,380.222849
UMOQAP,0,1,137,528,-0.18058,-0.08815,0.09243,0.4563,-0.269596,0.77601,775.151273
UMOQOD,0,1,101,452,-0.18587,-0.0912,0.09467,0.0003,-0.221431,0.79244,669.141976
UMUGIS,0,1,97,520,-0.23347,-0.12318,0.11029,14.7757,-0.245175,1.16437,603.365351
UNAZOZ,0,1,79,374,-0.16069,-0.06925,0.09144,2.7689,-0.177487,0.40717,479.482625
UNAZUF,0,1,75,382,-0.17137,-0.06843,0.10294,5.692,-0.165522,0.40771,446.088834
UNIVEU,0,1,66,324,-0.20019,-0.09447,0.10572,4.6744,-0.14014,-0.1822,369.806727
UNIVIY,0,1,68,336,-0.19629,-0.10133,0.09496,0.9855,-0.147045,-0.02196,390.581766
UNIVOE,0,1,66,360,-0.20346,-0.09776,0.1057,3.1323,-0.145491,-0.33299,388.808442
UNIVUK,0,1,68,330,-0.20104,-0.09729,0.10375,3.5294,-0.141107,-0.08626,371.918558
UNIWAR,0,1,69,316,-0.19311,-0.08679,0.10632,6.2991,-0.141703,-0.11146,370.301106
UNOGAG,0,1,44,260,-0.1805,-0.08221,0.09829,6.3122,-0.079857,0.74721,293.994006
UPOMUI,1,1,68,316,-0.27798,-0.19011,0.08787,6.2205,-0.143114,0.14031,404.663438
UPONAP,0,1,116,492,-0.16512,-0.04491,0.12021,4.4425,-0.299167,-0.82739,723.017213
UPUDUG,0,1,66,328,-0.1966,-0.10171,0.09489,8.6217,-0.13154,0.94325,440.800291
UPURII,0,1,68,336,-0.19229,-0.09812,0.09417,10.8935,-0.133811,0.94192,450.161449
UPUTEF,0,1,51,280,-0.18631,-0.06968,0.11663,5.6268,-0.09809,1.18367,355.514644
UQIBOM,1,1,108,520,-0.28349,-0.15712,0.12637,2.8397,-0.310794,-0.07319,712.855882
UQIQIW,0,1,98,474,-0.17749,-0.09487,0.08262,8.2159,-0.186927,-0.77996,596.439501
UQOWED,0,1,65,298,-0.17133,-0.08712,0.08421,3.9809,-0.121113,0.32279,413.407673
UQOWIH,0,1,65,300,-0.18923,-0.06053,0.1287,4.3221,-0.11935,0.88788,408.3564
UQUQAA,0,1,139,500,-0.18096,-0.08608,0.09488,0.8571,-0.255686,0.7895,725.487045
USAKUW,0,1,23,174,-0.20046,-0.08018,0.12028,10.3699,-0.036091,0.17781,160.067296
USAZAR,0,1,82,372,-0.16552,-0.05798,0.10754,7.1091,-0.201477,0.18569,546.080683
USEDED,0,1,105,428,-0.17761,-0.08171,0.0959,0.0537,-0.23123,1.11257,619.271115
USEDIH,0,1,105,388,-0.17362,-0.07511,0.09851,0.0169,-0.201218,1.11115,552.266603
USEDUT,0,1,129,492,-0.1714,-0.08017,0.09123,0.0312,-0.27126,1.10235,712.327671
USEFIJ,0,1,93,396,-0.18419,-0.0881,0.09609,0.1293,-0.197143,1.11895,572.955603
USEJIN,0,1,101,492,-0.19613,-0.08404,0.11209,5.5595,-0.212282,0.485,617.20231
USEYOH,0,1,49,270,-0.21098,-0.06044,0.15054,9.4058,-0.093861,0.16452,308.452105
USIRUK,0,1,35,228,-0.19052,-0.08163,0.10889,0.062,-0.066233,0.63964,245.660001
USIVAV,0,1,37,238,-0.19696,-0.09175,0.10521,0.0521,-0.075684,0.67113,266.595516
USIVEZ,0,1,37,190,-0.19096,-0.0919,0.09906,0.0081,-0.070337,1.26557,253.95448
UTADAV,1,1,69,354,-0.28211,-0.18117,0.10094,5.9696,-0.16378,0.37192,447.465871
UTATUG,0,1,73,368,-0.17359,-0.08871,0.08488,3.4422,-0.13599,0.48783,430.517103
UTAVAO,0,1,67,352,-0.17942,-0.09028,0.08914,0.3328,-0.128168,0.48811,407.470822
UTEQAN,0,1,102,520,-0.18524,-0.10087,0.08437,5.6775,-0.263907,-0.14343,677.910994
UTIVIE,1,1,69,284,-0.24513,-0.16434,0.08079,0.4325,-0.1365,0.61445,385.589108
UTIWEB,1,1,69,284,-0.24514,-0.16412,0.08102,0.3242,-0.136487,0.61435,385.59054
UTIWOL,1,1,73,288,-0.24571,-0.1674,0.07831,0.1222,-0.145535,0.62446,395.813437
UTIWUR,1,1,73,288,-0.24576,-0.16741,0.07835,0.2012,-0.145493,0.6238,395.812844
UTOPUQ,0,1,39,238,-0.19995,-0.05907,0.14088,4.9474,-0.073028,0.58892,263.889874
UTOQAX,0,1,47,270,-0.18722,-0.05305,0.13417,5.1033,-0.082403,0.5861,296.846254
UTOQEB,0,1,45,302,-0.22331,-0.0767,0.14661,10.8057,-0.082381,0.59438,294.136176
UVUFIB,1,1,69,312,-0.26517,-0.17646,0.08871,11.485,-0.14328,0.26671,394.513992
UWIBIN,0,1,113,762,-0.22541,-0.15178,0.07363,29.9914,-0.236569,0.43309,739.291761
UWONEA,1,1,117,566,-0.27356,-0.21767,0.05589,0.457,-0.33491,-1.27393,819.32751
UWOPEC,1,1,75,592,-0.26813,-0.1914,0.07673,11.9736,-0.153472,-0.68773,640.817114
UWUKUT,1,1,53,214,-0.29298,-0.14118,0.1518,0.0009,-0.076182,0.41648,264.148699
UWULEF,0,1,56,314,-0.18631,-0.07279,0.11352,2.8594,-0.127923,0.08505,390.751538
UWUPOS,0,1,102,442,-0.13838,-0.06545,0.07293,7.7674,-0.259412,0.45832,660.091922
UWUQAF,0,1,105,450,-0.13724,-0.05135,0.08589,8.0324,-0.264972,0.43813,671.702182
UXIKUI,0,1,86,348,-0.18296,-0.10497,0.07799,0.5688,-0.141378,0.50907,470.053605
UXILAP,0,1,86,380,-0.18693,-0.10087,0.08606,1.3731,-0.146845,0.5306,471.289383
UXILET,0,1,83,334,-0.17501,-0.07101,0.104,0.7401,-0.133846,0.52708,451.905358
UXILIX,0,1,83,366,-0.1746,-0.07089,0.10371,0.4755,-0.135345,0.53009,453.252398
UXOBAM,0,1,59,368,-0.18519,-0.10563,0.07956,10.3115,-0.124568,-0.8226,418.98969
UXOCAN,0,1,57,308,-0.19869,-0.0608,0.13789,11.3278,-0.116997,0.17199,370.525757
UXUPUZ,1,1,87,452,-0.28705,-0.18746,0.09959,10.3511,-0.182531,0.37707,536.12839
UXUQAG,0,1,68,394,-0.18225,-0.04564,0.13661,10.7631,-0.135562,0.18937,440.72241
UXUQEK,0,1,68,394,-0.17525,-0.04147,0.13378,5.377,-0.140491,0.1999,440.728848
UZAMAK,1,1,99,456,-0.28922,-0.19732,0.0919,6.5106,-0.249989,0.28466,642.045257
UZAMOY,0,1,99,536,-0.17578,-0.06222,0.11356,5.0039,-0.228521,0.43934,644.790794
UZEVAY,1,1,130,578,-0.27131,-0.14948,0.12183,7.5742,-0.33569,-0.94142,839.007106
UZEVEC,0,1,88,442,-0.1957,-0.08649,0.10921,13.2377,-0.200676,-0.18946,614.355055
UZITED,0,1,58,330,-0.18124,-0.07438,0.10686,2.5784,-0.120546,0.58847,386.763594
UZITIH,0,1,58,378,-0.19045,-0.09632,0.09413,4.919,-0.122689,0.58765,394.561896
UZITON,0,1,61,362,-0.18918,-0.08903,0.10015,1.6977,-0.124133,0.60026,401.953013
UZITUT,0,1,61,338,-0.17806,-0.07235,0.10571,3.192,-0.123127,0.58838,398.280446
VACQUL,0,1,49,220,-0.18589,-0.09174,0.09415,0.8903,-0.093805,0.74667,305.394016
VADDOW,1,1,65,332,-0.30086,-0.20612,0.09474,9.1658,-0.130722,0.30907,392.318202
VAFQEY,0,1,55,236,-0.18283,-0.08862,0.09421,0.433,-0.102758,0.74932,328.662335
VAKDIW,0,1,81,372,-0.19678,-0.10439,0.09239,9.8955,-0.164086,0.16094,458.513861
VAKKAV,1,1,113,546,-0.27213,-0.14046,0.13167,0.556,-0.317078,-0.13926,764.137409
VAKKEZ,1,1,113,546,-0.27533,-0.14047,0.13486,0.3231,-0.317613,-0.15333,764.181846
VAKKID,1,1,113,546,-0.27456,-0.14037,0.13419,0.3411,-0.317513,-0.1547,764.182134
VAKKOJ,1,1,113,546,-0.2752,-0.13998,0.13522,0.3821,-0.316315,-0.14073,764.146581
VAKSUY,0,1,68,320,-0.16434,-0.09012,0.07422,6.5205,-0.150228,0.50223,436.518705
VALYEP,1,1,133,544,-0.25834,-0.1814,0.07694,11.6361,-0.295008,0.36611,722.50413
VAMJAX,0,1,139,520,-0.18647,-0.11735,0.06912,5.9024,-0.263235,0.78812,733.491693
VAMTUB,0,1,43,274,-0.19256,-0.1124,0.08016,13.7407,-0.082628,0.35498,310.151458
VANYOB,1,1,103,446,-0.26175,-0.16271,0.09904,5.548,-0.249021,0.30837,642.779327
VANYUH,1,1,101,430,-0.26647,-0.169,0.09747,5.1909,-0.245949,0.30578,632.670473
VANZAO,1,1,99,458,-0.29033,-0.218,0.07233,6.0224,-0.249726,0.31599,638.125385
VANZES,1,1,95,414,-0.27387,-0.17784,0.09603,5.0475,-0.234453,0.29946,609.734543
VAPBOF,1,1,62,330,-0.30573,-0.19553,0.1102,7.3072,-0.139302,0.24027,416.098201
VAPBUL,0,1,29,210,-0.18822,-0.08954,0.09868,10.3621,-0.056399,0.38519,217.246087
VAPCAS,1,1,62,330,-0.30337,-0.18193,0.12144,7.6485,-0.139381,0.23322,416.15513
VAPNUY,0,1,52,294,-0.1921,-0.07056,0.12154,4.2153,-0.095334,0.5118,346.894653
VAPPAG,0,1,70,342,-0.1931,-0.0614,0.1317,4.398,-0.126888,0.49595,416.291788
VAPPEK,0,1,76,358,-0.19188,-0.05995,0.13193,4.3353,-0.137532,0.49179,439.437538
VAPTUC,0,1,79,438,-0.18765,-0.11095,0.0767,4.0299,-0.183723,0.75545,576.352501
VARPEL,0,1,89,454,-0.19867,-0.1062,0.09247,0.0082,-0.184353,0.63476,587.314833
VASYAQ,0,1,35,244,-0.16258,-0.09453,0.06805,0.0122,-0.075086,0.24019,275.398964
VAVPAM,0,1,121,506,-0.16859,-0.04692,0.12167,0.6314,-0.27114,-0.35364,679.944818
VAVRAN,0,1,59,288,-0.18476,-0.09841,0.08635,2.3943,-0.121999,0.78839,401.835296
VAVRER,0,1,61,308,-0.18257,-0.10451,0.07806,1.4157,-0.128181,0.77817,419.705485
VAWCEE,1,1,42,266,-0.33334,-0.22552,0.10782,8.8746,-0.087303,-0.63281,313.221249
VAWDAZ,1,1,94,412,-0.29269,-0.19775,0.09494,2.3279,-0.236502,0.25979,615.82054
VAWDIJ,1,1,119,518,-0.26417,-0.17106,0.09311,5.122,-0.326072,0.37678,769.70936
VAWDOP,1,1,104,458,-0.2709,-0.16932,0.10158,4.4229,-0.277902,0.35925,682.706653
VAWDUV,1,1,111,480,-0.26559,-0.17266,0.09293,4.3411,-0.293491,0.36576,712.348979
VAWFAD,1,1,104,458,-0.26782,-0.17289,0.09493,3.8021,-0.275739,0.3661,682.669422
VAWSAQ,0,1,47,272,-0.2075,-0.08576,0.12174,6.4929,-0.077612,0.15376,294.859696
VAWSOE,0,1,41,252,-0.20621,-0.05607,0.15014,10.556,-0.064003,0.18119,281.429451
VAYCEE,0,1,93,406,-0.18227,-0.11435,0.06792,0.9772,-0.167103,0.73759,545.126546
VAYDAB,0,1,113,516,-0.18488,-0.10115,0.08373,3.4752,-0.24304,0.78009,693.896649
VAZHEL,0,1,35,228,-0.20307,-0.07749,0.12558,4.0527,-0.05874,0.59042,225.006814
VAZHIP,0,1,45,268,-0.19981,-0.07714,0.12267,4.1543,-0.081147,0.59136,287.621316
VAZHOV,0,1,65,354,-0.19487,-0.07965,0.11522,3.9389,-0.122413,0.59074,416.899073
VAZHUB,0,1,65,354,-0.1949,-0.07978,0.11512,4.0004,-0.123328,0.58947,416.917247
VAZMOZ,1,1,111,478,-0.27464,-0.17239,0.10225,2.3938,-0.271524,0.26251,722.94009
VEBLOF,1,1,60,316,-0.2847,-0.16668,0.11802,8.1842,-0.133133,0.34214,383.537266
VECNOI,0,1,36,266,-0.15328,-0.11672,0.03656,14.2273,-0.078808,0.21722,293.540505
VECNUO,0,1,40,290,-0.15362,-0.11619,0.03743,14.0583,-0.090897,0.2125,332.965203
VECPEA,0,1,57,322,-0.14733,-0.10923,0.0381,16.6568,-0.111095,0.21353,374.630955
VECPIE,0,1,38,278,-0.15184,-0.11484,0.037,14.9667,-0.085563,0.20852,310.907216
VEDGOC,0,1,69,380,-0.17915,-0.08233,0.09682,7.507,-0.131775,0.69566,400.100654
VEDLEX,1,1,136,674,-0.24157,-0.19541,0.04616,8.1156,-0.300428,0.36235,874.267601
VEFPUU,1,1,60,354,-0.29945,-0.20414,0.09531,11.8819,-0.131724,0.38015,389.540415
VEGFOD,0,1,62,306,-0.18534,-0.0683,0.11704,5.6212,-0.115586,0.31664,381.670852
VEHLUR,0,1,62,386,-0.18605,-0.11164,0.07441,10.4096,-0.122836,0.83763,454.938173
VEHMAY,0,1,66,338,-0.17563,-0.12013,0.0555,12.5025,-0.12339,1.08212,459.623029
VEHMEC,0,1,62,368,-0.20277,-0.10591,0.09686,9.4282,-0.119658,0.9186,436.173965
VEHMOM,0,1,62,404,-0.19426,-0.1078,0.08646,10.5134,-0.122851,0.78432,460.369058
VEHQIJ,0,1,103,474,-0.08587,-0.07633,0.00954,1.0906,-0.21269,0.48804,589.426545
VEJVAK,0,1,50,282,-0.18038,-0.07477,0.10561,4.11,-0.098413,0.54202,335.641115
VEJVEO,0,1,50,282,-0.17817,-0.07437,0.1038,2.1605,-0.098896,0.52772,335.598622
VEMPUA,0,1,35,254,-0.20592,-0.13009,0.07583,11.6585,-0.061868,0.37148,244.793437
VEMQAH,0,1,41,270,-0.20589,-0.12988,0.07601,13.6239,-0.068722,0.37077,267.913784
VEMQEL,0,1,125,494,-0.20391,-0.12812,0.07579,14.8886,-0.177643,0.36894,594.42545
VEMQIP,0,1,86,494,-0.21162,-0.09036,0.12126,6.0863,-0.189064,0.44376,570.329381
VENLOR,0,1,75,316,-0.18886,-0.08974,0.09912,0.0048,-0.149368,0.79494,453.211893
VEQWOF,0,1,65,360,-0.19949,-0.11868,0.08081,8.2407,-0.134088,0.47346,380.937743
VETLIR,0,1,55,298,-0.18871,-0.09516,0.09355,11.1184,-0.098774,0.38975,338.967392
VETTET,0,1,163,634,-0.17025,-0.07438,0.09587,0.001,-0.339616,1.26162,837.241108
VEWJAJ,0,1,42,268,-0.18903,-0.11415,0.07488,8.8216,-0.077533,-0.78486,317.268477
VEWSAU,0,1,119,504,-0.18511,-0.10065,0.08446,10.9425,-0.220162,0.9561,647.093442
VEXJOZ,0,1,71,348,-0.21032,-0.05847,0.15185,9.8547,-0.138194,0.14905,397.223005
VEZVED,1,1,52,326,-0.34181,-0.19956,0.14225,7.5622,-0.116078,0.77192,347.415071
VEZXIJ,0,1,39,240,-0.20388,-0.09433,0.10955,10.259,-0.072739,0.16518,262.653704
VIBCOA,0,1,89,402,-0.17397,-0.05584,0.11813,10.2538,-0.222328,0.2968,582.865658
VIBCUG,0,1,90,408,-0.17096,-0.05689,0.11407,10.8995,-0.22634,0.32073,589.559144
VIBDER,0,1,83,386,-0.17504,-0.05678,0.11826,10.1734,-0.212347,0.30733,559.837104
VIBJEY,1,1,88,416,-0.2989,-0.1826,0.1163,0.789,-0.222087,-0.35666,550.333926
VIBKOJ,0,1,96,512,-0.1785,-0.07417,0.10433,1.5773,-0.263005,0.44846,678.169347
VIBVEI,0,1,97,380,-0.15147,-0.04198,0.10949,2.9266,-0.227638,-0.66445,559.350588
VIBWOU,0,1,65,354,-0.17694,-0.07813,0.09881,9.5113,-0.155932,0.39355,433.007784
VICMOM,0,1,81,410,-0.15694,-0.09274,0.0642,8.0949,-0.212846,0.17153,572.501815
VICNAZ,0,1,47,310,-0.18338,-0.09943,0.08395,10.1684,-0.089866,-0.79367,362.693073
VICNON,0,1,81,374,-0.15155,-0.08997,0.06158,6.6714,-0.208498,0.2705,553.867956
VICRAD,1,1,95,414,-0.27433,-0.17786,0.09647,5.1531,-0.234148,0.29809,609.735911
VICREH,1,1,101,478,-0.28303,-0.19444,0.08859,3.849,-0.249142,0.30868,640.298539
VICROR,1,1,94,456,-0.28809,-0.1952,0.09289,4.7301,-0.232933,0.2833,610.627738
VICTAF,1,1,61,302,-0.30148,-0.15537,0.14611,7.6553,-0.105271,0.31938,339.050002
VIDPIK,0,1,68,386,-0.1828,-0.07521,0.10759,6.5414,-0.150381,0.41,451.451533
VIDRAC,0,1,77,354,-0.16755,-0.0887,0.07885,2.7309,-0.161487,0.75679,513.310299
VIHCUM,0,1,102,584,-0.20055,-0.08373,0.11682,9.4341,-0.265355,0.42704,664.493445
VIHDAT,0,1,96,520,-0.18928,-0.0759,0.11338,6.8534,-0.236507,0.45695,633.848455
VIHDEX,0,1,102,584,-0.19873,-0.09148,0.10725,6.7828,-0.256424,0.44964,664.311268
VIHDOH,0,1,90,456,-0.17059,-0.063,0.10759,2.7571,-0.23293,0.44864,603.843401
VIHHIG,0,1,84,398,-0.19125,-0.06261,0.12864,5.3245,-0.166609,0.46319,503.44943
VIHXOB,0,1,87,426,-0.16079,-0.08354,0.07725,8.6578,-0.226272,0.16801,600.29242
VIKNAH,0,1,54,298,-0.18082,-0.10208,0.07874,5.609,-0.100143,0.4722,349.213895
VIMHUV,0,1,91,484,-0.20039,-0.08127,0.11912,9.1255,-0.187111,0.44906,501.427856
VIMJEH,0,1,88,532,-0.20779,-0.08613,0.12166,7.6535,-0.182251,0.43541,497.711292
VIMPIR,0,1,95,428,-0.19403,-0.08254,0.11149,0.2208,-0.235975,1.17426,624.203733
VIMZAV,0,1,80,422,-0.16881,-0.05302,0.11579,10.8189,-0.158891,0.5046,529.545629
VIPLEO,0,1,78,490,-0.19879,-0.0949,0.10389,10.1711,-0.172425,0.40526,501.448628
VIPLIS,0,1,76,490,-0.20505,-0.10758,0.09747,13.0249,-0.167644,0.40594,492.864103
VIQLOX,0,1,51,254,-0.2094,-0.10313,0.10627,12.4553,-0.100255,0.91607,337.748478
VISBUV,1,1,53,246,-0.2932,-0.19423,0.09897,9.3743,-0.104763,1.19326,312.783237
VISRUM,1,1,73,288,-0.24617,-0.16765,0.07852,0.2959,-0.145563,0.62389,395.811734
VISSAT,1,1,73,288,-0.24556,-0.16736,0.0782,0.061,-0.145585,0.62467,395.815414
VIWKEU,0,1,102,504,-0.16215,-0.07121,0.09094,20.5087,-0.255526,0.31097,686.548051
VIWKIY,1,1,103,510,-0.26298,-0.17771,0.08527,5.4935,-0.249823,0.31381,689.594569
VIWPUP,1,1,38,258,-0.32229,-0.22911,0.09318,5.709,-0.077685,0.55193,283.82768
VIXPIE,0,1,40,290,-0.19002,-0.10724,0.08278,10.4861,-0.080438,-0.79312,322.051433
VIXRAW,1,1,45,272,-0.32021,-0.22253,0.09768,10.7566,-0.087968,0.5549,300.056001
VIYMUL,0,1,29,148,-0.17058,-0.09006,0.08052,7.6454,-0.042788,1.04156,178.251091
VIYRIF,0,1,111,424,-0.14183,-0.09875,0.04308,12.3862,-0.148914,0.73134,530.396295
VIZKEW,1,1,89,394,-0.27304,-0.16201,0.11103,4.3341,-0.224217,0.32949,578.407842
VOCHOM,0,1,53,256,-0.15212,-0.0597,0.09242,0.0033,-0.10878,0.41509,322.058774
VOCVER,0,1,71,382,-0.16841,-0.07238,0.09603,3.4405,-0.163508,0.45535,478.84192
VOCVIV,0,1,71,396,-0.16759,-0.0744,0.09319,4.7933,-0.17478,0.4134,505.933827
VOCVOB,0,1,74,380,-0.16617,-0.08469,0.08148,3.8835,-0.177847,0.43629,489.537619
VOCVUH,0,1,78,392,-0.16982,-0.082,0.08782,2.9437,-0.190529,0.20965,510.41905
VOCYIY,0,1,167,752,-0.17105,-0.07275,0.0983,5.7416,-0.402493,-0.16424,1064.002288
VOCYUK,0,1,180,750,-0.18504,-0.074,0.11104,10.8402,-0.449692,-0.15936,1069.173253
VODHOM,1,1,59,314,-0.28474,-0.18922,0.09552,8.2802,-0.130796,0.37289,384.96758
VODHUS,1,1,59,346,-0.30091,-0.19778,0.10313,12.04,-0.132499,0.37885,386.990163
VOGCUS,0,1,71,348,-0.17789,-0.06796,0.10993,8.4088,-0.156042,0.21983,424.756301
VOGDON,0,1,71,364,-0.19169,-0.07237,0.11932,4.8997,-0.154481,0.42548,434.328897
VOGDUT,0,1,69,346,-0.18751,-0.07076,0.11675,4.6058,-0.144399,0.49148,417.859134
VOGSEQ,0,1,45,308,-0.18426,-0.09911,0.08515,11.6543,-0.096143,-0.79722,342.085392
VOHHIM,-1,1,34,186,-0.0696,-0.06172,0.00788,18.4514,-0.048129,0.77684,210.679509
VOHHOS,-1,1,34,186,-0.0696,-0.06168,0.00792,18.325,-0.048145,0.77683,210.679252
VOHJUA,0,1,83,386,-0.15279,-0.10346,0.04933,11.7197,-0.166573,0.70897,525.729588
VOHXOI,0,1,111,484,-0.21195,-0.03905,0.1729,7.9612,-0.242093,0.16044,639.654813
VOHXUO,0,1,117,500,-0.21163,-0.03731,0.17432,8.0127,-0.255001,0.15426,662.999695
VOJBII,1,1,96,448,-0.25349,-0.2124,0.04109,2.3956,-0.236124,0.28476,617.160197
VOKSOE,0,1,40,296,-0.19329,-0.13341,0.05988,7.8186,-0.088105,-0.78825,327.064651
VONLIW,0,1,58,300,-0.17061,-0.06279,0.10782,1.9221,-0.116562,0.4714,359.526522
VONLOC,0,1,65,332,-0.17217,-0.06406,0.10811,1.9949,-0.134022,0.4719,410.602025
VOPXUW,0,1,76,436,-0.18303,-0.08519,0.09784,5.5529,-0.18225,0.42786,501.719247
VORQUQ,0,1,69,342,-0.17733,-0.05523,0.1221,0.9438,-0.14325,1.29261,419.082091
VOYJAU,0,1,41,228,-0.1873,-0.02723,0.16007,12.4812,-0.086852,-1.72861,246.120149
VOYQAD,0,1,96,490,-0.17495,-0.10537,0.06958,8.4713,-0.191868,-0.81708,602.073085
VOZREJ,0,1,51,278,-0.19072,-0.08929,0.10143,3.2821,-0.093607,0.56544,326.772896
VOZRIN,0,1,125,508,-0.187,-0.09036,0.09664,2.5656,-0.216844,0.57029,665.600019
VOZWIS,0,1,63,356,-0.17269,-0.0731,0.09959,3.9659,-0.142909,0.44854,431.372191
VOZWOY,0,1,63,364,-0.18129,-0.07693,0.10436,4.2017,-0.14998,0.24554,443.173984
VOZWUE,0,1,74,404,-0.17251,-0.07833,0.09418,4.0863,-0.190244,0.21206,513.86773
VUCJEK,1,1,133,472,-0.31482,-0.12719,0.18763,0.1897,-0.281469,0.44413,658.11793
VUCJUA,1,1,107,386,-0.32228,-0.1304,0.19188,1.2047,-0.206599,0.39882,522.077413
VUCKAH,1,1,99,358,-0.31952,-0.13054,0.18898,2.3792,-0.19438,0.40757,485.407527
VUCKEL,1,1,115,424,-0.31362,-0.13041,0.18321,0.8091,-0.242029,0.43277,587.927527
VUCPOZ,0,1,47,282,-0.18686,-0.07734,0.10952,9.9712,-0.0937,-0.80587,331.158752
VUDKOV,1,1,41,212,-0.3011,-0.18504,0.11606,0.6002,-0.073463,0.4993,262.884026
VUFTEV,0,1,96,364,-0.17428,-0.10784,0.06644,5.2759,-0.185038,0.74157,509.987759
VUJHEP,0,1,71,318,-0.20251,-0.12507,0.07744,10.3595,-0.121306,0.92115,417.671289
VUJHOZ,0,1,53,270,-0.20429,-0.12647,0.07782,10.4191,-0.10132,0.92043,347.89492
VUJHUF,0,1,53,270,-0.20422,-0.12655,0.07767,10.4357,-0.101271,0.92144,347.895105
VUJJAN,0,1,53,286,-0.19997,-0.131,0.06897,10.6032,-0.107826,0.92167,377.567353
VUJJIV,0,1,67,334,-0.20739,-0.13117,0.07622,10.9506,-0.130296,0.9187,449.436486
VUJJUH,0,1,45,254,-0.21648,-0.13905,0.07743,11.933,-0.091907,0.92945,315.865859
VUJKES,0,1,45,306,-0.2184,-0.14266,0.07574,12.1211,-0.098076,0.93319,352.785227
VUJKOC,0,1,53,318,-0.22281,-0.14585,0.07696,12.1755,-0.103256,0.93366,356.008831
VUJMEU,0,1,56,334,-0.18351,-0.08371,0.0998,8.2552,-0.117699,-0.82763,389.277873
VUJMOE,0,1,63,356,-0.1861,-0.09883,0.08727,11.2169,-0.131487,-0.8195,419.004927
VUMKAQ,1,1,104,458,-0.28056,-0.17629,0.10427,4.119,-0.240504,0.27389,682.180423
VUMNUN,0,1,56,300,-0.17341,-0.10305,0.07036,9.9995,-0.103263,0.44693,373.765554
VUMPAV,0,1,70,364,-0.17796,-0.10929,0.06867,8.3547,-0.128226,0.45148,448.221142
VUMWEH,1,1,44,228,-0.36098,-0.21241,0.14857,7.4158,-0.082073,0.65415,255.151248
VUMWIL,1,1,46,242,-0.29286,-0.21263,0.08023,9.0544,-0.086292,0.65217,269.009461
VUMWOR,1,1,53,266,-0.35979,-0.21396,0.14583,6.4655,-0.094527,0.65631,296.524092
VUMWUX,0,1,42,272,-0.17014,-0.0895,0.08064,10.456,-0.077659,0.42754,263.205994
VUMXAE,0,1,51,274,-0.16873,-0.1006,0.06813,7.3485,-0.111853,0.51486,311.458518
VUPCIT,0,1,41,222,-0.20975,-0.06294,0.14681,9.3967,-0.065622,0.17182,229.883735
VUPQAA,0,1,31,194,-0.21242,-0.10214,0.11028,10.659,-0.059539,0.92691,220.339654
VUPQEE,0,1,34,202,-0.21194,-0.1023,0.10964,10.6858,-0.06418,0.92382,231.917031
VUQDUI,0,1,28,186,-0.21302,-0.10302,0.11,10.4841,-0.054212,0.92175,208.772026
VURFIY,0,1,75,394,-0.18699,-0.11354,0.07345,5.1764,-0.17251,-0.6119,521.287325
VURGAR,0,1,79,398,-0.18778,-0.11102,0.07676,4.6781,-0.171763,-0.86951,523.934517
VUSJAW,0,1,101,428,-0.17703,-0.04896,0.12807,5.9285,-0.242069,0.34691,658.069607
VUTNIH,0,1,117,486,-0.18045,-0.16242,0.01803,4.4565,-0.280127,0.75518,679.042628
VUTYAM,1,1,49,290,-0.2812,-0.20592,0.07528,12.6969,-0.105459,0.13481,324.631722
VUXDOH,0,1,61,326,-0.17876,-0.09882,0.07994,7.4233,-0.127613,0.32899,367.215826
WABWUT,1,1,67,312,-0.31594,-0.21416,0.10178,7.0315,-0.118189,0.54439,362.713152
WAFVOO,0,1,37,256,-0.18712,-0.1034,0.08372,7.7948,-0.082408,-0.78709,295.653137
WAFYEJ,0,1,147,576,-0.19261,-0.10427,0.08834,0.0097,-0.278861,0.23561,773.460708
WAGPOJ,0,1,49,266,-0.19691,-0.11288,0.08403,12.0722,-0.10282,0.95092,341.9948
WAHHEU,1,1,113,514,-0.2847,-0.1388,0.1459,0.4235,-0.30747,0.20602,765.078721
WALXUE,0,1,43,264,-0.18306,-0.07274,0.11032,10.0312,-0.089779,0.34108,302.600032
WALYAL,0,1,55,300,-0.17221,-0.07317,0.09904,10.4306,-0.108701,0.38856,371.647679
WAMXAM,0,1,83,346,-0.18711,-0.1008,0.08631,8.0205,-0.150588,1.18719,453.717183
WAMXEQ,0,1,74,306,-0.19529,-0.10751,0.08778,4.4217,-0.129987,1.19953,395.73041
WAQCAT,0,1,49,260,-0.20042,-0.03386,0.16656,8.8945,-0.088822,0.18228,291.24676
WAQCEX,0,1,51,262,-0.20321,-0.03244,0.17077,9.2592,-0.091607,0.18866,291.9661
WAQCIB,0,1,69,310,-0.20731,-0.03367,0.17364,8.8945,-0.131344,0.1573,362.277974
WAQCOH,0,1,35,196,-0.19961,-0.01751,0.1821,10.7025,-0.054861,0.13291,189.395966
WAQCUN,0,1,23,164,-0.19929,-0.01895,0.18034,11.2802,-0.032154,0.17097,143.070059
WAQDAU,0,1,43,224,-0.20067,-0.01827,0.1824,9.8784,-0.066525,0.16731,226.143672
WAQDEY,0,1,59,280,-0.2025,-0.01731,0.18519,8.8858,-0.114404,0.12388,298.667193
WAWJAI,0,1,68,318,-0.19772,-0.0312,0.16652,10.6221,-0.119689,0.1565,357.660434
WAWJEM,0,1,75,346,-0.19794,-0.02938,0.16856,10.3456,-0.135376,0.15723,391.134041
WAWMEP,0,1,79,350,-0.19835,-0.08266,0.11569,10.418,-0.141417,0.1652,420.074767
WAWMIT,0,1,89,402,-0.20744,-0.11128,0.09616,9.746,-0.154294,0.19357,490.777586
WAXHOV,1,1,126,544,-0.27605,-0.18606,0.08999,5.3369,-0.336238,0.1063,821.123571
WAXKIR,1,1,65,262,-0.33477,-0.1466,0.18817,0.4059,-0.09679,0.40313,311.565493
WAXVAU,1,1,71,358,-0.29037,-0.17901,0.11136,4.5461,-0.137552,0.83372,443.303232
WAYNAN,0,1,39,202,-0.1474,-0.09217,0.05523,0.0101,-0.080848,0.68515,269.476574
WEBVIL,-1,1,70,384,-0.0945,-0.01214,0.08236,7.4487,-0.17146,0.38965,463.047592
WECYOS,0,1,93,404,-0.21684,-0.13187,0.08497,0.4049,-0.182388,0.75107,501.398663
WECYUB,0,1,72,386,-0.19554,-0.10569,0.08985,6.4527,-0.142328,0.82877,472.082219
WEFGOG,1,1,75,306,-0.33845,-0.16673,0.17172,0.6406,-0.119255,0.42858,396.721663
WEFGUM,1,1,75,306,-0.33817,-0.16674,0.17143,1.2528,-0.119423,0.42803,396.717401
WEHHIA,0,1,131,570,-0.16038,-0.0403,0.12008,0.7464,-0.377425,-1.65254,853.876351
WEHLEC,0,1,33,262,-0.19594,-0.14509,0.05085,11.1874,-0.067768,0.53027,261.057684
WEHLOM,1,1,52,276,-0.29265,-0.22772,0.06493,9.7933,-0.092458,0.91004,326.718985
WEHROR,0,1,53,274,-0.18932,-0.10612,0.0832,13.604,-0.083669,0.3448,301.274772
WEHRUX,0,1,65,306,-0.18934,-0.10673,0.08261,13.6748,-0.096707,0.34523,347.91377
WEJMEG,0,1,57,300,-0.17766,-0.07164,0.10602,5.2104,-0.121211,0.44622,352.81824
WEJMIK,0,1,57,300,-0.17549,-0.07415,0.10134,5.3685,-0.121676,0.43364,352.787656
WEJMOQ,0,1,57,332,-0.19168,-0.0819,0.10978,5.3872,-0.123319,0.43788,354.392607
WEJMUW,0,1,57,332,-0.19374,-0.0793,0.11444,4.9956,-0.122815,0.44971,354.413313
WEJNOR,0,1,60,296,-0.2224,-0.0989,0.1235,7.8094,-0.113818,0.89598,348.461753
WEJPAF,0,1,60,318,-0.2271,-0.11437,0.11273,4.2707,-0.10746,0.99617,340.082632
WEJPUZ,1,1,62,342,-0.28008,-0.19038,0.0897,8.4329,-0.142039,0.3763,421.871644
WEJQAG,1,1,65,350,-0.27879,-0.1868,0.09199,8.5946,-0.148106,0.37753,433.590688
WEJTEM,0,1,88,442,-0.18658,-0.06779,0.11879,2.7256,-0.203832,0.35947,572.26346
WEKVUF,1,1,44,224,-0.31771,-0.19534,0.12237,5.2165,-0.089152,1.03183,287.818333
WEKWAM,0,1,41,214,-0.14066,-0.0807,0.05996,1.782,-0.076081,0.39028,281.952024
WEKWEQ,0,1,36,234,-0.14285,-0.08404,0.05881,5.995,-0.072418,0.34949,282.015145
WELCEW,0,1,97,532,-0.21026,-0.07739,0.13287,12.2556,-0.236364,-0.10566,627.335208
WELCIA,0,1,99,524,-0.20822,-0.05814,0.15008,0.0016,-0.230017,-0.12664,611.554023
WELCOG,0,1,83,488,-0.21041,-0.09617,0.11424,13.0933,-0.205355,-0.09092,562.878861
WELCUM,0,1,83,488,-0.21006,-0.08448,0.12558,11.8449,-0.206534,-0.13166,562.735558
WELHAY,0,1,59,344,-0.17139,-0.0925,0.07889,10.1393,-0.128785,-0.77567,430.24943
WELKOO,0,1,44,284,-0.18717,-0.10735,0.07982,11.205,-0.087321,0.06224,326.806598
WELKUU,0,1,40,280,-0.19475,-0.09747,0.09728,4.4937,-0.088242,0.43952,316.34327
WELRUD,0,1,143,578,-0.15445,-0.08382,0.07063,0.0193,-0.286956,0.83988,763.632468
WELSUC,0,1,79,392,-0.17179,-0.0708,0.10099,0.0002,-0.167442,0.5844,506.140437
WELWIT,0,1,61,358,-0.17895,-0.07589,0.10306,18.0722,-0.149445,-0.44773,451.650373
WELWOZ,0,1,65,382,-0.17877,-0.0818,0.09697,18.4471,-0.165248,-0.39292,491.13986
WEMVOB,1,1,101,432,-0.27091,-0.19219,0.07872,0.0919,-0.269133,0.68481,631.756447
WENBEX,0,1,67,344,-0.17165,-0.07068,0.10097,1.7367,-0.139826,0.48276,427.929956
WENBIB,0,1,73,408,-0.1849,-0.0905,0.0944,2.1424,-0.150111,0.4924,458.140552
WENGOO,0,1,37,232,-0.18529,-0.07812,0.10717,5.5798,-0.072685,0.43022,253.353253
WENGUU,0,1,53,290,-0.1766,-0.07346,0.10314,6.8493,-0.098837,0.42296,333.037813
WENHAB,0,1,69,348,-0.1671,-0.05545,0.11165,6.4384,-0.125071,0.41525,412.725784
WENHEF,0,1,63,348,-0.17838,-0.0611,0.11728,3.902,-0.115118,0.423,390.500991
WENHIJ,1,1,63,332,-0.31004,-0.20584,0.1042,10.5464,-0.113891,0.53711,383.11578
WENHOP,1,1,69,348,-0.29497,-0.20469,0.09028,11.4013,-0.134892,0.32479,406.497016
WENWET,0,1,35,244,-0.18661,-0.08622,0.10039,9.1166,-0.071862,-0.94965,276.69483
WENWIX,0,1,38,252,-0.18728,-0.0814,0.10588,9.1468,-0.078284,-0.95243,288.111033
WENWOD,0,1,28,218,-0.19091,-0.09579,0.09512,8.6041,-0.056143,-0.95026,232.363295
WEQPIR,0,1,28,284,-0.19788,-0.12008,0.0778,8.5507,-0.064932,-0.78497,275.764116
WERLUB,0,1,127,488,-0.16694,-0.10705,0.05989,0.4357,-0.245401,0.78982,711.852676
WESQUH,0,1,38,234,-0.17285,-0.08359,0.08926,2.0207,-0.072571,0.55189,263.300901
WESRAO,0,1,46,242,-0.16214,-0.06933,0.09281,1.3128,-0.082892,0.48518,272.684518
WESRES,0,1,41,252,-0.16831,-0.08259,0.08572,0.5238,-0.078481,0.56721,283.574073
WESXOK,0,1,37,242,-0.18779,-0.10443,0.08336,8.7298,-0.074744,0.39835,270.66455
WETKEN,0,1,105,502,-0.18927,-0.09964,0.08963,1.2207,-0.225981,0.66989,676.420745
WETKOX,0,1,79,420,-0.18684,-0.10545,0.08139,0.8035,-0.178179,0.67745,546.32306
WEWLIU,0,1,41,260,-0.18039,-0.07421,0.10618,4.4749,-0.088096,0.39003,298.937524
WEWVIG,0,1,51,264,-0.15656,-0.11933,0.03723,0.0024,-0.080134,1.25767,298.755892
WEYBAF,0,1,29,238,-0.20339,-0.14151,0.06188,14.091,-0.05597,0.35717,221.4345
WEYPUO,1,1,36,220,-0.32142,-0.19389,0.12753,5.4691,-0.065984,0.54622,241.294878
WEZGUG,0,1,67,410,-0.1998,-0.08764,0.11216,8.3252,-0.145182,0.40444,432.378447
WIBBOB,1,1,81,316,-0.24185,-0.1601,0.08175,0.3434,-0.153463,0.61048,432.00102
WIBCAO,1,1,85,320,-0.24202,-0.16272,0.0793,0.1339,-0.163188,0.6219,442.25044
WIBCES,1,1,85,320,-0.24176,-0.16262,0.07914,0.0818,-0.163623,0.62145,442.260866
WIFFOH,1,1,55,266,-0.3223,-0.16588,0.15642,0.1415,-0.087241,0.45178,301.783508
WIFVUD,0,1,53,304,-0.18932,-0.09543,0.09389,13.0986,-0.119779,0.25044,359.994598
WIFWAK,0,1,38,250,-0.19394,-0.09766,0.09628,6.3714,-0.07683,0.05792,265.05237
WIFWEO,0,1,42,264,-0.19202,-0.09648,0.09554,6.5997,-0.085982,0.06243,283.103941
WIFWIS,0,1,36,232,-0.19985,-0.093,0.10685,3.0879,-0.068193,0.16428,247.937597
WIGDUN,0,1,81,342,-0.20722,-0.0503,0.15692,8.9086,-0.139453,0.1894,408.572429
WIGWOB,0,1,75,344,-0.19375,-0.10131,0.09244,0.0001,-0.134275,1.2636,475.580082
WIJBAT,0,1,64,372,-0.18912,-0.11016,0.07896,9.0672,-0.13137,-0.81488,446.790155
WIJGAY,0,1,33,246,-0.21513,-0.09811,0.11702,10.6775,-0.074413,0.69365,251.424045
WIJGEC,1,1,66,392,-0.31317,-0.19176,0.12141,6.803,-0.166233,0.70141,445.340295
WIJGIG,0,1,34,188,-0.21222,-0.09135,0.12087,8.4276,-0.066194,0.964,233.085284
WIKGEE,0,1,45,264,-0.17288,-0.0644,0.10848,6.4592,-0.088519,0.37465,295.849767
WILMOU,1,1,56,276,-0.26281,-0.19216,0.07065,6.1496,-0.121243,0.22701,357.746935
WILVOE,0,1,61,320,-0.19232,-0.09528,0.09704,0.0064,-0.12129,0.66919,405.638766
WILVUK,0,1,32,210,-0.21311,-0.13816,0.07495,12.8855,-0.062175,0.32947,242.559145
WIMJOS,1,1,36,240,-0.34932,-0.25103,0.09829,6.9551,-0.073632,-0.63229,273.46315
WIMJUY,0,1,32,232,-0.20195,-0.12203,0.07992,5.2529,-0.06264,-0.78331,251.583819
WINCOO,1,1,31,216,-0.33577,-0.23697,0.0988,8.0054,-0.061636,0.55556,223.942978
WINCUU,1,1,31,216,-0.33571,-0.23694,0.09877,8.0049,-0.061633,0.55539,223.943901
WINJIO,0,1,65,314,-0.1684,-0.10611,0.06229,8.8051,-0.151722,0.3501,439.730183
WIPYOM,-1,1,26,188,-0.07659,0.06763,0.14422,13.4465,-0.047448,0.07627,192.699291
WIPYUS,-1,1,32,214,-0.08404,0.03786,0.1219,14.4507,-0.061214,0.09327,232.58482
WIPZAZ,-1,1,32,214,-0.08236,0.04527,0.12763,13.9576,-0.060171,0.08159,232.648789
WIPZED,-1,1,32,214,-0.07967,0.03892,0.11859,13.9808,-0.061467,0.08244,232.620437
WIQJUE,0,1,90,468,-0.18957,-0.10191,0.08766,2.789,-0.205716,0.76894,608.231262
WISHIR,0,1,77,428,-0.17814,-0.11748,0.06066,13.9646,-0.17694,0.88722,511.279808
WISHOX,0,1,52,250,-0.20441,-0.118,0.08641,3.7329,-0.090099,0.97233,313.47964
WIVYUX,0,1,26,172,-0.20497,-0.02737,0.1776,10.0599,-0.036283,0.1698,154.998681
WIWDOW,0,1,75,328,-0.1924,-0.11888,0.07352,4.0598,-0.160661,1.12698,456.192088
WIXGUI,0,1,38,322,-0.18066,-0.08489,0.09577,11.9651,-0.088745,-0.03275,305.864762
WIXJOF,0,1,40,344,-0.18519,-0.10184,0.08335,9.0876,-0.103314,-0.03606,319.754688
WIYXUX,0,1,37,260,-0.18875,-0.10604,0.08271,11.393,-0.079359,0.2421,278.428496
WOBHON,0,1,82,388,-0.16026,-0.06464,0.09562,11.1218,-0.225165,0.46019,582.037571
WOBJAB,0,1,104,484,-0.15939,-0.06738,0.09201,9.994,-0.31337,0.41646,732.255085
WOBJIJ,0,1,104,484,-0.15918,-0.06495,0.09423,9.8915,-0.311438,0.43997,732.319551
WOBJOP,0,1,104,502,-0.16906,-0.06595,0.10311,9.7025,-0.321986,0.23499,736.616891
WOBKIK,0,1,104,502,-0.16987,-0.06115,0.10872,7.8411,-0.309521,0.28457,737.151963
WOBKUW,0,1,104,502,-0.15795,-0.06385,0.0941,10.7523,-0.309482,0.49981,736.408666
WOBLUX,0,1,138,732,-0.19292,-0.07621,0.11671,18.1194,-0.409756,0.22328,945.565587
WOBMEI,1,1,149,654,-0.27572,-0.12601,0.14971,0.3363,-0.421669,0.19657,959.318919
WOBQOV,0,1,66,386,-0.19425,-0.07786,0.11639,6.4703,-0.145478,0.40559,441.580726
WOBRAI,1,1,87,452,-0.26766,-0.19061,0.07705,15.6436,-0.188135,0.3745,536.037509
WOBWIU,0,1,85,366,-0.18125,-0.08668,0.09457,0.0004,-0.150393,0.6664,452.825262
WOCQEL,0,1,89,364,-0.1703,-0.02759,0.14271,0.0105,-0.16111,-0.1991,471.128917
WOCRIQ,0,1,97,432,-0.1649,-0.09087,0.07403,7.4625,-0.212689,-0.20401,538.928867
WOCTAL,0,1,98,542,-0.18313,-0.10777,0.07536,2.9125,-0.263192,0.37601,674.918964
WOCTEP,0,1,104,598,-0.18624,-0.10903,0.07721,2.6271,-0.301012,0.36861,749.274731
WODFUS,0,1,84,372,-0.19541,-0.11242,0.08299,11.2764,-0.161804,0.94121,516.082484
WODGAZ,0,1,84,372,-0.19415,-0.10614,0.08801,11.5717,-0.162254,0.94018,516.069919
WODGED,0,1,84,372,-0.20383,-0.10431,0.09952,9.6201,-0.184002,0.94633,516.073901
WODQIP,1,1,67,312,-0.31598,-0.21416,0.10182,7.0352,-0.118184,0.54435,362.713201
WODQOV,1,1,75,326,-0.28884,-0.20837,0.08047,6.1255,-0.131551,0.59703,385.148277
WODYAQ,0,1,36,278,-0.20654,-0.14996,0.05658,3.6497,-0.082534,-0.7875,311.975248
WOFQOZ,0,1,43,268,-0.17613,-0.09445,0.08168,13.9268,-0.088854,-0.78186,303.781235
WOGJEK,0,1,63,346,-0.18717,-0.11937,0.0678,11.3353,-0.1121,0.42191,420.246007
WOGPUE,0,1,26,204,-0.2305,-0.0947,0.1358,8.8583,-0.047651,0.73674,191.562625
WOGREQ,0,1,65,284,-0.17435,-0.07367,0.10068,2.152,-0.112722,1.17929,379.768008
WOJNAM,1,1,40,252,-0.33052,-0.22547,0.10505,10.4629,-0.081341,-0.63614,300.271534
WOKMIV,0,1,95,454,-0.16387,-0.05135,0.11252,6.7728,-0.25649,-0.02563,655.466562
WOKMOB,0,1,95,472,-0.16321,-0.05474,0.10847,7.5175,-0.260901,-0.04179,667.678474
WOKNIW,0,1,95,436,-0.16727,-0.04738,0.11989,5.8933,-0.258085,0.2257,648.754053
WOMBEH,0,1,63,272,-0.18751,-0.09451,0.093,1.1118,-0.126479,0.59896,358.917547
WOMVUS,0,1,77,378,-0.20615,-0.07628,0.12987,3.5844,-0.166543,1.25548,488.579002
WONPAR,0,1,61,230,-0.15693,-0.02637,0.13056,0.0028,-0.130412,-0.1157,291.76197
WOPKUK,0,1,69,328,-0.1755,-0.07007,0.10543,3.9019,-0.104679,0.42674,379.907778
WOVWAH,0,1,34,202,-0.21511,-0.1186,0.09651,9.7287,-0.058158,0.96492,228.581278
WOVWEL,0,1,34,234,-0.22148,-0.10997,0.11151,8.0432,-0.057793,0.72466,230.908523
WOVWIP,0,1,35,210,-0.20949,-0.11561,0.09388,8.4755,-0.062947,0.96457,233.635827
WOVWOV,0,1,35,242,-0.21089,-0.10788,0.10301,7.0189,-0.062551,0.72382,235.924796
WOVWUB,0,1,35,192,-0.20106,-0.11661,0.08445,7.3417,-0.062354,0.9472,228.297599
WOWGIA,0,1,49,224,-0.21849,-0.11947,0.09902,9.5638,-0.08786,0.95647,281.487178
WOWGUM,0,1,49,274,-0.21601,-0.1082,0.10781,8.329,-0.089185,0.72848,289.101486
WOWHAT,0,1,34,184,-0.20652,-0.12001,0.08651,9.2123,-0.057333,0.93565,223.250643
WOYQIM,0,1,63,282,-0.19771,-0.09245,0.10526,2.6037,-0.12269,0.94705,355.876048
WUBMIR,1,1,45,300,-0.29174,-0.22202,0.06972,4.7093,-0.094079,0.54646,343.620011
WUDGAD,0,1,91,438,-0.1817,-0.06896,0.11274,2.6936,-0.187104,0.16273,550.21553
WUDGUY,0,1,105,526,-0.1647,-0.09722,0.06748,5.1494,-0.272534,-0.41673,702.635483
WUDHAF,0,1,106,526,-0.1756,-0.08108,0.09452,13.1583,-0.261216,-0.42598,706.724796
WUDHIN,0,1,98,486,-0.16152,-0.05333,0.10819,5.9534,-0.2387,-0.43898,628.508646
WUFFOS,0,1,51,270,-0.19145,-0.1026,0.08885,13.0339,-0.103268,0.30626,349.462284
WURNAA,0,1,37,244,-0.20531,-0.0976,0.10771,5.3111,-0.069381,0.55528,254.36536
WURNEE,0,1,34,222,-0.20014,-0.08893,0.11121,5.1769,-0.063676,0.54919,236.501515
WURROS,0,1,48,268,-0.18259,-0.07738,0.10521,4.7418,-0.093392,0.42686,301.255297
WURRUY,0,1,48,268,-0.18259,-0.07738,0.10521,4.7415,-0.093395,0.42683,301.255318
WUTREJ,0,1,107,406,-0.17343,-0.08296,0.09047,0.6793,-0.20361,0.62011,560.666902
WUZSEP,0,1,45,286,-0.19096,-0.10899,0.08197,14.1113,-0.092445,0.34875,327.521616
WUZYIZ,0,1,186,842,-0.17051,-0.09115,0.07936,0.8298,-0.488426,-0.19085,1229.112905
XABGAJ,0,1,65,318,-0.16827,-0.09223,0.07604,9.2447,-0.119721,0.72636,377.994675
XABGEN,0,1,63,346,-0.17522,-0.09687,0.07835,8.7126,-0.129455,0.72815,427.684132
XADKOE,0,1,101,470,-0.17066,-0.0836,0.08706,0.0008,-0.196528,1.2639,615.059768
XADNEX,0,1,52,256,-0.19489,-0.09393,0.10096,10.7985,-0.091684,0.94376,314.464426
XAFGOC,0,1,53,270,-0.19488,-0.10116,0.09372,12.1425,-0.10371,0.94758,335.488737
XAHXIP,0,1,62,352,-0.15364,-0.11786,0.03578,18.0362,-0.135923,0.38095,409.866083
XAHXOW,0,1,131,582,-0.19664,-0.06987,0.12677,10.1656,-0.329686,0.12281,788.685852
XAJVOT,0,1,127,526,-0.16386,-0.10631,0.05755,10.806,-0.295353,-0.83401,757.911923
XALDUJ,0,1,127,594,-0.17245,-0.10415,0.0683,14.1146,-0.333884,-1.42225,851.515626
XALTOW,0,1,129,598,-0.16223,-0.05147,0.11076,0.0178,-0.38033,-1.65219,883.561352
XAMGEX,0,1,77,486,-0.19326,-0.1044,0.08886,0.0008,-0.17193,1.26637,579.377894
XAMGOH,0,1,77,486,-0.19322,-0.10435,0.08887,0.0681,-0.171937,1.26637,579.378391
XAMHIC,0,1,77,486,-0.19346,-0.10436,0.0891,0.0501,-0.17188,1.26596,579.377965
XAMQAG,0,1,112,524,-0.17117,-0.03805,0.13312,6.4559,-0.301141,-0.17619,709.233887
XANCAR,0,1,167,602,-0.16871,-0.09187,0.07684,2.4844,-0.313136,1.22179,867.862651
XANCEV,0,1,167,602,-0.17372,-0.09121,0.08251,2.9595,-0.317108,1.2188,867.946468
XANDOI,0,1,111,498,-0.17879,-0.09561,0.08318,4.4592,-0.264116,0.77968,710.659833
XANWAL,0,1,73,386,-0.19182,-0.11911,0.07271,18.3514,-0.137112,0.42171,491.984846
XANWEP,0,1,111,514,-0.15752,-0.10944,0.04808,11.1075,-0.194903,0.42226,692.190939
XANWIT,0,1,103,498,-0.17278,-0.11291,0.05987,14.8844,-0.182497,0.42237,659.609305
XANWUF,0,1,99,470,-0.17182,-0.1084,0.06342,15.3705,-0.18239,0.42111,632.413157
XAPMUX,0,1,35,244,-0.18384,-0.10491,0.07893,10.8656,-0.071176,-0.78612,275.808939
XAPXOC,1,1,54,282,-0.28034,-0.20913,0.07121,3.7712,-0.116482,0.06851,344.991189
XAQJEG,0,1,67,308,-0.20421,-0.03353,0.17068,8.6802,-0.128005,0.15177,361.560767
XASBEZ,1,1,43,252,-0.28703,-0.22851,0.05852,8.8569,-0.080278,0.60777,292.609732
XASJOT,0,1,60,284,-0.18964,-0.11482,0.07482,6.9761,-0.109121,1.07857,352.970503
XAWBIG,1,1,52,262,-0.30647,-0.20454,0.10193,4.9195,-0.098559,0.36702,301.716896
XAWBOM,1,1,51,262,-0.3069,-0.20499,0.10191,5.1128,-0.097095,0.3675,299.191549
XAWCAZ,1,1,56,286,-0.30597,-0.20501,0.10096,5.266,-0.108246,0.38151,341.025567
XAWCED,0,1,34,318,-0.21142,-0.1197,0.09172,11.5443,-0.086614,0.12235,295.989163
XAWHOU,1,1,125,546,-0.27683,-0.13715,0.13968,0.6913,-0.336154,0.20599,811.11288
XAWHUA,1,1,137,578,-0.27418,-0.13789,0.13629,1.2998,-0.370695,0.22031,857.661005
XAWLOZ,0,1,45,252,-0.19191,-0.05536,0.13655,5.4482,-0.070447,0.46484,264.121881
XAWROC,0,1,157,668,-0.17778,-0.09179,0.08599,0.0447,-0.404065,0.72414,1010.448256
XAWSET,0,1,157,668,-0.17921,-0.08921,0.09,0.0277,-0.409919,0.71897,1010.592513
XAXCOO,0,1,37,262,-0.18191,-0.07739,0.10452,3.7806,-0.085493,0.299,291.198772
XAXTOG,1,1,81,372,-0.28197,-0.18951,0.09246,5.6322,-0.163103,0.3718,464.70197
XAXZIH,1,1,72,324,-0.31569,-0.20872,0.10697,10.595,-0.137369,1.16297,394.086387
XAXZON,0,1,47,242,-0.21124,-0.11442,0.09682,9.6676,-0.086906,0.93915,314.163323
XEBLAU,1,1,57,280,-0.27307,-0.18822,0.08485,6.2659,-0.121239,0.08181,362.010684
XECTAC,0,1,44,400,-0.18854,-0.09211,0.09643,9.1611,-0.094265,0.75491,378.614322
XEFNAY,0,1,75,372,-0.17173,-0.06841,0.10332,2.724,-0.151627,0.47162,473.212106
XEHGUN,0,1,85,356,-0.17786,-0.07804,0.09982,1.258,-0.169447,0.79494,494.014232
XEHVAJ,0,1,35,226,-0.22605,-0.07305,0.153,1.6248,-0.058202,1.32721,213.858762
XEJGOK,0,1,50,332,-0.20463,-0.13753,0.0671,5.531,-0.114057,-0.78039,396.732174
XEJVOA,0,1,88,396,-0.18363,-0.09241,0.09122,4.2205,-0.161135,0.58891,495.991686
XEKJUU,0,1,130,586,-0.16856,-0.06207,0.10649,3.7778,-0.365153,-1.4151,860.811845
XEKPEJ,0,1,195,666,-0.17326,-0.08118,0.09208,0.0003,-0.325717,1.25643,924.474519
XEKTAK,0,1,69,334,-0.15208,-0.0585,0.09358,4.7846,-0.124231,-0.23196,442.931448
XEKTEO,0,1,61,334,-0.16764,-0.07184,0.0958,1.4472,-0.121348,-0.26427,429.313008
XEKTIS,0,1,61,506,-0.1644,-0.09143,0.07297,0.001,-0.150492,-0.26404,524.021341
XELXIW,0,1,40,298,-0.1881,-0.12937,0.05873,11.1534,-0.088501,-0.82499,332.536693
XELYAP,1,1,71,306,-0.28098,-0.1267,0.15428,0.0069,-0.129449,0.45494,391.711132
XEPTUI,0,1,70,342,-0.18877,-0.09758,0.09119,3.4116,-0.141325,1.26568,456.807259
XEPZOI,0,1,68,316,-0.17653,-0.09091,0.08562,1.1077,-0.139958,0.78754,451.185841
XEPZUO,0,1,69,316,-0.16594,-0.08668,0.07926,2.8141,-0.141826,0.77318,455.770686
XEQDAZ,0,1,74,350,-0.17126,-0.07022,0.10104,6.1422,-0.188448,-0.78118,491.208802
XEQJOU,0,1,159,674,-0.16549,-0.04942,0.11607,0.0025,-0.412908,-1.6553,1013.098714
XEQLOW,0,1,69,438,-0.13751,-0.11354,0.02397,9.6285,-0.144863,0.42782,539.615946
XEQMAJ,0,1,117,632,-0.13402,-0.05183,0.08219,0.0114,-0.294898,-0.17406,854.8773
XERYAV,1,1,84,356,-0.28288,-0.17809,0.10479,2.578,-0.192785,0.23537,525.075307
XETTOH,0,1,81,414,-0.17233,-0.07773,0.0946,6.9152,-0.174498,0.40734,474.632088
XEVFUA,0,1,53,286,-0.19347,-0.12582,0.06765,11.9061,-0.106032,0.33396,359.822241
XEVWUR,0,1,137,574,-0.17031,-0.08423,0.08608,3.3211,-0.225544,1.26337,749.140503
XEXMOE,0,1,55,294,-0.18384,-0.0883,0.09554,1.8045,-0.102373,0.3316,363.192834
XEXMUK,0,1,44,254,-0.20848,-0.09146,0.11702,8.5611,-0.082807,0.26074,295.237686
XEXZAD,0,1,49,250,-0.20865,-0.05918,0.14947,8.8569,-0.083714,0.16211,266.079145
XEYMEU,0,1,175,790,-0.18043,-0.13714,0.04329,9.0161,-0.354004,-0.16048,1045.14003
XIBHAT,0,1,40,278,-0.19731,-0.08799,0.10932,7.591,-0.065044,0.45621,246.967232
XIBHEX,0,1,39,270,-0.20529,-0.08958,0.11571,6.7725,-0.064117,0.4531,241.92519
XIBHIB,0,1,36,262,-0.20862,-0.09048,0.11814,7.0396,-0.060108,0.45532,230.429091
XIBKIF,0,1,76,436,-0.16795,-0.05755,0.1104,9.1696,-0.192943,-0.06237,531.045808
XIDROS,0,1,80,334,-0.19218,-0.08427,0.10791,4.9913,-0.149681,1.1786,452.708892
XIFXOC,0,1,90,420,-0.17882,-0.09687,0.08195,2.9494,-0.197591,0.7627,599.783382
XIFYUG,0,1,53,348,-0.23686,-0.12303,0.11383,0.0545,-0.107523,0.0717,356.84746
XIFZAN,0,1,53,348,-0.19582,-0.1011,0.09472,0.0564,-0.117061,0.07307,377.070535
XIFZER,0,1,119,540,-0.20106,-0.09451,0.10655,1.3181,-0.243231,0.05633,685.084338
XIJFII,0,1,89,478,-0.20015,-0.08372,0.11643,5.6873,-0.213447,0.08276,575.266969
XIJJOP,0,1,49,248,-0.21699,-0.08654,0.13045,10.525,-0.094123,0.94776,329.507701
XIKZAU,0,1,129,580,-0.20344,-0.04219,0.16125,7.3567,-0.310619,0.14435,792.519501
XIMGEG,0,1,37,232,-0.18352,-0.07738,0.10614,3.9382,-0.070068,0.42626,253.354456
XINGAD,0,1,59,306,-0.17321,-0.12612,0.04709,11.5688,-0.122524,0.68373,384.817092
XIPCAB,0,1,65,358,-0.20083,-0.09135,0.10948,10.9205,-0.146579,0.57689,413.324316
XIPLEO,0,1,58,290,-0.17906,-0.09439,0.08467,3.6137,-0.112714,1.26921,370.762573
XIPNEP,1,1,44,264,-0.32434,-0.22836,0.09598,5.3612,-0.086307,0.55105,297.947516
XIPNOZ,1,1,44,288,-0.32785,-0.23001,0.09784,5.5183,-0.087772,0.55245,301.6367
XIPSEV,0,1,67,396,-0.19387,-0.08537,0.1085,5.9816,-0.132359,0.47646,421.786935
XIQDUY,0,1,45,268,-0.18409,-0.10091,0.08318,9.959,-0.089488,-0.786,308.531572
XIQNAO,1,1,60,324,-0.32756,-0.22285,0.10471,9.7465,-0.109881,-0.63722,381.010188
XIQTEZ,1,1,100,444,-0.27052,-0.1842,0.08632,2.2041,-0.267349,0.32374,659.932536
XIRMER,0,1,109,478,-0.15675,-0.06541,0.09134,0.0009,-0.209295,1.262,636.983908
XIRWIH,1,1,107,434,-0.27433,-0.17195,0.10238,4.6169,-0.247888,0.24718,649.516941
XISBAC,0,1,39,262,-0.17791,-0.10517,0.07274,11.0928,-0.075166,-0.47121,297.027443
XISGUE,0,1,79,362,-0.19391,-0.13726,0.05665,13.6396,-0.153759,0.20485,437.809046
XISHEP,0,1,73,346,-0.18782,-0.12609,0.06173,14.7751,-0.137353,0.1993,413.494484
XISHOZ,0,1,113,492,-0.17796,-0.126,0.05196,4.7405,-0.245177,0.00765,625.518674
XISHUF,0,1,111,478,-0.17415,-0.06816,0.10599,5.0978,-0.239231,-0.01049,611.736389
XIVMEX,0,1,63,286,-0.18262,-0.0895,0.09312,0.0006,-0.122029,1.26494,402.233901
XIWDEN,0,1,71,350,-0.17872,-0.06058,0.11814,1.5453,-0.155335,-0.27172,418.439564
XIWSON,1,1,90,422,-0.28129,-0.17377,0.10752,3.5874,-0.22855,0.45204,602.791249
XIXNID,0,1,68,366,-0.18712,-0.06744,0.11968,6.5231,-0.137504,0.43896,416.86372
XIXTIJ,0,1,35,230,-0.20146,-0.05177,0.14969,3.6173,-0.059487,0.47657,230.506192
XIXTUV,0,1,37,236,-0.21031,-0.09366,0.11665,7.0289,-0.061249,0.48608,232.301781
XIXVAD,0,1,35,214,-0.19214,-0.0463,0.14584,4.6898,-0.056458,0.46404,218.338305
XIXVEH,0,1,39,230,-0.1846,-0.04213,0.14247,3.5458,-0.061385,0.46436,234.850896
XIXVIL,0,1,38,222,-0.18999,-0.04457,0.14542,4.3068,-0.06044,0.4617,229.865378
XIXYUA,0,1,110,478,-0.16353,-0.04702,0.11651,6.3561,-0.280206,-0.84191,683.1987
XIYJEW,0,1,35,214,-0.19523,-0.04612,0.14911,1.7018,-0.056658,0.46715,218.334408
XIZTEG,0,1,60,280,-0.1563,-0.0677,0.0886,9.2059,-0.136089,0.5091,407.586676
XIZTIK,0,1,58,278,-0.15149,-0.08761,0.06388,11.7152,-0.133722,0.46272,402.400422
XIZTUW,0,1,57,278,-0.14868,-0.08631,0.06237,11.7363,-0.13454,0.4997,397.943594
XIZYAJ,0,1,71,372,-0.19386,-0.09025,0.10361,0.0159,-0.184865,0.52962,472.008753
XOBVAO,0,1,25,262,-0.20112,-0.12372,0.0774,7.6684,-0.055422,-0.8411,246.192764
XOCPUC,0,1,64,290,-0.20008,-0.0296,0.17048,9.4616,-0.108427,0.17132,328.656967
XOCSIT,0,1,56,272,-0.20113,-0.03019,0.17094,9.1716,-0.099607,0.17207,299.932882
XOFDAZ,1,1,55,308,-0.29955,-0.22051,0.07904,8.1625,-0.107834,-0.63263,380.899097
XOFDIF,0,1,51,234,-0.16098,-0.13317,0.02781,11.121,-0.103562,0.41903,291.537465
XOLCEI,1,1,44,306,-0.36009,-0.21317,0.14692,9.778,-0.083532,0.83033,271.927249
XOLDAF,1,1,57,362,-0.34289,-0.20062,0.14227,10.5311,-0.114152,0.62336,341.968935
XOLDEJ,1,1,75,434,-0.33763,-0.19684,0.14079,9.293,-0.180951,0.6416,479.944816
XOLPOG,0,1,75,420,-0.18322,-0.10481,0.07841,4.778,-0.184334,0.45921,499.146156
XOMKUG,0,1,121,452,-0.17869,-0.08601,0.09268,0.2258,-0.222271,0.78098,651.059898
XOMTOK,0,1,101,496,-0.16554,-0.05062,0.11492,8.2137,-0.285771,0.11481,701.937298
XONHIU,1,1,103,464,-0.27334,-0.1549,0.11844,5.6687,-0.243526,0.45749,648.205199
XONKIW,0,1,69,334,-0.20203,-0.12728,0.07475,9.5963,-0.171562,0.31177,424.087135
XOPKEU,0,1,70,296,-0.14751,-0.05901,0.0885,3.3009,-0.138716,0.67692,404.672738
XOTDAM,1,1,61,264,-0.27942,-0.17529,0.10413,10.5411,-0.121793,1.02837,327.765063
XOTKIB,1,1,92,416,-0.30503,-0.19141,0.11362,6.6105,-0.238901,-1.14805,598.673557
XOVFIX,0,1,49,248,-0.17054,-0.08888,0.08166,2.9998,-0.096587,0.59947,333.513594
XOVFIZ,0,1,23,206,-0.20212,-0.15203,0.05009,9.0505,-0.047186,0.30886,193.375609
XOVFOD,0,1,47,272,-0.17214,-0.07585,0.09629,1.5735,-0.094266,0.4424,319.492213
XOVPEF,0,1,85,450,-0.19077,-0.05673,0.13404,2.2104,-0.224078,-0.68316,573.367447
XOVPIJ,0,1,97,474,-0.18684,-0.06973,0.11711,4.5907,-0.251208,-0.30973,622.700837
XOVPOP,0,1,88,442,-0.18936,-0.07653,0.11283,5.794,-0.219954,-0.34271,564.880927
XOVPUV,0,1,91,450,-0.18956,-0.07198,0.11758,4.7957,-0.229198,-0.33823,576.557943
XOVQAC,0,1,91,450,-0.17887,-0.08728,0.09159,8.9292,-0.22769,-0.37323,576.663756
XOWTAG,1,1,89,378,-0.3051,-0.13945,0.16565,1.2345,-0.197053,0.49182,527.984385
XOWTEK,1,1,95,394,-0.30284,-0.13643,0.16641,2.0536,-0.208998,0.50637,550.85401
XOWTUZ,0,1,43,264,-0.19761,-0.05352,0.14409,11.3974,-0.081674,0.17524,285.5375
XOYVAK,0,1,117,510,-0.17369,-0.08595,0.08774,0.0002,-0.24947,1.26147,736.052016
XOZWUE,0,1,21,194,-0.20904,-0.13171,0.07733,8.2418,-0.041343,0.35753,176.213371
XUBDIJ,0,1,48,238,-0.20886,-0.1122,0.09666,9.5445,-0.093122,0.94555,305.627323
XUBDOP,0,1,45,230,-0.21173,-0.114,0.09773,10.143,-0.094895,0.9415,294.112695
XUBMEO,0,1,43,278,-0.23569,-0.10971,0.12598,5.5017,-0.094903,0.74288,296.649772
XUBSOE,1,1,87,346,-0.30855,-0.15028,0.15827,0.0004,-0.16979,0.43763,472.931053
XUBXUP,0,1,109,590,-0.18086,-0.09302,0.08784,0.0148,-0.213501,0.63886,655.304216
XUBZEA,1,1,68,348,-0.27801,-0.17991,0.0981,8.4957,-0.152628,0.37891,436.211108
XUBZOK,1,1,77,402,-0.28085,-0.18723,0.09362,12.1302,-0.185654,0.37702,501.43683
XUBZUQ,1,1,87,412,-0.27394,-0.17617,0.09777,7.9028,-0.199529,0.38219,533.805878
XUCBAZ,1,1,83,404,-0.26067,-0.17002,0.09065,6.3676,-0.195718,0.37891,520.036429
XUCBIH,1,1,70,364,-0.28001,-0.21248,0.06753,5.093,-0.169603,0.48964,445.258072
XUDXAW,0,1,91,450,-0.18638,-0.12549,0.06089,9.5199,-0.168371,0.4292,588.708191
XUDXIE,0,1,91,450,-0.18673,-0.12541,0.06132,9.505,-0.169001,0.42957,588.709014
XUDXUQ,0,1,67,370,-0.1847,-0.13231,0.05239,11.5268,-0.122273,0.43136,465.459298
XUDYOL,1,1,70,370,-0.26739,-0.21962,0.04777,5.9905,-0.120463,0.54789,417.253395
XUFSEY,0,1,70,338,-0.17954,-0.07695,0.10259,1.5193,-0.12071,0.65901,370.09448
XUGLIW,1,1,101,432,-0.26323,-0.17446,0.08877,5.8068,-0.245324,0.3285,633.474159
XUGTOJ,0,1,75,350,-0.16047,-0.06082,0.09965,2.9531,-0.163899,0.40349,444.798478
XUHYEF,0,1,91,408,-0.15994,-0.04197,0.11797,2.3085,-0.22641,0.00675,609.814827
XUKQIF,1,1,101,442,-0.2645,-0.16838,0.09612,6.1266,-0.257042,0.31745,645.251013
XUKRAY,1,1,94,420,-0.26686,-0.16951,0.09735,5.8283,-0.242318,0.32322,615.541294
XUMPAY,0,1,179,634,-0.1799,-0.09221,0.08769,1.4016,-0.345547,0.79243,930.694845
XUMXUZ,1,1,59,232,-0.27481,-0.20581,0.069,3.6587,-0.113577,0.76983,304.42041
XUMYAG,1,1,61,228,-0.26592,-0.19274,0.07318,5.9955,-0.115269,0.76389,303.45738
XUMYEK,1,1,61,332,-0.27141,-0.2011,0.07031,15.428,-0.127508,0.77216,364.465908
XUPHOG,0,1,55,342,-0.19084,-0.06676,0.12408,2.8899,-0.128394,0.15395,382.613592
XUPVUB,1,1,70,362,-0.27889,-0.20555,0.07334,8.013,-0.147103,0.38401,449.675648
XUPWEM,1,1,82,430,-0.2832,-0.19775,0.08545,6.4108,-0.160078,0.37802,530.079273
XUPWIQ,1,1,79,422,-0.28473,-0.20049,0.08424,6.3055,-0.156203,0.37704,518.600722
XUZYUO,0,1,107,492,-0.18946,-0.098,0.09146,0.9422,-0.2633,0.7652,672.158374
YABMEV,0,1,46,230,-0.17873,-0.07538,0.10335,2.5643,-0.089112,0.52615,307.302201
YACMAS,0,1,87,388,-0.16806,-0.04743,0.12063,6.487,-0.215391,0.33539,574.296367
YACMIA,0,1,107,468,-0.16492,-0.04687,0.11805,7.367,-0.280695,0.41998,697.704901
YADSON,0,1,79,376,-0.17354,-0.06466,0.10888,2.1096,-0.167279,0.46859,470.286369
YAJNAZ,0,1,71,330,-0.18029,-0.08873,0.09156,3.8705,-0.143984,0.78296,466.940722
YAKDIA,0,1,69,386,-0.18375,-0.06441,0.11934,7.6096,-0.151269,0.18072,433.613166
YAKDOG,0,1,68,378,-0.18687,-0.06625,0.12062,7.6129,-0.150809,0.17908,428.633552
YAKDUL,0,1,57,306,-0.17859,-0.0854,0.09319,4.6928,-0.115271,0.47611,361.373468
YALCOE,0,1,87,424,-0.17042,-0.08271,0.08771,2.5999,-0.187734,0.45443,553.064657
YALGIE,0,1,45,256,-0.20312,-0.05893,0.14419,9.8862,-0.07618,0.18142,286.322687
YALNUX,0,1,143,646,-0.16402,-0.04675,0.11727,0.0084,-0.400054,-1.61516,942.439375
YAMPEJ,1,1,51,230,-0.33548,-0.14696,0.18852,0.0042,-0.084214,0.42148,300.152594
YAPWAO,0,1,72,358,-0.15918,-0.10542,0.05376,14.2565,-0.129304,0.18817,438.459957
YAPWES,0,1,58,334,-0.15934,-0.11255,0.04679,11.676,-0.110587,0.19313,408.204714
YAPZEW,0,1,47,268,-0.22897,-0.10312,0.12585,11.345,-0.076785,0.65072,262.821741
YAQMUB,0,1,65,320,-0.17512,-0.032,0.14312,0.0024,-0.125395,-0.19576,395.708925
YAQTAM,0,1,56,316,-0.18159,-0.08511,0.09648,7.0153,-0.119092,0.41545,373.990902
YAQTEQ,0,1,62,332,-0.17854,-0.08317,0.09537,5.4669,-0.12754,0.41428,397.020802
YARNAI,0,1,137,636,-0.1696,-0.10641,0.06319,0.0096,-0.271317,-0.17474,834.366202
YASPAK,0,1,35,214,-0.20036,-0.12244,0.07792,10.2638,-0.07366,0.31874,264.112223
YASPOY,0,1,35,198,-0.21049,-0.12112,0.08937,9.7352,-0.069693,0.90358,252.285174
YASTEU,1,1,56,320,-0.32104,-0.21835,0.10269,6.4308,-0.120401,-0.62919,398.265384
YATMUC,0,1,83,438,-0.20426,-0.09322,0.11104,14.1969,-0.190486,-0.15592,558.572549
YATNAJ,0,1,85,410,-0.17368,-0.0477,0.12598,8.4608,-0.183828,-0.16332,554.198845
YATNEN,0,1,103,498,-0.17999,-0.05459,0.1254,11.0339,-0.21947,-0.16037,691.997834
YATPER,0,1,44,270,-0.16449,-0.08518,0.07931,3.8078,-0.089698,0.50095,308.630606
YATPUH,0,1,53,304,-0.16259,-0.0847,0.07789,3.7061,-0.107259,0.50327,360.114932
YAYBEI,0,1,37,202,-0.20592,-0.12685,0.07907,7.5881,-0.070288,0.92369,251.55171
YAYBIM,0,1,37,252,-0.21508,-0.11936,0.09572,7.0081,-0.070329,0.70313,259.195818
YAYDEK,1,1,101,450,-0.28068,-0.19373,0.08695,2.8688,-0.242411,0.25002,668.612166
YAZTEZ,0,1,79,376,-0.1707,-0.08123,0.08947,2.0507,-0.166049,0.44626,473.926384
YAZTID,0,1,73,360,-0.16907,-0.07884,0.09023,2.4949,-0.150825,0.47725,450.961636
YAZTOJ,0,1,81,392,-0.16537,-0.0754,0.08997,2.1154,-0.159232,0.47842,483.947736
YAZTUP,0,1,75,376,-0.16947,-0.0794,0.09007,1.6119,-0.151483,0.47564,460.870314
YEBCUE,1,1,102,452,-0.26588,-0.17279,0.09309,4.1875,-0.257359,0.33129,669.169991
YEBSOQ,1,1,45,282,-0.29363,-0.18495,0.10868,7.1742,-0.106381,0.04906,320.248856
YECKIC,0,1,50,252,-0.1985,-0.0284,0.1701,9.6842,-0.08426,0.17101,273.103951
YEDBUG,0,1,42,248,-0.19778,-0.08431,0.11347,3.5499,-0.083381,0.5083,285.363281
YEDCAN,0,1,46,262,-0.1982,-0.0932,0.105,4.1295,-0.093684,0.50377,308.004518
YEDCER,1,1,46,262,-0.30981,-0.19455,0.11526,6.2588,-0.092341,0.46116,300.076939
YEDCUH,1,1,53,296,-0.30742,-0.19185,0.11557,4.433,-0.115877,0.45415,345.156865
YEDWIQ,0,1,79,428,-0.21647,-0.1476,0.06887,8.1512,-0.142409,0.84842,506.597553
YEDXAI,0,1,32,274,-0.19102,-0.11977,0.07125,8.602,-0.072473,-0.82483,294.941757
YEGCET,0,1,81,390,-0.18295,-0.06399,0.11896,2.3061,-0.188395,-0.31055,480.985973
YEJTAL,0,1,120,610,-0.1734,-0.10119,0.07221,7.9033,-0.302121,1.19592,797.368505
YEJYAQ,0,1,54,318,-0.18865,-0.07556,0.11309,7.2486,-0.119206,0.43773,360.890782
YEJYIY,0,1,53,286,-0.17278,-0.06331,0.10947,1.7735,-0.105009,0.46222,334.969966
YEJYOE,0,1,53,318,-0.18925,-0.07136,0.11789,4.3308,-0.106462,0.46936,336.518917
YEJYUK,0,1,53,302,-0.18107,-0.06676,0.11431,3.6145,-0.105733,0.46609,335.682628
YEJZAR,0,1,52,312,-0.18982,-0.07356,0.11626,7.8431,-0.113067,0.428,347.882992
YEJZIZ,0,1,53,302,-0.18103,-0.06808,0.11295,3.2631,-0.105725,0.46579,335.711754
YEKHUS,0,1,79,388,-0.15502,-0.10254,0.05248,11.3006,-0.156442,0.18537,493.582449
YENMAI,1,1,72,354,-0.27908,-0.17908,0.1,7.6153,-0.145934,0.37486,436.414467
YEPSAN,0,1,119,534,-0.1609,-0.04158,0.11932,0.9879,-0.341642,-1.41407,784.741745
YEPWUO,0,1,57,376,-0.17791,-0.05935,0.11856,4.2437,-0.133385,0.42592,415.479874
YEQHOU,0,1,57,344,-0.17662,-0.05087,0.12575,4.0686,-0.120314,0.4223,368.145036
YEQHUA,0,1,63,376,-0.17877,-0.0623,0.11647,5.404,-0.12915,0.42135,396.625627
YEQJAI,0,1,75,408,-0.17594,-0.05201,0.12393,5.2051,-0.156436,0.40342,442.368066
YEQJEM,0,1,57,344,-0.1766,-0.05072,0.12588,4.0958,-0.120311,0.422,368.145539
YEQNUD,0,1,25,152,-0.19466,-0.1392,0.05546,0.0012,-0.046638,-0.11166,197.763662
YESXEA,0,1,56,320,-0.18834,-0.11819,0.07015,8.4641,-0.097175,-0.78378,396.851544
YEVGIS,1,1,61,340,-0.28454,-0.21843,0.06611,7.0664,-0.14713,0.33188,415.78594
YEVGOY,1,1,57,308,-0.27535,-0.17699,0.09836,12.3076,-0.123334,0.38243,371.258689
YEVWUS,1,1,81,398,-0.29076,-0.16228,0.12848,5.8334,-0.201703,0.09486,524.923881
YEWVIH,0,1,30,196,-0.20289,-0.04902,0.15387,9.7342,-0.048701,0.18004,194.233108
YEXHOA,1,1,67,350,-0.31563,-0.15239,0.16324,7.3321,-0.12851,-0.02409,382.682227
YEXHUG,1,1,75,398,-0.31519,-0.16175,0.15344,6.1876,-0.153524,-0.02547,461.252453
YEXMUM,0,1,65,408,-0.18766,-0.08962,0.09804,5.3181,-0.135761,0.43499,442.002797
YIBGOG,0,1,64,378,-0.18831,-0.07868,0.10963,7.7904,-0.137894,0.39187,412.757476
YIBGUM,0,1,64,378,-0.19031,-0.07771,0.1126,7.4518,-0.138848,0.36805,412.565258
YIBZIV,0,1,104,494,-0.22165,-0.09929,0.12236,13.0571,-0.245811,0.44316,632.519763
YICKIG,0,1,71,344,-0.17994,-0.12004,0.0599,0.951,-0.150181,1.25574,485.925624
YICKOM,0,1,73,346,-0.18049,-0.10857,0.07192,1.5037,-0.152637,1.26195,492.653222
YIDBUL,0,1,37,238,-0.18681,-0.09914,0.08767,13.268,-0.070355,0.34258,248.270427
YIFLAD,0,1,57,276,-0.18832,-0.09543,0.09289,0.011,-0.113704,0.63133,378.560798
YIFLEH,0,1,71,320,-0.18374,-0.09799,0.08575,0.1066,-0.147167,0.58721,437.467519
YIHROX,0,1,54,274,-0.16697,-0.1246,0.04237,10.9055,-0.108069,0.42472,357.226022
YIJLAF,1,1,79,298,-0.32792,-0.1563,0.17162,0.0138,-0.131093,0.43252,394.310157
YIKXEW,0,1,35,206,-0.20892,-0.06242,0.1465,9.5531,-0.057054,0.18212,206.39405
YIKXIA,0,1,43,248,-0.20419,-0.09431,0.10988,9.0306,-0.070268,0.17089,253.548561
YIKXUM,0,1,41,234,-0.20729,-0.04185,0.16544,10.3707,-0.06816,0.16386,240.272669
YIMKOX,1,1,115,494,-0.25942,-0.17044,0.08898,2.6592,-0.266128,0.26599,696.768401
YIPRUN,1,1,50,306,-0.32155,-0.2135,0.10805,5.3173,-0.102744,-0.66361,365.006282
YIPZOP,0,1,38,254,-0.19795,-0.10825,0.0897,8.5734,-0.078153,-0.65554,291.195738
YIQPAS,1,1,117,518,-0.27642,-0.20211,0.07431,1.7076,-0.306284,0.31614,755.462654
YIVCAH,0,1,57,264,-0.1957,-0.14254,0.05316,0.4625,-0.103737,-0.11494,370.02175
YIVCEL,0,1,65,292,-0.19573,-0.14316,0.05257,0.0098,-0.124233,-0.11286,406.286375
YIVGES,0,1,103,436,-0.17986,-0.07504,0.10482,4.3852,-0.175943,1.17535,594.705457
YIVGOC,1,1,120,460,-0.25836,-0.1652,0.09316,2.1174,-0.223488,1.20297,641.149018
YIVWAC,0,1,36,212,-0.20599,-0.03813,0.16786,9.8711,-0.0603,0.14579,217.410731
YIVXUZ,1,1,119,540,-0.2592,-0.18543,0.07377,11.4806,-0.258346,0.38366,725.250965
YIVYAG,1,1,133,594,-0.25637,-0.17943,0.07694,10.8517,-0.294122,0.38617,806.235173
YIYBOA,0,1,78,426,-0.17092,-0.08567,0.08525,5.0395,-0.190975,0.43045,537.113639
YIZHUL,0,1,119,542,-0.16577,-0.0422,0.12357,2.1073,-0.346707,-1.41482,785.006128
YIZTIL,0,1,55,302,-0.18361,-0.07374,0.10987,2.9252,-0.100877,0.58842,353.511025
YOBRUD,0,1,112,518,-0.1644,-0.04733,0.11707,3.7498,-0.308495,-1.43804,757.115287
YOCDEA,0,1,50,300,-0.17216,-0.08782,0.08434,9.5335,-0.101802,-0.78622,359.472043
YOCYEV,0,1,44,264,-0.19045,-0.10139,0.08906,9.7992,-0.084892,0.39698,304.783041
YODVOD,0,1,95,460,-0.17272,-0.04722,0.1255,0.0107,-0.223265,-0.18338,638.392598
YOFZID,0,1,41,212,-0.17516,-0.08122,0.09394,0.0082,-0.074622,0.69509,267.12399
YOGBEC,0,1,35,226,-0.17613,-0.07569,0.10044,3.152,-0.065891,0.28819,232.053184
YOGDAC,1,1,101,452,-0.27522,-0.18278,0.09244,3.6723,-0.24942,0.27902,658.022175
YOGFAE,1,1,100,456,-0.27566,-0.18938,0.08628,2.1063,-0.248581,0.28551,668.198609
YOHZIF,0,1,104,390,-0.17474,-0.08644,0.0883,4.7671,-0.200587,1.18273,544.793601
YOHZOL,0,1,90,332,-0.18289,-0.08339,0.0995,2.6076,-0.157955,1.19631,451.307341
YOJVID,0,1,30,228,-0.19134,-0.11683,0.07451,8.8659,-0.062134,-0.78518,255.639581
YOKBUY,0,1,33,188,-0.21124,-0.09413,0.11711,8.8473,-0.058469,0.92088,228.345866
YOKCIN,0,1,30,180,-0.21244,-0.09627,0.11617,9.1282,-0.05452,0.91939,216.883093
YOLCAE,1,1,51,254,-0.29305,-0.22016,0.07289,3.8232,-0.105948,0.45644,339.519349
YOMQAS,0,1,63,338,-0.19104,-0.05495,0.13609,10.5935,-0.142404,-0.15626,441.48605
YOMQEW,0,1,66,346,-0.19179,-0.04977,0.14202,9.479,-0.151737,-0.16671,453.224422
YOQBUD,0,1,46,294,-0.19558,-0.12497,0.07061,7.1909,-0.10434,-1.00072,354.466994
YOQCAK,0,1,46,310,-0.19866,-0.1291,0.06956,7.9982,-0.106935,-0.99916,366.761749
YOQSED,0,1,115,564,-0.17199,-0.06868,0.10331,1.0692,-0.286687,0.46786,728.241461
YOVLOK,0,1,115,540,-0.17157,-0.08243,0.08914,7.1785,-0.313759,-1.40125,775.235658
YOVXOY,0,1,47,286,-0.20467,-0.12868,0.07599,13.9267,-0.077276,0.3705,290.983882
YOVXUE,0,1,57,308,-0.15996,-0.11909,0.04087,9.7321,-0.090205,0.76225,333.287839
YOVYAJ,0,1,81,328,-0.17593,-0.09936,0.07657,4.0846,-0.145785,0.75473,435.929298
YUCHAH,0,1,71,348,-0.19157,-0.08561,0.10596,3.8301,-0.13964,0.59563,425.858296
YUCHEL,0,1,75,396,-0.17697,-0.07528,0.10169,4.0309,-0.178886,0.28938,511.014637
YUGQAU,1,1,91,492,-0.30868,-0.2008,0.10788,16.3542,-0.189321,0.38137,531.705938
YUGQEY,1,1,91,492,-0.30902,-0.20155,0.10747,18.3644,-0.186119,0.38003,531.899679
YUHMUK,1,1,65,356,-0.32835,-0.18174,0.14661,7.7859,-0.151242,0.82496,387.466212
YUHNOF,1,1,64,288,-0.31129,-0.18768,0.12361,9.0812,-0.143177,1.1409,366.581111
YUJDOX,1,1,53,286,-0.28132,-0.22415,0.05717,3.4628,-0.092257,0.54318,314.751389
YUJDUD,1,1,51,286,-0.28808,-0.22384,0.06424,3.6174,-0.088666,0.54398,308.167867
YUKKOE,1,1,56,330,-0.29776,-0.22039,0.07737,8.2089,-0.118825,-0.63475,410.392154
YUKYUZ,0,1,91,418,-0.17266,-0.06474,0.10792,1.4441,-0.18433,0.47597,537.974732
YUMBEP,1,1,52,326,-0.33458,-0.19972,0.13486,7.9786,-0.11881,0.75682,347.49915
YUMPIH,0,1,73,354,-0.14881,-0.09012,0.05869,0.0146,-0.15789,0.66708,466.11766
YUMTEG,1,1,107,466,-0.28439,-0.13879,0.1456,0.4087,-0.22675,0.46472,664.486819
YUPGOH,0,1,64,360,-0.18485,-0.11017,0.07468,5.9784,-0.136104,1.15487,431.971189
YUPGUN,0,1,64,360,-0.17576,-0.10135,0.07441,4.3857,-0.135815,1.15478,432.02935
YURCEV,0,1,53,310,-0.15724,-0.10742,0.04982,19.4936,-0.121667,0.353,371.997078
YUWWOD,1,1,79,380,-0.27874,-0.18949,0.08925,5.9741,-0.191271,0.33663,480.314837
YUXJEI,1,1,89,386,-0.28426,-0.17791,0.10635,4.5806,-0.219324,0.25315,580.421123
YUYZUP,1,1,71,332,-0.28675,-0.19439,0.09236,5.0821,-0.144929,-0.08246,403.104373
YUZBEC,1,1,85,396,-0.28171,-0.1927,0.08901,6.4992,-0.183109,-0.0808,500.272703
ZACJIW,1,1,46,268,-0.32234,-0.21127,0.11107,11.1357,-0.092824,-0.63654,322.528185
ZAJLOO,0,1,85,386,-0.17164,-0.06544,0.1062,1.8063,-0.218292,0.25895,564.142346
ZAKFAV,0,1,71,316,-0.1955,-0.02782,0.16768,6.7918,-0.135436,0.12553,341.469841
ZALJIG,0,1,77,510,-0.21434,-0.121,0.09334,0.0003,-0.165211,1.27716,518.139861
ZALSAJ,0,1,97,416,-0.17338,-0.09217,0.08121,0.0592,-0.181212,0.80926,572.640114
ZANGAW,0,1,52,280,-0.18237,-0.10114,0.08123,10.8793,-0.095553,-0.78688,330.462405
ZANGEA,0,1,66,308,-0.17476,-0.09942,0.07534,10.9569,-0.119927,-0.81408,384.838575
ZASCUT,0,1,90,426,-0.15415,-0.04704,0.10711,6.4101,-0.187033,0.40845,537.374991
ZASYUQ,0,1,89,454,-0.15482,-0.06797,0.08685,14.7567,-0.214032,0.37694,577.03207
ZAVFIN,0,1,64,324,-0.15339,-0.10516,0.04823,19.2742,-0.1338,0.29016,418.100744
ZAVHOW,1,1,85,374,-0.33765,-0.18307,0.15458,8.7819,-0.155349,0.42548,477.955111
ZAVHUC,1,1,97,406,-0.33621,-0.18639,0.14982,0.0017,-0.175943,0.41988,524.561864
ZAVSIA,1,1,53,392,-0.32406,-0.22566,0.0984,10.5601,-0.13556,-0.01724,422.120085
ZAVTIC,0,1,71,528,-0.21182,-0.10427,0.10755,11.1671,-0.20417,0.26802,535.036933
ZAVTUO,0,1,53,370,-0.22558,-0.09123,0.13435,8.7441,-0.125319,0.53323,364.120429
ZAVVIE,0,1,65,390,-0.20933,-0.10056,0.10877,9.704,-0.164407,0.51324,441.927369
ZAVVOK,0,1,60,390,-0.22265,-0.09873,0.12392,9.2266,-0.150628,0.49304,437.63118
ZAVYAY,1,1,53,272,-0.28677,-0.17235,0.11442,7.4954,-0.109942,0.37388,323.62433
ZAVYUS,1,1,53,272,-0.28684,-0.17216,0.11468,7.4837,-0.109971,0.37302,323.625644
ZAYBIM,1,1,43,268,-0.29467,-0.23272,0.06195,8.9843,-0.084802,0.72352,307.349266
ZAYCAF,1,1,43,268,-0.29411,-0.23286,0.06125,9.0286,-0.084712,0.72488,307.349587
ZAYCEJ,1,1,43,268,-0.29456,-0.23274,0.06182,8.9929,-0.084785,0.72378,307.349336
ZAYCIN,1,1,43,268,-0.29407,-0.23286,0.06121,9.0346,-0.084707,0.72493,307.349616
ZAYDIO,0,1,49,240,-0.17559,-0.07232,0.10327,3.5129,-0.08747,0.57723,312.497589
ZAYNEU,0,1,105,518,-0.18418,-0.09918,0.085,0.0004,-0.272603,1.26699,743.615276
ZAZNOF,0,1,87,382,-0.17729,-0.09421,0.08308,2.0465,-0.182906,0.75118,542.455066
ZAZREZ,0,1,145,598,-0.16539,-0.10366,0.06173,0.3448,-0.234232,1.27663,844.310841
ZEGYEP,0,1,50,216,-0.15488,-0.00729,0.14759,5.0258,-0.094122,-0.97471,287.437103
ZEGYIT,0,1,94,430,-0.17446,-0.07885,0.09561,12.1996,-0.238289,-0.83587,607.532195
ZEGYOZ,0,1,52,238,-0.17283,-0.07718,0.09565,12.3298,-0.098048,-0.96562,301.042228
ZEHQEK,0,1,35,224,-0.2041,-0.02635,0.17775,8.3934,-0.047653,0.17296,202.944609
ZEHQIO,0,1,49,256,-0.20209,-0.0185,0.18359,5.7825,-0.074281,0.16089,258.245471
ZEHQOU,0,1,169,878,-0.19998,-0.17293,0.02705,2.2545,-0.42748,0.88372,1057.831311
ZEKTEO,1,1,31,216,-0.33576,-0.23697,0.09879,8.005,-0.061636,0.5556,223.943064
ZEPLAK,0,1,62,312,-0.19075,-0.08778,0.10297,5.3688,-0.105795,0.5328,362.6549
ZEPLEO,0,1,63,302,-0.18637,-0.07974,0.10663,2.519,-0.099003,0.56165,350.43682
ZETSIC,0,1,111,772,-0.21709,-0.08918,0.12791,5.8,-0.231694,-0.14288,653.80627
ZICMIK,0,1,112,636,-0.20935,-0.10954,0.09981,8.1714,-0.294279,0.42844,735.363115
ZIDSAG,1,1,31,220,-0.34298,-0.23927,0.10371,8.3048,-0.057178,-0.68454,240.219867
ZIDWOY,0,1,69,324,-0.18338,-0.1352,0.04818,0.0045,-0.147033,-0.02485,407.907003
ZIDXAL,1,1,29,212,-0.36511,-0.23843,0.12668,8.6498,-0.056843,-0.95715,234.307963
ZIHBID,0,1,93,376,-0.15633,-0.04377,0.11256,4.9597,-0.221621,-0.66039,553.977239
ZIHBOJ,0,1,93,376,-0.15529,-0.04235,0.11294,4.4512,-0.22201,-0.6712,554.08996
ZIHCAW,0,1,95,378,-0.15395,-0.04298,0.11097,4.1097,-0.223843,-0.66185,558.657807
ZIHCIE,0,1,105,416,-0.15535,-0.04272,0.11263,4.1125,-0.239132,-0.66259,615.807557
ZIHPAJ,0,1,69,342,-0.22868,-0.10086,0.12782,9.3762,-0.146934,0.43464,390.797392
ZIHYOG,0,1,78,410,-0.17496,-0.08456,0.0904,2.2205,-0.191355,0.4135,524.084778
ZIMNOB,0,1,68,354,-0.15023,-0.08748,0.06275,8.4509,-0.173142,0.29862,480.227197
ZIMPAP,0,1,70,362,-0.14878,-0.08804,0.06074,9.1499,-0.173621,0.28775,489.203012
ZIMPET,0,1,66,342,-0.15144,-0.08629,0.06515,9.0683,-0.164375,0.31669,462.832426
ZINGUB,0,1,71,356,-0.16335,-0.07466,0.08869,4.7042,-0.159853,0.15115,455.660527
ZINHEM,0,1,62,320,-0.16642,-0.07754,0.08888,2.3272,-0.125777,0.32381,386.594218
ZINHIQ,0,1,56,294,-0.16649,-0.05834,0.10815,3.0619,-0.111183,0.3202,346.648088
ZINHOW,0,1,56,294,-0.16793,-0.05916,0.10877,5.2959,-0.111577,0.31879,346.621931
ZINJIS,1,1,67,306,-0.28014,-0.16833,0.11181,3.0014,-0.146977,0.40965,399.478614
ZIPJUG,0,1,64,334,-0.14486,-0.07898,0.06588,11.6154,-0.144728,0.28024,433.109132
ZIPKAN,0,1,64,334,-0.14458,-0.07918,0.0654,10.768,-0.137623,0.28073,433.162766
ZIRPOF,1,1,76,384,-0.30214,-0.21463,0.08751,11.2105,-0.147552,-0.62659,453.720123
ZIRVED,1,1,40,264,-0.2859,-0.21488,0.07102,23.7547,-0.082972,-0.76585,298.501472
ZISBUB,0,1,109,510,-0.17698,-0.10867,0.06831,0.0108,-0.197151,1.24756,620.441818
ZISLEU,0,1,61,318,-0.17635,-0.11637,0.05998,11.6454,-0.101584,0.42726,402.481746
ZITLUJ,0,1,77,414,-0.19056,-0.10282,0.08774,0.0524,-0.169546,1.2665,552.93609
ZITNOF,0,1,77,382,-0.18753,-0.09982,0.08771,0.0036,-0.159826,1.26552,505.675734
ZIWCIU,1,1,55,294,-0.31303,-0.2057,0.10733,1.4254,-0.105101,0.46643,362.018767
ZOBHOP,1,1,45,194,-0.32983,-0.14478,0.18505,0.9903,-0.070616,0.44705,243.280978
ZOBMIP,0,1,96,536,-0.18568,-0.08233,0.10335,1.7906,-0.264482,0.0966,663.930479
ZODZAV,0,1,63,302,-0.18993,-0.05638,0.13355,4.7005,-0.111286,0.58519,356.835007
ZOFREU,0,1,92,426,-0.18157,-0.10923,0.07234,5.7835,-0.20818,0.27378,569.448512
ZOFROE,0,1,75,342,-0.19294,-0.09872,0.09422,5.199,-0.147734,0.26858,419.11055
ZOFYEA,1,1,37,240,-0.33789,-0.23738,0.10051,8.8289,-0.068409,-0.67727,273.48315
ZOGKAK,0,1,86,478,-0.19629,-0.11352,0.08277,3.8139,-0.185571,0.45221,557.293792
ZOGXIF,-1,1,73,358,-0.06155,0.04144,0.10299,9.9625,-0.144991,0.15468,408.15642
ZOGYIG,0,1,75,438,-0.18637,-0.12647,0.0599,11.7658,-0.134815,0.42772,519.31577
ZOGYOM,0,1,75,438,-0.18554,-0.12768,0.05786,14.4198,-0.133282,0.42689,519.389055
ZOGYUS,0,1,75,438,-0.18709,-0.12659,0.0605,11.4689,-0.136433,0.42772,519.322012
ZOGZAZ,0,1,75,438,-0.18555,-0.12766,0.05789,14.3561,-0.133343,0.42745,519.385259
ZOGZUT,0,1,75,438,-0.18643,-0.12653,0.0599,12.0709,-0.133474,0.42733,519.325348
ZOHGOV,0,1,58,266,-0.17849,-0.0583,0.12019,1.6797,-0.097442,0.36707,336.659511
ZOHQOE,0,1,73,324,-0.18254,-0.08818,0.09436,0.4363,-0.145661,0.78163,469.698532
ZOHQUK,0,1,73,340,-0.18292,-0.09312,0.0898,2.1889,-0.14968,0.78794,481.765717
ZOHRAR,1,1,106,460,-0.2698,-0.18673,0.08307,9.5943,-0.230201,0.76818,679.734145
ZOJBUY,-1,1,14,178,-0.08578,0.1319,0.21768,6.7687,-0.025631,0.93184,142.478509
ZONJIX,1,1,49,280,-0.28042,-0.2145,0.06592,9.5752,-0.091815,0.54269,319.002015
ZONJOD,1,1,41,272,-0.32631,-0.23118,0.09513,3.6666,-0.081268,0.55211,287.540379
ZONJUJ,1,1,41,272,-0.32357,-0.23075,0.09282,2.5209,-0.083292,0.55232,298.81133
ZONKAQ,1,1,41,290,-0.32267,-0.23104,0.09163,0.1198,-0.083901,0.55243,305.444515
ZONTIH,0,1,81,346,-0.16051,-0.0474,0.11311,1.3051,-0.139325,0.60875,410.15769
ZONTON,0,1,84,354,-0.16076,-0.04934,0.11142,0.8189,-0.145388,0.61824,421.809875
ZONVAB,0,1,90,370,-0.16051,-0.049,0.11151,1.2156,-0.152484,0.63064,445.233104
ZONVEF,0,1,93,378,-0.16099,-0.04874,0.11225,0.7126,-0.157715,0.63525,456.899012
ZONVIJ,0,1,96,386,-0.16166,-0.0499,0.11176,0.4469,-0.165776,0.63766,468.594933
ZORKAU,0,1,147,650,-0.16782,-0.06123,0.10659,0.0072,-0.403828,-1.65036,960.295542
ZORWAG,0,1,46,284,-0.19081,-0.11788,0.07293,7.0987,-0.089814,-0.7956,324.983899
ZORWEK,0,1,46,352,-0.19602,-0.12972,0.0663,6.0368,-0.100757,-0.79197,363.208436
ZORWOU,0,1,60,368,-0.18727,-0.12434,0.06293,8.6513,-0.130066,-0.79249,444.578581
ZORWUA,0,1,110,540,-0.17966,-0.11107,0.06859,10.0321,-0.224568,-0.78741,719.084767
ZORXAH,0,1,106,536,-0.17892,-0.10832,0.0706,10.3601,-0.219099,-0.79167,708.474464
ZOSDIW,0,1,135,594,-0.16665,-0.05079,0.11586,0.0067,-0.385891,-1.6209,889.474501
ZOSDOC,0,1,135,586,-0.14251,-0.03456,0.10795,0.0011,-0.379508,-1.66515,871.621813
ZOSMIF,0,1,44,230,-0.15582,-0.09091,0.06491,4.7759,-0.08108,-0.04946,290.544125
ZOSMOL,0,1,40,268,-0.18805,-0.1148,0.07325,9.0026,-0.07798,-0.78506,318.303247
ZOSMUR,0,1,30,228,-0.19144,-0.11677,0.07467,8.8512,-0.062146,-0.78486,255.641908
ZOSNEC,0,1,32,178,-0.15395,-0.08041,0.07354,4.9959,-0.060965,-0.05179,209.898419
ZOSNUS,0,1,121,546,-0.16592,-0.04351,0.12241,2.4574,-0.345899,-1.43243,802.678949
ZOSPEE,0,1,137,586,-0.1574,-0.03845,0.11895,0.0083,-0.381574,-1.66294,876.871515
ZOSPII,0,1,161,650,-0.15707,-0.03848,0.11859,0.0115,-0.411648,-1.66077,970.287998
ZOSSOS,0,1,38,228,-0.19319,-0.07202,0.12117,6.1142,-0.070664,0.2971,244.098888
ZOSWIP,0,1,68,338,-0.16679,-0.05645,0.11034,5.2843,-0.150632,0.18196,427.309578
ZOSWOV,0,1,62,338,-0.17464,-0.0616,0.11304,5.5204,-0.140893,0.18141,404.677277
ZOSYEN,0,1,99,422,-0.16095,-0.05227,0.10868,5.8109,-0.229986,-0.85691,597.925021
ZOSYIR,0,1,100,448,-0.16849,-0.05366,0.11483,5.8822,-0.248952,-0.84535,647.190593
ZOWVAK,1,1,47,270,-0.3201,-0.22283,0.09727,8.5138,-0.085543,0.66973,306.488797
ZOXJIH,1,1,40,238,-0.32299,-0.22505,0.09794,7.3567,-0.06999,0.66618,255.392734
ZOXJON,1,1,43,246,-0.32218,-0.22439,0.09779,7.5828,-0.074356,0.66672,267.042644
ZOXJUT,1,1,47,270,-0.32007,-0.22288,0.09719,8.5397,-0.085464,0.66993,306.480858
ZOXQUA,0,1,63,370,-0.19109,-0.10088,0.09021,4.4131,-0.135421,0.63747,450.828632
ZOYGUR,0,1,131,498,-0.15751,-0.06533,0.09218,5.6015,-0.295977,-0.66541,741.362822
ZUCKOZ,0,1,106,448,-0.15997,-0.0693,0.09067,9.365,-0.242094,-0.66431,631.681153
ZUCKUF,0,1,93,378,-0.16161,-0.06362,0.09799,8.6101,-0.221326,-0.66323,549.436494
ZUFBOT,0,1,50,264,-0.2005,-0.04706,0.15344,9.6364,-0.077091,0.17836,278.852606
ZUFBUZ,0,1,48,264,-0.18945,-0.07572,0.11373,8.8353,-0.07375,0.19872,269.883926
ZUFZUX,0,1,91,416,-0.15737,-0.04448,0.11289,6.0205,-0.221616,-0.6655,566.438629
ZUGBEK,0,1,99,388,-0.14321,-0.03704,0.10617,0.8012,-0.229088,-0.66123,568.866511
ZUGBUA,0,1,103,396,-0.15155,-0.0402,0.11135,2.9187,-0.236111,-0.66489,582.631771
ZUGCAH,0,1,126,474,-0.154,-0.04301,0.11099,4.0023,-0.291635,-0.66721,698.407729
ZUGCUB,0,1,168,702,-0.17045,-0.08314,0.08731,7.4357,-0.447132,-1.64382,1029.596368
ZUKHEU,0,1,91,398,-0.15672,-0.04671,0.11001,5.6678,-0.222809,-0.65834,554.836184
ZUKHIY,0,1,91,372,-0.15494,-0.04592,0.10902,5.2558,-0.219145,-0.65724,536.467734
ZULMIC,0,1,101,374,-0.17127,-0.08673,0.08454,0.0057,-0.185327,1.26373,512.972531
ZULMOI,0,1,101,372,-0.17087,-0.08407,0.0868,0.0691,-0.185424,0.71295,518.00263
ZUPDUL,0,1,41,292,-0.21516,-0.09864,0.11652,0.0006,-0.075129,0.64825,275.747754
ZUSWEP,1,1,109,470,-0.27888,-0.17762,0.10126,3.579,-0.27494,-0.78584,683.343821
ZUWCEB,0,1,75,466,-0.21507,-0.0898,0.12527,9.525,-0.155933,0.40452,463.96767
ZUYVEU,0,1,108,484,-0.17219,-0.09644,0.07575,14.1745,-0.260926,-0.84101,692.796817
ZUZNAL,0,1,101,460,-0.1925,-0.11545,0.07705,8.2357,-0.231189,-0.76144,605.656512
ZUZPIV,0,1,140,508,-0.17156,-0.08658,0.08498,1.1421,-0.25811,0.78984,730.036784
